100000

996
2634
20970
1601
13450
16632
10813
1388
9944
476
27241
23969
28746
23184
16237
18037
28274
25968
262
1086
12698
6572
4469
22730
31403
24988
27266
27729
20557
27475
31681
17063
28496
26486
15892
4278
6731
10831
8305
1580
3202
25373
12774
24433
5133
23982
11482
21468
5943
560
18325
13350
2341
1861
28163
19743
4536
2645
18612
25247
27827
552
13608
22208
17441
16308
4938
20810
2545
28979
3130
31599
5348
23417
13903
9145
1193
15749
14941
24128
12614
4694
24115
29984
10681
9472
6248
15658
1503
11006
4440
8922
3990
22730
13673
905
1822
9387
15507
9956
1734
11214
19231
27805
18884
28057
4014
609
23140
20796
638
13833
27493
10633
10729
14356
24735
11013
2094
25173
19178
2111
5748
22249
23356
10336
28940
2924
4369
11268
6391
5228
10256
13384
28328
17694
2283
8228
18954
30544
16775
13308
21445
3999
18525
24433
958
4586
3872
5501
26844
23047
10399
27327
7698
19636
1518
28179
4250
5328
3776
28518
31614
16587
6424
10441
15453
21595
1057
32195
25964
8816
31321
17644
12475
875
7925
20407
14522
15242
10882
9360
6651
9639
15048
7975
25145
30243
23027
27403
28826
10781
245
3194
11057
30439
6438
27512
11719
19898
16685
5406
21979
18344
22820
10037
20455
3539
6647
6659
2533
4573
15373
23653
12050
10911
28971
30238
4338
26910
13717
9327
8596
14778
15478
9448
25367
9641
31617
8829
28781
18596
6617
30940
863
20192
17966
16894
7121
3904
14377
25084
11336
5577
24843
1317
28585
12886
3985
17485
19524
24461
2842
25447
26640
5649
27147
24151
21048
24569
10099
14337
26071
16514
15339
16294
18944
17408
15809
16496
13058
19483
19541
20299
18666
27703
19138
10999
22345
27188
11713
25179
10807
14168
24779
13597
15511
30089
1662
25199
7069
23744
6210
23084
9102
5306
10540
1059
31175
22257
20515
4531
26625
27850
32065
3480
31955
24080
15995
7684
5496
25505
14213
11505
13523
29287
20720
27318
19376
29322
25238
24281
22093
30436
23863
31525
29465
2230
14180
25852
22203
23449
8604
26862
16726
32183
17846
19594
22796
22586
5502
29299
3521
5125
27811
1207
27169
13986
2513
6493
30180
2940
8986
1341
3408
11599
6554
20757
20992
17372
4187
1240
6373
18913
27254
15689
31114
28488
29819
16329
25244
27551
15635
109
22441
21704
24804
20052
15400
19954
19893
6712
20410
8904
16595
2882
16303
8935
1203
22051
29132
20886
12760
2656
27723
15793
30455
18925
32548
5607
11354
7934
4747
19750
13954
25626
16058
25426
31760
29297
4336
9789
29414
2671
8634
32468
2185
10897
24689
7830
27081
18552
14340
8523
28069
8252
28919
30450
10089
3586
29868
10747
25625
9681
21986
21942
5906
32161
17019
24844
31215
23989
17026
20845
25514
19243
26732
18953
6915
8402
22174
2883
10278
10811
15920
1634
27016
29971
15089
22922
28690
19631
12459
18412
26241
5097
3496
569
2061
28971
5748
21340
27208
201
7909
1384
7754
404
21593
4815
27915
12204
32063
30678
13072
16789
20953
14405
8010
15245
21055
28003
22843
3357
15784
28705
21082
11503
3813
29590
18105
9951
8750
9131
12517
20564
26657
7192
13581
5841
18952
19343
18279
7367
9051
5942
4560
6318
29830
21083
23731
10835
13035
24164
32555
6772
23083
1796
6764
14474
8865
28341
9311
19174
304
8034
1420
17663
21567
4963
20029
14347
25089
19119
18144
12748
3066
16461
24494
32173
23487
21516
17290
31757
19709
31860
4652
987
30908
21756
1406
611
1509
23678
1606
19815
770
30695
29702
23410
3398
3379
9248
22121
26829
19097
23614
15459
28196
28162
19441
698
28940
8384
18841
28515
1147
15229
22148
7290
16356
1649
11866
23073
27064
18905
26040
25227
11053
17060
23579
5204
12606
20335
1280
10004
24307
27059
19529
3635
29922
16189
6627
32255
20982
32735
14502
18171
12655
13158
9340
31610
2602
11211
966
4973
29475
26542
20475
634
12600
30975
29074
29774
21040
17407
21283
9011
30971
10855
12233
31973
16187
30438
8394
2465
20484
7377
11898
18816
8160
8215
26716
31747
26135
14707
18571
1519
15149
2789
26200
26971
171
30818
15413
1031
30243
30923
1234
2031
8046
29468
29573
25120
24632
31718
19439
971
28863
1791
7389
16792
4055
24951
8812
15676
5682
1999
4977
3406
20190
11366
24087
5974
14607
564
6090
20520
5919
8122
9300
22128
28371
3641
22598
7053
24288
22819
6810
3747
28077
12751
18838
32235
13659
31600
26356
8782
4355
21320
20287
2355
12094
26905
128
20629
11755
15325
13338
26968
9004
3766
20467
21469
14258
10792
29396
2772
13883
15750
8211
4177
13400
29866
20079
20770
14452
5609
24123
21089
274
15431
15039
23877
20822
486
10971
7485
26311
11973
5357
25664
31827
16295
14837
2398
32404
22864
11255
5532
21841
31735
929
13054
26184
2809
6446
4581
13610
31947
17546
14491
17640
18226
26807
28973
7725
23478
20079
18809
7979
18516
4619
22919
30875
20595
10403
17437
31743
4633
16503
9613
7979
2911
141
25810
22787
5154
27548
6875
15238
8188
27177
1063
28428
23666
16368
12434
29387
32623
28805
25967
18080
23026
22331
26070
25101
771
30277
5439
7294
12011
16667
10320
27344
1700
26144
22516
5651
5007
23425
19117
20367
4965
13152
10283
17926
18544
31538
2845
8249
6651
10853
17735
173
6407
25670
10709
30383
15679
4387
20975
150
28206
4780
3981
840
11440
6047
653
23296
28838
21157
1027
26958
3822
6263
23504
17503
15251
10564
29814
27518
31808
10583
298
9435
7931
3317
18987
26763
2319
31620
4947
31953
29258
28147
20715
10140
24681
3157
7876
6480
30417
3791
11651
29897
28288
9653
6717
6302
19010
11504
25668
3490
6952
11939
30016
16049
26934
30990
28545
23977
5212
19378
13971
6582
16808
24501
26131
2771
10425
20361
10946
30349
21879
8649
12760
21002
12801
31587
8859
9547
27879
15612
22063
13230
3994
3984
16816
3511
22816
9305
18046
28687
12556
11251
23768
5069
18094
18621
19629
21493
12423
130
26798
19518
8191
29017
32680
21785
32091
19913
30737
238
32745
25649
18913
32425
5757
13671
19107
1397
13345
24224
32715
11719
21769
23184
27466
23455
20421
24018
1632
7691
18106
21129
24241
10220
19923
14152
2460
17916
6260
25903
25032
30224
17328
343
17151
923
4283
7537
14400
19828
9122
19369
20495
6361
6713
10705
2832
5555
3925
10171
6356
30747
24124
3302
22259
19230
14938
349
18011
24765
28470
7645
27367
824
23716
18230
18740
19341
827
22771
30384
16699
13577
25405
28659
10059
16006
32765
10579
6801
7111
833
3506
25904
3572
2785
24475
11100
9468
12642
12430
21860
4487
26650
25239
23279
21293
15509
26661
21381
5861
3384
13850
28754
22976
28964
7199
17191
9175
22366
30522
30402
28545
8492
29346
23631
4298
15298
19154
29231
12577
32029
18140
18423
13137
18480
23552
25532
5043
15422
12157
3214
6305
29575
27303
7746
26413
5414
5434
19061
20499
15930
27118
27341
26861
1604
22859
18562
17830
8912
11967
32029
26161
28248
3054
20608
11387
22117
11849
14375
28318
29943
13026
23469
31063
22823
19582
17042
5818
17163
8172
3899
27940
22234
14998
27450
19058
2896
22358
2256
12144
22356
25995
23984
12180
25305
1643
31494
30957
16130
29851
9912
6230
27017
2557
6636
19951
8033
22473
2250
1486
17050
1247
22403
18673
22406
26203
8338
14967
23834
1642
28738
29968
1174
3421
22896
23731
3177
16636
18322
14479
16974
3613
12792
10563
28860
20597
5202
20305
15229
19629
20595
13776
12188
4280
23892
21858
2693
11877
26460
17254
31848
1072
17886
24943
27102
2142
27108
8436
28879
19017
10795
12105
13459
7672
4206
7629
13655
9714
3047
23142
14019
12116
11540
3114
31194
5154
20151
10335
20001
6107
20512
21414
15875
29264
17582
25459
23156
31925
15508
5056
27093
13561
2777
17667
32279
2899
11427
22109
13860
11806
13748
28692
11898
18406
26165
21059
25881
25539
19890
31696
5280
27621
8039
15775
19123
30321
7098
3589
15775
21644
13064
12416
9537
6068
17828
1445
6948
343
9501
5977
17897
4254
15040
13636
21484
8842
30558
13699
2340
22595
28752
11677
25675
14253
19895
14265
7999
14907
28168
6158
3753
15880
25289
22170
9436
3364
10901
8471
7168
28459
19558
2347
2927
31005
14356
29407
27743
3945
4120
18258
20930
20043
16534
16303
22378
19544
1947
23644
3185
27480
21155
23668
23768
11091
5470
18808
15982
13295
32179
27457
9459
2041
10502
14393
382
5953
16054
5579
20764
8875
5098
32024
32442
9859
15502
22508
7237
16145
11672
10736
14095
15213
21648
23073
19317
21141
18511
12416
7103
11965
30471
23563
28231
17126
30083
5357
30430
7858
21424
12018
28523
13431
6749
12349
9173
17810
22079
16445
29987
26878
21560
733
6114
24613
29400
13307
4551
11765
11557
5916
14998
9271
17047
3934
17474
23324
8295
29614
3670
18201
28682
29498
18579
24821
28408
7721
10459
5153
29617
26250
14414
26439
17410
11659
31666
4901
8324
12524
31512
31644
10599
27827
27836
16132
109
17696
1838
20419
19513
3299
16047
19486
202
15245
29150
2127
4419
26693
18836
32471
28397
23740
20492
6933
31102
21603
839
4632
17564
15323
26286
15794
22173
1196
22522
11725
17553
24891
11089
25602
20354
31990
21169
28008
26362
1234
5266
20138
13510
5111
5575
30301
5626
22713
15014
10640
9525
1483
9064
7844
14886
25519
18387
14942
591
5745
30230
9018
5897
27541
14580
7938
13513
17486
26916
28320
30625
28657
28152
7217
16650
2728
28990
28506
10976
13419
2660
31711
11182
13356
9439
32369
20524
23378
9676
31688
11782
15721
5336
22002
29663
4120
19550
19435
14998
18259
29904
5997
31688
16849
20312
7433
20886
6593
5055
25207
25512
28089
25997
16171
9585
13807
9330
31528
18869
31147
7140
20505
3913
30972
22026
158
19227
7851
5593
31204
21362
20077
15485
13176
12406
25436
7674
16733
13810
29352
2323
19548
27225
9866
1643
25755
24327
17786
4842
25201
24010
14754
22882
18809
4001
11410
12146
25061
195
2869
22955
31765
9699
1540
23282
4713
18099
24953
21285
15699
29095
10951
12546
11696
23803
9416
15172
8536
22775
311
13582
1523
14194
14879
8589
15887
19605
8083
27354
15472
27873
28064
28701
27047
3187
32384
16120
2023
25479
27920
31779
2323
15420
15237
16211
2843
19863
21082
26209
28297
18377
27532
9128
15191
30133
15882
19375
18436
6061
32103
9736
22247
23420
467
17783
7618
5546
11337
11095
27546
8187
23306
14906
24774
313
585
15312
27975
16947
15656
32266
2391
5126
27363
19326
23620
11163
11339
17166
17791
30321
21879
21188
31728
3229
10166
23041
14221
1039
26567
14039
6443
2326
9293
17075
17556
24615
16509
575
24793
13530
5914
3206
29418
23093
18851
27994
18019
24621
4043
1778
22697
8810
6953
14040
31286
13387
25393
16899
6705
20010
28003
19519
28738
8161
26050
24278
30884
11404
7048
17001
30332
5009
13848
12319
28777
27358
13876
7682
23388
3698
6000
10917
26538
2335
9702
27658
9311
31374
23596
9668
27862
7811
23939
10841
21638
22882
24657
27626
1311
28147
7378
22
17110
16482
5130
6939
2812
19082
17150
17982
214
9586
5667
21870
7337
19480
12567
24612
20756
31598
24207
16781
6818
21411
15505
25579
11680
7843
30947
23353
13868
24545
12739
4877
24207
4436
20184
5059
4045
12735
26217
8920
8314
2102
717
17044
26062
16606
23586
21740
23292
18164
23106
26022
21184
17
29427
24510
26423
19628
14430
12809
7156
29152
11203
10008
26192
20591
10346
29791
4097
3336
31453
17558
10223
3525
30804
16736
30019
28920
10865
24619
8384
24871
25389
30295
2134
27221
19731
22682
28916
13443
19372
2467
2719
18295
16442
15357
31425
15292
1704
11063
24771
31978
16066
4162
2269
296
13730
13594
16685
6638
874
27560
1287
16912
12601
27624
29325
3320
31575
23879
15999
6962
947
3919
6740
14383
2192
9605
16521
1346
29563
14994
6969
21999
21632
16034
14574
8549
7581
5386
951
11593
12919
13613
28282
21941
8268
21152
3212
5761
4649
20620
18303
14785
21853
1108
10043
20366
557
2936
24656
21258
7369
14522
7307
8350
17023
23679
12744
8582
14127
27767
15110
20624
26367
20096
18369
31776
12367
19144
5500
27000
2544
26930
1949
15670
22928
15868
20861
19742
3705
27038
1728
16154
21628
20469
1506
6527
29479
19104
28947
10386
11583
23211
10565
23883
13418
7530
32643
2393
1323
2216
4228
7269
16147
12802
32384
18075
19766
9613
32066
9319
29405
4031
25727
22396
4218
16012
15462
12571
13537
15823
30840
20882
20148
4844
21658
24835
4639
23475
2152
17766
26310
21640
17613
31185
29180
2497
12240
27383
4406
14416
21169
31984
22719
8610
11829
7736
27309
22215
26942
3065
14867
16082
19870
11149
3704
23683
1837
7486
23432
5923
22810
27729
16650
2736
15742
68
18194
9018
9015
13139
10872
1933
15859
12865
19848
5904
7307
2388
8443
32493
31123
674
6439
10866
31279
14731
882
4792
20263
1927
20492
12674
27710
11810
9182
7015
18880
25156
18109
1332
25691
7350
16868
14476
28463
21474
17057
15313
27688
730
5454
12616
7820
8604
19587
12663
3024
29333
26762
9426
32432
18787
4883
24727
16511
11999
17193
2807
31931
1627
23909
2678
740
6184
9314
1172
23182
9564
3440
12205
23990
26833
19853
31774
19794
10609
12945
22697
5163
16817
7336
5659
11247
16476
11269
11819
22658
1682
30421
29094
11670
1808
23410
25033
4731
2738
17114
14574
14392
7733
26463
26220
13786
3394
29600
440
16140
3752
3511
30928
10472
1514
8884
32217
12557
32249
1611
30726
15090
16706
15049
31677
30586
13035
30028
3573
10952
19802
12852
14051
1108
27128
28117
10197
15678
13876
21870
30814
28899
31178
1119
16051
25519
4677
8598
1877
11314
18370
29003
28656
29301
24312
12013
27011
14734
3189
17244
26050
26482
11562
11096
29625
32523
26666
8762
4017
16522
7599
25825
10839
9215
18270
8432
11035
25126
11724
25655
29143
32644
5952
8302
7089
3507
21435
5929
3906
5883
18997
16904
5112
26658
27434
2862
30904
11396
11349
27125
3528
4198
29116
14304
30189
23943
2028
20946
4816
17912
4998
22909
4262
20782
6650
11036
21776
8022
1939
23397
21824
30440
22196
20921
5982
20607
15457
21151
25386
21736
32256
3696
26082
376
21601
2132
19814
26275
32765
26988
7834
13515
29307
5201
19212
2902
12665
3262
18903
15875
22152
1929
14279
1150
20600
14040
17085
18482
18903
9873
25685
1118
22708
15634
12231
27755
23464
13347
14091
19581
10264
7720
19265
22600
28084
19356
7247
23589
29507
9402
31692
1124
4259
19325
18205
12004
2571
6603
15581
31458
12436
20461
16771
2831
27640
1859
22334
11749
4505
15670
19748
24634
11461
2669
27020
24086
7224
23108
5048
13762
10466
13946
16568
4385
31211
31529
10122
10563
2549
1788
134
6200
417
15260
21498
32034
6996
25195
7185
9870
29755
18805
15865
14085
28300
11428
7748
30685
2319
16179
21647
20053
20446
26980
16994
1762
19049
3702
4440
27331
2748
28369
23680
21467
16901
31365
2306
12992
32336
10226
4614
15120
30102
8904
19409
10756
502
26419
25137
23367
13122
7503
5660
8200
6589
18658
32404
3150
11811
8522
20685
11915
31466
9652
29586
25973
27336
16783
25061
18449
24693
5441
8422
21520
31666
14104
19702
22111
12170
131
539
16890
3544
15234
9126
26881
27657
17499
18196
19469
17699
29583
17971
29636
32006
25612
15494
2219
26867
27044
29673
7484
16714
19390
1144
24121
24728
6219
11182
7487
29648
8956
7882
27038
32729
1202
23671
11112
24649
12087
16811
29896
9073
26923
26064
32149
26521
17985
546
32039
7564
28587
26712
22122
21592
20690
19590
18992
29263
31819
26178
9164
32593
23814
11526
5084
25678
1993
13269
11622
17414
16605
26657
14631
20755
2568
14317
21287
17706
19643
25391
1681
23966
29835
31864
23490
293
3557
23766
3232
29407
15614
3834
21293
13972
8458
30102
1628
2622
30638
12553
31011
6343
5303
2110
20433
18963
524
22737
16290
21569
23521
21108
27792
29230
15662
402
22893
25403
20576
27954
7727
6225
22606
19485
22667
12834
17774
5443
2757
13489
11081
28507
23750
5140
10796
17354
29551
32376
8481
30918
21037
1895
15389
5819
31437
6214
12923
23789
16274
18978
18857
2400
31621
3244
28706
22517
9485
16001
1180
31957
28351
6831
7554
7698
27255
8053
25764
4236
25256
21067
23342
23570
24048
1314
6614
19146
240
237
24922
2003
16986
14688
3882
4392
9547
28152
19041
200
28124
23611
31994
28948
1012
26433
27969
120
30816
22643
2951
14413
24613
7571
18458
23294
31252
10237
1397
23914
21152
20780
31411
3978
23021
26751
6730
14420
8233
20029
20725
10463
11295
16344
12530
2759
8201
14702
23918
28115
8358
4245
19006
22741
12941
11352
9167
25042
449
32381
29536
4451
18309
8714
21358
5467
17010
17159
18544
1706
29894
13188
4549
18050
7423
20958
1771
14008
7337
9279
21745
20844
16756
19812
12335
25580
9353
16035
20020
28886
5150
19244
15360
32125
15176
143
25716
20110
31761
26750
23302
22516
12235
6100
16057
25592
16804
11991
18765
13741
22394
11962
24242
10891
31984
18535
12483
8026
1217
2171
19249
7250
5204
1169
7101
3200
3473
28099
19115
1131
19188
11374
30579
23544
25055
26934
11705
8075
24373
10058
9855
7279
12836
21481
10650
3192
14658
28454
9058
9446
9692
12776
17070
3213
10634
21812
13056
32051
8711
24239
18172
5178
14144
5726
10015
5759
8107
2481
22701
11137
32474
16320
12523
21446
4688
724
2191
7802
8339
25385
17269
25178
24195
22258
147
32208
16105
7070
1583
25183
24659
15450
15951
28482
3360
25047
22386
24400
471
20301
23933
20003
28093
12480
24312
6265
24998
7810
29306
7130
8459
31225
12386
6524
2397
1954
29896
16483
921
27222
32180
8908
13341
25548
14733
6860
23738
32352
22996
25141
9482
1042
32274
25017
15619
26322
2830
31570
3533
32251
580
21473
27857
15645
28051
24597
1299
18431
13110
14478
27329
2020
26101
31042
3340
9742
26012
12320
31286
3969
25517
7924
10732
26121
8274
21643
16855
638
29589
24855
2158
27719
30419
10708
31246
27165
25198
8172
13388
4113
29635
24217
11146
28369
28508
29833
24264
18471
4966
23686
32189
27842
3685
26966
13606
10041
20006
10464
5471
22605
15093
657
18224
10351
13073
5374
745
29314
23133
5835
32177
19425
4696
16075
16667
19876
11855
30568
8442
799
14290
24902
17271
8620
22372
26915
28512
28075
13686
29954
5315
28870
26519
27784
17340
25978
15845
8358
1419
31698
1223
22136
19433
23414
3806
31085
27293
1765
6968
14505
20298
1023
27591
5031
27531
28102
8210
6691
1345
21349
10283
25399
24876
2162
25569
32708
31673
19056
16950
27667
17435
24472
29972
17596
3485
4825
3387
17095
11063
12573
4734
17170
26975
27598
27695
23794
23073
17560
11736
19485
10098
26225
7211
12744
24514
4055
32316
28940
28880
29273
3822
10894
17602
11097
8875
7007
13685
14864
21849
25377
18962
5843
21641
30060
29410
20372
6641
14960
14179
19883
10780
8923
2715
10455
11104
13053
14764
11135
26897
18729
10409
27710
5876
9055
20904
8351
26870
26665
14872
3365
21278
14019
21077
13967
1473
638
29562
14425
31221
15718
28535
25734
8775
5667
26467
4253
5041
19741
23571
13298
15046
25828
11499
15142
28976
12750
30964
13553
1884
3298
5679
15391
5748
11764
4905
17113
11918
28946
30416
8998
13603
2847
12933
6322
1986
29118
31346
1997
14085
31346
30750
13750
28101
29955
2878
22042
22666
17699
3279
4568
8517
16209
18529
27399
21314
19710
8118
8762
15192
7150
3211
258
6243
23778
29878
11701
12276
21876
1137
27758
6982
18754
758
29013
24692
32334
21836
10273
11242
24741
9056
5339
15897
2367
21335
12772
24944
11303
20259
28473
31879
12763
18516
14070
5277
32758
28209
6937
21572
13580
18952
4233
27227
23510
13762
23383
21821
22927
8378
4163
28216
7069
5840
20354
18753
18548
15801
7358
15589
30648
15513
30815
9859
13729
16851
7689
16057
21924
6943
3173
4636
22608
5086
14885
29228
26742
3499
7234
29319
13196
1843
24968
18012
8531
1350
1877
4643
11960
4654
11166
1419
28664
18239
16434
20916
32264
5295
835
20383
21300
15272
24866
27363
23302
11932
9034
9377
14697
19417
4256
17081
3342
9821
25337
32574
12559
20715
13789
19496
16851
24414
21131
32585
26929
4670
32060
31363
13784
24721
10156
9271
494
21491
11479
17408
11511
27369
31232
6050
11513
30067
18680
13373
15069
8160
20381
1991
7705
8166
2209
3768
23436
14322
31117
4615
19369
1213
6661
342
23512
18720
16461
15722
32537
11305
14092
26333
4587
7534
24656
1303
13676
21409
2515
6522
26049
6501
22141
29405
20408
23648
24873
21820
10668
12946
31916
18861
5034
18917
13587
10902
17105
30213
30253
16414
31743
20593
31562
225
8618
7891
27713
19176
22795
29581
19384
10456
2690
15508
6815
30569
16694
13441
21758
32538
11772
27109
11249
22052
20858
20701
8432
7852
4492
4839
26196
30012
15846
4340
10519
9076
18427
19391
10204
27389
12830
9820
15151
31935
31207
14100
13069
28756
473
6768
11687
20412
15937
31892
19299
2898
10593
19662
25636
27134
17102
20335
8651
18861
7703
474
9214
17406
17575
1242
4392
2878
28397
313
14528
5015
22714
14990
10959
23684
13546
17494
26796
28296
1094
3398
4874
24864
21417
13536
14645
31990
9570
24389
11673
20055
2522
31562
900
15335
11127
11981
6701
30100
20927
23882
22772
20424
8129
31913
235
24291
4528
11354
14230
26344
32210
17060
12015
29558
7320
17466
3757
11259
23567
31248
710
14372
631
6508
4915
18584
25648
12864
10483
6117
12510
22455
25682
30650
7109
14094
10347
15960
25461
4261
32748
10307
31916
18262
16153
573
25720
31237
1812
12148
23964
23416
3675
24571
7477
15465
21138
2935
10909
31706
6019
1051
30352
20905
22371
13782
28045
10084
2134
26058
2431
29534
23350
1537
9885
18947
22416
29019
8079
6504
30960
9163
29906
17191
12639
17091
861
2153
29993
2541
3717
31812
13284
28700
8478
28744
25261
6274
2531
3924
31669
25635
30488
6830
5885
14217
30061
32083
93
18618
22054
10636
28363
2407
16505
29890
16602
358
29239
26003
25217
11619
29615
10278
16414
13778
17104
7355
27322
4647
14733
13446
20879
27722
13190
4285
13511
22597
14052
6128
13703
13376
9348
30105
10028
17584
13145
14324
1493
24779
15115
16
13857
17215
4580
30758
29242
21283
493
1067
2066
31022
6484
24737
19692
21799
23057
9138
27167
26524
3273
21631
26390
983
15091
3254
5276
7694
5177
22626
15702
18906
17185
18440
16273
31978
29932
26863
29759
27129
6335
6079
1851
2045
6656
24910
9429
6562
6659
26038
8330
18678
27878
29099
30995
11110
23993
16907
23970
16873
32226
9655
6248
18811
960
29090
602
28621
31887
31527
25653
16443
21900
3232
26815
23806
89
2100
1104
22691
13986
11504
30098
17339
8449
12825
17285
17109
25887
11457
23750
16553
24349
29593
15376
4246
2610
29958
13827
5455
23701
13175
21540
16337
6813
23541
24870
31384
25894
11004
2664
21778
1848
5001
15038
852
18147
23668
4724
1548
15725
10240
8336
3766
31408
6577
16728
29715
30653
3677
17940
19159
7365
6790
18965
30370
24122
17127
22774
18226
13617
9037
18978
30167
30475
30632
30102
5927
20564
15202
9705
21746
26347
21231
27529
1145
26467
29606
13639
27866
426
15823
21014
20943
6376
15613
16399
5784
10922
17054
27833
3382
12608
20176
19080
17882
1379
31606
24483
29341
796
7563
12778
13169
30177
4279
13368
24152
4096
24864
6373
6100
28993
18307
11664
20382
198
11139
9243
30106
7735
8257
27894
31499
28188
3884
1697
29700
17802
1307
26220
27935
30978
21913
24194
18800
4758
2175
9509
15548
13133
17865
24891
13799
9161
13218
24586
19884
22567
31425
22592
3473
27431
25848
24118
8985
21645
18954
28021
21307
24263
16062
11130
16915
8143
14897
18358
25304
31059
9584
7385
9230
25620
2374
30544
11260
2700
20051
9484
14689
30419
17246
12934
31843
22467
24045
30976
31688
8539
26898
25101
23144
3169
5767
1107
4322
14667
9725
32144
28559
31328
5810
11739
31924
2331
5954
14381
764
10960
10175
27679
25637
2193
8707
31989
1017
15955
7237
10716
24448
25933
23019
15216
9332
7585
16031
31361
23797
23358
30629
1047
894
31237
20332
7859
4888
23851
24419
29912
26573
7646
5133
22730
864
3371
14168
30102
2619
3359
29995
4434
3241
1324
3646
17574
28741
30159
11566
19340
3507
28528
4561
21331
22157
28810
1735
27114
6048
28427
21841
29275
11097
4350
11110
17046
12410
22631
10244
20080
6417
18030
453
1003
9643
14784
31666
15544
8389
3123
7259
26874
28291
13225
23336
22349
17573
27190
14314
15879
7862
8581
28853
27070
17030
17783
18930
13578
26843
4622
7344
11659
24164
138
7995
2606
12526
4049
7152
22189
15578
27668
2639
30805
11983
14768
15954
28684
19884
1874
8701
32146
8385
11103
11575
2055
17982
4243
4056
28590
3563
13800
16899
11504
11290
26041
28342
24740
6363
26663
27807
14733
28526
13500
14642
21284
25086
26446
10744
29080
5516
31782
18474
16148
31273
5986
2686
28224
29544
23448
24897
26122
25875
5052
18598
23206
30749
13380
21854
30675
11224
30601
28520
97
1896
6513
12075
1776
32632
30283
4290
9210
25643
4346
29079
19732
27477
17494
3123
12656
10988
9167
26196
16295
6073
20308
25920
14517
23635
15987
31834
29765
7246
18113
10739
14896
30640
24956
13922
21824
25252
29807
26967
17209
9587
8726
10604
9754
6319
25859
14845
23200
29106
31360
2874
22540
13127
24694
20602
15654
5798
27277
20691
11906
166
12949
9703
27138
22318
26661
23808
13212
19180
17281
11872
32605
26954
8129
16082
31918
2718
48
8069
26327
28833
1267
26
16065
10531
4843
18172
20992
2301
13020
1008
13072
21318
27598
28909
1759
24778
7347
29997
19340
23479
6475
24196
31855
25498
3653
17649
14169
11658
28839
19571
18205
29859
31855
14621
14159
20151
1658
2413
21835
14655
9638
2778
17017
29336
30516
7340
31696
29548
624
5392
31385
7278
32659
31852
21110
27722
1512
4848
28834
20955
25902
21614
24698
28319
11838
28267
14653
23913
12013
23670
6416
20822
25908
7864
20805
8450
11662
16077
10204
4604
12450
5842
21066
30839
21538
3775
3450
32578
13043
17399
30482
11258
24718
20254
3063
29566
31654
7211
28691
29347
21515
2238
25430
7977
10190
15539
2042
1262
15270
28919
24076
25442
21138
6298
6184
16187
18624
8230
11652
15466
21934
14128
19759
21581
14735
22572
5787
15398
23024
646
15194
4044
4507
23278
28197
5280
14267
9715
17186
10435
8770
20691
25959
12934
10120
31889
17850
9250
25396
16201
9882
26538
16992
4033
10628
18237
6904
3904
16751
9600
21091
9635
11929
6731
22374
9133
26501
18339
29509
24479
4932
31465
13867
8
30965
28240
715
26847
2184
16021
32072
32463
24775
26858
24914
13522
30358
25907
915
6145
16761
12404
585
19883
4440
23434
26932
14244
29055
29210
19634
13023
15593
19912
8233
9279
18366
10665
19365
18347
16922
2554
17602
30049
14352
19474
11981
20876
21231
29333
17958
6680
16323
491
6888
1733
24351
240
24268
28538
8730
29165
19019
11485
14488
22472
23811
26400
29899
7031
32092
18205
2041
26042
15211
15782
31871
16650
15127
21782
4374
6092
2426
16684
22869
25291
24970
8474
18295
7141
9208
10200
863
18693
1624
7870
13017
13137
15747
30290
5923
7844
10041
22879
9132
5438
14091
30279
29211
7098
10872
29337
14227
24897
18519
15590
7989
16382
12149
12497
11751
8657
30846
16742
4948
7496
12065
7597
3124
24267
26223
894
14798
12822
27780
13462
4795
16365
24938
16875
20716
21514
13626
8509
239
16219
20868
16622
5741
10858
29169
3603
10744
27677
28711
8395
17411
14495
1773
720
22834
15518
20624
17483
23509
30903
1157
21229
1711
28974
14415
18235
17659
1507
10148
7209
23473
1665
18379
1259
14341
22265
10824
21768
1840
14383
29371
11952
31604
2290
25606
27471
25178
4914
18606
29282
28735
14701
14980
29322
25870
6251
3460
12510
28239
28971
25085
25222
27233
28445
8690
17542
28931
7826
28096
26071
17690
10096
15362
22460
5038
8234
12466
14419
9269
3311
28561
19306
24084
24354
28104
5525
18275
2315
1743
11645
24816
31180
22670
14203
903
5526
10946
16230
8817
32284
26019
25769
5947
16200
23492
3224
23225
13357
27450
3844
20297
14398
14848
4364
92
30909
4506
567
31539
31350
7673
28608
9447
10156
5023
8753
12716
31316
259
14643
8534
5761
20279
14757
25885
26912
13768
16875
4765
7909
9702
22665
18465
1925
28868
2288
9760
14630
11586
17047
520
2067
8394
11854
13883
9909
12151
28112
13143
447
6013
31127
14011
11432
31685
4340
19015
29278
471
28766
29026
24121
1789
16907
10050
20781
12453
31933
4712
30533
23560
9439
4457
12620
12553
9168
1268
18125
23648
10623
31505
29759
13559
19512
8103
10617
20628
23229
5697
3180
19385
5273
8465
5136
18633
15537
14646
20383
27243
14876
31802
11778
19763
15156
4831
22920
17536
3821
29979
31710
24224
10342
12129
32316
29755
190
3362
6620
18158
19241
19604
19632
29494
12099
16306
1620
14736
32164
32388
8514
25310
4788
3744
31813
17421
23488
9201
18480
9461
12878
24247
24015
3712
430
10959
12318
17423
27346
9269
11961
27673
23136
9415
11412
11285
17668
24395
7916
15259
32267
11188
18557
12998
23598
26785
9462
6108
8363
5671
10410
28721
21659
3536
10376
22600
4223
31715
32333
26428
25116
32230
15608
24926
17545
2658
2430
32288
24198
1510
27584
17714
31503
10574
11194
18154
28721
7493
3837
13289
26653
28425
2655
6140
16507
17007
15345
15424
29696
25894
16689
29834
16963
10047
15745
23557
2508
7405
9432
17693
2158
11658
7864
24732
30168
5083
5472
24595
11366
13205
17730
6012
21565
26656
24759
25117
17558
12442
7154
20144
3930
23839
13618
22208
27376
8520
19772
9558
28242
12273
9225
12501
21351
17472
3516
11299
13197
15331
13271
4873
29300
9880
30381
21981
19251
28403
795
26718
13205
92
28787
14303
2484
3671
31417
19624
16330
24840
11538
6809
31299
19190
4217
17680
21527
11279
12980
23053
15702
9708
6534
18580
10245
25943
30247
5715
30504
9482
11505
6277
25632
19898
1372
13334
20023
22356
5676
26888
10362
20359
16873
11541
31175
10626
22416
22934
8998
15103
11144
12451
24668
2688
15575
15740
14014
21208
14998
5159
17988
24558
32162
13403
12510
10430
19093
5021
3083
19104
28661
4777
4263
18893
5291
25107
32004
15135
19126
6702
23869
15128
14880
2605
11719
22054
30769
648
3145
17957
24292
7842
27310
10534
30871
20904
30840
5487
21510
15036
13911
11971
21626
1107
26618
8419
21054
21211
22565
9044
8019
1698
8964
27235
17508
21747
31423
10599
2556
31874
6734
2630
8695
6409
23183
15930
1335
23092
7573
3029
22936
8635
1091
32323
29733
19661
8730
6608
19340
11445
9040
14761
28367
29368
6434
31463
21565
4924
24683
22729
5281
25648
22132
24129
26297
31399
20494
4275
28393
3014
1758
30713
14129
21729
28921
26538
25437
20193
14001
28060
30075
12521
15022
2471
13970
1593
26688
4780
6033
23378
15347
27862
7814
18010
14948
29984
13328
20163
18772
17944
25879
30760
7931
14818
27834
29815
15262
19839
6793
16725
8548
18768
26869
13502
15974
21205
22532
15596
15621
19387
24650
22395
11904
8726
4628
970
17350
30187
13542
13476
2184
14321
31528
1312
21651
9624
7708
13509
26461
17995
30227
12018
25053
19954
25313
8573
4768
2236
6286
26267
18458
13339
9294
17920
7482
26896
15795
20807
29761
31656
14370
24467
5075
29639
10372
27767
6734
804
4925
24083
15196
7317
13922
30336
31684
4237
17446
29807
24454
21218
8598
9996
15910
19924
32135
31017
12616
26188
21452
14232
20861
5473
12460
5848
13661
15136
18579
15349
26326
3725
14343
19625
17091
20197
32734
19143
30400
6694
4526
16089
4413
3281
134
30216
22482
3823
10715
22333
22482
29266
27333
4998
25891
17949
13676
13755
31565
903
6844
21857
13520
30683
7265
28878
19643
4035
23279
12942
24186
26567
29792
9734
22512
17937
9924
8023
20934
24947
2868
23174
16898
6571
32008
5593
15579
1253
330
11140
14283
30337
17002
28292
743
25367
29746
20172
27756
17848
13309
2207
17050
27255
14628
25405
10181
16936
27066
17089
27817
9064
10105
4426
25854
7390
26875
17241
27212
15552
29486
31610
257
29080
18178
4391
21441
26696
5988
32489
30973
2891
23408
31680
14023
1855
20706
17349
14564
30880
718
21518
27939
9943
10386
7634
31214
28787
28936
29901
799
19638
3584
15590
12565
1619
5101
6928
11782
4982
478
11630
3478
12037
1456
3770
21161
5925
20610
10471
1910
5377
3946
6917
7134
12743
23654
13926
32251
15602
15254
22271
8443
1999
30888
6928
26159
31290
30867
15880
7263
25769
21384
6819
2401
13165
19237
6229
12777
26420
28909
2027
21411
30417
4341
13168
17791
32320
13535
9549
12877
24292
21260
27317
24969
13588
32270
21824
632
18134
10332
32726
11636
20458
20554
6863
3971
20235
10296
17240
29743
14449
3849
27161
8594
12698
27863
3349
15025
14922
18404
18641
7179
26321
9684
1208
26225
3980
3354
16062
11287
6574
15025
14916
29676
15680
24588
5691
1831
27751
32079
3725
15650
16358
11199
27832
14700
3299
27767
27580
20506
2030
20318
4920
1117
6463
1621
19920
21850
17983
14517
16081
19765
21579
11000
6936
1647
2228
3766
2352
7027
10762
3796
19642
13419
9882
27640
16658
10072
1077
15679
26415
24162
32051
10547
2763
30828
28344
10999
17092
22508
31798
14277
20675
5114
3123
22683
9243
32679
589
3120
1012
15247
23163
1325
9384
1458
2453
6298
11373
15231
18199
28822
27445
16946
9250
22348
18898
18784
5059
11810
13406
7120
18552
25907
986
29325
2800
1792
11029
32313
28179
11362
10959
6820
1090
27844
4383
24734
31200
7822
2066
2569
14609
31716
14229
23602
31425
32657
32405
3169
26857
3646
18276
21166
13837
16360
31583
7959
19978
23953
22990
9424
1038
26421
13835
12250
25064
13823
24807
30935
31874
3773
16713
27421
29099
14482
24600
4361
29466
27626
27483
6805
688
11699
29855
12845
17406
27339
28313
5055
1799
26548
11789
6674
28743
22671
29167
13912
25076
13640
14023
1542
2691
7694
22874
31459
15470
25606
19590
18783
29493
2624
26222
4391
10659
21226
2263
29686
25938
11459
10450
3758
7025
5331
31132
2215
21189
16474
16066
11591
9966
8966
2440
17363
4332
9576
25996
6532
6369
8105
14503
29150
21784
27769
23060
20797
23111
10313
9428
21937
273
28858
2384
4619
9423
14421
25153
7992
16272
636
4301
22478
1886
7072
9202
29157
28868
8629
3880
27432
14989
28899
13378
31532
26317
18559
17558
0
17702
15417
15709
6405
29252
17815
861
25599
28842
2466
25029
4205
16049
9951
28760
15638
3533
8064
9421
21477
32531
13276
4982
22518
2296
16669
8993
23025
27228
30776
14396
1687
20167
291
6972
922
2034
24130
7743
3762
137
9250
17903
4845
19503
22889
31146
10311
30915
4877
32481
12666
1249
8389
17342
3095
8108
23997
15626
1750
5579
31118
23373
4650
4018
19821
23351
24345
1315
4514
30014
24651
2548
1853
12425
24929
22546
27140
23821
10376
15046
16047
30966
22093
16183
20824
1352
30643
20017
30765
3526
32386
4900
28264
26643
5091
21616
23425
28183
31018
8415
23201
14244
27379
30323
5723
5977
14960
18019
19607
24263
4353
31328
20174
11731
4613
24348
21117
20827
20209
6157
9683
29981
16799
111
7341
11476
16616
7560
18885
6307
9076
1583
22566
10423
1233
25487
6372
17449
24771
28457
6409
22305
30939
4632
21458
3137
14411
2457
21788
13633
2553
13514
24601
9942
21714
28594
28231
3033
4705
8066
6819
29605
13216
21530
19738
8129
18446
8911
14912
21695
6913
7788
2884
12899
15166
4214
16932
22280
8391
22453
11805
21056
25844
4079
1126
10939
16581
26359
28957
31594
17783
17127
13442
27619
853
7593
8291
2056
4817
14780
2519
15075
13267
5172
815
28885
30545
14339
29226
9456
10016
22136
22120
23969
24586
18693
21537
23698
4640
24645
22295
1486
23377
9277
25033
16935
28732
27107
23786
24789
1859
25052
31505
15455
31201
1162
1202
9919
4157
32582
8269
24769
11007
1770
27365
8364
16226
13203
29876
27684
22922
18853
30237
18767
6425
5135
20706
2871
23549
13264
12695
15727
2955
2234
25943
29434
16338
6005
14261
31848
11561
4296
27893
18754
4107
24084
11389
30888
2853
22305
28550
23865
11180
1309
18455
30771
2036
5858
5172
12251
11327
27256
29011
17696
18899
20443
1039
19579
23631
26878
26656
11801
14654
19215
23691
28988
15853
17661
22
22239
3962
28472
12799
1945
8494
26808
27373
22723
29964
25920
8743
27869
19114
28900
4868
13102
12352
3273
30371
2731
10751
2348
1499
3098
25508
16549
22389
16247
8268
6317
28313
16535
23690
27487
3463
5899
22199
15995
8328
17735
29065
27568
21795
21252
9447
7707
12691
22242
28924
18699
16505
17234
1931
31751
9423
31411
8066
14354
10781
28347
9937
10797
9455
20249
18044
28446
14214
2904
27887
17520
20174
11271
21139
19131
27536
18199
11422
15653
3049
4996
559
16937
18683
24632
22426
14743
31970
29228
9216
11228
1257
3536
17700
16004
29694
12205
25977
20989
18788
14408
2176
11422
32680
3914
12624
22247
2006
479
22390
3339
1260
24668
7680
27051
23439
7972
213
11749
27133
32460
27720
19085
31811
32637
29420
3770
20656
9114
5545
8069
16521
17827
21007
7437
24830
1370
27371
6335
12381
4132
7960
16596
9094
18609
17048
25882
10143
4575
28131
14584
27657
16604
14207
30380
2194
31371
11217
18392
21484
42
30515
5949
32350
12081
30279
12230
17593
14461
8330
19656
20366
21165
300
32648
4766
27597
12831
3582
16530
7730
3438
11992
9964
27812
2256
18114
1598
2499
28541
2789
15001
11939
28224
11437
18505
17594
9677
29392
8383
26364
14166
25484
13263
32324
32601
25648
8476
31990
29372
29149
7632
32226
21019
22414
25232
19052
10081
1366
13743
3050
16789
27881
26017
11342
8951
1886
18355
10757
5452
26675
3834
25375
22646
402
3977
7087
8007
32210
16871
17269
20119
21057
6849
16058
12948
28449
2779
13948
7770
12528
15180
13259
10692
30445
23019
2675
385
727
2565
22235
32106
1528
19793
4909
28946
32610
31013
1975
27295
20345
3049
6802
21465
9393
30413
17025
10625
9625
12215
8475
15588
31769
8063
2093
13232
9719
16479
28250
14853
11936
165
5892
6863
13862
15787
29040
12884
27013
27401
29476
28425
20522
14857
29076
21674
4790
21852
16126
13705
7935
1291
3731
5671
19799
20144
25559
28417
27410
26085
4426
16556
20034
253
2632
11812
22213
26098
3118
4450
130
17311
25278
15916
27375
11055
19397
26417
31191
15830
15866
22869
29530
25279
5930
330
16181
6469
30098
28512
11075
15205
16525
19870
22852
17523
9327
31761
14814
28685
1456
18276
14561
17742
12109
28081
32463
25155
16491
26007
27548
7075
7485
7053
11954
17594
26409
6517
8248
13223
16422
19573
16276
21959
23913
23810
31534
26737
11584
19773
9591
10724
5182
20867
15147
5757
1432
5951
24275
1582
31439
28163
11661
15915
3727
1752
20751
19174
16088
15826
29418
13886
6747
8679
29964
28147
23847
12032
5001
28254
16516
28241
21403
1375
543
28902
25575
16790
26216
22655
20993
25046
14905
25246
14643
22742
6072
10718
20090
14634
29310
4486
28114
7538
12025
3934
3251
24786
18702
18370
13788
15266
19971
12276
29263
6246
11677
10935
17309
13568
9861
21273
4963
25636
20976
27024
15381
781
4735
5960
3834
30574
27236
31676
31608
18860
31943
14468
15250
12106
15976
28525
10671
6565
6533
26319
9117
7393
2302
18459
7893
17187
28343
11444
20993
8192
10558
27904
6075
14390
11438
26046
28312
4506
8915
10138
14949
32594
22158
17662
10928
32324
28283
12844
27275
13774
15058
27530
32140
28856
6795
22076
28184
8807
15302
3832
12513
19539
15209
6934
25006
22459
26635
12263
15707
14231
11281
1096
32032
26318
25366
24695
30486
5801
7825
24613
10230
8583
7601
6860
2596
5587
31884
9794
24045
27956
24185
10127
18189
17411
6074
26108
25461
9474
6751
5228
16203
15691
10854
17647
18993
3206
7463
14997
12746
25951
10224
3456
17786
21048
492
21821
18286
12826
23881
19797
20189
8690
31641
10270
8077
1530
24953
983
6808
18293
28017
13812
11376
6815
22044
24759
23585
24804
21385
1792
24534
31568
30688
4710
23199
8519
31561
32646
10097
3958
32521
9371
21871
8969
3054
18000
14695
13598
20462
28370
14496
19066
24331
15144
12499
27515
31610
4807
8567
14414
10499
32097
31297
3426
4011
2815
13036
19485
29073
591
4150
7117
14358
18751
14891
14049
23616
15306
1957
6233
11873
25874
8980
7547
16627
20144
27771
28616
31431
23112
15547
19246
5215
22880
28180
29823
1176
22386
19945
29730
8331
19007
23491
26889
29366
7271
31129
2018
3415
17975
29007
6802
23577
26818
29564
5087
14578
7987
29552
2924
18508
31329
1142
13803
24675
23204
7254
11662
32750
7144
24350
7870
6145
18431
22562
11536
11570
17212
17474
9333
5115
10045
20843
19121
19551
16392
30561
25870
16592
24410
19899
18001
27729
31291
815
30957
11224
17622
23055
22903
16118
16520
19988
13658
15289
28727
18267
16844
31186
9957
32429
32512
14579
9348
30467
23453
1659
29964
12361
11376
9813
17868
30563
19549
797
9469
30574
30876
27013
24477
28744
15650
4856
29051
13906
1372
17277
15246
24436
9507
32477
29834
16738
28141
6408
1973
9502
9280
9653
22007
21439
26989
2889
3377
24688
28026
15610
2512
21435
32096
24628
30370
7176
16759
24891
7912
26464
16430
15123
9900
19063
30975
30365
7509
22762
11170
9474
7800
4805
8065
22868
29937
19272
32621
25971
29747
27883
7567
24110
31708
16031
13217
10923
22925
3671
29534
8969
31992
25799
31542
579
12858
9835
839
12120
22124
17868
22153
8617
14964
27391
27720
25762
10273
13422
13784
32412
15736
29915
29828
16130
4680
4769
11207
14259
23557
27709
959
26024
978
26126
12254
19671
25312
1369
11747
2903
6391
15504
28936
10180
12626
19668
19837
7909
2480
24760
14358
29836
12200
17480
11841
19390
10301
24138
23098
18964
21938
20163
18306
19041
28576
22205
15245
8853
16709
27976
1722
226
8735
9663
24969
9245
23737
19276
10761
29542
30662
21934
5519
14603
5484
6970
10925
1194
23778
25632
5986
30870
8765
17136
14223
1660
16519
22109
24490
24391
23058
22592
16310
6720
29451
7648
29299
22394
6738
28016
3282
24941
5257
19673
16811
4577
15724
11706
28082
32270
4960
6829
8104
11777
8526
18893
28878
25409
15025
14453
16799
12979
15854
13386
11966
30139
20709
30075
21038
22180
19397
11847
9409
31810
17956
13248
5075
6357
31311
9167
7991
24625
29406
11385
4978
10524
13964
22624
13351
15864
26182
1165
27347
8354
386
25452
19899
17817
17618
12568
4898
2659
22201
31961
17598
27436
14013
11244
18285
15281
8893
6530
2853
26460
26245
30730
30505
31920
18848
22451
26243
2024
3949
30253
18606
219
15734
15280
14995
20515
7164
2368
11191
12158
9431
15407
25522
26996
21629
2787
31715
15419
4448
7898
8546
25559
7549
4074
13110
3973
17969
9422
4296
18010
17999
31966
11416
32552
3697
1822
14127
28577
26507
27258
30293
22207
9158
17232
7299
18019
20875
23087
13467
12348
9437
14303
30167
14826
2797
15009
5119
7267
7144
4279
24544
4758
24340
15399
19449
6991
5403
957
10615
4699
31911
30031
12644
25836
17710
23876
11803
25919
9232
22359
22783
379
16351
23705
16492
25053
26109
29365
18926
12818
15981
24696
9393
6628
29155
2961
16441
10521
30237
25493
6995
15000
29814
32326
32588
4814
32441
18708
31584
15696
1587
29668
13429
28098
18700
30993
23818
26615
10711
26288
26986
13145
9575
19737
21541
7564
23268
30371
1728
20558
23071
19630
15020
32418
11299
3559
26229
27949
18957
14791
2876
23008
30237
21853
30311
1751
11020
27982
19351
27777
5536
31002
27354
22274
19583
928
1827
29397
14913
15589
247
3254
28104
22801
22888
2239
17620
24762
20807
21713
9426
22117
2198
23093
13813
21834
12860
12931
21640
3416
12284
9155
11395
16505
10920
10195
13148
9495
31378
777
29727
20959
29764
11800
25025
5829
28017
5944
9138
26440
3627
32385
4273
14839
16981
29080
19428
308
24412
10894
14376
8504
21026
22021
13734
1879
26939
1173
23975
18053
3932
19310
12457
23834
2576
22590
27313
2002
4269
31829
29156
17944
20359
29447
4945
29572
11107
26449
530
6818
22831
31936
19603
25845
7664
24463
15409
19515
19195
8207
21255
28915
19048
23884
23556
14877
20420
750
16705
8769
262
7773
7314
21938
11204
3881
13916
1556
23207
5800
26278
5916
24349
2785
3186
2199
9037
12456
3917
16814
22608
267
7973
8552
21662
24045
9819
30832
14022
31217
8729
20505
8291
30618
21734
8863
7499
944
1911
26800
2825
28389
19400
8234
5262
2744
30316
12327
5667
19866
16930
20023
32162
591
20904
18668
31462
1688
980
23452
5248
23823
19936
28514
29867
5714
4102
28006
643
21859
6220
1630
7025
29519
18338
4949
234
1550
3370
29611
20057
20139
11223
3166
2905
21157
32313
19591
11816
9364
11415
23336
8792
8207
2367
21028
10184
7374
1818
10895
7635
23820
32387
15912
3783
15151
13401
548
3993
23211
22355
24366
18391
24612
26516
19115
13789
29907
15488
1346
844
6442
7373
8860
32184
2747
7389
15976
1953
16726
14155
675
5541
18289
21444
25366
3059
29133
12312
12832
4099
14935
24464
29365
8837
16973
21635
2983
5527
16289
10276
16420
13114
22946
5278
4481
10247
14553
21859
28213
1566
20017
25024
21033
29792
5468
13750
15407
24030
22129
7429
7375
13712
10970
13449
8778
8779
18797
5577
1497
9965
24025
24782
15926
6875
28484
6193
15197
1709
6706
888
3988
14631
8617
2979
10665
10347
7059
17921
1147
29550
15459
8520
28603
6057
1531
26853
22004
12049
24013
4753
9161
19016
20033
2597
13439
15125
30551
28591
26555
25362
29326
31685
17548
23204
11780
32281
19883
1072
734
10830
27394
24460
2794
9994
3180
12724
31107
4941
27068
21695
31670
30209
1024
17425
25507
19410
19463
14545
8997
10047
4640
27294
22965
5873
8997
18557
31115
17996
14008
15894
18439
3141
4813
22817
15696
23667
2153
25371
1851
20072
11688
17213
13166
12097
30981
15534
17605
20860
8662
23800
14324
3850
27158
11961
15214
12709
13671
1179
7814
13668
4439
28805
15316
6541
4835
15123
25307
13226
11578
28484
1256
14559
26051
20083
10557
29050
2400
16521
27759
19148
18165
5232
3853
15160
21284
9419
22402
11401
31067
13540
19261
24712
15889
6629
783
975
30284
1100
7892
25304
30823
32153
7253
30041
18962
28233
5485
13268
28570
16392
10603
27497
16491
28707
5560
1008
25811
9788
16826
27716
24840
9025
16887
8417
20845
7327
5758
178
15377
22450
10371
25636
7032
6528
19273
10879
1695
16040
17477
12662
6714
3989
7808
27389
1856
9463
19773
1370
27305
28788
25052
22911
21111
15770
22782
5015
5107
16153
17130
18911
22329
31791
19247
30135
31734
12899
25483
761
15217
32630
5644
27017
11208
26519
17013
1325
2172
3030
19171
8095
25648
9435
29616
24801
10158
5592
31384
6609
555
11196
10522
7421
11980
23722
26145
6584
13161
7081
2788
11630
31888
5277
32523
7988
31437
25718
24595
31139
9512
8615
14323
30439
1264
18649
1792
29459
11959
25057
9486
22711
19614
28912
15832
15285
7635
2058
27810
5712
3927
3258
15132
23686
20997
1539
1930
22944
4560
1689
5666
3079
12876
1874
20917
29529
13424
17879
32658
1212
10650
31647
27304
14707
22483
286
18922
27567
29524
12601
26104
30119
4426
8446
16891
18154
14295
32658
19408
25588
12121
12906
22378
1024
30958
446
26993
16670
3640
26939
5423
3717
20061
24825
29101
26922
15442
12972
27161
30354
29274
12062
28011
1508
28361
22493
16713
10050
7694
20784
31783
19801
17904
12368
27314
11575
13848
31189
25711
20573
25040
25711
21407
3350
18186
13270
29799
22791
18084
16388
3885
10758
20970
31905
12869
22832
4445
5311
11981
15413
26803
28359
23765
26871
31774
11443
27332
22356
6865
31870
15350
21823
12993
19673
6826
278
12712
14880
16668
15919
30544
18316
32238
22453
15630
14506
30668
17842
5772
7948
21584
18540
28620
28734
17955
19957
11370
14331
18022
22014
19490
15009
32080
18412
14481
7139
7704
28462
8256
23998
14869
4557
734
19374
20260
21828
21197
9761
5450
26003
20449
8748
20378
4751
32612
4477
9305
22396
25949
18065
16481
221
25361
2343
18883
25739
24267
12020
26032
24581
6361
11416
21914
4359
20951
13009
28566
31838
9776
11246
30213
5882
17121
11655
4723
25925
22400
12908
30655
9395
27005
12507
28540
13210
27817
24822
22168
11077
17652
18291
19771
24644
5499
22678
7666
15621
194
18268
8205
10921
15933
21754
6470
31760
10518
13445
25251
3894
11306
22259
21661
6339
12117
13122
16001
19933
27119
24311
27927
24641
16022
2762
1154
146
1070
14240
12647
23280
24615
14265
30033
16845
5630
20523
4692
31484
28679
3727
23025
25355
9577
9978
25402
23251
24938
28207
27702
13133
20461
17426
27271
2984
21304
608
3914
21912
18171
17310
16959
29680
29838
5711
22570
10099
7291
28778
2169
15847
14652
30475
26150
14188
24390
28265
24543
22028
24134
26120
2917
19347
1962
30000
16434
31137
15971
7069
17758
30717
13289
6776
5827
21804
30336
22918
1376
17731
13499
11424
14075
13049
23102
3427
18698
26368
27079
7464
6868
14742
14448
822
724
599
28206
31543
29534
14933
28574
10217
21125
1130
5377
32278
2363
4045
21124
23494
3514
2276
13766
8115
27939
3161
23700
21757
6245
20592
18679
18207
30817
30872
13936
4642
3404
18240
21634
785
7508
8683
2673
23724
13958
7047
10314
21600
2031
30970
10531
23415
22017
25599
27300
2189
3641
16432
32198
13635
15871
22115
29915
9271
28878
19002
21199
17203
14740
3574
32685
23972
27484
18572
26212
21326
17706
25083
8140
10047
5414
10716
20196
31489
5885
19515
4702
18964
4485
2213
12125
31131
30624
24450
22909
4182
4194
10662
15380
10960
27254
20002
10423
32730
7869
2656
3840
2359
9785
111
8591
9369
18218
32667
19535
16589
23926
15169
24570
27442
590
25569
5856
20847
22287
22133
22244
2917
30566
22017
21703
16739
22200
876
31913
665
3265
1934
17356
24528
21883
9098
18332
7768
18497
7006
24044
5953
2612
11960
31363
5838
32734
5132
3543
20518
16917
10723
16664
14669
23074
21110
13168
25427
2339
11643
7306
8907
7854
9279
30801
7295
8887
31733
8186
2658
22196
25165
29764
19654
20990
10313
31998
7119
15739
8013
8650
27944
29306
19573
24610
25076
222
26154
8856
20744
24703
20472
7522
16727
20941
2202
21525
26797
12727
15959
11441
673
17611
32146
13278
5061
15774
11676
30325
27935
622
20428
5186
989
30214
13522
28681
28996
18402
7240
8390
12010
3988
29322
2105
25381
14182
8392
12962
20931
31297
9049
25546
17659
30925
23122
30018
676
10714
18520
27119
8613
10751
13234
23239
21421
11904
23970
8405
30500
8053
17398
24707
1377
7465
8410
23064
12573
29889
7408
9088
18727
18462
26531
12108
13146
27908
10680
17657
5069
18299
1573
20085
29769
9077
7463
7903
0
20914
17807
5774
10107
3041
28764
18518
16597
25608
27279
1030
30759
17189
28987
27189
9283
15126
19420
27967
21413
12214
24809
25482
9638
6985
30893
3854
17395
29210
8786
15892
4158
26978
28479
26941
23091
9580
30884
29383
12718
4855
25426
27404
10539
28636
21969
32331
7294
18160
5292
28587
20420
25388
14608
17789
31385
32267
13717
2754
5003
11572
7516
18925
28623
21337
24922
9450
2867
6239
30707
11870
3156
11455
8907
26673
22801
23596
18137
2890
20287
13174
2749
31897
30110
15790
12115
4955
14604
7307
22152
5273
2553
12
11372
2034
28187
16735
9865
18843
23139
9474
19828
32164
26927
2088
17569
18557
16577
32094
1147
28856
15856
7278
31412
19984
14109
2435
1242
10667
27497
30607
31020
29596
29221
10730
12715
29100
16011
14652
19828
19290
2987
8092
7244
5920
17575
20473
26749
19704
15651
23737
4833
16927
19960
29089
13628
4633
10792
9461
16078
6389
23
25568
16169
25298
15096
32277
21313
13474
30853
5303
26818
4654
1779
28791
19366
25947
32549
764
12806
10923
20256
6023
14896
18182
18623
30423
3835
27323
2215
586
9815
9666
18814
2630
20008
4420
30552
25559
31573
12892
6002
409
3867
31264
22563
5081
1704
1755
23823
29687
18661
2717
7070
24334
1683
31478
23469
17367
24729
28158
12419
10187
18588
18584
32262
26504
20433
8696
24110
22134
22543
99
31419
426
23337
21302
12067
6667
15482
20010
1743
18867
22721
2518
27526
30872
18480
3446
6186
17515
1727
9706
9122
12224
30406
11778
14359
19568
29131
11256
19043
25915
23448
26686
26054
27314
27537
24954
24539
10069
8261
16848
2251
32504
4419
14687
11201
15723
4911
25102
29598
14425
25109
4232
2029
18545
17916
13957
30233
24004
26047
14924
15069
13166
15384
26485
32765
26233
25342
23796
25140
29694
10545
7251
21357
25229
9747
7743
27958
6863
16313
4166
18289
13162
22338
8159
10060
13349
3943
30379
6772
5197
24916
19450
21126
30807
29622
12177
21703
29382
26646
29099
21012
19536
4709
19517
15132
5948
20184
12670
25804
4622
27126
25511
20747
7526
20207
14839
28584
18726
28719
14075
27536
15571
7731
21516
22597
32574
16539
9753
21387
24931
9601
16295
28517
4241
23306
29717
30783
5067
18234
24613
27501
14447
29197
23480
12756
12821
13763
14553
29415
29114
18811
29693
5078
30750
23043
14729
14081
10090
9455
25749
20403
22550
18920
23280
7693
13578
17991
27236
10048
8963
20195
2875
32256
14137
31782
11265
28469
319
31847
27276
26355
11306
16499
24122
8620
15093
22125
22394
32164
25636
26329
14478
166
20648
2035
19343
26102
16899
23365
14769
18566
25516
10616
1992
15724
19381
28779
15371
29332
28331
6018
4376
9650
2750
15937
23097
1915
20001
22809
31974
24341
15540
4225
9099
460
6369
5705
3467
29446
21443
25899
8324
16505
18574
7844
7893
28315
18219
31490
10077
2394
12834
32701
25222
11534
13245
28682
130
7084
20075
11182
27861
12860
19554
28688
23316
21133
21128
12179
4332
5415
6804
29474
4453
22401
6256
31245
3432
31348
3810
3091
15744
25840
22380
12736
2269
7918
24945
18169
7582
6309
11416
7125
24144
29185
17014
6062
18609
22097
29543
4728
14778
16448
23228
22610
13021
14854
28188
2907
1164
28127
7204
22471
506
6844
15953
11826
8741
16697
25120
30771
12820
7376
11635
31541
31837
15692
25143
23938
2539
21632
17732
417
24574
3128
27780
11234
24435
30832
14424
9783
10566
31172
31799
22085
11349
9256
6809
31163
16487
32217
6163
31971
29292
10900
27075
8055
26119
22277
750
23477
28745
30850
26088
17333
20416
13561
15412
18683
9648
1831
14829
8777
5280
29451
20580
17334
10264
24219
29707
7428
27050
25269
31122
4655
18223
10328
20047
25154
11859
9748
4067
28782
340
20927
18203
9053
18694
6762
18964
20164
18459
16019
2467
23352
21409
21149
19955
8258
5324
2941
9840
9397
6134
8629
4324
14655
19684
24710
7136
8511
23627
13665
2142
15830
30354
21408
11940
28481
32730
16499
10860
8294
15676
23325
4673
12460
26449
13664
15916
12304
17912
20533
24976
8566
14675
4289
31827
14140
21523
389
26430
15893
27382
13269
32679
10773
15757
21899
13901
31240
7235
20220
1411
25864
12187
32043
4753
1615
17593
23613
32343
31561
17188
13869
10547
10221
12234
10689
28197
5454
24901
7613
6449
7789
18780
29782
7429
24402
30669
4841
19420
6747
14922
4589
6050
2003
32193
10535
7513
17350
21728
11292
32699
19988
18393
10956
21793
20677
20834
2717
11427
8348
11520
11158
28289
11247
23174
28109
7106
19382
31448
11043
12570
10977
27125
31022
12561
14319
14901
18295
6498
21692
29903
11750
18337
14490
17309
32634
4385
14500
26660
30013
4629
27215
9167
1400
30709
21570
30075
15139
19236
8552
20536
8607
31695
2627
12110
6312
13848
26755
11135
9349
16756
10455
30092
3713
28497
3843
23035
27039
23805
51
12822
20362
3267
18318
26167
27083
6743
2319
25923
6974
3700
22160
13685
24007
5571
6952
605
10305
7935
20663
19496
28855
9303
13247
7201
7895
9235
26998
25208
675
3195
19481
24898
9066
7924
20866
18626
31479
3693
16381
26855
28936
23801
9560
7189
11010
15549
17465
20265
994
30733
27572
19127
16503
9426
27933
8597
21455
10031
9243
26782
18415
18276
17662
7088
7878
24306
25939
21495
16228
24832
29365
13166
17256
16893
3046
10658
14519
647
28702
30138
11124
24971
30882
2484
3116
31150
20633
13041
18000
19948
24347
11252
6889
2431
6028
31591
4999
30467
9256
17502
8570
29399
7902
27616
15685
23750
19554
14244
6736
19687
3454
18968
17117
4033
31401
8103
12349
11699
24026
28988
13124
404
32414
8194
16634
8854
29801
3695
30611
9584
29481
2688
28578
30908
17953
11590
11657
24733
27893
21409
18228
21926
3841
5196
4615
19191
14575
22297
27924
8105
6281
29054
31634
16237
10955
27729
25482
13935
4157
22224
25812
15489
31616
19172
23618
31605
28198
1703
1819
5322
14279
16163
6859
10892
27472
4189
1240
28533
16031
11922
26392
600
2125
15552
9250
6336
20427
27752
4098
15572
9137
19090
6449
8829
10834
24083
32196
22475
8340
31499
24803
21653
15103
28593
21629
11616
7443
28243
11066
28034
23263
22680
9905
23688
14543
20489
21980
13012
7622
12239
14280
395
27500
21438
30353
20910
12490
20627
20110
16006
27412
378
30153
3910
18629
3796
6066
5100
8945
21046
14612
18792
8407
15285
6215
2304
14775
7265
23976
18163
2275
31247
12358
9308
10263
20572
734
22618
1037
25326
11530
13422
24397
1277
9397
18468
30531
31250
27602
26614
32659
21519
1613
7021
26545
29296
3138
13961
7852
1744
11374
8803
18762
17071
13027
6417
7770
4722
26623
22730
23878
2475
23454
4682
4840
25755
28815
5752
8350
17142
15429
1863
14753
32741
3791
4058
19090
19281
14091
26603
32598
26719
22294
9837
23332
13623
23814
10096
5852
24586
29660
2374
14747
27987
180
1252
8076
29533
63
9610
25345
12037
22643
9127
23490
21953
29313
26359
10404
18657
12552
29678
30558
3605
5768
18521
32409
12592
12313
27459
24134
29483
6237
13333
23092
27245
9907
3330
8930
30793
7853
13474
8338
14281
29637
17117
29854
18858
30027
29963
9487
8615
30370
1369
9836
14587
18348
4463
14288
18977
4483
21584
17727
31198
27498
14209
17466
4481
15363
32621
16017
11882
15042
5896
32633
2761
9633
16051
5854
17320
32533
8800
9979
16428
26689
6902
12327
7703
27498
7927
20210
18322
19116
9824
8304
5674
9963
1488
16597
10008
4876
1261
6210
17605
26468
13315
27103
2445
26992
17647
22826
8131
7111
27452
22927
17142
19022
1931
15416
26227
9899
8760
20518
9483
2300
31034
18561
24087
10440
9547
23852
9145
25141
6730
22941
24164
23420
1757
3564
18846
7835
22362
22057
11780
31562
24552
11251
31887
17711
29153
30278
12055
16981
24699
2965
4629
24027
14504
6681
23469
29417
12346
27240
13292
17384
4171
12361
4686
29171
7900
24007
5251
2184
19388
11396
12914
29060
9388
20816
29567
25934
21696
3578
2313
11090
13064
5478
29239
16049
9328
30176
3317
11062
21733
32176
14393
13965
3001
19951
27531
10671
8009
3993
26564
20129
19421
32483
25878
30302
29135
16590
25164
6930
32496
14076
31059
29320
1831
17858
23802
1254
20571
16512
25590
7064
21907
28717
17705
7306
1372
26678
26916
9626
16236
7561
29930
31821
21892
29676
29174
9664
5019
13716
14208
15074
4920
10483
30973
19681
24096
14545
7653
28130
9265
25246
18104
12789
2190
24327
9027
15432
18940
14535
32288
11419
19084
17856
8572
243
14971
13898
31004
16275
27222
11979
5538
32040
2145
8072
29965
4932
19770
20154
13440
6925
23482
18661
3908
55
22556
11109
20239
16431
31329
32073
4487
10649
8178
2661
1794
12285
8328
29859
3728
10173
27209
28570
21307
32331
10548
23138
20109
17048
32190
11174
21587
4560
1725
25594
2977
15428
17030
31343
30998
13992
2898
30565
32353
11134
13031
12705
29444
16594
372
24992
14936
26152
7100
32554
31442
16051
5238
7466
23172
31687
11508
14268
25831
15249
2308
10376
32215
16390
23060
13647
1503
4633
17817
27843
5047
25905
2737
17820
26379
20186
11014
13288
30846
9914
6902
10402
19183
8904
15602
12167
25083
952
11300
7973
451
26041
6741
3893
7151
2403
17677
2346
3571
10475
17916
9994
5264
11674
17048
5245
6302
22909
16136
9764
14602
14685
6209
31531
13851
29425
26991
23842
8697
17235
24726
21000
31343
16817
18041
5289
4080
14917
15803
26411
24024
13703
32068
29667
14325
32673
2534
12397
28998
17443
13120
30459
24578
4600
22499
18925
25308
23449
13492
30114
19334
18304
17298
1166
21108
25824
27960
14733
30690
6291
4708
1143
30232
22099
12345
9461
10477
31278
9185
28563
3722
22068
20856
26902
17776
18547
12837
11279
11197
27941
3466
19632
938
16679
25183
11999
16729
18605
16985
649
26062
3637
9553
23097
2875
3513
30626
4073
1664
24617
26579
27672
16882
15128
14198
17180
13659
6326
4943
31930
8003
7166
14009
14836
25454
1328
24134
3362
12966
19074
19878
30788
24507
10514
27850
9623
1479
16928
16456
3686
25526
6266
16642
1059
4358
567
22275
20406
28620
25256
31657
23317
32760
16524
18185
6421
30681
3203
27791
8064
17892
11206
27365
10087
24497
6932
29462
26553
582
15856
19188
32277
18328
11785
11959
23005
13647
7930
30182
23948
10442
10803
32635
10825
17507
5943
10562
18876
16884
29705
22146
10784
20122
4576
18911
8345
21432
14882
22143
26056
20799
12176
11372
16541
11565
20414
17465
21357
7252
26823
11753
16197
2141
5950
18188
4477
5900
16488
7211
12176
14022
31912
31078
13611
21584
1594
28252
30851
7641
36
18763
10476
30523
10602
19832
15272
894
20610
10450
6908
26525
6919
27858
19337
10893
30130
3749
31706
22140
16517
12941
12858
16215
2889
18053
3272
4750
30267
12324
18381
5147
2819
4547
32332
11457
8677
27362
22747
11665
10043
6088
7858
27827
21795
29802
23810
8035
13685
9870
6280
5434
32760
21296
15713
14511
10453
17189
16672
30941
13131
15102
11038
135
7333
2607
30481
24153
29545
5489
1504
624
28371
24676
4278
13597
6785
23161
21078
27366
27248
29455
23214
6606
19239
14556
16558
29655
562
2191
9818
10948
29394
3763
17182
8483
6899
8407
26722
11403
23646
12780
13407
19747
26160
26094
26417
32355
21131
2247
3629
1311
19595
27760
31092
24257
21116
29273
12232
13782
26698
17419
21663
32716
20024
32524
13430
10233
4053
22530
27496
27616
32557
31004
23039
19632
28732
8110
23626
14862
18600
15643
30512
23060
14255
7928
28675
4762
10845
25198
601
14260
20483
14048
10263
891
17126
13262
10190
15121
10548
17914
23883
9439
25148
30665
28777
13345
5085
6379
28202
3493
11327
2366
30726
18895
11202
10992
32131
6113
19252
16357
13318
9849
21063
13912
16617
30044
12866
10436
18893
29809
14582
5381
24370
5137
28660
3770
30021
10878
31741
28911
24312
21168
4282
21241
32600
10328
19629
17568
9500
1311
4456
5508
17529
9006
11261
11193
830
18676
25013
11701
19228
25123
13573
876
22085
10748
30397
29369
27194
19149
30595
23296
13533
5816
28032
21522
32718
15797
25177
13392
11764
9434
15713
16916
14170
17115
15885
5196
5949
9677
31400
26216
24675
1583
14151
25463
27566
2858
10496
11404
21744
9240
31063
7783
14849
6980
7673
6737
28687
17904
22701
22088
9014
30109
29575
30812
5200
3718
3422
345
26895
26478
2689
19110
16969
22171
32166
7021
3218
4131
7459
6396
16144
14694
6241
5740
31883
21980
24973
1920
19140
28945
16272
6863
21512
10733
15426
16166
26372
825
17114
6184
10459
7519
682
9783
11638
15729
27145
9624
27164
17773
19856
26833
13890
448
3977
12886
20132
28680
23460
20837
3732
25374
19180
1583
21394
10324
1018
28984
16158
4603
11112
4608
19146
2857
14473
6371
25235
6329
599
4158
31089
27538
6317
8403
19501
26669
15799
30063
18035
18257
5030
458
15912
13345
21160
12462
30973
2905
6935
15707
12357
8149
14320
15403
1796
10323
25992
5746
9800
14969
28794
32168
29628
30490
16612
6602
5754
19381
9683
30461
15905
27966
29947
30325
24615
28705
21164
18069
24433
8581
13825
9815
21025
1485
32091
30703
22960
8293
9997
26283
16700
26811
601
9246
22051
4235
27804
125
11984
32608
28357
25161
21461
10072
20235
24878
32570
5927
27360
2092
26133
27998
27936
756
16475
4334
13455
14997
758
21223
32386
9559
24
23942
10716
19943
25038
5231
9788
21941
13016
18999
25461
30363
27064
28453
21823
18367
10761
7482
24364
18874
12306
9582
15581
32250
6811
573
14965
3428
1791
21346
20814
16958
13187
18147
31979
22861
7142
4941
23598
28218
17466
26433
29387
1851
9714
29231
7933
1007
29499
27234
6008
29577
9360
13373
1438
5680
1160
3780
4085
3494
11763
26974
26841
296
12326
18136
13678
14486
19859
20910
24793
29396
2205
1414
12208
31600
29354
4606
10158
17285
29049
23207
8108
479
28342
14417
3020
7775
9675
24458
23032
27809
1018
4193
29323
31197
20136
29552
12621
29195
1020
18457
27301
24651
10665
18447
20746
20099
32264
25624
20155
2122
16234
15890
10160
1285
32172
1076
30672
15695
10764
4503
24932
28575
22842
30709
32716
6180
27571
22192
29296
8180
4170
8982
5114
1894
21767
17891
12739
4028
14901
12807
22410
10246
31671
22698
876
8515
1179
7790
22032
28104
16626
13812
4899
28646
16862
929
1540
7111
26604
28322
7872
28825
1956
17197
23360
3310
15455
2570
20673
25187
23897
31059
27013
19584
18695
25208
10952
3808
31403
16773
5878
32402
7717
20904
27
23230
5644
19182
24219
6284
10237
11597
35
9793
17203
15591
8927
27052
5464
5005
20718
32192
24987
27522
4115
29570
19971
1922
14765
6694
6915
23555
3817
4724
31054
23995
23862
12657
29164
6498
18169
30268
5262
30905
1154
5942
24607
22731
12607
27237
6555
21875
31024
11547
1316
28190
15003
28370
13651
26578
28673
9051
25804
4208
30288
8248
3605
18230
858
2374
13736
28295
24710
28831
6726
10991
15814
11710
16271
4962
12489
12260
1744
14020
13425
20411
18972
6831
15495
25657
11678
6000
12718
7880
6957
13650
27029
29348
7201
28448
28529
2948
1381
32229
12459
6012
10702
4598
25045
26658
1707
7474
12259
12016
7838
4745
4504
22761
30378
16059
19774
19839
27020
7778
1690
5301
17743
21811
26911
10369
26395
10881
16994
30068
18766
12034
8398
20124
14285
28630
19097
22698
7837
23237
8438
12368
9901
14281
17293
20461
5366
23500
2088
30828
8134
30898
6831
8553
11865
11930
22870
13462
13994
16993
16661
6238
11656
7528
32345
19912
15596
31384
30201
9629
13450
25763
23147
20685
26790
27020
8504
20495
29481
10089
27821
1736
2804
5736
15827
29998
25972
13328
674
23981
22135
29641
21618
22922
8766
6303
31410
8390
13779
23619
1500
2373
14749
1874
5800
303
12849
24282
9601
2199
9067
2843
24117
28250
27070
23434
25584
21578
15816
3100
4459
16012
5673
28608
2401
12863
23446
9261
11075
10078
9001
13023
16428
20968
25339
17244
29719
1598
21749
17084
28496
15564
31715
9320
9256
30955
32458
8226
9453
5894
20092
4422
5657
17916
18793
23375
4298
12230
20920
30620
2418
5466
2455
4213
3792
25039
10703
19785
29983
30913
9883
13369
16781
17399
5818
17627
27118
17475
4291
12343
15538
10666
29369
21014
1300
14021
18399
20349
16277
29543
16589
32372
29353
29313
29124
31499
32688
12098
19263
3487
39
17794
202
18010
800
2400
21015
29177
16111
16938
27215
19410
2855
3198
18854
4373
14021
10159
27954
22866
3754
12906
10493
22587
10319
6810
26713
27820
17588
17544
18547
8424
24473
11591
16683
38
16113
3151
20515
25932
5780
14440
23062
9978
5172
21450
13932
17610
26514
898
6411
31190
6897
13847
20079
22651
20427
15726
32253
21341
13252
16363
26260
22443
16860
17625
18790
23717
9192
24588
30470
3163
18499
16580
12993
27063
32705
10197
24626
6077
14308
2309
12049
9746
9555
23478
14668
1723
29319
24261
18265
4392
18120
21425
11978
13937
14680
29952
32546
19167
1262
11230
28903
2222
3941
18696
19192
12305
6582
17640
12833
26743
11300
19201
5869
18189
4790
5262
13755
7812
32234
22118
23828
31764
7080
17955
28220
30145
15477
31363
19463
11741
22761
11023
11246
12238
2915
4858
32098
2577
20987
31563
23393
18815
11448
12351
15430
14799
27652
26088
21477
3933
17244
20507
23511
24105
29772
29065
13843
547
9627
26156
7614
23718
15043
11493
23109
2882
16291
13411
10408
31678
15480
12102
20249
349
1546
29572
3781
20321
24099
26892
26610
31950
30789
19370
25674
30064
13980
17451
23414
31775
13106
7361
26095
8770
26978
5289
29201
22674
5007
5898
12146
32033
4374
22817
17521
2714
26752
9115
530
19658
14845
19266
2569
15967
13838
7388
6932
29680
27777
16464
30606
14398
1954
22283
6722
15802
18352
22946
11645
2375
21134
30905
30823
31296
11195
1315
13970
5053
26756
9035
3540
27410
29816
19922
5714
24473
31261
27513
10462
32690
17377
31810
26499
16135
10579
8658
13405
25109
23699
1818
2734
17128
11271
27446
28207
21285
3152
21397
25764
32590
32381
10587
11699
22338
9854
17923
11510
8195
9691
13129
14927
12988
3750
8775
19580
19715
686
24030
12779
13915
21237
15447
19407
24317
13156
21578
32627
23512
22206
30911
20942
25558
1747
16532
24921
12897
3318
7455
12829
29478
32432
17427
16
6936
17078
28840
2977
21176
25113
16374
5266
21908
31165
11426
30470
27406
24588
28093
7899
23647
21227
15593
17721
3036
16877
18366
11371
4471
2247
20588
19950
136
11781
16801
11976
15054
31227
14765
19995
29872
31229
20708
25082
20169
17363
8003
22139
10404
3431
17751
17166
4292
27841
31835
18957
30184
21557
29089
5780
32141
7899
28979
27794
9139
16704
9145
32544
2020
29275
25501
274
2931
24771
28014
9164
9474
18463
28546
30808
3398
31453
15584
26293
10511
13351
10076
12145
21634
17938
17668
11130
29609
30745
9403
15921
27695
10699
13860
11712
27748
3520
26818
21933
9095
4305
18013
26544
20293
16776
3239
11970
17021
19414
2591
2167
18758
23812
16950
2189
3635
1004
7344
31429
25814
24937
9294
14065
7554
15628
6314
31567
18005
21009
22370
16661
32118
26769
24696
16205
14492
3833
31225
4067
9680
1978
14045
11005
2419
16194
25903
11402
15746
24108
10094
6174
13849
19379
15666
3837
12086
13421
16146
11382
26560
26934
20934
31858
3528
10857
5257
16460
16398
13143
20161
30179
18631
6641
8418
21742
30109
22216
15504
13968
12536
2360
26628
6957
16508
19423
20656
17019
19667
11604
28966
2524
5804
8470
3638
1259
32003
31939
3926
1108
14499
21899
13896
32490
28906
20963
31222
4339
3533
17278
2209
1478
27419
7545
13626
8089
20742
6870
21520
4500
21983
10539
19116
24618
3361
27547
22265
7080
10161
27142
20905
10510
26980
16509
28627
3359
6082
25337
18401
28084
17930
18764
7593
15701
8822
5975
14810
17674
10431
5502
20634
111
24036
3417
15213
7
31016
24236
2649
17874
7769
24730
12360
20514
3416
25365
20141
18090
27350
25753
25706
32216
1628
20506
25586
17509
16782
22331
29866
12074
31920
15552
25494
22325
11369
9030
1841
15900
31943
13361
6812
19601
9604
13031
21499
7991
21384
20540
14877
5556
19374
21036
32091
22536
10955
25552
22466
17949
26349
8587
14452
1438
30176
13701
15947
8717
15607
6234
17856
29456
11784
18963
3595
15628
13753
5973
14732
16373
24314
16088
11626
10341
20435
2843
5242
5867
864
13398
2402
12709
25882
7857
11262
29713
12631
18611
9730
12576
16149
32253
25313
31628
5875
8760
32494
26732
31616
10316
12737
24582
18104
2514
14301
28900
16588
21197
32656
22826
21538
5524
7450
14886
17053
23315
18961
10793
16414
25395
29699
6293
5707
18839
7774
14392
13711
25225
7053
25560
22369
25652
24932
12559
5578
12307
31934
9562
7201
20649
26724
16748
21786
32627
19249
22216
14847
18203
24948
23438
10044
5614
5526
12437
23073
21648
3069
3515
31716
21742
9775
2169
24037
11637
16699
26811
19254
21634
13141
16366
4955
4121
19648
30298
12878
3545
24561
17074
14791
14127
5361
16361
24505
5579
3075
5448
22048
23632
4999
25790
20474
26448
29982
29559
22419
19063
7695
16559
23046
15878
9961
32457
3073
131
32362
8859
3016
175
15264
32013
25725
25529
23374
4834
22174
15281
27793
9941
2511
575
28867
10728
3034
11157
29344
1529
16628
26018
6311
30358
10562
22409
14019
25618
8091
30033
9003
29912
30096
15326
21127
18688
4265
26912
32596
5152
27890
1162
24713
2405
10422
19398
13179
19938
32139
22439
7422
25895
19086
3423
9677
19478
5104
12274
22060
13810
7090
9706
13515
8121
30636
18253
11502
11700
18644
18380
8139
1868
30653
4413
9523
9503
6750
8779
16245
17747
26389
17772
1664
31274
22764
13332
3655
1751
26906
31273
3178
32401
461
11702
274
23013
3622
20195
26396
30288
19333
25637
12155
13325
16392
9906
3031
9772
31310
21304
19578
2276
32385
29390
21869
29226
1171
12331
28382
28802
27591
3349
29893
3094
1908
3101
10696
24069
10502
8842
12635
12797
2885
1683
29995
26124
730
11729
31165
31923
6158
4083
26194
5437
28118
436
17423
15950
6669
15370
14426
22207
21248
25504
16007
28841
5679
9351
9396
27328
11346
13865
20465
13283
11931
23422
2981
27889
28987
13186
26669
23773
30503
28134
27845
27397
21276
14341
8364
5055
6624
30235
12163
2869
18892
7345
11510
628
19335
15964
15263
17087
28692
8615
6951
4905
4111
29518
25007
7267
12339
26797
25710
16082
20256
26231
5019
3812
16475
32683
19853
27557
14487
24772
27937
25485
28467
31537
5980
23452
30979
1284
3153
11434
16467
8430
32581
11000
15913
17003
14866
19466
22731
8762
4041
24249
2945
22288
25243
2436
15260
26253
16634
807
24247
25199
24059
14703
22077
26118
26879
23116
9260
2024
2194
29480
23832
5093
31891
6775
31602
8509
11158
22415
30730
22801
8070
15546
19411
280
13711
26506
16102
7827
1338
23405
10442
17795
17114
27265
1523
26649
8488
8362
1672
14958
30250
25825
31338
32372
10073
17615
15985
19501
8450
7834
3833
10778
23789
7423
25501
2551
15421
14753
14402
32165
14487
14752
26456
14440
12422
22638
31068
12370
21278
5342
3489
29695
28384
21630
16465
2179
10206
20775
12718
25505
22816
1234
4766
22078
9541
1965
23143
31508
31341
5231
2487
32171
3415
9960
7911
19845
4039
26844
8064
4505
9771
24849
23295
28676
24701
6311
19157
32250
14955
10920
13234
27650
26294
29152
27651
16995
27096
18671
27578
16857
18409
4252
2381
15501
18883
28780
2049
31556
7525
1396
23400
727
21909
29547
17448
19939
3274
3075
10751
20161
12104
121
22276
19897
12429
20843
30768
30578
12268
28907
1820
12205
20600
19153
268
31795
18467
10069
3885
7180
27175
7133
1051
7922
12453
32275
21158
4358
2444
3387
25046
3777
27325
17860
25133
21804
29037
4892
2091
8788
4298
21449
20504
31224
5089
25526
12029
8838
30399
8394
21748
28230
23254
7615
25761
9428
6819
30514
17409
8403
16526
32502
27234
30176
25874
12718
20403
12997
14365
10907
24830
5103
14778
2482
7731
14883
26093
32754
17703
14700
22494
30196
11740
5208
10298
196
15363
30563
2775
6383
2495
18612
28567
18397
12204
24583
10894
16225
20000
31467
26471
3983
15281
16685
27651
28366
31991
28052
28260
18478
27027
28366
458
1019
8815
5291
24347
16018
15688
7561
3208
24947
18794
14352
10350
21144
4539
19743
23418
11781
16379
9733
13841
15777
17738
17141
31983
9028
11243
30132
10510
26897
13895
5269
7881
27654
28469
22951
24641
21713
3960
16941
16128
4837
23689
590
20700
3534
25752
24846
11294
193
15309
4221
12004
13432
7891
22062
21956
2877
7831
6123
26034
4932
14669
8359
27940
4925
1205
12724
24692
17706
19868
13367
21893
13166
20645
7896
8873
27687
28745
25534
25794
32446
3101
31418
12456
30653
23891
23490
29643
20192
31876
32162
18458
31598
29869
11502
16163
8905
1911
20283
26747
5444
1723
26254
5984
3382
26437
26901
11165
25677
28888
16661
25006
13092
12147
2340
28197
3863
2515
22680
26700
23126
8505
13375
18444
23096
24173
30545
31501
2002
20483
18594
21791
20169
15837
28700
24537
11876
5617
8301
19839
28901
5708
2301
4905
27930
22615
17443
28194
1583
8538
30104
22671
24006
7230
11564
12625
27721
24727
25015
6956
29567
27362
6227
22312
32606
27146
3016
7735
26913
1586
26696
15897
4250
1198
28509
32125
16328
27986
6175
2921
27820
5360
32682
32219
19801
12572
15823
9137
29259
22834
29194
11718
23289
6299
7348
29534
14509
30283
6266
21956
21396
5518
18446
1841
17937
21509
19484
14576
599
2283
21888
29888
22071
18845
26550
9594
24886
22362
8082
4851
12515
6727
21041
21796
30568
19894
6191
648
4190
16807
6426
7622
18406
21903
11047
1680
6133
4185
6948
29131
20463
31147
12462
11504
23160
6250
17060
12466
5511
14976
28636
18145
28859
27101
20500
18318
17907
12987
12587
12656
8217
7975
13457
8582
25662
3005
24828
28158
4332
14771
31836
26710
1975
16921
16914
2753
5398
20062
18780
5324
10865
14871
12308
23361
32379
508
23963
20299
1986
9267
29200
220
1413
21970
13765
8268
2757
12703
7411
17219
16286
17434
13228
28888
19672
6333
1554
14586
9658
11394
22727
23311
9246
27046
17828
16348
10955
4268
4270
19109
16894
12966
18757
17813
25162
8368
2975
28000
24994
29885
30325
24614
14005
6038
10492
29595
1658
26655
23831
13925
12299
26588
29131
8389
19126
4277
31219
14458
19025
14326
9013
11234
15823
8858
2356
10339
23569
11977
18695
28681
21246
13983
26859
29296
3286
4143
26676
27877
24515
20168
2954
21960
23474
10615
14673
5940
10848
10956
31337
23779
13752
3553
29464
31051
2140
27801
26692
9741
7298
8998
9446
9104
3329
3278
21435
31721
23723
32238
8509
27903
18398
7999
14801
15852
21590
3672
30786
934
4933
26484
22638
6366
18854
7286
575
19752
29390
15658
221
3933
20804
5326
31266
5949
466
16593
31311
21081
17628
9434
10237
6193
29169
24588
29782
27033
18848
10121
7044
16225
6541
10804
2410
11316
26308
25020
30354
21953
4684
29910
20839
2329
11264
3785
18341
28248
26522
20528
1037
8072
26641
15611
29789
9922
21797
19384
11135
10134
28471
31249
13313
14254
5471
2709
26309
10925
29113
20411
6650
21853
16383
10275
15434
3082
25181
4128
12373
24617
14464
27764
31839
24894
27889
29274
8773
25852
11425
20682
13238
6829
31941
32504
30367
28116
8931
21534
11751
31761
21293
19579
23133
8774
6415
8091
2031
25848
11780
3034
31516
14328
12973
31524
21164
26946
32292
25854
29086
13093
30606
4554
17762
14756
11759
9030
15432
30493
8771
1623
57
23592
30666
12805
18853
9922
32419
22470
24252
13483
19612
26879
4833
21772
22601
5576
23131
23901
19027
10480
17998
1414
30995
25920
31978
20292
16991
18436
483
31951
14244
21704
25377
23226
20533
20064
7608
24858
5603
299
20250
28650
32718
664
1676
10926
28539
2536
19158
14167
1062
17974
10303
25703
14425
21941
23224
31317
32189
16954
26712
15411
19249
9978
16392
23438
20761
25492
12416
25494
18424
82
19314
24446
3394
10155
2308
16422
619
22797
16260
17656
25156
14554
17239
27664
135
8625
17203
11679
10160
23278
13455
1681
2319
6260
25687
5741
29468
10154
32739
21629
16906
28099
10794
8240
16031
6979
28979
12476
24386
14526
14285
10247
8022
28899
26496
19656
24774
15290
32451
12265
3041
20266
20335
16689
24937
30910
372
5919
13030
17577
11723
28185
30016
5639
9644
8902
24973
5221
14848
11192
6184
4740
5913
22094
31235
21082
2209
19160
11326
19034
14800
7165
31224
20469
17890
25946
2149
19297
11465
15724
4384
22681
31
32432
5827
31141
23646
11272
18358
15899
595
29793
836
998
9424
6547
13556
13638
16034
16008
31254
10264
1218
24737
17820
600
18640
85
30251
18404
24508
15644
4722
30082
24775
26763
8123
19749
20650
21696
18111
14188
3348
25088
15039
24172
3162
3999
5840
26031
17770
5152
9591
25468
21506
16542
18037
32601
11551
13163
26340
22991
30647
7670
16259
8557
23978
8690
19791
30992
26871
2484
14419
4961
16683
24541
7360
10142
23840
10810
27200
9118
31971
19432
19848
16143
32758
21180
22572
21507
27576
13281
23224
8363
13857
15299
9468
22113
10418
13612
8359
6636
28588
2989
31256
22784
10625
27968
19312
6405
2696
12075
32236
8985
26868
31272
21874
12632
17671
450
23145
347
8579
19202
5582
28670
16482
17995
21380
615
6086
16515
24300
68
4915
28531
28086
851
29948
7537
11511
8232
27643
14396
9339
3115
12677
18215
25692
25824
17309
3194
12499
31851
3944
22037
8271
20307
8162
16726
24516
1926
9422
30269
4422
12445
26099
7630
30934
354
30341
6071
27516
24207
15586
13107
13462
31449
8831
28462
25967
14381
33
1450
17171
11834
6736
18017
18018
31279
16904
1196
25188
15302
28083
7331
1244
25473
24148
21382
1312
13875
9477
5980
29991
10691
7331
25049
2276
32557
11208
17029
2002
15817
25337
21531
31953
29648
19233
8495
6192
24604
30782
15380
30731
26927
13403
3581
19159
1399
22206
8546
59
30929
7010
27558
31777
2891
3752
23030
14
7470
24905
9588
16046
15420
14479
12949
19892
7734
20165
32711
27105
9377
30700
26456
16737
19914
24239
14483
14430
14088
3481
27692
23504
5185
6278
30686
30354
16559
31319
1362
31931
19684
31466
4163
16683
11788
12618
12256
10596
29299
30242
3953
21404
8007
23160
23102
25360
7070
30359
7852
26266
19642
9549
27818
3462
18316
32599
13131
7842
15224
11034
8628
26004
31320
21652
3897
2672
16835
24977
11971
1930
10639
13858
4469
12681
23444
7499
15503
1469
30899
10748
22162
12979
20248
9282
12197
3846
17851
22207
10551
29303
8493
20568
16614
9536
1425
28205
17055
22950
23016
16846
26119
25550
28819
10156
23322
9169
6418
8653
2578
22034
32530
19140
2699
15824
31399
29921
5604
24055
13782
18853
30952
13372
19286
32120
18606
10856
17047
27550
24253
12788
3332
11880
24692
15831
26758
1959
21930
3740
19273
11622
4753
1207
15554
20185
30944
27929
16369
26000
21553
31746
13027
9968
21927
27159
18300
10724
29397
26548
31091
5328
11227
23171
9630
26567
31954
6478
9840
14077
32363
6673
6592
27007
31186
18004
13259
20513
29657
27063
17277
10424
29522
28367
19436
24970
1724
24112
22310
12547
19747
21451
26156
21930
1601
24187
8766
4691
28137
32218
13145
14997
26278
12889
24575
25470
14239
21392
23094
3206
25021
8402
24019
21698
20496
16389
1016
4186
26479
7856
28636
21053
14687
26966
14538
15891
24119
3331
13677
13940
14977
30500
3146
15191
13218
1947
11662
3277
6078
26899
6666
26095
15574
17297
7036
25620
6963
32076
21008
28232
26376
32191
15142
12538
27987
9980
5462
501
14340
31043
17841
16530
15713
5331
8778
1579
7849
3584
17910
15058
14839
18310
20815
25155
4970
18205
15615
13592
22915
14414
8507
23100
2254
4484
5773
21666
29381
3942
5079
31031
11249
31332
28053
277
9554
27280
23138
3065
29953
32176
8382
9975
4628
13201
21006
11116
1986
25758
14052
2613
25544
1712
20609
22302
25610
13352
5016
10397
10110
10556
16469
8129
26182
11150
31646
11365
29980
4099
3481
25001
6131
21202
26990
28323
26587
30171
25166
3921
20518
6459
12724
2514
26313
541
13034
3030
9221
978
30672
31828
15686
32549
6873
5499
10059
27624
29270
23274
903
8403
2295
16419
31943
19855
32654
4925
22294
23309
15383
32730
14045
9756
2550
15961
25423
18491
3967
17229
2052
25259
15547
813
14820
8137
5993
7757
17223
24219
2116
2316
31579
15529
3460
1103
11461
29198
30375
31279
20363
13262
3441
4847
6705
4202
20530
5681
11810
31410
8519
27753
25426
30427
4067
21649
30498
7633
7696
8735
8836
27342
10224
5940
23391
1836
20553
12054
17717
2168
5696
27872
5379
21703
30821
632
27752
8525
18672
25538
28682
16171
5962
6675
7478
10889
21200
27625
8902
4069
2771
11481
16712
15274
28643
18888
30300
10245
31309
25950
30558
7412
23010
6328
16197
5792
4858
11357
13259
26092
27833
23924
9679
16206
5265
820
12535
11230
6920
10395
16025
4268
11708
28259
12252
16471
12964
18738
29466
19163
10392
28689
2185
32683
28948
3871
14875
22016
26425
4742
2722
12144
26644
7599
8248
10434
12323
690
11742
27905
12821
19985
8291
16079
19154
15013
4744
11260
30395
8664
19553
8023
27699
15381
20990
17604
16222
17789
17739
29583
29480
23260
7989
4864
7050
8923
1038
11568
29961
6007
14131
9242
5503
945
29164
15605
6685
2439
8595
30146
30385
17444
20729
22817
18981
23124
16645
17512
23624
5434
29854
21494
10450
20293
13259
27077
7074
20320
18969
575
25161
25705
1086
19283
30412
21733
12539
12743
18342
30450
10567
22736
8461
1148
9129
12256
15222
32692
22246
6847
4955
15294
12252
24541
28220
23978
7854
20711
12516
27046
16161
24984
27373
12402
24646
8402
15238
12564
12122
18413
29556
17100
2538
21583
6231
6986
15162
24380
11567
1311
10472
10224
25630
23154
13005
1003
7536
6132
18980
10637
22488
7190
1006
2274
30204
26233
10901
9919
32052
27557
4815
11790
12687
20735
14277
11110
13080
9461
25205
9951
87
26492
24660
4132
538
30396
3384
12489
1141
13321
13430
6367
16647
29974
3399
14790
24191
5477
22129
9027
2399
15362
21795
5842
2560
10609
15136
25918
31702
8677
14367
19054
2550
18355
14962
15234
21717
31237
8935
23327
25939
3027
28652
2054
20728
26383
9206
14828
29565
28704
27427
8326
24974
15762
17438
14563
30926
30732
12355
19710
12572
30338
12035
4500
4885
27307
2186
22067
30681
12726
11168
31636
30226
7481
8909
9258
8243
18538
25793
21243
30718
19857
1010
27823
15177
28605
391
20198
28161
3254
18293
29135
17775
27444
3560
18423
22714
14670
12260
20574
15022
20277
13100
3792
24763
2594
1891
24178
31553
21389
16497
21148
8971
10400
20520
6630
25
13803
808
6022
19874
23385
17663
9945
24409
11363
28565
15679
3056
16515
10696
24108
8410
26604
6483
5500
17238
6264
27636
27655
25257
9954
31694
2678
8106
8245
4876
32341
19844
22404
4807
21865
28600
31708
297
835
22881
19063
17107
17685
20924
12594
893
30661
25063
30017
4572
5184
12265
12834
13001
17937
2803
17615
12191
20530
3302
30520
9189
13345
29972
32752
20013
20279
8267
10791
26683
25142
16912
14808
19050
14113
17192
24643
24140
22864
26973
21662
9361
5059
11390
25864
21034
10679
23720
5054
18606
32119
32196
5265
28156
6517
31825
16024
10018
20377
8036
17954
31357
25305
23532
21230
7458
28426
27963
18079
28541
757
22210
18282
11576
8366
13084
25362
21598
6177
29775
24086
1985
28654
31054
809
28825
20599
7362
1762
25453
9526
8457
21429
19511
26709
7551
21026
9667
19576
20733
300
88
14558
32160
29453
23450
19368
12748
552
22447
22136
8816
21055
417
2366
31371
29158
16131
16207
17391
12343
7384
8888
19781
31432
1456
6609
12625
22490
8980
13077
25463
20691
28196
816
25982
24815
13183
10586
2709
15410
3683
28132
27539
673
7958
12048
28803
13233
132
4134
4960
30208
16681
7876
16413
1859
25393
25206
30184
26751
10206
2694
3504
6781
10795
11798
18917
32376
3247
21099
4991
12056
16067
11148
2113
26020
7399
19212
15935
16243
28770
12580
24734
30627
4649
29701
2459
26894
13570
29035
32206
27770
6889
15990
11440
26384
14771
18870
6748
7440
4849
25476
5778
7362
17175
8345
25857
21936
3038
19161
15046
12306
24038
21616
13616
14474
9632
288
11718
13329
24427
14809
3979
12337
14077
16011
4480
25462
13829
10808
31339
29215
17934
32077
20951
27416
2471
8754
8796
4397
20673
8224
12576
17528
11352
28723
20126
8219
25942
10432
9382
8245
23220
29416
9637
25614
2786
32365
295
24725
19561
26565
16794
5901
31183
17517
30549
9219
5306
18816
5337
14979
9305
16520
24662
24459
21248
16020
7793
31168
3858
20875
23108
2400
13092
6079
28326
7288
31071
30149
13485
21335
15910
24197
31602
2370
22009
24973
11540
30057
31386
29611
17664
22554
4974
9658
31599
2101
23845
15804
18992
29920
13470
26153
11943
28539
2308
26503
19734
20951
14654
8251
22811
21666
24710
11935
26490
10790
22103
340
3357
12596
25997
16858
28505
21594
32456
19805
10611
26972
27153
12242
11107
9442
15296
21827
30167
30319
4252
25959
22395
24722
21829
32118
3960
8544
7375
15419
31034
16161
19120
21611
9591
19786
5084
6453
1133
32172
6958
14618
1387
20970
11530
6911
20370
304
24129
4481
30685
26146
4660
22664
22623
2323
11325
4383
27852
6776
28746
12163
22587
29084
22219
3961
30762
25493
22479
8933
10435
1654
29033
28313
7774
13510
27993
18795
30790
25905
10728
4490
28864
10878
27156
19474
20041
28609
28909
25309
31264
17618
27711
29853
24580
20221
29297
27431
31551
12795
6061
19474
13539
1313
24130
30593
30548
10456
1606
18749
6918
4173
127
20487
4232
21354
2180
3884
27586
7428
10783
32345
13435
18774
13814
15281
8222
18606
26986
9245
6333
6758
19904
17891
13654
29718
4734
24955
1877
26888
26392
27806
24923
9708
6092
19359
31550
5325
29131
13566
5969
32068
12953
29499
3301
29932
1718
30952
23567
13333
23422
31490
11948
8893
2126
1409
27299
12732
4840
15918
14698
21566
4889
18869
10444
11638
31129
1787
18665
18065
15922
5297
27518
24809
14628
21802
26726
14460
11209
25705
2913
19100
15477
13439
3861
29928
27040
17428
18770
122
14407
9027
27802
28002
8591
15019
737
4691
940
2242
1425
25757
6657
18797
14033
31835
16520
15310
8199
10478
1653
31325
22939
10666
21526
6459
32767
24270
10238
32451
31212
1722
12130
10849
29678
23388
15811
23975
13602
9196
26573
23453
12606
3801
17792
12889
31699
26627
8077
17104
207
32554
3075
31468
9798
21158
15914
30175
15218
21081
3503
30390
22776
20195
30978
28977
5740
26900
9981
5330
14616
5543
11206
3636
16377
2349
5366
29342
28939
8263
251
2520
19399
6168
17851
27197
1257
11002
27257
6930
28534
25968
30973
12566
30462
18269
27119
6490
3870
1395
12421
1619
15434
32493
10590
13102
6601
15233
28845
29027
257
1424
25497
13453
13813
29857
20708
4217
15628
31757
7371
23933
15892
20987
23598
30475
6278
17039
10993
18565
3340
17247
16802
7251
8256
23335
3676
24884
6839
12733
21739
22993
19006
23623
6704
27288
26723
14763
24263
31175
19000
29511
27880
5575
15699
30179
15755
21948
13849
30435
14544
10330
13117
22977
21917
1274
31363
2491
23689
13037
4810
7113
20985
6928
8009
19666
19336
22432
25
12319
13485
30288
23539
8720
18072
8345
30524
21262
14172
7762
31806
32448
25683
26240
6329
9090
31678
12911
5274
19987
27053
18178
17930
19853
3103
26695
1706
25499
29289
11086
3613
17638
11228
6716
21960
32208
27042
24219
27093
3941
30697
26100
19326
22670
21060
13472
18568
8072
22349
23259
27661
20373
24464
16410
27775
16114
15268
14495
15082
4360
23963
6474
6009
2278
12701
15794
20284
24559
27087
13428
1832
29904
16761
1483
14432
26294
31593
18529
16819
28861
8082
30821
12901
6571
15353
17630
12850
3038
11474
18239
10896
10627
12261
22843
5429
12553
18231
31962
5081
1493
12007
2765
13629
28984
27222
6911
2924
28574
11402
23404
30528
24072
8149
18742
19753
7100
20657
32757
14122
29754
16367
4943
30756
25971
24593
9930
29783
5686
500
14301
8998
4331
29874
20045
19994
5763
23750
1719
16682
7599
1649
11112
20538
21072
14173
20341
21985
10543
17281
8201
3951
23535
26948
24569
31279
24896
14565
16798
5609
13653
2842
4835
12459
1687
19191
28573
8137
6811
5906
28187
2595
32593
32229
31230
10150
23679
22899
20811
6678
31086
3631
22463
17162
19172
12569
13411
15160
7505
22826
28000
20210
12109
8178
30227
9201
20546
5504
25444
27730
22374
11138
14932
19166
1773
23469
3286
19598
12156
3423
22752
6990
10208
32387
24001
19970
27904
13238
23477
31175
32272
13223
29111
26747
18696
4548
3478
6271
15189
3091
8779
27067
19150
16477
6282
7139
2793
15506
11671
505
8751
28265
13403
3860
13293
13895
27831
8287
4653
8546
25880
10340
19428
3878
6732
8075
27501
17880
18836
24029
31030
14969
10490
16910
5818
4077
31204
18875
17839
4444
10730
32496
12160
11225
30181
24301
253
11073
17224
7722
11858
15974
9140
28056
13109
1645
14022
9514
9060
13685
24116
30612
8015
122
30744
4947
273
26744
5003
21741
21925
7891
21366
28282
30295
2294
29605
10339
22136
10042
9245
8042
22870
25354
11952
9194
17516
2118
6862
7776
8661
28132
17310
7467
9991
4573
5197
28560
29629
11335
24231
29185
15669
32190
32740
28575
14748
23817
18372
15613
24519
18427
21982
28711
20259
31638
24884
23011
29679
22391
7692
9270
15272
4206
13819
14890
28101
30316
1603
23759
31909
20898
6239
2432
25286
6887
2267
5479
24631
4954
20585
8772
11344
32585
9010
20585
28576
2130
23146
21001
6695
2760
7207
17331
27077
21081
13683
28186
13555
2541
23199
21783
19889
25296
16859
14321
4287
14100
19460
26331
29968
11057
12221
4542
12156
4847
23233
29753
16053
7558
32120
743
29564
3331
29896
32224
18709
31981
1581
3202
8696
31785
8716
18033
15561
32283
8260
19932
30090
26382
11015
24322
10000
14294
19432
30965
16563
7347
20276
926
25674
25465
29062
5890
8279
7406
2966
18371
6782
28020
12370
7402
15932
20712
28976
4835
17365
21961
15554
20425
9102
5021
2955
27877
18717
24720
20241
31089
7006
2655
22323
6817
11335
5748
8637
27876
9502
19795
18490
2663
17129
5428
9
23258
30503
24561
24755
4216
189
12323
25724
30273
4403
31112
22328
29578
21024
24745
10080
26808
24291
7609
19813
18761
1684
1727
15684
5908
27195
1272
5723
8913
19263
31094
1403
13787
7713
21774
3390
2357
13673
26481
10395
11723
6369
10649
31671
18939
23810
1895
1790
20564
3756
27786
4211
5022
1818
6306
14148
23578
15380
32421
26018
25099
24678
13186
5327
20852
26770
12293
6009
15140
18370
27131
24134
5872
30976
2198
27312
15168
10409
14355
25619
28109
4639
24729
772
29096
26047
17509
18149
13951
19219
18724
10678
3356
21320
28832
17966
1326
28642
17567
9227
22604
16814
14856
7846
1591
21496
20296
6602
1631
6143
27124
30918
12969
13478
14256
3009
20336
32364
5711
26446
21706
11166
18236
23105
23820
6348
29208
30144
23696
12665
15012
23453
1717
20758
28130
18147
1064
12338
2679
686
24162
12779
10324
17216
17522
9640
917
5458
3325
20746
11945
22440
6531
22047
12212
29416
32483
18905
3377
17324
5922
3775
3548
27350
24680
18403
12239
30756
19787
30740
6891
8964
27216
8532
4729
1449
31919
30861
10769
3678
32343
383
16827
6938
6962
9981
3413
29525
5034
9049
11061
5147
10348
19741
3599
607
29548
7163
15896
6033
21033
31239
13675
31859
17714
13604
23468
17960
26857
9404
25836
27021
27527
22453
6093
30925
9312
24224
16103
24368
12393
1587
18794
3892
14327
5625
24324
22239
16841
26440
27397
20051
14153
26740
25281
5283
32271
24642
19253
20197
19111
1439
16878
7561
4244
16274
3367
31721
13204
8560
30514
15904
24102
30543
31001
8480
8522
30396
30852
8447
16776
26545
7389
2450
21811
22977
32691
30013
6127
14742
15452
11785
6001
23197
8927
9463
7558
18688
4625
29589
31575
30677
15613
7118
6635
8085
24457
31238
29677
24783
9815
7527
23728
32541
19946
31349
14448
18520
15626
11241
2523
31752
7785
13756
30927
18206
15750
32386
13926
10214
10962
29433
25136
20023
27410
2018
21695
19437
13828
3599
29545
10648
2117
3262
29001
13174
3186
5669
8583
4767
8077
19022
16089
1664
29859
31781
19530
21130
7084
11472
29499
13355
28595
20798
679
29950
12343
5635
29611
27967
18896
5475
5957
2689
4630
13228
20828
11939
31422
5578
1280
31488
6
26133
5620
23526
22100
23405
9065
26698
6937
13961
24589
27065
3324
10636
11076
8338
3893
24025
20405
6259
31798
3113
2825
8433
2961
23259
17135
16012
20246
30347
2916
10209
2875
6373
25137
8994
28354
29115
17333
22468
28053
9814
31972
26743
17141
23306
24208
26971
24275
31501
13800
1649
17022
12938
11838
28240
4223
20208
13
21785
21441
31120
4410
9132
16886
103
27290
10012
32053
8504
9909
21601
6376
2783
15817
29773
26085
2273
21266
19394
18907
3399
26441
5153
9712
3245
5227
22533
4264
24726
14011
2098
26377
9218
9994
23752
30973
15939
27190
22205
21751
4108
31217
30089
30425
30411
2755
29987
24086
6712
29522
10285
20243
14382
6370
17003
17364
25275
1304
10106
20436
25715
2307
4543
31540
16137
4445
9629
22808
30752
4109
17643
23887
10334
7921
13989
13618
194
16347
30433
10190
14904
24025
17157
16709
9067
29626
13880
19825
16603
31693
2582
26059
13103
3308
20392
5771
22476
18617
13459
24337
22438
32552
10383
4484
6230
11070
30491
21945
17262
11544
10608
21334
22537
25902
17587
18231
31398
5337
14446
2064
30518
10259
4417
15956
10611
19582
17365
21334
16244
31145
9234
23471
2686
20110
23698
223
21022
26719
31317
11831
23924
5762
24758
1270
9938
4058
14749
23474
28038
3400
13815
19705
6643
28017
12899
6457
10215
17858
5166
24541
2856
1202
29314
29625
16976
2375
24538
20136
3035
21468
26553
26739
29055
13345
5276
29941
7612
6243
4653
19837
12211
25102
16313
2420
315
25456
18148
2624
4914
27327
2716
32359
5137
32350
587
8184
13507
11868
21841
12839
16312
7998
19121
567
9781
12798
24842
28573
30702
27987
8906
16226
30934
3123
2718
16073
18742
21910
3117
31026
21500
8574
5381
1342
30550
12084
6613
11572
7040
12500
990
30371
11227
12299
4772
19785
9790
12320
1513
21812
13456
12593
9179
10279
1175
30912
28557
575
21003
17262
9124
8662
22255
17413
17747
24232
5665
5052
25481
15412
13359
30647
22120
31590
21100
8142
4858
28530
8259
17039
26399
6659
5836
14982
12746
21141
4765
2236
27501
32031
16355
24701
4786
5110
3249
8286
20844
2286
5527
23679
28109
16834
16503
24078
23513
13238
31124
15372
794
25210
18156
29012
3222
18002
9672
5081
19710
23924
26257
4399
7976
27825
31461
5197
17087
13144
27114
30865
4922
5720
24290
28164
11018
1700
1536
13024
18200
9948
11130
1615
32366
29737
20704
14454
8756
30313
11436
31666
23007
15244
18458
23329
20389
8765
12090
31333
308
14277
26435
676
2211
11565
7978
24787
29097
10147
20083
14645
28429
28704
13896
13342
1117
17991
30920
2045
30691
23183
15009
25753
8405
13220
737
9115
26060
779
19721
25165
32631
11525
355
26785
21393
1975
18326
373
31760
5511
26488
10261
20128
16073
11299
12034
30799
20123
32075
17394
394
14093
8911
29975
20040
24710
26253
7076
28293
2147
2171
20366
21234
29408
14580
18575
14827
29756
3407
20593
26793
5400
8886
10889
1209
22049
25397
5250
8620
22254
8466
17500
22289
25643
31837
1971
29344
12536
18119
26693
6840
16268
22968
31151
29964
15646
4763
13431
9625
21765
27005
591
14811
16158
21974
24472
21568
3438
30118
13862
11229
32008
10948
21827
13407
20017
8819
10998
581
26563
31543
8837
16205
18895
31975
19512
17196
4998
5890
12896
9346
8282
6470
32664
22029
96
23167
23115
9245
20473
16798
6518
9800
12977
25866
13999
31070
30055
13371
8551
21920
7087
24452
22380
21804
23668
29232
26289
32444
20962
21201
15442
26768
24706
7637
25811
1961
6567
3674
8617
32568
7434
26948
30715
1110
15793
7820
7337
10741
28181
5338
24974
10519
14211
21335
2050
31038
16579
32188
7331
19747
10232
22192
16470
18346
13255
15440
648
32022
8123
21263
12474
5241
2024
21184
16188
7535
14287
10737
12088
28172
24706
27515
5619
7443
31241
14935
10576
27753
21507
10163
30102
14281
6544
14149
8306
15288
19567
32224
23872
18620
31588
3653
30342
14025
14301
10299
4289
11516
3796
24034
2661
4492
2295
9028
7455
13821
30215
31789
9309
5014
1918
15421
11536
11286
32372
3387
12976
25251
28867
12204
11649
24835
26986
10660
22038
23822
26671
22493
16915
21091
1161
5382
15927
1115
14268
27485
2457
23611
4678
1152
22065
30638
24698
19328
12955
31602
619
30008
16664
32337
31499
25309
24534
8275
31380
4822
9841
8754
26663
5069
23737
4366
11955
11782
20150
23138
20761
14063
8681
23607
2446
17145
4053
17815
30784
10663
10686
23365
9532
4068
2481
29867
22927
27802
5316
17684
5035
15232
12959
17691
6925
21044
7739
20579
30493
2953
13290
19337
19798
15650
24728
26199
27302
11072
5712
20027
31768
28376
27138
25847
15024
489
16003
20377
3734
26124
8405
29102
28024
6477
14761
10419
30761
19769
30754
23500
7054
5176
23004
13241
14522
31005
29741
3845
6232
13564
8874
1664
11593
30523
32493
5616
27279
29676
1430
15620
12394
11354
3216
11401
5312
9698
28310
21472
2754
773
4085
25264
11725
12987
8339
4824
13198
10761
16176
20136
18794
23509
25068
1872
24861
25338
10249
20376
12449
4760
30963
3794
26961
24749
5245
24589
27214
24298
30830
29068
29218
13759
16188
30839
5027
21945
23575
3279
29210
21261
22569
423
2213
8053
29981
3474
218
5690
22750
22360
23725
3730
9889
15085
30612
26669
10533
23203
8937
17931
29241
20638
24975
27536
4992
5256
1752
28634
21617
27015
15526
15186
2465
26732
13521
897
28997
31278
2505
14630
14578
22166
4733
7301
4264
23355
11643
27649
28431
20145
18264
24813
27392
25598
8274
28320
20039
4685
5428
30663
17832
5351
28538
28160
21024
10078
182
4004
24428
21003
3378
14307
9168
23227
18903
29975
11537
11686
29005
22866
16067
21153
13412
14649
26059
17044
2483
19734
25884
12589
8319
26664
24516
7894
31454
14910
25644
18149
29467
20356
15515
15891
12381
17052
10493
21808
20100
21744
26083
5141
15700
24903
9418
24793
6869
23703
22944
10056
3321
22810
388
5264
24192
16292
18126
15166
25369
13108
9807
13161
26314
21193
31194
2861
11409
19831
3074
7004
16460
31929
6438
5231
8150
30985
25003
22467
32627
23726
12681
28930
11630
10454
265
17374
22784
228
4813
16902
16500
12299
13072
15698
2697
11548
31791
10817
20248
4252
17512
26278
4854
12570
6370
22686
15132
22975
27118
31173
15109
20263
19597
8874
600
5743
30002
10880
28103
12944
20425
12054
16183
19435
22775
6409
24865
30245
7332
12344
31032
2100
32183
21624
3660
15034
11040
11913
17774
146
26140
27977
31317
19881
32180
25384
14080
16400
9095
6108
20125
24399
32202
8790
8106
26107
6797
24308
16730
18827
10304
22008
8250
29799
6005
26169
19988
26178
2536
2072
2323
11946
12988
15542
15913
30173
3079
32100
2734
2015
1425
16219
330
5577
4313
24494
13844
8548
11865
2940
22011
18166
24587
30826
19814
22876
9516
336
16919
1113
25408
31539
25685
26926
24662
22132
23370
26987
12941
24646
20650
5124
18647
14437
24469
26791
28925
20230
27327
25933
32484
32521
7630
4624
30990
6262
7683
32572
28259
28455
11805
27048
22834
16834
18810
31047
13171
3307
31360
19962
8271
7863
28731
20136
20194
32355
5959
28305
31295
31814
14833
23775
10932
32260
27545
21118
7248
23301
17243
29230
28323
23845
10734
28375
453
14765
16075
27676
9370
5763
6290
19762
30803
28573
25770
26099
11576
28859
10792
16942
31909
5974
13299
30530
1107
12499
26149
13291
26329
2301
692
603
21875
23730
8529
28813
26369
25820
24208
4822
24659
3492
1610
5309
20899
11746
15680
19468
11619
21207
28160
551
15418
29726
32013
26525
4681
9184
2106
26109
27058
3912
13655
17387
1627
25398
21519
20338
1775
26936
22289
668
18214
28854
26734
22080
14151
22636
7490
14108
19691
19485
3223
20771
28931
2694
19846
9496
3868
18322
8351
7260
10722
32460
18572
3845
6371
18969
22000
28719
21398
4263
27285
5271
28060
8737
14279
18278
10309
4645
15355
8522
15702
26615
949
21963
18186
30327
29096
27357
26966
28752
21022
3761
8305
3187
15770
32721
22676
20164
3772
15212
13055
18706
28518
26094
7228
26701
16669
8660
6055
8691
25778
18623
25646
5580
9505
15047
24150
30679
18873
14353
17278
22148
4989
30884
14952
4387
10699
30328
17653
4765
14907
7632
32560
9314
20426
22474
20366
28066
9528
9013
27765
29376
30382
12194
23290
10500
5796
11966
19183
29328
18946
20447
29725
5781
12165
6620
22734
2502
13925
5922
4495
6925
26677
2052
1587
22653
2570
3923
14363
16521
22751
3375
437
4979
25912
7196
28483
22791
20998
25689
5342
28296
31435
14701
1466
12523
17662
13826
20651
5955
8369
18934
9704
20861
31857
28336
2576
16205
12398
30128
14954
21352
9436
9578
9841
14068
14232
6229
8848
16700
9487
4671
14378
6057
30812
16355
14045
2542
18096
5309
27400
32386
14839
15133
7562
851
11960
19067
16589
22201
26941
14346
28420
31912
9717
13711
7600
13355
2326
29300
10857
24845
12678
29464
9435
15833
29436
29290
31247
27142
31587
438
25836
10347
26495
23231
18429
25081
2770
6157
21620
16552
28353
18312
8815
30386
19699
2886
7803
1536
2298
15522
28758
7137
27957
17806
16122
21762
12020
9258
30166
32155
32222
19605
28511
8678
8848
23810
10439
725
28807
22543
25356
17156
3904
22867
21813
24557
24221
30774
21465
19291
31371
19718
4576
14625
8674
19527
24205
29963
1165
27722
1213
21781
15594
18689
12137
7131
30835
14865
30578
24401
5023
3881
32414
18356
11523
26258
15325
15040
29629
21000
23762
18212
13586
15817
24718
25651
27990
19947
20383
23004
24588
9714
13641
25820
31567
20130
15891
27442
2673
11794
8070
21715
31713
17922
11569
23712
15954
11374
16112
28053
31001
29284
19566
24643
9175
27922
25065
11392
16729
5411
21045
25437
16828
28748
18948
1368
20437
14625
10340
2259
3536
14638
16521
9413
1302
2371
26829
13232
19829
11279
31477
17107
12155
14064
10678
8608
17954
32010
20344
1392
25523
28823
6745
5494
15844
11901
14709
29425
9539
26662
28517
4518
19416
8076
11781
29838
24326
27027
8058
8908
30899
10908
16500
26849
11177
343
28593
14883
12091
21464
5827
18028
28203
13038
20498
6159
31947
1968
11812
19984
14947
16216
2076
18068
8659
26965
28545
19862
3449
31643
13121
9180
29269
12606
5110
29225
22123
14143
3431
31925
1641
7078
22866
10970
20106
13008
3945
14096
15034
26379
1690
6939
8699
9824
23443
3203
263
25264
16518
7493
26679
22531
31273
21704
163
3356
11778
21778
27787
16977
26081
24636
1782
17049
27822
21027
18072
19175
26724
25185
18425
31670
21854
17020
17108
2277
18130
27740
28349
7110
4251
13571
6919
7026
15931
30584
32229
20319
31520
27652
32463
4148
20518
32673
40
31451
23134
16304
27677
23000
24334
11754
2256
14554
24824
4249
22454
22160
6879
4872
1085
26814
840
19000
9651
26256
15742
29140
22627
19758
7128
30055
29185
4752
5950
6605
21832
14996
24554
23272
10465
16974
27500
20884
30087
21919
9201
13788
28521
777
7364
20846
28367
25025
28693
30284
23553
24070
10746
19909
4709
8114
25779
5028
32487
16143
31282
4519
32157
15339
28379
28466
15019
27375
31112
10565
6757
19756
19664
18092
27828
1527
1417
7285
28603
25335
25227
13991
26042
10876
10679
14641
16946
9234
24120
19745
12874
3927
11273
28182
1137
32009
11447
11256
13125
15971
26985
13542
6067
24234
15901
15216
1632
23299
564
3335
23624
3207
6705
27825
16038
30873
22206
1538
4627
31607
17648
3143
27889
272
21451
23044
2314
16406
29449
9377
30837
11091
3863
6240
8634
3392
3681
28818
18229
468
13263
24587
7616
17050
2703
24019
13964
30982
16150
10782
16464
2825
2401
8062
25510
5603
3201
9304
16049
2873
20310
20629
17412
9319
12955
7065
191
8215
2082
9849
3579
32275
12129
30312
12649
11607
23342
13171
28981
24683
25799
16239
7985
31727
20501
14639
7983
21367
25906
16378
27822
10394
808
2875
9146
8262
4092
10875
4365
8790
10731
397
3450
22375
32243
21768
10380
14567
26517
31483
26218
26478
15834
987
5373
15186
29076
28608
31829
17270
24806
17361
28233
9826
1030
5117
31070
6553
22338
21741
17131
25382
9793
2614
19578
6521
7308
9426
10352
5489
16204
9681
25073
19130
13398
22860
7166
31321
31332
15771
11232
29573
30373
27335
13002
22201
31609
3650
31418
3847
11381
20182
6816
30127
25518
11484
9666
21488
31796
12974
27231
14110
9692
2399
914
19189
9795
17833
17018
11821
11023
294
12952
30030
4472
5059
15736
20422
18184
371
12692
825
10142
28704
12405
12568
31929
14823
18459
6773
499
28548
15263
22038
4812
24331
16151
11464
26025
29402
10938
4085
30749
31947
26949
24185
4198
16814
9629
27570
30779
22774
31669
31958
21701
13490
12466
12426
16363
26047
13901
1200
1746
28732
32121
28288
12708
17471
23622
14554
14481
11974
2822
7386
2580
22257
31918
18606
18040
7022
5759
18596
21658
25652
2789
1671
13296
15476
23455
21292
12234
18636
18208
11848
22488
28095
9525
16516
25069
14946
30441
15316
22786
27479
11686
5636
15742
6655
28060
20884
31413
27628
20326
18629
21934
22165
25835
12020
14633
19278
1411
15399
736
24439
9564
14054
13838
17651
15387
20556
14126
9948
32454
1629
29957
15988
28897
154
8930
13407
4311
6867
26661
8720
9116
4669
10494
18306
25489
2244
19575
18728
5800
21154
9141
2598
20424
16945
22138
30401
24435
26109
30959
21268
14246
27934
11937
25093
18176
9669
32457
30840
3879
18964
15824
20675
31336
3891
12306
12897
13469
10912
18915
16874
2900
16838
12495
3394
6445
30674
25126
10257
16516
3522
8889
27764
14672
18622
7134
13299
13899
4780
18874
7346
25940
2303
7871
12011
20241
28111
115
30363
23000
12079
371
25980
29648
30907
31928
4404
10323
880
30234
8652
9367
6081
25618
1123
28558
30182
18116
13860
22794
6264
12349
15221
25637
1339
8697
6001
12512
8251
25512
22425
10506
13594
14129
1990
29796
10920
3576
8803
30722
5300
9053
20696
25844
6178
8325
4169
6694
21822
11612
3713
23941
19536
4826
21289
12387
28785
21126
2366
17181
23708
22329
31938
19451
24328
8997
8369
17751
20149
7957
12598
22274
24389
28406
17951
28387
26382
28567
27023
19681
19309
16813
1778
1540
1885
1562
17974
17110
72
12143
10041
15632
7453
3247
29053
16498
21410
29014
19491
13043
8204
7833
4631
26650
6861
20976
13960
17324
8365
7378
19867
28551
16668
27071
3424
10446
26310
21124
23301
26694
28265
11195
14409
27136
8163
27025
9524
22585
15760
16844
18949
7550
7634
12044
32109
8724
753
14672
31482
30870
9510
10173
24022
15840
8946
32667
13233
12332
19380
29857
15356
16763
30843
11890
10072
10551
26393
1895
27470
14614
19321
10383
32320
31041
2866
9972
3999
20406
22363
1568
4191
14058
6306
17376
8104
18355
24984
20808
12239
6758
23375
7415
30596
17212
24615
4765
845
28155
14565
13242
31539
23762
12293
11688
28858
20100
28498
4315
18711
4041
23475
3432
6046
15345
25416
22724
31866
28874
29109
8398
23456
31172
32446
12304
6
13907
27413
10050
32527
16277
8047
28688
28746
4405
8669
19742
19805
14735
5466
11080
3644
21780
22432
6190
21919
22768
12609
496
16818
28907
19442
9270
13582
29837
25386
18036
11240
14214
25324
12140
29064
14669
26848
29172
18941
30726
23465
30457
25616
27305
3187
26820
10102
26209
5835
25468
13130
29490
29364
3820
8378
21471
27895
1415
24064
17675
31162
11433
13716
14238
5460
25120
21919
2666
10080
8939
27571
1807
7184
3905
10426
9755
10181
28630
16685
24182
26844
8281
15751
1022
23498
833
12024
31086
21867
25289
7261
14724
30615
25401
15216
31587
21495
27240
19004
30262
12566
8319
7381
2070
9659
28159
13125
17454
32375
6918
27593
11292
8570
29646
9534
6299
25770
5750
26070
5471
2551
19973
23055
13377
21992
7852
16358
7068
29818
26443
4679
21495
8235
15415
2249
6372
16210
24379
16280
12583
27569
30940
7090
4635
6221
30433
16215
21074
18814
13331
8890
12156
4930
19778
9469
11146
20950
18312
10588
1299
20616
27602
5289
3830
21191
31643
16120
11073
13180
8955
11675
27985
3741
19425
10577
10043
10494
13980
1210
26219
2667
31649
9998
9099
32245
23176
12047
10663
27785
31319
16956
30862
17863
32515
23624
9851
27408
6196
13002
1268
20705
27977
310
3315
19040
2716
20748
22084
13109
13319
4687
7726
27547
16551
6201
8533
23223
25567
20013
19679
27432
1952
14573
2774
13791
7144
6157
11725
20273
32649
15272
16327
27178
26156
25169
14420
17957
24469
13132
24061
6809
25641
10495
22242
30006
2733
32675
11426
15921
19280
31807
18299
22236
29676
8151
9395
1657
12681
6880
19510
10576
21283
5368
18816
22015
10669
7380
11197
27922
10581
21626
20783
18131
12298
11696
465
29539
5435
19124
7482
16650
26338
22317
24515
31948
30658
28002
748
8509
8940
23466
15612
26518
26760
24099
25576
28423
18386
8359
14198
28239
31331
7420
5794
9099
29874
10571
9281
30283
20442
19156
7908
32747
158
8415
28671
28193
32682
31734
13899
29650
18203
30033
20328
15402
18754
6802
9415
5099
17573
435
16327
15621
6471
22844
26910
8296
810
18617
22395
21014
24081
13675
12650
7036
22154
16190
26231
2
11308
2555
9110
28641
26910
9919
26306
7476
13017
12716
30181
10067
6190
30686
15608
4188
138
14752
22379
12562
8313
23776
18631
7915
5993
9185
10386
14436
6833
15408
17779
19352
20945
14809
918
2833
18427
21210
31314
17630
5843
28376
5385
4069
11892
24337
15184
25467
24243
21138
17488
19762
1447
23210
14700
14578
1897
5022
11301
32588
29464
17822
9018
11786
31008
4600
25363
16139
5820
140
5471
12622
6842
384
5117
14412
26495
14133
23320
30091
5706
7289
26263
28784
24509
23294
32436
16469
28057
26122
14314
7387
31177
11633
10773
18561
24226
31937
8917
2422
31849
23228
22323
9388
6165
32011
22663
3886
5975
9264
20633
18867
15832
29629
18694
6771
20418
6851
485
6457
15745
24718
7083
16826
15563
27023
6220
37
29405
18586
30627
27643
5128
12370
29460
9505
7277
22753
7280
1844
1541
28140
25624
10012
8164
6341
19046
20196
27326
31459
16456
27592
7850
11408
31534
8848
15910
5090
16423
32285
23131
10220
27206
27714
27811
29749
12363
31957
26953
28778
28031
5893
28560
79
29152
6381
15094
12283
7550
5482
14777
69
19237
9258
27803
22394
20028
30726
29666
27217
2029
12178
28068
12576
22407
5106
2369
15695
27168
14831
29745
781
11646
14666
1024
27459
27192
28239
16790
16838
18712
31150
14780
21457
18372
29319
14044
21170
24733
32452
18440
20163
27112
17835
14654
24220
28716
28851
24811
18055
4058
11927
26285
13365
4659
27818
26461
25263
20839
14954
6733
14990
10234
2903
23502
17007
28524
19206
16630
29602
21017
30577
6304
18210
29790
13713
32179
3786
14589
5167
24232
28357
9411
28919
7750
2887
9576
13262
12720
15994
16310
21605
24482
27324
26861
24078
1272
15623
3943
26063
624
29616
5752
9909
14256
32085
18840
14443
12171
1041
2756
5131
24960
14577
16417
23348
11395
29612
17635
5469
28417
31374
24941
22377
24606
1718
3769
2427
3649
22657
2299
16139
9938
28742
30081
21818
27458
16196
8158
19298
30540
25816
4679
2546
15483
19444
3389
2937
22253
15564
8813
7168
8022
14034
30420
8861
7751
9957
28710
10565
17585
19909
20849
5858
3493
27339
2813
20389
27997
32471
16760
12190
12672
15241
20559
5002
13986
29364
19295
25580
5898
6671
17357
22111
14009
14126
21554
22826
20648
18353
14332
23829
26960
31164
29201
29051
19055
18599
18101
26273
27658
20982
3245
27206
28334
30347
6564
21115
2812
7194
19919
2741
6757
8926
717
22305
7473
25482
25041
25143
25030
18819
25858
18578
12583
23884
2082
5887
9403
21313
27758
28372
2384
29321
29638
17539
29535
26694
5902
27758
26769
23310
31700
27133
17027
21151
3379
13550
11974
18382
7159
26861
28715
28865
18945
4965
17725
7518
17646
5013
6158
14339
5107
16614
23351
15992
32011
19324
14362
18210
17749
2827
29290
26233
20663
12268
9454
2236
25800
2672
15233
5091
4845
23668
20062
26069
3522
26933
17050
731
28091
14182
21490
2132
10507
14720
27591
14251
17092
20570
26983
11655
30016
23545
16270
6465
23489
20137
2861
2203
24404
30284
1897
7087
27387
28659
743
13605
11018
31147
14919
31401
23506
5786
15342
14748
27517
14666
14601
1034
29497
26692
26574
6621
19353
4321
23301
29264
16439
31837
29384
31142
9887
6957
19079
22299
23656
6802
18511
20251
28836
30831
12619
5554
31867
2392
26507
9540
28434
9451
13572
28030
20658
27747
18392
28300
16678
24426
17368
5260
13668
13103
3399
26435
14448
8121
12513
25103
13182
6011
3356
2077
343
7464
8366
2268
20733
11208
8783
2226
7058
25868
17856
25069
12662
31198
21004
29180
8880
317
27918
18143
1679
12616
16435
16604
26256
11928
23170
31860
20611
26067
29657
6293
21482
9086
30073
11537
28322
24083
27588
1359
11461
26196
17734
29505
32718
29150
755
20117
4350
13313
15791
29744
4863
30927
9492
23000
22216
30323
23407
2608
10176
18629
21259
7402
13094
19227
4275
32568
32432
17505
30578
8323
12914
6508
413
22368
14850
31115
2835
4800
218
14687
4292
11110
19965
20461
2416
27039
734
10738
15281
4909
16765
18294
13628
5508
15827
22436
18276
8249
15984
18137
11488
17335
4195
29435
15565
26676
29274
31244
20215
12515
15114
22271
13652
8043
16081
16586
28369
2969
14490
32700
30545
17233
14850
11537
22771
26315
26297
4292
25236
21756
32554
4516
10134
15441
32350
27562
11487
9123
20253
8330
26404
32616
23639
22152
28263
10022
195
6541
2750
16174
6598
12922
32343
27270
16790
2236
12473
22823
29855
16929
8012
1640
9766
5353
14108
15291
2092
33
31706
11159
2709
24108
8228
14517
21897
1443
29445
15743
17179
27743
18112
26566
7208
211
13513
31923
7298
11679
25365
6400
590
15203
11923
16743
11435
1233
24315
22363
3477
12551
18374
17911
29448
26651
31357
31540
27496
13815
28215
350
18720
3943
16478
19657
2442
11632
29361
4544
8975
13028
19087
14014
32399
20531
13682
14049
8194
22916
22202
2203
16992
772
8876
23723
27327
14206
10938
18763
14011
15661
32516
13739
27163
7374
18720
6559
32690
32504
1046
26004
16770
29616
30127
9929
11304
22585
19696
15292
8564
20265
2529
11490
11863
32450
4755
32154
26626
2430
6496
2404
9292
29932
14453
16718
4436
29371
26254
23984
28776
16404
10497
22553
30758
3886
9982
16777
8673
12060
533
18657
26183
26089
6136
1431
11584
12518
4483
23214
29977
24387
25337
1510
29921
15069
8593
12080
15891
13143
21041
3172
8566
16236
5497
27958
23362
26755
21763
17255
19076
13444
21993
31544
14275
25067
21640
14372
28388
10779
3460
18894
12363
32244
22541
27961
15683
28839
13664
11831
928
17609
31120
32036
11427
20391
29062
19667
4893
9946
10822
19657
25815
19483
15733
5033
29490
19288
18200
19952
30475
32519
26783
17634
19425
28346
32034
20933
26170
31731
25322
4428
2370
20794
32307
27478
32694
18286
22832
17113
23552
13657
1360
25112
932
23942
8640
30493
2522
28247
11057
13411
7548
18514
30939
27091
3619
32444
2754
10737
11406
18025
3384
20312
2627
18130
13731
30308
23672
360
23680
16174
1587
17192
30888
27581
3505
21616
24530
11898
261
23313
28762
15589
3585
8869
2113
31367
20825
16163
28020
20519
8454
15792
2897
833
21993
22456
10599
8628
22705
23614
32637
21947
30206
17264
19158
13854
15814
8319
18612
26282
29177
26029
14875
7390
18528
11944
21719
23783
971
1302
17857
719
10347
21361
10301
27633
20349
31253
5895
21680
24104
14999
14896
15976
9129
27993
30307
29093
8877
13659
8557
28819
2558
9812
24572
28086
8290
4354
4263
6875
10177
27070
26671
25679
31621
32083
8965
27726
28230
26640
28684
23230
10919
796
30879
21790
7035
15370
10710
12985
7981
2733
8965
16671
2654
31022
28038
11477
15823
29275
25017
25164
21378
19010
23880
31504
10012
13567
11952
2882
15758
8146
23037
25416
20468
8309
6868
6595
32189
28332
18359
29121
27149
7197
31365
28981
18527
32354
8768
15268
7279
32605
25107
1312
12631
18379
24980
12666
3064
30748
29254
29620
23707
25475
11874
437
13272
329
29911
12352
32440
2150
26255
2855
3606
26962
18676
15804
11595
6681
29107
24457
3082
26798
8127
31041
32648
18305
26010
22006
24288
18515
2256
29835
32439
14665
31428
11629
4123
6208
20142
24702
26289
20577
20709
16210
27152
30197
9050
1950
13928
29818
869
16877
12391
25334
7365
22677
4189
29323
3554
6890
10398
11084
340
177
27432
27471
169
16856
29317
23555
25699
5732
4595
20932
1345
12970
12483
18861
4800
21442
29951
31150
13024
28729
335
9950
20267
24838
18973
13842
13044
5823
17912
10926
24285
12045
32054
1979
13724
32350
15582
18234
26110
25049
28869
23480
13867
28055
26870
28707
5165
19216
3671
23004
4012
23507
19082
28941
8443
29819
10002
17213
24921
17374
26551
21538
6256
14983
9259
24758
17186
1639
9453
22669
30597
30407
1902
357
18988
23681
28019
30975
6313
14960
15290
2349
23887
23077
11232
557
28733
6363
13698
3893
22936
173
4771
14671
6423
519
25421
3175
1733
24923
13435
4770
12546
11541
28215
6642
23499
20432
27904
30696
1340
4810
19054
16329
4947
9365
6425
7907
3831
30736
6070
21281
4153
3990
8067
28638
16345
2165
20966
25847
4620
31394
18768
31780
7804
171
20840
16520
14737
31724
27238
1158
13039
26886
7100
31191
23872
22669
23036
4057
17203
24577
1014
3114
11716
5888
15136
4470
24511
29881
6972
2189
10879
8612
5428
8121
16380
4465
29001
21582
26117
31038
15468
14978
28361
30220
9452
30591
6812
30580
2642
8631
18168
17046
17546
31608
3778
8531
26179
15296
16335
4540
32407
22866
18855
2505
7663
3081
2441
9039
8737
30829
6063
17452
3548
14724
31186
5828
28486
15595
24305
26290
6627
9508
18511
13751
14265
9778
17339
7414
30130
4195
6931
20068
20289
32110
7435
19066
15688
21437
25387
7725
19514
5132
14615
15647
23933
9523
2323
19479
6162
4672
29126
28591
19575
28361
26942
29516
20428
21889
4405
23635
4662
13576
8339
15770
29825
24328
1588
24349
8457
3453
10474
3571
27610
21076
26822
10368
32278
9528
17811
15083
20631
937
20132
16338
14806
22350
16336
22845
4875
5772
28602
5585
14486
21335
29526
5703
27038
11336
6824
10012
19192
21488
10959
8841
4426
8813
31043
11957
5744
25914
19547
11306
24094
24908
9490
26757
19911
15194
22026
26994
7102
14972
3025
25560
14748
6391
10852
13137
15841
22359
9201
26077
4318
17855
11489
12247
24786
14206
28950
23592
8531
5346
11889
3258
6639
16209
22680
24368
18452
31637
10742
18900
6189
22136
17923
17616
14862
14225
20677
5026
5266
5725
8087
17098
7298
1426
26409
11717
4793
2223
2760
8511
28038
26584
28895
28037
29010
30177
190
32057
15491
31913
11675
17481
19104
17321
13014
6945
12981
25804
25986
23072
9465
25473
16160
18761
27566
14863
1453
14396
29513
20778
13536
21092
7635
5571
3245
881
25999
8484
26893
9
4829
10043
18177
18106
2398
7990
6868
11572
28761
23121
23457
19893
14941
31980
26646
26820
20520
3553
10359
3874
25288
4116
4582
10238
10496
23116
28385
10088
3053
8513
4364
2312
1769
26614
20529
25360
16048
19016
31365
9583
5058
21959
6701
22856
13320
25798
13312
29858
28601
12206
25487
5729
21887
2200
30818
15989
22998
29978
30853
22097
3509
6752
11332
7582
10353
12159
5938
20273
26846
27143
624
4667
4535
6359
31787
3008
1344
24886
28775
9291
17449
21023
16123
21983
21430
16859
29405
5680
20253
10710
32416
12563
10288
29867
8763
10036
23355
29313
24076
25863
6704
26522
5917
26113
13057
26921
20645
6151
13646
31844
7890
4903
6976
11227
14021
31110
31157
1800
16351
5017
31645
16423
19003
31896
11427
23624
3707
29488
22289
10658
23240
8825
30957
28714
20756
30503
5224
4196
23202
21764
24442
1145
29897
16542
5830
30603
15093
20796
30659
26437
20974
32535
9757
950
6237
8647
89
16735
16524
13052
10169
20874
14189
10606
16223
29918
31966
23
9908
23601
20779
15775
13067
2973
23508
4120
11394
29654
12177
20715
4649
13754
20372
1298
26983
17450
6670
11656
7321
22553
15348
31742
11515
27362
4611
16336
15308
10975
6914
7991
11949
7735
24391
28864
29515
26615
29052
18685
9789
25445
27811
4218
8496
2449
4952
13810
13377
21804
29782
20675
3754
6301
14397
18336
6817
31314
31891
20358
20605
2900
24584
22257
17691
11295
9214
12623
30592
13232
1864
5813
8639
3295
15922
19409
4381
15855
11202
1568
18804
3684
16446
24672
30677
16148
8430
29513
30833
2177
32035
26232
29626
21350
13433
3500
22213
24464
12888
26164
10995
19695
8897
2216
4304
15085
25671
25304
25147
29182
23387
19970
16328
19321
2765
21832
3426
19366
5520
16480
8757
8728
3518
13966
12235
1085
13531
3535
9332
5683
4446
6743
3308
21981
32109
4670
14648
15415
4841
22903
10449
2278
6314
18945
516
27668
21772
19553
6297
634
27050
21583
18355
22462
7273
5552
8951
25344
12729
1476
17136
12720
15383
31905
12466
13474
1238
2784
13502
25444
29216
22422
3366
10703
3640
6790
20210
21468
5121
1684
30401
27577
9412
14461
27828
15900
2862
32198
32647
30936
12184
2034
6913
6062
8588
24568
15759
4965
23172
11764
28972
1820
7668
10525
19331
16352
6795
17399
14680
27258
12470
26826
6436
21386
615
23122
26879
28122
12308
3256
3011
4844
26370
2753
26991
12757
9411
15174
28361
24654
21502
6884
12360
521
9838
15860
13360
31297
20525
11965
10239
7061
2099
31721
1288
18966
29209
2870
26718
927
21795
1134
8691
16997
17534
26777
16129
28110
7366
10609
5033
19847
31436
21782
2011
13009
3989
10755
11125
19483
30118
10049
21935
22230
27518
27866
21430
9093
5989
145
27287
8211
14436
19152
12383
23658
26773
24546
128
15681
21661
26978
3959
20789
3190
17396
25004
31772
20850
9523
10650
27798
1404
24042
20783
4068
8097
3206
12918
30718
18896
21451
17267
26591
3038
27079
14671
31268
10189
4868
26293
5589
2894
24066
22907
9603
31364
13028
31621
17555
22539
2922
15078
22233
11833
26399
32073
15977
23972
20436
25232
9129
5348
588
6842
939
30106
3897
21258
30906
2737
2151
32357
28979
29667
3640
31997
18583
27263
20816
26412
30429
874
23697
32674
18957
21092
15178
4291
24074
21133
20395
14667
18095
14376
28029
27700
8222
3998
3344
10201
31061
19910
10868
10331
19715
13667
9451
6468
31897
13807
12959
2666
419
10135
15505
11287
18777
2182
14034
5734
28273
8038
18677
8176
17720
10020
23236
1960
28129
26612
22834
30212
24861
24982
18321
6494
10988
27351
28933
24985
18354
27226
20025
7943
22413
3224
29520
2186
7142
6950
6687
27898
29510
22839
7321
5063
18283
2401
29578
4320
8604
164
3465
4051
22841
27304
4647
23093
4246
9030
25965
7492
29705
18762
32646
13003
28482
28279
27832
28998
19675
2252
2457
18247
29744
2310
20351
9752
14705
14950
17720
32674
29686
20404
26619
23437
20178
16772
8351
18345
1962
25016
6411
10125
4040
18502
1518
10110
17259
32060
14512
22162
11105
1025
3496
11284
31960
11229
2703
31787
19314
18875
16692
8119
8599
16174
19058
21372
29455
29363
27999
4738
7632
7478
18119
28603
27924
4311
1241
13031
21167
23789
2847
15541
19104
29515
4788
30251
7398
12995
6833
20295
29077
31465
15592
4327
27432
11545
15061
1510
15129
16060
22225
16264
25775
16582
19849
31000
8728
131
943
24271
8119
9620
15343
15352
447
28981
26917
21586
26625
705
28877
27830
25602
17783
29114
18169
5457
27518
25356
5396
24599
6695
8028
10114
29168
11123
12345
23274
2297
10453
28120
2302
12587
25400
18183
163
27623
19524
17763
18770
30161
29917
8651
13758
7906
21741
32020
2487
26809
16484
4350
14158
24370
11645
28007
30522
24378
12354
5567
16506
16354
20306
4796
25404
4530
5602
19535
19198
26687
1794
16342
11251
25087
22049
26259
8104
25181
2260
24669
29927
12809
26067
13973
14044
31122
21828
19292
12150
18998
5693
18691
26896
10489
28036
9667
29521
20468
12697
4015
28496
6640
22518
21734
9980
19507
26517
7181
13244
12954
29875
253
30802
16872
2516
27064
29189
13406
8711
10146
9471
21644
6251
14574
10228
27238
12530
15958
4868
32410
7781
30991
21987
26657
10664
25852
14647
22548
24128
17186
3905
22466
24594
10332
22464
27903
20077
25679
23314
22719
22603
21665
157
9187
26068
30822
25709
28242
31524
22491
28702
13388
14414
5207
31485
32251
6817
13438
13674
11595
25386
184
25473
24060
18041
994
11001
3062
18856
1091
30795
29660
28826
2241
16151
25059
8577
15956
6596
25317
24995
20924
3176
2993
20317
4463
28391
19110
32104
27606
16990
30592
4955
7608
30146
5489
22385
9463
24004
31604
1421
19322
25592
22238
6011
24170
12599
15413
25209
26017
22338
14918
11766
28511
15783
9074
10137
17471
21993
329
22661
5994
23259
26202
32732
1803
8013
4680
30337
259
12266
7201
35
24541
19553
5868
11639
21508
31683
25729
13252
27955
16428
10910
23973
22574
11686
7734
30987
9392
26698
6412
26241
10148
19881
11649
11700
19863
19818
11434
15154
29038
13620
21158
11122
2900
29646
3375
18197
19447
6020
4206
5227
30708
3021
11796
8761
6031
23084
8870
28601
20136
29268
19736
5603
28907
15759
1182
5611
9798
352
191
28939
13216
21863
1963
28034
15304
12422
22222
11485
3243
20802
31141
30581
19659
1388
721
24889
7404
5376
23402
11181
528
21581
7317
2355
11174
8534
10073
9610
27135
20601
28334
6036
26881
19534
10199
8284
799
27858
21746
23383
16521
18885
24014
17386
22175
3152
11004
13357
15276
1003
30505
16623
8913
638
19115
5882
29759
17350
21849
15767
5545
25595
6816
25173
5882
10672
9171
4615
5955
9978
11459
780
30199
30164
32400
21715
9306
5058
27838
26781
11063
8373
10379
14213
14545
1327
24192
18878
19229
17319
21063
13085
18990
31023
27836
14551
9969
20820
28742
1163
21018
28998
18280
2179
8030
7737
8595
31031
26851
8970
21055
18
1781
14630
9786
2937
28666
30888
9023
24586
5288
5057
26058
20257
19573
24925
4395
13985
26191
31491
1497
11761
12686
29181
21002
1092
4903
24506
4224
29726
31522
21872
10662
12308
20046
28421
10971
11475
6195
3376
10254
19555
6472
31452
23435
20141
1382
461
30740
11067
1661
12933
24884
14400
22406
25449
15824
17112
3000
11040
6399
31888
22015
23100
1308
25129
25770
14364
29977
32665
9571
1808
16405
13651
1381
5055
817
25288
489
21446
21920
6702
7393
22434
766
16768
2537
5072
16355
17606
10107
17714
3255
15766
6242
29877
15048
13275
4465
24113
18329
23509
12148
16017
638
30049
26983
19763
12389
12411
29414
25746
8695
15105
8933
7714
28640
23481
12961
25979
20842
16022
26838
18106
16721
22071
1331
31780
25811
30385
11
32525
26886
3470
29261
8185
19054
6934
14774
27136
15055
20685
11589
21879
6464
31036
30192
3532
12417
3316
24469
20146
12174
6353
13875
7294
4212
22908
858
23505
24932
12339
16352
3192
9222
21709
19926
11152
14095
26872
20154
238
32278
20678
10734
23486
15268
29800
22377
617
20874
20281
17069
22973
23415
28670
23033
1864
22473
20075
7615
4868
21156
6634
17496
19514
18241
26009
17911
30112
11145
21905
25820
31940
23011
12654
1482
16558
19786
12
27834
11201
25506
4238
12753
9443
6732
5285
656
7134
30968
12303
843
13573
7866
8541
25820
22554
9569
26618
664
9839
20228
2921
7298
7244
12765
26574
447
24977
22106
9136
16202
3484
31602
13053
9961
25197
30006
2894
16992
17160
22952
28013
1764
26907
28623
26645
23762
7649
5387
30712
20385
31302
3239
26886
31254
29260
28077
23789
694
12205
8958
6876
15489
32706
12705
3213
16349
22691
14684
3202
4049
14736
25473
27023
8051
27280
13323
17304
19364
24407
28905
9628
7418
16749
5018
242
26110
25997
30970
28115
4504
12364
17244
21785
13767
11771
8920
26438
16021
25037
30695
1224
17739
4157
1069
31612
26593
2218
7573
15728
13496
12868
6051
29933
32396
24620
22278
6581
11428
12503
17261
27529
23371
31924
2972
30190
24708
6158
28607
305
2298
27699
1534
5289
8502
11222
11601
28220
7956
9906
8854
4900
32632
112
27617
24051
11325
20171
3603
11733
32366
25330
16558
6934
12473
16941
5095
21732
22048
4548
15613
3157
10482
31261
31946
4268
17914
17700
21656
216
10230
15343
32053
13885
30539
1955
21578
19639
502
6545
13288
27612
28614
24229
26724
13698
1736
16897
14437
32130
5123
17125
13115
11963
19558
8658
14706
345
14847
26863
29607
26199
2414
21419
11163
19522
19352
22948
15238
8512
32672
24776
1966
13906
30995
23225
13879
26582
30306
20854
6461
12112
31638
10041
32544
617
17727
3483
23839
9016
26541
30718
2089
17857
28259
3372
28655
11963
4041
23612
4158
12183
18721
22710
3212
9149
30396
25079
10705
21273
15470
22998
6808
24022
21055
3719
20821
5481
2403
31680
19705
26322
7533
10011
5060
14878
9663
7100
20570
27441
15173
18739
17690
16322
9827
18851
2475
32423
10539
21284
18135
3155
14804
22631
25757
12445
16743
7321
24193
27075
12988
16009
12839
28846
3493
32524
7200
21111
8809
18081
5892
17195
10612
11857
20673
3531
844
4057
2610
17815
13511
24843
5364
7308
29564
24178
25461
812
22135
18741
24397
30077
32561
15421
31186
6484
20159
23706
10982
4563
31561
26915
21012
11313
6590
27997
11740
18873
28614
7071
23882
11030
8696
4723
8142
205
4686
4414
18247
25867
725
24612
4193
8865
20649
28454
21793
27981
23329
28813
19902
28475
27463
29324
21427
20427
12171
15393
23314
6037
8120
28988
5659
5547
23846
16931
30477
10781
25394
10773
1084
6595
7147
301
12900
20278
11534
25994
14653
11552
4405
16301
5711
21942
20811
26146
12808
2946
29251
9315
23308
3942
27401
10489
3020
8158
14009
7908
11866
32133
22288
30269
21116
6363
23328
8218
2559
19781
15943
16818
24397
19797
13153
8898
6722
9292
12349
23343
18236
28893
19790
1004
13425
15668
19875
28446
22918
6199
25369
11134
23901
21516
720
22271
11822
3547
24027
1202
24537
25301
21052
14822
17530
30325
26639
18067
29502
11781
12037
31993
12662
17765
4116
3204
29162
8456
26477
1011
24176
319
31407
16057
8125
31418
8026
16803
22394
22603
9606
19132
155
18926
23253
6254
10732
1287
14758
11241
16108
14826
6283
2761
21215
672
28158
17394
8735
12009
31823
15295
15795
4477
31201
861
5410
12951
2454
16241
21129
2996
6024
25089
15596
12440
28154
15249
5322
2451
5774
10124
7924
770
23480
22502
20895
22040
32370
1024
22455
20191
29745
32460
24182
13177
16664
30769
24886
12460
17004
28081
26499
28574
32073
3657
26997
14556
17811
5528
20028
18593
20782
25156
14589
14422
2930
19354
6109
8533
15577
31348
10587
23794
23291
18784
27618
1468
5309
28670
11166
7680
28357
32170
8848
32655
1073
26459
24285
30913
16264
11467
25452
15034
8176
22745
13999
31980
24226
24875
21441
31197
2204
10519
12722
10539
24725
11204
21791
23245
7478
4492
8197
6043
22407
13477
21462
27409
15784
22785
31181
31312
24001
7026
9599
3173
7483
23570
17844
26574
12337
10210
30580
10554
9505
26033
3941
30609
22760
19008
19796
14644
26349
22435
28177
11910
27036
27626
3968
5547
7958
8961
6893
15248
17958
4053
10656
7723
18296
4280
6065
1028
32517
17159
14622
11508
14802
23050
25883
44
15322
23835
19369
23418
25160
4363
18794
26568
13802
4289
11700
5862
483
22820
9956
11913
17056
19516
18677
1171
269
28563
25169
20628
28168
27106
4838
13969
21014
1001
22909
28421
9556
12447
2887
12326
25521
24715
27065
15465
29019
9330
19098
14920
9079
25394
1627
14659
16661
9966
8358
2085
4195
17771
24377
16520
17440
26554
17141
11163
23892
13592
5938
25635
21823
9490
2902
22976
9103
15597
2726
6514
29910
15428
18012
32603
9530
31987
9721
13767
21359
2612
4572
9577
8162
13064
19476
15079
27703
7129
19315
9626
12022
4957
19683
29583
12161
11965
3837
11985
15946
28919
27608
24554
15682
385
17695
6567
3221
13871
30311
29212
12180
29782
16831
3304
15858
11570
27272
6842
30004
31109
29319
29204
32355
6273
11576
9551
15364
21992
7525
14816
13386
7026
20728
25817
27529
12655
12046
28851
17134
29357
27724
12362
12142
30620
6518
9001
23804
31920
61
12040
4607
2055
16985
4755
26371
4684
28376
30061
9902
14043
438
14709
27126
12069
429
29000
17554
7510
12366
8199
5550
27190
81
9818
20707
14925
17962
180
21350
15947
22237
15065
6528
25255
2322
15518
26686
8837
19564
21488
16233
477
19223
8216
10168
29402
18848
16957
12613
10880
14602
30507
13886
10386
12062
32339
13789
30387
14594
29202
23450
25291
15373
30006
1695
14508
22746
22974
25980
16118
1179
9441
31260
31543
19632
5202
6647
343
30841
2243
16010
21044
32104
31144
14852
3465
31066
22077
9283
31508
10023
30666
5118
12024
375
2341
30788
19808
2008
1913
9765
12645
23054
16455
28335
31538
7594
28842
20764
18789
25055
27103
7497
8633
30096
24324
6762
19682
25517
16416
1533
10681
2496
18020
32508
15257
31939
5553
12631
30729
12341
5978
21921
6043
4973
29226
22793
28180
6445
17321
16781
3532
23930
32411
8810
14936
23979
4810
13527
28263
30401
16901
26866
30954
7670
18025
763
30072
1945
11743
6336
9200
12312
3814
856
25440
31583
31379
6420
21541
24160
20437
17331
25940
18163
21502
18133
20825
13793
13439
19123
19934
16187
22003
32524
29423
25841
5216
27235
7515
32671
22713
14695
20573
10666
10151
8883
23163
24716
3464
12983
16815
20588
3001
5110
15045
32242
27408
10099
12292
16985
6061
357
6928
19910
27123
7730
13839
9176
209
25499
18443
18048
4422
16948
4247
787
20260
2840
5814
5533
21268
19930
24312
5753
8666
21183
19686
26142
14554
1322
13216
2876
17371
25175
22981
14088
24588
16460
29843
25555
4164
269
24144
16866
18062
1552
3048
26234
9957
30704
1495
28986
26428
13925
26697
7086
28866
1140
11904
26400
9827
17635
19831
23729
29842
23280
25029
5033
3654
835
29891
29196
31554
14624
7409
23406
23450
31713
32150
16903
1139
2212
27047
19978
23050
23617
11754
3891
2808
4479
18011
27807
4276
28551
719
18145
6489
15512
24279
82
16041
10493
4327
24488
11858
26172
5304
203
10097
16017
13546
18404
29013
16538
22510
2742
12165
21332
5155
25649
14084
17990
20287
26180
18643
12796
27889
7668
21944
15543
20677
7595
12094
5987
14151
466
18941
18121
10859
9121
29979
3334
5420
28214
11027
1852
14964
2533
24501
21383
4924
20944
28527
21299
22516
18359
5066
23852
14629
31249
311
29877
2901
4187
4620
22621
27179
29104
8906
32047
5843
14746
929
18986
5540
28456
9014
10225
20224
12864
22179
14531
14204
21303
25279
19628
17217
2207
10913
26109
10419
14176
10079
25083
13904
267
3355
6612
16346
3178
16705
4055
26296
15452
1546
31971
16794
18655
32581
21024
10076
28271
29782
750
8493
10127
29567
11035
18416
9381
14942
25945
4322
30218
1975
26095
19837
7266
14964
11694
25245
29481
25066
26919
31458
10639
9054
20507
14421
15750
6344
6451
10574
11545
3286
22001
1173
20991
14388
19175
28871
7024
25611
6183
23291
6711
5576
17914
8358
4873
10270
2517
4284
2837
30030
22408
2072
732
30374
4793
11550
21315
32071
29841
3743
24806
26668
31157
10748
6576
31592
27768
7311
28841
15535
24399
1094
19470
31000
11141
21393
6567
22561
18479
7295
32085
8180
3427
5924
19947
3817
14245
26429
21566
28235
16290
25879
128
16991
23073
28076
2505
15266
13366
32271
11255
19795
16312
7691
30648
3377
9206
24071
26853
16518
9894
27693
14098
14948
8478
1228
5219
28463
21959
16890
20129
24923
14798
3709
1676
19319
1820
16364
29043
11115
10889
7185
22787
4862
25164
19858
19805
24987
8374
3024
15723
19284
1825
31248
26995
20775
3363
473
25580
3712
10247
11420
5265
0
1661
16539
29109
10109
13456
9475
25558
12618
15321
20827
1908
32440
5106
19490
16675
14812
30510
31924
22496
22163
28551
21614
2465
9412
12248
4882
20016
22501
3405
10861
15416
10177
11543
1335
17568
28280
14948
13626
14361
26567
14478
19639
19187
30089
17810
26373
2869
3454
24773
9339
31980
13388
2498
7568
20675
10691
19367
4417
26836
10853
2177
21171
8126
27174
6404
14874
1528
11376
5248
7385
2405
7530
21776
4331
15144
20602
3093
32641
10169
2057
31458
19180
30008
10886
9145
3006
15362
2221
1783
10540
19843
22793
16523
20663
23883
3255
6572
4364
16483
24942
25292
7208
14049
21692
10695
29887
29626
23698
8289
2783
22232
2307
18159
3025
3436
29513
12116
26944
3206
7689
27695
23452
6627
10968
83
25537
22277
2301
25208
4052
649
376
26928
1902
25526
17476
13084
8957
5202
23258
24415
4711
7353
9206
10835
22256
5680
15517
17019
5213
18294
31327
27065
32089
28572
23258
14017
24345
13079
3199
2766
4156
24340
29849
3988
18165
30475
22154
20853
6763
16535
88
18935
13152
16773
8297
28278
28689
25642
10379
5910
32606
13818
25144
20988
14123
29783
6167
30398
10758
23463
30917
3607
16394
27817
5846
25056
22275
7177
10775
18747
11731
8242
30230
1298
7956
20835
31205
16576
28414
20485
19738
2829
12427
25916
19994
23392
1498
20924
1432
30512
16337
32478
25432
19388
8455
17906
14393
4092
18401
16855
4466
17111
1019
24266
22812
22934
6857
7292
24561
12953
16254
13927
13395
8264
16940
9825
27280
8269
14893
13682
14948
4865
12227
3811
5567
1827
2299
2455
7369
28112
15831
7071
4899
19119
6059
11272
14960
13421
32712
14071
13845
14697
8536
30713
23612
31920
25225
3732
6175
7979
30958
20770
16771
18711
7458
16863
3458
26550
8622
23104
31886
29508
28972
8326
27059
20781
14253
15252
7964
9853
15193
30973
5081
11928
10325
31074
14048
27179
21482
30459
27473
14946
15075
23155
6654
15452
16182
4601
31786
30940
26855
24212
913
15425
11818
2998
937
10936
1736
17685
40
25776
20163
32438
17606
20366
15421
9034
10820
22178
27798
31934
11437
14426
19669
2830
14044
13238
24905
15706
18238
10748
12400
16699
20953
2221
21783
23639
909
4023
31683
1075
19098
18412
20304
10313
18531
15795
6360
25179
4210
21502
5846
262
22715
17276
20363
8346
32549
6671
25249
17961
2118
20096
7695
12510
31598
15474
23100
21904
16360
7316
24935
14487
24444
19739
26182
6623
21048
32368
19949
10043
14193
6181
20722
10491
8196
27182
14287
23744
19937
32334
13959
29327
3275
7631
11149
24613
2137
24438
17889
32394
17217
20918
22140
9705
5077
5412
20718
15263
18894
31531
16198
26258
24905
32001
11570
24004
26383
7897
20071
1320
29209
4955
25667
19636
22100
13137
9905
1463
29857
7587
13390
8813
19488
4997
19914
5072
12462
25839
24720
14770
19116
333
9385
6409
17411
121
20957
19594
18020
14310
12316
25465
11989
12318
1821
8895
6761
3694
12613
23613
12366
18143
21962
20576
19725
10857
3608
19957
29454
9572
31348
1087
9307
16959
2527
15175
2469
17524
31037
26228
2700
28603
19894
17755
15131
20351
20061
1752
17042
4750
16655
8798
8041
20244
28318
23435
27793
17098
12847
9216
3069
25451
6113
20335
23137
21352
20144
19957
20538
3804
29080
24747
13326
25794
27645
31864
16885
4198
32074
20265
27736
1817
8153
6851
6649
20009
22291
23319
1331
27920
10456
27032
8324
20460
17953
4970
9288
11823
9955
21947
10695
18840
7479
13398
30578
6498
9145
24181
25194
13755
27437
5591
26946
6007
27497
3091
27654
6
31599
10796
9596
7587
13529
30309
18857
16335
9850
3159
28055
12286
6722
23360
7254
656
29282
7838
15681
29698
25009
17661
12162
9830
846
14605
16089
21264
5511
16631
21913
17555
23546
26609
4083
11500
27898
9745
5238
11260
28213
14942
21975
6716
1171
27437
8686
27564
31585
8363
8706
16140
26286
3510
12358
27983
17653
23281
9891
11597
25597
2071
2744
8120
3326
30607
15136
22353
15365
22593
499
12635
26265
25001
12431
4688
5535
5673
10392
23252
22139
32676
30269
10471
18296
6728
24509
14686
17258
25003
3626
32148
28818
13338
13166
14685
14017
46
20875
15675
24768
28831
1831
4309
27888
2653
1351
8612
20782
28893
4699
18928
13817
17585
15995
17403
27863
20572
11504
23932
9716
30564
5878
32590
10509
7081
27584
23914
5516
27892
12733
25363
28149
22227
3354
12112
29312
165
3976
13727
3848
5105
13631
22248
24611
15612
13122
1712
5011
6554
31461
20623
10205
2628
5773
20964
20279
6507
17336
31687
31143
27916
28221
12607
19050
30341
28884
5557
31891
21671
16088
8105
31476
7180
23372
17316
12097
31146
16669
19310
19571
25513
8358
11648
6251
19570
5753
30908
30936
3081
16221
10332
18266
29596
19859
29737
12520
16220
862
28909
9327
23179
14018
5418
5307
10710
17035
30220
4507
20454
2193
20637
31808
8242
26939
13112
23271
13335
21570
23360
4024
22058
22199
6929
30445
14285
19016
23607
12342
9472
2495
4575
5980
10874
20171
12170
12325
25081
7427
30729
2425
22742
24104
14501
23490
17628
5034
17566
26265
31578
16750
17623
20894
24183
30159
12239
5287
13510
4835
32211
11038
7962
15615
28018
5796
8348
4733
27698
29946
27930
4284
30593
11554
29090
19049
2542
30657
19280
21245
26777
18120
8292
903
25832
20563
3991
31916
26236
16594
10672
2540
20836
22630
10578
18983
7312
30606
23832
16735
11400
24322
30692
14271
18014
9951
15219
2524
12000
12549
12597
20028
18963
6845
25948
29717
20189
29088
22579
16214
25346
12212
6578
17899
13138
17111
17231
21053
23584
9057
17430
20217
13813
15877
13052
8211
23174
13560
7025
3338
30180
15445
30772
8301
14323
5569
20587
8350
31261
28491
10995
1494
27975
10645
19445
4457
25604
18745
28858
27212
3337
5990
32192
25300
12770
13770
21261
19392
19939
10677
15043
30842
4448
8827
9717
22682
9505
32538
11193
19116
16912
22300
32382
3123
28981
2751
19360
27374
2020
7764
14650
7001
13365
25829
30268
22647
11701
15898
4285
12495
24155
27485
1682
9396
6078
16445
17439
31178
10372
12816
1389
26566
26142
2781
19837
629
32435
17273
26588
1280
10073
18671
10360
25198
31371
12581
23986
16234
6872
8893
10420
14663
28120
29754
12293
7745
868
18020
24666
31494
32006
7661
12208
8565
2479
16468
5783
3237
18856
22538
13265
17961
11979
9172
19995
12434
11507
13680
10315
23350
20145
891
23451
17200
577
21138
11333
9640
12988
14776
3152
18261
398
17911
16553
21823
13355
330
23669
17098
10750
24763
1702
18672
28322
24009
15820
27342
15445
16140
3630
9058
682
21532
28186
8339
17790
10414
13433
12145
26668
29440
23974
15807
14597
16760
4737
5295
20730
11144
9663
12524
7068
2516
31620
23517
6983
31127
3891
27177
15769
12098
2949
17270
21545
23655
10456
6007
1398
11478
17866
25637
18974
7942
28167
12620
19025
15286
17247
9546
12164
28883
32028
22291
15978
5021
29074
377
19744
19974
24055
31659
27048
31578
24693
6907
17560
14373
22654
25060
13331
10578
8544
8267
25337
16016
23321
26885
91
29690
13676
154
818
22262
28980
10568
22096
21085
3065
28747
150
1501
18881
24668
7528
11420
4392
15736
14686
22302
19891
11746
26428
31849
19554
29803
8485
9831
18052
8177
18955
15755
3791
21542
25450
14263
5296
3986
19254
11870
12768
4828
5650
8166
30264
19781
22978
24656
26054
29301
31715
32026
23840
7546
22745
6244
4088
9486
22282
32595
22001
1304
14922
32691
14769
374
19349
16608
32312
26106
10500
9190
3696
1970
20986
28391
2821
27501
17310
18365
27254
13690
14735
16865
24429
18099
26323
907
31052
10939
15120
17947
13064
15235
2046
13752
25658
7699
6940
29751
18547
31879
8098
17214
4304
8535
23735
6569
13263
22492
9189
10284
28513
13840
970
4410
12609
13206
4880
22566
22915
12794
26527
19337
2928
23097
3600
28387
145
29572
5477
10117
4618
5953
760
12462
27690
26195
17074
6900
8255
9115
26493
23269
2223
22462
20476
10991
13124
25129
889
17533
17864
6995
23327
13411
4306
27714
19305
20092
17631
32593
25050
1169
32164
28208
19183
9341
6051
4396
29778
16783
1021
21425
8016
19760
3719
12813
30605
8902
18975
17526
502
2776
5953
31567
30712
31090
30933
28839
25327
3019
11083
29443
3042
2341
12778
11613
4973
27381
20069
4204
17918
12356
5808
24870
69
85
7441
4228
14309
24712
24186
16517
31856
382
27414
6773
1170
26494
32034
23151
7052
29207
29182
13345
740
1799
22916
29903
7259
25692
3992
1690
28704
24025
5120
14595
25411
2459
5239
29355
12908
8189
23804
12380
1229
4792
8816
30029
11093
8015
23392
4258
24615
24746
6944
23603
6730
9216
8985
22670
18850
1275
7779
19007
3871
5399
15255
15439
17716
4684
6366
3082
27787
28908
13902
25093
20727
15566
25207
15456
31402
5548
21816
28233
16296
19146
27864
14529
2427
23000
16721
24739
9000
21786
495
26082
9059
29894
20762
16402
18175
22446
4720
17450
20392
14110
24344
6024
15060
4616
5202
21557
25847
4958
12370
17003
27894
14272
29006
19284
27615
30295
27350
2325
21719
28929
1380
6155
4436
28590
7220
3412
11660
11018
11605
13970
10541
10844
20481
1771
16462
14509
25898
21845
16549
13614
13909
20496
16123
17108
30379
18803
16606
6981
23117
16876
11926
2295
14313
21315
8538
19606
26763
24862
25027
29095
22965
13002
10880
22124
1457
23096
844
27399
17958
3142
18461
27617
13546
20032
12446
6989
3863
7335
27616
15977
20065
28465
9292
24901
27814
15888
32733
9800
1479
27767
28812
9423
19383
15451
26891
6934
209
12151
18869
30556
27759
31122
6598
31810
32184
26628
24775
1141
4281
25207
13389
10636
2488
26859
19939
21044
15044
13053
15685
27530
18321
21608
2767
20936
31619
2764
24116
11300
17929
6318
32115
16373
20780
20928
14343
32536
26216
15459
4702
21906
5562
27755
17805
31350
21242
31522
26434
18442
32107
16527
19962
24357
1425
12792
1396
6619
9538
2469
26469
4444
24064
7143
11373
15130
12678
32089
2378
24874
18593
24166
11340
31213
31809
16395
12040
8943
29904
26078
20561
17167
21442
10576
2660
6113
7022
4655
22883
12880
18716
22639
17925
9864
21855
13097
2187
29459
3749
6372
22518
25409
524
21780
14711
28878
26231
5856
25639
26815
15842
23848
3320
22413
8434
25543
12011
133
26832
30229
9092
25711
11064
19120
8060
7022
15565
19581
26549
1575
11696
29929
21107
6693
29776
7029
26824
19836
14980
24177
15440
26029
215
2311
17695
11722
3106
6780
23544
22491
20833
21171
9407
3455
21439
26611
32049
29655
10483
18921
17363
9887
6095
5617
2856
28318
1302
8337
3367
14145
8847
14406
29420
1923
5207
1412
17582
527
123
11256
5617
12457
15558
4368
16893
7882
3800
27581
19598
1930
12920
376
15053
6851
6700
13443
30847
7540
7686
18289
7549
26979
3264
31208
10084
4103
21260
25254
31629
9380
11557
10946
17728
29112
5802
3636
1060
7574
27820
17816
24314
593
30214
15663
3723
15579
17900
15655
29919
14190
11463
26396
13488
13099
11072
11486
23838
5378
7067
9333
32165
31185
1351
23906
13899
21968
20147
6952
6174
9004
16739
6411
27101
25586
5186
15128
9462
31535
28730
20581
16048
8534
8962
19098
4522
30689
29751
3760
31620
59
20655
17145
732
31198
16394
15969
6524
27576
22665
31987
20177
23764
9508
15775
1696
54
12758
11578
2036
22535
12860
17094
30811
5106
30302
12532
5969
11981
8653
4327
19965
3964
22766
10811
26395
12562
22677
31814
826
5690
11221
27805
7463
3030
29719
16090
12969
32485
30570
14749
25966
27050
26906
7377
10310
7179
8324
19761
19599
25399
12840
22794
1008
21643
7936
14914
10827
16311
3601
31129
27628
3100
17471
5935
7175
1401
20069
23623
20321
23495
4517
31306
3917
23137
13821
6927
14554
6760
7963
18009
23627
13414
26483
16545
12487
13617
4494
18198
28754
23059
25509
19683
12284
22567
8558
7600
2136
13062
6198
2411
8752
26275
12592
32072
31607
26740
32269
11782
30847
17363
29644
14197
5485
21923
18388
21813
19433
27446
9024
6336
282
18542
8314
16554
4049
22819
18187
5416
17156
4549
31153
28112
21631
17219
2738
17567
17366
26155
27249
31296
6558
8466
9279
12171
27356
3638
7539
22605
12478
1122
19133
27463
18569
26386
20407
21369
12243
16856
15549
1696
20722
13054
24319
25853
29620
26989
22228
18008
9809
14797
26706
22597
12957
3822
14875
12710
29570
14695
30329
16241
7854
25213
686
28339
22153
9798
16517
14293
6250
6414
3629
28446
23306
15353
30791
32378
28985
9450
21054
27770
1231
23972
10455
21659
15846
15919
17161
13515
27206
18046
9486
13353
14625
15182
18874
18189
24321
2641
1548
21576
13822
14732
19203
16301
11828
26109
14770
32208
8820
5506
15767
5389
25914
24566
8489
12236
6623
13213
20656
9220
11792
14530
16217
5118
1919
6302
8842
3164
14808
11132
30579
17241
22775
21019
1766
23890
15192
32340
23400
23174
16591
12028
23944
4634
29049
25356
2671
24160
2290
18431
30905
24152
16840
10108
8067
28791
30000
22581
5061
19112
25336
13839
12259
21393
13757
25987
22910
8471
5982
26180
22928
16420
27056
14626
31416
10663
30580
7470
25042
2269
12678
10271
21707
14032
19543
15860
25523
3869
20892
11227
10260
505
31304
27218
3715
1910
25784
19084
24180
22531
31534
4886
29779
3634
7809
20410
25040
5567
26899
22692
26746
3021
7682
21699
655
29810
6307
15218
28178
26998
20524
6488
28191
9816
17328
7308
13948
5522
25169
11261
13680
17182
17329
3602
12248
22585
17577
25229
25463
1127
23614
29621
9102
30647
15568
8884
9132
21064
5525
29502
25800
11532
2118
31347
30861
8140
10008
13575
3829
26733
3822
2208
537
6001
29133
29823
21576
26049
9616
13667
21590
6057
2781
24746
23606
4388
24663
15034
24011
32602
22037
19615
12796
15207
30036
31989
24071
19038
12392
12297
17175
7821
12025
13115
27672
32259
10859
30631
28106
12880
28318
24580
3348
25996
21208
9675
8092
20635
16127
6556
23188
7854
4364
17119
983
10765
30396
8871
14644
30229
3976
7643
16905
2684
27352
21143
7956
5085
13940
23760
19591
28016
12603
20023
27226
30744
13847
23904
16101
25252
29488
4132
18350
18254
8544
25924
19584
17032
20456
16718
10429
26361
6241
8901
16116
12994
20213
24956
19126
27141
718
32067
1190
31400
25295
16325
19664
19798
23170
13745
20284
10183
31570
17176
22210
1090
1531
22295
16927
608
10302
693
20297
21778
17113
30478
12544
20965
19382
11954
8870
1413
8291
17992
28240
29056
23746
18551
6429
22349
2562
28934
10695
13453
14797
11073
15735
21648
25027
20383
24286
6939
2856
25763
21377
27753
10969
26368
21332
22127
13701
23808
24203
24421
17433
14630
9645
7553
23676
20499
14314
31750
12925
26022
27566
20861
29962
5479
13686
11074
31650
6694
24803
29251
26636
14559
24588
19717
4170
21217
9497
25320
17609
25391
14862
25771
18138
27431
2788
32306
870
4705
5598
5511
26076
32218
30234
31520
22383
8786
31847
28512
15999
5618
19030
8543
4692
9522
9108
2798
22290
12026
26998
19926
5609
3079
29910
30305
9613
1425
16926
18204
22246
7979
9122
29146
23048
14314
28211
25084
28517
18121
21488
31728
14657
13900
24928
30200
16743
9060
20670
11821
1819
915
10132
8643
10575
30288
21132
27022
282
17837
13186
24517
16485
23095
21981
21255
26856
9758
15648
27291
12117
19350
444
8188
7890
636
12329
29077
4269
317
7732
13001
19531
27892
10907
7478
25442
5330
6871
1851
7784
31939
2873
25527
3404
31566
9528
28436
4195
28349
4106
11653
28069
19839
20337
7819
17945
5578
1240
18878
32654
24709
18078
2250
30348
7012
434
12984
3210
11861
6496
3183
26209
4123
14698
8826
28417
3640
3675
28683
29283
19473
22552
30528
25791
15693
2744
11942
10750
8062
29077
26620
29042
14083
2211
5177
31173
21293
1
2256
20783
23968
7630
10802
26092
30972
29246
8084
31470
29373
4589
29683
21711
3168
19059
18518
13065
24520
1336
31572
26985
25311
19594
27093
11713
20096
9964
11549
28126
27797
15537
31238
16825
4476
31690
1420
19953
17584
11741
4751
10873
23717
13463
3285
8590
4595
24642
21839
23277
19895
5274
9117
18242
14134
12252
8403
24547
17604
26657
8062
3774
21477
4842
5346
21137
3249
2812
14214
29529
5245
10350
26355
23308
21431
32512
16568
26250
21266
22190
1713
17105
29667
4741
14985
10865
1995
31158
4734
5953
2967
5865
11108
15439
2404
8659
7149
23581
26119
9995
19751
20234
7596
25113
15430
19982
13244
32208
2468
21930
23045
11999
30982
13599
4885
23714
18209
7647
21478
19518
30813
18241
26817
492
1240
31352
8540
19605
1454
6854
2118
12192
18296
32237
10628
7944
26130
10471
11389
16817
21922
17622
17683
11772
31957
24638
16403
21657
17516
20594
11983
3484
16376
18252
30217
31699
21473
28961
17427
14935
31917
12020
12853
2146
7039
16618
5455
26464
27614
29950
16831
24393
1720
11766
18053
23853
5799
22166
25509
24593
8562
5395
16333
26617
2775
21195
8504
23366
13448
27698
11730
22082
24435
7440
30365
6394
12870
31978
21075
1868
2355
8125
19277
28480
29425
12019
9379
2460
32515
3727
14997
26802
16700
25259
16938
18813
11907
2340
11286
31468
14036
23444
12001
20350
16519
19840
15430
19727
26837
15059
26074
3826
11672
31371
29934
3647
25682
2483
14773
17518
8817
25233
21930
23589
31441
21536
1324
25679
13443
28097
11371
14702
24269
21293
11144
6450
26225
3246
15864
5194
4146
10127
26922
21114
31893
15056
15977
23790
6373
9247
29699
25294
8569
4356
6571
11282
6458
10332
27676
11928
23135
26632
3071
31091
9339
2790
7183
27271
19386
2816
2683
25171
28007
5124
2443
27149
19890
31221
31623
32756
17073
2079
21973
32226
20644
15440
16225
20000
23421
16965
28226
25215
4512
17251
2202
8612
29671
24232
3261
16036
7913
23776
1174
11985
14716
29980
2119
12755
11384
13664
21520
8186
1982
25500
30066
29394
14457
27357
21396
15352
29860
10437
5861
32301
32717
12089
13315
7337
11544
20057
7644
21681
17030
31413
25363
30060
8567
25533
15013
18931
22638
20090
17356
27047
533
2172
32035
25287
5505
1812
14091
29506
2998
1731
1358
17353
32366
16113
29699
22825
9238
32226
946
12248
19738
16615
12472
13773
18018
7377
2540
5781
17693
2731
6786
3492
16317
27817
11056
13033
22594
24411
7824
30117
15292
11046
27846
14716
6923
27125
610
18893
8426
13612
1672
5951
2348
28638
19534
29596
15684
319
29541
16355
6667
4956
31740
16536
17086
10761
20961
3167
9542
9755
4841
18633
5053
2264
5267
10606
5933
2988
27880
25916
24475
24606
677
5646
30020
11265
26780
13952
3878
5615
2136
12802
12994
30195
24576
15148
289
32390
22397
23634
21781
29117
28895
30295
5825
14016
22525
8646
26715
25470
5468
9758
4145
3743
26707
31598
17386
32186
3180
2594
14607
969
28172
7453
7882
9178
4695
14856
25837
19463
13902
21481
29749
15527
26938
3063
15313
28614
9806
29869
14366
5331
12680
2845
22197
29849
15320
23175
23463
20849
4740
32298
11271
6069
24011
30042
8617
29303
13001
32211
19498
6259
31898
26701
17200
25923
194
6992
28147
4818
716
14410
25597
10003
19250
5855
19246
27123
5501
2688
22274
30604
10669
9791
19735
17051
9435
29409
13033
6964
13597
19253
2272
3508
19626
21157
13966
11768
4159
14859
3121
8908
1217
18118
32128
1446
16419
20492
31140
27285
8586
9857
1156
9332
21679
6665
30021
6499
9349
4571
32273
15224
24861
27352
24856
31153
23750
4122
30421
15661
17528
463
27027
18076
22387
15944
18991
32757
16931
16717
25119
5735
8263
3508
26291
28817
27218
30002
29083
21749
21009
4720
25258
21674
21135
10593
3802
20050
30518
25044
24719
7500
7734
4165
19744
18731
14891
249
17299
18790
22266
31050
30888
12624
26107
25407
13338
22603
5470
22367
801
21049
14023
30919
29755
19508
31036
22395
16428
8575
31297
19706
1091
15548
29249
1813
29152
6495
48
13568
5939
31074
22639
2730
9542
9019
23280
3658
22334
15371
21658
25658
24286
4632
28655
3337
31308
27517
6380
18892
5912
11552
22576
6836
9850
28133
26977
3046
1755
18977
4300
17542
9879
2898
29771
3093
17410
30733
31596
14846
28329
24631
31439
17259
11738
14712
11984
23389
28774
24557
18790
22780
10661
20253
5963
22572
16315
26415
94
18528
12058
4698
26437
23987
1864
24220
11350
6197
9443
24495
22456
21890
19682
27961
11973
8346
3357
4419
14515
13292
1552
15084
30324
25012
475
2398
20954
22151
31886
17154
2047
27180
420
19696
4836
29358
717
13994
22104
19887
3057
11785
5148
5119
30833
28535
27460
11118
3504
1631
26336
10974
7890
29154
24540
17564
7619
460
13861
10992
15739
32710
9485
8946
2433
30925
14065
14752
5806
15074
7193
20270
12596
23299
26847
27805
11231
22363
32532
6031
13466
10678
9887
6234
21044
24119
6503
26203
28516
589
1652
11917
5899
32739
20561
10329
17850
14551
2740
11440
29812
30382
31584
17240
16565
646
8779
6787
21938
31051
3324
7334
31459
12334
31032
6280
27583
15699
2781
12186
23751
30922
6414
32390
20933
2497
22160
13322
10582
21496
22900
2567
422
22901
17911
21717
23163
25720
8358
7386
6261
3505
3014
30299
19860
29361
29682
2961
27386
12447
28678
3328
16370
30508
22588
31748
27186
18376
22677
941
7005
13591
635
21452
22476
13982
8612
12878
4750
25795
22585
14025
19117
12532
17976
25685
3507
28198
16407
5533
877
15745
22698
28470
26351
13145
16966
19503
4312
18529
19239
22761
30424
27419
30991
20520
17519
17811
2096
3691
28919
2893
20812
28537
30436
25468
23323
10813
4171
17268
6893
7891
7329
19810
10384
19171
5062
1851
26996
22574
10817
32242
30477
31078
2766
10478
17529
2371
18710
8635
18275
8147
29117
1024
10279
4626
23457
2481
15670
4026
7777
14213
21949
21340
21021
11691
6017
6320
31869
28857
29709
19754
20213
16101
30992
11981
6727
17783
1
19780
6985
19070
260
8495
1256
7874
3345
11707
27501
27643
13139
24693
29951
13120
21966
9056
29545
4034
12613
21828
19230
4538
7259
7242
19322
17824
16888
18118
23627
15262
23278
11860
9360
9028
10973
20774
3713
20349
17492
5532
19663
14018
22584
27669
17708
17293
5226
17158
1038
2321
21924
329
7600
12328
12452
31415
8282
12429
5773
4856
31715
10827
6282
666
628
29557
3764
29281
26254
11800
9782
24798
23119
31342
6830
1603
13297
6484
7895
10870
15251
4862
14438
8548
1596
13802
4913
24984
541
530
3990
26892
6166
21606
4123
25663
1660
26233
19026
19335
22810
30331
7936
27305
8821
11111
15741
1703
23125
2429
5726
5593
1408
2803
24914
15935
2761
12520
14922
3606
22857
8345
6621
8873
17389
8407
11498
12650
13873
3001
20351
10049
9770
2190
12025
21028
26570
8725
22381
18664
17760
3313
12359
1367
350
12887
11313
25730
9567
21258
12343
345
17000
22153
30248
7544
1646
6790
28223
3140
19225
22171
25602
21559
456
26681
27243
31352
8405
6881
21318
11439
30234
16534
13786
15639
692
11922
18635
9429
17414
29240
4927
136
3585
21066
14656
15137
23203
28764
26466
23285
12990
7816
8613
9488
5115
15716
31132
2764
30750
13873
28623
5539
24972
25941
1119
17730
4362
2316
15080
5086
18631
2138
5547
5323
16541
9796
19437
24907
12180
30015
16282
18340
3752
7913
30254
28789
30924
21495
6357
28233
19502
30830
16337
27501
28861
24599
3357
27135
26601
12076
23120
19016
2473
13144
32195
2892
4803
18655
27382
31134
26696
8216
12848
16505
13405
30500
9062
4365
16449
7130
6238
21527
12172
18945
10773
6580
181
14786
21853
15223
30423
29276
21194
25785
20661
13594
9679
30000
28923
5251
10021
29124
23495
3024
3692
30621
11623
10915
16149
25985
28261
10485
23679
12125
26816
30544
26976
4129
25213
7999
30311
3537
24926
2052
9248
985
23538
29576
31767
10146
31694
18328
25920
15202
21785
30541
14230
25400
14158
8396
13059
20600
31549
13104
23936
14148
29267
12485
3197
16988
23324
24951
7555
31030
32518
2442
8728
19538
23912
30859
739
15304
1986
1158
24080
19491
4935
17785
9462
15729
17304
9481
15607
14491
21203
5748
10152
26355
31436
2759
30258
10252
9114
30033
3065
22990
23382
29783
29819
26313
31519
29193
20602
3786
7521
20917
7773
7596
18775
32059
25044
1137
30671
26305
28347
2194
21806
21159
23361
32146
25779
32189
23881
15577
26880
29620
5904
20416
13782
10707
5904
32745
20256
12779
3877
16849
31027
6541
1775
11688
7764
18810
3447
31328
11642
31067
11797
12036
22102
2995
11409
32331
18065
26129
19592
109
19541
6538
10257
16181
526
28518
22945
18519
26482
11802
32044
14853
3007
10871
19597
32189
11587
31008
23336
9573
29218
21569
13518
7833
7764
2430
25569
12356
27373
1066
8888
30317
25249
18362
15428
20564
26503
28281
24564
29886
17949
125
27863
8333
31117
14041
30721
5011
1326
32532
4655
20392
1870
21210
4270
19962
26927
14322
23928
7845
20559
31856
4769
9860
13548
812
25841
28486
16840
13426
8659
15812
24874
26363
17517
25233
6949
21788
26129
30931
10524
29246
3540
1874
25222
13454
9084
14287
26351
9974
2464
6295
10559
22347
8970
7256
16447
29896
18272
19506
8281
12987
27396
24593
8864
17278
32312
12603
32016
32681
18310
15141
4118
3462
15711
7819
11603
7365
8962
23231
15261
2673
27807
12610
23622
291
11964
26513
30113
26998
7385
23361
18115
16058
23375
7246
26759
7149
10366
433
24533
5351
8487
27696
9507
12244
9239
11130
17723
4839
6406
14707
32575
14925
7870
16333
1003
19040
25728
7128
14875
21022
12963
21659
11405
4569
26238
14115
1255
6703
25992
3355
14332
22333
19390
8605
18251
23568
22853
2120
15304
604
25425
23187
15840
12913
19525
24416
28343
26474
18204
20693
26292
17320
27143
13415
32063
18815
21591
31031
15817
3118
27550
20642
11789
27925
29713
29971
18838
14626
2097
21276
22146
14989
13227
18630
30597
4805
13692
28453
7985
28842
11608
8751
18548
30460
14413
15054
6242
26387
16548
12083
19764
25553
1288
3438
7825
24790
6890
1083
29453
4594
28707
28191
3824
28384
4059
4788
8248
7985
11946
4673
19425
25222
16894
12174
8291
18690
9917
27639
4477
20479
6955
10686
24881
14080
4109
18598
6672
8423
5391
28861
32439
21865
25699
32633
4762
14014
20907
19206
8192
16285
8217
12255
24399
7527
980
7324
9098
15011
21150
4106
12312
19882
10165
15745
7111
16291
32502
19314
25872
32690
2888
24640
7069
5741
19512
29009
17160
3472
9953
2148
21222
32753
1551
29477
30724
26038
17828
4350
31472
28869
27962
13105
28603
3452
32265
17188
4862
23459
22539
8955
30747
13214
31327
31852
27845
3047
8940
29135
13763
21180
4422
25973
2288
4117
28885
19259
26759
25561
11828
14431
17309
13393
15319
9618
32751
8413
2545
5966
20702
3302
13716
8297
32696
22291
13082
29419
2361
4288
30661
29469
13394
18860
26274
226
1576
17393
1203
27466
14176
9274
14412
16997
3738
29232
6078
31573
17467
32053
2867
6823
21360
31061
17881
22756
23664
26745
23107
30050
31745
9182
28172
11104
15421
6598
20669
32082
662
4974
31216
19066
7960
5951
12982
25272
24814
15176
28215
3235
21544
31724
5528
12760
3259
27352
19234
9619
8905
19001
26784
14716
17443
26667
15624
5315
32525
20084
19806
366
10817
6770
7382
9202
3638
4434
16441
20737
13217
17539
16521
30116
31549
23146
4328
17801
25287
20312
7094
9118
6989
17081
11002
30943
21673
9358
12291
28011
25161
22301
11855
14302
7473
6374
19883
30427
10050
19162
22428
18664
29628
26312
9214
5759
14594
14872
14571
16993
12189
14523
8670
13358
17028
31842
16920
28979
5274
17390
9795
14211
32633
1832
6486
20297
28526
29363
184
1628
16580
24639
17320
2580
582
7934
16860
4957
16639
8284
7528
6409
16708
23787
23522
31851
18677
1436
8900
25633
24319
21813
4881
14641
9253
5631
2108
31320
10497
12223
15941
22942
25925
20968
8997
22574
13383
3599
22380
21605
31421
30367
8745
15913
22980
5582
23562
25980
4904
20688
5572
5968
735
2890
32181
31901
20950
7945
18632
28594
17905
31732
8858
15305
21325
1087
26843
31453
21192
30946
13814
1472
451
2634
32500
10856
12070
24910
18589
7305
14757
13412
14305
21610
17218
15637
375
20465
15891
8622
31940
27135
13894
10041
24062
15364
32098
16299
23441
15818
6863
18527
17090
6037
9625
3267
16274
23150
27505
24914
23525
4796
2293
27330
31203
26900
22321
25982
19871
17746
21093
342
6646
10217
24072
9589
13499
11639
2574
12436
5649
28829
15719
2414
30487
15885
27080
4980
17355
20196
11437
23489
25640
32059
415
4688
8338
9976
27058
9069
9588
13034
11347
1385
27176
27670
5440
3730
32535
10059
21464
26466
1825
26365
24469
27895
24639
29008
1495
6083
16230
3186
1251
14981
17327
21806
22571
11640
17590
25534
6608
14794
24639
13025
7525
22863
2848
32046
10230
7799
10587
1192
26952
22654
29066
30866
6755
18402
8064
28037
25934
30490
14893
7103
31258
2949
28866
22462
29985
8865
21270
30990
31376
3965
26952
9055
11043
3185
28327
9690
22064
13580
13262
25781
3303
23630
27667
261
31448
4887
27171
13012
10166
29408
4070
2420
1626
169
30121
1554
29962
15410
3195
17550
4860
12142
16343
9867
3862
4661
23172
13506
21496
22073
12986
10907
13628
12091
24966
24574
508
27519
2415
1382
8341
12413
28762
26168
6059
28633
28843
9556
10350
10389
1453
10217
24091
18566
30516
8845
14021
16900
26753
31885
18773
10726
20069
32129
3280
29102
4266
31012
9432
4608
23214
28003
22390
14681
24401
18100
4118
21245
5137
16041
5075
31281
10100
2245
19189
11691
13991
16782
17336
22343
1636
21475
21072
31739
17176
18576
29225
10253
3142
13344
19571
27523
20262
14067
2014
31452
13459
17296
17826
18429
9764
7995
28611
10094
11928
20683
15507
21958
14711
29110
2936
29028
30198
5486
32495
15456
24859
15088
30673
15041
15139
31897
21974
241
27681
29244
8535
18030
7143
31091
600
4289
297
22578
10437
2740
11232
28066
2556
23488
20205
25900
6028
5061
19711
8147
21308
32510
3254
18376
25680
30259
22537
16952
4615
32560
19173
29545
18280
20855
5398
2309
1086
4914
4971
16054
24418
25195
1045
20722
32312
32383
23121
4633
9596
9680
30023
21949
18239
31675
15921
9792
12844
2762
29119
30885
17936
14122
6330
21152
20890
13663
29673
5871
32095
22838
24369
27629
26656
20731
28671
28773
22608
8429
21227
12964
9937
29423
11413
7634
18175
3712
467
20866
4079
3309
27407
6023
11000
7621
5866
27657
19315
28558
24613
19417
5056
4278
31426
15618
19338
23757
31846
17825
19275
18929
17410
17654
16658
10889
1202
25274
12932
14134
30694
2227
24608
29958
31423
6791
28104
19435
6844
24526
29821
24940
21909
21610
24939
2971
4199
21275
17957
28743
2578
20046
32305
9330
19679
2870
19911
24581
25447
4894
24022
6595
21680
20222
14664
8060
11160
332
12167
32387
3447
4628
16448
20578
9216
24907
29799
16331
24168
4961
18555
22994
19915
3093
3083
32602
8395
2957
23161
2765
634
8614
4350
32273
24698
27529
26094
19639
23650
20351
1341
5749
27748
11014
22083
26070
28461
10020
20156
18224
14093
9979
30483
19415
20568
1182
992
19856
1804
4131
10415
1608
28595
1273
2051
20486
30603
27004
25754
8479
16357
3271
30707
6313
18635
5833
4622
12081
12005
24220
26227
24497
158
31505
10869
23740
28290
16784
26808
9724
23274
10015
11761
4574
3292
14272
29421
8076
2605
6144
26581
9500
23784
17613
1200
11782
18420
1416
809
7644
12016
17499
9618
27445
13666
16589
28458
1771
22801
20627
12699
17286
2991
8873
5063
20727
4027
14498
30148
8330
7334
2621
22053
17686
3637
1848
7292
9078
8998
27497
27933
1853
3862
6410
27172
28582
25506
27989
1465
10442
5325
17233
18834
1302
7329
6379
14266
19195
538
2632
10385
10983
18239
5978
18965
20853
658
26545
9311
27105
10154
148
18288
9406
17183
8529
1582
5867
11686
14801
25258
1219
31357
12143
4004
28052
9482
25610
11089
27474
16831
13145
5980
14989
13888
23167
4650
32417
15560
32224
30050
5677
14025
16690
15789
5062
4818
9687
16314
12012
18870
9066
11910
16700
14059
11928
22234
9192
20528
8753
13333
357
114
15998
16939
28515
10737
13014
12526
25858
5023
25964
23692
24899
17864
28011
12121
21948
6648
29509
20687
10641
538
27463
17875
26783
19165
24178
26170
29434
23900
13702
19340
16538
17405
14943
7432
3409
30361
17284
23784
256
12766
15870
6886
10251
24050
2406
12286
20490
18521
23106
26486
7362
13593
5778
14620
26963
2844
24741
30927
18866
8149
17457
8000
16474
26151
14755
4090
31807
1154
29620
160
13060
5711
11069
25974
27501
7310
23884
1827
19479
25021
12151
9654
16999
21756
28272
19686
5568
8304
23258
15774
15097
32485
14427
4281
31758
5303
21235
30474
18453
20466
28300
15007
16244
5048
21714
25926
20562
13027
30020
12369
30539
32236
19339
8599
30824
26636
11
31163
9294
1952
30393
22449
32181
30162
16428
13693
21276
20854
8438
8766
8379
26930
9012
23916
20154
20706
26212
14174
8096
26170
8567
23311
25358
2221
2855
25889
16557
2190
7307
27682
12133
4470
25065
24079
27856
5093
19915
22294
2286
29228
16981
21920
23066
29834
17621
28559
27964
18581
3996
27844
17985
4059
30221
27365
1224
16842
20211
28253
16670
25805
22808
1188
13677
25272
19987
23488
1840
31846
5985
29452
17642
8352
22967
18744
27672
10817
19095
11153
2916
18840
1058
2690
21787
7438
19245
30555
13793
15625
31638
12114
17316
16144
3800
22472
6350
29743
28894
20429
28607
26269
5909
15077
4730
23196
3525
10508
29342
22177
28577
32761
32153
30389
31645
2464
280
3867
15615
19450
13249
25139
31161
3592
13861
28062
23286
11798
8176
4771
1011
11581
28003
7633
2832
5163
24837
29158
2343
5415
11669
23024
13084
3919
31810
18098
12725
22308
8991
31561
11180
26697
8145
27920
13827
25736
10890
23232
7832
1046
30012
24284
17657
23320
27398
332
30073
6245
1011
3143
31364
8590
227
10359
22575
12316
9161
1112
26131
21528
14359
2786
15196
32721
32631
28007
8477
217
22204
1214
32487
2641
10008
19873
30105
13414
30607
1108
7289
5404
12971
9095
5252
22091
29810
19070
26115
27878
29845
20079
23647
21891
24810
31532
21558
31256
15388
18177
12206
9475
5282
32224
25866
9550
10221
10171
23419
2096
17894
11826
2616
3031
2199
1390
3536
12132
13352
23629
10175
1080
21262
6079
23616
9326
25215
7536
8803
29352
9001
12711
23135
1807
25123
27758
32297
28053
20004
2547
16454
6526
11507
6702
3293
12830
1310
21444
8464
7396
4079
3627
11404
26775
1948
9999
12639
32224
9662
22261
5643
14601
26116
14623
7640
20740
24873
2735
15214
12207
21539
25871
29090
8022
10142
30607
13969
29049
2984
1104
3307
720
31662
9314
18322
16525
16039
5929
11108
4833
14223
8453
25428
20673
6679
15665
31424
8426
22427
9964
20991
27683
22612
32215
16697
17602
21711
2463
23931
26481
25501
24795
5130
14642
3917
30520
4088
26273
2199
22227
7670
2169
18650
2278
617
29018
14537
29095
30144
2250
12128
9069
15108
22393
23838
27925
1200
10441
30574
10148
7108
25997
14438
1837
32021
3089
1715
29430
24807
26972
22996
10454
24765
30641
11911
12257
12144
1628
8065
24136
6015
3755
30306
30330
13222
23098
18664
8079
5554
24179
30307
15591
20371
29014
6505
26894
4787
15222
16842
6115
22918
2884
2758
9210
20323
28048
24958
19262
27282
12109
4009
24283
27814
11413
24200
10843
15628
4333
26140
22030
20965
27849
23702
18608
6929
17491
31247
19526
9100
31592
17529
31305
23806
17123
22486
13062
18829
27423
32424
9285
30710
16311
11944
9001
1500
20624
15802
23895
7264
19482
25377
9562
6897
20178
22767
24135
25701
19468
12736
19100
585
29679
13992
17006
4726
15041
24938
5316
13029
25957
18155
6206
24517
16161
1510
12026
30666
23717
3552
16823
23239
4169
21087
30267
22143
29591
15959
9459
21945
10761
31717
20954
1426
16659
25663
11419
25879
20836
11244
23546
29459
17770
7984
6256
28198
26900
715
23061
23319
9947
27875
7620
17771
5635
10814
1401
28215
15902
948
22525
23858
13267
30692
9158
2062
29405
15655
2328
1033
6486
8130
28529
30143
26678
4192
10788
13122
11543
30399
20548
19564
31035
7337
19395
28020
18895
17702
25563
20416
1393
17392
18093
11514
29425
10535
22057
26726
3412
21830
15405
25203
22815
2390
2545
10896
7890
18273
26274
832
11954
5930
4429
27761
4555
795
14847
10250
19510
24959
30251
27843
5272
15857
21579
15161
9451
30484
21194
2370
2177
25733
15906
14205
2885
6414
14914
1326
11845
5405
31538
30281
17773
32116
28921
24525
8853
10785
27327
3667
29119
8625
29999
15079
10905
21665
30751
16918
15178
11541
22387
20808
20586
18124
6974
32337
24146
25428
25387
32066
20375
28282
10524
26757
31953
9989
5904
20265
20897
16292
29770
32122
17138
3108
28080
13269
31358
3814
15729
16314
23444
31377
30186
11043
17689
31748
29643
30228
13518
24719
15221
3700
12240
27746
17831
31259
5221
30021
32602
26412
14581
5514
233
5797
31831
2880
16501
21812
11087
6058
17288
30285
24404
29424
5112
1401
14998
10259
31759
8689
9535
27942
19944
14443
28665
19388
14876
3892
32689
11677
31135
22655
26267
8637
20196
16125
3703
28014
8776
8365
22546
15828
15789
27638
21519
3481
27493
21235
30951
4835
31827
18702
31279
18819
31052
32464
9498
28016
963
20471
26174
31091
10662
22473
23707
32291
12419
8105
7641
25876
7151
7144
4049
29772
29480
27357
31567
9718
2553
2616
15382
10331
20702
30355
12837
6669
28777
26954
22585
22117
13284
10381
9107
26160
1848
7603
4347
26790
3086
9681
773
2204
2611
20620
21907
20986
16193
299
19099
31598
20860
9713
13355
30818
27130
31145
32682
26412
14855
898
1632
12165
28615
18717
18233
25917
24093
26341
28101
17197
23500
671
19076
21100
7644
19521
8289
4550
4416
264
27516
12649
30645
9413
1324
14050
19437
25976
18757
7496
12525
23839
8342
17847
28852
9680
5302
19456
19997
29702
20737
5023
11782
11065
13533
8430
23474
8369
23362
4760
27756
155
15225
20303
1645
2397
18211
15298
3840
4391
10622
3273
996
2506
3044
2531
1010
30414
916
21475
19199
2494
3253
998
9476
22727
13976
13960
7293
25474
25918
22360
26638
23053
19482
16521
23404
23136
1559
746
24443
6110
28381
27160
13748
8491
8528
4337
2762
14398
16218
6733
7309
28855
26347
25065
30478
2162
30782
14756
3332
11868
4445
1774
12142
11141
25319
21629
10362
8823
16913
11329
32166
22727
7147
19867
7461
16105
11749
5066
31364
10824
10129
8358
24205
30102
6570
8080
28268
31585
22102
13481
11792
7912
9896
27714
468
22316
31081
16020
29535
28746
28440
31665
15816
30471
26415
13243
25854
685
29352
28500
23656
20758
20416
19541
200
26886
21243
21187
26981
14014
24936
5631
21609
22221
24614
30268
12936
810
15655
5686
5602
22144
30004
22818
2091
22985
15153
31968
3081
4126
9379
9336
19901
29901
32623
26308
18182
8109
13540
13674
23106
942
24060
12302
10455
31668
27871
14277
10449
6566
4009
22220
15821
27585
12397
20602
22805
11315
13946
28019
25868
3813
27869
22559
32717
8600
12839
7514
18703
29235
21872
9581
18252
28507
17563
14653
10274
14149
28636
26563
24569
18632
1656
24508
27878
19127
28876
4514
16591
23917
11153
11738
5840
10921
26718
21295
14302
10141
5998
383
29354
15681
16036
9396
19144
19181
16844
19446
8977
14119
36
24864
26438
698
27419
29808
30966
4616
31320
28802
25505
8352
8446
19071
7197
4883
10287
658
20281
6916
4815
2203
929
24959
28298
22824
4865
11148
13848
26273
15981
11523
10431
8898
25089
32161
15130
15438
3012
25692
1306
25858
31186
27892
20810
13256
17339
31691
12631
30510
13094
21494
15311
3094
4026
17300
22313
3247
25150
27230
13830
27556
29438
20096
26806
20371
1905
13224
10238
17088
8986
26716
15640
2827
20396
32144
11004
15903
12401
7288
31966
26093
25836
28315
24056
18777
32446
19497
24201
11570
3782
9358
2590
8552
3468
21831
13072
11897
8928
25332
5966
30509
4286
18607
16988
8835
17781
20893
20636
8683
22792
12482
30669
10165
31189
19226
30929
25034
3188
26597
24243
19610
738
15170
12008
12885
11999
32511
28373
10846
5012
3504
8850
11517
31353
13310
10478
3924
20342
11330
6323
31636
2121
30803
811
14704
6951
3483
16354
23250
18598
1905
9646
8397
15578
21411
21741
11476
19390
3409
30478
21033
19670
31234
5971
7063
23059
23793
30932
22884
30199
5288
3528
19330
23801
14032
29696
15365
1579
7752
6836
7642
5914
8052
30082
949
20214
22232
24756
843
11507
17893
6850
22722
21998
12818
30487
24165
32084
31279
11800
11421
21824
22006
28259
30236
18915
13284
4948
29788
3113
10567
9422
30792
12185
10391
1080
29497
24446
29193
27333
3107
28484
29282
7417
5393
18980
1033
30569
29902
1540
18017
14530
22757
7576
32597
11532
17356
5582
15157
7728
19293
4713
7872
11704
7045
7659
8066
31703
4416
10425
5728
16297
453
890
24689
13499
509
22720
527
462
16954
27114
46
31960
21030
4937
25581
28748
24826
23425
7275
17819
19952
4658
13020
14587
7418
16856
1244
31335
9140
30960
30978
24551
663
11869
25017
3345
15984
17673
587
13264
3601
29391
27199
21092
12359
3737
6885
4778
24076
2501
11055
11934
11517
6350
24002
32286
30222
20264
23885
4593
5244
12907
4890
7
4355
2228
19427
17666
3410
26184
7910
24310
956
15995
19259
1389
12080
31697
32614
8879
12139
25442
16169
29248
15724
18307
23452
26793
1064
19874
12671
18555
29056
19314
8654
2194
4976
32585
30870
28567
21897
10182
13832
2248
12961
16054
28107
22012
11977
23352
12439
25313
11647
32544
13312
7561
30757
21402
11407
6181
2226
6416
3607
6160
27816
20045
9798
5647
21574
21218
17787
5079
8702
2248
27095
27343
3625
14664
8343
30744
13050
16664
4513
18891
5296
18375
26972
12673
31248
1626
5317
24601
10515
24888
960
28341
23516
22851
26027
30982
492
6216
5177
11466
8601
7321
8318
29330
28092
18424
13894
5065
25515
21943
18859
498
1383
31774
17127
9009
1046
15629
7270
18445
28339
10722
10016
11892
14596
7837
26917
13823
11980
14403
19065
10616
10051
2688
1059
16794
3267
22671
1409
17687
3268
21855
17374
27104
1034
12014
10310
23456
31517
26873
3993
2953
18170
19160
4319
11604
8712
25764
32219
1411
20813
28570
20963
27882
10722
3524
751
11629
2724
11478
26863
7179
7725
4182
12130
5148
30979
18175
1316
14294
26638
3944
32391
6678
848
28641
23974
13662
22736
1437
13558
21529
17367
20247
6174
20007
17503
30126
20233
16277
27337
23186
16185
7340
11214
27364
32606
18222
12472
32537
18727
2268
30674
18848
15704
5947
22813
6340
11805
1176
17220
28627
25501
16970
17618
15232
3795
6199
13731
9606
24217
13722
5272
19342
27398
16131
28047
23891
27386
32159
23443
26116
26615
5049
31567
17642
25651
23169
25033
6474
9963
19724
27469
9613
8953
9373
30374
28062
11177
2595
24725
5268
27593
258
21371
15761
21247
28438
16217
29673
28000
26101
3578
24199
22845
4469
26479
17037
20288
28527
6844
6459
28856
13506
32465
15634
20530
922
24508
29241
26697
22258
19484
19999
29887
18263
22233
16994
25036
3311
8466
20208
17845
25275
16471
8044
6305
12057
21785
6099
7849
5517
25950
5215
14382
21952
20409
24747
3183
7113
27258
10777
16986
9644
8994
29041
15267
25120
12826
16330
1556
27798
13988
8878
30500
2678
20241
13177
9674
3500
309
11778
13971
16483
1816
23165
11763
15888
21486
20128
15576
23987
25929
18949
15237
4442
13454
12752
18078
24294
23717
28561
12927
22033
18421
14188
18642
10160
31376
31095
1121
16950
19626
611
16168
6010
10576
3935
1711
28602
9559
22841
2711
28127
658
23238
22898
10498
29512
22149
24536
32560
12772
24447
23991
1386
16623
26993
17898
14576
26428
9261
15373
21952
15458
9790
9360
30297
22895
10955
31499
24772
475
26302
25297
9429
22715
14628
9672
28591
30263
15063
5496
14470
28990
29019
609
10921
12665
10503
15762
28863
7549
14949
22647
17744
31044
16091
5875
27784
2270
30858
18350
31544
19300
29046
30385
3870
25134
5607
11824
23654
30789
19984
14758
13424
15899
23279
7976
27092
19834
31348
17138
13732
2491
5861
26951
497
20536
1409
2680
15760
3332
6244
11586
7453
2009
1962
15196
27969
32081
30167
1105
23089
22617
4983
25228
20599
8163
9729
14001
23285
27868
30209
11572
8743
31838
26742
548
28840
12838
18297
14151
24824
8008
32288
28780
6268
24865
19362
27133
13254
27790
12732
15828
18455
6491
8787
27215
7714
511
12378
20391
2579
2950
18422
6013
1232
10702
12768
15030
27263
13302
26124
6537
584
23828
29064
22998
13148
9510
29606
32698
2870
22092
30301
29792
31009
25140
9709
28442
25338
13269
11202
29872
30519
18784
12443
24824
24616
10867
18923
11942
15485
3728
22143
29030
265
18383
3682
13864
10181
17871
18942
15803
20504
17650
17539
17822
13397
32202
23949
21267
6278
26830
7681
13428
5736
27218
1079
11466
27318
31414
23391
32156
10154
7901
8733
17157
28866
17632
17527
22025
9152
22788
11505
10537
4852
9962
28918
21301
13501
23302
7290
15458
27726
14418
24798
8605
20398
22084
11028
25118
3842
31485
25859
19263
24847
26051
26157
22159
6395
7601
22415
3618
18771
6317
3784
2860
6227
20123
9342
17102
10593
3280
18942
5424
16346
7626
8738
21200
32529
6430
8568
11290
27541
28593
14752
16184
4531
2091
21494
14379
30012
32681
24434
14107
11913
25267
30156
28907
22715
29293
23523
15889
13639
18961
24927
2981
10419
30876
25493
25271
29850
25288
30636
31206
21238
315
32766
1326
22175
20222
12481
14338
13582
31792
18407
11675
23911
14588
31810
11151
183
11464
26604
29349
28537
28079
29158
4584
28768
3122
31487
28666
29776
1834
20984
32427
19373
15361
13029
19658
16601
10018
21974
27196
15352
2222
20663
21066
21495
16753
20597
20543
28876
31764
28003
4659
25343
30356
7899
24098
5225
32755
4648
7489
13884
32301
26787
12689
4163
4205
8477
18868
21867
8577
12413
9984
8579
32395
3498
2514
1088
17914
13484
14372
15748
17081
25870
21090
3807
1958
8070
27258
18007
24390
9944
4403
26212
25527
2039
19903
3903
21222
28013
13203
3420
29442
16894
2678
12597
6960
26248
15576
21578
13440
32558
102
12134
18207
7093
27867
26147
26575
16174
29977
27568
6549
2774
30328
9426
30641
4154
21086
27433
15315
3743
17936
21941
29836
8096
29895
27289
3
5913
22535
7710
7913
6724
2604
17146
13231
12834
8006
20435
502
23837
38
7679
583
25579
31673
1422
7684
30133
661
31370
26526
20345
16594
3965
8969
29357
2587
308
12909
12069
19460
12227
15135
1078
31390
10441
5839
7452
11082
9973
25859
27801
20938
10953
20676
11231
21406
4254
24214
16560
25997
18409
22190
20164
26498
4028
8032
30827
12953
23696
7127
4723
3450
19265
25352
20300
15078
17754
25320
9578
22159
14995
17373
29931
29741
5016
8307
12410
13518
16908
25937
3443
18029
4558
28011
32583
455
8059
11897
547
6762
6196
2471
30924
5391
9889
5262
8654
30761
12597
28259
26581
27326
19892
30062
4443
13686
3571
28862
4995
23026
2528
540
3141
13406
19137
29757
10188
23370
31681
14652
29980
12725
936
11591
28152
24427
27626
29080
13827
9106
14563
29606
21797
13695
5985
29853
28976
10190
867
9484
19140
433
19488
10462
368
648
6475
6028
25369
17330
21910
19601
19104
11427
8821
7197
20927
27959
14628
16397
23092
29254
23787
4379
12834
2169
17057
24658
22452
8540
4463
1222
8195
28340
24790
29057
17722
18450
22515
26560
8184
3752
20994
6496
4085
860
11298
20371
22505
17179
8279
27095
28841
23920
20949
18729
6035
14677
28284
31605
7213
15433
2463
15186
12553
26530
5129
6124
17388
24613
5442
22849
8494
5076
2574
29841
26212
29191
3127
9487
2109
27070
10124
31965
28586
8758
42
567
29250
8634
11770
11503
10724
22204
29051
22553
28574
14116
9666
31751
32205
27112
5055
17528
32134
11997
2753
22284
821
30925
25148
24059
16004
28105
18635
11015
24959
16832
1137
1711
757
8017
2084
32678
33
4830
652
20099
8585
11234
18952
8634
1831
18564
18930
26059
8135
16236
21796
23993
12208
23509
442
8126
10886
24547
29210
19005
25711
311
12082
1272
24181
5058
30721
8835
12844
22230
10841
30201
24724
6275
10467
12525
2112
8992
25187
23971
18104
10536
24125
18816
18717
9032
29241
29632
20491
21685
1411
21607
10947
27075
1270
3962
28042
25780
27801
26734
26444
19661
2666
2529
6789
21424
24155
30088
15714
25829
15259
12393
1315
21434
3862
32586
16579
6989
28479
18281
1755
25831
22797
26477
31428
18571
15939
7325
27899
31695
18677
18512
23242
25323
30792
10660
4389
14352
31353
24435
30419
15611
26657
18051
16846
10953
17591
2045
7147
21517
26710
27681
31421
11552
14016
17719
11959
11960
18340
1737
28050
18108
25628
23823
23534
19287
32122
22699
23100
9292
324
663
6363
7817
11901
27739
14209
7678
20518
4227
29661
8623
261
5968
11131
19976
23717
21422
13543
29041
16798
3174
21525
14115
2326
26005
19968
31802
22408
32349
24466
31499
27333
5850
7108
16567
2360
21079
29958
8449
30317
27074
30177
7260
4309
25182
27867
27720
31939
7352
3995
10719
187
20444
22861
17067
30444
17608
10312
12219
30715
26145
24302
8950
8962
30757
3028
7855
9945
3297
23844
11129
28820
2212
25407
8252
9036
19123
26278
12424
15651
20030
21786
13610
3458
22419
2562
25341
24741
402
30222
25603
1114
16225
27162
1716
2565
9825
2389
30614
27112
5216
9890
14606
27553
1552
4414
19830
30708
12727
5283
18287
14283
14889
12205
13433
9339
3572
18172
5569
27977
18138
22169
23353
22061
7556
26332
5358
29654
17780
18573
20119
26861
17724
23625
18793
2206
7917
26919
2099
597
23763
18076
24998
31429
22111
23964
3316
13871
16741
17666
23710
14305
25480
32050
7046
31485
30706
3837
16460
10363
7496
4549
27351
28273
24540
23777
24626
23698
13349
26690
30874
27125
30061
8279
13269
2073
15562
12591
26565
26405
9295
3294
15676
20340
19075
12577
28434
13392
10770
28741
32629
25598
6595
16708
22401
30972
2218
23346
1296
28806
19103
8151
2772
2654
2287
6558
30371
21965
11089
4270
12817
4069
19739
31574
16708
14090
4789
19886
25604
30641
29518
27771
19730
22118
19151
18260
25531
15124
18445
24067
17324
16769
2883
13614
28424
29464
2239
32311
26296
19947
987
30304
7427
15608
13871
16691
30302
26027
30469
16929
19589
28325
30477
14697
10186
9148
25683
10299
8877
6979
2669
16413
11182
16523
17145
24975
6495
26537
19015
28138
17597
20090
19538
28814
7616
12005
15861
25404
28209
18016
22107
4545
16060
30390
15544
24789
4678
25607
15926
31810
27521
13328
8243
12361
20669
21164
25257
29249
16897
24475
1773
23681
21850
10627
11933
8576
28019
23092
9939
14907
15974
14384
13215
21463
5330
8555
12213
16520
4910
9039
21602
28593
22876
21507
15813
12621
19073
20717
32571
18573
25877
1654
23579
4546
24886
9485
30884
16254
2370
26478
5939
29430
164
3620
13753
13227
27886
13388
8045
2634
13609
24989
18110
17104
19304
32165
31628
6641
13476
2133
20887
22971
17091
15296
19256
10615
13562
31520
7247
5328
12885
13082
6524
3639
21140
3907
10130
28805
10553
10466
16200
17378
1759
4856
22834
18918
25805
26493
22000
5375
11979
14829
13990
12051
24373
4867
14764
4966
8525
22980
12166
32701
28117
19904
7190
24772
21982
30357
30736
23981
28635
11444
9903
18202
6905
8040
29606
27965
3251
31764
11610
8509
23712
6844
12110
26076
656
21446
28894
4952
31448
25346
27697
29326
1258
31721
29033
4965
12329
29474
14876
25194
11003
8523
20744
16824
2079
25333
8706
10523
28225
23024
17968
4469
26059
21450
24696
12128
14591
31122
7736
16660
6723
11489
12344
29580
1211
13852
20445
8932
2845
10227
9375
31238
2241
7213
7612
13701
26872
11688
5166
3529
30879
21403
18651
3181
30196
543
4877
20709
21160
13294
21281
2148
23605
16746
32131
7420
15985
10465
20954
24584
5219
11279
4735
13255
31574
26340
20532
30793
23597
17288
7699
16271
24310
28573
16836
3310
15554
14020
13299
9140
25523
26210
1281
10510
8534
7844
31226
7465
18227
13504
30152
28568
32163
2686
678
13046
14562
32504
4055
13260
1125
23709
14231
30388
6254
26748
8530
25023
28125
30400
21524
5397
17481
10358
3393
14043
20047
13975
28550
13914
30762
28226
7695
19037
31876
16969
6138
11994
15244
5615
26636
26069
2121
9456
31907
32642
24622
11458
15340
11690
16622
15131
10326
9807
4242
17843
10567
6547
19400
28491
19469
16086
28286
7662
4375
15647
19119
18039
6501
29373
16765
4435
18493
24622
4737
15496
11552
14911
13663
24310
18940
26485
29085
28893
2467
27820
10421
15776
31356
3326
1640
8905
8568
8422
2902
16460
31048
26789
9676
32272
29134
24037
19677
2731
977
18589
20916
14190
11508
6964
23336
21921
26601
23017
16273
30991
29922
4466
12506
17350
1608
8419
28376
7960
9648
23250
29658
1509
25867
16825
20354
17437
12316
25499
9171
20352
21040
6379
30858
7592
1033
10921
22706
6986
5659
9166
28275
10425
2811
20970
4395
16299
13844
14604
31168
9792
12956
32482
4404
21312
18118
4385
3449
26532
1849
2855
20615
24921
20162
7904
15789
27456
24133
1254
31012
28281
14586
14316
17898
18657
4309
32604
30157
19673
22342
3391
8134
28234
17955
13150
4233
16614
29923
29606
10586
11184
19980
28625
8482
30142
30958
31811
23490
4157
2962
23090
19367
16823
6382
23818
4511
5777
28506
32528
20203
15064
6984
10565
23957
8509
559
12941
25348
7005
10696
23056
28877
18246
32637
16609
10188
30263
13343
9950
4468
28840
32727
28375
9059
15242
25183
11762
8505
17104
13169
19021
20651
3374
6016
27878
13267
23841
11431
19128
15818
25391
991
2343
13689
25968
14964
16798
15020
77
18362
26743
8552
25736
21244
6939
6015
13949
9653
6506
18529
29351
3586
28253
29493
31589
17752
3049
10025
13310
12146
24103
6662
19683
1422
6579
19719
9525
16857
18770
29675
25991
24360
24279
21065
14309
16616
19271
804
16661
22360
25147
24255
16156
21494
3206
29362
28933
566
3608
16446
11229
6266
25378
13534
16642
5439
30843
4382
6558
31892
17219
12720
11118
2513
31686
28349
10952
10629
32674
1401
7644
20400
7981
16378
13626
32307
23057
20298
3476
3972
20281
3003
16069
6566
25585
3962
23571
32089
26184
24423
18865
30094
11961
5668
2952
15133
1291
17772
28984
4282
19574
423
17241
19238
15111
19387
22022
10658
8262
19748
9372
4777
32533
6727
23231
2270
32475
28419
28318
27716
30690
6538
12408
23469
7934
1903
29536
19061
5232
10496
13117
7791
23049
7893
23572
27168
29843
26025
5770
5931
15468
29801
15780
5389
8564
139
25042
24586
26153
23713
32044
29799
5649
9518
15611
474
15193
12216
1147
29503
6075
28702
3295
7820
25765
18476
18070
12551
24215
30061
24525
11191
8140
4416
5173
1048
3614
22318
10758
15635
24612
9595
16452
3116
32157
27643
21057
24318
16145
32039
5219
21732
20661
30064
3623
250
15504
11476
5478
2116
24540
26286
3799
28716
20399
13266
6102
12594
28890
15065
32099
25055
18193
23226
9326
3578
16205
23451
18258
3583
31087
8678
11423
29389
21798
6046
15132
22943
17938
16372
3852
15421
13098
10517
29873
4468
25947
12359
27663
20931
18801
19508
6642
13399
2363
20869
18994
14394
16362
26035
26422
19911
19899
5146
2743
13409
3798
14672
3014
24676
31093
14516
11793
32092
26440
12362
22114
24693
3609
7878
26728
32563
27564
12262
12730
15971
10473
8965
1561
11602
14396
32750
28917
316
13117
3566
8243
25863
15244
16685
27694
28977
25343
4669
8444
24584
24320
29684
27890
21017
2864
23415
6250
14058
32593
3736
27331
11756
15458
11362
24746
29611
13579
9201
6040
12104
13628
3464
4764
13353
27922
6621
15451
3055
8954
2999
19029
23720
20760
28603
25962
32582
12778
1667
15260
23121
40
5361
24342
21720
28143
3779
5742
30125
5919
20327
551
722
29442
21776
15226
13614
2350
12809
20565
21636
28076
10314
16549
20390
18521
9033
24785
9446
27533
1042
17798
11982
15867
29594
7354
10513
31704
12112
6123
448
4928
1014
19368
19137
8149
27311
10323
24446
18857
31833
28709
4826
2910
12060
20082
31081
9099
4675
29743
9184
13666
31819
23985
24010
23696
24378
9655
17533
14437
14131
2475
19021
12853
18246
805
31231
766
6284
6833
3713
15434
28532
22482
13016
22615
11096
29255
32345
5494
17492
10380
284
8369
23383
24484
29870
21424
4218
28694
25862
2526
5009
17462
26042
20679
8960
11173
10099
30660
27857
2075
415
17115
1539
14180
17509
17633
27684
24233
26334
9441
17698
31473
25986
21186
20830
23271
25824
28451
17410
26078
27795
27274
30101
21522
20081
8126
9420
15409
3589
28017
14755
6682
23616
4898
16045
13028
31595
21826
1192
31266
8032
11414
9301
23653
7674
1244
21127
4867
970
20145
14969
25879
24843
26802
21092
31177
25304
9186
24145
8144
3229
26444
5420
11829
9676
14057
7195
25177
12241
8643
19470
24377
30791
23387
30102
12785
7020
1096
5882
32639
2770
26146
14472
16330
27736
9886
25385
10723
25945
13818
25912
13706
9763
31900
22932
22004
18859
3062
9460
20939
23935
22188
23931
23671
9723
13305
20621
21660
29376
12879
6880
19427
5986
32061
1750
15358
23649
23190
9482
3302
31835
720
21288
20583
383
22698
9475
22239
5957
17425
25569
323
9308
13381
6169
29794
16612
3384
20705
4462
23774
1079
7777
22456
10977
12235
29196
5051
8974
20194
22831
32604
12870
2858
17866
14192
27034
15038
22944
10879
16898
25860
26506
25799
18514
3797
7952
23940
17771
4575
5690
10607
13998
840
9636
13957
10935
28052
19153
29961
22087
25033
1217
4556
30081
9169
24262
9644
19802
30239
7571
32347
24907
18582
17046
25698
12616
20134
22920
613
5110
16568
17474
20904
281
19660
30930
12242
24651
31328
26062
497
12276
1428
28904
2239
6262
30093
17347
18980
16296
29207
23301
13307
28806
7310
2990
23577
27431
28670
29352
395
28911
27785
670
13088
24837
4617
9234
16168
30983
28151
7082
20602
3581
16524
10955
23740
20876
32037
7785
18398
30573
10732
16414
24808
20253
25269
23929
7158
9685
806
22936
11648
1212
15387
31993
27359
8028
6216
30605
5133
1618
13345
18702
27309
29258
11510
915
14923
15147
2915
7266
13796
20367
11495
16133
20137
16502
28883
22176
26624
13627
11366
16769
3276
23495
10806
25337
2542
10500
14545
1898
4620
32148
3237
20130
20112
708
31005
4199
500
21435
17677
28499
7998
18168
7760
3555
31430
27643
28848
6602
30783
4417
9221
8587
23029
26230
1441
26694
5460
3815
24812
11218
20650
14390
2892
4365
28206
2385
26440
10864
18496
32164
8940
19687
754
142
13679
9951
5832
23826
24595
19872
30908
21968
13901
13533
901
31027
28966
17545
1561
1515
4577
237
7025
29598
6110
30968
12172
29658
19902
28374
21942
32591
29128
28356
21514
17211
15755
18466
2102
805
4293
7369
2430
17102
17284
31392
11268
19557
25483
13162
18758
26362
24823
26338
29160
20789
28195
29450
27828
21576
5832
16064
9951
802
21097
4754
31117
31205
5614
29651
26776
12699
10383
13806
16013
15397
16371
13819
10744
31859
10137
29840
16354
12027
30584
474
1943
22115
7650
28652
29613
24705
16558
16214
27713
6022
14742
31226
20100
13174
12766
28699
1399
8156
8503
19383
8178
18875
13282
28183
2027
2503
23576
19364
16117
32469
4778
14844
17415
27793
2789
25669
1663
29295
23992
22978
2662
12004
28697
27299
8694
8917
6308
18210
24665
26960
18565
5323
10676
6010
15257
28187
1124
22728
29648
77
3976
7026
982
15217
17087
24869
27890
18622
23347
2041
5166
15145
6614
8098
4792
11831
14059
7914
25992
18191
11977
3423
16451
19411
19419
30024
1887
17712
4588
12766
13705
24116
28321
28089
12355
30304
21319
25993
20434
6655
7119
17158
7767
21686
26391
9258
4668
4699
17516
8861
18385
522
23116
28529
32311
12150
27248
22287
23422
18046
22282
16753
15370
13569
3403
658
4411
7922
31016
3875
4941
22703
26206
27008
19068
23438
29363
23266
13164
26809
30079
19670
713
20029
108
22254
19498
605
23930
21686
4156
2348
11846
6121
30236
22619
4235
2789
13316
11599
27625
22365
27434
2422
19685
25934
31461
18652
28978
17972
3858
1785
26927
24701
28086
17870
29360
28478
18405
2864
28929
10789
4578
26723
9768
10671
9863
8170
4459
23450
14823
23966
5906
7070
24371
13566
21870
17496
9690
22982
19226
19591
4596
18115
12929
17530
29665
18149
13984
18377
25389
5270
25870
14148
24759
842
313
20265
25619
26455
7410
28058
22572
12296
6700
7501
19246
26604
31232
14470
21923
3956
7413
14402
31964
1469
22655
949
5266
29611
1477
21495
25549
27959
28071
32763
4357
15626
13824
17600
6535
3658
13352
24011
22555
26804
18622
468
24292
13035
10404
6080
10375
12047
14154
14287
25744
9618
22064
19735
25361
12871
19878
27441
25483
26556
13015
11314
19218
15562
28421
10972
1453
30826
19478
27926
5884
4042
10832
21146
7709
10913
17249
23534
20687
16831
7842
23957
12760
3048
6812
29574
1701
11490
12236
18653
20529
23245
20643
2001
19240
28083
2769
1510
15179
3424
19907
99
1558
29044
31338
32007
24736
26550
8255
8952
5316
5291
2948
8188
8574
8808
2252
28139
14999
20900
445
3173
27525
8465
22293
704
24973
32493
7147
15940
8490
14547
5688
8347
10930
7640
10389
21123
21047
1747
2374
11974
20139
14588
27256
22892
17480
22201
30663
22319
20015
21172
19715
14639
19280
6449
18996
12519
29321
25503
26843
8288
29202
27244
30331
31396
7704
26910
22616
2166
29352
10400
15487
25920
27855
985
23558
18509
32512
6787
12949
28216
9397
9787
20262
13989
22873
9684
8712
18990
30310
21233
27690
23713
15563
5587
13206
24424
3472
27503
24892
14408
5564
29124
27633
20559
29047
3691
13495
3847
2668
25456
30783
5616
13681
1632
31148
20525
21354
11683
19098
10878
31082
18444
21599
1902
25628
12975
1680
17358
14946
243
20168
24417
25403
2792
15780
7641
29418
13786
32018
13314
29525
11046
31692
21822
2987
29004
29215
13617
19273
6982
9201
20925
7135
536
1026
6449
7886
15529
7282
16573
31189
18897
24708
24362
22253
8371
19361
8135
7025
6989
29088
8615
6786
28493
25668
22281
18090
10534
4614
31000
9919
23908
533
25557
4619
1084
4508
28241
30633
13160
5699
4895
13618
10802
2552
32009
16538
25550
9199
19458
10580
9196
743
9820
13501
12686
19632
27195
6583
13335
26346
4938
8084
26277
11535
10412
9271
5537
18356
18230
19829
6805
2315
7131
27073
19005
29357
25191
17417
2272
18582
15473
28379
30944
21873
29834
19148
30609
17431
443
19482
23623
12882
24367
17296
11699
24806
3116
11946
16751
9426
18504
21242
31191
32211
24537
10442
5659
30250
7341
22787
18578
12191
12027
21070
1873
16838
8858
14712
19197
19841
13425
14619
12253
27078
7215
29819
11571
19874
7740
8622
22221
23422
31215
3840
23767
29090
2049
6037
15859
9207
7489
19280
24460
17169
1418
19956
102
21612
10994
12681
14714
24566
15685
20482
258
14030
28082
26652
25552
5964
4803
393
26851
21057
18579
23630
21308
21888
24891
28522
13806
16285
14733
15032
3701
24820
17925
28694
22856
19949
27644
14279
21682
26239
31519
5142
26077
30451
23328
10300
21552
21995
16811
26244
20186
9122
1180
27053
28847
3701
23663
32144
13876
16547
10999
6915
6645
23377
6739
23292
19231
8913
10271
9466
12874
16419
28903
7328
14487
15292
20449
4771
1275
5511
9947
31975
9178
7722
25202
14821
19672
30090
3717
9040
15084
21137
3817
13304
19126
30767
20574
17646
21266
31646
1474
9705
27629
16363
17797
5352
5975
19122
7005
22809
218
22057
25147
1274
18186
17503
31357
9150
862
22470
12389
22002
1086
21744
26314
8544
27997
29078
23053
30772
12873
13534
3919
15197
8001
11485
17377
15414
25670
7515
28924
358
22132
3031
14259
21253
23443
19659
18725
20992
13290
30258
7927
7870
5715
23366
6146
21251
21141
30094
19784
21269
28141
24344
13101
14878
28142
16900
23268
26066
17804
24898
26663
25937
6259
7835
3883
20303
18589
8694
11987
17266
547
1492
23332
6907
14675
11550
27641
3241
20228
9760
25591
18394
20262
16085
17348
19188
32157
11877
7540
30979
9552
30700
31812
12964
23932
27261
29835
30241
14671
25191
28653
19165
5554
12214
2514
31731
31078
17917
4118
26138
15186
6483
31747
23756
25371
19612
30588
27303
30710
5386
17018
28947
12730
30435
3261
27429
16442
16260
6075
22467
7377
24742
13533
3849
6718
4320
29674
1772
9906
21869
5571
19229
29736
22832
5970
11312
31477
13557
26813
27134
2720
3322
9439
23880
23795
10158
23800
25757
24402
25016
19619
6269
9804
9019
2569
2750
16240
14936
1621
5423
21858
16117
29288
31612
23086
25533
23501
25681
11227
22632
5615
28098
26436
8509
17289
24811
23843
2005
5215
18643
23919
2337
2860
28823
19688
25775
24539
3268
14576
12584
20985
5124
23964
6686
32619
2813
21003
11012
4956
18294
20214
19326
24954
28347
17289
20700
16738
13123
11377
18656
15960
5521
24887
25032
28476
11352
19404
5000
2745
14306
15973
28248
3008
1202
23432
12910
31285
24937
17511
5389
11240
11238
366
22206
4550
14769
22808
3806
25937
8090
2310
20568
19021
7325
5458
2996
14524
11273
8737
21073
17165
738
2935
24302
3217
31875
12112
1903
1070
14983
7660
31710
14167
31722
9322
30385
20795
28524
26008
16971
6717
1334
29962
14277
2981
960
10345
6893
19349
25586
4878
30607
9534
14474
24527
25588
20819
9405
32025
19625
8894
9761
20288
11649
27539
13770
23826
23517
11842
1203
10930
17963
28432
22368
13988
19629
14792
17602
19748
6012
12205
23643
9660
3532
12724
30627
32533
21105
31472
15017
11534
27043
16206
2045
19723
27646
8834
27598
5263
27340
6977
16976
28174
27015
5809
7520
22524
4250
28702
11627
14890
32104
4334
12684
9554
21391
19671
13044
12529
29550
20047
3983
27476
31205
10052
6117
4086
27995
23054
17470
30729
15366
28322
17673
31059
28518
26632
29310
10043
14611
11791
24451
10788
15545
16191
5068
8441
15201
16143
12615
16649
1010
13400
2231
10262
19703
3082
24990
5288
23458
13342
31073
30887
7185
25291
32167
6697
3793
24061
1538
13961
12193
22275
20689
23481
14712
11911
18277
27609
27593
13508
3426
32520
13573
14835
8040
6010
26210
774
17651
23498
21723
30361
22912
19346
2935
5670
12530
8762
29391
6008
6963
23565
4554
12898
19230
4498
19372
30384
9373
7449
16207
15966
13838
16020
11183
4104
24812
12712
32173
1442
30123
27140
27404
2921
18147
27122
16064
2841
30641
26411
14952
22369
2395
12784
12569
27540
27698
4694
16221
21409
6077
4066
17531
20549
28179
22357
249
2943
28297
13001
32352
28997
31629
18429
9279
117
14290
4334
7794
10254
16046
17063
30884
1184
15296
5721
4883
4609
9685
10414
21651
9538
8460
25435
15830
17121
19513
9461
16874
9536
32136
6917
2051
1878
12899
606
31355
1957
13973
16814
18199
14188
18095
4692
13452
10781
12714
11121
28994
6417
15823
9026
16215
28539
21716
31405
8679
21147
15176
1817
28555
31284
22321
11907
28191
27967
18931
10702
23497
30433
24947
16731
2358
26523
9341
14298
26919
30401
32355
22368
14637
22573
19943
21689
10160
23092
23387
31999
6966
8153
31239
24939
32482
19265
22731
30060
14395
11367
17926
21238
10800
18449
27318
6429
26968
19203
16608
6370
1406
15730
18738
17485
3164
2747
17383
5052
10663
12629
28907
21882
2124
12036
6975
7059
22778
32080
29600
15335
8672
12854
32355
5758
15288
6429
6308
5659
8196
22540
22687
7956
27799
29977
19806
24672
16472
20517
24981
15090
21827
25798
26058
13125
31664
26757
1464
8505
23256
6474
11510
4637
6805
20500
7892
4365
23145
11245
17798
18814
6594
26910
31876
14359
30076
14495
23088
24003
24232
11217
15545
10500
11916
2159
7744
2442
15338
6338
29754
25092
21894
19477
7702
19510
17890
15209
10015
25419
17484
26218
24483
2157
30490
15521
4437
21908
27445
18154
21232
12955
9428
1321
16157
16537
11658
21561
4759
3950
17283
28709
30093
20892
3595
26267
29768
601
31567
3485
27405
12770
11112
21114
26949
27665
3221
29949
20443
27954
3272
740
12006
6419
1125
10131
9864
26714
15942
9226
20245
16411
16642
789
27768
26538
15727
24002
28883
4270
18021
17432
4710
9591
13765
7686
30898
20882
25274
6298
17630
30874
3391
29556
31065
3920
8930
17017
1217
2798
16583
30668
29700
23225
5871
18938
4037
8150
4282
19060
26881
5982
26283
16451
6386
27317
32108
6903
14387
23063
13842
4576
20774
30067
5025
17281
20883
22397
22995
26946
16273
5887
2325
29541
13738
25199
23507
8507
27194
31175
10485
27032
17944
31377
20394
18308
20088
12865
4196
16179
26128
27336
30500
12088
10618
25958
15095
16885
27354
30656
14016
4950
4288
32562
24377
24255
23632
7782
23093
18754
23200
31014
6952
7190
1377
25198
10472
836
22210
12486
28853
9380
21649
11470
19064
8968
22179
19995
4680
25015
3191
14913
31538
7197
1558
14897
32570
9664
17469
6598
4253
26230
5054
9626
28761
26326
14372
15134
19951
236
10646
7914
5224
2353
27134
3409
2198
953
13674
14649
7324
14767
4530
11561
7345
17151
347
17060
6432
22610
23995
9142
12691
319
7262
2764
9618
29375
937
13513
20039
12770
4797
14677
25988
20161
8350
15736
15879
19380
30357
13417
20732
1221
27090
8864
17603
11108
14422
5938
20724
10844
11536
20318
9120
1541
20294
14435
11226
3259
8503
17301
28022
27536
12799
16560
16913
31550
1722
12908
11090
22880
7916
20818
6766
8673
6177
12493
20722
23732
13520
14980
16061
29637
19077
29671
331
17712
23359
16904
26682
9650
24087
8109
8966
26460
31523
31139
31768
14479
16026
9557
17663
28452
1849
9629
22525
5099
13285
12761
21189
16983
21649
13122
28291
12407
25186
11385
6429
29480
17169
16227
13240
21130
7058
17719
6783
17072
13811
11477
22943
21660
32390
4954
13206
13162
23618
19185
23726
459
26727
17388
4036
11189
18785
3091
24654
89
13551
22587
28061
10326
23940
19483
23391
19500
20206
29788
13159
32499
32309
9967
5297
16717
4294
15779
21408
12441
7888
24311
28555
13929
29935
18732
376
19510
6408
21407
2087
10067
5748
6742
13651
24864
21856
2009
8244
28544
371
12611
328
397
17330
14488
23379
5258
21409
10585
13733
21784
9131
854
19355
8365
11460
26564
21864
15171
7501
7311
19989
3405
28472
23026
23239
32239
10604
5700
14145
15726
20587
17429
19369
5094
18994
13945
20367
2107
14689
8100
7723
29521
5019
23991
8166
21376
30512
2522
27933
29762
1017
32139
3617
15919
15236
16949
31874
17196
11377
7941
18829
23263
27932
14585
3603
25446
10621
31034
1900
31304
18508
11691
1468
16811
27496
6082
3957
1480
20345
23959
24093
22173
20180
4410
6226
27105
2976
16970
27915
22845
1335
19907
29728
4281
7375
24600
30733
373
19802
23938
3315
27801
6827
9367
6367
23182
31705
24350
12623
4719
17640
21794
29170
9658
21414
30277
12464
25676
980
3415
13034
19596
11910
21031
18435
19430
14541
19865
27935
25467
30098
17401
24106
1302
24261
6543
14365
15458
27064
25972
4220
30811
31429
9892
9763
2307
15415
20307
3907
9558
23656
6789
2216
3455
30502
24537
19005
7500
11867
22949
1233
25312
13805
4424
27931
3496
22244
26044
30716
18832
11723
24683
11269
23158
10328
19524
11321
3038
1615
17165
24596
18664
24995
9467
23756
28800
478
11904
29654
14805
32452
8292
2732
15628
30259
11799
8142
29749
22862
9798
8454
18558
5339
2476
30449
32678
6376
1067
27067
7605
949
31771
17194
3819
29646
11234
20958
11766
17784
31172
12759
31336
16206
509
32311
4967
29228
1805
20553
19110
20556
15444
12227
25493
16303
7902
22600
21205
11199
20608
30769
4591
23090
10532
19597
23365
1841
29281
15974
25161
3258
335
25927
23532
6467
8857
4858
27482
14752
3283
19606
18148
14886
19726
21690
10557
8977
25002
11027
25322
21539
30572
9508
8180
910
31952
1094
13792
9236
32673
11501
3552
30317
2246
25390
32587
18921
27231
12414
11851
12374
13329
22205
17110
10532
16797
29811
3039
1991
6072
15961
25293
6493
791
29211
25388
19857
11721
26204
19106
26303
7881
23546
5413
30041
22484
29844
10604
8841
1400
29258
10659
3607
30062
9412
15459
17294
18217
10102
25057
2714
2735
21794
10598
5813
16808
5278
23295
23042
30388
25303
26997
32633
24322
15894
16511
20549
14879
22146
17207
2154
25611
10215
3787
24235
19858
24757
21877
17323
20185
14924
26029
7250
2104
9846
12701
31602
17735
30261
27349
7851
5692
24000
1600
12940
4980
31176
15446
8698
32591
14847
22932
29910
14913
21723
29481
474
15654
10391
21491
30660
3542
11644
13737
439
25082
23902
6746
2782
25630
13417
23062
25938
20231
12062
14571
22590
21318
27032
6419
22849
31501
17428
7531
29971
66
12464
20519
11116
18642
3699
8644
16929
32072
13710
21567
21392
28062
6369
9861
7231
14418
8385
21546
19392
26557
8953
15709
23768
31137
7182
19228
14560
1281
3528
25508
10858
29237
9965
812
25384
31037
6224
19666
6410
23126
15114
10198
32423
1227
27656
15622
6878
8206
16582
26745
17341
11015
31065
29568
16545
9644
21427
10970
22431
30930
9251
9511
18979
4162
22299
19871
1239
23312
16438
1796
1735
9768
23161
31445
17346
1322
24026
26821
1539
15736
19966
2668
4881
26509
26183
24379
6115
14992
1806
29877
8264
13864
2093
32476
7558
7827
5313
21738
16449
32498
29742
9794
10655
9703
25699
31654
14250
20578
26975
22698
28918
30392
13811
4457
21379
28662
4554
10358
2788
24436
24744
18710
20897
8365
12015
12716
475
9549
26471
8820
6446
31116
5694
9332
13276
25275
23886
15536
17191
19484
32159
24478
766
30199
6701
14553
29404
6890
6123
6937
21998
32641
16135
11363
32372
8199
368
8829
26729
28827
2710
9125
26470
25478
31857
8066
27588
10699
32196
13403
8961
25088
32163
29831
30564
10589
20531
8229
13028
17171
2225
9997
18759
18910
13493
1798
3463
8158
23736
23097
22137
4259
28116
10725
22192
22919
28876
22869
11168
3136
12876
15631
26623
32693
16498
12879
7537
17169
24972
19123
10595
18198
26660
24632
18743
12725
2106
9573
14754
4059
4560
1478
25939
22925
13484
27292
26326
31799
12633
14291
25015
24385
7023
5428
30442
5860
4372
22492
22634
14652
3011
8173
16417
2462
11852
32387
19976
28203
13340
14314
4495
25509
26047
30222
16959
25474
13987
32562
27550
28735
28703
17637
4179
15351
3507
24370
2186
7476
11922
18456
8090
17925
16477
27450
13541
29009
18226
24022
25600
31338
26341
21243
30741
4837
4493
8183
11909
2730
32579
25871
3281
24135
21286
11892
19898
32650
4515
8562
10663
3150
19443
2537
32328
26517
9444
23553
6521
26839
4829
32282
11113
5530
796
28418
9211
6467
16963
7275
32620
28460
19987
32156
17975
29430
29815
18022
17461
19233
25540
18010
15113
25049
4159
18489
5051
24595
4832
1452
21411
24281
25941
821
22665
17122
8010
26726
8202
30310
6376
10321
7741
30000
5787
3647
26519
24309
25113
677
12812
996
29856
7251
29047
8062
5758
20975
4924
13736
6103
24482
7468
17919
1699
13585
13225
18795
1526
32655
19210
11767
10884
9360
2113
17632
100
16481
5306
22251
7700
32023
27015
21244
26814
21958
21947
19173
28089
6643
17427
12924
30035
17739
988
5360
13006
32661
6416
13405
13736
22757
22467
18333
32
5650
20157
19042
26357
8555
17769
4993
7793
29606
20718
9617
6310
2329
17563
28085
6392
14125
392
25782
8411
30223
27002
18005
6622
29352
30984
21215
24809
31952
19708
20225
5826
9662
5884
13790
22998
8899
17770
20831
19767
18489
25224
11466
4321
12470
28384
5527
3905
25733
15075
7807
17400
5462
976
22741
24540
16948
22487
14361
28223
22456
1407
21451
24437
8316
6725
31613
7312
6611
13445
20780
2158
183
11422
24016
4598
11011
22866
21554
15262
227
29547
30206
15408
10888
23716
20249
7375
17952
19910
15156
30773
14853
12306
27042
16190
30516
9695
21350
9898
16386
1668
22417
8734
18186
20856
29131
4205
14954
23736
16175
32022
3887
17001
17756
6926
8461
20927
12232
23743
31316
1821
30552
19792
22559
20350
10286
3879
16078
6931
14787
9132
12983
813
11573
24656
26905
1886
26082
13519
1361
9691
28725
9905
13905
21285
10944
9751
18509
5353
1419
8116
32439
17444
19372
28698
19054
14986
11032
7223
12339
28457
28345
29471
29532
17994
7873
32012
22732
6296
31549
23458
5666
13700
1261
32632
16689
25831
2131
22229
21425
11241
24330
22967
5939
22819
23385
5914
3419
7168
4616
10102
10313
11113
30322
10378
26456
16289
31964
9816
11275
25453
14085
5489
23364
24697
7934
17010
7863
19191
1084
23247
23199
28809
20204
29391
11183
11873
3462
11480
332
29350
165
26093
10233
27930
6422
2933
22547
13051
7215
32318
7358
23079
25186
9921
10015
20355
25618
7848
25036
27804
2212
5005
22656
4239
27610
18181
18452
16423
3420
20445
27306
4422
7832
163
21548
25990
25292
5992
29429
14367
21857
6853
2253
780
2683
2076
12315
32617
32206
14112
16726
17696
17331
5784
11453
3524
20603
9824
7240
7869
18947
21168
29150
7846
6024
5280
30152
23027
9149
31724
18790
15063
1307
1525
29216
30821
121
26121
4256
16629
6620
8932
6206
25545
10128
11639
6844
15856
7032
21736
31796
28267
30370
15321
9038
5519
6942
13037
31158
9130
28689
7304
20686
31465
3077
15831
32416
26745
22915
8465
18198
14573
27108
27900
25965
27616
27236
21938
18919
19163
28536
2725
24512
26489
2658
17889
28516
17608
23810
24721
28895
12275
8175
4293
25237
3102
20166
13426
30771
5522
28354
19898
13797
24602
9101
5230
19402
5292
1622
16594
17829
12876
29476
29600
25301
22062
16490
24399
10887
20251
5339
5780
4138
21
20351
9258
15395
22078
13831
20431
19650
22006
23902
13455
9077
836
128
3140
4668
10615
14735
21598
32093
17933
20772
12256
17753
6867
6115
10923
3358
11086
32338
16895
12414
10586
24299
22079
32480
5393
11887
27124
3638
5102
1662
21013
14895
17202
15973
15238
9133
2439
1591
10718
17529
11236
14367
21357
27446
10672
21492
32382
13203
9258
22798
17369
20165
21768
29272
23180
12341
22622
10407
20715
29301
19906
3914
22230
2169
5294
7907
32058
3844
10278
12917
3802
21088
23962
23229
26192
23634
2829
31686
25934
7757
22647
26808
28970
3046
16488
29168
6298
14728
1007
6486
18108
21353
5562
24811
10073
188
16510
26530
8298
1833
3226
18545
1243
17018
10487
28583
25744
17559
23346
23168
7590
12724
15101
29943
4859
11465
15554
2523
11248
26690
20362
31013
365
12024
4638
10377
23590
31073
25451
25163
26653
25347
21035
5716
16744
5167
12226
12677
15925
29675
19046
32587
6667
13872
4739
18804
26195
6742
12126
10817
25622
28108
18168
17596
11016
9996
32053
22347
16838
11470
28221
23686
2908
7548
10275
11846
11786
10983
26565
24318
22344
24120
7411
15695
263
22569
31187
13782
7226
24949
4483
1865
17557
24460
18945
31938
24980
396
9544
8794
22720
14701
9660
10234
13614
21883
20936
26222
26696
19978
6854
15035
1999
7013
11039
11187
11553
10247
24499
3526
22968
13070
28795
6427
1268
14060
3180
9696
14106
10336
27807
734
21916
8613
8880
6736
1179
19945
9828
22773
16810
10496
26254
2916
7125
26458
24883
9632
11490
6706
1772
10476
14294
25609
28044
7136
4283
20819
5635
18621
12705
10608
18818
13822
8419
19421
20960
3375
3243
28076
4413
25602
16312
19249
15589
7072
21343
8703
16246
19005
17104
1811
1606
25327
17307
27982
15871
4032
1907
28713
17036
29186
19249
13988
17977
15586
22300
639
29717
24128
21607
16301
4507
10686
7163
10246
25490
14871
25207
20284
23090
31923
25973
11024
18568
7032
32272
27589
11036
14562
15523
14549
16848
12886
29138
9700
267
23731
18639
29682
7703
28459
22230
29396
15048
4177
17402
5861
29791
14706
28964
5881
22957
25641
16217
9874
3196
13870
23611
8279
4650
8047
14291
13505
6039
7778
1933
28952
11330
7833
31364
12958
14510
9623
768
23050
13323
16866
22845
21303
23826
28761
7023
17694
31281
27592
12034
32258
25832
6842
18214
28650
25715
3982
13451
20820
7081
20173
25193
13864
3620
20411
9412
13547
162
27436
15342
27701
14507
11417
12621
31845
24436
14707
29022
18835
3076
17079
18170
6598
14485
13507
7129
25447
10045
6504
8788
24566
31181
24640
19567
14076
250
322
13334
21825
1722
11667
22695
17470
6129
671
21937
5589
4429
29545
30460
14400
29550
23583
19913
17992
16971
29682
11098
10167
29649
4389
9397
5647
12749
29539
934
22908
29451
2133
18691
21000
12223
24180
9267
8462
13605
14876
1009
1777
23653
226
9294
18701
10425
28456
15861
13294
4305
19439
15027
3520
30583
3820
4919
3335
5999
11485
14870
10129
26273
32285
14354
19880
13434
29558
23963
25996
1935
3383
11670
6944
32387
18567
25950
22499
14379
30457
17928
30498
1777
13409
748
2668
29558
28389
31072
16967
21116
13655
5575
20257
29186
16322
2507
20105
8624
26178
14310
6303
6774
31257
30759
457
2417
13568
6707
25768
16910
12987
18570
2123
23409
10480
12555
13986
15640
20793
5819
5941
24251
14712
12482
8725
16247
28267
31414
16147
22572
13440
23068
25905
3364
17130
15660
20054
25333
13556
5845
4934
31400
9621
23553
17360
6426
10565
26138
20298
15779
6672
24269
20794
3062
27113
6414
5718
3400
28480
31580
28079
3253
24535
24390
6697
4831
28113
2606
30766
17624
15116
9037
11171
10818
5808
19191
27163
7860
14600
14112
13643
29280
29073
31008
6591
32243
31569
20659
17867
11709
27498
12356
3267
18450
28143
22123
10862
29424
17654
8372
23225
15585
15855
31650
6569
11555
4404
5107
8083
7943
24545
11558
28047
27799
17381
16699
32298
11387
9817
19898
28251
1822
20497
29174
12985
26380
26737
17043
11498
2207
22146
30278
13663
11482
14405
20444
27966
29589
25672
27006
27808
8410
10614
17715
8445
20880
16691
18086
28644
25430
10153
31274
29168
5042
20060
19707
23031
6763
23813
6854
23684
17203
29853
13420
11144
19081
10424
17412
23116
478
8980
12831
15786
32503
9586
28751
7293
23186
23972
19690
17494
16972
16360
13323
22129
25026
23412
474
24807
26359
23890
18957
6180
9718
13678
14511
17564
8120
4590
28704
14522
28743
9409
2142
25369
26660
26491
4994
20727
21734
20832
19342
13543
15653
13246
19813
17861
5014
12417
1307
2543
9591
32513
12143
25266
18478
29470
5270
27651
2605
31375
24635
1136
27416
1143
15043
4438
24362
1849
2005
21331
8661
6286
28186
24318
7080
19413
3137
3542
24438
19114
32583
31609
693
23481
7669
25367
21796
19412
3498
28965
15281
27972
5210
23894
12953
8541
19415
24775
15057
8278
6735
23673
13989
29527
5142
17413
31135
21714
10918
8331
4010
27415
19685
16364
32631
4387
23718
25657
3104
8633
7537
1899
14859
30901
135
1876
6930
7836
29217
19925
9696
21111
3065
18770
7326
26082
20747
18787
18128
8032
22173
5068
633
5873
32381
17840
28806
16615
9866
21761
16489
6901
29045
17979
24325
12169
3273
27218
3274
25435
6185
14568
7969
16710
4569
6852
28938
14424
27777
14464
18179
37
12845
8577
10797
5984
22679
24365
32426
4268
10921
18519
22857
8623
27454
10494
22629
10344
5417
4664
1034
6851
23672
26217
31066
5227
21754
30136
25903
30432
25086
16068
4610
20425
21342
10130
3340
31115
21436
17099
9898
10778
3084
29988
20998
25616
8274
3869
10228
32252
27053
12014
4378
13308
4501
32446
23380
30606
29281
8983
15959
29091
24844
28055
5012
27381
17464
10216
17759
3739
7283
2802
14672
15066
25018
13902
14825
21567
23099
15358
9082
20202
20063
5212
22594
25133
15880
3665
16343
6742
31512
4039
21960
15560
19762
14945
2944
12881
708
18537
365
27575
4933
13834
23394
29844
14011
2751
13370
10340
5761
22283
29887
15837
31559
14955
4554
7295
7258
1417
30123
12395
29734
19634
6346
12408
15865
32394
3471
2692
265
21246
896
27144
19641
9851
1449
3311
2584
5469
30785
23209
1706
27563
6538
29051
7276
15617
2553
7705
6930
14541
8087
29046
22163
3774
2215
26843
32487
30586
393
23607
9487
13712
8670
9910
4439
8877
1261
15764
20184
7442
20806
10548
4160
26949
25508
5228
20950
23559
8472
26147
23736
24711
13412
6431
3943
11989
15013
17944
3974
18073
9014
5137
18655
517
18128
744
23975
21768
31222
17451
27651
3269
7824
5677
19659
9027
30934
21849
12173
31590
19311
14279
14293
6430
32474
26381
32683
10718
22542
27736
9054
29008
605
8891
14976
28231
28830
9158
25138
19445
22923
25179
15522
29534
21352
26557
2513
20748
21222
26346
15770
8964
4422
6699
14064
25338
7617
7913
31847
8385
7720
17346
8693
24837
712
31964
15354
21564
12688
29305
895
31194
27766
24012
4027
964
30486
10252
18652
3592
16284
32710
30724
32459
3813
22647
6289
8835
993
2138
20129
22630
24124
30847
9941
25377
23613
6941
854
12750
12270
7209
23062
13600
20349
39
10329
5345
9442
9537
16243
22943
24770
23190
20179
24226
29843
468
20288
8225
30722
28425
13155
14773
32145
31414
390
10509
6789
31270
15003
10468
9727
4605
12928
14384
29545
5908
15745
8604
3091
29060
22303
5945
11294
13825
9743
13936
1690
26986
390
2108
5355
8861
23476
20886
30065
32400
13710
18480
7528
6814
32721
32613
25100
2334
3396
8560
7425
29754
31293
18653
28659
25343
11622
3646
27514
21680
21953
7711
7488
9824
2538
27452
18789
30399
27805
20721
21282
31797
31351
14833
6317
301
25857
7995
18013
31412
7914
29514
25871
27970
32148
19852
10184
5079
5075
27158
15516
32074
10737
20886
9422
5086
30453
15753
22584
17175
32548
3246
14317
12236
15305
23482
5150
13948
28722
5709
18746
9190
20475
5157
14425
23507
23183
5778
7899
25143
4075
14889
4428
31352
25253
12477
7563
20750
2861
22411
22572
25420
8276
32181
22810
6525
6410
28402
27521
18227
7020
5763
29931
1500
15614
20073
22441
7574
6196
11989
21620
28741
23352
29152
12116
6882
13287
16252
7105
16662
15644
30122
13320
14087
20786
16622
32753
32114
26052
6400
20127
17402
21687
30149
26551
26047
13947
20605
22469
5171
12685
17726
23515
9257
25409
26785
12411
12591
17854
9659
18358
2846
14154
14415
10902
8687
1736
5953
2490
25552
10622
25422
16704
16759
32284
11771
21480
19639
16634
11467
8565
9553
5538
11445
23639
10252
18830
22997
648
5128
13363
12130
23988
6735
22590
9184
20124
2989
10781
26007
26556
6338
8129
15171
6955
22613
28066
23821
32708
2027
5380
22970
29059
15000
10105
23587
4401
27158
25512
25829
26436
7700
3916
19545
11777
7632
12928
8391
1763
24552
6201
13526
8000
11374
14356
29255
2090
9530
27986
17635
17812
10372
7968
12722
22709
16818
15900
28270
18866
7278
15126
3383
29815
11772
23315
4232
7397
2250
3224
31594
3635
3657
8741
12776
18830
29436
5631
15810
2051
18639
15154
19302
5023
937
32727
29467
15317
11332
9363
8832
26911
13629
3424
14901
5096
9831
3984
13272
8874
4709
24847
25651
29524
2680
3304
11699
5102
1173
4362
14108
28287
26555
2381
31356
27695
12931
2992
16478
21417
28665
6628
23359
26307
28330
19471
14150
865
28158
6346
4655
19350
13768
24171
28553
6413
19484
4490
7457
16296
15713
13502
23486
25446
10918
32168
14
25994
4666
19251
8161
11514
1654
20761
8085
19941
18142
7338
13265
21672
28521
22217
11127
14323
12828
26423
5587
13863
20189
23828
6425
8707
15751
16546
3342
25216
15930
12877
11781
10745
17397
31464
31757
10383
28006
28986
6761
15820
0
22713
17216
28039
6479
7573
9110
7175
2696
4600
13179
21867
4709
4237
24194
9288
26927
10303
4213
15253
21276
13635
31303
30660
11484
2904
9034
31538
9839
5453
6818
27073
8249
3524
23802
1987
24152
13623
17014
16411
1589
10552
2280
21918
6745
16637
20038
17344
26755
4891
3932
4716
7671
2194
32446
8499
30232
8458
18433
11689
14137
19548
4906
6412
29105
32084
23655
12583
13613
22966
29693
118
12363
11134
14978
27019
28260
30572
27980
4528
10152
23744
5929
24270
22385
8771
31056
3214
3281
5254
152
7357
10605
6510
6888
9973
655
7408
239
19322
6262
15130
18453
19810
22513
19283
20657
6137
6700
12515
25724
13155
22217
5302
6470
27779
15410
27740
19431
13340
8750
29269
18297
31030
2739
29580
27844
708
9468
5665
28154
3203
1754
32107
29349
11045
4175
28478
14301
15279
11609
24169
190
25120
27148
32387
27417
23379
3299
17640
31850
9766
11096
31486
31498
18396
27826
17853
26534
12224
28447
18030
10992
32267
770
14514
19348
12808
12430
12743
16494
886
15252
25863
13050
27438
6553
4529
17932
7942
3628
32236
13505
1268
24951
8969
23989
24951
25875
28425
3702
17714
15137
16223
9017
32218
5014
30967
20172
3667
21462
24950
7884
29206
23685
7620
4120
12246
24985
31176
18309
32611
2228
23922
17108
1742
16818
4863
5601
29390
3453
17016
2076
28258
10025
18044
9789
15800
17213
15936
7220
78
22862
212
27487
24151
11219
21928
20736
9568
564
5710
28910
6195
18724
7553
6283
30204
3377
10087
11765
31914
921
1811
8065
27288
5472
21838
26469
17261
8351
31895
30644
23617
25631
18024
8848
29441
18726
19899
21147
21780
32657
31437
10158
22846
8227
27682
19406
12485
18717
28873
5211
21459
26895
30689
17291
3356
11245
6492
32279
26816
15973
7171
18740
2675
23408
7354
9413
11995
22568
15110
5583
23609
8665
28364
13613
1612
25178
27484
5765
10611
16030
13229
7034
8465
25478
17386
1827
15669
21753
29742
26044
23419
13111
30861
7324
1837
27242
8787
13927
25774
127
18064
16261
27673
30003
28116
18131
14117
26737
12599
22168
26188
31451
26780
31162
24876
7335
3639
8498
30253
16044
31565
32189
7524
6588
25147
8660
25271
53
10682
32735
15170
28115
3425
6310
18938
18888
10092
28168
22416
3855
18363
3567
409
20221
15390
18819
25835
16921
28111
27806
18250
23341
30784
2432
1092
4253
7447
11461
16729
20472
14711
3476
11615
20429
8322
3608
20261
13248
32540
8244
10071
14044
11505
25202
10657
20523
3769
2365
20759
1412
28091
26705
21461
24741
26767
12399
14818
14978
24873
13653
23387
20700
3091
20461
2509
23060
1274
12485
26850
2882
3180
14015
14912
17538
21216
7690
8366
22414
29943
6992
7800
7314
3329
14129
21269
18747
32195
32241
15368
15889
23160
22381
32004
15880
4117
6996
29523
17489
13265
13715
6265
27766
6885
28433
30740
8358
8080
11933
15622
590
14175
17957
6614
16617
16043
8232
4180
21272
7523
24941
23676
17909
10508
21238
1693
5796
26629
10288
24763
18988
6672
30060
29489
14213
10766
27282
7322
14323
27914
9748
26866
12690
21113
13346
25593
12337
27072
3613
27352
99
24823
11853
16647
212
24813
3030
27758
7642
27244
4840
7371
11084
6334
27959
8787
4247
28015
11947
14236
31502
2389
14936
8890
2690
30414
29616
29097
11283
26953
4087
21995
5957
5640
7160
25457
8535
2596
2551
14015
23248
8657
23526
17996
11098
1251
15836
25383
24531
19601
9410
11488
24226
13945
17744
31910
30279
2277
30520
2989
31286
3149
22688
22739
8678
15901
17878
4482
24101
8375
31039
472
6318
19644
26513
20485
4605
10120
11330
1781
20834
25339
6721
13360
23381
10879
17635
7422
8713
8518
5408
20174
25668
5588
16127
3800
28269
3774
11087
27906
29159
5297
10648
32256
26269
23989
32337
192
10974
15795
8531
29445
21868
53
16526
22866
28111
3950
23291
15881
32495
3194
2001
11220
14306
15591
15868
10052
3843
29043
12235
27576
6980
18967
3817
28545
6085
31557
19598
29507
17829
30831
10742
8350
8216
10184
11539
31758
5817
846
19839
11792
16930
19208
28084
26503
18106
11404
29823
25949
22991
965
6834
22381
7397
6387
16666
11937
17229
32755
25264
5719
13817
31937
30483
7434
10638
4411
22838
20526
23227
6184
1622
20315
25802
4472
18736
6830
26228
973
9584
8301
26874
5947
5996
19945
15729
19788
31762
10153
17501
31304
13599
11460
21378
25523
23955
2447
11767
10262
8801
23928
17020
21507
4970
6194
9229
18515
172
12819
28856
21938
14263
17338
6827
12638
13665
16628
18321
10027
8123
23265
14879
11467
7236
19794
31209
14924
22108
7030
11643
3042
18939
32694
23205
12519
9890
4829
278
3104
24210
28284
17196
10562
13885
20109
4363
2996
26618
30294
2541
23191
12284
23696
1977
3588
21637
25289
2262
404
32343
7175
27713
4134
30060
26286
13277
7388
5606
23971
16651
11623
4425
25778
16251
31109
20456
21549
12866
5063
1693
2006
22316
3992
21693
21759
21587
18555
32331
11248
25584
11924
5740
26761
29298
15466
11803
5673
25293
31211
23326
10958
27925
12465
11065
32125
19275
13699
22433
31716
10359
27423
19635
25406
1526
25142
23014
119
2838
15033
7679
15248
29408
10835
900
29254
3125
19511
24946
26094
29
7707
5170
16548
21083
20100
8906
30116
20549
16453
17489
248
25042
26434
22949
19028
28917
25210
12128
12094
23337
30533
7175
30833
8525
20953
20101
16004
18867
12051
24792
455
10356
21365
779
31086
518
29547
21092
24049
15376
28882
12510
12978
4220
4538
12505
21217
30414
5227
26897
17820
14261
17575
17613
7515
24288
30255
9305
26252
32531
2185
25013
27002
31866
22527
3471
17267
20797
16363
30831
6954
84
4658
23602
29786
10909
10255
14777
26284
31276
28690
16098
15323
22498
7528
18615
14614
8001
23644
21990
6054
17534
12318
32114
28880
8408
24003
15783
8445
22825
2190
14163
26136
4795
25454
10547
15672
27228
7111
16300
17279
25013
24949
3259
7746
14039
12303
15407
11881
23063
15720
22550
4889
30236
12636
12661
16273
15926
2761
16700
10322
30449
21979
5496
19331
27883
6029
7883
6291
19938
4716
29209
31520
6161
18590
21125
3352
5053
24356
6044
13342
2827
18012
17359
11823
13332
19402
24359
20869
315
30999
27188
955
19391
25690
32071
11315
3212
21911
26593
9653
5975
25989
25706
29528
3049
31125
13350
15526
29115
16687
14182
21755
12740
6207
22011
21038
25231
29424
19440
30323
6800
14007
11897
29056
15544
9364
15654
15599
29511
14485
21340
6116
19682
8859
3590
26095
12261
15456
31112
30004
6138
8377
23540
28617
20971
18457
28545
31839
10676
20055
8505
21029
16093
17841
10225
17385
29446
15120
1918
1664
9924
20366
21542
13929
14507
2869
19029
24749
31404
19721
3729
4873
4514
31817
10672
14159
29479
24307
5449
15882
30124
14726
27752
23649
9929
7179
5254
24894
23505
86
29368
26031
12458
7562
294
23692
26843
5339
22719
17754
26343
23448
811
1647
11738
1640
10497
12887
8481
22996
28731
15479
30366
17413
7911
24816
3836
9167
22047
17350
10304
239
31034
2882
7841
6545
5444
31124
12186
26902
23724
18877
29501
3091
2877
21420
32714
9629
17999
15271
27520
10692
19775
12525
8371
12637
3612
32666
14367
15109
29347
31178
19836
32098
31086
31745
595
11948
28520
4299
8975
25964
23940
30623
8791
30340
32431
4873
24219
29808
20995
521
26093
13259
7485
26806
11283
30997
29553
11302
26330
13235
5116
9618
1197
27191
13755
4278
29029
15330
4730
14711
7523
7015
18095
11464
31452
9970
22889
28878
25973
16745
131
2114
10256
20722
29981
17688
5349
18101
27724
11870
25556
21475
2065
32102
19193
28663
21640
30247
1410
5180
9570
7905
15549
20623
26517
6912
1909
7526
15186
11587
29567
3857
27192
9501
19856
20032
3527
15196
6994
31174
31255
8712
31670
21916
16586
19342
24971
27433
24639
11549
23632
32448
29448
81
25414
32363
29599
18447
22218
19943
26708
7344
11234
5103
2954
865
30230
27838
17443
21705
17281
9679
569
30445
32551
26343
21519
28241
19849
27733
18247
2656
6007
13944
27221
12558
14118
21123
563
3516
31618
8317
18518
10076
30149
14988
17634
8661
17737
24946
6426
11945
21914
4696
19994
28885
17104
10699
31688
22521
22556
14340
23560
14008
23712
27244
7727
6242
8836
11871
3771
6608
3142
28976
26433
18832
31825
8558
23206
21315
25298
21862
12690
31298
24007
15081
2850
10120
8024
13392
5597
3788
3691
18108
21738
12013
21875
15779
17792
12691
21384
10120
30877
28180
9149
4105
29947
5012
11950
6943
30016
15985
31320
26018
22132
31966
11310
20235
19129
1741
29033
4222
9270
11539
16799
17672
19541
17350
12183
18213
15150
3050
15452
1925
835
24653
24720
16655
17773
10672
16387
11815
8470
24103
15236
9004
29865
4035
21751
12869
583
20077
6568
15454
19644
24853
1759
4973
16561
6669
7349
4602
32290
19119
4901
19422
22035
6726
25958
15435
20607
17452
10104
5388
20114
303
23038
4878
7448
8249
12363
31776
2868
4657
31935
10743
22869
27932
14164
18037
5222
10888
21108
7467
12613
9514
21006
9756
31863
6598
22760
11715
12826
12111
8247
15960
21018
19024
3437
11856
1192
12170
23122
30755
8936
14814
854
16209
14314
10094
28709
9895
3548
16896
2685
23486
7038
26275
14140
31686
26070
12436
26046
13697
10788
19298
10597
19602
25624
12369
4473
25080
1091
21244
13107
9686
27340
319
6676
22133
31332
31316
4731
12427
22395
316
631
13502
10164
28257
17626
26212
26007
1145
14991
26509
7303
3245
1581
5699
8435
32251
9675
3856
6352
13273
24343
14529
26694
30747
12706
15722
22185
25622
17278
5290
32684
23814
31755
816
25809
12205
16654
13182
13092
3901
2563
19437
4393
31608
15797
9714
2323
21014
3595
2719
25398
3943
17957
6253
1215
569
16039
13880
9891
30460
27733
14219
30933
7716
15585
5662
1468
12751
13824
25757
27108
7848
2755
24235
13300
13323
6949
14887
224
8042
4577
7598
10335
14063
5254
24673
3488
22370
14796
30440
26680
22862
14889
12727
6496
24927
3744
12431
24925
4111
29146
12104
2367
21633
30583
4047
21710
26285
11686
17771
20674
11454
31987
1348
20786
4024
14945
24613
13391
862
8121
10625
15698
17747
7713
20404
7091
6015
16112
2444
29340
31156
1729
32008
29853
9874
3783
17247
26529
22440
18528
28228
9505
5339
7916
29289
27287
4876
27615
6978
3638
26101
28949
27659
27608
2388
19814
4620
7736
1356
8059
19484
22625
12808
19167
27492
29542
24225
4953
20837
1108
24386
634
3901
3685
18058
19314
2597
9590
20017
8488
18751
5307
13039
12937
20623
23986
1945
16671
11590
9045
17294
1510
5959
21908
4177
22620
19428
12546
6775
19416
1512
26319
27076
14108
14043
246
1169
23085
25985
22199
25200
5731
21924
9544
29203
27836
23827
8392
13930
13941
2539
4468
16140
19420
32277
20765
32728
3424
9232
15578
19420
746
8433
28410
30582
1392
10152
21820
26040
9927
4484
30531
1297
19384
24570
324
32554
11351
2978
26370
8207
11920
17538
13052
14479
20227
1935
21988
32741
3090
11633
2644
14488
1847
22151
8381
7327
20635
22571
18336
21705
4325
3895
9216
32604
1360
15303
19991
2556
513
19009
1608
25295
28311
11667
13909
17631
28931
11964
4818
9152
15002
21902
28889
31346
11112
20146
9216
392
16328
29420
30856
4234
31794
21408
7639
11929
19283
28822
5416
5713
611
31482
30850
12532
32691
18855
11750
19652
6021
25253
23245
4784
17185
15855
11218
32563
17957
9594
17579
25210
15901
22132
27741
11205
20563
18377
18864
1039
27113
14828
17377
31729
17956
29652
23448
20676
12043
20805
4121
3334
11313
1616
9406
2046
5071
15389
23205
2211
12821
27368
29350
4027
31426
5450
2952
3392
30963
18618
12404
1287
28984
1875
11177
26276
27117
32472
29042
7304
3528
12533
14165
5740
7342
28871
2958
21235
24267
22943
188
11402
19937
8963
16857
28051
26848
30198
8815
28612
26040
10106
32521
19145
13675
31826
488
22065
3686
23052
8184
647
28945
2367
25091
19903
23205
27922
20003
22229
6718
21501
1405
21680
31793
17876
27180
29772
16287
29441
24956
25112
2634
10512
1625
669
20136
28786
24583
7777
22582
14202
28947
1291
29199
11948
12937
27591
23485
14903
20327
2796
79
7360
13394
16093
9131
16225
18312
12333
31270
15090
23830
18182
24146
1671
15179
28107
6423
28473
17260
26364
28678
15658
4777
14938
28137
10691
12112
32076
6559
2880
5697
31362
3879
22895
15522
31960
12026
28596
22995
16765
22430
12369
3492
21844
23928
27876
14022
24986
13538
14385
3456
11210
637
1314
22179
19645
1480
14092
17088
25366
4594
1844
19864
17629
2285
25490
12756
29802
3268
10965
17655
23685
23342
27047
20368
6091
1891
32049
13748
18260
1582
16098
939
15506
16452
7532
13034
31356
7892
18192
15169
20972
18015
18716
17494
7494
29642
18610
2898
24411
12210
14538
20698
18829
19455
12666
25409
27955
24508
19574
6396
7231
13606
10963
20310
15646
24066
2064
16741
5599
25140
32342
19260
21144
15502
24575
28002
19205
6630
19030
9347
19315
3691
21917
26982
25820
13625
1621
27935
2132
28202
25529
25990
29091
11759
22412
32231
9524
5216
15124
16379
1326
15633
13671
2327
16864
32294
20197
24484
10594
2408
24070
15567
6777
9112
12630
7809
7868
26115
6845
30098
28661
15958
16388
17466
27850
8372
21653
200
16541
8198
8322
4246
17072
24722
30921
28476
20621
6352
3287
22020
10149
5240
11594
30622
567
28128
28667
9237
31603
29061
21820
26882
32480
24551
21086
512
18171
411
25975
11615
12065
16795
5729
14621
23726
16864
2310
23569
871
7731
1243
12138
18709
20800
5547
23640
3187
28652
10646
21001
4938
12008
20569
6103
25563
26246
32720
4032
19837
2252
441
15638
25735
15816
28346
25463
30064
6690
23206
4608
13109
9208
5628
28350
9467
6629
10416
22117
5878
12387
27182
9285
4745
14676
23197
13945
8623
27099
8544
610
24985
12912
21731
19796
10393
23860
28564
23950
17214
26241
5679
14192
3265
17350
4927
15080
26271
3218
11234
13614
21384
14830
12748
15025
14712
28656
30350
23889
3876
1421
1048
4814
30871
16047
15997
24448
5917
27783
21239
6473
4192
26661
6187
22217
4305
6982
17326
24272
19785
2925
6343
11289
18416
6965
29815
22837
23647
30181
23222
2245
22273
22853
26880
7660
7103
12720
21008
22788
8156
15467
18156
11408
15133
9269
28961
24178
5166
19487
25168
18783
11329
15518
7401
21135
19960
26335
6711
26553
25477
12890
29085
6462
30736
2218
1311
9381
26712
21404
22307
839
1694
8582
28025
20811
13759
25562
26010
8405
16288
31738
7725
3451
27342
2638
6608
9209
4966
13205
32532
29221
19251
20600
22985
21285
17687
15205
381
19423
4012
12442
18751
2993
25386
29824
23721
25954
1676
13371
28189
21593
4078
21631
6734
25101
1082
8869
9474
32701
6659
7166
29463
10337
9137
16231
26052
24288
25823
7453
31522
23683
22273
6355
22507
938
8522
4610
7809
27326
18381
26241
14130
4966
21986
853
28090
8702
1995
30666
2057
10565
14231
16067
14919
24149
4423
12878
7190
18649
21040
23931
791
17274
6048
8303
26287
24730
196
23220
12555
1861
10185
4051
8545
23652
13890
14885
9081
19508
6346
16358
16493
18423
5610
16011
3245
3050
19517
8277
14149
374
23505
12327
7779
4522
16081
8085
3347
31721
5473
13117
1614
1248
26826
2394
16691
4539
10711
11926
14996
921
28287
29984
32692
26429
12995
16895
5711
19718
8410
17574
9691
23841
9356
19656
17934
31741
19932
12909
5792
4863
18153
1094
1106
20856
24854
28733
24367
31188
32105
6737
9746
3860
21553
21921
11112
30334
24556
29638
30519
24978
28519
7782
2656
5185
8999
28422
26401
23386
23048
14624
733
18245
20772
14966
1312
32499
31478
9637
30686
16149
20928
15101
19707
22924
10537
25488
23824
18721
17195
649
17261
11639
11308
28864
15194
17213
8811
22155
25251
11432
3230
22486
1363
7713
17370
18038
22207
17211
13490
20154
15302
28647
7075
21059
2648
29163
24752
25878
25141
5776
22089
8432
759
14491
24433
17114
17235
27263
16672
18172
3484
4305
8934
30390
1416
252
722
7405
15159
30774
8338
21667
3953
32435
9179
9675
11568
2840
524
25691
15454
31282
26382
1442
12767
12008
9598
24540
24786
28270
29198
2052
12564
19644
28200
16873
7942
15679
17877
13956
26769
7118
25822
25737
2919
16863
1841
32572
30859
31739
10373
12166
8467
29551
5953
27464
16429
24645
11930
22255
1632
6002
31740
25929
2580
18769
21420
10647
8533
1104
6315
4067
2260
20458
15325
28563
31790
29653
13930
11327
9073
16252
869
22720
31197
26031
23724
4233
4583
16537
16143
31547
23172
4595
31156
11891
18851
4984
19641
25062
4091
27545
23324
10673
14856
23153
29656
10986
25168
13051
30289
32379
22763
29827
22002
13872
25666
6234
277
14350
32535
26574
12067
25575
14278
28249
23036
14123
5322
23577
26265
25345
8834
27776
16624
2198
3637
9549
28439
4021
29269
443
24493
19353
14336
24056
30582
25087
12748
14040
8773
10367
21444
4555
27423
27675
11438
8461
24477
22297
1168
30748
17042
26894
17522
25711
20974
13628
2916
15973
9186
23325
5315
18044
24389
27968
21433
25283
21303
14932
26627
20626
12804
11395
20471
7800
29515
13057
31685
629
8543
27108
9725
24681
5613
29750
5457
5325
27103
15432
11165
22433
7297
3658
26148
19365
13794
16665
13084
3532
26750
24920
16494
22766
30233
4802
10167
4541
23534
7102
7058
20218
2569
20276
31257
12777
10738
18592
26793
8962
14475
11877
23782
18153
30523
28259
14079
16288
30796
10443
20788
3580
19090
15666
10389
10069
2126
11749
780
4994
19793
19837
13981
9988
22629
27315
30189
11650
23528
28277
17921
6262
16826
8249
329
1573
26202
1169
3037
13524
3915
2559
7430
13881
8381
30731
16896
30512
22121
21652
32254
28591
957
13156
11119
3836
7993
9223
640
14365
7449
12764
26850
25233
23860
10860
28365
13117
12324
7675
7493
8617
14247
20061
31132
32108
9797
11
25144
26597
8755
24950
10390
5676
20344
31899
3215
28488
17742
26328
31962
23203
29387
8958
16595
21179
14016
27047
28538
4121
12002
19402
22463
24711
551
25484
15869
32382
10867
1881
4804
31966
372
13108
1755
6881
5322
7243
8325
5202
1388
8911
13828
16890
30279
5634
29020
7772
20008
32402
16729
674
20699
25381
23507
12246
21397
15157
13617
30805
4239
1054
4396
7553
24052
11381
4310
13751
19453
18844
25050
11905
28250
19347
29445
16140
21717
8977
20997
24284
30514
3540
5745
5310
6233
32053
32266
12798
25783
19199
7745
19931
20449
12417
20217
5432
30074
13282
12941
17044
344
32693
32533
21052
25314
22733
27877
18111
20412
9811
28247
4515
22951
16405
5323
29782
7074
30497
18155
28007
16981
3219
11316
1526
29616
2731
29106
4970
22992
13347
19466
16738
21794
32191
23230
30701
6602
17957
20653
29181
15430
16367
1497
6169
29006
16895
22125
29523
1279
29202
29439
19578
19769
32152
1554
19344
6982
21700
21215
11134
28860
7135
12629
22023
31652
18145
2910
31739
7643
4930
16228
32173
953
21518
3092
14246
3569
17464
26977
1947
4792
21296
29388
7581
14890
8119
18147
28048
31209
5363
8
21726
29703
23998
10868
18541
15654
8772
23420
7886
19933
17357
19986
19127
9054
2775
10382
6579
21334
31592
20399
19224
5909
17314
27356
4921
4591
30872
32176
24286
22242
5472
15030
27377
29049
28778
29553
1146
30191
6927
18848
1230
23704
24429
1471
24066
11389
20595
14033
19366
14662
8248
32605
31664
30814
12433
13239
17335
12625
4578
11648
13922
3449
25652
30832
11551
19161
20104
15443
6680
5705
107
2130
13923
20692
29131
25460
24696
17502
21769
18021
16105
2953
28495
25205
31565
12506
19236
23011
10621
18712
31038
19804
12036
3317
21399
25279
16080
13809
30403
10531
15662
8826
25984
32283
8181
1368
2703
22585
7936
9288
3266
6864
18658
27111
10583
22270
20438
20178
2180
7658
8949
24076
16467
18507
10156
22688
31152
22314
10092
15495
27584
20968
17827
13003
8565
17794
4588
10477
15712
18708
2690
6533
12230
11164
8955
18472
4853
12033
9011
29838
8664
29780
29318
18676
31946
32085
9026
1984
12456
26425
21083
15460
13354
17066
12129
29572
20339
11536
16560
15963
8678
3855
14311
1371
14908
9296
27291
28179
29907
12421
17228
22614
5193
1447
16023
13978
18506
16258
18606
17822
5798
22644
3846
26448
23207
31602
6735
9453
20129
14155
17577
7274
21450
30513
24597
23827
27724
25717
8489
30578
7065
5522
8713
17522
8447
11885
4498
10180
16508
21979
25304
20866
3539
9316
4307
17170
28127
28743
19029
6990
16936
6845
6719
28129
29364
17026
24565
10740
18976
32658
11279
21515
22511
3120
21842
5929
19745
32557
23006
28987
1799
31591
24744
32435
15447
30864
28459
10612
124
2353
10075
16110
4399
16878
8667
12682
8779
9739
14447
2376
7133
15663
21684
18342
32379
13928
5903
17093
25048
15472
27107
15303
16789
24367
21767
13435
3161
13952
9591
18492
10531
8760
15689
3094
26335
19301
8163
14891
2616
19155
3692
11349
28078
6357
18560
27149
26600
10817
17704
19852
27723
24253
30729
1071
6603
9273
30427
28192
11265
29629
4893
8499
638
2917
15367
4878
12896
2474
15553
11917
22051
19938
10962
22629
4025
16906
6363
9991
28892
29124
24965
20935
15779
4764
7864
6973
15699
24975
8462
15083
3448
31182
31623
2593
11061
2239
30590
30750
9945
837
1243
2424
13746
16449
31371
26302
5670
7257
15149
15963
31231
2808
4622
32189
27399
14485
23640
9655
24021
8761
21126
15908
26342
17979
1563
11470
17904
21070
26516
29582
15218
29375
26779
6580
23696
9975
3709
17576
22814
16199
2270
17362
26619
26597
8364
5048
19872
25905
4945
7270
12536
25917
11821
12051
12915
2701
15939
1793
31062
5147
10290
20901
11093
18078
15464
520
611
31500
7058
29549
29897
30302
16214
7988
9077
28307
31557
27134
661
24823
2571
19474
28773
7589
31465
22784
11845
11339
4966
27268
28687
28205
31041
29356
30119
8557
14505
14653
25300
10633
31408
2132
18766
16677
32766
3145
6424
30987
13250
27352
27407
10352
27375
21891
22980
12921
9124
6962
23687
17661
22763
32029
22724
29837
16039
19179
23955
22961
31176
2587
15754
4981
10433
11428
31445
21284
20540
6872
14729
21844
12
5262
11318
27682
17507
11648
11964
32447
14149
26866
863
8748
17980
14485
26141
12097
78
25258
27198
31220
44
4970
22062
3544
18092
7590
29064
5092
6521
11947
31091
17782
14857
31080
12081
4247
2256
7379
13557
20865
26804
18824
11509
17759
30400
27315
20161
6739
27164
22065
26323
16573
12349
18418
29799
25019
6489
11426
22925
7916
10526
32648
20860
32634
24483
16302
8489
11863
3743
16450
13848
28102
3801
22588
10098
25630
27103
13633
19801
9674
19451
21959
25208
8341
21091
28283
25566
19493
2480
16095
8972
17348
12433
6456
15948
11623
4801
8615
29509
4584
4150
2198
32717
2711
9372
17493
1278
26609
769
3589
8332
13743
6610
9654
12373
16387
4870
8652
29754
32286
9369
19879
558
1525
17724
23427
16524
27973
6475
28060
23214
15316
11263
14998
25531
21243
18661
20765
7104
28257
2446
16073
2819
8713
27528
7748
26516
31119
654
20654
31012
7342
6908
26176
28442
7430
24710
31280
23780
20764
23848
1493
20619
24739
25696
28428
14219
26106
16028
21978
1505
18677
10478
25939
21349
14048
32007
11194
25434
23489
5475
15849
19012
16606
16833
10739
9721
29823
24534
32009
7163
24309
27714
24730
4613
26843
8131
4798
21732
22172
27817
15829
8584
32054
28810
29547
17499
13373
11830
20064
17106
10530
9197
69
17217
30645
4560
19976
9971
11241
1174
16340
2682
4311
30848
2099
8260
28934
10383
26230
6511
11242
24052
2134
4318
17578
21448
11995
11405
20007
765
6781
26913
22585
27285
650
17348
16955
10257
7111
13871
5835
29741
29274
14600
21707
22474
6887
16495
18859
11564
32506
26324
24811
16741
18597
14859
3291
10769
12650
24226
11430
9028
14426
32114
5006
2497
895
12148
5497
17773
28792
23510
15533
14339
6243
15438
3288
1032
19200
31663
30547
16386
17682
8890
25767
27109
9737
18230
30545
11982
26847
12611
27586
23283
25664
27371
14762
1498
5613
28154
23158
20170
15714
25615
22807
15744
2487
11508
3846
6946
24260
7979
12933
22393
30088
14025
6695
20058
23500
9864
22930
357
5891
32535
7044
6643
28277
24756
23828
18249
8348
27389
28219
19730
1998
24323
23442
22028
29213
10145
9565
24321
12412
15372
26569
19961
8483
4266
22642
2478
14644
2600
15656
9536
20894
9927
16371
29738
15169
20982
17492
6773
24148
5670
8654
27947
26884
8410
26533
14095
20830
19709
3558
13707
11887
10105
14247
25066
11434
8709
27280
23239
8586
26686
24475
453
632
2810
20759
8577
17134
30169
27123
12229
24029
25373
14905
32767
3660
16827
21721
31217
31554
16817
31400
10409
23271
31387
30376
13748
20710
24705
3978
9359
3093
31476
12913
25182
26456
4697
15097
32224
4547
18308
31864
7075
510
18825
28804
31348
14574
7630
11957
7194
6033
11877
4523
26180
19498
4761
11603
20415
6815
17863
31335
28140
1055
16496
23348
30322
4615
10123
23968
2352
18439
1568
24171
22134
385
17682
29109
30068
15921
21821
13505
32498
8723
16320
27896
16450
11393
4252
6193
6771
27292
20351
21039
25032
10478
31450
13163
20840
26702
14649
3348
26455
6659
13524
9813
15525
26412
21857
24278
11750
1887
19501
23173
26594
27280
9835
6806
11405
14900
22988
10184
25657
30119
32592
12779
20234
11723
12379
18591
27306
9203
14859
4446
24639
20479
6857
7869
3738
4552
32286
19694
1201
4542
10952
18314
80
5327
5902
7309
17675
18315
5968
163
24439
17542
23266
10402
10394
23038
11035
23639
7583
21182
8360
9861
24526
17986
17190
17963
28860
13340
18161
17670
32447
28311
23862
22359
21925
6297
19024
26854
18342
15054
13905
31559
8854
13314
27614
14684
1376
2255
31041
25627
10671
22137
26553
31889
30190
27926
32020
20263
27507
21746
15232
17445
17655
17201
5023
6516
22858
16822
31961
27048
5700
3652
26614
9278
10239
29923
16364
23329
8259
10630
27893
2419
12866
25834
3557
14219
22150
18625
23483
8250
27431
20240
27510
15187
9281
18646
16938
20842
24741
12270
28498
31963
14031
20534
8552
15375
19993
3057
26803
30970
22574
16234
7265
10728
16064
2011
5589
28538
22910
29068
13890
21483
16448
20799
27257
3992
3461
19660
8447
30400
9504
22281
26211
29832
21294
8940
7118
14146
22347
20980
31708
29166
12294
25028
25002
22273
14994
7442
1585
12390
31422
5055
10194
14531
7974
24135
20529
6653
5547
12380
11335
13566
17442
32462
10931
5814
14665
15534
21585
15967
27135
29619
4878
6406
20148
15324
23291
22087
29982
22103
27040
31320
23085
28578
3986
20809
8258
19696
14408
10121
30108
26830
9258
27565
16146
17158
2283
7533
23304
26564
3097
11759
4252
29175
19442
13641
32544
3322
27258
8513
8653
14708
20170
16726
15285
22909
4267
21509
16378
18434
16995
31045
2622
32618
3279
11860
31578
4985
20914
14005
20051
629
18509
5754
14730
8584
18480
447
12338
10342
13903
25975
22535
8239
18520
28011
1853
14743
4676
11135
24247
20036
4653
17463
21626
4472
11871
17531
16993
13295
22961
1175
19730
32523
21014
15494
14128
11054
11631
11632
29907
30055
10403
1137
4917
14418
27890
23196
18606
3129
16262
30272
16610
12927
20299
12649
31033
20543
5377
10666
16783
15408
31120
7450
13613
25548
13979
6301
16376
2993
9559
23397
1001
28487
28574
5048
12989
931
22335
22771
12270
25003
1945
1743
3809
7035
9576
24035
16737
264
4318
3434
2636
6147
3574
2631
2188
19201
18181
22342
28233
5080
23953
8869
14429
9548
32103
23763
31241
22507
9704
11383
4326
24117
7588
25524
21790
1024
17450
23211
6619
32027
13853
21314
4608
1842
30603
18980
27928
25329
6267
22794
16523
26732
1989
3640
4376
15039
2087
23882
4223
24305
31636
3376
25470
14879
30927
18296
1023
15062
24377
11467
5008
12736
23784
4795
12819
7555
6904
20156
11447
28134
1062
12911
6439
566
22938
7463
12545
26344
2565
18086
393
5759
32492
10023
17311
16816
21572
8354
28654
25284
11838
19787
25447
8255
8548
5979
10222
17087
24805
32276
13650
16934
10029
11263
16003
11771
3257
17017
24319
29966
16682
32365
15502
20571
23192
6755
28975
21809
12072
4538
20818
29332
27873
10545
25159
24031
25531
24749
5367
12974
13817
12854
6354
18938
25273
16962
23304
3206
24266
25910
1532
17530
12221
7722
5366
12878
15679
31468
20503
26858
19622
29000
17555
13580
23241
8583
3354
5097
18453
8758
32407
32023
2781
14633
3357
938
23538
9663
32030
4766
4468
24678
13535
18549
7143
29538
16936
13856
22921
20683
26688
1315
13283
18901
18969
18677
15263
2901
1223
32677
13977
17280
20022
1475
21561
21749
27677
382
31743
15102
5934
2314
27231
786
7824
2117
4048
32671
24462
10649
26144
6151
26001
17956
12298
23016
17995
8470
22282
12193
3638
29275
23408
24594
20797
1147
2740
15267
13240
27070
28681
6791
32670
3219
13108
4162
6646
7986
22943
30824
27791
11905
7593
16552
6129
23604
20545
5130
403
1081
30899
19317
4687
20819
9921
18292
14610
1285
10998
5945
1496
30385
10551
4323
28888
3585
14747
16124
8699
15494
2941
18246
19603
15007
16079
11959
29514
2973
26544
7874
10328
3364
28737
4056
7674
5588
19637
32047
6943
26409
13736
1474
10340
30368
23730
7833
2370
21020
20283
14922
21894
9095
31633
2496
18178
6076
3127
14907
3971
11429
3457
21656
19203
10912
4445
8659
25119
19752
17780
14538
28875
24241
12146
6467
1348
19411
929
30769
19270
29099
18877
8499
30592
11135
17412
4446
1861
25504
19596
12092
10372
11157
7385
17428
24058
8053
13231
6764
13222
6293
19749
26061
6013
29539
8443
22470
10848
27794
23341
1587
7499
22904
712
1728
28367
16308
17149
25512
7362
4115
19060
19907
7733
2229
13539
12223
14758
619
13022
1709
2935
11620
25585
9152
20639
265
5868
15186
18848
25381
25726
25896
18873
19017
22533
29175
18012
24431
6821
14887
31458
25309
21655
18902
29822
22604
14532
3616
6767
15946
28307
26526
1658
21725
19967
17964
16792
14185
8684
12784
14572
19923
25787
26008
32503
22759
11036
24034
11535
7671
12579
610
30989
30149
15775
19328
21319
17060
20391
2496
8382
4569
19061
12870
26008
27719
4984
21657
29648
6732
22180
7591
29228
24294
25869
3081
20335
28186
25012
14729
30160
8854
12448
24033
21164
13973
23601
28358
1656
1027
25778
293
20729
4065
11821
20397
3511
25836
131
2701
21679
377
19899
21631
4936
23716
12955
4357
12680
18089
25973
26610
6024
10386
1860
8749
10021
26387
2808
17330
32249
27826
9997
1753
5002
7978
1378
7387
1984
17426
9545
22418
13725
6330
9178
8320
24104
8534
24206
24851
32682
29534
9225
16423
11549
32564
26422
22733
31202
7432
10393
20043
19890
24825
2529
24932
13527
31356
16317
27353
156
8962
22001
24367
19458
24533
31145
16307
14516
6979
15885
7356
30781
22783
3861
3376
30073
2500
18079
16201
12873
16955
6079
1689
11659
22815
17494
2892
25930
12447
20710
32430
18737
12036
10916
30957
12614
10899
29647
25631
11477
19637
27201
6278
15785
12373
7236
3603
21378
16266
24486
18218
7108
5238
16144
22693
31085
24942
20883
13083
14665
9306
12420
4450
22121
10591
32650
12370
25297
8380
15093
13260
26737
19442
16465
23803
22103
1576
17723
30170
20002
11213
12404
5623
26042
9599
2356
9334
12606
6700
28865
15192
10558
3191
23103
20478
16683
26461
29898
17640
16907
15896
31682
18627
15729
17219
24934
9891
11437
15168
1957
27533
4160
28119
31536
1336
9107
23327
25812
15892
30952
14242
9479
14988
4496
29628
19905
23432
18014
21060
28301
10807
5213
21102
26335
12555
8638
28912
12968
26117
3860
1124
25896
2610
26820
14574
17923
8822
19638
28446
17560
28040
6225
536
13710
31550
12967
14578
3759
18699
18156
26461
5370
1990
813
392
12531
28332
12094
10049
23870
16297
12277
27230
25452
24787
19093
21595
23317
12087
15501
28484
7975
28377
31587
21973
11645
31734
12523
3809
9396
8588
18364
14320
21562
14621
7140
17196
4775
30639
9179
19582
20049
3095
9654
18932
3098
29303
19613
7014
18573
8454
12927
15705
28458
29199
12804
8995
23549
28477
5316
31824
7030
25109
29110
26949
23668
19908
20459
25379
18595
13851
24956
23278
14088
22488
27329
21487
27866
13863
10691
32086
24724
8552
20980
3876
13128
6963
28702
28232
21558
15257
19098
23560
669
31661
4546
13475
8657
2372
29864
309
5006
2040
28169
24794
3212
25459
23932
3350
5971
5866
16623
32117
14673
3559
8788
28270
28202
588
3480
20365
27983
31637
8917
23762
28114
21341
6344
26452
23673
25379
17285
4393
14353
16207
29545
138
2052
9072
16465
20019
8494
29640
5385
13065
11501
30730
3848
14591
9847
13154
1626
29498
17009
32182
20957
372
29885
16940
7088
25246
2195
1772
23017
23241
32467
8743
16262
28742
9881
16472
14759
17420
9234
8137
19706
18779
22927
9561
26486
8351
26328
11902
31308
6551
12995
17542
28698
8374
13061
5410
21346
7114
26183
21540
14652
31195
13437
27272
17479
31318
10611
5809
21477
28523
15784
25078
13224
32691
8544
3933
24327
11030
15861
26534
11606
5868
24942
1676
31221
25954
18514
3399
7367
7199
31167
24149
18149
24104
10678
18042
6036
32001
5561
14086
32117
9494
3992
30038
14332
10585
10888
25501
3363
12843
15989
18149
1888
21376
13721
11856
20436
20030
22606
24484
30917
231
2848
27910
19534
19320
13095
22534
29525
27281
13460
26076
2238
3541
16265
2289
27870
11668
24366
930
27955
25512
32513
10304
5202
19356
23149
23131
13856
11796
2719
13632
3141
31592
9877
31680
30430
22931
10615
13619
13682
18764
4907
7101
11304
9842
30500
16336
2359
1965
28026
1266
24221
16723
6720
23489
1044
3976
16146
23860
21826
11178
2797
11043
8240
20716
7235
14858
22525
29760
26959
26634
24532
13179
679
1328
539
16307
25616
12538
26605
18156
18325
12567
9419
8436
11995
9583
10894
17292
5807
15715
14752
16840
2273
21078
8556
23225
85
2924
25875
23369
21335
28305
6241
22373
6191
702
2303
32354
14325
26487
2026
3737
9127
1433
26403
11349
24441
15698
32681
8176
22636
13681
21412
16184
14370
12256
8419
1559
10993
1902
30600
8820
19510
15058
10498
30548
11500
10477
9020
23365
10365
25168
3092
5628
31703
13310
12559
24893
21187
20339
8011
28923
16242
13285
30645
18113
20569
15561
21371
21584
14400
31129
19653
12682
15509
13013
32672
27022
24069
16456
5946
8997
28494
5260
15189
10333
3662
8656
29174
4467
13152
31705
18781
5878
19177
23367
24122
20266
3374
26138
4638
23211
2153
24948
1584
17490
4379
12448
11809
6236
3235
17748
3938
30409
18960
25907
148
9475
23860
26774
32064
25280
12281
22156
25032
1577
15865
544
9117
9020
11848
3290
22963
17007
16276
29320
10546
27286
14961
573
27247
518
24046
26779
6682
19195
31340
12110
27321
32567
11952
21977
2644
20204
31542
26517
28786
18140
8136
13046
18501
25023
30544
1553
19234
18661
17899
5211
7988
2076
11582
27060
3696
14548
15117
3748
10699
26753
17929
16868
11435
15937
3306
27424
13468
9151
19390
11003
8517
30039
15233
11348
12442
32123
12269
6855
11091
16213
18323
25207
13724
21677
25131
7435
6158
25358
20777
20471
5342
27684
30353
24573
7508
32105
17931
24051
31615
769
23610
4294
17448
16865
8266
24767
9476
15671
9160
2053
25389
2822
13495
11364
7635
23569
21984
17996
10543
15099
4457
31005
5561
18092
22953
16545
14235
27639
27707
6106
16997
25209
27473
31999
19714
28868
8523
30401
20971
15293
8841
32466
32666
9538
16765
30120
27970
32272
2308
895
1981
3812
12534
2717
19142
15585
16635
3801
6760
19762
21921
13918
20662
3056
15276
18349
21437
23110
21934
18657
18359
26579
32727
9271
12674
6991
26125
30157
7504
28274
63
26282
7583
16657
10487
14591
13932
26507
559
27052
2211
30819
7270
2822
20955
7470
5107
15576
5184
27312
6296
26024
31440
1090
4954
4411
19915
3702
24208
6235
2916
13566
17467
30167
30909
18378
13973
27852
16146
13169
30445
25635
26933
22738
7857
7003
21818
2043
16077
7304
28275
8778
2355
3996
17311
10193
14523
21222
19806
13311
11054
31960
30952
11645
24989
11021
19199
11607
23288
17035
12066
24924
31964
1349
18180
28103
32427
8420
20028
4639
2786
6854
26174
5467
2727
15687
24202
15690
20386
27200
19747
21810
4110
30414
2883
1976
26896
29781
27213
4095
23367
2756
13571
1556
30116
18458
20729
19082
8828
2345
5193
21857
19163
24473
9097
27693
17436
6449
27642
883
15286
19538
3586
20311
5465
3524
19421
18292
28474
13238
20623
8716
16555
18943
25373
2657
18158
7082
23036
5730
13387
30130
25290
16266
21856
1802
29244
25350
8377
480
28760
3350
25760
25123
29924
5045
1846
32067
10270
17532
3267
16184
7085
10692
22603
14533
12248
11019
23138
25342
22774
3225
8768
15368
22821
4706
1304
8480
16959
18991
20390
2526
21514
16633
13832
2235
2735
10133
30158
13522
29038
10903
24148
24803
3471
368
13136
17309
30108
30937
7591
29981
26829
31861
7813
26034
31428
25521
14508
12771
10106
1520
17420
30643
25466
23013
8084
4387
31821
9279
13641
22521
23861
31116
1173
22208
3102
5975
9953
2832
29393
22676
614
7439
18539
18751
7999
12344
12045
7487
21187
12635
22998
3728
13587
17893
20238
26273
5359
16482
6820
14075
24014
15936
1243
1316
9261
21206
8512
28099
19495
25509
18911
772
32326
6621
23222
27198
24217
3363
16746
31956
14854
2961
13625
28761
7650
8958
11056
18935
3519
20352
23198
8465
19333
29488
26056
29991
26053
31533
31454
6906
73
21988
302
1265
2800
7822
9880
27324
23225
8697
24898
5175
22813
8332
14733
19345
15778
29062
28743
15021
1453
27526
21794
14280
7831
13904
24932
17757
30212
27086
27361
18757
25712
7765
806
16163
9739
21034
22264
27135
21959
18501
8701
18737
7855
17492
2744
21633
6010
18435
31419
17292
31840
13691
18199
25706
15148
31528
15640
17805
1427
11456
26415
14060
24004
11649
7728
26209
20800
20410
15037
6992
21996
3468
31490
21898
32100
16114
28836
21361
29331
28927
2803
17244
30081
16999
4455
9277
18795
26945
8778
6529
18713
17931
2482
13879
5484
10223
1202
885
4663
9796
17617
17911
9551
13144
18363
18186
27622
19565
22327
9384
23060
27393
17753
27877
30903
6995
14585
2186
13693
23586
7780
14591
31039
11192
4176
11630
30865
26151
19734
29477
29335
22739
3099
17724
21018
12080
18319
32632
25818
7373
20059
14448
7462
26770
12884
18158
4523
15686
26293
13976
12170
25427
8908
28624
21165
18382
23795
5848
14426
29874
29122
26170
8
24172
19331
2151
11890
10909
7654
13470
26347
21531
2551
4879
20209
20537
15948
11329
20484
6472
26499
26545
11193
16989
1260
23996
5642
30805
30082
190
18928
5143
20768
24956
19508
8729
25073
4799
20609
806
21033
28738
29887
2654
25074
19662
18076
15486
14761
19364
18283
5217
11339
26907
25138
28871
32298
30346
2046
3926
997
3432
26234
14558
11670
15794
27840
737
21069
31629
4719
19027
20414
4141
5374
19358
21046
4597
8016
31721
22740
10208
3976
1946
18933
7199
20254
6681
11248
516
28979
21207
22020
29470
2849
2960
11662
10150
31575
21453
17279
28185
4708
17836
26126
17959
21073
6115
31402
8908
14388
4355
13363
6077
17410
16378
31081
30213
12965
7644
4005
7152
7758
31971
24007
31784
30989
26804
23407
8222
5535
23523
112
10667
12935
28346
18561
6136
15200
25398
7990
21403
13425
12883
18479
17922
1154
32393
6032
21
4334
3991
3760
13335
24570
15231
12566
1741
13669
24786
9633
31715
23872
22061
30726
395
6400
29444
3712
24423
25298
5534
10178
3241
31534
19041
30001
12665
29871
30800
9552
22423
12834
14034
29307
3649
2781
12469
2521
1367
2386
14450
24204
25533
30691
29107
15658
23809
12280
13330
13169
19005
24399
2852
8246
19007
14228
30646
32671
11496
15410
22102
18322
11730
8808
3862
26733
16949
30623
29324
17912
32268
507
26653
15512
21619
3888
20860
1733
14164
9623
18285
5821
23106
19329
5071
14458
7333
22731
3289
4066
24344
1714
13732
18239
18447
12777
18409
494
15293
745
2829
26459
2869
28809
7258
23085
7887
20686
3216
12221
8141
27652
30364
31693
25918
17933
29607
17527
10275
4602
4178
12899
17105
984
10048
4413
32662
29900
17622
13414
15007
3427
30782
5098
23321
27171
13746
13747
26519
28262
11767
14076
14772
14696
16167
2568
5369
29086
25268
15379
9473
23113
15530
22409
9946
26444
12340
13942
16815
17210
7522
22845
21156
31668
11305
5518
12290
18418
18604
12690
10132
7583
13497
16232
15441
2026
21143
19669
26426
29914
3327
15159
24454
27873
104
21435
11773
26805
18824
27600
4002
14683
7447
11740
27540
13956
3286
23085
24630
10013
7632
5170
11150
6178
5087
4075
29419
5555
5747
13214
11723
31337
4751
460
14331
18666
32276
24419
20224
17339
24642
2613
32438
14166
17276
21417
16695
10877
29771
29616
22014
26829
12710
2043
5197
7062
12913
4972
15563
25834
9283
4554
3698
12532
1900
29624
8872
12683
3127
5864
21676
14343
21868
3724
14388
24916
17433
20493
25429
18501
12434
6144
4002
12842
13495
6998
22168
27044
27509
22738
3386
15288
18832
7873
760
19235
29599
6373
10197
11757
13656
31410
24009
2369
32269
6589
31076
8060
1655
3185
13749
1156
947
8451
8042
27739
2954
16553
15160
18420
3573
4871
27518
9285
2016
30186
22821
32669
21295
7481
25546
2360
14335
28457
23839
32529
9006
28847
5006
7671
9757
22075
28704
22499
9140
3235
11166
17545
20135
20061
24310
45
23800
6386
29407
27832
5310
5807
12992
2315
5668
20638
1742
21139
1716
15541
6517
25885
470
31820
27642
19692
29331
24277
7774
16137
15007
31943
28293
11227
19095
32475
12952
24567
3975
25979
21159
10041
22959
25719
1427
9748
8327
9979
21803
23846
18432
4030
11669
2832
19213
18811
31728
24708
28514
15269
8247
15008
26235
14167
13928
22394
32737
28810
31462
14588
20649
6026
19996
10738
29757
9899
7012
6497
19039
14391
10023
16410
22122
30892
2117
17552
9179
2340
20663
20711
21521
26133
10611
20301
14673
9786
25999
16525
8973
9681
20650
24801
16230
29191
15496
3848
13807
2225
4604
10649
24500
16444
26891
22167
16507
27623
27726
26949
9545
4143
2968
23100
3112
15243
16857
1466
14632
22362
29250
9277
7332
1306
8362
12625
28358
23514
2353
13478
9293
6642
23331
8549
8334
7921
6943
16324
18617
16855
28792
21721
23646
22405
25051
31915
14128
32113
17714
27279
24584
31902
26313
946
2349
22732
11183
2034
26066
24556
13152
15602
30944
19926
15520
20333
16630
22590
20906
24266
26030
14052
32650
26353
18979
31756
7368
31838
10416
20782
25414
3699
7162
27630
24939
9235
14640
20302
1665
18028
8081
11555
20060
3604
8495
31686
20541
1624
26867
5131
13558
23249
16866
27511
22606
824
25502
16045
6566
24954
26672
16426
8157
1551
20228
7986
5234
3720
12597
31498
6632
21096
2828
5736
367
21045
16067
24360
960
7375
13454
7744
329
7936
15324
25590
3466
4435
4569
1105
18879
30762
12600
14285
21183
27147
20273
13394
17956
4155
10693
21095
8876
5518
2889
4772
2015
30589
10018
5989
6386
28025
13262
26310
1772
23167
26148
2251
1543
31981
12764
21982
12889
20628
29521
2431
10163
22286
26246
27959
20682
14929
3943
12237
12692
32133
30546
15549
12533
12307
25558
10214
9627
22271
27323
387
10791
119
1858
9820
31885
13740
5293
24638
27837
16096
20994
27304
7811
28096
21261
12231
8875
25077
676
20900
11114
31734
6703
21405
24569
29216
12903
30738
4995
15368
20829
9824
25409
18448
6590
27923
32740
12088
32598
29783
9779
23351
9428
29872
2805
21195
18125
1515
15889
8269
22531
23125
18676
1672
13030
14890
3123
30667
1115
21328
8305
829
21437
12613
16004
11377
19489
29015
29395
24890
10975
1811
8194
449
30542
9471
5330
11988
26574
7564
14658
21121
6156
20550
5883
5860
29825
30542
16618
16189
32572
26890
24111
5957
20962
8731
23606
27843
243
11151
3107
18266
17486
12632
12148
21157
2296
23805
14305
11910
20505
18576
16007
6586
32583
7648
30278
10929
1543
13807
7528
2717
31889
19623
12931
26314
8148
7368
28832
3117
20154
30757
22172
24895
27821
12304
15823
12812
19802
25107
17388
646
3509
31969
3112
23328
32317
4491
7071
17304
641
17655
21747
24596
2531
30095
22326
25713
1436
26934
17418
20952
0
6016
12550
12946
14595
25634
18524
18461
27645
23975
23737
24447
8874
21605
29805
16346
14709
23984
4044
26433
30966
5965
11988
2506
26809
16169
23056
1764
16193
29515
12987
18667
4940
11784
20009
17146
12889
21110
24675
257
16488
23843
31250
32279
1281
3334
23966
13585
2423
6325
12182
8019
27758
17369
1619
5606
3739
26847
7384
18635
31947
19185
11517
16527
15143
17445
13517
7712
21942
9204
11052
3295
23075
20973
26557
6902
7873
2218
16898
27628
31436
15620
11205
31095
21490
1411
19127
22161
9489
5656
21848
10445
25155
9231
14102
19436
24088
17983
16313
21419
5154
9604
25086
24544
31927
4463
17794
30405
19954
19771
12258
22932
19963
10499
2337
1876
6792
15155
32586
25074
2468
20029
3414
10643
1968
22157
26959
16937
5799
1214
7606
30532
21158
18446
21027
12844
8107
21775
1835
22060
25756
1184
18822
14128
30604
7964
8305
24211
7995
26577
15186
4658
19931
31924
8859
20933
31002
24146
28656
15983
13148
13322
20876
8339
27208
8314
23777
32746
28295
14903
29822
466
10440
31937
17718
489
8200
17846
7807
6363
13584
12869
10776
1400
14143
28902
18159
11274
13961
23368
2881
8165
14016
27787
12803
27455
10258
26544
30593
2370
18644
16974
10565
18016
21630
10118
27962
31463
9206
10040
1041
21461
8977
25975
2788
7661
16215
24123
25
18186
13318
4438
3978
2484
22362
10922
27106
30449
19724
31384
11082
21085
16920
21180
5446
29821
5572
6871
8153
10065
5086
12812
9712
12584
9285
28752
12542
440
5035
23580
10211
13678
22936
26724
25874
25347
32690
20173
30707
26448
3645
23067
5510
9059
8670
13544
31818
24786
3748
4252
20317
20559
13384
14489
11492
22141
26548
26038
941
6915
5571
26095
27667
3550
840
27739
2082
22267
20049
7518
12028
25605
5293
11039
26491
2172
25515
5692
30232
25607
21797
26301
524
779
32189
28999
5557
28028
4199
31890
32314
6131
23336
23325
20082
27393
285
19745
2306
21700
5566
16067
13766
6327
32100
13965
26227
20942
14089
2079
28282
23235
29519
7970
21039
4266
7364
30334
12586
9164
13669
4045
12269
27314
11617
32527
9416
27520
5919
24223
3066
3973
23681
16230
1817
13583
22891
26958
27572
4996
32639
32761
9526
9646
26411
24500
28173
3671
29158
18086
9228
11030
25014
7757
15374
18792
2550
31020
6365
12802
32086
6333
18770
32358
23843
4013
29117
27829
11721
21576
25734
9668
21654
22323
11797
10609
8896
29273
6128
21816
4522
17447
26403
14593
5219
19196
23013
11836
8815
21723
10360
25904
24523
5988
3409
23696
1579
1026
6265
30544
29574
11365
21043
9398
468
19251
28895
20148
3095
17658
9758
629
17560
13674
18231
1846
16499
23745
21690
22359
23637
390
9571
12210
24197
6778
14400
10539
31265
21708
29206
4232
6059
19084
18946
28804
1732
32098
10588
542
32054
27008
736
30519
1848
17621
25872
21340
19694
16003
3028
18145
20784
21140
13668
16431
3468
1512
15975
10078
3982
7794
18781
30727
31550
11173
30010
11603
5867
29480
26451
13400
17447
5585
11390
22694
2579
209
13685
24348
5341
32556
29308
17153
20102
32621
21060
18768
29929
24983
10254
24146
20729
24926
15635
29042
29514
28823
4388
17230
6611
5614
3726
23050
8946
9175
13632
4073
12720
23495
304
28702
26439
20899
4090
21983
21985
9081
18890
444
4259
22894
4477
6447
31978
503
16387
17524
18644
24140
28424
24218
11011
13082
22227
27611
20381
4472
17262
18985
5783
11293
25863
20489
1844
3280
32662
19876
7368
15903
15808
9243
20674
15700
11003
26396
1513
18597
6388
15539
14566
23979
29742
28514
6659
31766
19435
26227
29746
158
4431
30861
1361
11325
20931
19590
11180
11163
28824
15480
3268
13002
9196
28439
6479
307
14546
6977
4735
25040
25261
10711
29831
31644
6621
10700
27228
1608
19870
19067
11960
14128
27948
20542
32357
31373
3116
14140
32696
19692
9799
30850
17244
18655
17944
9558
16976
15602
4936
19655
32051
24032
3063
24457
8384
26887
27998
1536
21397
19226
4019
7323
4408
7958
14669
19043
13915
6519
11529
26068
8799
13227
30700
7147
4632
11207
16906
3456
6096
11385
9894
22230
21646
12605
22426
13681
22168
31444
4090
16423
16694
10227
6644
25978
8633
17976
27642
9253
5564
28513
8484
12789
9898
18112
20687
1242
32384
27370
2443
29246
22996
12208
29492
22677
23319
13392
23646
1846
8983
10732
14070
22633
21191
24122
18471
12737
23107
24190
3963
24236
14607
18101
10563
31048
5023
4371
12344
21880
16925
31152
25186
8760
15462
19071
3385
13613
1878
9087
1291
13440
1861
4917
11165
4845
23505
4953
18965
4631
10462
15824
16919
16159
28892
19930
23087
7540
25673
16781
10607
29677
19062
12162
26201
28693
26509
9422
7423
5062
979
7987
4200
8441
30763
30616
19254
30684
25564
20663
9094
6949
28563
24086
13848
20134
16812
5944
7344
1058
1965
11028
25531
2656
14611
18374
822
12925
30546
2693
24268
24454
12055
11221
4414
13383
24272
15357
1800
21341
9838
956
11330
26003
1129
23864
12740
23147
25605
6455
11661
5882
24789
17553
6758
1785
25469
25062
31426
17434
31675
27532
8937
18328
7081
12747
28245
23058
6204
26957
25692
13721
4881
32208
4112
3592
12649
32030
3940
29587
17522
11839
7568
17315
18120
10477
7350
7138
21307
328
25285
913
30931
23499
19870
16162
4113
32127
25205
515
30072
11374
31866
29368
19788
29787
20153
13612
13466
9136
15679
28489
888
5304
20863
31686
1166
5902
19956
16192
17877
3414
9479
21389
26271
4906
22322
32077
1752
16215
31846
8129
15243
22090
31914
8929
11431
197
15366
32680
16388
23255
15775
26291
30113
28426
547
13578
22832
29150
9575
11070
11476
20854
32591
6836
12585
28050
19439
32064
11909
3005
7919
10997
9085
23496
9780
8764
15531
8310
32700
5668
31151
20601
9930
14073
9076
17309
15428
26904
30645
16452
11865
24065
11711
32018
870
17326
14456
27369
19483
32292
27040
23320
218
8007
23127
21967
20063
4338
15583
13527
5542
9543
31652
22143
8969
324
18809
31962
24746
5527
1829
11559
2064
6580
8734
9105
5909
15652
20628
12057
3071
800
20145
2512
11501
31838
288
329
24181
21291
8396
846
19851
23994
21482
25298
28836
10940
22585
26919
9244
15408
8840
1905
26069
25725
6010
15451
29730
31166
16774
520
21475
21341
10305
22605
497
17891
11488
16157
21436
4366
4088
13636
19250
29733
1161
3928
25059
23688
29755
15085
3939
25227
22759
16905
3824
2180
20313
8920
10325
28707
18261
20384
14
31234
29911
27382
12973
893
26271
5171
16253
14020
26093
22562
1636
8494
906
6651
23822
977
30215
2197
32583
4687
11593
29655
24233
5106
16198
5744
5496
6908
4617
10183
202
17976
26364
18997
17899
16597
11110
10611
18175
29812
12851
23886
19177
8576
15092
25762
23660
20926
27174
19589
9360
22821
5815
22467
17480
22767
4294
14987
29009
30960
17835
15975
23133
19239
25911
25201
5745
3475
27708
19397
9100
15943
14416
6706
14473
13761
2255
30005
28230
15224
4383
25895
1030
18612
56
19637
17172
28066
8547
5777
17834
3240
31297
27495
9488
24566
2576
1043
21256
32094
3626
27665
8810
19557
28622
18484
17164
8858
16163
30107
13540
31270
24442
5346
30321
30373
18644
21909
29270
11316
676
5610
28745
23755
15318
10927
3371
8142
9231
25473
32376
10206
27191
7999
9442
6901
1077
1214
12857
12466
9209
13246
26254
2801
32192
541
10392
31903
17299
6475
32087
13005
31249
2046
8950
29698
2671
7207
21238
27094
13757
6436
28553
10428
19819
7735
8252
27168
21771
20791
8665
11442
29016
8581
19852
12033
18552
14146
6980
30795
14206
25279
9052
25491
307
8245
25467
24821
23062
951
19129
24887
30113
8548
20739
8096
30926
17889
7616
15885
30170
4871
436
26433
21833
21720
18469
27517
20522
8888
9021
2896
24476
8410
14256
25777
17809
30200
2975
13899
4818
18759
23739
27928
20036
23722
8621
12337
8553
5925
15030
24293
11817
5013
5522
13576
29139
1951
18595
2445
22879
5863
26955
23384
27382
26242
8602
8269
10420
1197
18729
2733
4268
30911
1349
14498
24108
3932
13392
536
28739
14060
10341
22735
31105
75
30011
28334
23806
6082
21836
5723
23709
18999
27190
4616
31890
27296
23649
17552
16418
11198
7650
30914
9130
16903
21663
13052
30691
25060
12212
16637
612
28188
11286
31732
1897
27280
3190
28892
8402
1834
2153
25356
1647
22288
30405
23818
11130
2077
30542
17313
21861
11921
24466
7987
4055
30983
28433
3920
8689
24744
3745
7302
26837
10655
7953
23675
15209
18380
6925
7226
15192
31677
4161
1227
14170
15322
13250
28166
694
15839
5545
21416
26117
13456
14337
8359
3384
5544
3299
17603
5852
31762
8159
18526
10397
31323
28318
21133
11529
29032
13510
21871
7831
16228
12062
21694
1000
23293
6643
31395
332
11984
28346
28367
9096
18721
9462
9159
18391
13264
31324
3711
17710
2184
1589
31787
15044
5434
7173
31314
10194
9418
16746
1316
12439
16392
15174
28685
13472
31457
30240
15498
6726
8663
19912
21308
29560
23470
30778
21307
24507
4968
6085
27564
20334
15988
14445
29590
3155
21283
15501
13297
11083
859
31937
6144
19297
3983
7938
14305
17930
17902
26899
29027
13483
475
4637
791
28508
16286
22422
23978
26860
6233
22886
8049
3109
14909
333
28230
32337
12541
31103
9107
27389
4739
30354
32428
15612
25571
22682
20834
26799
19085
26515
23253
11140
24006
12031
17545
25789
11353
15567
30140
27507
19081
18311
12535
1498
31819
32670
12260
26054
20402
4131
12639
20078
15275
4775
11727
18288
5866
31318
9655
278
31524
14951
16008
19928
26751
11191
8634
21794
15687
30128
21018
25431
21986
32368
27494
31509
26886
9767
23
3003
29737
20929
2430
28968
19513
2246
7698
8390
9870
10878
25097
10184
11805
32344
26149
24239
30958
9100
26833
30227
29136
9216
11628
16544
2635
11881
24037
24159
18646
15282
10888
11574
1866
9121
7191
8883
30103
25784
19485
29445
13493
9049
30591
10571
7646
9262
8020
5394
2555
17864
11254
12568
11612
15750
18009
26454
23467
7097
23452
22078
18467
23301
32478
31554
5629
32523
7507
26261
19755
1604
14487
23605
1865
13104
6978
1577
26833
28849
15292
7175
14990
21937
16723
9146
14163
3083
24458
12162
25068
7849
31668
15676
30549
29418
20674
6884
20778
28998
1370
29784
19551
8500
26665
28255
2097
15435
18041
29417
4444
31912
4358
4761
19855
10897
17165
8064
15133
11607
16295
25900
22773
9089
6485
8673
19156
17958
30684
9510
3513
7067
4179
14211
20634
15695
25466
12170
17749
13554
13901
22548
32233
13533
30937
3021
10726
12206
3919
10739
18466
4914
12631
18522
8366
10889
21414
18100
6920
27524
20435
9999
17554
13138
15974
20383
6979
13916
14131
6590
28829
10093
27622
21041
30943
23062
20702
3757
23163
25681
18495
31897
20938
868
834
3350
15615
18440
3536
8765
9306
19915
14416
8615
4766
435
21437
4147
20932
15396
29691
6915
24561
12803
11371
12744
12454
284
31421
5696
3638
23489
21509
1277
12158
6068
2065
23399
21968
9288
28410
24324
1840
11202
5370
2551
14531
25605
22653
199
32132
21103
11899
5474
3385
1790
260
31586
14246
4791
23581
4494
6144
15688
23754
25764
7332
15852
5740
20310
14089
31631
25165
23442
18419
6195
19834
18694
7146
19346
6353
23780
3051
20740
32602
24290
5725
27812
14043
26502
1094
19374
24230
25504
28351
17452
20662
28952
14502
14290
2298
30953
20626
7718
5873
10862
20236
31204
19831
15325
17660
15776
9439
5137
20065
25517
833
16780
15685
15678
24341
25276
28913
15563
28673
25469
11613
16310
25072
13280
1770
6959
15972
23594
13907
28757
13
4640
26849
2973
1178
13186
24799
21368
20687
18902
31310
2608
23256
31590
26586
26387
20189
3468
15372
19156
470
23597
4800
4910
1697
27268
28378
20938
6481
28961
8245
27235
21706
3377
17884
23592
26251
29951
16509
14946
13514
21947
10522
6230
10950
15995
8194
27757
8025
15487
2048
11922
2508
3257
466
13788
30960
1676
15324
6509
106
9173
27166
6298
4175
18984
31332
20044
27377
14684
22716
13221
11512
17225
22573
13799
7092
12496
5030
25490
11697
30748
23349
29901
396
10280
377
13063
14086
11649
7514
990
24151
21582
5111
6976
29125
11149
32480
6352
3444
11679
17030
5259
22912
20999
26864
24235
23113
27759
5295
30411
6926
31979
8211
32333
26302
21890
15519
10745
778
14571
9915
30438
8639
22164
16809
9886
31827
18409
12218
18045
19901
29394
15042
18010
7818
30077
8393
25194
5934
32607
6403
25696
19608
15221
9475
32729
15113
12240
555
19960
25381
13904
20327
11341
15691
29360
15131
764
30498
27074
19801
13851
12148
7676
8792
18011
9280
21812
10529
25835
1802
27560
14988
32409
27510
22593
7275
571
1045
17945
17669
26189
8575
26426
29382
12763
10146
25769
27700
3234
27993
4003
31781
6770
14913
14374
32303
9686
22216
19635
3937
24055
25222
10067
14128
11198
25809
11224
7348
25145
19339
7013
7189
20032
19519
16688
20544
26968
23404
23687
25822
13271
11809
27665
17542
31305
31178
15959
30513
2579
26186
27522
17647
6486
26186
7270
28889
26134
27088
17088
8263
20636
7955
9916
16963
29976
13710
28091
2877
2187
22355
32338
22784
31972
19618
26006
4836
12393
32186
8599
23109
11353
18159
29994
7989
14032
21245
10476
28014
15338
28572
23939
1418
21035
4180
21287
5751
24095
29587
19042
11045
6461
7677
25107
8321
17
8195
5817
14247
27547
22967
18158
6227
23026
12510
24882
22425
10796
27975
7914
22231
20354
12124
28840
3815
16304
13559
32685
7065
8347
24695
26797
7008
31030
13842
5074
14155
27046
17261
19971
26423
11941
9577
1893
17988
29732
8256
23330
2949
15156
32210
17514
31484
22310
9785
9400
25285
17905
9891
32599
30865
26581
6753
3620
11094
23102
10811
5013
15685
31211
5639
3578
14845
20559
31866
12291
7422
28728
21821
17027
15456
1454
20803
21363
19397
7454
5467
22074
2956
26040
769
6444
30791
29461
890
13392
3695
16925
2336
21862
30295
1320
15098
3368
11359
31587
32399
465
31082
22390
21500
10972
20370
31075
14405
31246
24346
32689
489
5558
30627
29643
27577
2100
2467
5539
16873
2232
23572
2714
25960
16716
19049
29604
6509
13845
7878
11943
20307
12757
23664
18213
25766
23477
3715
23067
1918
23106
28387
28969
13579
10165
31092
6386
1650
31607
16270
14022
16343
27876
4011
24959
21947
13136
17763
16808
23689
10055
21915
15589
5739
26905
27385
28814
4962
20630
9883
16286
6038
2583
22792
30668
15339
1214
18278
20983
31956
5630
20718
20935
11116
30301
2206
18578
29891
31608
5933
32636
29557
13128
31044
19683
32642
17573
28139
6394
12377
14600
10562
5555
17718
5013
8049
11747
26542
22873
31713
28577
31881
28368
6317
30190
30415
28330
2643
5532
24869
24014
5040
20840
4442
24736
5675
22890
14910
21887
21040
6575
20403
30866
3040
7204
28934
29893
26630
16821
19839
1550
5453
5815
14134
4341
5553
18051
22569
21331
15412
29284
15756
4698
13010
28596
11616
27093
7350
12609
31303
8369
10414
24566
18839
9917
10205
26295
32685
8110
31920
30092
18052
8038
30227
16386
25222
31606
27364
31438
18849
21985
10663
23732
12446
17699
4220
9895
686
15729
24911
30514
30534
8003
9807
27926
14893
3856
15009
23861
22996
31320
19285
8110
28645
28136
25753
14410
14366
8538
24364
24087
2400
23515
16918
9810
25859
5681
27799
22154
4205
32252
7261
8707
27875
15931
9209
22105
414
12563
26004
15205
27682
24268
26078
10852
10955
28189
2888
8278
30121
27049
23923
20389
6542
32457
22760
29959
2404
6540
11017
29605
6596
508
27208
31869
6853
24227
7830
17669
17426
16462
11806
4369
10048
6929
564
5110
7262
20619
30856
27888
23757
12139
29856
17089
16466
3123
9605
17051
20585
22333
21436
1600
9692
21499
19319
9576
17557
21890
14093
30307
27056
9290
32168
16895
32725
28975
31293
28332
11717
31164
7874
26334
13106
16809
22427
16051
2004
1442
17237
23766
28857
19275
4758
10915
32733
12928
9300
3980
12794
27617
12870
15291
7841
30862
8600
1528
28298
5935
19427
24782
3113
568
21596
10985
17025
25451
23884
24259
15933
8350
12736
25984
9469
26046
14209
4374
14062
4116
15686
432
11933
24263
31017
31317
21261
3234
19288
26820
28679
14104
6413
9379
10417
13957
21440
10713
22626
19383
155
21049
30133
18093
21550
21088
11228
2718
13924
32224
7735
4926
17077
5790
2597
24380
6302
11128
15131
25615
4174
18987
1267
28402
10147
2164
14470
5933
15188
10358
18044
9623
24688
23644
1123
5465
29191
27967
18431
4596
10022
18762
19681
5766
17673
15644
6203
4681
16781
23661
20211
13916
27108
24053
12790
20678
24972
28297
13519
22712
3458
16264
25208
4114
16307
21621
1136
24105
14003
21477
16397
18375
17841
24476
7700
10356
14507
14323
12423
4340
18654
11901
19134
28433
13697
11241
32697
25243
21682
19754
23221
25516
12465
23510
1533
7728
1356
9676
21507
9893
12698
30746
24239
27680
29164
16670
12535
2961
30209
7659
11952
26695
10105
22253
11940
11703
13452
4049
31460
7801
13052
11935
11104
21651
28488
15913
3764
22266
15395
20393
5445
10326
22052
8102
29325
13062
12223
535
26803
13924
14708
22987
29279
6474
31302
7944
16076
17877
3183
14707
13343
29288
21074
12591
27639
31732
30641
31561
24133
13687
4896
25940
11870
20675
31674
25680
20046
17537
10002
19153
27759
21365
9069
10845
24379
6404
558
25621
863
16115
18065
11415
16400
16497
11420
1828
9634
24152
23635
31742
23127
10416
23852
3604
18805
16757
24002
13281
18587
15513
9165
22418
10068
16717
14418
8807
23789
20605
9239
5979
18564
21657
20570
16647
14178
24219
24514
30404
9611
13382
5014
32016
27794
5035
4397
1331
21682
20466
7078
20514
15387
11095
5593
30883
18570
4723
24716
10418
22300
7357
26859
15907
7780
30288
31538
8842
14011
5871
11693
23128
31959
27206
30690
3910
672
19826
18957
6647
574
1476
14540
20184
1911
5314
4380
4684
17208
3439
26756
30726
15729
20173
32144
29109
22822
18335
31873
20711
24260
10099
31811
8231
177
8416
18335
5993
3622
8461
18098
12201
18497
8306
7326
6606
3414
28899
19839
7380
20103
11466
161
7978
916
11188
13040
24409
4340
8207
28079
8167
21540
16945
21869
19067
19007
11421
9525
20033
1231
19842
27142
15760
24802
4485
4738
28363
13409
11200
9962
9349
26014
7947
15690
232
8492
27770
32241
18519
8691
2855
19492
14162
16259
3377
26388
28570
13993
5636
5901
16534
24640
1499
15087
20214
19018
32388
18914
24470
26432
9571
7494
18853
18342
18106
5865
21510
4577
15912
30589
502
11341
18543
31049
4848
19851
8826
798
14797
26392
6558
1933
20272
7716
28960
25687
801
18081
16631
22053
20984
5274
12756
21625
16509
30662
14944
27109
9037
21853
16836
23675
30080
5162
19311
14980
648
12002
4115
8053
26460
16564
10225
17694
11991
16417
10839
13605
3418
23566
26215
11955
32697
12055
6425
5229
20821
15655
17540
30374
19845
28485
3161
3538
8251
433
15280
14654
10724
6192
22535
22015
19087
27812
25991
553
26706
19423
16522
8257
13545
21689
12379
12020
30369
11616
5948
18696
22645
8944
25518
24980
1398
26436
9964
4204
4976
24843
29881
736
202
16926
28763
25766
18862
22545
10984
21780
22634
19207
14016
15506
21782
16075
5211
5712
6263
2589
23621
564
17956
30794
19046
13079
20967
18688
3719
3376
29798
25183
1554
2256
21251
26963
17177
11600
24320
13346
1178
14408
12263
19265
1026
17666
23849
27756
15343
2095
6917
17397
3130
29656
7851
20573
24373
22423
3490
9249
13361
20742
31847
31190
13124
8312
16471
20088
11849
13799
6350
30208
13095
2606
29585
24116
4951
6264
20585
29635
1184
3065
2065
23953
16165
30172
31314
592
15522
8060
26477
3152
31987
19670
30905
24472
29654
831
15501
13877
1009
10322
6496
22226
11031
3373
31791
6537
17351
14813
17952
12025
32757
3350
15716
23961
269
1063
1377
10571
12598
16174
25105
6453
16852
5512
19109
4044
29520
20108
3951
26929
2587
21113
5886
21441
5360
26540
30347
5864
26714
20503
27028
15413
29559
23278
27846
20148
20987
16035
32
9336
16247
20245
21590
26231
20444
25605
26483
19099
4411
969
21699
13333
31438
9796
23536
11765
19772
9237
25451
29687
18457
9743
31245
32160
22700
10473
7167
16266
9718
26935
16087
5885
7663
19353
26883
5054
26643
5427
22635
5164
24861
2141
31826
26504
1043
14747
18045
27285
25730
12495
6040
21089
7691
10925
19157
6498
23838
3696
9430
17092
25862
27595
10701
26626
14118
5411
7906
17588
16258
10747
15061
13480
10881
9648
18916
22579
18417
18022
18671
21193
8011
24642
15322
22476
6456
28890
17203
31138
25173
1769
13588
28426
27443
21064
15691
17072
10659
28697
18617
8447
32560
18245
16376
14390
26860
2346
21825
24254
23664
10893
27020
29627
30238
26838
19704
11745
23721
12156
24174
19592
32216
29118
20097
24323
2182
19604
2457
5678
18414
1253
3409
21575
17445
13818
11549
28415
19432
17459
2608
22480
19352
26616
17053
7824
5507
25843
7100
583
32613
16764
11215
1086
31023
4693
18149
12632
262
11928
13055
5541
6287
24557
26482
3637
8042
25344
23436
27946
14076
19507
10362
9233
4978
9360
617
26739
24066
21249
19692
1702
3188
9667
20126
22249
20962
4120
18440
2225
3260
28732
29125
14397
22030
29083
9699
624
5638
24385
14477
2784
16817
31378
17383
10283
9733
10811
27450
10890
25636
5480
22865
28840
735
32568
32291
16052
14713
30317
20402
2996
22446
11625
4658
14621
28404
3670
27502
26785
8449
24484
17768
25673
14221
3256
17471
19651
26969
26338
21334
509
28784
29328
3507
31219
21933
5314
1445
31173
5501
13502
12202
25868
486
9733
29839
5998
1481
28293
11993
31856
11620
15632
5988
22924
6170
9229
25930
32388
14199
27758
9478
20469
32623
5346
2778
24623
27622
20811
17518
2628
32630
7794
3513
17247
8044
15865
3364
5719
28947
11922
15085
32132
7222
29807
22474
3794
5856
17914
14032
11795
24166
28869
24210
14746
16807
2756
17805
25861
8339
17338
11716
13914
17642
27377
25511
22870
14406
32046
25657
15617
15196
20196
11890
12166
17023
9896
17378
27714
7014
23525
7320
20507
8238
19921
4674
10259
7074
18079
1686
19996
17083
7927
18672
2095
26467
13731
32572
23960
18558
3979
5654
22164
9003
13283
31792
23069
26951
6307
11508
7685
16692
13111
20075
23874
13016
376
26206
18569
9704
7900
27323
25886
5478
14825
12601
19946
7272
32240
575
2766
16412
17655
21251
29239
6921
9719
27375
18674
19863
13128
30792
5186
22482
32089
22545
21040
16491
11684
5421
3107
11519
19937
25285
30640
20380
3962
5609
6579
19842
10048
25210
8095
806
4444
24391
25362
18813
20872
5494
19373
8310
895
7974
802
25289
20401
6482
12174
26351
6204
27896
10250
12657
29208
13179
22396
7270
16017
14919
16820
6199
30971
27059
24244
27046
3233
4907
16462
2319
18174
27278
13813
1773
14896
11989
25293
6559
9129
17910
31236
14445
11048
20487
5477
26566
3559
30119
23082
6859
2582
30106
24594
19986
7817
13747
3764
16291
29358
23287
25875
26695
31425
11519
24434
6659
11331
18590
28522
26591
22184
26052
14905
15083
29776
13474
4445
14468
1976
5647
22882
24020
22770
13099
21240
29848
10066
14402
31304
17702
9067
14067
28808
10670
17721
29585
9165
26304
21152
8649
10529
27918
10773
21637
31958
26740
9628
9489
7450
16437
10738
21884
13003
27784
13835
29250
15500
17747
1727
14119
28696
11830
8896
15206
17878
17355
25295
10507
25262
28204
18991
926
21532
31926
17242
16897
21122
12045
5364
16283
32195
20320
8957
18615
18445
16879
20554
17958
758
11722
5174
19500
17099
8923
6293
4250
3108
24870
29673
3127
32700
9552
21465
19300
30848
7774
11230
12800
20454
28864
15424
13962
15488
27278
1345
22661
32465
19729
31383
22049
20575
20357
2848
25879
18697
16157
20690
29397
11931
24648
31985
12251
25248
30003
21636
27237
25208
3471
20745
31818
3498
916
14696
20516
9851
19014
18214
16817
16575
28919
11227
23929
4847
13
2790
17329
23932
4869
15199
12896
23651
21432
26189
31424
30466
15069
21785
26087
8745
14800
1091
19622
10357
12690
20052
26290
19673
23312
17172
5377
31614
1192
32508
11127
31949
18665
5870
32194
24266
8858
27684
13187
2211
510
31847
10158
11400
18263
641
22323
3006
18089
31476
8926
16623
14528
24812
26747
1221
15732
14195
14143
8375
21292
13028
9059
1058
26529
5794
32018
12187
26085
6921
28293
27268
26019
28581
17773
30429
24488
11682
27537
14173
2978
20100
21176
31681
19240
31513
22473
26469
17915
18091
24881
9745
7052
10873
15493
25365
19902
21865
32616
13976
18668
9207
28592
32045
11566
21617
14020
19879
15576
19302
25672
303
5188
31836
1021
403
3794
19137
19170
20961
32044
30500
8096
1333
4303
27813
548
6095
8391
682
5774
24168
11193
1748
22346
32710
15143
9010
12924
11407
3056
29876
5794
2395
8214
26082
12917
32524
7620
8653
27663
25954
8080
13126
21331
15306
23037
9295
5002
25719
14916
12751
10314
5556
25172
26506
22940
30073
9751
14415
17245
4924
28151
26227
27621
13321
8865
20607
11751
9429
1544
30246
31128
1808
7597
18810
12564
19321
4639
8287
9213
20278
10173
23103
28261
20260
13507
3583
16110
9580
14469
21554
18479
1367
30709
397
24922
10595
17259
26011
6684
10134
18854
25010
17861
24594
7182
27686
16809
14826
18491
21436
31430
8756
10939
22370
30375
351
24336
26141
25480
6855
28921
6978
29626
2695
13043
19177
2121
21902
24062
12959
28381
16374
24228
8795
14046
23953
29496
12724
25051
4292
32604
21840
29485
27544
14533
26784
8919
9998
4419
32714
14257
9395
507
5607
19654
11893
7159
27503
1530
26805
482
10481
30704
10909
12044
6664
18218
12468
12213
5258
17010
23983
11911
24578
31865
32139
31588
12641
10431
16088
28514
3824
16306
22104
21012
12425
11802
200
9228
12295
5044
22270
29341
7675
21789
10292
6374
20129
1266
20132
4619
29458
26678
12885
16582
21178
6644
28212
20511
14605
4645
19302
4471
27510
5075
1757
31691
15248
18047
5417
12343
2457
32449
22673
10169
19236
31278
32099
28216
27149
4734
28808
3781
4018
11247
9307
5408
12384
25316
6076
18558
27404
15570
21343
905
4420
24668
20842
19881
27493
6333
832
6530
3341
10343
27031
19646
19923
12009
29393
29964
14902
9750
5001
20072
4308
14948
19820
32414
8157
658
6218
10761
5830
23182
24940
17825
8258
26005
5417
18997
22638
31644
26292
11508
29515
1519
19000
16690
10098
3864
21799
26473
12547
2562
30927
11646
223
5214
19246
17478
27671
14406
20999
28233
28580
28960
1077
19398
23640
30662
30016
10231
32532
6628
24366
11157
6460
8353
32411
6303
15720
2689
29964
29528
25692
7305
9601
15503
20027
3749
16201
8482
1015
22344
27418
17093
3340
23122
20065
32256
11630
32566
22743
20855
16319
29276
4181
19054
32710
5572
20201
6796
22813
25837
10025
15071
3625
20469
25287
16417
19279
20993
20326
17466
31333
18143
19884
2309
27239
17386
22169
14423
8044
30766
27415
25918
24280
22477
8658
12934
19410
5794
18249
17026
10233
13859
17446
21513
3154
10892
15818
12478
11909
23354
9517
20628
1610
596
10213
22162
26398
12209
14212
19156
25146
29430
6951
13779
1221
28927
16204
230
17993
26753
14308
16392
15204
27117
10410
18651
24768
18071
1970
15085
4676
31511
28229
23866
652
6383
27628
29939
18071
29551
4043
31102
18880
5078
7216
18878
15856
14522
6252
18068
23569
25770
13538
30374
2246
16401
13661
5983
12633
21085
21927
16183
29941
22113
23639
30004
28181
11768
20458
25008
12348
14572
533
31838
19943
4886
25946
23432
31423
32198
24794
2202
7700
30821
5738
32228
27015
19544
20200
12700
18438
4136
208
21026
14590
26080
9482
6024
27595
30903
19974
20050
12148
32239
13579
32634
2709
15613
12748
22968
3996
25322
20541
16384
16696
9465
30884
8523
6927
30346
24051
32154
4784
22078
9813
15416
9416
30300
519
14144
17048
17524
9321
8288
13222
5186
21333
8924
16307
29140
175
26326
13550
24303
8765
22988
7783
32688
15289
24674
16070
31343
20261
21858
9021
3816
10079
31233
25275
10397
12533
15204
23907
28790
21818
29026
4156
8619
2970
31372
20778
9699
5418
22890
1821
15518
5763
14088
12936
12752
977
28337
23061
26574
4903
1787
12183
14446
10518
15364
319
29034
29565
32506
19220
28678
9890
3809
31901
8179
4226
3728
18144
24946
30310
15357
1681
6845
28855
11451
7811
30882
14611
13249
22114
8817
7840
21613
4516
25880
5281
26313
29373
6541
3911
20748
16018
19052
8905
31332
5169
23778
6327
23282
19647
16585
28555
19734
6065
27668
30849
1006
10048
9582
1960
19225
278
25118
27193
29633
18254
15150
5928
4824
3483
15820
19962
29857
3783
6896
6102
26995
22112
31295
24286
20410
12974
29744
4032
32574
743
30573
31111
31144
13734
7548
24504
1090
2970
12958
29338
3838
29307
29943
8661
3258
3139
20208
32062
8386
13978
4314
6130
17814
9874
28116
8610
20718
27796
16366
10797
30972
29851
22414
17268
16113
22175
23059
30058
25282
2901
29625
14442
17452
22805
24764
27086
21750
3355
4545
28349
118
21747
28529
31044
11350
19503
359
9128
13976
4699
31820
22011
5336
32051
31552
10734
30929
15123
26748
16614
7715
31150
22838
16466
9556
25859
24773
26683
8212
4749
7942
30748
12997
11450
3582
22005
28474
29343
21185
11163
19647
24554
5522
28242
24922
4376
9547
1181
16465
14312
27136
32341
8684
13327
27359
4857
14460
9261
27482
23109
22172
768
25481
29446
19127
9431
22473
3116
5067
10570
21418
1057
21356
13609
3080
4697
8459
2226
27767
12075
8824
17927
5093
11743
3494
31711
1146
15624
30639
18555
2755
16660
5399
10460
8208
15649
20309
18483
19482
15890
21391
25497
18921
31714
32422
5632
29685
9529
19058
8297
15244
2365
8271
600
12147
5035
13528
30341
21968
20262
20722
10197
23879
25039
11277
12936
26980
14357
15270
17844
32313
20943
7184
30962
20296
25992
30325
10839
30115
19993
2072
30886
20817
30334
11996
11715
6644
14306
7946
11627
25257
24060
9807
15395
5424
17822
8196
12910
10317
18827
32434
28739
5485
29066
3798
9406
20877
6072
22241
15894
19800
30754
14467
5583
16527
24211
14121
11569
17582
26283
1989
3576
717
561
19917
9037
30916
14762
10630
7925
6546
23339
31618
16073
19712
2923
359
1638
4737
27932
12275
16677
19293
21116
28221
24654
28686
11559
5694
2440
13546
12335
24207
27028
25091
22638
4468
7995
25164
20251
13594
21125
19965
23196
2333
19500
29752
20891
32077
8528
10220
17500
1458
18284
21498
20558
28622
9353
6806
20960
7457
28594
1008
26773
18163
30119
20
347
12109
5590
16399
23321
25417
2950
10836
14727
29323
22358
28254
14914
16400
23782
31638
32
20519
2260
24438
10432
14268
4842
20207
16486
4316
12437
24328
10246
6262
19353
12489
8607
22879
4356
5207
30411
2201
27744
26464
28051
30421
17197
12985
32647
15158
1167
19270
1807
31576
24899
31259
22268
29841
16343
28640
28770
10871
16667
1914
19114
24226
26835
7144
25059
13747
16046
30058
32601
11668
31612
4585
28777
18690
5787
19603
8083
5193
18354
10438
17361
26447
20642
17455
6695
2260
9146
13363
23932
5880
14891
21133
28840
22782
11963
15673
28366
24143
28861
3473
5612
3778
9024
2743
16304
4122
31879
23346
23694
9425
14777
31196
9487
26644
31450
29179
30060
2830
6906
9902
1883
30569
22700
10635
32297
31506
25274
25734
30985
24893
7447
6932
8108
7338
12821
1681
23825
26406
17368
4575
15519
31316
21003
30801
7537
17837
10193
19399
12273
17862
26111
9754
29096
24785
32136
2490
6996
27751
11833
13717
13627
16517
23974
28731
17856
31700
23140
3648
20020
23853
24440
14306
2542
22108
27664
12780
9118
15396
17265
11739
21726
14212
10545
25918
9226
23609
11686
1123
13394
2180
7838
10287
23565
29229
28752
29518
30032
1224
12947
32397
7360
30007
26190
10371
21156
11888
18224
2167
12863
31617
23969
2174
13148
4817
27896
27364
10794
26280
4590
16077
31050
24305
9554
2076
10791
24639
14079
7828
24454
17423
13580
2109
22110
9805
4930
21258
26857
11289
1747
12728
18427
10186
10824
24569
24211
15923
7612
4562
5039
28966
30536
29250
24165
13111
6078
29988
24624
26818
14234
86
31112
31280
16437
12315
3253
23413
17724
15038
25316
11485
12897
14201
26491
22793
336
19604
11690
21556
3045
2257
29762
24764
20124
27656
7115
31965
12105
25359
17105
23999
7177
15068
31870
7091
5752
20206
21870
29625
32548
30441
6846
16967
13634
30592
5990
6981
24224
31383
15305
9052
27611
21161
25483
3696
11474
3432
11683
26475
2394
6564
6833
1341
12852
1134
26001
20769
24124
4477
18992
16929
26594
13009
11934
12764
24286
9109
25189
28295
25120
10826
26650
11826
22022
17954
32049
18252
19154
19370
21525
21098
10075
13484
13433
6468
27651
10068
30184
30464
8680
30865
2212
3508
19039
11710
173
29990
25246
16770
22304
18134
20408
12277
21954
11070
18127
3588
24797
19544
1412
12310
4939
20833
28339
9200
24784
18397
24414
469
12973
7643
20454
22770
12913
4474
5505
15098
14099
14764
22504
11022
2110
3130
3920
29663
27628
1288
7836
10518
12854
21147
24017
22516
13162
11224
10442
11061
29791
13070
17965
1595
25861
2615
15005
23400
27968
31867
23601
16844
15351
24822
14885
3584
3176
6843
11472
29265
21950
23065
8662
27169
6373
797
30879
29835
16541
23895
776
25158
18381
28897
32344
15052
6682
13470
6261
31931
25273
29120
21848
15739
15745
141
26814
27681
32325
16994
22560
15251
608
31992
30950
30701
16529
31462
7896
19236
2826
5479
3797
13546
14275
2910
2503
14801
8980
18839
982
3506
16515
2128
23516
15696
11739
25080
10009
6969
31870
18230
25897
29677
9467
29741
12338
19778
22755
19199
15714
13575
9945
14223
16793
25320
9449
140
3682
12689
5403
10667
31528
13079
14407
19251
28327
25747
17194
703
7328
17680
10682
24895
19409
21415
13495
31297
14372
14568
5507
30831
25895
8060
27699
23384
29884
9
29670
17011
22034
25686
18773
26976
24787
26032
32684
14706
12447
27276
30617
5227
21690
26477
11426
15494
10241
9992
27835
32187
25891
23974
11800
31806
19213
3019
30528
19529
26022
29717
3427
14107
20157
10342
23789
20801
31551
29254
20571
17940
26798
6786
2381
31875
16078
21529
12253
30994
14754
20057
19504
8483
28566
12870
24138
17268
18430
3899
10279
2538
13759
31444
24071
14477
2636
26634
12553
24019
29909
31136
26619
22561
443
21439
31345
21647
11846
12509
25108
10988
25754
15843
5693
15106
29671
398
26051
12058
22753
21269
8977
18371
27248
9229
22139
5328
16040
8586
27346
16288
23547
28808
2101
19106
2733
2441
4395
27159
23177
30591
30191
23066
12499
32235
21003
21982
29309
27207
2088
5176
7837
5282
20517
27997
27935
21386
27494
3564
17847
26414
29551
23343
8986
8132
30385
27806
13934
17193
22435
16036
24319
30151
8725
678
18995
10940
19138
12354
20416
24377
3364
15316
24092
9511
23436
5695
2870
16657
5489
23018
7523
24382
30728
18696
8347
9245
32022
285
23525
7143
7171
1981
15120
19839
8495
5271
164
29853
3977
15539
21528
10027
16477
25336
69
27119
13677
4593
30235
30827
20804
8913
26515
17409
27079
21940
3812
28251
26893
16167
30202
17162
28784
12011
21028
29805
12772
29686
18445
8149
29576
8635
11245
23782
29051
15019
4608
23617
4593
25596
17208
22880
8070
1705
27183
25536
32210
442
3167
17222
3133
20933
9109
31708
11028
20917
27555
13403
5853
30922
14421
1197
3560
14817
26535
28467
29735
26614
17461
2404
26943
17383
27635
6071
1247
6010
3870
8387
11601
418
7027
15269
15439
22526
10142
7587
26135
16803
13045
11023
5826
28443
3430
3949
14801
5037
31662
8408
8201
991
27596
4769
30593
7482
19894
15162
2553
23373
25674
29010
13677
15861
8839
17474
21226
25819
26877
5032
32673
1085
14210
19025
31802
5874
10023
16477
5738
29096
16491
2205
20680
7025
430
11584
15580
3966
10728
8111
15225
19497
7066
24501
5965
21305
27653
7651
11703
32610
29339
23859
6616
21260
27827
22507
5613
9302
2432
11204
1756
19033
29252
4428
26124
12209
8897
8841
32122
28218
9712
29919
10762
22551
2806
2611
6171
4601
9812
23889
11869
8861
29534
3467
6887
7063
10734
28067
13956
16207
23641
31212
12878
18505
12706
31147
17279
13737
4078
20419
16771
16630
19256
16018
27218
24862
11334
8982
16636
32442
25564
27476
14981
15764
15919
19450
11508
32614
10908
31043
13479
997
27546
26395
1001
18942
750
21636
20679
5728
11806
9784
21791
17210
1831
21647
5369
15686
7538
28836
24346
20998
6917
1203
15319
13134
18935
21446
15912
21506
3622
15505
27389
545
10028
17306
10965
25090
20110
2205
31116
11998
1591
11054
18548
25743
11045
25248
18088
13975
8291
19750
925
30820
9783
14904
8186
23251
12700
29752
170
8946
22514
19798
14383
15882
8949
29617
6713
22237
24812
20670
11639
20524
17698
30702
28589
18556
27802
26763
8199
2842
6911
9955
941
4701
17370
28841
22679
32555
13320
4248
27299
10686
28522
5465
32484
12200
5854
28583
2365
8981
27246
15281
24623
16209
15304
14784
25328
18058
25838
14873
17853
27862
5935
37
30832
29816
5718
24783
23381
24415
13345
8238
13882
23023
8181
21092
9669
17156
24271
17350
29451
30004
32638
11325
2397
13653
24336
12779
32357
27199
4490
32530
24691
467
17116
28466
16145
10045
9235
6002
8669
11893
14545
11841
24984
22796
6394
5693
6010
22565
31409
4180
5832
12226
6275
22825
9385
24385
18401
13753
25142
29478
21460
13118
7376
25626
28652
7764
30902
26420
22394
30042
10710
4984
27902
23067
12004
157
28131
18093
17066
17172
3690
2458
30623
26949
4581
19774
12730
24092
13093
11888
29320
21700
28981
9829
11133
8626
5193
19408
2696
9446
32497
12110
29929
10605
8082
22274
9287
24107
5655
7548
6653
19415
25060
30688
23734
27719
11275
26436
13369
18158
451
6489
22406
13987
4886
31822
16673
15523
18905
18929
7598
1242
19681
19992
2238
32606
17268
27711
3049
13117
27902
10354
5149
11896
24837
14190
20789
14159
2911
23043
13261
8895
14499
1980
32085
29770
18141
11458
5733
10998
20102
32510
8016
24472
22451
11902
28412
6226
28556
29978
29681
30043
12800
18775
11183
6910
7095
14475
9285
31974
14408
11330
15391
28312
173
7905
5152
7489
32244
905
26609
22194
1078
25918
16536
16809
6605
329
13644
27474
24258
24794
11911
19981
2181
13810
24414
13682
17889
32640
26894
9106
7982
14539
23767
7040
9929
6159
4109
29969
3521
8299
30316
7647
28883
2810
30380
27540
29081
19265
27989
25445
28670
13001
20949
6876
30709
30732
12751
5595
14187
9366
30391
17886
4217
11876
10652
3712
7135
16528
10564
29505
12206
30512
1662
21126
15940
4731
31412
20961
8573
25901
11456
24467
9768
557
14336
27983
27576
28013
10669
18497
27708
21522
26728
12879
16530
4054
14870
8351
29911
31146
23534
17241
289
20383
24784
15022
14961
12806
18905
7449
20451
31702
3380
13028
10280
31311
32563
2799
13110
18397
20894
19629
1086
20031
7499
27503
18399
13288
10734
7909
27289
14502
26675
17633
900
17793
21002
4191
22338
13286
9538
10691
1842
4101
11354
9313
16614
23159
2452
27970
472
3364
14410
5925
17240
26468
14469
10181
8905
17764
6348
19034
23053
1740
21050
2914
7230
18590
10964
417
10911
30305
4633
2151
13778
30336
11226
28433
24395
30189
32075
16850
28420
5897
28763
4020
4466
1992
8513
20953
12729
17168
10839
22535
17436
355
25132
24164
5303
7358
16340
12413
28272
27585
22915
32141
11819
22543
12635
16893
5693
13304
17537
27175
30243
4950
4214
4703
31349
11188
677
2100
14613
32694
1592
28915
19884
22965
9264
14701
6743
22953
27061
13050
157
6732
2218
446
9893
12668
26245
16427
7333
4065
3422
31687
30366
977
13125
28464
11847
25456
19417
7517
24902
8732
22551
12838
16294
21768
26735
19463
16006
27430
1309
4897
25358
7243
28854
16769
14760
21390
30977
165
19820
6385
18953
16444
13275
15939
30576
27182
209
21316
12294
6108
14005
9483
20378
11433
1779
19621
17169
31161
30380
4351
29365
20217
15276
8197
9935
7519
26012
25356
6775
3699
10104
29293
12459
13582
21828
27763
32671
15201
27131
13176
9812
12858
10697
22346
8300
25987
13433
11732
3133
23051
7217
24314
5924
22666
21597
26564
1051
10719
3305
22719
142
26779
19891
21408
15211
3011
26176
3115
29305
3794
1454
20563
27114
23294
3817
23459
563
21948
32034
31196
24603
14470
27773
15584
23314
5596
6922
18894
9669
12169
30199
367
25839
551
1796
2001
10354
10725
22070
28465
31398
1160
5072
2590
31217
13488
7807
10460
12440
27229
14805
17927
7892
5297
2296
26232
11049
24824
8604
12397
27891
10981
19246
32227
1346
16926
15954
28231
31207
10492
30864
15182
18127
12427
30794
21794
6544
5593
29938
2494
27458
1133
26490
15259
27792
8725
30475
27532
30734
2021
7673
6630
32462
19580
6903
17125
9006
905
647
31307
30195
22158
1205
27210
2460
6884
15109
14756
20464
2304
4778
7441
30170
30964
9976
6113
12662
18488
8220
12258
13932
19627
27147
6276
17533
30933
22456
6459
1115
5487
1674
13093
9918
13349
5645
18925
31156
16282
2024
21487
26680
19629
23567
21917
6151
4347
15673
11297
6575
8868
20885
27460
24297
25939
952
21134
27432
18552
22490
7598
29298
15064
8515
13341
23151
30536
11264
31743
20928
3765
11994
21578
29073
21352
6537
31273
7538
2440
4900
23971
5474
225
15580
10616
28205
31715
3306
587
25593
2030
21958
16646
15131
10957
19866
11387
9007
2432
10742
30279
20583
27710
9157
32508
16163
17338
30592
9599
21954
5030
13729
9646
22712
26229
30555
19014
25825
11878
19336
30212
25622
14270
28643
18443
12285
4180
10871
24454
22309
2131
22359
654
14418
12348
32400
11342
26645
30762
1628
18021
5280
21594
21912
4491
23513
2794
31352
376
18349
3809
10618
4098
25767
3184
10392
19333
9921
2680
31426
9351
4218
17739
24459
16028
20520
9911
31523
18568
18320
32577
14981
8100
12724
25774
18417
17027
23276
22984
9117
22228
7992
9054
13480
18058
8917
28301
26191
14395
30990
11326
9571
26310
11605
17904
20986
7225
25234
4024
31078
21490
31931
7045
27747
18436
2213
20905
1428
28124
22042
29333
13361
9764
30763
26084
7930
9191
8135
31388
29551
20214
1165
31920
13634
9611
20447
17353
8717
24877
15928
8005
32065
25299
27327
17280
22622
10828
31004
7251
11114
23774
4490
10459
20892
7982
25389
17532
15960
18015
8359
293
32352
9342
10982
30421
22856
29726
24127
11358
10026
10047
13761
32105
11932
7541
14531
8634
7903
1350
26304
14773
31321
27859
5477
1057
1349
17851
29927
8493
3242
24636
11930
1712
6537
8603
20928
2485
25691
31174
670
8503
7355
23609
8150
17961
22879
16414
20976
5306
17484
27576
14650
4822
22346
3841
11730
16368
15510
29074
17921
20991
10200
14276
5834
17350
15188
789
25283
6233
19812
29133
11044
30685
8742
16865
22302
2447
28018
6935
25966
12040
12559
17515
23601
1215
19238
18609
27386
19407
18678
20093
29474
8442
20938
10048
27231
9454
15912
22963
19352
31176
12108
11129
2552
14807
15061
28160
14914
19362
32445
4776
26212
14124
12686
18983
16206
24694
723
13100
8452
19270
24525
23618
7410
19495
28776
7415
32385
19121
24685
2622
32231
30986
18681
2579
5443
9389
20014
19037
11241
1130
17704
7960
3066
10158
30259
2995
22073
27397
20283
31671
26649
5597
6788
28330
26651
1421
3483
6963
27734
2454
17548
19839
28503
21800
32085
1250
1836
10728
10139
5314
4796
8176
7324
19633
20826
12055
4965
27609
6297
23923
9540
25501
7265
14109
30337
11645
32066
29492
22345
14394
4361
27173
28907
12347
6545
16681
21319
10032
24028
28431
30338
24309
22882
32315
1279
15289
30121
12271
395
8543
534
25801
7640
16420
24067
28301
21805
5251
2322
12069
8027
7766
3520
10470
20467
4925
31293
25621
30134
4163
23419
19882
20045
3775
28292
29523
8763
8313
31762
16572
7439
14094
4697
8718
30174
31382
4392
12214
31728
29571
15408
18279
23482
3020
18339
13922
12300
11084
4866
22773
13196
29541
1584
21313
9827
24040
17610
18241
15414
17209
11195
11272
9816
2990
19722
10826
3646
4153
24055
8734
5171
28231
19271
15874
9804
21223
26588
14112
17311
303
27016
11984
32688
6107
10275
16733
23084
23096
21211
13836
16090
65
4044
28762
16846
20999
14801
1670
27616
4694
12441
8527
11100
31893
28413
2303
15611
23022
23440
936
8466
29103
1912
26798
28938
22768
20349
3461
10512
25975
4960
28604
14861
18392
30574
16443
30681
4320
25684
13257
14252
9780
14645
15569
13013
27190
25594
4709
430
6952
21482
10371
17103
11668
31354
32151
17026
9707
20070
24898
13943
13676
1280
6234
25017
7751
30152
562
13537
8963
23614
8987
16010
1309
27636
14378
4
22258
27367
14396
31309
9438
17935
26168
1852
14758
21557
22676
21248
531
15109
6683
2505
21472
10852
18413
3525
7127
25092
20679
18766
14134
13621
14724
29026
31831
254
2788
19539
13968
18540
19597
20671
6489
27434
12623
12483
28332
10834
22700
9580
1202
28547
18840
3694
7835
2612
2685
14873
27853
22343
31362
27016
20546
1761
20493
25884
27947
29818
24710
13609
20698
17712
5471
21230
11998
16481
12881
26059
31088
5752
20712
24750
22798
2567
13633
5071
18277
12055
24595
1693
20852
13500
492
11767
17647
27884
13245
21152
19681
1680
6297
15341
16790
11740
19642
29377
12216
1756
17861
12475
23224
13904
2126
20398
15983
27834
22175
19794
21510
10165
15541
14137
7699
7560
7564
4868
16388
1787
9629
5846
9409
15210
18084
17929
30861
21271
8358
17952
31277
17348
31795
32765
26445
11138
14825
24917
2079
15812
23353
21088
7749
1719
2158
13269
15089
30934
14314
30997
16459
30905
23219
12966
4627
23341
12847
7396
14727
2442
13100
1779
135
16449
6691
9720
18423
7093
5310
10377
7525
26444
9367
7778
21483
25285
8003
2137
9303
29132
28559
9364
6282
27083
31753
19193
17950
29188
22211
28134
7244
10717
6739
4898
18700
2426
6174
22804
31101
12433
15319
23603
31112
6010
18498
4286
30400
22150
20798
25773
27277
30610
5890
15847
28554
1500
9895
10421
1579
20501
25575
19063
3235
4279
24612
27798
28165
28824
8875
13241
19625
6080
17979
22332
11217
16503
4033
27870
23692
163
25190
7353
12763
15697
13515
20856
16403
31890
27539
14532
11138
2440
15651
10239
19029
7872
677
14645
7609
2754
6739
13391
26177
743
16114
6282
22408
6251
30876
23080
12055
963
2755
10342
12937
14897
883
20397
22765
405
20439
3084
9067
30342
31231
24550
26923
14497
29664
17128
6770
12577
5021
15678
16142
10161
9477
17159
13301
6526
13404
25606
27689
1679
30302
9114
14558
10585
29057
3312
23775
19598
19579
22391
28462
13111
26116
12180
20714
18178
6621
30616
14966
221
22289
5359
9176
16323
27515
7577
3167
470
10376
31199
25993
13231
17726
20030
9507
2546
8573
16808
17074
6437
20101
29676
9234
8130
185
14450
15709
13962
20131
26923
26639
23325
24887
26056
13671
2248
31068
4906
16400
21406
28328
28442
16640
14794
2923
3131
27553
7971
27120
2620
21806
9985
14079
24146
27488
24655
32166
32742
15947
30690
24634
19851
8578
25865
25240
15922
26754
17510
10672
12961
16974
21756
21573
31521
30806
19336
20718
25975
5277
28693
21857
26390
13083
14795
23280
14227
609
23816
17492
28505
14203
32690
4266
32414
31002
1995
16315
4246
1523
14405
19328
12006
6754
4120
23270
14683
22867
8083
4558
1500
15458
18415
8792
15517
20289
6442
865
17558
14938
16915
28746
21556
24758
18081
5627
31310
5406
28808
4392
13146
10880
11790
8659
24289
25492
21275
14355
10544
1470
28816
15891
15697
4919
13786
17245
21305
28776
4295
27993
28227
30870
32664
20752
24541
17860
18775
6710
25217
12245
4203
9064
24808
18162
29545
25522
15738
19755
12333
21844
11784
29537
32042
14790
32701
23907
3326
24313
22354
12631
28745
18912
16770
13916
18880
27183
10174
18029
2173
15203
32033
6024
7321
30466
14246
8208
23037
15396
27033
6769
32117
20530
3915
27650
2055
23790
25866
29487
25730
20403
22864
215
2905
15870
28475
243
6322
29486
9533
5753
2235
2952
13333
11904
3645
16510
14846
20132
14195
18993
9766
8876
21788
31284
30817
3434
22479
29587
10527
16611
6031
9236
19868
8624
14751
25276
19542
31140
10391
22421
13764
15791
21176
4271
5445
27394
8829
26725
20055
16244
25970
8417
23049
20773
5449
22755
30899
18785
14123
15805
11236
18119
17740
7843
3228
10922
22210
17697
20923
21943
31127
14061
6842
6104
29469
17631
21145
22361
23169
2878
16152
13130
16803
18237
4138
9508
24613
9669
935
26031
29891
28533
28993
6434
20706
13800
21177
1676
17003
26166
7251
24180
20441
25789
31111
21692
31377
5665
16889
4556
31602
31121
15019
16108
11694
14412
30577
12784
7128
20068
28838
31771
25406
12482
8478
24638
24952
5227
16475
29728
24641
15106
27908
28962
13190
26765
23442
30755
32189
26236
23885
19618
3704
14311
21367
19234
3898
25367
25287
7891
29321
29768
31513
31342
22852
7597
1891
22625
25143
6325
23019
1580
6125
11405
10423
32523
28869
32230
11845
22997
5448
3064
17021
20004
24762
32454
32740
5302
20463
10916
18706
10003
21089
27895
16998
8816
12671
17981
5112
20948
583
21837
1999
9081
21782
6111
22613
3445
6079
5198
17159
9625
24027
20637
13169
28826
865
15033
6746
11374
23927
26109
17724
6649
28039
16891
18935
2537
19092
11898
23237
12511
13519
4283
5745
1743
1893
19969
10436
13737
31900
20303
20289
23353
30750
29300
5650
8780
19348
3141
24897
30484
10615
24618
5675
23245
14883
12508
31026
6817
1838
20076
5043
28105
12535
17800
13880
16118
8834
5114
27374
9455
14211
1649
27737
20091
2232
9092
29766
25985
21116
18420
30465
11630
10650
22577
7881
24791
29279
11040
7041
4704
19955
4636
6824
5340
29161
8763
31627
11957
7700
8914
5049
7310
9372
17723
6072
10024
14418
2517
31734
20610
30017
30285
25090
23621
22405
284
26108
14174
5217
22097
24651
749
2443
22929
28557
18014
14026
2396
24276
3285
30147
10129
15375
29136
25616
19253
12998
24840
13203
16240
32523
3480
21770
21464
3245
25696
12515
499
5806
32172
25169
3062
23287
21009
10399
30931
13899
13976
709
4467
15482
25631
10553
17216
8407
3579
23047
3047
747
19426
11044
21084
29547
23305
22271
20766
17768
31369
14170
30140
32710
26375
25176
22936
751
14740
7639
14315
14024
11730
7423
1289
21733
4952
15387
2791
8953
28248
11944
11994
12688
2943
21420
17569
29440
2845
9290
4774
16028
10118
28818
27521
5164
15032
24222
190
13210
18238
24538
21216
23790
2132
4259
25253
19580
19787
13844
1932
18268
9263
19996
3989
19483
6056
26068
3144
15280
1054
10768
28920
3762
18464
26165
26185
27336
21511
25930
30448
11360
23766
26961
31162
14500
13925
11479
23760
11177
6335
8906
13881
14058
21704
26763
15776
17398
15395
7748
4952
12133
16466
6524
30877
12304
3359
9704
23837
16002
8763
18564
26039
4265
12326
14563
20610
32209
15438
1219
23057
24276
20603
4581
2037
16010
14698
29212
31876
28295
6328
15779
14297
21510
19971
26547
27164
288
31563
16725
15108
28226
10398
7798
10905
26589
19188
20793
28479
1119
12888
28561
29936
13923
9032
5902
25033
20260
8031
8951
17352
1336
8497
2202
19412
21371
20343
19936
14845
17481
27500
20004
24326
31984
32374
16709
22304
7524
2825
14586
25081
18485
17608
2150
31733
26303
5102
18925
7355
32161
26605
30533
16116
9584
7509
18384
5455
31660
31478
18729
4297
8178
2633
26109
7211
4468
20236
20252
12500
167
8749
31439
10424
26939
13289
11885
29097
2128
31029
17961
1494
743
2141
12078
19857
20630
10475
18414
20053
16001
6858
6838
19207
7813
22699
9862
14716
30390
22952
10785
12604
17676
5671
9568
14213
11097
21506
1227
3219
6014
32229
11114
24095
15327
2551
20185
806
27668
13244
22939
9451
12770
3386
18352
31039
11881
11098
12650
29184
7070
29074
30844
1504
508
16577
19284
30311
30327
3418
29355
14140
29874
8389
7514
23200
10609
2562
7791
10043
16721
400
20864
15131
4023
17549
6463
24570
8710
11038
11343
29887
4885
32273
9302
4168
13024
20417
852
16743
22141
23610
9011
4138
25682
13470
17311
9312
28806
14792
10775
13656
32181
10798
2116
9964
13800
18188
7306
30654
12228
21695
16606
25794
5121
31342
23511
26109
14110
17648
26631
26764
31571
20714
1419
27111
3784
24632
18913
22631
23044
24207
16890
23814
12968
6496
23184
29287
9821
12031
8890
27926
29195
30980
7358
22800
31052
30194
4390
20614
21024
30230
6166
12254
14562
4018
19676
19195
122
7771
24521
1982
21205
20896
31295
460
21906
3820
10508
7058
1790
10926
16630
8327
26435
15542
29079
23729
16860
5090
31340
19819
11084
3323
13864
20325
1808
20698
28750
28140
10706
15823
14590
14188
27615
67
11023
15155
16347
7835
22623
5239
8628
31840
20583
9883
29140
6301
29971
28334
4251
2953
4560
3637
19980
1894
26854
29482
454
24745
11016
16708
24374
24923
3369
24697
23052
27583
28818
21698
12011
12341
20786
17182
25701
31326
28213
18393
22566
22913
24792
526
11375
10286
5499
30827
10695
14113
23287
15156
26861
8040
31795
26506
22800
32713
6130
28654
30274
10590
10991
19969
17451
32642
44
397
24826
3825
31623
201
17569
8234
29326
32217
66
18712
1940
9621
4580
16882
15109
15243
8299
352
9974
14151
13255
25567
6400
18130
15723
25190
32335
23160
1281
7242
22006
7630
19804
14431
7557
500
17838
24928
27614
15640
6907
24976
11844
25403
15821
8610
15285
31800
12330
3798
12922
15106
28611
11366
21500
14893
20590
21536
21209
25008
23254
27220
18231
23017
881
2288
15705
12257
19891
26090
4720
3794
12162
30942
5043
13030
18665
9209
5041
31042
17424
25621
27110
12611
29036
19493
4237
4871
29747
20436
21686
32560
4883
8553
19608
27620
291
9966
2088
8984
13082
19089
12267
13839
5311
10826
1544
18973
12960
27326
32161
8881
11271
12644
23651
3219
298
2534
6748
3689
4514
15050
29709
640
24350
19793
25281
32201
26713
19615
28445
10274
12361
29
4599
27095
17818
9500
5996
4713
24154
27579
14380
23694
23542
15114
23833
29560
19301
111
16657
23898
13731
3657
25863
28457
21601
19924
2649
11680
32507
18509
10077
16262
25514
19286
2621
21811
24827
11419
7686
10577
4991
28854
1531
32480
27588
22864
815
16508
24709
7817
22611
9443
4382
22426
8140
31922
27714
22201
18441
3439
12016
31806
10771
7628
20387
17667
28261
5930
10698
6160
13311
24669
32119
6008
11702
21935
5979
30846
10702
551
13554
9980
14282
32267
30971
14342
24707
5795
1067
28618
9336
9024
1570
24250
13413
11133
23198
23022
6167
17093
1775
21187
14206
15637
11179
20937
31236
8451
16034
6364
28701
31488
8468
12432
15135
30170
26146
25811
10069
23685
23939
29901
11342
26906
13944
31243
18299
1312
20226
19165
25850
24331
850
23548
19116
30978
4481
25968
14733
5349
25985
20145
14661
8591
24916
9741
16890
3416
30075
10057
14441
8670
7602
5515
28725
19718
5594
27768
10366
31549
23351
11417
14006
26372
19931
18179
21424
427
1634
27703
16122
22876
13280
16967
11373
8284
5656
17978
12290
14734
26607
23730
7144
28217
20000
21964
1235
12554
7728
26696
24726
4701
4517
26602
29428
18872
14707
15135
31923
30872
17847
21476
24819
2673
30119
12260
13502
22000
17353
9184
27872
25475
8804
30292
7673
32027
23605
3416
720
27441
28002
13252
15594
775
26804
14743
860
27184
15616
29594
13277
13138
28390
24128
31263
14379
6846
26577
352
21714
21200
9671
25660
26687
11715
31097
20165
15886
6489
26614
1749
17792
17753
10548
20131
14787
15052
12906
21909
8051
29547
16314
11093
15200
1369
8467
26919
26258
14094
20054
1402
25482
3987
1719
1468
6347
14069
32615
627
21657
15092
25968
12682
32257
3067
14048
27368
22297
18005
14121
23368
13449
7069
712
22852
20042
28790
1573
4274
3502
637
23482
30772
31905
10876
21880
17675
14894
3809
13670
20780
6213
23150
22924
10134
18107
19249
24335
10978
12178
11703
157
2588
26747
6269
13323
30673
23961
31655
19261
22377
6536
22772
7239
21687
20126
14322
29905
6607
1392
10862
23744
5912
5272
29999
27667
4514
17846
12516
14346
27577
19381
30554
7054
23482
28240
28914
24269
1317
3796
22099
549
10228
27175
14940
12355
23083
15369
12380
7052
32689
10138
8838
19131
29790
2332
27807
6348
7253
5371
3834
27674
20116
26634
3494
26820
19913
27920
20454
8788
17255
15235
5089
4259
28922
21395
19099
19447
3000
23403
28708
21615
30296
16819
13328
26785
19751
26969
1574
12161
30808
17041
23389
14725
14491
29978
16132
7430
25074
32707
1088
12778
14528
28975
11195
12416
9507
7637
20891
14251
12420
30538
14257
32323
365
26819
16371
13240
18842
23766
27437
21496
23122
20608
12275
29331
21240
5996
15834
16669
7645
13682
232
21717
12120
29023
31048
28547
15129
1268
15170
20391
21434
3633
11115
19407
10391
9683
19225
15689
21984
16155
10522
32250
31468
13521
19110
32142
2768
10121
8337
12754
2865
4389
23749
26205
13654
12699
15344
12150
11649
14584
6010
1074
17536
21157
21434
17373
30591
30185
32361
10907
8736
8112
12631
31055
5838
22923
3420
21692
4430
12791
24978
8171
14230
2530
21185
21964
7395
23403
5915
9759
31494
24042
6698
22933
5630
11056
7430
16691
32204
18960
9931
13560
8835
16926
22858
26047
28319
7350
32255
1639
23447
30528
24388
4144
13494
2739
16835
9832
31782
19544
4657
23880
9806
3025
6970
26649
8030
12889
22455
29338
20263
1869
13607
10662
3889
7660
23133
14098
18183
20571
18038
13525
8918
27627
23566
23403
6198
29343
11444
28539
11592
5609
6298
12983
13825
20149
5777
23555
31685
13992
14389
23258
824
1706
15973
27118
25681
24226
20983
13583
26800
14976
13481
5710
25649
14465
32346
11874
31681
5294
14970
23627
20080
32167
31167
22581
13512
9886
11289
30110
2653
15014
22249
20667
13734
5422
31598
27416
25099
25544
16767
31616
8255
5424
14976
29980
24784
14729
20623
2526
31997
14313
13822
11297
16839
32024
26886
21385
12619
1941
8121
2353
28238
29914
12345
32517
1562
29665
18728
13932
3209
16615
3679
31275
15967
3696
28131
12166
7644
32651
16660
17063
15762
5975
3624
12868
11637
16838
32216
32381
15921
22945
22873
32515
3776
20429
9358
25727
6203
22476
10364
26930
11248
15750
510
29912
6070
18506
2234
14291
25725
20240
8787
389
25385
25089
21985
22014
31649
11577
13214
1751
29218
30923
25825
21341
5850
27141
30801
21491
5042
27126
15954
13489
19563
21806
18884
849
1260
22725
26861
5196
16858
8351
10931
17216
5994
15085
17423
4757
23155
21751
27070
28256
26568
13594
29242
5767
30148
5644
21480
29735
9254
18280
21395
24114
15903
14182
30489
4445
25258
18921
4196
24377
1820
8384
29852
22687
2044
14629
13211
30546
15380
650
25506
2784
15816
21142
21834
27849
24231
23146
17341
16355
31040
296
21797
16125
5431
18358
32613
24259
4504
6591
9480
18146
18794
12283
32374
26220
26248
26545
9070
10109
22188
13178
18608
1567
5837
2375
1530
3691
18603
29093
14390
1521
18088
7232
21490
17498
10713
7590
15376
32588
30301
14926
28863
3470
25069
25305
10922
25965
26805
17815
13935
23134
9314
6477
9298
24036
6525
1334
8243
18356
28407
19015
1469
26904
17413
4535
1249
28561
6190
1215
27266
23232
31137
4511
24946
2438
28109
481
16286
8811
18476
17889
13189
23356
25439
6541
26095
25592
28800
26218
25563
30958
20660
1752
25785
24607
11519
20118
16601
21993
16477
31880
11300
11495
2062
31160
2314
9491
20017
2460
26555
15917
17044
20375
1434
2401
5579
19905
24814
15908
19071
16619
13531
5727
12553
32222
29074
13775
16703
13284
1220
8363
18062
14474
1628
1416
4682
16547
7533
24187
10305
10896
12649
11645
6550
15807
15253
22547
461
882
19641
26158
23074
7362
6940
10319
5919
14819
11439
2288
17517
5801
29065
3360
4843
8267
25235
18541
3325
10344
30853
18438
25895
18759
3857
14625
4826
24419
2141
20123
12685
15399
17591
10718
22032
30198
17029
19208
19997
31086
31354
19530
32305
16366
19472
27789
20889
20309
3634
11612
28880
26381
6200
2046
12808
32329
22297
32226
30727
30602
17116
2113
29492
11624
18512
11006
30962
15503
31485
11985
25900
12040
9050
18084
14897
27834
32065
9277
29379
5424
15007
16414
14954
9884
7792
22697
15
5660
17387
27784
5829
15677
26105
13388
22762
16574
15084
24404
367
21654
14446
6129
12148
311
21431
4807
18456
19989
4612
11639
10895
30050
32068
24699
27253
1308
20756
2129
1121
4426
29677
18907
16574
23427
4252
5638
14550
5039
25587
4266
12848
5650
4799
24241
17436
19078
7162
8060
31628
2311
15169
5506
28965
10101
20360
16954
1430
5270
6668
31036
14377
9307
27017
11939
19351
29028
1453
1205
11553
30661
28365
23750
20956
19723
17880
28505
32333
6522
28809
12169
11317
13977
19936
32167
686
5873
3794
27941
5239
23313
1856
8626
22669
14293
2854
1959
4347
4584
11285
27554
5106
29320
27363
13680
11036
14729
12705
18993
32046
12445
10701
22966
13757
25554
17097
6958
24402
25436
31884
15618
9152
21141
19096
3069
26293
26690
9003
5552
28304
17432
3770
18965
3954
15743
19355
24690
3224
3989
23042
896
9192
1654
1070
2253
30665
4539
14052
14175
19256
24640
15901
24986
17433
26923
14844
22116
10186
1577
24578
28038
17918
763
23685
13141
1481
17970
26718
30611
18679
30518
26339
17296
6562
17805
8213
31636
22020
13658
27418
12161
20105
5412
23789
24245
2600
217
20308
13102
9460
5651
21522
30705
31982
15769
26718
20140
8478
11817
31893
26778
14050
3189
9260
18087
18821
19563
488
17621
14355
14265
17489
29918
13676
15761
18020
3099
3736
28585
10376
26788
11098
20615
30147
29113
32008
22267
10542
22368
20377
19181
10150
30032
12544
24408
453
23822
25273
11671
4624
19286
2465
30176
19314
3260
4106
18702
19434
5523
28175
32675
1920
20750
19493
8717
8061
27557
13299
9768
14811
7354
17252
9733
27899
13181
5626
29674
5014
27405
22629
12185
7414
18912
14932
16597
11622
4196
12939
23331
8935
31462
18741
28366
21028
23220
23676
11053
4008
19070
4952
30248
22863
514
29348
31993
13306
3305
18551
16944
4487
26859
25009
19706
21249
20282
15828
23970
15123
11550
13590
19288
25795
4060
17588
28466
4701
2013
30088
16496
26796
18188
4318
1540
27248
32384
6020
16722
18445
16219
12064
13876
22401
25330
31174
13377
18584
15918
3018
1359
26979
9266
29651
9526
3814
31805
2353
9943
30225
28370
29809
27229
12530
28183
9774
2243
29736
7548
12330
6295
22683
23708
13469
12285
25962
31080
24524
18422
30245
19842
8158
25826
20797
19175
3819
10308
696
15313
17239
12230
20265
14812
31326
25981
21216
8295
20719
9581
8542
32317
32446
23632
30988
19061
18325
915
24364
24726
5866
7842
14351
2047
31159
7525
12168
2694
27270
18442
1442
7776
9163
6150
5006
10049
27767
8790
7391
4803
4810
30475
16634
21516
2409
6661
8391
17067
23216
30975
3245
24772
26185
716
20158
19565
7422
17375
25902
24663
11979
11281
16650
18353
24376
24991
23846
2377
29670
17778
16728
19957
29031
3236
17891
26161
6738
4927
11062
21257
25751
19528
22999
22074
22801
29436
24218
19860
4442
24921
30486
23970
18403
12256
16985
12173
11844
666
27099
17982
32208
10073
22193
11971
30317
26944
18179
4084
16291
15749
22464
23894
24562
11638
22160
12607
15977
8634
28683
4667
25204
29402
3624
10159
26102
25344
31480
8636
19863
25854
7060
22630
15200
21649
22356
26102
12165
999
32577
16540
19329
16992
18893
5977
19304
16530
14018
30236
10617
30095
28537
29996
8179
26986
30540
30661
32043
2295
16461
15878
32218
26323
30777
19979
8635
3492
8615
30806
11862
18338
19845
31603
21526
32599
2245
2779
10658
7586
21076
15642
29034
2306
11596
9517
23936
10769
9066
6958
17834
6479
19394
30771
949
23073
10673
18803
27148
18202
30740
16042
2185
4984
13495
22463
13194
1522
17
5540
328
20657
9518
12927
12644
10908
24044
9479
12995
3544
10090
29488
15260
16271
15038
6154
10191
1265
32230
230
4473
10617
257
26044
22469
14962
23488
201
2053
7097
32535
27004
23809
22980
20280
5779
18574
23779
6593
19330
15203
25030
15412
29972
7977
23360
3753
14676
14033
8522
26303
16046
22826
4427
18136
28242
14771
919
3462
13785
13230
14901
14656
3115
19317
11493
5210
15776
23057
22113
23860
17253
5897
26340
16049
10786
29816
32745
11498
19417
354
23861
31268
24850
17992
3863
14336
11573
20474
10735
14578
18999
23725
3821
17908
22392
24397
12827
23676
4076
19733
414
2219
2938
26972
21049
12231
12193
946
29970
24299
4961
23595
23225
29181
23129
8699
26470
9953
19245
16451
23682
28908
9514
27947
31593
8348
31021
12081
17775
13190
2496
19649
32033
24719
30343
23045
19661
13407
14043
22782
13892
21011
10164
8148
12254
11314
12492
31082
4799
18915
17665
13366
15961
27741
16891
4944
5426
10398
29456
21960
14055
18784
15204
18493
7026
3401
11093
5291
29608
5474
1302
17541
29445
6090
29849
10500
26284
10924
32435
7614
15786
15214
27515
22906
26235
1579
12275
16707
9679
8548
6890
29115
19086
29170
18720
29362
25369
6975
9388
18679
22483
16310
29595
23150
3808
9592
14810
22627
32044
4945
29270
9246
18607
31210
25441
25016
24560
15680
4696
11565
10952
12884
6786
9649
14441
9509
27452
17224
3742
31451
12627
10897
32341
17477
28594
29410
8538
21637
2877
4762
25957
12298
19964
26035
18519
26559
9596
663
10689
13442
8306
20789
21926
26328
28578
6227
11394
32479
28159
29990
3210
132
29716
28960
24630
22517
31394
10761
30205
25178
20619
16465
1375
28352
26606
32677
1321
19285
32404
30144
14069
13019
9611
27524
3056
11863
27664
29769
18144
16137
12723
1909
32613
25761
25525
22604
27262
21424
10677
24586
3152
28765
17803
20015
14115
24921
10869
21275
31662
20245
3953
30938
28308
9010
233
32321
26414
23609
13717
26682
7051
18828
10910
15708
15797
17308
19199
8127
32310
13405
9777
14606
6107
1015
31239
11485
18616
15807
5079
1341
23660
357
19674
19854
11175
5230
9685
20373
13545
10213
17913
9935
12940
9806
24840
7684
20996
7644
18618
2846
28774
6884
11615
7484
39
1680
20933
20739
31782
24024
13916
32564
3053
21678
32664
14724
15668
14713
7063
27048
30375
11461
27396
26287
2026
313
28987
29844
31449
22473
20398
25108
2580
19501
4231
14525
24763
17809
1167
13128
1910
16270
14414
28200
8889
8025
17524
1635
26182
26938
32119
6817
25075
27200
18046
25218
2989
10804
2942
20533
10941
14795
9890
28743
2122
12575
13553
31672
2335
29280
7723
20564
5295
1223
21491
17216
27990
7116
3123
468
24034
7833
31421
29864
24658
17342
20014
22770
8670
5414
29720
1039
2103
28746
26720
1375
7183
22180
5092
6742
31964
8807
32353
10448
16857
29549
22421
13221
27726
26737
7072
32126
20242
30846
22192
19943
3918
167
19421
3237
8835
23033
850
10057
28111
2990
942
29957
27244
28067
15018
3263
29561
20237
22779
16740
8445
30055
9594
14463
21545
1967
2946
20234
22749
14801
26777
16515
16494
19556
23891
17475
22951
13460
9588
5388
27149
95
15189
5857
3175
19205
19081
3866
22654
21945
13759
8887
14370
6301
13290
3829
3437
24557
18592
20511
3660
18810
7104
10919
31034
13915
29784
19061
1871
1247
23238
27775
16250
9926
9757
18074
3851
26544
30922
8591
19316
30677
28791
22898
336
3831
3375
14383
13476
15253
5059
24166
30309
12898
28525
11897
29499
12789
22196
28131
24453
20162
14223
4299
25757
15177
11981
25560
29533
24717
3764
2120
8162
23240
14569
30268
27279
11869
20368
31062
6741
18702
435
23430
3122
9071
30440
12833
7160
5786
7726
308
2640
14885
25625
10519
1022
24145
5167
21061
11879
30340
27025
19306
23888
2042
4830
3518
21992
28855
11604
23442
17161
6848
31544
11560
16059
28554
22904
24520
5370
8115
14480
23312
9145
4848
7338
8332
31782
5191
26889
31111
10544
3710
31399
14112
16198
27859
22045
14496
6498
29677
27844
11274
26439
10003
15642
15604
28935
3484
21095
9622
13255
27814
26528
22049
15302
18699
12683
9810
24476
17809
5156
17734
16576
12641
18240
23440
13645
23227
11888
5001
32518
31207
26664
31719
29591
18543
22560
30865
31262
6283
12539
13746
489
221
16679
20748
22145
28766
1796
11664
29928
16025
20552
9515
17952
3095
26786
3298
25324
1818
7069
16161
17627
26766
3528
8272
2177
15676
12564
20904
9480
20289
22653
1605
15592
17342
12012
11900
27634
16594
5468
28014
13971
12229
11324
3293
32343
28550
3093
25407
8108
2904
29037
24593
7401
18888
24555
12910
31374
10210
188
15840
12493
5284
16436
20854
22090
179
28345
21783
26656
5709
26845
24853
21284
11647
2762
29701
8813
20632
29411
15055
30484
25821
22440
7937
11576
19326
29914
3945
21061
3785
21472
14050
20598
28574
29546
5486
29593
26403
4692
12165
11027
28856
8653
18349
11555
12334
8888
22091
24427
18483
29266
13241
10412
29969
18966
10392
4049
16281
30430
22632
19503
23641
2890
14934
11019
2838
4453
5204
28252
2678
32646
11375
2259
29692
29813
9309
23321
5177
32463
13142
22104
4929
29612
12838
10236
349
6270
11647
21179
7167
9277
29331
22738
24315
23489
18914
23442
13811
19823
21585
21532
25107
28695
15997
18793
26623
10525
15950
10125
6666
32215
3791
7228
4777
29751
24125
7309
13095
26282
25182
30718
31386
20287
1811
7352
18709
19980
27441
28949
25375
28366
8077
26208
18788
29135
23638
10460
14507
7181
8360
4359
26120
21144
28765
14879
19283
1340
9255
25062
6104
11360
32732
30115
6480
24110
784
28777
12561
16116
10217
28315
10625
20682
1071
6832
32720
26230
163
22324
30183
15756
6802
18959
155
986
25513
11530
26151
19458
13323
1935
8409
13673
17057
13744
23051
19280
6065
24684
4437
24385
3507
19245
17409
25261
21600
6804
10431
979
10763
30841
21402
4579
16180
14638
22059
27748
30811
26116
12301
467
530
20753
9105
8589
27478
5680
17074
9455
14879
11592
18507
13243
11830
29138
4487
10173
9799
17301
19353
21423
23351
9396
10670
12635
26039
30955
14112
15103
16922
18966
6637
29685
18019
13811
22887
25747
16035
26920
32045
3409
9090
19336
6233
5417
7963
16786
5371
14148
21517
10042
21447
13266
6862
26605
29706
18490
10563
22479
22499
29299
22670
12871
14511
945
32040
25021
24517
17989
1327
29858
22372
15038
20737
25521
10217
12373
31241
3445
30021
15496
31705
2828
4271
22020
29561
16938
21142
5832
26879
22625
20698
27016
22368
27551
17723
9807
26246
13304
14354
25193
2979
29349
17215
30592
964
21069
354
1541
23721
7300
32078
30418
32724
26770
13754
16397
29664
10101
2362
29007
18452
12585
7790
19205
24120
14118
7289
25879
1703
16427
18357
10440
8870
4410
22182
8670
16628
10211
4908
27394
26787
10694
7164
14697
1573
27988
23120
19380
11946
32725
32734
16405
11690
19631
8455
5556
4285
18917
16210
23889
9651
19934
22552
23850
7905
29288
19329
11295
20921
10492
12207
2068
17310
25668
25656
27543
30966
31450
31194
9922
14976
10067
17002
32611
17639
18812
7438
7259
5784
19683
21164
16452
20433
22681
5794
5975
22779
11319
32696
7308
17210
19999
3410
23042
5954
28420
3307
2210
1644
9901
29630
21248
12809
28149
198
16257
31990
31255
15081
1475
7025
23848
8049
21305
21802
4069
5307
17174
11677
18607
30003
3437
26272
17364
18048
12694
4408
24848
28923
8147
8369
14932
2918
9779
13294
6085
3803
9399
2301
25864
1794
19636
20206
3005
4743
28536
18918
22345
18379
8240
32111
17881
20954
11530
20754
27300
22942
13206
25384
17776
3922
21618
32237
13143
26680
18982
25302
23755
25743
26445
24613
17624
29120
16374
25786
23977
15576
585
1580
17998
2362
17006
11544
5564
24470
15786
23481
22293
10517
22731
17081
6954
2774
24007
6215
17215
5534
15520
25962
26894
7627
21386
15765
2062
20362
592
5243
19444
21322
3316
9764
10362
5745
4502
9537
7776
3149
5526
9149
20913
31565
28157
27028
21832
10865
1817
11752
20370
767
20328
26194
23702
31352
18872
8310
20786
22730
2699
6618
17319
11975
9408
2552
32088
4310
18800
21137
14798
27112
7959
2629
22272
31406
5108
5473
23249
22794
12210
16632
29147
963
10311
5173
19307
24188
15901
19439
30412
10727
9071
13438
9673
19510
29431
21965
30829
32210
31174
9649
13837
11856
22643
13433
6025
13729
16247
1991
1742
9608
19160
6046
30623
20305
16645
8635
15766
20929
14593
18217
869
17225
27588
10256
18274
19582
13535
29134
323
18126
1630
4936
21797
13163
21490
2946
30676
7820
14672
1646
10310
17109
24532
15362
25192
275
26474
17805
12062
45
22190
23883
13700
2392
22098
15415
29051
29833
15296
2592
13153
14640
9985
5119
19743
30499
14302
15496
4201
3032
7749
23295
577
2008
2542
31821
26557
6256
15677
14931
4107
14762
18283
7550
32690
17532
10721
15516
24858
11582
27876
3822
24143
1633
26487
9342
18434
7007
15997
14514
11729
14318
24351
21282
19400
28537
30829
27303
28967
30928
14408
16052
17509
29215
20351
23274
2166
8477
312
30950
18250
901
16786
13406
1430
17354
10120
17772
25558
26119
13849
13609
20627
16692
16549
16510
12257
6304
28315
23863
7213
27035
8785
5465
9269
16755
18227
11446
10840
12195
19232
17598
18704
10310
18193
29336
24765
27346
6908
31602
12964
16642
248
11029
11575
10772
23457
30908
19863
17973
17342
28198
14935
5690
6433
1258
31619
25488
6863
28171
29664
25718
19041
30668
32630
28777
7850
1477
23372
22752
18842
20279
14963
14906
5474
22429
11333
22773
7385
21891
14319
24352
25375
31643
20781
3603
3712
22542
2645
14429
19099
15888
10135
6142
5571
28087
30595
21719
32165
28173
5323
20318
3883
19812
30027
918
32161
15337
27206
6207
17687
13436
30195
28233
19462
10175
6712
17551
18486
23917
1205
17346
27358
32750
15364
1699
6158
1576
12863
29302
11594
28567
24771
29619
7031
1696
20788
29438
22524
7458
14274
5721
26913
30543
682
8857
4538
22714
767
4374
24586
26544
4778
11687
9186
23244
23472
20686
4105
9414
9395
2607
2784
4748
18108
20295
29254
3988
12343
602
22202
1136
6463
26029
29119
931
19740
20214
23429
14515
11530
12049
17349
19839
20540
16884
12781
14803
25889
31461
4221
12602
14310
235
1969
8979
572
20354
27488
231
26715
20370
16420
16122
18247
31906
7099
17184
14418
27209
25773
13778
28130
15846
13615
27009
19828
28817
25928
19498
27361
27986
50
5931
18656
24464
10499
12629
717
17868
12941
30530
17321
7311
28290
24041
11873
13728
30684
9071
6995
3963
31867
577
20238
16639
18960
6751
3673
19815
8763
1275
13176
29819
6640
17986
10410
21255
2079
4474
27638
26509
18324
4941
39
20279
20508
13924
28438
20239
27369
5688
16679
32114
1591
5157
3606
8130
27696
17089
2804
4188
24845
7019
14700
16586
27775
12839
7243
11321
21069
23465
5440
20013
32318
31151
20447
29043
26425
24980
24044
27480
11691
4386
26839
5912
31017
9641
7299
9625
22871
18765
12107
5465
11784
2724
11079
26277
23206
21121
23755
24589
18645
27658
2609
30484
32339
21265
22745
12588
18978
15521
877
4321
19690
3542
17770
25428
24729
13554
8156
491
9036
6318
23401
23623
10610
4558
27536
24182
6958
8952
5939
1898
16638
25286
2643
17322
17307
19482
13596
24648
8992
26802
7201
10771
10605
2556
32232
3341
23502
1067
29097
18464
12248
8074
25427
2316
1940
13328
4304
1188
14560
9013
27786
24378
9233
9221
2350
31064
7645
5491
29360
29873
12409
19183
6287
1366
30718
1851
11610
25389
7697
6522
8051
28576
14531
20618
3859
25490
4278
14483
25998
6551
4738
22240
29144
18532
28502
22510
11848
16772
12515
25539
5021
2125
17525
3201
7487
21779
16739
2875
25287
22683
28330
16135
27328
21458
19413
8789
6831
22463
8480
10879
26706
16823
23260
17825
12326
18384
13333
27306
21803
10648
29811
28595
3563
22790
17758
6800
697
12208
25189
8101
8503
1087
10465
763
18715
13344
19157
3988
13874
30077
10521
22779
19365
1388
6328
31518
9339
1638
6038
3168
3423
8954
13398
30187
19363
18626
11642
9795
21894
3991
3020
21025
24498
8449
15357
14206
25609
13297
27533
5870
1441
28851
11498
22319
30221
20766
9948
1794
16351
20750
21280
12601
6762
788
4180
14098
10957
23915
2835
9411
22061
21294
16992
13398
2369
3529
11080
29367
6420
23214
14275
15116
8454
8521
17628
31812
532
30005
13329
31987
26458
6320
13309
4445
29654
844
31796
30672
32111
16616
111
20280
31030
15583
24297
23533
31979
19839
3592
3791
31171
5053
3392
661
5224
806
7477
25442
15938
9753
17183
29849
29685
29236
7027
10483
17707
16652
16320
207
2451
16673
17366
8905
26410
29457
3630
25229
3513
1803
3974
10734
19358
11911
7628
30770
24528
13876
30269
27568
11550
31794
10958
2462
12983
5762
32459
14372
28143
15803
30398
7860
2368
20478
8082
24734
31887
43
20728
26079
689
1365
28426
9786
2094
24180
28462
10891
30533
32346
9278
14423
1328
29673
5606
23463
25769
25218
26445
17175
428
24256
4343
8746
10879
871
29162
3552
18928
21143
31759
1931
5854
14150
32732
10718
23802
15085
23344
11335
17103
17280
3966
12415
12544
28068
814
3679
16081
22301
29248
4597
18409
28037
21043
24535
3927
5444
11557
29623
5074
15548
14395
27960
31045
12228
10563
7936
11147
16216
3992
5134
7798
4494
13382
32590
20247
11724
17775
18795
27193
6457
20718
12517
15407
6001
21049
12387
19920
25469
22412
8010
21183
29954
580
16526
19696
9656
26249
13257
2407
19230
3631
31882
23107
6253
8926
5103
12796
23754
881
14454
1001
29119
18589
28688
3589
28140
31955
28791
28658
28666
2919
25026
13118
5585
10993
12087
10470
29707
18164
23136
16408
8616
11453
1121
14909
11267
32654
8584
24631
1796
14332
2854
7399
19864
12950
25501
8435
26206
4551
187
29638
24740
30462
20550
5592
7569
22283
27352
6191
6563
28109
18669
19750
27229
5386
20027
30317
17465
670
8002
5201
7396
12760
29987
14909
15786
31777
25525
3201
23087
9438
17878
19283
32609
23704
17407
3859
28330
32602
10524
6612
14698
4699
31130
25111
12452
17629
193
15065
31992
30805
18500
15569
29393
5068
11798
21747
30431
9861
3200
7224
1736
7648
10353
23713
14874
4734
23061
26490
20357
28838
9128
8412
6727
32744
10893
25717
25575
3584
18074
10123
5670
16637
7095
31807
16691
21666
29095
23055
21022
18188
15909
20383
3471
14485
5427
441
8888
761
29615
7058
27272
19383
6183
5199
10017
5562
24046
28103
22413
5689
20079
20619
29612
20700
23746
10532
9329
16160
32637
10907
19534
1788
7373
23103
29677
1221
31941
2210
28449
11343
13813
23525
19996
1365
18495
20277
28386
18202
23014
19350
17150
22353
19176
15839
7539
12346
4750
19974
7413
29199
6977
7070
1625
9118
4255
9118
9035
26167
21454
13156
31039
8392
2576
3322
27818
26183
31128
8343
9329
6992
10397
32617
16801
7952
29356
27537
16226
31585
2114
10608
3878
24630
3226
30241
17702
28218
17860
18246
26895
5300
4855
14344
16120
1710
7464
18265
7320
2902
30171
19324
7862
11684
6202
16072
21216
3901
100
18857
10592
25240
19719
11751
17260
20575
7985
30507
29085
19480
11363
5311
30371
7172
14056
16533
25142
6215
24676
22411
6223
25930
2736
1773
22681
11614
15077
29499
23074
7586
12983
15405
20311
10790
13317
501
26159
23888
8877
20420
6310
13951
30885
3983
24941
23535
16456
27411
10464
9181
2285
15895
32312
14571
2494
32241
28930
24005
26312
14923
7888
5125
19534
6951
18734
10836
21603
33
2007
30162
27320
9460
27433
15033
8882
28480
8919
2109
13247
18827
31966
2998
4075
12165
20666
7936
18606
20368
10969
5666
13832
25983
19536
4143
5072
12958
21197
20330
2378
14067
7372
23725
20215
4036
15886
31244
26289
8026
6215
10421
6647
25092
27672
17946
12933
5214
30268
1107
8487
3794
27910
16829
1744
31328
29195
1000
21478
17051
19484
6576
29153
26868
32119
10409
11028
7483
2621
10689
17610
16227
807
6432
32661
11910
10357
23891
29155
2344
14632
10666
28882
17088
17009
24542
31558
12917
873
13559
23352
32549
14594
7533
29009
3243
26174
17550
24247
20066
27807
4895
295
8933
2270
2374
30020
7449
2016
28584
4910
24174
18405
9166
6487
26209
23043
973
31122
31558
22483
15654
31853
4164
16746
747
11969
19617
30602
28451
19847
6207
9754
4976
9197
20839
13012
31983
4010
4038
1086
12128
8078
6325
13531
23431
93
26814
1698
21713
11229
30299
10927
2619
3630
4608
12601
1648
5466
1884
13764
15153
24365
25565
7063
7162
31047
1650
28273
19427
26479
23700
15224
25284
25642
28807
30322
3484
3980
11485
16183
3636
79
31037
7014
24063
27426
5218
30808
30789
21571
20326
2386
3968
32592
3649
22015
12807
4443
12685
3357
8681
6460
19852
28534
25628
29227
21099
26386
19159
13454
2504
7851
32572
10511
3443
11617
20026
29170
7025
10927
15538
24229
27463
16030
9944
7577
26741
568
28381
16465
30272
17472
32459
17849
8372
1568
8624
7864
24298
17699
30718
24840
19079
25572
2866
7238
28805
18439
17588
1349
7990
38
19454
27560
21893
1550
4097
11696
14208
28972
32708
7762
11283
11586
13903
4493
2070
2398
7623
762
27275
13069
19930
2725
11808
29132
10590
5147
5116
14015
32564
3012
2999
21670
12915
30323
15530
29708
11714
10044
13418
6081
9734
1926
24207
17803
28734
9568
10682
10009
28330
31769
32214
14136
22835
11018
26525
20298
25863
3767
7518
10483
3972
28695
16638
10261
4183
15919
830
255
14053
1510
3131
3809
14058
7188
19771
28291
10335
11740
8102
12599
16034
11068
21843
15373
31441
16354
7685
10053
23926
20033
26166
12810
23402
8421
4883
7773
6643
17923
16327
2383
13872
18773
24572
4979
7095
16420
27551
28051
11900
23463
30692
7586
19445
30091
24971
4082
26491
19155
27745
18599
17908
22754
31753
18796
7343
4310
18940
32612
6031
21784
15567
19811
2668
30001
17589
1631
20918
7136
24900
27681
9819
25449
13436
1600
26859
1071
18181
25936
10235
20869
25016
9815
26055
30914
8289
19072
24859
13971
8643
14100
25971
30358
30941
29093
26209
4388
17260
27789
27183
7022
2481
30615
1989
32203
19316
10491
31694
17488
24137
21136
6423
23970
274
22333
6199
15368
18629
29872
2677
3268
19056
21843
29670
31140
9850
32380
20694
10452
22827
28389
2665
28406
29806
347
7810
26484
9942
26554
32484
26389
13280
21016
27544
31951
16760
5697
19598
29917
7870
27492
20103
4625
26633
3595
18225
29034
11308
24656
9364
19433
30457
23118
27566
2721
25860
24279
2650
24846
9386
18533
119
24999
2129
16978
9285
16566
3568
16971
1554
14696
32723
13826
14103
18720
4760
14627
30621
13585
9342
26506
4196
3596
479
8115
23364
9878
21242
18801
16149
12094
5878
29923
8909
27950
20516
26020
7144
16127
17797
24131
23565
25554
32140
16371
8686
14492
22052
21123
12656
24513
24053
18576
5900
1765
21219
21497
14964
16126
27096
24211
1146
6830
17348
15134
7214
1745
13282
25208
32583
4434
15164
4369
31173
4674
23921
22687
16596
27435
12982
31251
13554
20641
23323
7115
3924
21019
14096
12297
32390
5121
2343
8100
30291
28678
25883
3325
14052
28600
4114
17205
20268
21845
13855
9629
7811
9953
6411
13166
6544
28533
7253
29627
22125
10970
21111
23971
9222
3927
28523
4299
12482
10694
17518
29196
1126
32749
10500
104
20790
11532
30012
30275
24669
11443
28981
2767
7566
18390
24033
26569
1516
22563
31497
10083
32295
21907
11921
28289
21480
25152
12542
30503
28272
18550
25397
7986
29308
7948
12677
20295
23915
2037
10216
19978
23458
15634
7046
21392
24112
24394
3451
28950
13230
15325
10970
8435
10345
31733
3570
4811
29124
29311
9424
2054
26839
31800
24837
21632
22620
9739
5289
22402
25036
3482
8351
242
15813
12315
22555
14022
23471
7013
15714
11966
9375
13642
31697
4179
25979
3368
17185
29419
9312
27579
26601
3150
25920
5429
28004
9053
8656
29073
23669
6914
30881
3876
3048
10595
22412
13173
15867
3931
9556
28238
14109
25642
11911
25363
12789
18795
22949
15443
21670
6983
26244
32157
2898
28905
15603
10133
27613
305
3742
25158
1779
16301
20530
8634
19020
17861
19905
30920
22574
23605
24167
3630
30772
14529
31534
26592
1359
17443
15663
159
32010
31817
1786
23500
5138
18109
23864
2943
29685
18277
12943
23764
1578
3948
10950
7813
28754
14464
6442
13758
9661
16446
15920
29996
12848
14314
2139
27224
8677
7268
23648
5427
10964
27223
10377
15857
31537
17076
18263
23835
20790
13151
30059
18912
16418
30760
24230
8877
18050
18428
1680
9213
6575
604
4086
24945
19096
20751
10200
5411
10177
4628
6018
31032
140
7643
16888
24500
11704
15797
4247
31890
807
26248
4858
5653
3812
3015
22043
3929
18788
7841
14010
301
6924
3449
13059
21797
23284
22423
32619
5866
10987
2333
25307
28629
21691
13116
7696
188
3246
13479
25154
3596
15696
26184
6915
12824
16503
51
3947
2481
10625
19160
7794
3831
1245
28796
6813
5742
12493
746
2269
8789
13161
2405
18100
51
12776
10978
23449
25778
27931
18548
31134
31152
26426
7176
29008
4756
5859
12114
7390
31454
19296
16135
1662
4867
9769
24141
19981
12151
19881
28272
4597
28171
15685
16086
24404
30073
22171
26933
27995
21309
6151
15875
10228
27559
7276
21806
19879
12335
18481
5902
9406
4104
18313
20888
2983
22264
16888
11732
26779
28262
26387
6545
15485
13493
14471
31063
23813
24272
13660
13981
6685
6150
19067
32316
21131
21529
11374
17188
15313
1937
32360
22861
24913
14934
27269
15601
7861
10366
3922
23033
6542
25956
26256
26549
32315
13562
2357
11471
1037
3936
29876
16258
31913
693
13694
5639
29357
26413
6857
31568
7062
6499
22416
15353
8417
12017
13531
8060
1136
22847
14656
420
9264
27288
27050
8260
8441
12675
1881
28968
11445
7760
28458
5196
965
26353
32281
13900
5536
7435
7940
30492
8381
27213
26034
10489
17844
26369
23315
31647
21920
16096
24265
26557
24519
6187
16872
28326
17021
28919
32506
585
17221
26313
13127
10595
29242
7266
15699
13299
23725
12764
9383
5103
21264
758
11988
11829
17938
8109
17846
14276
32524
13068
4854
29484
14236
19524
29906
25155
21647
15871
12321
16410
18437
2034
913
22319
24271
32433
52
2020
32028
9672
19259
4912
3669
28679
11521
32149
11333
23069
4427
7762
16765
4969
23758
11993
10999
10508
15345
28291
7417
26435
20181
11907
20284
25844
22162
23065
13390
28038
18372
20232
16437
15606
26183
6729
597
16935
20030
27905
5780
23418
3674
23985
12731
16799
14169
18860
19743
5291
1228
27343
13698
16234
798
30060
308
9462
22226
21127
12669
19592
2316
19013
832
32655
32083
12961
13016
3583
29845
30305
14150
11500
16747
2120
14478
9047
4511
5774
17758
14664
28908
4749
3057
7453
26884
24765
6707
13089
25304
17634
26918
864
11539
24196
14212
14778
19431
18848
30630
27703
30221
14237
21668
7066
25351
5249
4798
8761
20137
3173
20218
1291
21975
1319
25103
23299
4240
24670
27266
16028
3372
6547
16911
32182
4321
5294
25162
31648
16780
12462
31878
31094
7342
29341
18678
14509
24501
23747
20754
11244
17790
17947
14652
10781
15639
17923
19876
22469
32201
2103
22121
14992
7254
7424
30465
11057
1407
6569
7386
6504
457
7475
16705
22116
9857
3402
644
22860
22526
8055
22611
12825
16678
662
26476
7846
25652
15499
14456
30218
10424
4145
22063
24101
2782
32659
5827
32633
20468
15967
5244
11067
25639
10391
6559
10154
17805
4490
917
5792
8297
32515
24905
10855
170
9408
20690
7373
15540
13349
24658
7291
32099
21554
30238
9346
1869
21939
1055
29239
10568
30646
2680
3393
29741
20546
11624
5616
8155
11590
25202
19921
16766
464
30908
3711
14097
13183
182
8891
27681
23611
22267
13759
23508
21539
22140
19664
29739
6087
30171
32531
16004
24216
21525
24481
29027
30109
30820
19933
20337
12903
18788
8198
30661
4678
32628
23560
2915
22973
5727
29336
19458
18484
572
12415
6163
13293
11154
23094
26622
8761
30400
9652
12463
12268
23196
1668
20305
24078
19035
26
25177
5843
30385
29287
13255
32461
10808
5291
6312
26209
17686
4747
27104
28536
7131
32611
31270
15222
15784
5085
11600
13680
26006
27075
5329
19610
6997
10769
13696
13054
18196
24911
23195
29812
15521
28189
6667
31182
466
15888
28137
19539
21539
19644
1858
11631
12704
6418
15895
22184
26886
1261
17064
30164
29989
21223
29683
14729
10120
13937
32631
470
26200
10787
11837
2352
382
80
793
6575
25352
25054
3630
8827
7886
12116
6576
16769
9557
30773
5102
5482
7667
31885
23183
27597
11316
27849
19227
8099
9341
23499
15550
15356
29679
5950
18249
14065
16270
23079
31610
22746
32419
3517
28797
9153
5215
3195
19122
20246
11456
7027
8113
11171
24761
3557
23436
963
25997
18192
2900
19407
19324
3656
12510
14042
4001
26953
966
926
1307
28875
17333
5557
22891
21335
32736
12045
14365
31320
30673
23958
20907
1397
31082
28989
18846
4126
24615
3614
20470
30053
6563
12021
27084
1552
21342
11222
11574
25836
13757
6431
29803
32100
20562
4778
19495
18513
7006
18247
8529
21268
12948
22633
29148
15587
11552
25119
1259
7776
14056
16198
28216
3952
20242
24062
24758
16202
20422
14426
5237
21198
9013
17756
17350
32025
18906
30240
929
1622
5631
4951
31555
13526
16516
3831
16155
19556
15068
7729
21223
6098
25176
12196
5915
12504
30888
4560
9602
31263
1439
24013
24871
32664
1590
31292
15734
12562
3284
19071
159
11020
14028
24101
1339
455
6951
13480
16178
17056
5797
26971
2012
8093
6398
23454
30054
31046
22381
10068
16760
15030
2159
407
788
15345
3273
19882
16322
7800
10696
32302
6122
22555
14540
5785
4737
24591
28680
24805
19431
12864
10371
11141
3088
7400
17762
9117
2019
3169
8298
8050
20959
18744
8129
27936
15876
23682
22772
31115
15601
3699
25918
25495
29258
13100
19208
20380
2652
14805
8364
3860
4868
12780
19582
28823
23500
15068
1549
19466
8536
4562
31910
7955
2049
12748
18202
19919
10687
14835
193
23496
15180
3626
14271
12577
3206
26087
4230
16404
26646
15681
17053
7839
5711
23627
21151
26745
1880
26785
11654
32075
26766
13632
2345
28445
10532
17563
11780
13582
12812
12523
3640
30281
21787
28358
19922
308
14184
7667
8272
17131
15093
23677
8034
21228
11153
20486
32493
26388
13052
22878
16981
17354
22605
9812
22268
31866
3729
5580
14342
6213
5813
8722
32608
28406
14502
17774
2048
21048
6070
3321
1390
22279
9794
19886
13443
21349
31889
12228
2416
25678
5888
1084
32515
4077
16220
6326
27430
22544
9616
32136
31913
20698
27520
29201
17985
4023
10292
27467
31440
1685
9785
26784
16102
8018
24900
2815
13192
11120
1817
8750
7729
31760
32683
9314
21015
13854
16517
17421
16047
14025
28520
6135
18291
7222
6198
2448
18659
18037
31246
32133
28362
25780
12217
27281
16322
25266
14149
21142
506
19063
7407
20972
23863
28227
19783
14584
24089
28356
21134
25601
16032
29067
355
17728
6126
7105
22687
21814
24911
9494
6269
23875
24694
5883
21758
20595
28426
3089
1931
9883
14689
993
25564
28069
23179
7885
29722
1320
31122
22086
16448
14396
19456
1344
1223
10636
8610
21731
15490
17836
23948
24964
455
12205
93
11219
2767
23535
10180
10838
17759
19767
10051
3862
21928
10241
7731
5528
31853
4120
12041
27918
10339
1123
15319
4815
14045
11522
19478
12549
10152
20378
32674
21925
18484
24044
13062
5541
6645
21165
14586
28777
30729
20625
19754
1918
16411
14250
9273
32394
647
9456
15622
6019
32191
4129
22318
24352
26861
31691
13010
32141
20954
27558
32154
32611
4622
5416
4345
10967
7993
32340
26035
13618
15057
32467
24733
27777
17661
22341
23716
10637
14002
21209
5649
7693
1819
10011
23308
21275
63
1550
9566
27621
18142
5755
379
165
6555
18056
26303
9683
2913
11404
25848
29592
15615
27170
19237
8583
23061
17789
11133
2696
23860
27899
24755
11540
24385
6396
30841
31656
30234
32756
10051
4467
26236
20671
10573
8018
11557
10037
13535
9471
9013
12031
25040
19078
16858
26793
10825
28152
18732
17655
26827
14690
20054
2685
30579
21760
29943
14698
21629
2479
22472
24997
28680
26529
25726
7963
1816
17748
12018
12375
12257
10949
32639
23379
31555
31969
8363
5261
20369
32060
12298
7262
24726
29189
30304
1671
26842
2618
2822
24589
2081
21016
18063
26440
27445
19414
18602
2614
8421
146
5450
7957
16462
7564
3333
2864
17497
29074
17594
19449
16517
24251
119
5720
21223
5208
21914
67
30575
9512
14390
26767
8300
19915
30648
4357
14418
32633
28362
7865
28859
756
27255
29847
685
18363
3216
7231
17435
13185
11599
12563
13998
1501
59
397
29637
9283
75
23255
6586
25139
26446
12949
7783
6576
13450
8965
10984
10228
1700
27979
25763
8802
19648
30214
18310
22460
4840
28711
30096
29078
28082
10755
8083
18955
18717
12455
27448
18862
7869
15723
31299
25027
22296
8650
30488
30384
23119
9584
19070
20142
5121
2709
24228
22724
28268
11402
4962
24566
2261
27793
18368
32442
11562
24818
7356
26283
18663
31307
21832
20609
27958
4904
30611
10305
6746
7635
5001
18865
23117
25710
21149
24847
28328
3902
13510
17410
5572
25930
7879
22225
11039
31525
7604
20947
9985
17416
946
31527
16735
14627
16894
10404
15359
2869
9265
7699
6109
4699
20674
7068
14798
28709
13004
12415
16995
6127
12561
9733
7440
12655
22080
5813
2701
2442
20083
1482
10877
1388
24060
2789
18510
19415
13665
26112
28512
6331
18085
4003
2665
28424
32713
6490
4632
7360
3731
29286
3832
17744
4494
25779
29336
26144
23122
24074
3049
2409
9477
22920
6887
6983
26914
32079
18299
5391
10105
16507
32672
29410
22904
11608
198
10114
26024
5074
4211
613
15738
16428
10288
15368
2116
2549
6307
7302
32647
20280
26617
28777
24691
12276
28551
16320
5805
7627
31920
31602
1103
5118
30985
5329
2865
2969
23995
13170
15207
32747
30249
32061
19210
5945
13779
9408
15164
17332
9594
12744
20070
28839
11142
14387
13252
4085
13220
28928
3108
7107
31155
27048
11242
24690
31713
15793
15960
8912
22545
3712
11788
30351
6273
11631
30410
22774
13225
11295
17532
25558
17254
18192
887
11456
14167
24174
17920
9333
1671
28974
8975
2718
9293
20058
29267
18877
15473
28841
2421
20324
31376
14419
24225
13477
24770
30499
13379
19145
29049
718
12814
24644
12461
16771
3907
20969
16438
25795
12848
15451
7033
18035
26871
25028
13894
7216
8080
6089
769
29922
14097
20925
9216
13460
25133
6932
19509
643
11003
5659
4877
23924
1529
21223
16279
19019
5713
4747
20201
20698
1883
19087
14784
15095
8034
31901
15718
18897
28587
13948
11225
21892
17843
20035
1833
2794
16825
11974
27682
15284
13948
18517
4139
29882
13894
31142
22126
20112
28969
1295
16441
11354
18569
26104
15524
23777
15323
6801
7029
20966
4779
13760
10048
25014
26596
19806
10963
18174
31308
6306
26065
21217
26190
21213
13468
1352
11516
13928
28536
32633
11348
9179
17646
1260
27842
18816
4975
32345
26599
24328
1594
13078
11417
18812
31104
11424
1067
15222
27077
30840
31982
9616
29321
15408
32247
2845
8232
20421
18467
3863
6399
21039
2137
19801
25040
27703
24335
21518
16743
13705
272
20842
1918
28682
21884
18840
15071
3435
13584
26867
29384
13055
11943
18040
24467
12233
29953
10875
18070
6362
22980
11674
30025
32730
31168
17392
28582
30692
32375
2187
24022
23703
6365
23839
32009
3945
6492
12795
6054
7999
18715
2621
18596
3643
26752
4162
3639
10709
30452
20065
28592
10542
10214
24537
15006
1440
10514
11783
6970
16794
7683
3549
5122
4523
29910
20879
6307
7132
30786
8847
20508
16707
17109
14268
16929
9685
30592
15319
29629
27260
25430
30774
14140
19818
27793
6076
13128
9388
29398
5640
25938
26370
1210
12013
9012
14062
3716
25122
24596
9227
26164
24379
14475
5792
22725
28120
2566
6517
7344
9757
6509
30181
19889
3426
3331
22069
21965
27435
15758
25124
26516
27226
8887
2499
28068
23203
24243
29319
4974
9793
11555
15005
19261
20455
14649
1661
30068
3322
7965
3266
3350
20477
7311
5177
32140
22349
13517
6200
1443
5134
19383
1841
19413
32101
31793
20358
1993
9191
11721
11935
25885
6482
11674
30267
866
123
20079
15363
14184
22920
21548
10085
29116
24159
11882
20895
28272
863
18018
27674
4634
28749
25612
8442
6175
1425
28296
25075
30258
16802
3004
6494
6423
6847
25407
29068
24237
8416
2165
9818
28971
31724
20476
5381
26538
6700
5191
32320
20452
8960
11657
11908
1339
464
8405
168
30973
7494
19075
28337
20454
3770
2005
9451
30950
28142
9179
19257
8485
1276
2963
30889
10565
140
3413
1355
32743
28746
10094
11844
1392
11160
10764
16414
23821
28287
12378
15202
20212
17132
13547
10089
8173
2585
17756
1903
529
14921
6453
9705
722
9400
4113
10776
6716
22482
23295
11231
16251
29091
21799
14802
9884
30351
20401
1423
2968
67
21730
10833
11918
22763
9864
16834
25936
22181
31641
15121
26145
2870
16663
10309
12221
7165
25142
30161
12954
22053
23489
16488
8046
21278
7866
15634
32497
16717
1601
26496
30436
9474
25782
27292
24658
9643
27682
30565
4886
15176
30163
32250
2717
20511
27975
31988
18413
10929
25164
23289
5350
13292
1636
32399
3272
28066
6510
6189
3574
11578
2435
21144
30970
28326
18975
23917
24776
21397
9857
1529
4167
8937
4948
21073
2317
23659
17294
21151
24426
13501
1177
7355
6057
3473
9649
9723
26770
15897
28301
28491
1844
16318
26945
14208
24545
4885
867
10217
24697
28943
19052
12071
14316
7280
18274
32319
12026
26498
15796
23534
32317
16906
20838
16957
17770
25467
22637
31316
2004
25962
23389
10899
21041
25154
2369
2783
28065
27705
8906
13114
17388
28802
8365
14487
22795
23236
6470
3052
32235
3276
10625
20360
8301
32383
25850
5799
23729
6674
4451
17220
13204
10365
12583
30254
2679
25132
8524
17758
22595
30712
20126
11400
9129
10327
17930
27632
13999
13519
9288
18815
11112
19377
10429
26646
13826
14851
28575
10530
20487
31166
5978
19569
10460
28730
21810
16964
32654
28902
15658
25509
18893
22588
16677
1274
19513
21236
11084
5851
2013
9592
6063
18721
8441
1945
12591
25663
8965
26752
13723
19670
17906
12007
1305
25987
6323
18825
16584
17148
13564
9174
15523
26203
24650
21228
18601
29113
15907
3779
5435
2815
30623
19367
14021
24825
31783
2028
3232
1708
16253
8669
3895
6378
6396
18933
18793
25123
10274
25938
303
28798
25163
29798
21375
21032
11711
20976
18288
27628
11759
24106
7326
7685
9468
27204
22736
11056
3705
30738
22744
5637
22386
8706
26811
26758
22445
16208
10002
6649
28719
6269
14256
1779
29442
16381
2437
12214
14390
25392
13250
12476
1062
10131
11838
10644
8957
26680
26905
1517
23928
26483
1951
23793
10989
18647
17007
23252
17548
26464
13532
26796
32229
23538
6547
1667
1706
18434
14974
2986
31158
14483
6121
16721
23887
13669
2788
2901
30888
20585
26344
4953
8874
18807
24253
10776
28148
6723
12442
21241
22049
32398
23951
11749
21065
19609
28704
13141
28874
12767
5683
30383
24648
10243
4652
25298
2546
13832
18262
9455
8455
20928
25989
14748
19353
30087
30713
20515
18578
15921
23430
30752
14068
9536
24562
19787
25189
11098
6303
5522
14570
1787
8297
1387
19955
11112
21714
7784
3736
15332
19549
23563
2850
16165
3127
8925
31181
9993
16668
9658
22220
134
32633
13679
17806
24543
20174
11911
5952
23838
1111
31073
6803
13502
12523
20614
6335
24744
9764
16698
9160
15713
22208
6737
6655
3969
5703
15684
717
32103
31726
1412
10412
20779
27836
14862
5238
5844
4331
15680
19938
27339
14481
28395
1355
3216
29568
29865
2740
2476
24682
23665
13834
5351
30537
19816
9384
23994
21245
15098
28705
31751
15927
20010
16953
17416
1943
31014
27188
5766
24849
26911
22356
331
20117
19031
7325
17369
26607
4732
25051
3164
29164
17716
26086
222
4798
26361
30245
26810
9633
4647
32593
2643
29119
25171
7035
4357
18513
10719
16721
3932
19976
9675
30877
29060
29611
9166
14350
29697
25089
20134
20539
29344
23793
5292
2021
9134
25064
23723
19836
4967
1403
31986
8677
29617
21582
10408
8315
5131
15156
18272
18516
5568
14999
27373
27333
12384
26907
22392
25384
6768
2430
20944
31708
27233
14275
10240
9358
959
29071
10279
23991
25771
32211
31108
32102
26507
30635
3025
12608
19712
134
4306
25029
8729
23944
13357
23253
22214
1068
1404
23922
6287
23086
18593
32455
17797
11432
8281
30825
2937
8827
18197
19934
1901
11760
18949
27484
31048
16799
31349
8658
24526
19600
2396
9261
4302
16801
306
27092
8605
11815
4611
6772
13252
9176
25538
26371
31222
31209
25311
29695
2373
10611
15131
14583
19093
18715
29852
31053
8272
27634
26428
14906
5211
26522
30759
23058
8777
17835
21925
11466
29135
25684
9524
16823
5496
2630
22490
13976
8602
29133
6329
15319
12169
3904
2532
11788
8458
5788
17265
26819
14347
1132
18640
13951
22161
11756
26715
511
31473
7277
14637
11455
19523
14331
11064
11970
19220
1342
23954
25487
31323
31390
12048
10362
5294
12458
15638
12324
8630
29115
17581
12101
32737
27860
6614
18089
13910
4045
10527
20089
9006
19633
14195
26300
23009
20068
21558
28957
17918
24713
12690
22511
26144
3746
22283
18030
13085
15993
25178
13896
1920
18880
19064
30300
6970
23284
22777
3777
26516
4487
19867
9738
1896
12605
24607
19400
26513
24791
5207
19537
23456
15343
5249
29120
27344
15395
1491
22077
26941
15733
2903
11135
12624
8690
27385
7054
4478
22674
2271
9934
16946
19296
11512
9017
30727
30938
18136
16620
26171
15515
9155
14309
17761
2871
19207
779
12885
9575
29839
19566
31093
1638
19894
28369
8718
4506
89
12390
19989
17271
12336
6872
16920
27041
25182
5262
10611
9808
838
7983
27335
17145
32417
24417
8360
5675
7629
20951
2710
183
8296
20874
2607
17939
17182
21318
162
17408
10431
31337
8295
19819
22933
27368
1838
11409
19700
31890
13333
4199
12562
13209
11805
26937
25881
8782
28383
30865
22907
6188
25979
6234
19078
16920
9682
32069
2360
8167
6133
30828
18004
29473
15324
31798
5045
2820
21852
26746
4067
4556
5203
25063
28644
16178
3366
14499
23381
5171
5485
8754
20153
1042
22764
19098
30736
11936
15046
196
16812
4027
22253
550
32576
18453
14301
10655
28986
25399
5258
1442
4690
16069
10902
6551
25443
30467
2248
20094
10618
31896
23994
22230
21037
14226
7889
2493
29231
23467
7026
31064
4641
20938
20595
18549
15786
23245
4048
879
2249
20358
20640
82
32618
8707
15175
2624
13112
1043
17900
23572
23475
22277
29998
11844
15490
18611
5394
23564
17930
16832
32320
25545
9279
2333
15216
18083
12218
16594
8991
2926
29965
8187
14726
26834
18003
3600
28364
23210
2827
874
3451
9899
16934
21251
27953
5190
27230
16766
15768
23503
17610
3431
32151
4318
9647
19643
29386
3062
18330
17323
13616
5988
21675
6301
8996
25450
6708
2420
20879
1437
6787
1553
19547
1932
28923
21529
15147
18594
15466
8185
15945
14158
918
7976
6111
9568
18457
10156
30059
15287
15215
24800
28013
20761
19022
29044
1378
10338
29237
20149
21494
23009
5448
4367
4982
27647
16475
29136
14468
24353
5965
22062
24846
12496
23447
2956
12161
6680
16676
6393
26169
3373
1380
18938
22333
13909
31900
22153
31785
1025
2432
19549
19051
31293
13059
7532
6066
21835
19566
30639
8868
16267
25519
18981
5072
7839
27124
6938
2787
15307
19065
5033
3102
19362
25502
25728
25095
6367
5693
26595
18271
22161
24378
9460
27989
23931
12124
6193
12793
22714
30043
25918
6899
9640
3642
21989
26741
27393
4054
19035
21614
11076
8640
32452
20993
22108
22600
18938
24885
7808
17882
14730
19182
5208
13966
12032
22812
20065
18938
25189
24370
8082
24395
28165
9946
8512
1940
18294
5350
5183
29285
18901
6794
23882
2208
13651
18121
8356
10632
18416
3118
16640
15899
21383
3772
17823
5794
29963
3623
27576
18054
20752
16453
26396
29285
31117
12223
5658
17509
24800
29452
11424
31432
32274
20384
6820
17601
1629
7520
12738
24966
24555
32346
20007
13735
12769
16051
1709
19102
13724
28896
10311
27815
11578
6681
160
23250
9053
779
15359
15702
22571
206
23150
22056
32666
18966
27
8140
13546
11437
9470
20076
18291
14113
26556
26407
17568
10938
1996
25003
25404
18862
19160
2054
13292
21912
20838
2233
15101
21031
7863
28430
22368
24595
22511
30124
6899
17494
32375
26473
30723
28568
10656
607
26638
6635
905
4418
28621
18104
3394
12017
9329
17657
28209
26698
5678
32681
21173
12355
17398
12921
7690
23094
31879
22213
29549
3709
20647
23750
23168
27967
31406
1289
751
21385
24390
28192
27476
30369
2927
10903
28504
18839
21446
29482
283
24860
30982
18740
4567
18839
30159
7531
28096
886
22950
20171
3886
6594
21822
5584
11517
1783
23541
12264
2100
23570
32418
24360
15590
24043
25486
4670
6742
3269
32704
18599
18014
18980
30078
1826
12306
4319
15376
28772
5536
29557
29895
22029
8571
21668
4414
21979
25272
3640
12000
22301
9400
31266
19370
31851
27143
4553
14386
23957
3716
6053
27369
7641
21698
32521
6301
12889
25263
1600
13890
27852
29043
14044
18417
7795
13467
16459
8497
26446
15479
24747
31350
1425
22464
20447
32743
14674
14462
24803
15716
4228
24617
19804
3016
12072
5903
24436
25451
26562
29429
28132
14316
14346
12545
24146
16685
32229
26328
8670
21918
30867
20227
24568
14783
27178
13463
17268
2272
27971
16917
7648
6955
21235
14223
21781
3301
7421
19468
20236
19185
26693
15918
20467
18582
23432
22546
32384
17026
28235
27256
646
13070
7185
804
29126
23491
22481
25220
32519
2077
21415
29842
8041
28048
28874
20732
6646
19657
27582
1666
13690
14390
6347
13728
30868
9160
17581
15982
12302
8696
3469
1476
12138
29192
18480
5537
32701
17291
17775
7374
28865
21287
3047
4542
16421
17562
23025
31929
19239
24059
981
11578
32357
2114
570
24213
30704
14603
17633
4060
4003
10647
7571
4868
14771
32532
22360
5956
30598
18462
19946
12990
19145
29573
6505
12129
24253
9297
8784
7950
23505
1795
12712
31481
6518
3102
20860
21075
8751
11238
4492
19494
15847
5992
1093
128
30344
31418
2033
27859
19145
13444
12332
1948
840
9919
25495
14147
24024
1213
464
12354
796
17002
9633
32394
31317
2257
22391
15906
3960
21474
17430
18194
24452
7538
19340
20607
32530
14723
31843
20247
28461
18374
20251
4784
21605
24158
13784
26411
9247
20967
21591
15519
15407
16055
29734
6836
6313
14179
2325
25420
7155
15493
23016
10345
7455
25021
8526
6475
12408
17398
15127
19160
24155
13547
12705
24385
15433
16361
16275
20707
7225
27606
6606
25707
17971
24178
5537
1598
28698
17629
32572
5912
26570
9562
13416
27634
9059
32338
22389
1322
11235
22172
11891
16606
5627
8955
677
3224
32027
9448
5170
23089
13520
9874
30238
23535
9295
14372
26233
19441
82
21062
30422
17101
22306
486
6399
24951
8949
312
25575
21093
22139
25083
9440
26096
6068
11519
4366
19966
7428
6884
11036
15582
24713
18980
12589
27507
7596
5716
10006
19093
19702
29862
20682
25524
4646
31155
12565
11454
20608
27767
24718
21315
22887
2717
20679
17112
26926
25085
20422
27321
26156
25444
24505
1714
5646
4755
14053
28479
15729
30602
31712
13554
23985
13574
4608
2837
1275
26696
2579
17809
25770
13848
2896
28174
8656
10506
18574
13404
5138
17664
21940
15889
26298
29680
29041
6516
20487
12263
5933
22426
21191
3662
27967
4559
15912
4205
25440
24120
24524
23853
5471
30646
7195
18466
17943
7436
24797
18888
1695
27461
9736
19725
24000
14160
28886
30224
940
10990
3355
17961
1516
10446
28886
16681
26523
15349
32262
30691
4562
5732
5823
7147
10339
25333
14204
157
5834
28295
2999
11617
26976
27738
12471
25902
18130
22972
6826
18253
7634
17638
20467
28000
23308
31521
28357
10914
15196
25133
12529
20592
3646
226
25084
7177
31878
31512
31605
12690
10065
1221
23429
18525
13115
4197
18888
27754
5074
15519
15963
31022
11083
17701
7991
12692
4724
31452
26557
6466
7402
1853
28305
29469
28044
32507
15788
2319
12079
2021
12461
8456
17812
5647
19824
17218
2711
1068
2786
13770
27560
2879
31252
20796
31615
23923
1422
4813
19468
26694
15077
3983
9389
493
21136
11505
26788
1524
27127
17029
16840
9510
9165
2311
25466
27820
8864
31386
31195
18553
4526
2132
6461
1253
12283
18685
16855
5015
4512
1300
19388
6057
2918
17427
20238
32007
31891
16117
23662
7960
27396
23540
6584
17057
9596
6039
5869
26342
24636
32492
28529
12818
32724
7954
2935
31960
1592
3579
5561
16731
22038
28784
31084
29003
16487
8534
31859
30545
4165
24111
18899
26542
2300
7396
103
9247
2659
28353
6613
30467
20333
5313
15808
27071
31483
10508
21823
23138
26356
446
29326
5253
27032
12522
24836
29046
1297
17887
28997
17301
13643
13225
21945
4349
20486
219
9021
24935
11050
9356
18968
9036
32090
13472
6960
27722
11467
18761
11646
6345
87
14796
14271
3806
26317
5769
12908
10352
18572
1078
21997
2201
5968
23659
18698
24654
4171
14179
5026
26179
25720
17153
10655
1545
15148
2833
8745
2681
17134
5841
28442
18262
17544
32687
10418
1582
27742
25941
16781
14977
15871
25315
14033
16678
26106
27003
4268
12009
24051
9219
18174
29305
5877
18470
24146
19842
7690
30876
20755
26902
28425
7340
6397
2385
27056
20719
27857
9277
7410
21846
1613
24563
23698
7278
1115
15363
21745
24547
15753
27158
4389
24132
5817
6610
10058
9733
12825
15358
32541
4554
2646
231
26311
23011
19981
5634
27126
24338
3971
26322
7986
4757
7317
25868
24431
8032
4850
7162
7134
14507
1159
4893
17929
12716
16443
17430
32287
17062
4829
10183
31628
7970
5210
7861
25549
16764
21812
14512
899
4002
47
8119
7622
15641
17486
10774
17851
3649
6909
22481
30313
24793
16016
16197
23752
7621
25836
11533
2075
30735
4740
31523
29824
7469
6536
25415
9158
14978
6488
20645
14462
31783
4671
29874
18261
26858
24926
9047
21153
16279
14566
14929
9273
14711
26763
6104
31114
22039
2613
25726
13799
5194
26360
13403
3873
15473
10310
17255
26712
8186
10595
20775
20240
29223
32026
24460
20103
7697
31663
22808
3399
15852
27924
25154
26871
6028
9055
23068
1142
16936
6524
20019
31787
22879
27167
26038
13462
24952
13053
2011
30507
16622
14396
16767
20833
29484
23592
11789
27142
22677
16167
26528
16597
18375
7151
17004
3146
17441
13302
22362
10677
32131
24618
8690
21390
32084
6627
13694
4616
9418
4118
19820
6632
24677
7371
15605
3480
13501
11985
508
21623
2174
31664
32569
31860
20401
3551
8598
23003
31805
823
29913
22894
22445
4008
27524
14520
10803
6187
24057
6302
21229
31223
1250
7735
13672
20984
29392
5598
8291
22653
20770
19589
4565
9521
25641
4940
31793
28492
6794
8530
28904
7690
11235
18378
21551
15709
2737
11346
32260
10974
11633
32129
27755
3850
29445
21951
27390
30379
9818
16474
21412
8340
25928
5334
19617
21393
28345
7300
10191
20638
7182
13910
18218
13655
2494
27889
10898
25264
13120
13060
2765
15334
1580
14808
9676
20918
12445
5673
8239
19916
11993
10037
8203
12926
23604
29714
1258
17082
2865
29508
24851
9789
26859
28815
6156
7686
12211
1290
18014
23819
27899
21877
22168
22826
24179
2764
26518
10338
10865
14620
26627
15939
30614
10390
2845
7587
10159
13538
31416
21139
14809
14006
27270
18578
6121
11174
28821
20736
21258
4158
18201
28117
5032
8270
23404
13458
16525
29061
20051
23928
8522
7233
18819
21240
32729
26278
20068
21868
3456
9710
25108
1796
3832
18943
15023
29699
5071
18243
20942
27435
15627
21172
77
14965
22288
9270
1874
9222
19140
13098
10890
8031
10736
8512
16310
15060
23274
18316
22375
12607
10097
6621
25349
2037
13016
21578
31766
18681
7015
9997
12477
11632
19198
21653
31105
19541
15099
30166
15440
8558
12126
22756
196
127
11563
11712
14757
18621
12304
30065
18350
27781
25416
26455
6548
8526
25023
16573
3396
19421
16759
12973
30316
31928
28202
25096
28222
4316
5937
11734
20593
19122
13476
12250
2440
30528
26563
11113
6742
29596
14996
24189
29890
9895
718
26886
5576
17143
27638
16000
192
25877
27848
21962
32739
25065
11224
2870
19979
22898
6009
26845
3514
25019
13534
18741
12638
24074
27263
2021
14547
22106
18878
13527
26666
25355
7115
32143
23465
217
13765
16572
7442
24843
22562
13
7721
2540
7504
9286
15472
23423
15260
18323
12853
19567
7764
31260
6350
29509
6696
13529
24612
12253
16598
28328
24430
2331
6151
1949
25407
4826
14195
32409
23747
28709
4684
9502
5701
17834
28634
17761
4341
12395
22371
28321
28649
5303
29517
23480
5217
22873
12166
10224
20303
25359
5924
17943
19479
25662
13641
28118
6291
21731
32074
29502
28250
9933
32272
15524
8514
2570
25790
19119
22307
21919
4755
1711
27870
26748
18963
19248
11422
5806
14177
23248
14686
30423
22512
14669
21420
9179
1370
6882
23468
18141
10128
24020
13407
32106
21044
16968
27685
28659
20803
21591
20097
11393
26871
15460
17181
6564
19692
27053
7694
5548
4737
19233
17752
5660
8833
2674
20405
23388
28163
32106
146
3246
27278
16770
17755
20579
6529
13745
6136
13391
7858
18050
27288
31354
10838
16489
173
7704
14881
7255
22839
9404
30126
31372
3654
4040
10784
16301
19898
552
10506
2070
20302
28224
3724
25969
27605
24610
12991
6791
14787
14341
19027
18775
21230
26867
31351
18277
10134
4033
25593
3157
675
30276
27055
28344
9007
22210
13845
8998
3908
29607
17463
12685
999
22393
28626
21704
9813
20750
20662
30836
23180
32765
25966
18687
25357
1362
20771
2561
11745
11398
12478
9936
29402
8366
19277
12623
1819
498
8616
17158
2522
28481
8532
29816
20069
22595
32423
24240
10083
11151
31277
23326
30557
13599
5451
30113
10877
16640
31266
17637
32149
22094
6838
7407
13922
7776
19280
20470
12563
19520
23585
29045
26373
6238
30247
20350
21201
9349
16213
5713
21896
23565
2542
21037
317
9299
4914
17254
27844
29030
5436
14520
29882
4867
12331
25563
3525
19908
28288
23639
3101
5268
26823
17562
1100
30310
19578
17736
10546
5159
18978
21202
19275
13040
11967
29002
23861
16001
11370
27254
8556
20459
5689
10787
25945
3212
4963
13499
28043
28992
3492
27674
30532
24022
24291
5790
29495
29889
531
23677
23952
8976
19287
12124
22325
25761
27497
20509
25675
6289
16956
26360
29693
31222
17632
25037
5496
4305
31399
3256
32314
12094
21894
6375
17805
20206
27069
1448
31054
25303
18618
8134
28659
28970
827
2838
31693
2438
5812
2637
25481
27499
18928
30996
17405
28913
15610
11359
16162
4538
12350
11514
7260
4645
18156
100
15874
12996
18589
29665
4122
29713
9785
7627
21604
16988
17944
2345
28571
7688
23399
16259
7159
5111
19662
9460
9462
6723
28239
23168
4188
9519
4722
6824
22648
2141
13983
17468
7082
30785
20171
1905
25890
16341
29783
26931
29418
32398
31796
4284
7463
655
14412
4966
17052
4894
26653
12989
24175
16212
7335
16601
11056
1304
5001
7915
30487
25678
19815
2581
3469
12875
25486
10879
23022
16780
24795
6311
10126
12712
8665
19704
8954
31620
41
11679
128
3526
19751
11930
27633
3468
24522
14353
9637
3933
14796
18154
28864
23648
2059
31640
14004
6091
560
2867
1031
22687
28046
18126
16983
2963
18253
11525
21403
12621
22983
14805
29355
19672
16690
26801
32003
5715
9088
7377
2499
17894
8067
25550
29179
2811
14165
18028
11814
938
14839
7094
11508
18548
28728
4689
1869
24629
4312
25610
13714
12372
16366
26545
10790
15677
7559
29994
29997
20241
10128
20417
21907
20123
29430
2750
23376
28295
11
7225
32491
29902
11820
4656
21053
14453
4769
7639
11896
10103
14020
26927
872
26880
357
27354
11256
28635
20334
11310
27639
4398
32707
13704
31516
29541
30316
5347
16712
26988
23286
12969
10252
3617
5654
26824
9579
13321
21136
4105
25569
32065
1367
30622
11172
12216
16630
31481
28969
6556
22574
10725
11498
6674
5089
14031
24679
8746
47
8036
27754
16914
5342
17250
7312
5770
15615
23975
3077
10903
462
5007
18319
8572
23771
3708
20686
15590
30055
21430
26306
4967
19729
20086
14221
2853
8114
16445
24442
27860
31365
2922
22847
8929
20107
3084
17279
30960
557
29429
8083
28553
17956
22288
28042
30734
12694
28916
18798
11505
27009
13496
28105
23075
22365
15881
16232
27088
13053
17019
18015
2377
25527
32285
14414
6722
31940
20048
30690
17469
22761
28377
11678
14918
6487
3380
24027
2273
3025
9771
8205
65
15372
25000
23369
3770
13403
24776
11268
8057
12684
12848
22302
20851
19980
24740
28191
6811
26706
20438
2240
11096
18555
23419
14253
9782
18738
27812
5257
32732
2003
31052
4914
6974
24528
8749
30791
30227
13651
25305
6376
31114
21285
2053
18365
17208
24526
24616
4922
31317
11774
23109
14625
1321
27691
1796
29512
12993
30588
12296
412
11494
21990
31101
5478
18000
7061
16880
461
30998
16269
13412
21916
10601
9105
16546
16966
130
21315
28112
29736
29657
16014
15173
16397
19608
29505
924
18935
17231
6652
5639
2333
1001
14928
31206
19760
11743
2594
4249
10466
9387
19536
2450
26025
17536
664
23726
25792
20280
30389
16069
4464
9614
24266
17536
18573
8333
8452
10090
22851
8008
31355
24906
787
7372
3418
4529
5400
25171
6720
25039
4751
10682
26854
23178
150
17461
9217
24786
16692
6466
11370
19502
8090
4571
10108
19355
29096
17392
19645
3223
29363
29204
14017
22649
15238
13175
15180
7171
31654
22548
3767
3386
22491
23851
13973
25461
4587
1522
3990
21941
23977
27784
27307
21300
1838
7978
1386
10817
20071
7593
25013
4426
7120
19227
16534
17979
29310
10193
17518
14343
17251
26506
32335
28291
1486
14310
27302
9339
14641
19230
8477
18432
13351
31473
15295
21759
25781
6114
14685
15896
26064
14496
24369
22444
3616
7622
24002
31032
23556
32196
15623
18658
25302
19741
21455
25938
7536
22228
20065
25027
18927
14624
2143
18522
12983
6759
15856
5814
2231
10858
22557
26824
13038
17342
22652
17893
14125
16763
10252
17433
8223
23864
19809
30143
1160
10550
19969
21838
5066
31451
16141
9078
19373
22882
18724
27500
15199
17618
9092
8578
30650
26924
19058
4090
9414
4585
29917
1564
14463
29091
3390
32134
23256
4627
12738
10692
1791
59
32683
9760
20963
2276
11763
13755
31220
6475
15155
18909
9257
6168
12996
17034
27208
19087
19748
7510
7778
6666
28571
1658
26524
19879
20254
38
7222
3134
14963
5145
31941
14998
20374
17264
13507
2520
8284
10427
17482
19011
2646
86
14109
22050
17912
2807
19688
10491
28922
32387
30409
30474
6143
31014
19982
22765
885
10914
26689
24481
19388
10215
11362
9389
30858
7397
3443
10909
12174
20638
20026
8626
13907
12159
12866
25816
19304
20464
16419
17112
6846
9514
30979
26575
20817
21576
10589
31455
5130
24481
14081
17444
24036
7254
4188
28394
2383
9767
8442
15389
2258
17803
28489
14592
4851
31743
18336
20002
17755
10910
6271
14991
822
1778
25625
20291
4825
21002
27407
32484
16039
1484
29823
5552
32053
27789
22333
11700
25772
22239
10336
13118
28015
25514
13057
3478
18430
3711
7487
16361
18971
30760
24198
5766
14123
7556
27410
13389
26590
28818
14510
5219
5394
1995
194
21547
18933
22453
25484
22898
16746
10933
20654
10474
12975
19236
22761
218
20796
5030
19752
3091
1006
22967
20160
16678
5988
26247
13558
16852
28586
29192
27586
20166
32020
21573
12242
9087
30829
24821
19410
20110
10833
8528
15083
23048
16856
24609
21641
22581
32373
15389
25954
10378
12573
13427
22964
2263
22699
25508
23757
18114
23939
23701
4561
9588
12405
24035
18872
19346
20709
20342
23190
19823
32297
15961
31775
10112
6195
19144
19818
15632
29552
15499
26613
12084
9199
12675
9194
8194
966
6787
29088
13822
30898
31329
27749
29653
15613
6988
2683
14414
12197
11871
3680
31357
28602
2423
7506
5690
18184
30530
7955
15569
10230
19865
19178
24059
17070
15888
1514
7437
30078
5323
30326
9840
7294
22931
28933
31057
1140
1832
8739
31129
1268
19673
6585
24096
1484
3667
7053
20253
29599
5559
22796
18658
26575
11247
30792
5830
1952
2881
3133
31330
24219
24612
25176
21248
14385
19539
18746
22864
15521
8225
13497
17245
21788
15884
25383
25792
6950
23700
26583
7955
22335
6734
16094
13993
21187
6196
19991
24444
271
3647
30570
5735
17381
3640
8269
6806
20242
26827
21130
6970
28493
26845
23107
28033
14435
22815
1332
24261
24209
2019
26425
30468
16177
15663
18448
16272
23706
22288
7775
25095
20801
49
15353
13190
32292
13484
3933
26
30824
2336
7808
10871
31296
26628
7884
29677
23314
14651
20072
151
21205
10216
29370
27606
3262
31363
8234
253
19739
12589
12073
27726
11903
24128
626
30758
14879
27947
656
10868
24444
19325
29345
22127
3906
10303
601
30345
32112
15751
16714
25246
20154
22602
22370
13938
13612
4722
9909
31834
16399
29488
14972
28729
25360
27028
10078
28334
30879
21851
16623
25740
17302
4616
18551
21131
13339
14390
30964
14653
29639
2348
5218
323
32008
14514
22073
13248
16835
2339
28472
5902
9534
28100
28257
944
19774
10068
15173
1416
3692
3812
1409
7498
30717
745
19849
13873
17042
10896
27300
9201
9821
849
12856
15596
23686
27847
9288
25768
20429
9919
16699
6785
16496
30095
27871
24731
24399
24745
685
3867
9294
16239
32591
26519
25595
2121
25439
31946
26737
5621
13170
17037
4476
22303
14677
23043
16381
7218
27286
28179
4240
30573
6214
13339
10605
25401
19454
25826
8076
8890
30240
16847
14093
4260
20831
31321
726
20560
8066
1471
10110
5391
9060
17657
17770
29630
31808
238
20021
29338
17963
6375
18773
19286
9186
30020
19452
4971
5574
4718
10301
16048
16933
14348
6000
12330
4795
12410
25559
19749
19321
5238
21890
18051
32389
32541
26223
3157
385
15895
502
8104
18448
21006
21348
13985
18326
21348
26599
26317
18496
3877
10154
18866
18245
28730
27200
20394
20075
2272
10822
13553
25804
20569
7236
19708
31962
26849
11477
6156
929
484
10760
22276
30028
10862
7173
4471
6891
10211
4340
16902
21875
9456
24602
7401
6662
19649
10309
9419
885
9845
3435
475
7428
17615
31118
20256
19053
7726
25826
21004
28967
8383
26930
20565
18151
22257
9344
30720
26984
12329
12012
3519
9064
16824
10199
21884
755
5130
7751
26934
9443
20511
22669
29196
22952
24895
16166
30615
1861
24298
28384
14717
27803
21263
13885
18243
10730
12414
540
19043
12949
3486
32150
13983
3109
30563
26919
21652
32401
28795
27918
23186
6589
28872
27382
1963
13376
30995
4821
29962
18282
3839
16149
4487
19590
13627
23538
31608
32604
13308
24099
11465
10746
17835
3260
11599
23988
31706
8787
16217
15722
28797
2401
14984
15625
5975
14316
2273
31316
17330
28259
31265
4837
13907
24010
24912
7022
18349
30998
12441
7237
597
30171
1881
14112
16822
16420
26230
23069
10502
26018
32498
9221
1657
15370
20160
24017
30388
18104
32726
11629
23684
8088
15747
26045
208
26438
29699
6110
28364
116
11857
18862
24688
6797
1596
30094
20265
20375
23229
14182
31950
22878
16520
19178
2261
8655
24801
16156
26055
12962
15025
786
17137
18492
31193
12282
15965
3027
22726
13403
29440
14547
16453
17566
14133
12672
6553
13516
8042
18141
1740
8089
6425
14285
30018
32418
12795
11129
16020
6131
24440
10993
19355
25804
23137
24086
28106
21925
25313
4023
25281
5999
177
15610
13856
15901
5004
13310
30105
30819
18403
1470
27466
12477
17361
20281
21065
16308
8273
7632
14720
4957
687
29423
2235
28706
27196
10991
23551
11972
1606
19259
10526
7073
10311
31666
25480
23347
9821
12109
4708
30682
16890
16386
3295
31963
26333
488
20676
17064
22081
4507
10062
20578
4692
25058
3130
30364
7658
19599
2847
1890
25715
10919
1794
20345
24106
14275
8229
13545
17552
17590
11297
7865
27417
32112
29748
2554
4133
17955
11740
28679
14897
29604
24997
25098
30031
25363
13375
32194
1235
13502
17875
8068
23888
11843
7063
30080
31427
2037
18337
22598
26381
10625
17145
3209
1191
6610
11761
21026
29073
9777
27321
25687
5771
1201
17966
20318
13960
30154
8947
16157
4704
10564
23235
11060
29893
27222
18949
1085
14968
22288
14753
18002
10940
9974
6931
5328
13324
17646
19134
17243
24841
16476
19586
28707
6582
22923
13968
4965
1255
11599
15997
10292
7671
17384
7318
21113
21178
1834
14708
9785
15794
25563
22992
29718
20614
6749
15512
16153
687
652
24385
16302
22645
18154
23648
6128
22042
23290
6260
7463
13141
12521
12550
23183
25346
29299
25077
12636
17175
16645
21771
14842
2266
16671
4051
19097
15697
29949
29615
18153
24058
10870
1061
7458
30141
36
26490
5192
16927
17861
21890
20397
14520
15329
26806
11191
231
30382
1415
22499
13764
26672
19442
21002
1110
21924
18261
9956
31239
15391
20609
7114
5972
26739
22032
9664
31433
18002
32505
20914
14381
10934
23393
510
12282
7551
6068
9523
31504
26206
26101
18968
16041
24819
4434
13553
31888
23602
28668
23037
13198
2315
10037
24899
25637
15434
30123
6031
19841
1980
30724
28855
30380
28307
7098
32546
22529
14603
13353
1163
14563
11086
26086
3
5551
9109
23635
23861
8686
25489
32112
10478
15056
2313
4084
28381
24022
31172
1949
9367
30670
18089
27588
17885
8196
18981
3124
1570
5047
1485
30780
15176
1482
837
27651
26027
5820
15456
10268
31072
2266
20104
26458
19647
1203
32097
26342
20510
461
18601
13454
29408
10134
6499
14176
22959
15005
18996
9848
18949
27138
3853
25110
28401
4396
10
25332
23320
16825
19354
13270
27642
10683
21473
10594
29302
10785
15194
19506
17552
12659
9409
10536
7283
11971
10800
31745
26802
12512
20360
26669
29139
1484
29714
13278
30990
28272
1894
14688
13394
14991
1420
680
19337
24825
32354
17199
15133
26625
11325
9217
16315
12848
24019
5648
12119
827
14169
7887
25456
20787
3816
21244
6293
13820
26661
29629
26408
5376
21281
25071
14690
18724
12926
23483
25239
28412
11476
14442
15291
7994
19794
5754
26918
11629
6057
12273
11668
16104
4901
18673
28272
19967
4381
27789
19794
28026
12942
27611
31430
24643
28931
21322
9807
22882
11960
18998
12203
30763
4606
4282
32089
21686
12257
4038
7257
12432
18953
12145
3379
8112
9182
26512
25146
15789
13040
16007
4882
17198
11925
10847
10608
4001
17108
2073
11041
31536
27265
7490
25934
1264
13482
22472
31998
12636
31026
16396
26844
11523
16572
20792
14395
1917
25546
11219
19287
6819
9510
22163
24797
29184
19330
370
7342
18050
32347
32515
27616
25205
27171
26631
27142
434
28574
7484
11186
532
25229
7029
4664
30764
7050
21999
3252
31798
24883
2787
27214
17227
27786
18008
8636
22744
3228
1851
12809
3150
11617
15025
149
26395
17892
428
22622
16090
29091
29885
28285
14278
14649
23081
4084
19317
20026
574
23718
10179
15967
15847
13223
31244
25059
9087
13494
31390
2348
5603
31496
19565
11694
16843
30024
1289
10765
1370
32475
28878
15745
30195
7784
26458
24191
30799
3480
17477
8342
7884
28186
22540
12695
16904
20459
25933
12792
1967
27860
32314
27770
19345
15668
22088
12554
7928
18943
23591
22245
21048
24583
12279
10752
15495
2170
18873
18343
13839
27308
25603
11876
30786
31511
32504
1314
22638
7073
3960
23954
4241
4381
11924
30158
2670
29203
23877
15677
24800
29380
12381
8374
2927
12905
30909
25064
26657
28092
15305
32249
6034
15033
4121
26477
24391
12710
12913
5962
1600
10065
26356
14713
24524
23705
31380
30832
30882
18223
30925
11278
6700
22430
27027
28614
6182
24713
11145
25600
7272
820
15987
7868
25856
17735
4590
3961
10372
13262
11359
23125
5287
14211
15913
28277
6921
32336
29987
23463
84
7696
9289
11078
24964
21654
5041
16479
9094
2288
3265
785
261
29164
30368
23354
10881
1500
5866
15952
11425
6039
19112
21644
4298
17600
19327
31054
27632
6475
21799
6845
20396
3132
16159
15533
20879
14770
24223
8903
7351
32293
17615
26083
16799
22252
11574
30905
14395
11266
12405
24505
18501
26377
3893
8247
19410
31631
10590
10955
40
17553
30089
17656
22739
23357
3257
13835
2294
19196
7749
15174
14048
18096
24601
1854
3551
17210
20255
20610
8793
6976
21495
13181
23576
8237
8174
27550
23270
15481
22062
10166
2394
2858
21810
32161
20977
2203
13437
16680
10848
16508
19084
16934
26921
7450
20233
13802
6509
15328
27969
20445
16641
27422
23256
19812
19652
13578
18107
30984
5935
7173
13399
26837
15661
27679
5897
31743
13613
17884
16853
23500
23670
17977
32602
941
28347
28650
26117
5294
7152
14822
15494
30737
12380
26405
640
5430
750
2984
29061
7871
7636
25275
2625
15089
21834
23159
501
2908
16560
30858
9256
22462
18912
31803
31897
24613
18110
25000
23927
6740
20753
10834
5588
24168
20625
3804
27736
18107
27456
32272
12850
18185
20478
3363
596
16081
3928
15674
224
2814
30370
14892
11997
23239
8517
30346
9775
19412
13401
18653
20934
4514
30839
28206
30229
11304
17864
5580
7622
29115
30306
23113
16044
28719
21205
19398
11001
26943
11520
28528
8881
28206
7466
22603
6494
24239
5454
15663
1030
20227
16053
12304
17242
6497
21962
23170
32304
7834
30763
25467
51
31229
6396
25179
28889
11384
3968
811
30358
769
29674
16418
6736
15412
15984
21614
32530
12606
23714
19505
16900
1529
12538
21961
5787
9304
12468
14420
29453
1798
5087
4979
24840
5962
19381
19535
18083
8750
13096
19418
15253
10464
11709
29272
16036
4184
10397
25629
24417
29755
12778
5016
12307
8448
6735
11408
5105
31057
21723
17582
15764
19124
2319
30012
29099
21866
2869
16940
25073
2967
12020
29276
13404
19364
10274
15640
2711
6626
28121
28897
7603
7536
21453
30572
16922
25694
19932
23278
26564
13074
4583
12439
27309
25323
3041
3164
18310
5157
22565
25082
2218
14077
14349
30520
32597
12309
13504
19308
7440
7193
25675
6208
368
30371
1268
20406
4096
10332
25290
15210
8828
16485
15233
8472
11072
23797
5245
4189
23551
1859
14125
15810
9400
1702
18330
3830
7910
28410
10560
15451
14584
28231
9756
11204
13824
7581
3078
26750
21935
22850
13377
23693
14465
25616
10577
12087
21557
23064
24332
27847
3200
13963
12532
23435
17410
28891
6852
8735
31097
29981
24393
8941
17717
31666
4467
12533
19148
1062
13228
458
29454
30552
24936
221
571
13531
14078
26622
24180
3997
27574
16672
6768
32198
21027
13661
6256
32739
12979
19770
22901
836
13444
1579
19632
17314
18553
24922
13114
28678
19086
20388
27653
5861
19816
7908
15379
7568
17457
19573
26341
18124
32418
24818
11063
3260
11105
14656
30698
21000
21646
24783
27970
11832
2712
24860
32337
22881
12630
10875
18099
31492
9043
31251
26748
24627
8041
24874
1647
23797
13457
20899
11889
23788
8185
21444
18493
26421
20823
18749
23640
6544
2430
24934
18248
24257
18222
8905
11521
25654
30257
11744
16544
4841
5283
7456
13403
3976
17042
9782
26040
1492
28615
24720
6654
17223
7138
21791
24297
25849
23725
15195
25506
7364
7850
1928
24046
20902
21486
11832
20390
8040
1330
16658
16487
31101
31016
18641
16266
29997
26123
144
16983
32499
24954
22084
12917
32547
646
21642
16549
12751
27146
22947
20401
13804
9531
16316
2974
6065
7807
23155
297
23104
4227
28056
18802
17544
12167
304
7666
30058
31997
14016
26802
794
31059
968
9407
10697
10253
30093
8921
19841
6678
25115
1643
21328
29272
10891
3776
5544
6282
29314
115
30726
3657
28922
17191
24018
6763
15941
1913
2182
16016
17230
2355
8467
11001
11811
16834
28801
9374
4016
7915
3029
4474
1741
4537
30519
7978
7292
2490
1108
14262
13675
12395
28674
14511
15553
30960
802
8314
27671
22536
15051
9707
21699
14401
15269
28182
3677
32360
5266
21601
11900
12868
5268
30942
28097
8068
14315
2264
7703
757
28797
30124
22072
6136
19835
3546
30324
6708
17986
11356
27310
3976
11391
29239
19879
28227
2455
15951
20863
29592
27462
22399
4472
15948
25478
31977
12542
434
16306
20619
27620
25817
15083
20500
31729
25092
12219
20469
30619
14938
3320
11450
3602
20959
4587
9883
17536
1955
5554
6990
6287
24122
24035
4640
11309
2155
18546
20036
24204
11820
19669
23403
30316
32207
6245
18581
16796
23926
18952
1318
19902
20684
4365
5180
7756
26359
13143
2624
984
17608
16062
2235
30872
7989
27058
11371
9761
14858
26401
8599
30835
16091
12699
21151
25142
61
4533
25815
13891
32054
25515
30613
14950
14577
24649
22921
22370
15030
27915
10317
2614
18970
14211
3645
31391
15219
8187
4745
23262
24719
14172
12169
29883
29094
21582
9040
1994
652
929
11907
23789
22571
22508
13676
13082
12849
23667
30538
26975
23814
12110
20459
2595
8193
1736
14205
7086
23515
9734
29858
23020
28004
1257
13506
15725
10356
12084
32421
29617
32549
7922
13121
11427
10559
5650
4304
24931
24564
15189
27686
30792
462
32362
5186
27174
13029
1879
5155
19660
19797
13594
18141
26321
13807
28560
29163
12433
26927
20631
22983
26226
21614
26735
1208
4204
20313
8551
8171
8904
18850
1717
15046
7207
246
29349
19577
17607
21294
26614
14294
29442
201
6784
16738
30999
29594
27419
11180
8237
23998
23229
28125
21653
17617
14562
14481
26448
19809
4401
15589
2257
23203
7260
27089
24835
22117
14408
5049
26766
13636
11118
14910
26455
2847
14209
24666
15429
17356
16208
10924
21067
21513
1007
14352
26275
30389
15633
26739
1111
19008
4281
1510
22790
25184
11794
1008
18149
8709
3994
18729
22532
29072
10374
14084
30419
9535
355
25581
4068
10220
2041
15252
242
15864
5748
31112
31011
29826
30150
12807
11914
4316
24391
23829
3312
5183
16798
6091
16852
10173
19685
4082
18864
1144
2568
19920
25214
11282
366
20546
1915
1380
13532
12043
23083
12659
28822
14188
7325
11423
14279
14069
8432
4126
20514
26778
21014
1961
12490
14345
14808
20341
22639
20283
10266
20069
20154
8777
24417
8318
21740
28034
27282
9627
2498
22970
32765
26722
1179
15076
5529
29046
11228
7396
2705
23278
19092
4766
2560
14343
10588
31571
2809
9493
11906
12845
4555
5056
18790
23576
5763
10092
11555
18388
13490
13817
7794
5192
2160
16557
22732
4378
23712
31086
20175
3452
3702
10293
18915
2377
18999
1215
11549
31824
1344
22662
24420
10224
22858
31983
8402
9957
9452
2501
20316
12129
5473
18406
24246
15198
32140
15420
1905
2867
7737
24303
29031
13926
17318
21209
23896
16066
23618
12603
4565
22953
27828
15790
3933
25515
1311
5724
20423
12887
7077
13423
5343
14416
28714
20682
2644
12196
23898
247
16082
15962
15085
8289
14443
18762
13609
22980
10299
26930
15785
25825
332
13829
31070
19574
30391
23686
20435
20589
9484
12822
32693
14420
27380
15050
23698
10765
13589
21953
6625
22727
16694
949
18243
8237
7332
31695
25096
24540
25044
704
8181
11035
31049
14349
22340
8390
25016
19882
10221
32652
17259
24011
18980
19035
21219
21239
9763
4375
18113
5726
6441
12690
25831
30828
3011
9401
27354
1950
15690
11275
21866
18837
26797
29520
19350
2665
9840
31367
12458
13887
12277
23584
8618
28958
26619
17259
25075
24830
19556
10065
31520
24098
13627
7490
5163
32168
1269
22638
17364
10847
11767
10552
25159
16344
12633
4327
7673
23488
31466
15775
22483
22892
15988
657
2706
11190
14913
8302
16750
2312
733
29217
25081
7606
15390
20925
19787
14481
25442
18868
7260
9657
3864
26187
31665
11186
18306
15178
27195
24250
23736
29176
24444
15962
24049
29510
7403
20796
5630
587
11930
13116
12567
23280
24342
18881
28634
10477
8846
4686
2961
27380
15672
16212
12212
5675
10481
5963
11439
3552
32292
18944
18404
17273
25580
12337
19700
4777
19325
10583
17466
11754
31424
3011
29337
12071
10813
23276
1656
8376
14910
14344
5642
4756
17201
16601
21203
4034
1359
20682
5736
2065
31611
22586
11382
521
5485
15896
32261
10529
23823
32688
510
3123
2855
708
5867
8236
20279
19935
10751
23304
20129
6886
20310
31486
7951
30704
12157
19959
16402
27223
28213
3397
22538
18448
28276
8594
14405
15159
6061
25366
27755
9198
81
10766
22809
19560
8598
17257
11724
9025
30839
7620
11777
28689
14332
17048
5530
13888
28859
28594
7300
14876
20895
25828
23959
23592
26088
14843
9405
16055
29811
20720
26711
27066
25660
14435
29148
24791
18977
4676
31171
24507
1001
21204
15012
12464
1156
27596
16282
20850
13716
14299
29163
23102
4653
14934
10731
23341
24281
1836
18205
9152
8928
26392
5020
10428
18118
3098
30393
31800
31764
27175
15078
3060
21084
2080
27347
6636
7543
23809
2518
9005
4369
3419
11152
10472
13672
7428
11982
4037
6480
26892
8109
2425
25979
32244
1282
15515
13559
7707
7416
7859
22264
3193
19707
13461
24024
28559
18645
11501
8028
24734
13591
2330
2617
31512
18619
18496
29910
84
12807
18584
18772
25477
17077
21259
13004
20973
10064
1280
12247
2894
11745
3186
11860
7842
24523
27205
5221
24331
29428
11994
23227
9485
22053
25825
7188
12283
23732
7790
15873
15279
19808
22607
5869
7806
22652
10142
13659
876
14672
26002
11375
5275
1724
19866
2480
10762
30494
16813
22540
20604
7030
10459
21533
15541
21960
7209
13738
32492
3778
21915
12913
2686
28319
5522
7715
26080
7499
29272
19377
5847
19912
17914
5062
7915
6352
11862
9364
7193
27324
21364
32468
25032
2212
26650
17416
7678
28872
6298
14852
24276
6702
23535
10156
3111
22413
23304
28415
10641
24938
25188
2133
29847
19329
4575
17124
13092
26982
16076
28297
17975
26220
15427
21190
21720
5318
32188
5895
9040
14316
18397
41
27289
20033
25489
10044
17428
7666
1882
3464
32122
2337
27368
12751
26901
27971
14570
2770
32304
4550
21284
2838
24012
27127
7362
4584
3988
11812
16108
28063
2835
4093
7066
21281
24869
3648
25258
28329
6571
11158
32048
29127
6531
3256
17165
17064
9400
16853
11971
12439
20725
16184
903
20932
31808
18726
6552
28228
7140
22277
17616
7258
30639
12740
2424
29173
9566
20854
4961
28537
22614
15936
9008
1986
22933
30838
26106
26983
15335
11265
27409
27963
8285
13060
11293
19994
7931
11199
23406
3554
10161
9651
27792
11199
28557
10758
2848
4012
15918
9002
29663
20278
12156
26554
25605
12163
15766
27812
4824
2196
9996
25229
27004
28103
1359
17009
27917
16288
10085
3466
3819
2760
1249
17524
22357
22614
23827
22926
7738
21326
22140
8867
17995
26471
12932
3530
11861
15634
26992
7562
19662
14007
17038
28738
10670
21314
15538
22216
10880
6622
23270
15953
25784
29440
10590
29073
27207
4776
3754
29987
17517
22500
15663
810
4302
17813
22744
27193
29897
30837
9481
21360
23301
15961
20181
13288
12108
12980
10096
27986
3229
1117
25319
25050
4476
18578
12046
32594
20109
32572
14010
1420
865
11380
25905
3079
7568
11079
32223
2766
11784
7606
23627
27294
18596
7681
28745
24647
513
5414
19056
5972
32653
23204
19662
28654
19936
388
21467
21502
29008
30362
27564
26514
25791
21513
25961
6274
31416
3589
24833
20819
21691
23773
7964
21339
25812
2104
12114
31782
11634
30622
20122
31257
13175
11323
2565
13397
22156
2016
31148
27103
951
1355
10214
19453
30255
17832
30911
6115
31343
5976
9638
29582
26505
23024
8550
4593
17085
25477
30808
25167
16714
19239
214
20200
7300
15531
28658
20183
27687
14766
9832
20283
31467
27606
18898
14229
18776
27739
32283
3441
13020
9414
21302
31561
26907
11513
15120
16038
14726
19056
7107
16776
20783
29894
21004
25352
29403
891
14335
13116
21337
26868
1017
9819
4115
7875
5079
801
29667
10025
30821
4213
32296
18393
21785
17994
24600
25087
26626
1475
25688
2945
19963
7322
29898
19845
22308
6082
12966
11315
32659
10571
21708
23484
24646
9607
16472
18075
11356
23403
3959
18715
3717
19511
31354
17945
31416
1626
22313
30987
18468
10127
8794
10561
10088
19021
18370
8811
18694
25182
7178
5724
18453
19661
15653
19469
11575
5894
19682
16357
7627
16697
14781
6455
2916
32767
2555
6413
30585
16704
23798
26148
8030
30804
5813
23095
9330
30056
27071
13440
1179
19492
13105
21885
30447
3467
23823
26608
180
22818
15064
6953
22155
2388
5213
21127
24040
32533
21202
28221
25285
20678
1062
4434
21912
24664
10384
2284
9602
7349
32363
14541
2761
29275
16451
12574
21896
12106
2352
20843
5285
24097
21346
7408
10500
23684
17662
9235
6394
12480
16169
10033
14341
25266
25441
22173
30394
23525
788
21478
28414
4858
11627
22617
121
1613
20327
9415
4424
18901
6704
7817
18162
11340
9130
15808
19358
14224
30024
12513
29571
4170
32037
22898
22175
30925
5457
1550
12972
31553
5480
3503
10576
32512
8810
12333
11924
19776
12486
24577
15255
18675
27832
22863
6532
24043
31957
10788
22721
27458
21221
4092
18537
11513
32496
20103
509
26847
14492
25516
23894
25268
4790
15567
24798
23439
3342
20815
512
8317
30856
18003
18909
27755
24944
32711
12865
8518
29710
17057
20181
7264
3962
19561
5782
10774
31410
1016
24965
23728
28650
10112
28320
19080
29219
7116
1554
30575
8447
16585
2983
27980
32468
28486
5506
18438
23807
1016
23314
14500
25211
7105
4162
17331
24754
25905
240
16104
27282
11086
161
20999
25060
32144
627
32515
28377
6448
27987
30055
5606
30627
111
13556
24530
9825
23534
17292
18446
19434
479
31311
25924
32267
25456
11779
50
19805
20065
14009
3257
10768
20152
6829
14641
1510
22709
24687
2048
22402
20232
19520
10091
25315
14658
3263
31660
27436
16010
6853
3908
12710
14481
20621
23954
26119
29384
31768
11173
27637
27088
28879
25423
6598
7985
23659
9338
21642
21840
25362
191
11595
18331
18114
5429
25491
13063
7667
30343
28975
17084
23928
9034
819
13582
14759
28813
1086
19632
8889
9393
7167
25124
24692
13435
18424
10614
4359
22119
29058
42
3893
24639
9490
22387
949
8941
20154
3750
9689
14478
8179
20973
28527
30919
665
20800
18405
1884
15671
25489
27312
12542
11397
27207
3309
2661
13871
2286
1609
1439
22744
1325
287
29096
32095
25336
30177
6202
28001
4358
30137
28134
4863
14726
2160
2148
26081
2830
8590
20264
10618
3540
28867
6709
24718
22816
4485
13110
6642
15617
24059
27851
31380
13376
26906
17441
10427
12946
25614
16581
31887
8977
29403
1722
6619
10989
13380
20169
22290
1119
236
14616
5520
1503
9659
11774
28451
10647
7555
16662
23754
10519
3555
19090
15036
330
2924
10962
19884
29353
26883
27702
11596
20910
5766
14128
14352
15244
21171
19613
29748
797
13381
31317
512
27164
20063
15872
843
31380
29742
2604
7230
5272
24523
24989
29018
1077
16478
15588
18108
13221
29577
28212
9376
19909
28164
30576
9509
25802
6020
1672
20304
28975
7650
3078
9042
15601
889
8164
15374
3839
27856
10401
10710
10988
29049
30868
27253
30952
29752
21887
8819
27118
18024
7783
31636
27711
6811
931
19618
1038
2689
1332
28268
23677
13323
11092
25103
25800
12751
11601
11380
19904
29359
31388
2842
31612
13493
23069
26134
16203
10050
5066
9048
28140
30824
22648
16175
9730
20884
23537
19984
23234
1904
21830
19347
30447
263
22887
23230
11272
6699
17392
23430
16832
1299
8774
31123
31150
28489
21731
6212
23366
28100
23278
16371
31752
29776
31759
28794
6135
23607
17537
31989
3661
15898
1897
21706
5741
8992
23398
24039
16665
20819
17769
17483
6629
14150
1479
25288
31979
15099
15244
10503
29889
28677
21011
8908
13480
30954
27859
1147
774
6091
17788
24796
10263
12871
12355
27675
13535
19612
14969
28691
13923
16399
5987
21963
10520
12431
20294
26689
16540
1429
25793
13415
22436
27214
25695
10860
7222
6396
4717
25660
19480
30106
11017
13642
5512
15294
26748
26509
28717
17348
17354
18888
590
9001
9095
29455
26178
11317
27883
24455
25639
4317
11049
19053
29655
11495
16637
26970
6936
15183
22660
27845
31763
31466
1361
27081
10248
1609
19645
4392
2623
25312
2174
22417
32578
2919
22396
29470
27721
31105
4320
21025
27382
29340
28013
28448
23874
7192
23315
9758
32184
6827
11969
28444
16353
16644
10364
8672
5375
4526
32174
9973
26877
6200
24000
14835
27559
23955
9450
8449
31255
31675
12618
32151
15471
5273
3636
6793
19406
12329
27082
23361
29820
17880
2252
12363
26728
30000
11441
13592
30165
12726
8182
23291
5712
26131
23734
17784
27109
21107
379
15294
29330
10795
2132
21362
9212
13470
29735
14510
7009
30049
26697
14154
5070
8093
24140
26970
27282
22709
28184
12023
18418
3625
23613
21315
16414
25275
25224
679
100
30416
26325
30303
23716
4120
5155
31033
20740
25713
2542
10649
19428
3081
5561
7361
21525
24259
10986
18255
24389
16605
3290
20231
27838
8911
24365
10707
14417
14454
4191
11784
6540
11121
21152
30699
25396
19660
5858
18548
22255
2523
15920
16722
320
10345
30017
8750
4536
3603
28237
27444
875
5870
27935
2256
10658
16240
22892
27829
29903
9613
19299
14372
966
9504
18053
23403
21801
5005
5815
20140
11556
24228
917
18399
859
4809
19978
4634
3361
3154
11293
27152
14315
22577
14094
985
10244
2003
32674
7665
3970
31816
15547
17794
29048
27811
18475
12262
9581
11172
24010
19815
12045
28820
20679
31050
15903
10097
11067
27405
27319
3147
27652
19692
429
5614
22224
7082
30029
29633
2680
13197
18000
8942
20880
11947
30988
24259
24892
30820
27367
28761
31300
14896
7185
8563
8299
1435
16755
22184
23549
24461
13026
5317
14760
4303
2457
30061
31884
24523
742
20226
13973
6035
31523
5065
15113
37
5352
11336
8029
11246
24703
20723
15949
16012
6040
9992
28972
4312
16702
9400
29560
22052
21002
135
9393
9921
7319
12277
7275
5061
9781
14686
17571
10250
13282
23839
28239
31354
9078
23034
5176
13706
25885
20668
16396
14341
10506
2844
17839
13067
5482
10727
18643
26969
6295
32346
16584
29643
11151
4815
28309
12062
6308
9885
31047
14075
6773
8505
9353
4657
26396
16545
21877
29763
31657
1786
22954
14370
15312
11127
9375
30779
14814
4734
30519
26548
15089
4358
9621
20723
19305
32580
28465
23905
30618
24198
7467
2669
31939
5727
23264
28627
1604
3332
31932
15134
19211
7926
10575
1131
8016
14817
6306
24689
20098
7876
24011
21438
20865
3923
28351
2883
13581
27290
24168
32275
17535
31970
31991
23656
19638
1752
21116
28647
2901
16364
10163
20773
7724
22520
4385
5737
1779
15394
12384
24500
5950
8963
8120
25598
22701
9225
15343
25539
17763
24089
16481
9406
25786
29049
26963
23285
8245
20718
4228
8949
25783
11809
30725
29023
25586
1351
14155
7075
2593
3073
32387
24076
31738
1921
9253
765
12510
19951
12492
3962
32084
30475
23877
6377
8629
19
14053
10266
12585
26343
24096
19846
25809
107
4952
19156
12102
3629
1523
30114
9283
22344
6576
14209
2206
18568
5691
20289
7805
24526
29951
14192
454
26294
16699
22045
10455
16504
15960
23009
23928
20236
18554
26657
16909
13202
9045
141
14097
28144
11074
14828
13503
8125
7313
15388
27922
30302
25889
6996
18928
110
13359
30893
7074
29284
15468
3041
2952
7791
23634
31314
9995
9125
8375
8014
5842
6237
21923
10641
22073
13273
6495
12811
32511
15145
9678
12260
32062
13643
17408
28094
16289
10903
7685
25658
14289
29531
25343
7613
16176
22978
29051
1908
13258
4858
31746
21397
24969
21397
23530
20712
2984
816
1650
23431
10857
21331
22543
19170
12555
15769
10752
261
28662
11537
26152
32542
26426
22243
3357
9017
7479
1591
25213
29519
19869
24402
13185
6527
1176
24066
27604
30107
31300
4925
27813
26598
16999
26117
23035
14620
9311
23438
21064
17331
12121
10915
17474
16993
24260
7750
22254
26590
25350
2967
6141
9195
25197
24311
25692
14739
18024
1132
16135
2737
26871
12103
2590
15538
13920
17669
22074
6812
5924
28532
15361
22607
13873
6679
29688
6924
30553
24266
8345
27443
12803
9641
32422
29521
1056
31791
28604
12377
20833
26523
4907
30514
17063
13976
24837
29554
22972
5660
31605
874
27968
28049
10834
5474
8422
17971
13556
27173
11744
16825
3655
24769
3991
25655
1821
12168
26784
13635
31433
11866
13291
31831
10729
5671
5694
7286
14211
22959
25570
21266
31828
31628
11933
24110
9316
1395
28640
19904
19166
1207
9024
1113
2079
12302
25898
11015
9741
6808
27091
7291
28330
6173
24687
2919
18665
13975
5795
26666
6080
28912
28732
18863
3966
32524
1825
23954
30047
26378
1926
9093
32093
13255
7267
30707
14922
29860
37
12771
21532
27274
1443
22558
30856
1579
11603
12692
14802
7050
6846
13564
20451
28349
32305
7099
28572
32241
18102
7175
11370
11440
12354
3660
6170
13407
560
462
5359
32267
4590
1169
3570
18789
24055
8822
2442
17674
21761
24486
19020
31752
7543
12851
29204
15518
28969
16125
23381
23620
24899
24019
7341
31979
5755
10459
27325
14214
24975
6964
19511
20425
12271
729
21560
21809
14518
18889
22233
21828
30175
23141
19457
794
15798
8985
21629
30748
4236
32062
5458
29196
28335
31551
23889
12870
19098
25083
18669
25157
27496
20843
22602
8552
21391
24709
11158
8182
32714
12384
22940
27489
4695
15000
5270
20423
15971
24308
4419
29374
1987
29766
25658
2897
10980
24723
18814
23366
16645
31860
2642
19875
29859
17852
30031
24176
23093
9563
7347
12221
16666
19587
20220
28647
4304
27913
32182
29976
1638
20749
1681
12813
26164
5597
4790
26652
30153
3607
91
14965
21029
3854
2709
1704
30249
11631
9070
9831
1355
11557
13368
32397
11918
10361
14369
32608
15282
12926
25863
31251
8359
30892
22157
28560
8008
10187
28526
15476
21318
6163
25873
18010
14946
1169
10590
3676
3296
20940
9937
19671
31288
10153
716
31343
7694
25228
23090
27219
16740
8128
11313
22978
15375
26905
26463
6351
2663
17367
19721
12385
27459
9934
7879
10621
6693
7108
19028
22984
31153
4123
1949
22855
16996
6320
7448
1386
2434
11522
15959
13641
13392
7575
14557
813
11140
18843
25392
20306
25338
22475
560
24555
2472
30353
6310
16999
30164
26480
21792
20979
8580
22947
4605
1856
19255
22529
7108
30086
3794
20004
12730
6345
2781
26826
29875
22875
26095
21883
14376
26786
18535
9581
27018
23323
7773
22436
470
9119
13785
20061
13674
21477
3394
13229
22039
17993
26137
4454
7031
5323
28647
8250
17792
347
8051
4643
19802
13140
1593
23554
6254
28230
15896
17030
25024
9720
15691
11855
19838
5037
9882
2899
23257
12455
27089
14209
10259
14826
18546
17573
15577
8514
4775
4492
20180
3975
12410
32360
13435
23584
19272
16501
31275
7622
11123
6365
19833
14474
7768
29402
12999
3354
30849
11546
14613
11584
2075
4711
8218
14763
2986
17799
9363
19698
251
9313
26332
6102
24666
26210
8125
4808
6150
31263
6022
26795
23522
26172
4958
32474
7533
12684
11480
15981
16372
5753
18375
696
23815
1447
6740
20757
11561
15316
31565
15844
26827
28419
27328
8911
13692
22233
2249
2643
29530
5191
28328
29819
32460
15465
7702
22767
14963
2734
31450
2606
30045
32314
663
24088
380
26248
14056
16303
3671
9044
28078
3614
7168
7096
31657
27899
6726
12437
27974
27081
2091
11828
16824
6849
10137
301
23626
6866
6480
12936
8180
1766
29987
28451
26924
24679
12900
7763
23038
30977
29853
19406
11359
19370
4224
26825
32447
26336
23841
10333
20189
19506
9571
31535
5855
26882
19888
28240
16546
3209
494
29026
25423
32540
32686
18429
32559
7853
20646
10833
11200
9364
2401
22796
27656
30864
24629
10366
7465
13576
12406
18170
13110
16535
15849
17024
14405
8392
19579
4506
16837
27166
24627
9092
20498
29016
14694
15247
19527
8690
24874
7111
6228
7663
23052
17108
25936
2774
18694
16670
17424
12283
10923
26933
9208
18943
26789
24431
13329
14234
25441
19667
23132
25496
17417
14645
13670
4130
10931
20643
23581
26431
3288
6144
20450
29851
22535
21743
21727
27782
11482
11507
9371
25663
17962
16340
11979
24435
24703
16708
23660
22273
13770
21954
2318
7424
24919
14015
9843
16899
16381
25087
15960
24475
8344
22595
18067
27678
22713
12069
31582
31655
4507
31299
13299
4702
24921
20383
25945
27642
1119
27462
18301
23684
19230
13872
20612
11869
4101
13416
31328
8578
18860
7788
1697
28687
3410
10711
13454
31746
5513
17725
7541
2626
8496
19287
11071
12000
16034
29024
23879
20124
22317
29886
20333
22955
3782
19429
14182
9143
19450
24185
19542
32040
31784
2226
19616
29090
26606
28165
5628
20430
11233
24321
971
24158
10625
22135
1960
25163
1132
20957
12352
23137
32721
2292
4707
5118
20520
18601
18523
32023
13600
30009
31612
22395
28633
30617
11260
12636
26964
6677
11013
18187
7464
6199
31497
12803
7286
26090
2646
2345
15646
29151
31722
22098
18739
26416
29320
1286
17069
12868
4619
11908
3934
19698
11003
26373
8488
5609
17502
28741
28268
14159
30672
30016
20165
24744
21462
13113
4087
22522
14448
13313
22306
9774
25069
32118
8764
25274
5635
23114
32189
25213
10015
8198
17052
19946
16890
5710
28795
25193
14701
25446
30751
25338
17542
8693
2594
31772
25307
1033
15852
7917
23326
10076
9439
6034
2034
32470
7634
25305
26365
30034
31937
1821
7743
11685
23234
29803
27554
988
8763
12258
13010
13254
11091
20064
7502
18611
31910
603
192
14970
1085
16652
32650
23489
23741
17107
6049
32120
29406
25303
5022
27559
7967
8685
4626
10090
1977
20667
5914
569
24273
9501
23604
32365
20721
16071
21073
6400
14265
24364
2604
24725
25810
22687
30425
32184
6436
30904
16033
4198
31817
29178
3597
1744
10305
2226
8513
20828
7527
1826
30603
6125
12963
15583
25916
21604
21986
3448
30647
30311
12483
21080
24519
29793
1427
5102
22070
28105
22652
24075
11931
17064
14585
13195
3187
17493
16269
25911
28275
25475
5045
20458
1053
32638
3611
17907
402
15026
19212
10171
26023
30829
16684
28584
26170
26598
12393
13632
30407
16509
32045
27538
7478
4932
19416
24273
2295
21951
28781
13635
8273
2536
1675
30553
30711
10102
17824
25376
26845
10847
25945
3800
14409
27292
9821
7905
1581
8492
21306
4831
30132
15963
19871
28182
17435
30020
31693
16150
16834
8341
10824
19101
24963
25746
13778
23993
21058
12893
4505
2861
22213
4212
32176
22550
20422
19579
444
7118
11335
31292
32752
5905
13350
25580
29755
1630
24817
20399
13247
13216
14587
15967
16518
19214
24752
1929
1392
30544
22053
30393
3696
2275
2804
19960
4344
11454
20550
20882
22706
30262
18737
16669
27761
16415
22341
25014
32615
10548
13665
32142
664
12217
13515
31910
27278
12382
20608
31446
32079
19559
2761
32532
15500
31498
18703
14323
16411
18968
8688
24938
5288
4576
20883
14295
29351
8273
18488
7235
24972
8030
1811
19944
6975
15015
16218
23792
17354
18517
26525
14976
18773
31045
15190
2549
85
21610
22721
5998
20480
364
28909
6026
772
9877
15891
5235
4216
24046
13352
11291
28947
1445
8110
965
21660
28594
9935
5320
19361
13498
24748
13967
14700
11828
30451
2533
8755
23498
1455
10607
10639
14338
11621
17274
21807
16413
2908
248
26574
13120
3132
24004
26722
19665
19675
22062
10647
32292
32083
3507
25979
27479
31320
21260
16763
12154
4296
9579
20110
11251
8068
7937
22960
26401
2943
26819
8338
15936
14868
7022
16016
28301
1437
12744
26083
14762
24641
28713
14616
10563
6413
25915
22720
13810
30534
26622
31082
21856
8190
14095
5582
13230
31206
7465
4427
7187
867
16108
24212
21702
20196
30173
32422
29214
6514
23727
27645
25847
12169
28865
17927
18521
5158
27879
20697
12884
7713
16749
7457
3118
32701
19801
27739
13761
27774
15601
9544
30750
20794
12669
27804
2934
21107
5710
13815
13371
1252
18175
24855
15234
5210
27387
14156
18092
19653
10815
23852
21061
14735
8034
3207
21548
20268
10962
10910
18676
21235
2912
3727
12427
29996
24575
3092
15897
20842
30408
5741
16171
18715
3394
3995
32273
27741
26081
6095
9092
25875
22220
28962
23437
6200
13795
19334
16802
29044
17921
3325
22545
3309
2430
27145
3746
13152
7673
25187
7287
23664
1364
30191
12600
11070
32767
9712
16749
6457
23674
5753
29227
17208
24597
25636
26611
3270
11515
517
31959
3516
18798
13281
8670
32278
11348
30876
28586
5119
29427
30961
10840
2094
9209
20070
15528
13429
9151
13950
28254
151
15822
1584
23016
4443
26531
29080
25920
28126
8367
31725
16916
3885
5026
9139
14629
3603
23785
7985
17645
25392
6773
15654
16260
27979
10431
15800
10180
12778
12553
14253
16812
3103
27878
24029
5634
15780
17148
14567
5436
5674
8457
10532
24993
9455
14116
17625
1196
10383
30790
26289
5041
12572
1032
106
1986
10352
23982
1486
19668
13506
5221
997
19486
10616
16585
14441
30146
31292
31658
15738
3503
25682
12816
7571
16326
16937
31356
25533
16188
15664
20337
31746
30015
20970
21299
30757
732
23109
207
3216
6688
4648
28251
22926
29309
19019
1151
21690
23664
15691
20277
26296
14433
15102
19404
4386
21707
7684
22579
12485
30620
16286
10100
12302
5855
24003
24447
15807
1176
10097
17449
23526
4591
25410
4980
23312
28049
25663
30481
5562
16724
16632
12067
8
21274
213
23110
24506
11511
13223
32464
16475
4246
10114
14679
30651
14808
12495
13427
20128
13503
14493
19908
8633
19083
1336
3127
3795
18978
28925
19334
591
12213
876
16638
14548
28577
8319
15749
2369
26771
16954
20699
2790
16624
28804
12832
27635
13172
27445
4503
3120
3865
14960
14249
12271
28218
6451
5421
24384
26872
28204
10470
17763
18141
18127
24141
9347
29631
2213
18833
12705
15335
19687
25821
27854
4979
6731
13017
18845
27897
28958
27251
15320
25453
23955
4063
31858
15173
1115
7900
6845
32474
23925
10810
11741
14866
4424
5273
14973
6460
11247
18035
8384
28475
6868
1373
9850
26343
10368
20617
29089
25520
27313
26256
1790
21893
22189
22638
8488
1012
28631
19918
29619
5266
17536
24201
11941
20637
11519
9577
22057
28128
260
28722
17032
24279
14121
12515
23636
28180
8906
5177
26855
10465
17431
24949
31500
23847
24167
1887
23547
11918
18640
31371
139
1766
11508
18651
24227
26054
10269
1605
14065
21362
653
30422
9951
31490
28943
6647
5827
12225
5330
31472
22614
25044
11639
27306
2408
17948
12649
1721
3794
13661
16493
12697
15275
1695
9338
24632
30911
26836
21706
24757
60
32700
12081
32360
431
18438
23470
10018
16943
1720
3648
30134
3288
18384
6906
17848
1916
12331
4186
13444
16276
9895
19415
13186
893
6277
15545
4009
23521
23825
18733
4674
14707
31876
2457
7919
10975
24105
20013
29419
12032
8639
8891
27027
30548
10271
17608
27174
11950
3870
16355
25289
6187
9397
9269
29902
6759
5471
2906
13877
2801
22979
24431
11379
19964
10131
6252
25715
7767
27060
25524
19419
4511
927
27115
12176
11443
25607
9992
892
7272
10940
2219
22415
26238
26063
18096
7683
9939
10743
10756
9957
11479
2611
13751
29905
3392
12977
26195
20221
31743
10991
31597
13432
626
800
32633
5300
26075
28881
483
28995
21009
7884
14171
19678
7285
13372
29808
2987
13096
22291
13920
10432
3195
11689
11822
25827
10919
9125
502
21139
1983
30241
14462
25421
32226
19209
781
23048
32693
22468
22912
18178
13584
23319
7322
28862
20472
28230
12956
20045
11726
29052
21013
30414
6341
5996
28412
10801
15770
21561
32252
22336
10623
13203
527
17119
25688
23076
6222
13458
31529
13866
30216
19521
3791
9061
3345
25912
15087
1587
19036
10866
26925
8698
8908
16407
25758
11974
25160
9795
16767
29235
28942
14601
27943
24462
841
29112
31290
823
26341
19804
32032
15689
25506
31880
3253
3965
24935
16467
15170
588
18650
6305
7085
25940
21037
10148
9964
28413
13882
28322
5567
32604
30163
18424
671
2648
11091
16991
26609
27915
6777
16750
20096
12907
29303
1888
16426
2857
30277
3096
21210
31961
32571
17762
24502
3156
3551
17532
15001
26458
23804
19669
32195
20860
10996
18452
15823
22585
11606
15196
14822
4712
25267
8654
23603
28374
13998
20560
7830
22063
11347
18061
10141
9250
682
4413
13232
15296
1931
8615
7819
15141
3251
15972
8434
4699
13080
29029
5791
379
122
5944
24704
16917
29499
29574
14111
24530
2160
28385
354
1112
26680
25020
884
14958
11341
4283
31235
27745
29912
15918
30124
8614
16266
29912
2739
16320
13544
28660
10488
21093
24550
17530
12326
7900
952
12190
5166
1705
997
11929
9716
32108
4765
17325
21575
5639
6476
3171
30999
27391
3951
3352
1762
26149
13223
21943
10864
11125
23307
25544
13504
11070
19139
26026
24898
8067
20435
17180
19527
30881
2356
3843
11701
32051
6185
18023
11263
8499
10960
190
23380
22626
5367
30061
15639
26601
27442
31372
21392
31552
21546
24809
7649
79
1080
20816
4155
3795
5939
3850
23633
24324
15494
17316
7693
4981
27013
14322
16514
23099
1537
7762
12067
10577
18201
21045
10034
6715
11348
12508
15739
10474
21229
28512
27713
23008
4974
4597
15737
2964
7552
26735
25910
30488
1538
13318
24677
9209
31576
23126
27578
21351
5126
18858
26346
9877
27517
29305
30747
1123
308
31281
920
571
3579
2868
19402
21560
17293
26144
19812
2190
10852
6228
11229
4646
4561
31664
16931
26248
17995
25499
11150
13054
520
6987
22802
27894
19402
6465
1722
16809
14332
3090
9553
10490
16381
9325
3170
8097
9148
16474
2148
19592
2437
23488
6446
5493
20506
27178
29873
26346
18182
32202
8677
13130
16686
24511
16388
27964
13737
32147
19959
340
25297
20488
1549
4849
10138
7956
8691
97
1827
18218
6881
29260
2699
25531
14865
31311
29958
765
3445
1255
32304
18155
5289
8849
1697
6029
14887
27695
31425
19065
27834
1710
22493
25498
27957
2534
1915
21296
9316
20161
1259
21784
5443
26784
287
21838
16238
19962
30909
32176
1497
29766
28785
20740
28097
25372
19336
30525
18914
663
28859
7930
9707
10493
12616
6224
1583
11170
9800
3273
20381
30473
30780
30892
27634
29261
17641
18815
32301
12735
5990
17867
15171
15569
9843
8735
15125
27443
19724
26455
21919
7483
28990
3614
24690
21386
19770
29618
24676
27117
20136
3048
902
31105
61
29807
30550
9755
12688
19800
28470
23270
20777
31446
28445
14926
11483
13379
11917
17693
3157
1124
10181
31972
23027
7918
10039
1437
19930
12105
28476
2702
20291
1171
17415
27249
23
16104
29655
28369
9917
25057
12145
4791
27183
28762
18126
7302
5204
30073
7697
3876
20106
7916
28348
13914
3201
19569
10530
21118
6480
14492
2592
10063
31426
7893
14600
29216
7921
672
478
2873
2071
31777
32711
13946
27296
11743
19390
26433
29060
18376
905
31630
7379
15221
15595
12901
28306
1456
14620
24948
22981
12595
27766
11766
10189
30387
11889
19671
18420
7709
9681
3609
15687
1312
17694
14198
7844
28395
27477
29255
23827
312
31965
20644
17497
4745
2236
11725
27083
11697
19979
28104
32097
28311
13735
24652
12555
7223
5162
19166
10824
9193
18458
24122
12788
23014
2144
6900
5729
8968
30459
26975
29610
27601
19445
26798
22084
4271
11414
14681
27606
7038
729
18115
13899
31311
26908
21529
29989
4968
32283
20605
14612
23180
13599
13924
21959
19324
30323
31292
9730
28093
9240
19539
22001
17820
22201
12788
10172
22128
26337
14803
26203
6687
5740
20394
31404
4579
28220
29477
22210
21582
9261
22012
11136
15500
7498
9566
7271
7913
24641
662
26029
9874
3092
28393
10383
16544
10002
11965
20968
14418
23046
26625
20225
26778
27566
32712
1195
9948
4206
31543
15499
19186
25158
26530
31926
30835
5378
3570
32126
3381
15024
30026
12683
22800
11351
30954
5165
741
27366
30035
12784
16095
3179
20651
8049
14841
2437
25188
21105
24257
32540
32281
4392
22363
14415
9656
27611
28872
5294
9958
29873
17257
7850
10143
10691
17598
26185
26141
17778
9844
29727
12284
26877
9887
26745
21659
21843
13636
6875
5829
9765
4890
19885
24977
17216
19857
18993
17542
31770
15380
30904
31491
426
25227
18710
734
12925
23845
32595
1612
27911
14676
14499
7425
23607
24601
15512
10392
29262
30081
28311
20532
1520
20848
29577
24424
17787
30109
24530
3156
29849
9438
391
26897
10257
32678
6875
1104
29667
18891
8411
32061
16275
15757
21084
3754
13509
4053
15153
21865
31754
2490
30625
22009
15354
23369
19480
1382
3715
2950
25884
22890
24704
10670
21379
9176
28557
9151
6371
15674
23066
26170
22603
17081
30143
10536
32560
27454
24527
3675
31402
14295
31792
29942
19681
860
22122
9776
5825
13650
6397
16212
27126
7183
3832
32012
30484
12831
25543
19424
27669
21223
5453
16890
5897
8840
19507
26156
8457
11527
3711
26676
30061
170
104
11838
10559
18341
10088
23466
30447
9461
25492
13584
8775
22669
4905
1409
22690
28336
5223
26896
24921
32414
6562
8337
12927
15474
918
21153
15822
25163
13819
24039
2528
13482
6745
8345
27555
9755
17694
22849
29703
24088
28910
1217
26105
10026
17466
23956
18581
2129
5396
24664
27031
3494
8001
31113
25619
1087
24720
16528
32615
11603
3947
25596
31341
11422
24492
11023
5877
13831
2482
12412
31090
16001
18355
14959
12531
13359
15699
21454
31573
459
32118
2750
6583
24904
8787
30826
18735
16822
11211
30208
13243
17511
6136
8955
28027
5456
27144
8360
21021
8881
4940
9955
22168
30713
29324
22050
8989
16356
23966
27318
2378
12774
26934
13645
10914
28364
25344
31930
25402
4257
12780
11513
19636
29134
4298
30573
28017
28550
22294
18541
26627
11105
17429
13823
16097
4167
33
19427
95
7824
18496
22740
28381
17257
30716
8458
31038
16250
25967
6659
6044
24774
17310
4995
24633
5074
32520
29146
26809
4105
18558
23909
18319
9055
16948
2903
18870
24885
793
953
12449
14460
25700
2224
3188
13598
19823
767
1652
28825
29129
6092
12220
30189
13703
19367
10291
7353
11226
22216
12730
8097
25575
3736
938
29170
30674
2164
29309
6281
4636
22957
16331
2545
23856
6355
9849
22987
4408
1075
30509
13171
5173
29086
22788
26592
24655
27500
648
4812
9321
7873
32476
6933
21241
32527
21306
4708
4887
17116
6304
14348
18388
7622
24005
9013
8652
23492
25938
22585
28415
16814
5199
19790
7388
22272
9435
8806
8351
31963
28961
4179
14813
30284
27271
21295
17245
17873
4392
5115
1578
1049
32645
5510
17126
5132
24183
10384
25953
22539
21865
11056
5739
19577
19139
6003
8166
11130
2217
25926
22303
32250
6630
17302
350
15858
29475
27829
26299
28134
15453
6656
1844
18867
20118
23231
9725
29831
14794
21068
7959
18481
26404
8568
15140
10651
11122
32554
30074
1684
24023
17481
26742
24787
18111
28380
21522
2617
31512
24688
29370
30295
30656
23482
4188
17712
4409
1406
6079
27456
2980
27824
2581
6845
28397
24024
5331
21020
27459
1467
14784
13271
25035
10039
15692
2926
26005
26735
20260
9132
18639
31528
8451
21035
2616
9331
24523
23578
14040
26509
17108
6206
5103
22531
9604
29239
9515
22297
24352
13061
25373
16493
19681
13002
13806
18904
16971
22481
2126
6805
21434
1744
1710
23973
12094
26730
24239
21361
30632
10232
4826
9906
21989
3977
13969
2190
13451
9511
9797
22531
22962
11613
4074
22665
21253
14070
24488
15347
26649
5126
25812
919
1789
25647
17182
31918
24338
5149
1036
23550
7708
30291
23719
15542
922
22826
31604
1689
15955
15894
29349
32606
18482
5676
4753
2903
13395
10209
18530
24914
9054
533
21773
13757
21012
8272
28808
8461
30247
9291
11575
17760
23887
18610
12199
30560
666
28968
3710
28267
3588
31628
28338
16370
29255
13946
12282
10783
7412
8469
15746
29115
27843
22532
22243
22350
25127
21435
25938
26504
15910
23548
12567
10975
872
21661
2882
30842
3470
18315
16281
28750
12997
20495
25300
24711
9114
19280
20749
6697
32016
29210
28786
30967
16623
16349
3133
8852
10336
19193
23526
16616
1207
29240
2710
15301
8848
924
21216
13770
25373
16476
684
20616
32702
25129
31603
31716
11218
1461
690
21692
2254
7798
30360
22222
8332
22440
15106
26069
23013
1681
29354
29172
7041
4616
22683
15192
4334
29496
19945
31002
17904
13218
28574
26466
3096
3169
18679
210
24216
2738
30161
26402
14422
23987
18782
16135
4159
12651
19740
858
28638
15115
11272
4982
22573
23155
24079
226
26795
29944
10181
24624
31918
28005
16985
8484
13051
23871
16329
12825
5012
29518
32594
29345
18385
7000
17963
14700
6322
21296
20594
29035
10100
20720
28263
4660
5218
24194
472
30633
2030
3685
28636
23764
20992
11693
23236
32278
5006
5964
14415
9857
9837
19601
6173
11394
14183
30446
11878
8643
18061
14078
30444
14927
462
25798
1070
12024
11721
9532
20191
7926
4320
30981
6550
13520
5262
10371
15559
4736
4346
12559
28402
18642
30412
6019
23834
24077
19263
17404
10105
10197
10871
19166
5746
31824
17430
18200
7111
32392
1546
10665
29708
2576
27048
8803
31836
491
5887
1518
4170
1705
21094
21777
1050
22483
26712
18733
3890
25737
2946
2570
15051
20330
22809
28886
10476
27060
30577
31851
18329
27052
716
23249
17480
24641
15472
11268
21396
12780
12284
25079
8501
5850
17147
25048
31792
26189
25274
19094
4939
12608
17495
1185
21956
28746
27419
32497
19522
18628
26889
15689
32268
11566
3511
7101
13945
23759
30557
27506
16040
1692
14892
19621
24432
4955
4577
27118
16282
23304
20889
30918
29262
18808
1511
9032
18892
13884
32036
16180
16989
29640
10758
30265
6536
22997
5236
17268
25992
20227
19609
27188
16638
5571
5176
18944
24292
24692
12863
13275
6850
28876
9374
9414
22820
18042
9305
2439
19531
8457
12252
28585
28963
22792
3984
18372
22645
21608
2219
7422
4190
6693
12876
26066
16896
18729
8391
21008
22391
30317
23357
14885
15886
13921
20337
5021
6323
21902
14294
3814
30377
1145
10221
16983
25213
31435
13005
1648
23867
21936
24579
26468
6625
13693
25245
20436
3348
24213
18050
20702
9490
24973
2053
11094
15848
3726
18873
32339
9701
14331
7302
16110
17998
2132
3580
23878
17491
28507
28904
15048
11842
27253
5157
21933
2299
11346
23477
19907
20900
26576
28688
9841
18334
16925
30652
27125
4791
12316
3870
4593
6561
17163
29328
22822
7331
10338
3764
23167
26766
24830
27399
8529
13811
29566
8889
3809
2195
7662
24508
14631
8983
19107
3099
9937
25345
19557
11661
3211
6371
9684
8010
28542
12494
24580
7709
20758
16142
13419
23226
18441
17684
3581
1619
10901
17076
9621
3430
11785
26513
15767
29913
8070
30933
16595
3400
6663
16165
18605
28830
23967
4308
20091
32226
11266
19542
3119
18260
20039
22264
20534
9913
10220
29647
18592
27635
31515
1774
2432
22996
16939
6364
21142
25908
17002
11846
22571
27201
15386
18416
4925
19479
23481
7921
23772
12945
20614
28960
22740
23134
11328
29130
29580
11095
28721
12966
30510
2319
27499
6410
31752
4524
20050
13150
14387
16118
5978
722
29298
7598
15634
3404
7260
3873
14690
19364
22462
18685
23056
18452
27451
1890
31369
234
27189
9532
2783
25472
5105
3793
2062
29550
11765
17046
18819
29182
23989
21575
18399
6625
17775
9782
16632
17184
26708
19684
23840
853
6632
20686
14763
7706
31915
17033
31915
22978
21497
21777
22014
3143
11567
29279
4491
29828
9231
32313
7880
13220
18022
15182
12672
31451
23275
1666
24531
16724
3947
23687
24958
5738
21027
23981
21596
25626
23150
17403
10797
13752
9376
32638
9111
22242
25905
27873
31850
24243
14110
23102
11560
31544
2444
20020
26053
4392
4270
17722
9643
975
15850
22834
5377
14668
823
1858
813
12028
26058
2015
11927
12854
9201
27946
14768
4409
29247
31616
28980
22626
5097
28748
18348
28579
21104
11040
10806
11312
6272
27909
4744
10875
13337
8719
31283
1123
1004
26932
4901
14248
5128
20061
26994
20643
28085
27326
21076
11572
7840
24419
19568
27643
15161
24076
13658
23499
24666
13371
30812
32603
30761
3211
6771
31039
17983
23107
18331
29719
32522
9003
17740
23303
28271
7071
28229
30311
29108
18657
7048
16571
18590
7604
7846
2021
470
17702
12604
11929
1681
4013
32190
8722
2416
13941
9587
22531
23717
26873
26561
26833
29528
22737
20139
6655
4681
14282
1176
27882
29622
23612
14166
1462
25215
32664
11358
32392
4232
19265
27226
31477
11359
10141
7140
4027
31263
363
3985
21167
29588
31063
31022
9975
13215
12747
22601
6521
12508
12041
10228
24979
2947
32119
15301
23053
29324
4665
28193
1612
25623
6661
954
30664
19722
10803
26711
10176
19452
2068
10452
6444
6994
31365
20073
22259
26279
22980
32559
8798
3954
20866
2015
26060
9442
2361
13021
16296
4877
9919
4214
14745
19786
24348
5222
32760
30683
2457
11422
11655
21712
26905
13636
32608
30759
8108
28154
1323
1848
98
21603
8596
1873
13149
2019
28413
32669
24618
6823
23663
29258
21074
29670
5847
28906
19499
10086
4719
20506
31732
26177
18554
15970
18209
27881
32052
16989
24564
4714
8713
25626
22861
23791
10245
1473
11459
16264
22156
12154
26355
25898
31307
21130
28184
11512
110
18367
5853
15296
21011
3343
31599
18121
1023
1660
18645
31692
11920
17979
30340
10816
499
8212
7214
4570
27287
3084
23004
31317
23010
7234
1596
30831
1826
2583
5948
1076
15558
7825
30935
17534
1486
31234
17967
13245
20352
32484
6365
500
21341
25608
25221
22532
23891
12784
1197
24621
16948
12153
6863
14290
6759
444
10924
11900
5342
823
12004
30242
30279
5672
12228
10408
6279
30266
24159
18085
32356
19811
26080
4969
20353
4109
26398
29247
20624
25716
21105
10479
11203
6479
5061
11143
7555
28594
17644
21851
22885
15411
23097
13131
15194
9036
32074
17220
6438
29952
2597
19722
18451
27585
25223
14388
10982
21138
2936
888
23570
22121
18723
16680
18476
1751
11493
15613
19615
18922
18852
12052
11937
18259
610
8246
32357
3780
10001
25436
14994
32156
21417
18546
18421
10182
17785
27740
4466
18398
6842
18999
25665
31382
12394
29153
23639
18777
4696
1979
29985
18478
12667
29101
4728
19166
21639
21867
5586
30041
30402
19447
21429
11094
2324
28264
32114
9018
18782
8169
21263
8251
9229
14596
12677
6085
21487
30753
20780
17948
13381
23369
18547
30276
31001
18224
9940
286
16850
8051
15367
18387
14853
13342
24438
11637
15502
10353
19442
21476
11488
14052
25508
8175
31385
30312
28742
18620
858
1264
13203
30314
18133
15152
23547
13300
8487
19876
12700
14425
32617
32469
3950
19194
17025
18136
31933
18243
17470
5143
31453
909
12965
2388
23321
8003
13701
23786
12524
31812
4690
15702
13428
26505
16943
24311
10531
13576
11853
5906
7352
21208
1652
10265
4717
6037
26079
9005
28274
20486
14925
737
13723
20477
8533
25409
30038
2687
12282
31507
26591
29989
22655
14940
10423
15042
25213
12838
3410
326
10546
10625
30223
18147
5148
968
11118
6766
32198
23589
7038
13063
31971
31319
2964
11004
17305
1203
4674
25067
2335
4969
28039
18983
12682
2313
2372
9565
10212
21574
18927
29816
7807
32505
28555
7873
10632
11881
9432
5195
26591
30921
3783
28558
11814
13314
28720
23122
26649
8627
13767
14799
9245
7286
32333
26130
32027
10854
29443
28834
22158
6366
1124
15972
7899
1411
24339
30908
3042
30852
11539
6645
1490
29728
30518
6371
13377
7529
15064
30662
24956
25160
1996
14962
10267
16578
14999
1965
7897
4985
9948
31193
30371
1910
17944
25299
16111
7973
16016
1818
17487
26273
22151
5172
15686
15666
10163
22093
14682
22549
9970
28962
1642
25211
21562
8221
66
24275
9934
16833
32365
11596
2488
12873
21578
23446
31859
14732
5987
8681
11240
4132
8185
12617
6044
16335
30692
14088
5927
25365
11162
14732
21480
2092
12685
12883
2807
15128
23482
2355
11099
31510
1918
21735
9341
7995
32684
1223
30941
28249
17630
22487
26884
28194
12296
17667
19130
11664
9043
14505
24696
3716
15656
19288
17696
21165
16778
21976
16364
28587
11690
1642
5284
28276
10677
23376
9237
23031
19697
9872
28862
256
26632
32502
23500
3932
18852
16984
11849
16957
12603
3357
17040
15328
25645
19200
25092
14956
6412
17682
11009
13854
11578
20734
4883
10915
22714
1425
22886
4037
21568
6266
32126
17738
9610
18766
3624
30233
1523
32207
25777
13983
5958
29549
8277
25201
23248
10765
30202
32051
7865
27658
10271
6840
21908
6009
15119
4714
3124
3250
14682
493
29121
26124
7301
25343
9740
23783
11777
14499
16928
32752
29786
6014
20250
7840
177
3457
7994
3590
12396
11464
15673
10951
14124
15810
26077
15459
1279
23699
16332
7609
23768
1462
17822
20174
12092
21991
5685
21450
3389
320
8017
1347
18348
17826
22111
13758
3723
23638
29586
20595
9409
12020
25397
21841
31761
21380
24896
22082
19789
5092
29481
22960
199
1130
13308
17992
31497
28105
9902
15358
8646
3641
687
32337
11536
30162
11966
21456
6346
569
24065
32477
19041
15743
853
13233
16055
9286
3811
12192
21600
5926
10740
21918
1553
31567
25862
29699
10581
20079
3102
6027
1410
12758
5473
4001
22252
12504
24030
2013
4696
18034
10415
23243
31924
26161
5184
494
27397
3152
31214
18180
16032
6432
27604
6796
29085
31661
17633
13190
18313
28575
32558
23674
30299
21086
17551
4539
23465
21370
28009
21741
4636
1097
25027
22981
31522
2770
4255
28688
4322
31721
29066
20215
5237
8348
17522
9601
27731
10958
952
5209
18187
7458
15494
29906
22072
27163
16739
4392
13744
3713
27396
12809
21246
11014
23397
9555
26899
24873
30489
8736
25656
30555
2271
11776
16967
2144
17269
26501
17179
16889
5553
23045
32069
30400
1229
16027
11008
1875
259
20079
17256
26292
26713
2615
13286
15856
11199
6910
19951
29439
19031
12324
15598
5868
5908
32423
6270
32566
31878
17824
26333
3701
13044
31761
9117
28736
7340
3037
7837
19535
15511
15896
18232
13533
31504
15489
14268
21584
11510
19533
5406
7708
4352
9767
5868
1765
14161
3956
19330
2020
1869
6363
27777
29067
22442
9733
22397
20844
19658
8865
32502
28503
29000
2220
26506
9666
15569
7151
1384
6510
32053
32457
3592
5192
21949
1070
4634
1934
18624
25328
29628
31026
32625
11837
3311
24707
17403
14186
6732
13834
25040
15598
15859
15026
24637
2738
11973
14893
19267
28552
26579
19602
32418
11256
27669
23371
10038
15939
29280
27950
28294
12194
3474
32234
1179
18127
9488
25765
31758
17350
20850
3555
11365
2253
29052
3242
3744
21682
2896
18148
18446
29268
19939
16644
22373
356
18094
19692
6162
15469
8102
8206
4046
24594
31085
5330
14962
6040
13770
6968
18444
4772
18007
7359
306
10309
21369
22405
17814
11060
20373
29871
22747
21339
19073
24075
29095
24725
6457
5876
16122
23221
9684
7287
22462
4809
31670
4276
18591
18848
25606
13702
13340
8073
9827
31334
14558
12638
16850
8588
4681
1729
12795
16472
10066
13734
5270
7921
31632
24338
17184
15148
13973
26913
13522
29359
13694
6734
15571
6230
23241
31215
30893
30933
4199
6655
766
4767
12306
11808
15984
1287
17889
5088
19690
31397
24858
12348
1800
4860
26439
18019
1993
3929
7564
11196
8328
18174
23607
32041
18734
9856
8345
14734
24741
15982
28949
25997
20880
9523
18294
7316
28473
12350
30085
13082
7882
18528
14300
20005
8385
23925
27381
5136
3742
15686
5766
23179
24798
20910
17169
30179
4397
2556
19894
3460
11480
29593
11853
6588
27521
17899
25521
28353
7702
25976
31326
30966
2564
8783
24895
3690
1191
13732
193
31137
25349
17082
18476
8600
4541
24326
9523
29443
26938
26001
6602
28377
4652
6558
25655
530
3641
23693
28012
2736
14575
31487
29076
11772
21758
21819
5868
25618
31140
26320
26324
23711
29800
29052
23846
8426
29451
20301
454
5905
2492
12294
16506
19093
27019
17860
29436
7705
23328
9441
20814
19047
20909
23321
15438
20148
10785
491
5770
13861
27295
20546
8021
22162
5678
28501
1051
27785
26802
5836
7153
14486
3867
13348
368
449
12252
8532
32452
8537
22430
11953
0
31728
7734
1039
32692
2983
6101
7465
8642
24492
26239
25923
28781
13568
32703
13837
28595
3198
31384
15819
31453
25113
31166
4275
8276
26981
1543
27030
28598
29529
27932
24003
28201
24915
30836
2089
9456
18780
4227
28603
32316
12205
8238
11545
25668
31091
19587
4972
22167
31952
21671
24721
27057
21026
11791
14459
25805
19079
12531
28626
29179
12193
26880
27104
5234
12438
24142
3502
22823
8283
27281
5738
30111
26931
28307
17164
18689
22898
31714
10554
29551
11655
18117
12136
30614
31545
29813
29251
6788
25137
6538
6480
30138
9657
31924
24272
28547
5059
29099
20200
3460
23853
24681
510
21907
17219
19606
22118
12493
16006
28996
27966
1250
684
17628
28310
30644
999
31064
22741
4385
24938
19635
24407
12060
22826
15774
7259
3
10465
30837
6685
30508
89
4209
30527
28610
26855
22815
10861
29135
17973
29713
10561
19865
21573
26323
30308
306
18099
19744
23287
7243
27963
31574
20273
5705
378
9512
22089
19099
505
23699
20886
3914
15975
32019
3829
6609
31014
22294
5739
9776
16906
12209
31499
5180
28253
26770
13082
28473
21030
25654
15218
5034
7850
31324
2596
26472
2612
4281
5217
22514
9490
11245
27547
4868
32736
3254
13799
11627
1801
11619
1446
11287
14218
13196
21604
9074
4345
10753
9472
24816
26822
5888
4365
21223
706
17067
17785
8866
4829
16824
12908
13489
3124
6251
29299
898
24907
2497
11486
2102
6550
26351
30567
9645
24639
29450
31508
18915
28707
12040
24670
14720
286
8679
18066
14762
6792
28972
19064
3102
28415
23951
24627
29055
9575
30709
1128
9709
13104
8862
2210
3034
11223
12960
32501
31001
10672
17812
2274
23096
13282
8079
3451
8208
17843
9556
6855
11162
23302
18119
30312
11269
9761
28069
8571
8965
21172
17523
21440
877
31255
27060
12795
7680
11476
25439
17306
20612
13669
26256
27543
11033
30783
18302
26784
32713
5391
9645
8310
4192
11587
10341
14995
20094
29644
24418
19983
25066
27170
7117
9924
26921
28297
21867
26033
10320
32660
28693
156
6678
22759
30056
25851
5933
19776
5821
16917
2003
441
2907
15973
21412
28231
7916
7231
946
18311
1070
4534
19159
13754
16363
22460
26698
32013
16427
13451
6257
31519
29608
1348
2038
7613
30082
2774
32029
14064
8500
32290
11093
21049
8903
12125
25869
28443
22342
13493
8136
17626
4465
27703
32372
29571
5813
21744
22007
17964
26716
850
24588
27261
11522
13530
4173
16751
20040
18160
16272
11604
7884
5391
8567
280
7256
549
14403
29894
8793
12605
15081
17229
8339
12635
8552
21893
10772
8359
19289
7789
28774
2766
29896
3255
32521
1702
27970
13702
19232
22289
17711
7286
27499
4899
25955
15581
3189
6535
17647
14416
29967
21278
12605
20073
12028
2282
23644
456
10222
20779
9624
3672
24242
22471
20558
5331
28839
1519
7422
8073
7028
19712
30882
25693
1786
6311
13886
26640
27528
11337
1721
26306
26702
28578
8939
9653
7701
28332
23543
4693
25133
4290
1499
21109
7590
19205
28741
10716
11459
20991
25001
22784
21163
3718
18576
22801
5474
23011
5939
6457
5624
17716
32072
8483
14592
28687
29724
15546
13124
12904
20706
5427
20151
7605
20810
23373
31659
6479
22102
26327
580
7708
16746
28531
26669
21867
10146
17051
24201
7967
20327
6881
19501
17168
11333
31867
18444
20910
19703
15102
6130
30696
28612
3178
1910
19020
12559
19815
11050
19311
2089
23246
25620
12687
1641
9323
14178
12151
3199
23810
20057
17571
27141
27535
12943
22693
6999
466
6746
9671
6565
31755
22920
14066
28998
28163
19024
31950
4687
331
17033
15915
3941
2248
26906
26528
16079
28016
32690
32369
29135
22606
29881
15030
13875
15820
20870
3258
22055
11825
22738
4514
2637
3945
26988
15183
4624
9221
31023
12165
9781
898
15410
8780
31154
26574
19518
12182
15556
29704
25733
30755
22076
22663
1424
1442
18201
30751
5498
14873
27740
29343
20572
20102
4888
14494
7432
9415
4809
3192
6650
28855
25062
5267
30347
31898
22714
25319
27752
3259
5743
5565
27971
9811
15468
30134
22728
15789
29665
13584
20179
3976
29087
13349
29152
10685
27694
28468
11715
26401
14361
31076
22169
25261
32397
10502
13310
9692
16930
22811
19584
5717
9721
25622
1364
26314
11015
15331
27208
3872
22448
17191
12793
4048
32152
19402
21062
1165
4534
24243
14596
18983
19114
12498
31987
15279
31056
26980
6897
19164
20373
7538
4974
30637
2441
9371
31776
27472
11446
11028
23032
14915
20913
9453
22356
4537
11246
1686
10870
21567
17368
26273
16437
27039
5921
27849
32498
17924
4951
12852
13774
27744
7865
30453
3098
28683
9032
20693
1296
14765
20513
14163
27584
4957
1289
4329
15180
16394
7242
9617
22360
8730
1726
6792
10429
13650
28201
23378
29309
24566
20939
5118
29436
24369
20790
8363
9581
21174
6494
5707
14218
11176
10223
18599
1928
696
22755
29092
15946
6541
29267
24004
22997
2920
8845
16879
15364
28936
9320
7796
4476
31691
32212
21323
9443
19479
3253
18845
29261
1784
22002
22149
3831
28426
19144
15129
14648
1178
30821
26020
9396
28936
21938
22582
22227
16751
9072
22623
10098
13448
4742
19511
14808
8140
9369
26785
491
12249
31454
5329
10659
2071
1836
9996
27328
1435
21334
24239
12472
10572
21175
16243
5876
27972
29198
12783
5947
2425
22925
3423
31855
27548
5420
28323
28023
26177
5955
139
9340
23361
18776
6481
9816
25948
7989
20839
3659
17699
24638
30579
16880
5398
6914
1433
8560
2313
30480
31736
2038
15564
22796
17527
12387
22026
3330
961
21058
32114
27385
31630
2814
29461
10700
25125
26450
16911
21557
21278
8450
22378
5163
15725
25801
63
18542
29340
13458
4894
6240
15192
14827
18608
31254
5423
7350
1947
24239
32152
12833
10150
30948
28212
6105
28702
20961
28243
3963
21880
8275
23994
11852
14903
5571
23716
13609
14097
5666
29958
9409
11853
3493
26903
25089
11887
22739
19216
32464
26647
29404
16944
31485
15143
24108
8452
4469
7972
31552
12517
26042
27359
16824
22210
9616
16212
4014
29984
29434
6610
839
12126
10852
20828
4743
29246
22818
848
21866
26017
30745
13126
13872
11154
16060
8763
31736
4230
8763
8431
25488
4322
21750
24971
14988
22462
23096
3207
12437
6889
546
7371
21252
30765
25061
18196
26288
14292
7221
28826
5123
6250
3578
30960
6484
1989
13128
23339
30576
27971
22673
27206
19578
26963
27673
11461
20726
11831
939
7065
11040
22024
27275
18500
3202
23034
19371
11837
19909
3809
19489
13206
31944
19188
10713
7388
4335
6353
12935
30783
14782
7106
9952
17394
31654
2367
24074
21461
3870
23476
15697
14930
13814
8836
22555
14468
31464
4941
19486
31135
3953
16494
11728
7564
15327
6342
6431
22227
5546
5311
14947
8126
28679
13451
25489
19132
15035
13230
433
29187
17197
5565
1682
2681
3008
28773
6844
7637
11615
5806
11174
28673
30554
2433
10793
5059
16752
20841
3381
12957
9261
9622
27843
3058
2934
1063
18698
28521
22370
8105
20982
13975
32587
17882
17110
472
27429
9139
9813
15485
30479
2726
5803
11309
21800
6949
19988
3973
16804
30819
7041
4098
15647
26974
3982
2849
16688
2845
30133
30404
9026
30774
28097
25816
6559
2452
14725
27189
5838
5239
4813
27845
28447
18876
7573
7401
31876
6751
19065
7704
13474
17726
15725
8906
25896
29216
3246
32660
2656
32245
27641
31124
29700
23648
6138
21519
11346
12914
5639
24921
21858
3769
7182
6901
28856
25209
13516
1278
17686
8249
29760
24773
22163
9089
20576
29372
9457
17891
29194
24467
9260
17720
4669
25760
9039
24364
14217
28548
5515
17917
26564
22796
29066
21119
8703
18261
6913
5988
13496
31540
2693
14778
17490
3284
10143
12981
5570
23457
2338
24239
29066
13669
4028
32109
13035
30897
3788
1956
22358
13951
30579
32187
8741
5909
14830
5075
10376
1581
20771
24325
22978
27218
11385
26602
22421
27533
27629
18017
13050
3393
8803
10892
24854
8020
4665
30492
31850
19087
6178
20687
9802
15432
14386
18230
7312
13630
309
31420
22417
32708
14917
25572
17488
4386
3740
8146
28402
23096
11174
26125
12658
2916
1370
2947
14998
20390
13515
14030
290
17154
9466
10677
30539
10278
495
17398
4718
8525
7688
9027
31490
28771
16784
1162
30924
618
6291
19065
28497
18972
13041
19778
32401
11730
19122
22427
7154
3236
17561
29961
14203
7890
7932
30047
16706
13667
17107
18817
9000
7435
27406
7534
707
10322
5676
21374
24476
9459
13833
17640
24987
16514
4599
27526
27583
8274
3857
22749
18194
12438
21196
7768
31197
28358
29647
2772
7960
13125
11525
24929
21028
15936
18160
27975
701
3033
11072
5960
17706
13189
22180
24613
29366
22194
7392
25700
11876
25262
29472
19791
8671
10692
13451
21312
1712
6056
5404
13596
20403
1301
13997
18718
1740
28340
5205
2774
13014
4928
14324
19057
23004
15592
28172
24890
29580
14836
27603
3937
24552
18604
7046
26363
13887
31349
767
26699
92
21054
30858
13120
13821
8730
6645
29246
3207
27694
14822
25122
28407
19150
14193
7040
12828
9187
29674
302
22788
11152
23288
30727
32180
31253
12523
19433
12827
14579
6992
26112
27977
11089
6082
14407
22749
5534
21763
587
4796
18552
8779
21299
14089
21196
26847
27901
18001
7999
25574
27914
15365
205
2680
24029
26926
29360
24569
5664
26460
3972
7845
2279
14303
936
28779
27449
25402
32487
10751
21197
11477
26968
15403
12817
12018
24450
20326
21872
29410
14788
15783
17877
22905
8949
24187
13419
26559
583
22870
21416
19432
15473
29222
16777
11911
4109
1070
26399
9214
4414
7954
29002
21049
2199
31278
18117
7836
14648
12844
8034
30777
21050
1238
8343
4679
3918
32552
9018
8911
19616
20906
1673
31145
4610
16125
13421
935
22854
22707
15104
3600
5099
32356
8012
24144
13309
21245
19798
29165
15414
7260
18779
31421
7017
16666
1625
27479
22305
22696
1489
10183
18821
414
9419
11910
30334
29263
14876
19881
15388
30625
27108
14424
25142
22044
21082
4226
19793
16704
30156
14543
22723
23836
1505
726
7193
32284
29730
3473
8117
6947
27576
26637
17596
9689
6263
19558
25647
15687
24348
1779
26967
28321
27347
23998
27495
30818
13309
3127
2653
17310
25647
10025
4905
1940
15230
31980
12049
19332
23290
17885
8788
15040
6264
14603
24077
32516
16277
22835
26971
5386
25591
3567
26047
20314
10454
23850
12997
31584
8635
22743
29927
23744
12424
5346
942
29422
1209
14695
794
15609
8169
1315
11332
28583
920
21544
2370
20935
27691
32468
10315
12995
15668
9475
2587
12149
756
14724
20377
14651
11551
25034
27320
4942
26334
32228
22171
14927
12314
27824
6908
27171
7160
24651
7886
13825
22688
22219
3617
26313
25667
2865
22343
5016
4956
29337
821
10393
19510
6580
27947
20510
7086
30328
7576
29167
1850
534
19512
15585
16426
12077
19839
28331
7214
4157
28474
19958
30489
16990
2164
2739
25060
28722
16534
30897
17142
280
20947
22639
19362
18594
19139
8751
26354
19018
4942
1867
1443
25952
14540
7628
27504
32071
17770
27193
24980
29153
9936
15277
29322
31816
26625
3628
4887
17343
17026
26423
23690
16104
19134
24734
15427
13623
15273
21910
15474
29862
9636
26123
18977
4010
1185
17464
7285
14182
391
116
8496
1567
25304
18255
4731
19953
28817
17885
6627
16320
20305
10322
9377
32369
5822
26319
19742
29273
10020
21628
32182
28917
608
9431
12476
3292
11261
23372
29119
8691
21660
22789
1036
29152
21657
32003
21108
25793
14827
2670
3152
16925
27980
18729
5058
30234
12955
5290
8509
14065
2174
19721
16455
7840
11083
24150
2429
3295
16169
21040
15832
25940
25970
8083
10032
32266
16732
11506
25086
21024
12249
14470
29798
19646
14011
6885
22133
16461
28444
6102
20391
24040
28413
12644
19884
16653
30253
12593
6251
25497
25197
23565
1864
3571
11985
967
7074
6023
617
27459
9376
2934
4641
12493
20526
1419
23014
12973
19778
23410
28938
8700
25444
26148
32234
14262
9069
32678
3278
16400
5519
2291
19984
28683
2197
3127
32641
14665
26220
20285
1288
4127
12771
27179
29836
22509
4527
13933
6420
27050
3250
10735
12589
26819
23421
29327
27789
23078
29459
26066
27893
12697
11503
6357
20060
18769
12361
13447
31305
30656
150
23062
19073
14254
21838
11175
16098
5771
7921
19786
19087
23812
23884
29229
31821
9684
11001
18960
1581
22237
8741
25336
26732
12407
32405
21288
17303
26376
8427
16205
5618
31445
22310
4345
26651
16919
3689
29010
11499
22866
20989
23564
22685
28130
15256
24212
29490
5846
14560
22414
10771
12290
18987
19074
9465
27472
7817
7122
8714
3159
12548
18672
7493
559
19238
28877
1823
21379
4284
16533
20078
4327
30938
6297
16775
16748
22559
32141
2723
32114
24634
10739
19336
11198
14509
21463
7269
5325
5329
31421
29181
16487
27419
20952
12039
20855
12701
6780
25813
21529
17360
726
1845
12789
21904
23771
6037
16588
5992
16766
2922
8016
28688
29734
29138
21561
28468
6751
7287
25493
23927
7119
20407
20063
3512
15981
15875
12372
21396
21229
21125
28674
17196
1406
3846
13602
7720
9912
270
6439
4604
208
4685
17943
11113
3343
14393
30618
9031
7554
18169
4689
26755
20210
27522
17768
2916
22294
4352
27247
28178
776
13687
5989
24152
31222
29098
5910
31913
6170
14396
15272
5217
30188
4117
16240
18766
28566
19975
10250
15983
16552
4529
24488
6651
2061
2468
30890
2725
18494
17093
20335
12831
14261
1779
32363
6365
30117
3817
22650
3867
30440
2917
23924
7969
16184
18826
23810
29894
15011
30338
15280
24115
19257
18025
3651
18921
24328
614
32588
26118
8778
16923
13053
17603
8668
21568
7484
10818
29170
6794
32246
26503
11530
23762
30646
26308
24350
22387
29814
19673
12574
2292
19637
21531
26781
743
25801
17492
4043
16912
13431
11276
22947
20938
27841
16135
5733
16039
12287
32271
19527
7255
4145
3060
18535
8907
18324
21456
15365
9881
24435
25743
14831
28835
14656
9647
10300
14580
11747
18757
31293
18666
14162
8001
18097
2202
22626
11762
3640
31600
14045
13261
17931
28694
7124
30314
31465
26519
20022
719
8277
30661
31650
17137
24574
11480
9082
3192
32127
11863
14393
3267
8776
11068
27398
13868
9692
20819
21897
4749
9790
21475
30205
7939
1189
17808
12678
5361
6775
18816
20677
17480
14965
24509
10922
25350
21043
20698
29066
30205
16332
31962
22130
14038
12243
4429
30394
6997
6029
27324
18397
25055
8029
9543
30088
18233
4479
8333
26096
18834
8441
31436
22633
7364
7375
18249
21045
13271
25463
1011
19865
966
10892
4675
24374
25478
28359
14182
17815
11589
8234
26526
5895
1264
24190
24806
421
26615
23040
22741
20922
27220
11352
16836
12873
17610
15818
27443
23528
6250
2736
361
9679
2908
23848
12379
11567
8924
20234
28111
1733
32387
10269
11969
11950
22728
27786
3078
10877
28870
12176
6703
4491
16704
32378
30896
28558
10466
30670
23618
13677
26569
25288
6277
11347
5702
23302
27882
7939
30943
25733
6352
11627
21911
31692
31469
32379
11888
30311
16368
17463
1325
18327
25700
17931
3164
32072
3544
25951
27028
2371
32573
20588
27900
10917
11407
22350
25100
2960
12728
5978
23960
26400
12465
28849
11530
19361
23274
31253
19183
19711
10732
26364
31925
15229
2877
5091
32178
12970
899
11493
23401
5266
3309
8844
26377
17713
13519
24807
24631
14893
15500
31965
15629
12996
16825
19392
13155
11266
12671
6438
26445
25912
2881
28404
25316
2219
13951
9147
15178
19593
28667
9032
1768
8225
4634
9590
2298
14674
15500
18247
13902
5700
7983
14899
30536
18263
27697
32192
19242
5465
13686
22355
12434
22524
14649
31814
30533
4231
25077
8762
24362
7371
32134
27055
10394
5721
28555
22226
31191
12786
25360
19605
15833
13119
16234
15877
24657
18626
25697
2521
2792
25613
29077
13382
18375
25138
7450
29467
11613
6266
23910
16393
30556
6490
27245
25922
12549
17826
23050
14407
21670
32248
23457
30458
1121
2181
22275
31483
16430
32494
29329
14129
15651
22662
17573
13223
16884
25794
13357
31642
11446
18925
19609
12752
1512
23580
2296
16171
17587
24677
23133
20349
10353
4172
28040
4254
19309
29054
29634
26556
21225
21954
29449
4339
24678
5932
24941
23837
10271
25747
4026
492
20695
12870
10071
12342
212
8955
16238
25743
15404
32008
19789
9757
30783
32726
29709
10152
2181
11666
30577
32497
18570
23845
22032
26181
10038
10343
20151
15441
30546
2703
21769
13880
10568
17135
14696
30691
21034
20446
2073
1689
9206
5621
25506
18895
15129
1918
24183
3649
25905
24617
6102
16193
17687
18689
8176
19023
30749
30879
26441
24811
8340
9117
15713
3239
31122
20814
8852
18816
22514
26796
28991
6766
15515
2450
8740
19514
23558
1580
12304
23184
16122
4267
24251
11093
24730
28989
26863
5178
28066
22588
23020
24210
2286
8357
5644
15713
14652
5837
22179
27061
25650
5967
7465
22841
31395
6729
24987
17159
14862
32456
30
26302
10087
10880
10726
18900
10010
20929
23894
24366
22094
31654
10600
19694
2406
5776
16464
17549
5070
12498
7516
8489
15604
10670
16927
16416
1684
28289
20174
18397
10297
6202
31210
20722
25601
32016
11039
9575
6304
2677
15725
2642
13479
31557
11397
18344
28423
15940
12662
25171
26832
8391
4744
15493
7231
4529
10856
4171
15608
4257
27270
30821
28048
7530
23740
31573
28238
15300
26672
19638
10547
24385
23931
14543
16183
21378
3595
28264
31446
29866
29381
6876
19403
19475
9711
3184
12316
25920
13390
20195
11862
28435
2443
30279
17690
32064
31708
3087
29656
32258
15072
21096
16603
14349
9674
20941
24710
25795
19649
25813
25053
15018
8583
13904
1095
31774
7001
26003
6801
24131
21015
17680
7991
23614
21669
26410
24031
19109
16017
27975
22055
16179
20726
19750
15264
8385
4768
115
14106
29553
15216
21144
19747
13613
28418
16599
3530
24144
2702
8341
29097
23202
2572
32761
2082
3722
18588
29878
23272
15487
8228
19749
10945
24256
11323
22423
27019
18757
13382
13289
5501
10229
224
25433
22960
11545
8320
2711
6110
1041
24405
6688
16233
23621
30325
20679
5535
8287
13879
19604
21308
11704
12253
7634
15152
8207
8823
4196
3747
1409
12036
8024
567
3765
6105
18111
6285
3928
3911
10171
1546
25289
22904
13017
475
2325
17818
19617
10294
4133
16959
8300
20963
7478
4356
5494
1276
10890
23921
6708
25329
19805
15137
14824
14286
6171
20259
12402
3777
27856
10399
28777
28631
21472
3261
20330
11014
11000
14786
19632
21616
16452
25981
9701
21990
11747
31457
11832
14763
2456
23283
7088
4731
15554
9447
16064
9420
6286
18821
22555
13652
31339
28114
201
8395
5310
24813
22651
8434
12247
10551
28188
25300
30500
27830
5800
21068
9893
14524
9793
16071
11424
27843
16256
15691
5014
19612
11529
27577
18549
32201
31074
31055
4367
29735
14597
6256
18123
4560
15027
15784
10651
32319
4620
20459
24366
30901
12381
11805
29286
10716
32697
11736
26380
14506
13387
30569
13763
9865
18410
25371
17466
14005
21486
15289
11686
25829
15682
2638
28528
12077
26299
20271
20010
14115
23976
19515
1736
32321
13483
17506
8205
16778
199
21604
28739
14448
11449
18651
11055
15094
5772
5500
3140
4882
11112
20890
28951
32085
30123
24043
30739
7373
20794
6031
30574
26155
14874
15438
24667
17953
26938
25634
25218
1806
13203
13301
25517
14813
24435
11691
8132
9770
25622
16739
1275
1447
18295
1018
8266
3775
3685
11985
11806
4729
29401
19665
9038
12702
21639
14508
16976
27934
6067
20581
4269
5552
26182
530
16562
24249
1825
5601
25448
6255
16305
22873
30407
21822
29636
4066
9255
32363
30619
19592
17143
7159
18496
6396
29617
21446
7706
3547
26381
25600
3518
16435
9590
7352
11016
10308
27322
7371
25195
25987
27141
22027
31877
997
3600
7325
32758
9817
2454
17824
25971
14998
19464
6415
21014
6680
11905
6889
19448
15461
27900
28559
7426
24213
16325
24429
22528
17425
10541
15836
13303
29851
19330
14151
12729
7055
23358
19085
16310
27752
383
29095
20501
12421
17079
15755
5380
25134
15781
26960
22348
30930
22148
10386
6952
19090
8834
13592
1879
9988
10099
24500
17008
3888
17351
10347
14966
11999
21177
8662
2732
31510
24778
9160
29610
6621
1134
4402
6577
30532
12037
13635
32060
11176
2572
31699
25047
5939
13461
2305
5940
22178
29940
29723
22652
30027
12988
10687
13795
94
19690
14656
15487
24427
8287
4427
20570
5668
21140
28619
27846
21349
13449
2313
16112
29041
20990
10776
20152
19327
230
23152
10688
3189
1305
16601
17603
23283
7241
20363
1833
1683
1591
31635
13528
6767
23846
888
10828
30948
21136
2335
7914
25750
9241
748
24977
6836
23745
18474
17267
25214
13917
15533
9507
13828
12104
24501
23022
26672
10326
16918
21871
27654
7945
10134
22366
8491
22536
22423
2473
18852
3532
24822
17606
3297
30621
21810
28231
11258
15549
16081
9647
19256
10211
22271
13188
29911
12010
15993
28325
14602
8907
15785
3038
3904
7113
20498
3002
23718
30187
32495
15000
17389
29103
20247
30465
8781
19709
17956
12857
24010
26714
19156
24340
26806
19550
25776
17163
7799
9064
7915
23951
23946
31632
4748
22942
712
25821
23504
15763
10728
16313
32457
19778
22342
20385
32588
21060
28386
26145
12298
16016
7340
14848
31997
23883
4607
16056
13574
1506
15467
4136
5844
1365
22967
18061
9479
12758
3366
18095
1429
23698
23034
25176
28781
5583
10039
23818
29019
30519
12457
10481
300
26739
2344
28695
14866
4604
4635
15831
11082
29230
3131
23700
4091
18591
9626
15275
28002
19374
10467
29093
23596
23647
12771
11954
291
11366
2888
13139
30989
2689
6569
8022
15313
18699
30663
11527
15068
29391
10259
11429
16067
16922
32624
21523
18474
3604
11577
14032
30692
8783
1158
31273
16988
13473
27307
6573
29235
27951
3842
20450
15914
13515
20459
30518
30275
15744
28944
30520
3107
31082
1774
4616
31419
29643
15249
9740
20775
16476
20638
14309
25814
29921
663
22690
28396
24832
12635
15411
6372
30803
29164
5152
15482
8892
28021
635
23240
26361
12684
14611
3759
9080
21940
6378
32376
18796
6694
26089
4283
20000
25553
25299
26752
18059
14751
27000
27813
24870
9978
21291
24192
12794
10127
17781
17348
1277
81
14091
10153
10910
10689
16638
30535
29343
12141
4146
32067
18723
10423
2833
16558
10760
11992
32640
19242
24182
29733
27922
6735
14520
24720
16252
16461
16971
22385
3402
30674
4149
2695
11984
12078
12696
32313
16738
20149
27783
8994
27336
15972
15640
10445
28908
28360
19131
28093
31190
26908
18378
12465
2010
10930
28513
26406
1552
20372
5487
23836
30981
20586
32013
541
10160
22430
26895
1916
20648
29119
6873
13275
16276
7459
13173
4079
22242
31953
10978
20616
25020
12957
20910
8651
16951
9365
4295
14274
20430
12700
23438
18456
31248
6485
2093
20765
917
6979
554
21008
26934
4398
2877
22686
18813
2248
32351
1958
24667
8336
18724
31551
27417
11255
3914
11772
2193
25281
11410
17263
27038
8111
2254
23531
26065
29275
29244
21902
18534
2147
29202
7807
26998
12745
20314
31861
26478
1178
13312
28025
5311
25550
10282
1516
28119
28016
22471
28619
11089
5119
22123
28466
17512
26387
21850
4127
30130
20291
32739
24953
8203
16711
29167
24913
5070
11354
31961
32359
7244
10210
11904
21232
24438
9299
20123
31894
26077
9041
17997
13761
24285
15125
9722
5141
29972
26897
15704
4156
18201
30679
31177
15077
22635
31799
32488
17164
3752
11687
11617
12668
3840
7657
3079
32147
4072
5095
18208
24390
29459
3554
14851
612
15262
11979
14054
32543
13451
6897
241
15304
23408
2013
11415
7130
25456
890
23077
8250
25707
13946
32411
23741
2674
9716
11964
26347
22910
14418
8289
8707
22881
362
22034
3135
15868
6635
10455
29016
24499
1531
9292
9805
6174
28446
26868
12897
22273
13658
2255
2402
895
7065
4655
15153
32138
4942
15559
15487
21406
27483
27909
11477
175
26163
418
15831
18016
31547
8055
8137
30581
18295
28562
5970
18059
29026
905
8320
27910
1053
21518
17165
15948
1484
3524
31713
31537
19774
8273
24535
31153
23244
17333
23492
29925
14467
26586
13750
6448
9605
17003
13177
8378
4268
28394
2656
5151
9841
21757
31809
872
30220
18697
17858
19258
29149
6914
16851
14925
20235
1922
26236
11040
2155
16152
32473
26091
2211
30690
18019
24278
16271
15710
18800
9320
9955
29309
12030
4674
31250
14841
20396
7181
9583
14569
15881
17585
12434
26515
9233
5575
10238
25729
6645
11090
18945
32215
23067
10153
31451
25827
30310
9144
17442
16374
29367
28520
25444
3698
26804
13916
11279
4901
6344
23774
16526
14549
3178
10521
26293
9500
11683
3208
31583
28023
30666
8622
18773
8857
9619
12808
18290
9733
72
22592
517
32219
13397
4771
13175
6898
20234
22997
20526
17704
18845
4035
2480
8694
17774
23258
3340
2376
23951
16759
118
7307
12676
6558
1073
21511
3399
8430
15026
30319
21136
20692
7170
11958
1874
17152
6244
13349
11657
14869
20024
14507
18483
8869
22303
4468
12700
8284
28768
19900
9951
31611
650
12262
11434
648
19547
15560
12609
13380
13537
21834
4038
17886
2271
3631
22711
22886
10098
14898
952
30852
25076
23125
28307
10090
4897
26742
19837
9223
12664
12323
28827
9598
24804
10671
708
12246
18332
2949
9609
20467
10824
1469
3698
21445
4965
23533
2443
21183
2538
20802
1311
6795
6956
6863
2756
21500
15359
19492
18839
29764
17694
29219
5577
20071
3789
20495
347
22767
28604
29414
29221
31714
9007
3825
22813
31473
23132
23449
28374
20466
32020
24956
6471
2448
23974
28352
24270
577
25601
9639
2677
889
29720
22884
25971
10526
5003
11566
10742
6459
4739
10642
4895
25592
15325
15373
11854
8138
20620
21722
20897
5607
21048
5897
23479
4861
24875
20177
8378
12323
12654
8743
10396
10256
23343
12175
8864
3210
2662
3891
12829
28706
20921
27186
30847
22559
9372
7226
142
2744
15548
4953
28403
3462
28318
25104
7159
26680
12675
14250
31375
32649
24208
13003
28822
7279
27435
16972
1113
29589
8872
2118
856
16652
8997
29549
1611
19518
8626
672
30308
26659
14774
26302
30676
17335
19342
30394
23952
7851
11894
10738
2645
13914
14765
3260
25321
32512
26836
25410
13733
32038
8087
28305
15152
21345
20624
2028
5261
22588
2920
1638
27224
18547
13888
8880
4428
26978
30287
19759
22537
12220
3020
10833
25108
16000
9486
10530
13344
21033
27890
26650
21900
27686
22653
23609
11052
21129
30658
28247
28492
14339
19974
693
27378
8208
29987
7895
21604
21359
4138
8598
30442
30933
20812
16753
2005
9698
5883
17700
19648
31828
25676
10876
30486
10107
14496
12137
22741
19949
2691
29013
22161
19322
27092
5812
15035
18274
3367
14044
20003
31430
20071
29719
22972
15197
23232
31735
30111
7784
6587
25066
18771
18408
4011
2062
8524
14862
16201
2631
32177
14579
20123
24462
32355
5769
29466
9612
20538
31442
26899
19047
32658
31823
31310
2268
21510
7356
22510
27278
6523
32250
19352
17565
31329
25421
983
25211
20277
21191
32703
21243
1866
27396
24017
2987
3786
16664
4639
22116
22007
23238
18353
15647
23991
6387
28966
26634
27984
9817
19614
8668
21872
16000
24280
30309
25712
24810
10648
8041
28633
17550
8524
13230
5928
8073
9710
19540
9166
5903
812
5221
10875
27559
15303
30381
20892
13720
9273
24012
24867
17822
4250
14985
32646
32226
6596
17513
16394
14121
15798
10369
26177
1612
24374
6792
721
30184
26811
31792
19832
2134
5769
3766
24653
5598
11294
25272
14409
23335
6349
31304
7941
19442
20393
20798
25029
32264
22180
16338
31158
16497
20728
27498
2420
13031
2246
14768
21455
29067
15357
31208
4047
10454
12414
14465
15862
9681
21374
28905
25284
13961
26667
4518
19073
28349
2450
1699
14902
9435
960
15815
12797
15147
18471
22988
9338
2377
324
1871
18346
31192
2431
10275
25307
12405
18771
18667
15868
19434
16558
5352
5655
6308
16283
15375
15132
18280
4638
32607
15072
31809
9055
22385
15717
18877
23563
26961
30300
27736
16376
15756
20456
23097
3848
28042
12965
31516
27983
15134
3817
7312
22136
18012
2890
30306
24676
21931
31840
21337
4373
25627
2508
12835
19403
27128
9336
29328
6508
5023
12833
25342
20521
23184
4627
16917
24159
13509
24372
2228
15547
20034
4932
4138
19362
238
28515
26794
8144
32417
19924
29689
575
24958
16640
6250
10058
5763
9150
8204
24850
22110
32465
6178
20769
8322
26546
17619
23885
27771
15505
32035
27615
1406
24982
802
10997
17477
25452
11363
26405
6938
8960
28336
13667
10289
28294
9468
29733
16954
11198
8345
26565
13111
30581
23212
30246
5515
24142
23005
17818
1876
4802
8275
17155
10235
17510
13791
21305
5130
31852
8823
13228
21309
9069
27879
20043
27867
5222
29123
1188
5702
24832
9888
13900
12241
11028
7555
1665
979
14190
23706
9486
31738
7633
24106
7791
16609
14908
19657
30518
30692
17260
20429
5805
4915
10914
31748
17597
26661
10406
15526
16142
32719
7180
18567
10608
21974
7350
30609
23930
31105
26778
3186
23920
17682
3525
18066
28266
8023
30112
20552
7603
31612
13683
23885
13680
2851
18471
3441
25730
22198
5456
26508
7597
12284
26987
184
29177
13035
17251
9149
27224
18622
7003
3277
9354
24903
1703
3442
14142
22149
23835
11460
8570
11897
17289
6111
18748
12086
16261
30356
19810
31032
14443
30815
11975
7158
2468
11673
5295
22714
2596
239
12389
1969
11575
25875
1058
21310
8318
2737
4401
15764
2868
12965
12625
9348
21174
28779
8027
14227
2115
28887
29476
5200
25600
6406
5285
31973
28991
4500
27225
23787
20480
4623
18151
4227
12216
172
23041
8610
26450
14905
10380
28588
20084
5715
20481
30021
15363
31705
6419
8292
19945
6561
7570
28840
24086
5993
1423
20464
18628
21264
8129
22822
26624
32262
22823
347
26726
12033
22511
22297
23340
15345
15767
19444
10594
28727
21586
15459
19575
29457
11181
10702
28672
29273
26738
23272
24757
25968
19404
22079
27836
31861
13741
27410
6443
4026
9837
15458
20680
9080
948
587
28691
21441
9369
30101
21126
15543
26891
6535
17691
13052
24688
22523
527
24681
17293
9144
6629
6403
17830
5371
28079
31786
230
13399
7817
13844
513
26559
5734
30074
14103
13794
3599
27025
17884
21431
13416
23612
3318
12376
23285
15488
21670
29459
19358
11576
29355
8126
11183
27658
25955
21836
4131
9369
10804
23198
10018
1020
21290
28059
6856
8304
8161
2179
4392
2377
7590
4480
28049
4911
4825
10367
14096
13446
14741
1853
18485
1582
3476
10149
11290
15469
12620
9305
19618
11305
11870
1935
22015
12379
5425
31774
29559
960
16346
5336
18791
25298
15424
7707
20616
2550
8573
11683
30321
25591
21639
25762
10077
31923
15
6163
9519
3092
17321
21323
20403
11586
24110
26833
16935
5655
22366
1391
27130
25300
27850
31113
31443
18962
17906
11438
25557
19707
13226
28525
10786
14265
32450
8042
19613
1583
2533
20913
5365
231
19138
30537
31199
9804
24170
12301
30370
13338
15609
16311
31705
25874
20601
22846
23924
14066
29443
13410
25089
19620
6183
8580
22314
16566
9615
4028
20350
31754
16094
14630
28020
25807
2270
27004
24492
31151
10203
4842
29305
11594
32074
9501
23197
5604
26799
23198
7507
17754
4029
28766
14739
23899
29118
31634
30353
13268
18997
20928
31623
7084
1730
14106
5300
9650
21575
18188
18852
28116
1865
19217
10419
18577
25497
29642
27597
25777
1843
10321
23159
13619
31846
24523
3347
14215
14133
14652
30047
27133
510
17824
20544
1662
7513
14391
25790
21882
5955
28960
13391
11553
7548
5673
88
28886
20269
11750
18673
9440
20942
28928
10473
27235
11591
17872
13065
30607
13141
6700
13469
24600
30256
3969
305
16870
4715
11554
11161
10765
20507
3296
20532
17919
24379
13787
21617
13569
13135
6552
16273
3547
16968
26451
4271
27860
10920
10646
13822
7645
1254
25098
2387
14093
25620
6030
30179
14157
18879
2694
11085
32085
4375
885
475
10967
5455
28623
29700
18425
5959
16648
20790
15113
9833
16881
3539
26732
4305
22084
21626
3800
7856
22653
15495
13252
7410
2540
18909
13340
31518
18697
6627
19768
126
519
25036
12815
23681
3500
8732
168
5725
29279
13159
11218
8184
15235
4188
11541
4105
23299
259
4840
18298
18734
2883
16164
1554
22214
19623
27065
12880
25939
8546
15264
22682
31165
15504
5649
9623
23834
5566
23029
24537
16325
20397
17310
9407
4784
31827
11958
27801
2811
25123
22133
6670
965
9870
26135
6331
12866
458
28046
20253
24589
24530
3700
26545
8128
4782
30019
13657
12227
31220
29384
14082
32609
17295
18901
32388
2593
10687
1335
32457
32083
21089
27111
1330
23529
13169
22917
25142
5256
8397
14593
1357
15839
26427
12188
4108
27960
6318
21007
9361
23372
28101
3593
29473
19292
24725
27103
19216
26749
25768
27775
13025
3380
24645
16807
19375
10562
19186
28244
972
14785
5432
10620
23719
1904
15782
11519
18419
8012
14105
4828
24581
14688
1082
4768
32638
477
11335
13093
31787
30829
27927
17528
2345
22981
20056
13851
1101
18297
31260
7533
12994
8725
32404
102
12532
18793
23834
14471
6573
14116
2677
529
10366
10149
17497
2934
23393
17677
24622
6413
22428
2201
30482
4361
5609
17967
4897
940
6611
5686
16884
952
14435
4523
12391
25383
12796
5233
13216
10267
9092
31209
25421
19992
4804
1987
10540
10097
6674
31508
27089
29440
30509
27560
10916
31258
360
31129
22825
19138
19211
31008
6020
25117
29174
4268
12860
23335
25479
32049
9023
30115
6078
28867
17958
2392
1951
16227
8635
14714
25304
19993
27320
31847
18596
30787
9170
19348
2031
24364
32502
4038
10939
22496
25555
7557
20674
27455
16280
21965
7517
7249
511
16136
15524
26841
27530
10809
17367
14381
4364
14458
28925
11332
14444
21672
3530
2321
29350
30045
31174
9743
5906
15134
8108
7710
1001
16086
23056
12685
18437
9347
2885
3704
6632
17968
27774
29524
16384
2851
22579
24520
20010
16215
5063
18366
23668
32557
23655
31931
6951
2910
15157
16747
26629
6452
25766
15233
18639
29434
10024
14270
28426
31921
11529
29774
10499
28932
5524
25947
25617
27262
10621
10205
9242
3323
11903
5807
5208
25436
7747
13800
5469
17791
17540
26728
27733
23151
2161
9137
30604
2775
25938
5625
3120
30653
22127
29309
24919
18796
14893
22551
11331
27314
28795
1555
20965
1100
14444
21311
20897
19615
4389
6977
19793
32681
8698
5677
21132
4918
28116
20055
18728
31575
21974
10342
11005
4880
12096
12714
26860
32081
28819
10416
8481
4647
14838
29715
2708
11316
15576
31636
14806
27229
18135
5997
8970
14786
29664
2531
32049
15347
19352
14107
27308
23905
19963
3886
2811
12306
13123
24191
22987
24217
25356
30797
32560
19270
26293
28548
29999
12186
23305
20953
9855
20477
9503
6421
27280
6067
28286
18097
717
12557
11397
23972
32031
28124
14091
11897
8114
5163
12866
10660
16891
25390
20449
11286
14074
25717
11138
31247
11452
23909
17992
23604
9509
29929
26054
4833
27628
24933
23068
5056
11751
13036
28515
17819
5513
3506
3660
11886
4265
26820
20483
18369
9092
9462
2394
27956
27910
4125
4387
6492
16453
10367
17885
25805
30543
13448
5780
31608
25381
703
4866
31800
32007
26104
18170
30375
15602
16842
25863
31542
14696
15171
1104
29053
29807
25051
30142
10447
31196
25767
29793
22290
13009
10191
13584
31181
4741
20034
6480
19843
67
2984
2424
20288
8886
21145
14866
31857
28771
13068
24707
17656
10615
32018
6895
25472
7875
31684
3927
4110
27141
23673
1540
16601
31593
5693
809
27996
8271
25983
9156
1961
26447
12298
16837
8192
1402
25911
9074
26272
8419
11872
14858
32733
9311
919
13224
24179
136
30872
25707
6170
32264
22013
19156
26715
1300
21169
13167
21921
32310
423
16310
11411
12368
18380
21554
17825
16350
28218
12771
18653
13179
9390
16098
25613
8615
2108
16965
9982
27591
577
5955
31259
10861
5018
7065
25405
11994
24595
23851
3269
15809
3618
19183
17129
26446
20182
27911
23371
8295
8714
26669
15056
306
10974
20564
28079
19671
10344
3724
1480
9863
26278
24103
13112
6077
15287
9498
19242
19395
25931
11174
12527
9337
23129
30519
21842
3154
25872
19596
16421
10655
6415
7448
22560
22288
31192
25512
23788
1399
25986
13383
18298
27344
6063
862
1177
8831
22718
26656
15816
8920
11586
24101
9288
11236
6578
19029
29302
4962
20066
18184
5976
4621
20401
31596
16502
30237
28292
550
13803
24336
9460
9020
15547
26282
11076
25906
29543
23355
22806
14707
23743
28448
9950
18419
3320
396
25494
7699
11518
25737
29364
17605
18443
17465
9817
496
6009
4962
2507
18710
16597
8489
12325
7988
14900
15390
23373
30185
18634
1657
3879
16859
19896
24483
25864
20567
21798
1785
13166
8247
7058
23500
24046
16905
32103
24236
24941
877
1234
22502
28819
27071
2513
18251
13437
16374
6285
307
1458
15308
4585
7362
12633
32288
14939
5994
7849
29336
11003
20913
26784
21130
22745
18741
16376
20253
9876
13293
10583
9899
13352
24753
27590
10602
24840
253
17252
29004
13421
16370
11355
20771
8173
19101
23060
16137
20559
11644
11943
15871
158
11070
18070
2772
892
28875
27834
4169
30393
19076
2685
26226
21796
16076
26698
24927
23201
12743
21058
29436
28284
30305
30001
25654
2045
28819
1984
10591
16701
11490
5100
21972
3127
4392
29878
29405
15906
2710
23580
15828
25855
23802
30025
4490
7022
30526
30473
32486
20165
28977
14975
22735
11107
5771
10778
14156
9026
9003
7365
13802
17100
5282
29022
29023
18416
13557
32362
2156
12148
17055
10759
9224
11405
22998
15905
19130
16045
783
19689
839
22940
2756
14723
2701
21450
1653
14591
8367
3812
10989
24459
12658
3749
22470
3559
23527
29167
31791
21273
7499
538
14573
5729
9003
19596
25504
7535
2251
31369
20296
17108
969
23373
32263
28855
17406
21592
8233
13257
2725
11274
1121
31355
15551
25199
23893
21614
29878
3164
93
17962
22336
25787
392
1300
12166
2083
20705
12186
5766
3756
15600
21937
10677
30721
32387
25985
5353
7606
12718
20574
29559
8156
24592
31739
19608
32723
88
21466
12050
23904
3848
3847
12308
2559
9337
32262
20833
26235
11295
29962
4784
16059
8463
9832
12883
6111
29630
330
24856
9356
32012
26792
28013
21379
8833
22132
10695
11385
4054
16149
4676
28451
10679
18711
30095
10384
7623
11553
9476
12987
13285
21031
28692
21089
17582
31200
28395
26384
31042
4475
24657
24961
14411
31374
7886
29735
25660
24655
28946
12808
20183
27910
14739
4044
1522
29634
18808
31507
23930
25163
23222
31756
23224
3929
30073
5444
25811
14595
17605
21947
24215
18298
7773
20797
3444
10231
16868
29423
29130
21490
4930
24105
29796
22677
21577
20867
3394
29296
8601
16435
18331
4462
14016
5526
18210
22792
15782
22284
12937
28856
11561
6153
10051
14513
31492
29801
6799
14029
9461
1284
19378
20423
21791
643
11139
8362
9645
2674
23853
3209
18360
14998
13361
21105
4458
5760
21418
16284
14180
27490
21205
20967
13662
9762
2768
24198
10765
20397
29090
4343
10826
9102
9852
22068
20336
29887
4927
2093
1286
21694
18237
28021
22942
12516
28484
24892
22268
23027
3801
14205
9595
10734
24257
12664
32429
15405
29894
5731
13122
27568
6327
17501
18475
2996
27313
19875
28415
3716
16029
30214
23965
3730
20730
9373
18707
28102
14557
7607
1982
32534
15157
6419
7859
28247
25428
2132
15966
23122
1195
8623
29289
21787
2517
743
2271
16030
13528
123
29842
11643
13479
29982
11962
23060
13291
9575
23518
16355
17666
3018
14328
26898
20296
8391
3540
6213
24982
29537
15801
17595
3593
9682
5963
7317
13061
8829
2736
373
21881
7460
29938
13131
28772
13403
2980
7532
23960
18236
11209
31205
15294
21341
4081
16142
30106
28415
12709
2914
20112
13192
23045
909
6247
11316
9648
22215
30286
7431
32740
23905
20764
13830
22759
1437
24796
1702
7077
707
28553
17797
9882
29297
14614
16472
19442
27699
3249
2084
7407
12115
4937
11698
1164
25331
24398
8765
30048
7256
10680
4205
11972
8073
24650
16777
23864
3609
26904
25320
6659
30785
16199
16296
3610
1074
19732
17059
15427
8104
10007
21663
13946
28611
3273
27333
17044
29459
21061
22869
12834
2545
5963
16023
29080
22806
28554
6677
4783
14950
24607
25607
22023
12301
22105
14607
30737
3533
31679
28198
17708
19606
2900
8406
14606
15448
3097
6059
11622
2069
5332
1764
23487
16442
32016
3437
13992
24367
8037
32274
24082
31789
4345
18669
13049
8272
29255
6432
20039
29165
15647
31434
24309
10789
13294
7475
13171
2234
22080
1354
29258
14882
32387
17490
17920
25562
3342
1752
59
19197
17506
4072
30762
18709
15023
29824
10273
817
1178
11077
20099
5944
32061
17525
5605
13180
20335
24093
2160
19602
9286
10380
21127
25954
6875
3847
6314
7546
27981
22718
25755
31144
26377
22015
28095
6855
4168
28074
16582
22233
13017
7909
2703
26710
7200
19216
2629
10180
16479
23548
28367
904
9012
6743
9063
10748
10595
18539
20360
6593
14294
21769
3598
3159
17378
15039
8089
28394
14540
24401
7218
23919
22156
1895
26673
21488
28112
12932
28765
2596
7492
29495
29014
11587
29713
6037
20016
27672
7587
13798
14945
2392
31408
29087
15069
26674
19318
3217
17023
18215
20292
6239
28075
7452
32059
23605
8498
19630
14934
17079
4213
8645
12456
25656
28366
19820
11237
301
20523
21472
7972
225
31996
8422
14307
18538
15696
13922
8780
32219
24378
10534
25271
3003
31866
24584
26735
30902
17241
18743
15801
26515
18133
31183
30994
21350
6654
27562
21433
23559
15008
19834
2413
14018
3874
6420
25976
5968
31662
25615
8428
9478
21139
7822
30253
20557
9191
13402
3503
7250
12400
17460
10241
12543
965
24937
10507
18729
31152
5030
26772
20747
13015
2318
27655
18675
15515
11914
28022
16443
28737
8800
21471
31867
19791
13576
174
8445
21305
27707
5764
27249
7741
15436
7479
21218
19340
27579
10010
12777
26794
21768
23422
11553
29207
31429
2680
3290
9519
8687
11749
18706
10575
26238
31660
25249
21561
32315
27971
23731
3514
7634
24693
27259
5770
13352
13666
9510
13939
28654
3527
24078
5557
17271
4479
24881
17834
23238
23626
15329
15526
14316
30926
23485
18721
27025
3291
6623
16408
4048
6899
1623
27312
9032
32010
2008
30493
12911
31882
9138
28866
2346
11162
512
921
30363
25504
547
3798
9530
3332
29551
19143
14632
5176
17955
1535
10432
12277
18591
15795
878
23751
17617
5476
6852
12747
4593
29118
16842
29367
28270
15041
5782
796
13864
2334
2589
7912
18655
17124
6729
31791
13547
27483
29260
14891
31278
10800
25907
16769
31048
19923
30398
31173
25353
19742
26223
30785
15404
3127
28897
3058
18754
26807
15195
19156
30444
20748
7589
1120
4685
27420
15898
15698
26047
3626
13311
6319
3525
5118
9235
20999
6722
17728
2919
11511
20456
25894
11376
32243
7666
8271
21083
12354
7190
25326
24224
27978
9397
23082
21722
18702
24406
9413
22742
6133
20306
30460
21226
20941
15056
13743
11912
9743
32244
19650
26386
9573
7764
17603
22256
9321
12972
23501
31969
15280
29394
9644
11150
2311
1004
30529
22373
5628
21728
8488
30372
1953
7948
15769
10164
31628
24376
5516
4537
13858
23240
24865
13159
1558
1334
26430
5143
300
22976
16506
2842
32323
32094
16698
4429
28818
15607
20249
20717
2098
15316
9614
26541
15324
26197
19913
3846
8181
31971
19933
7887
11975
19237
21284
7693
26130
24439
23519
22028
24003
22168
9246
7087
15363
4002
23008
17156
10867
23616
23674
28955
12470
283
2877
16409
6193
6805
26451
27016
15630
14778
3306
27377
28807
19827
18325
22701
20577
11261
17902
21240
14262
20634
12417
20807
11512
8583
10213
14300
28979
21037
28204
27543
5266
13723
16254
22543
13349
5428
7680
7137
17633
24485
5370
20296
4073
17435
14138
6382
17420
3506
23731
1282
16526
21296
25450
21131
32043
20211
30611
11004
13145
29480
9974
30728
11470
3646
17304
19383
23362
5018
22936
3770
7542
23693
15447
26876
21877
30083
28379
6265
13337
19325
27510
10835
24018
19905
3746
18978
19619
22479
10544
7052
4973
30616
32162
21015
26224
25579
11477
31546
3343
14128
21987
11962
8403
16984
27975
6452
15795
3092
3906
5365
1939
20549
20862
17682
10506
5044
22514
26294
12136
8196
12549
19638
26616
31717
15606
14699
8834
13194
9339
2752
32020
1372
8872
27786
7426
18160
9747
1304
31020
5686
3382
20491
6527
10996
532
7016
28607
23667
14624
23276
11651
12153
5978
17824
15233
118
955
29101
13835
7682
26579
25200
4826
26503
9137
15569
21515
17467
30979
5585
27751
1618
12670
3939
14567
3697
1152
14205
13175
17253
32756
23918
17147
12821
30839
20850
19600
27061
17592
17028
27156
26685
18469
11891
27112
11034
4292
6200
31732
14371
3166
30855
12268
13006
6371
7332
10450
20900
29706
26488
10685
18418
20024
10468
24536
30658
1187
32597
3501
9
18103
30617
31652
31522
10937
24305
20934
379
30122
31591
16071
17551
6766
7777
4164
22036
13357
17783
8265
28533
32762
15746
15382
19842
6578
31733
26659
29799
39
8817
9569
28634
9342
24723
7107
25497
2262
10257
19965
20
12843
26373
14988
12134
29049
15496
3574
3722
18468
23427
19027
1740
27543
4034
2060
7037
11307
6474
13283
16363
17227
20973
28211
18833
19671
20763
28537
21130
28613
507
5652
8268
31246
24506
329
25234
29640
19492
23946
24218
28047
13425
17912
23185
3626
30817
24358
23884
9068
18315
3872
5688
14935
26865
30380
404
648
8409
4047
7389
207
10456
5523
16266
21789
28208
6408
27642
6051
2652
26505
11435
4408
10728
9792
20908
21243
21894
18157
8789
28986
20831
14818
22325
26003
1703
338
28748
23641
11124
2508
15226
28986
7376
27651
7992
7966
7948
31696
32134
26449
30808
18554
17188
29669
6545
29236
30469
14674
18778
30951
24065
23392
1390
26674
1738
22855
3637
1200
21025
17684
20629
24185
19274
2638
8714
27883
25789
2010
761
6058
27934
284
23361
20709
20591
10847
25876
9435
31109
21623
14853
25246
26552
31652
13921
16919
19679
15802
9923
11083
18300
31615
29667
732
3379
10581
16559
8147
6529
4889
11933
20124
13482
5962
15423
1362
26355
7534
29208
11582
11282
19377
20910
9626
31459
16336
15072
25498
30044
20277
15226
21421
21699
4708
32007
24576
26142
16277
17638
16451
10988
6306
15008
30385
29202
28708
26745
7754
32024
2521
10821
28259
1429
23114
32381
5985
14056
27050
28050
23746
28713
24064
31617
4189
25184
28809
22440
21226
24308
21079
16088
15812
27238
17471
17323
23022
26430
26098
28952
2132
27974
106
31556
16212
8439
20360
29339
16765
7985
3835
11552
12695
20783
20067
23041
10211
15545
20662
29551
11428
9371
31459
684
15325
3415
5558
27238
13917
31255
26364
11075
25593
30181
26087
22205
27417
15646
3764
9264
24950
6948
6538
23601
23073
20564
6310
3618
5320
5176
16821
17411
12853
2045
26241
10379
4631
11559
24784
21368
15877
13443
30089
12323
1472
14685
29465
12887
12472
15604
3861
19811
26834
30251
18209
24942
17001
18817
18704
4875
1427
32067
9805
16654
7333
32257
22137
3229
19449
18238
19797
10122
5870
17515
10211
23776
30257
15895
13512
1979
17211
10080
23541
27741
32027
24493
10630
10111
19062
15519
32746
10213
23756
28740
13637
26165
6396
8078
8210
20233
10507
15620
22285
4931
23329
31672
10320
21153
29140
28281
3004
21649
18857
10057
5274
17222
30680
27410
9858
7435
18000
19860
29052
20439
12539
18850
31078
13090
18499
10638
11414
21496
7381
21474
19904
18252
6309
20560
13593
30350
26930
6380
11452
6784
24331
2969
27725
22597
26258
4033
30685
13498
32256
17482
26126
21002
19625
18885
20856
11133
16258
31976
31051
17297
20192
13630
21813
30796
20866
23581
8326
29136
210
28633
8338
24368
4712
18231
10838
30082
2768
10532
11103
25910
11661
3239
14824
14758
11869
5397
28739
22253
1983
7812
6010
2557
6835
28289
25909
24300
31681
23814
20702
12687
4412
2470
17412
11338
26312
28939
10749
10534
23066
30370
8912
10532
1279
13973
23890
21970
2208
13306
23694
16667
7684
14154
11370
22371
4054
28948
18824
14292
361
13554
16491
26354
9977
24765
18395
3958
21300
17405
23178
17753
32248
7075
5111
32559
10335
30203
21651
14774
16889
4828
28963
31151
29528
5154
29029
8172
29138
4701
8694
17323
16514
27083
32115
1826
656
21380
12510
6747
17074
7925
16196
24642
21491
8079
2205
27133
12212
8896
14324
15483
29936
547
23752
5200
27844
9716
13233
7104
14382
3014
25159
18201
2837
9592
10815
19271
6281
9317
22487
25250
5197
1243
28533
21514
28050
28111
24202
28726
9990
14542
13245
31049
28685
13879
8774
10406
25422
424
21655
18182
3698
31414
21058
2760
10024
13793
32023
12424
4461
31174
27020
498
6922
7319
5731
16088
4190
21961
18310
7299
3677
22540
2102
20295
13785
18304
6244
21082
9217
24614
18783
25063
21543
24725
3504
23389
20166
3310
16450
30733
18883
24081
26311
5620
7667
12561
29526
725
13790
2790
18777
32140
22978
17506
2470
24990
31963
12903
27116
12564
28642
7766
6993
28810
7380
8906
1113
2435
12276
16519
21002
9983
21011
16301
9294
16464
22543
12594
22936
17961
2970
9358
15818
9720
28988
26040
8279
6005
12187
22354
5540
26747
31739
15648
26549
15128
12289
2751
31237
27104
27836
2708
9397
1670
28390
28930
19177
9901
30822
12256
12400
29435
29466
7722
21155
11375
12500
18422
18575
7157
27810
31402
28246
8248
29011
24941
24530
19896
2358
17883
1660
21788
6949
18685
16012
9161
6338
10360
22370
29363
8705
25604
29477
14195
487
22304
2474
11163
26769
6917
4759
24134
1655
17624
6856
1011
27890
21539
18673
30867
22524
25990
5509
10208
17719
32170
14807
20465
31794
119
6784
21003
27623
10375
12544
1467
392
4826
14504
16929
23675
13003
8887
4495
931
16962
5571
17235
32737
556
31834
20432
32730
24360
26346
17108
26875
20099
17630
8229
31163
30567
14602
30301
24864
31823
3401
5112
28549
30910
2404
4780
17562
1841
12598
11513
7852
25426
11790
4608
12071
31854
26453
11160
6233
3113
3697
2719
30840
1393
8680
28046
9703
28592
11209
5456
181
582
16200
23637
32103
5174
31144
17378
19703
13343
2654
27563
17948
31855
1651
10147
29644
30675
2858
10259
27903
10738
29667
26601
22967
4186
10047
21843
18749
12218
16261
26765
15789
339
4676
7416
4276
21673
23354
107
5529
31102
3701
19661
7290
17920
5560
16356
15065
19778
32032
9576
32087
23017
21255
18268
26302
296
16169
14494
24645
25070
5381
11708
32528
25693
25991
22537
17143
3455
21475
30448
12936
15156
12740
5001
30799
23663
9894
6762
25941
31138
26240
18368
31974
8567
15271
6558
28055
3521
26607
15508
7048
5298
8467
9860
8167
14926
11351
21425
25013
30239
23915
23065
11213
299
31891
18181
25634
16419
22533
31454
18504
7645
1170
30530
21302
27140
4489
21335
12362
4111
13273
19039
24461
14959
11381
6285
28473
13837
28157
6679
28280
10739
17818
24717
32111
30537
2858
12905
7803
21892
7325
10471
11450
32474
10398
24599
7118
249
3190
27952
25821
1528
18734
3879
17628
10638
21492
19840
12302
11906
17857
31077
7879
10338
11832
17653
6006
28024
3536
25822
6626
25850
15157
28718
20404
1409
14316
29286
9782
6076
14390
25552
13658
4454
25144
31763
6142
7285
2136
4869
6510
7829
25322
960
23595
21716
3340
17912
24043
22431
18638
12684
31968
6893
20119
8282
25149
16058
11204
25176
30199
17335
29841
14305
16328
30784
19773
17996
22906
12686
3689
15043
22114
9518
2242
3922
17451
30385
11231
9791
10453
19878
5228
12186
8700
1989
17801
3348
2398
23405
4461
10261
17048
32337
30031
28168
5680
9326
27782
26362
15832
27456
32495
6755
1521
1333
3727
13891
10319
14690
10361
11377
17468
2932
23794
14896
6079
8170
25300
3588
24094
12418
2608
32708
30625
9457
16951
3823
16025
9175
13915
6979
11681
12274
18097
2956
15140
9618
24474
22203
3615
11341
29858
9015
28712
28915
8872
28792
8368
15301
15680
32465
28037
14049
19285
27021
13466
30977
14099
10046
13067
10341
13571
25682
17756
18958
9848
27623
32002
4397
31531
4833
12068
17115
22050
22841
24738
522
31190
13719
13143
6076
16276
16164
14491
2931
7716
10649
19724
8168
937
18333
24975
2047
1736
1869
21905
26619
13068
7452
18067
30446
29833
20701
30949
21620
26304
8478
15793
26273
2755
12472
31292
21560
10394
12964
13417
28446
24548
18448
18559
8974
11201
1202
11307
15501
24048
3421
25289
7201
21813
1234
1759
10686
29438
15064
3306
7297
5189
20879
9054
27297
4536
19713
21480
30114
2840
16634
18934
18123
479
4378
25209
28635
1829
30504
26857
25592
196
17321
9610
23784
18875
3249
8431
8323
12752
16122
16572
14952
8314
17715
8624
32240
24317
14746
21218
25696
19927
21965
22090
7011
2395
5341
2692
22455
16796
15269
25041
16422
18828
15194
2655
1208
8549
8803
27594
30247
72
3946
7650
12691
8484
23219
15535
13431
22234
27052
15794
27868
11167
24774
10862
6604
4001
10116
25639
4106
23277
29393
21738
14080
9872
18839
12749
20985
16636
14221
12920
27024
16814
8785
25060
26984
14
29878
27747
17950
29079
5215
3809
16252
13111
21901
2921
4848
16889
24885
18155
12860
9953
16726
29756
21102
6679
1929
28766
26387
24905
16858
13314
23976
27978
12758
32331
11601
31487
31205
7381
3790
15227
13530
29942
28842
18281
11209
12867
31669
25002
7704
15958
15285
19776
20441
26063
16473
14955
21079
20121
19054
3857
15087
9071
22869
3683
15394
6302
11445
9150
21736
11788
3693
21711
2630
21113
30925
7931
24354
19461
27909
17406
32343
2546
3549
18898
19205
17324
21159
12754
19242
2310
26226
11039
8311
10183
1921
17475
860
2661
31484
24596
29798
29712
26852
29147
6090
15858
13388
17590
28482
31158
9159
21051
26135
7495
28189
27742
25471
7130
32578
16021
22314
4142
2440
27194
29720
23570
14099
16944
3501
24873
3981
27081
19207
14058
26140
23271
9359
490
25489
5986
24526
20574
227
2474
32131
8155
1499
22702
19954
28769
24592
13052
8062
2200
26134
21801
15226
20313
23283
20339
9533
24176
17874
20133
20340
12961
29180
27707
15293
7401
11011
18887
14449
22789
2368
31635
12480
27961
25216
1672
17156
14154
13051
30030
4431
19148
4742
18613
70
1188
2569
18260
22579
30661
23858
28784
31829
5949
7275
5663
11387
16757
4874
25260
1233
4276
26056
19774
12281
5350
30069
16821
32605
23196
23018
32725
24004
25427
2366
30118
20516
29433
32573
6426
30903
22189
30997
1265
20561
2247
6483
23770
2545
22040
2062
15579
21654
26739
25442
14322
28500
23147
5153
10749
17318
14431
23236
24791
31238
4788
10408
24772
15547
1378
6519
18447
7411
22706
8419
5617
19985
8006
16539
22709
11080
30041
23159
1818
15209
17736
29430
2297
9977
13649
30699
13095
21639
8859
24435
15005
7996
19831
13098
25302
23476
6886
23455
27513
7948
3931
16389
312
31805
26306
3627
13816
11176
28096
16046
17458
20722
61
10605
8601
21265
20768
15933
9469
31399
24409
13790
17263
19087
15397
20270
10406
18102
1677
27805
11937
7469
16432
9697
30862
25980
24387
8683
13547
27192
16854
19737
19179
12504
26201
16301
30491
13252
3422
26750
6981
687
10401
20461
17812
15655
15173
1819
13050
7018
3936
5977
20687
31100
25786
1504
443
6262
31954
16323
10709
2593
10274
545
17932
31427
14500
4767
4807
19769
32149
23573
1480
15686
11385
17288
8022
31787
23391
18777
22171
31608
28774
19131
9547
23073
10880
30570
30342
10196
10102
20379
32000
29322
2861
15918
13407
21085
11303
9003
4580
26521
26956
25196
10318
32533
3307
19095
17147
20676
24828
26704
15441
3207
22696
6572
4956
10565
29451
30184
1208
10814
15160
23899
10930
20124
2429
17833
26794
24395
27113
5690
9660
3851
19468
10474
6815
8388
24574
17154
14028
18457
17571
6760
24803
30783
27436
15122
5707
5392
21473
24768
11801
14939
2078
6379
17204
3455
30108
16632
2486
19768
3826
13490
5013
5048
21852
16631
18562
32506
12218
11953
5393
13139
13020
31241
5403
27722
16124
2519
15713
4009
5772
31580
18545
30420
21043
22067
27342
25178
22034
15493
4683
19402
11339
27517
13496
2504
26820
8187
29120
31327
31272
13197
3090
10137
3119
1435
32191
6733
24352
1249
11235
20281
14484
27938
32136
592
20860
3355
22983
17493
25957
10423
20784
3753
18171
19329
30317
18786
7628
8030
10785
30620
12623
7036
24086
32276
25893
8070
5016
14323
19102
20250
6428
19943
27519
16764
19238
888
12803
22924
23657
28314
4639
23029
26927
19838
22538
2472
23035
28334
16381
31881
22893
24409
15160
21607
24935
21483
1605
3634
9070
32481
29824
12136
20563
18908
5335
26577
786
9460
5071
31596
21242
24654
32455
2217
20750
17393
19585
32472
29868
22997
20190
22754
15212
7741
29161
28727
75
2631
27671
31751
19977
11458
17358
4277
12495
17727
20003
13193
19221
5483
2792
22181
12739
23708
486
20794
21398
12713
1383
10235
28614
12031
32248
14802
24550
9457
9068
9426
14603
18000
18212
30574
2096
828
5006
488
11737
1593
25836
23564
7415
1926
8023
29469
268
27306
9731
13328
3983
23119
22468
9720
2194
22099
13521
2242
10914
26653
4553
19490
7663
28973
31731
29389
6829
18423
13002
13801
20153
5874
23225
31937
18048
12780
19747
31934
23837
21920
10662
5523
30657
1418
3233
15799
4184
31738
3827
4888
21353
24680
29446
25614
21822
14343
8973
17549
8774
17564
25737
928
11959
17809
25874
5394
26999
20293
1108
17262
30269
11431
32600
15915
21236
32515
24837
22560
27744
4124
23526
2622
26115
2682
28973
3709
6466
3077
2296
10007
4036
18131
24532
26101
32027
9279
28031
2150
31654
7739
10483
15127
4277
17127
19871
23104
15343
5730
1528
539
5617
18143
7984
922
16952
26364
10821
4441
14401
8784
11838
14546
10222
8259
20402
31696
32044
2339
4489
7718
18131
24948
4870
31648
1230
12167
28422
31290
8571
8014
8322
27792
6740
6254
4187
30870
7120
31382
12375
22153
5252
29711
18278
31781
910
9877
21291
2073
1587
3686
8887
440
26823
24472
3736
16625
16077
19887
29202
4737
18016
29039
18860
27751
6866
16623
6895
18072
31378
19951
2410
27637
9299
15979
15609
22394
3946
13169
32071
29112
888
4655
9874
17029
21322
25424
23470
27378
16125
15497
6477
31613
16742
26734
3709
31368
19633
16523
24178
12042
14919
28080
12166
901
29174
652
11134
5432
3148
9341
21775
17301
29763
13991
22177
21493
19492
15172
11858
32139
6565
24378
23358
29078
32084
25587
28670
13275
31033
23401
11886
22355
2743
27264
4275
29473
7092
1433
25469
25542
3834
23396
21898
11416
27612
25077
8300
3441
27932
14875
11915
8356
30476
23789
25197
5429
14580
18341
25397
22857
32180
6578
4714
18651
28586
22792
3834
13489
21462
20667
27007
21902
60
15820
28096
32682
4490
15939
9595
10847
9211
13949
30818
8229
4987
8392
3427
27328
1804
31533
20780
20408
19304
18317
17903
28938
16616
20976
98
26141
24740
12569
30219
24823
7388
13662
186
13233
8343
14774
15191
18984
12937
2836
7133
27638
16186
23027
28327
23201
20069
27186
5867
8209
26526
29987
14468
8520
10808
29151
12020
18765
7270
14300
30121
24681
30112
12225
25983
25494
26697
1656
27527
28725
11918
5765
7431
6143
24209
31639
19649
12606
18887
1117
1400
30525
27550
30363
3505
3837
11108
22909
22711
17449
30052
14891
2273
4684
28498
7837
26391
20034
19433
6833
29587
1005
466
15227
29669
23593
27080
15580
8762
7937
2042
15702
25053
9763
1200
25630
7422
21393
6194
11635
12211
24730
28134
20783
1084
6409
17080
30620
17547
22172
17086
12424
17668
20663
27164
24732
3201
5210
27942
6377
7577
14417
27589
3268
25890
8618
29724
6612
29172
27756
6251
5737
23024
19590
7219
23055
28737
31494
31899
13412
12514
907
22546
17958
1376
1533
31030
28816
18146
16507
2292
20199
8550
30101
11249
28240
15437
700
3881
14308
19482
15094
10199
16646
29047
22999
10900
30196
2425
8876
32194
21149
21284
32761
11051
7603
3634
14118
5350
23040
30480
1141
29051
25085
17450
13111
21318
24993
2152
1600
16161
8823
7928
1176
5693
24051
1103
32371
22353
2566
16490
24163
31479
21488
18010
6861
28498
15702
27903
23450
30453
3988
25876
10286
28416
6484
20587
12702
16524
27232
24186
3357
330
436
4631
29368
1894
8664
5248
21572
29874
16236
14750
24724
32000
15876
6539
18159
27599
28471
25425
20160
11563
2035
19701
6032
24014
19
17588
5426
9867
4148
18316
7229
26349
16836
254
4800
29467
17755
6163
6448
26878
847
19869
16293
24742
6787
20415
6982
31722
16767
26287
20482
6479
15814
24251
25218
11820
25955
21386
26203
3083
24262
16549
23687
5457
4814
31541
22038
9506
1319
30991
12065
11903
1750
2285
30208
22193
30482
24574
21180
3819
1622
8354
711
28971
12212
15982
15595
25697
23660
25463
4481
19411
26045
15053
6883
17856
26875
17477
4644
15683
8674
5500
7166
21371
16170
11288
25099
25577
25947
13649
19512
10265
21475
28337
28280
16005
24678
1047
32437
6326
15445
3842
26380
5292
14530
6924
18489
17792
31859
21429
80
12104
24629
16226
2479
31291
25970
11174
17968
24854
31494
11967
2723
24254
1103
25188
32379
24358
22147
15294
9159
30579
8263
9396
7012
26974
28541
14955
31089
30170
18781
21773
15876
17143
2247
15562
17947
22791
30423
12317
18646
31487
20923
8017
13539
24096
13761
16707
569
1238
7348
25961
19465
16608
26473
10003
18161
8369
9621
26097
26484
19478
4065
10198
19623
5146
26689
18363
17196
14887
13441
5639
29796
12909
1825
19982
5601
25991
19042
1239
11546
13660
16801
29986
15203
18756
13540
19625
26140
25965
31411
24231
28456
20860
21545
24471
4513
4727
20298
3646
5833
31714
9111
28139
14148
23592
15584
30206
7301
18493
26714
23207
5767
19074
22513
21232
22973
30953
28639
32766
22859
13913
4734
22931
4470
9044
24154
17368
22105
471
4747
12890
31450
4225
3394
31826
25565
8440
6305
17961
23480
28041
31184
9275
14822
29198
30285
23260
13055
19477
17283
24472
25831
26174
5279
32703
29510
29413
15007
20514
18489
31233
2731
18967
19784
32332
32425
14787
12439
32165
17420
24984
2656
20658
11500
30492
30368
11721
14172
23788
30481
21265
7928
15873
12633
7140
11453
28211
23937
1400
14622
13307
30888
26303
5203
24445
4089
24459
18677
21190
14298
17142
27848
24402
870
257
29656
7377
4126
21371
14791
7466
31195
12837
13669
8641
19208
21011
2689
13814
15629
13397
28159
21230
23822
2007
4139
28821
26838
25222
333
10211
30734
5556
17534
19039
17843
8638
1209
4834
11719
3308
8245
21406
13126
8600
32242
17758
8795
22419
24978
23567
8916
27844
12651
17536
20180
28946
25306
28518
8647
18821
218
19875
21403
28327
213
8648
29742
27185
22970
2776
23298
22499
4431
11343
16184
28084
13257
5986
3004
20267
27034
22921
17341
12301
8074
21563
2912
2616
29961
16888
10421
27343
25795
3213
4330
6807
23414
22676
21950
9633
12544
27194
1849
1578
14269
18245
23962
30399
22031
14933
16274
12197
24126
7017
30895
4983
6275
422
13339
3857
13151
16980
3974
12461
3633
24874
23137
14924
4616
21963
21837
13144
3254
19088
1491
15751
16934
14472
29269
12546
10223
1213
23108
17351
32552
697
16020
16459
16511
73
20077
3940
3717
16001
3108
6503
8780
31744
15977
17037
26164
29814
450
1692
13058
31075
3640
30659
25394
2081
1359
9413
12431
292
23612
10842
4096
25729
13907
29650
32677
14253
17343
28411
31522
30855
30837
14149
2619
16793
12139
31780
7586
923
3588
9910
11788
30777
15311
678
20874
12823
17010
28240
15127
28177
10721
22053
22637
2503
9428
32593
542
17241
24951
26012
29151
9839
21091
12430
29479
19069
973
983
505
17989
20733
12014
19453
31901
3586
32759
18390
9842
31141
15850
22192
15885
2971
3570
9240
12181
29439
18451
14353
29397
22783
32528
28516
29248
15317
16268
20023
25394
30201
19055
24801
29561
17812
20107
7933
28692
26680
25984
1213
18746
7887
22492
22146
6047
11730
27783
17065
1778
11708
18271
21927
18858
16317
6943
29784
31234
31410
12933
20628
3138
9301
5300
3076
13889
2737
18647
32051
28712
4570
32007
19176
29304
18906
5231
20916
21839
8430
24749
1991
13543
1523
2684
21255
32607
3867
28048
1380
20414
30948
27586
29541
31285
4427
31597
22791
11684
25404
29976
200
20064
13902
25685
24831
28212
13997
24552
9070
1445
22871
11564
19226
21114
20620
12979
27739
32636
9343
32301
11055
31099
17490
24971
29651
5521
9025
27492
8597
27819
13854
16023
2020
4164
25853
3378
4521
31860
17712
14994
27354
27434
12150
26828
26699
27829
1647
30028
8648
27018
16723
10428
29282
28993
3812
7720
21254
31456
9377
9567
17236
31324
3645
9372
13485
28509
4431
15717
11150
20802
31051
14516
2845
31845
24497
32341
16130
1184
17540
7055
14200
4368
2814
7430
27556
9496
11906
16352
22053
31401
17362
15911
8172
20929
6786
14958
27982
22834
4781
3768
343
5285
31462
661
11106
25566
2673
11406
13030
3906
19380
707
13715
32150
2792
24275
11166
30473
7444
30972
1625
6517
4924
7812
7430
25058
11733
10071
23533
28492
9341
28401
27052
25254
5609
21630
14031
30
13343
1600
11168
30115
229
7218
26688
27300
11897
17899
19191
15643
30850
4036
12489
4043
2375
829
9290
3525
16159
9885
28339
1841
26152
8153
16180
19275
14908
32439
23692
25516
17697
29235
5336
5323
27904
27938
24488
18371
18201
32277
26200
16727
692
24192
26270
18995
91
32028
9055
11380
26950
1929
22471
10859
23319
14136
24728
21150
31688
25992
4034
21776
2529
11055
24117
15811
15598
3804
28659
14458
2608
1819
7785
16835
8595
21368
31999
26933
14048
28903
3054
2295
27444
11619
3409
5762
27313
7894
12416
28839
4723
313
1945
20179
12997
16380
31583
13714
16789
11944
12616
5202
4390
13507
6097
28778
24325
28916
3349
16730
20286
5991
21406
25172
10191
3955
18811
15612
24669
5242
5522
4461
23078
24081
16184
32636
21559
4961
25599
13632
28639
3533
32719
26322
22883
11990
31545
29521
26867
19771
29703
23337
20445
32100
29720
27541
9729
14592
2667
17251
27525
10734
31353
5368
21194
7257
30152
18835
26270
23592
5053
27094
24755
405
31666
28546
17487
28955
30024
25730
4422
4758
21246
29483
8998
934
27395
19394
4273
18772
4681
830
8080
17656
19931
20304
8261
28762
11888
17313
18018
9495
2624
29787
20728
29510
2326
8682
5971
19292
13991
20996
19940
32589
3874
31206
6015
24308
14856
7649
14023
29621
26430
2582
29670
8033
609
2174
2689
8793
12377
14381
13290
19703
19249
27095
8600
24617
20517
9619
31701
24927
29693
15839
14519
26024
20890
5092
24401
6167
26319
28924
2858
32620
21362
6514
17391
18160
3762
31881
32100
3745
1706
9663
21408
1679
24119
21330
22394
22918
15623
22020
32575
10989
26099
7707
4006
11246
1935
6573
4357
3032
31487
18458
9412
18369
25868
9946
20242
7535
28023
23417
2264
9593
140
16095
11755
22697
20219
11733
7046
1189
32740
17093
4855
29646
18737
23745
13464
19561
25128
6087
9985
27389
1088
6724
15996
15355
28212
23510
14522
22692
7511
18774
24772
27432
12583
27158
12083
7691
11556
27239
15012
6861
3299
12127
3175
23498
24158
22489
11639
21855
22158
20156
32687
14926
5180
21121
14138
24420
1300
5615
2124
601
8443
24105
23823
30711
28578
16875
10209
1406
3163
28177
9660
26952
7212
4953
9461
22185
27170
24937
9258
26905
7656
13076
23926
21141
16536
20441
4582
18754
977
26284
10545
30804
32522
9722
31139
30766
22310
5351
19547
4554
1096
4570
29110
20828
10728
6715
31243
11314
13607
16251
26265
15839
13663
27989
26301
24728
8959
25940
30057
9438
2198
5014
27345
27742
16941
8399
22119
11285
18138
26000
13578
6583
12434
8906
22394
18514
30271
9102
3344
30766
3090
11286
26284
7673
24091
23049
9710
25888
22807
23035
11433
12672
30089
5683
148
25662
30988
17074
14147
26611
25063
27249
24150
18445
12514
25065
13297
22386
1368
17112
17260
10854
16270
21827
14923
26542
7491
2487
2416
13557
1160
26837
9871
17008
28882
7182
483
14782
13902
29610
1055
5138
3956
3599
10408
7059
10463
1088
2049
7171
8028
16292
26246
1695
9281
23817
7006
3399
15360
16616
25515
30943
19195
16618
30211
16117
25754
1708
27172
6820
4251
4031
18659
11448
31402
28404
22630
26386
16434
13014
30867
18255
20594
5495
9160
9380
4819
22896
26573
5388
18297
30755
27399
11686
22040
1347
20974
8792
32521
27543
6337
2233
8861
26362
13688
16942
4785
24487
5626
20819
8834
2739
20112
7836
26819
29659
3225
28732
26605
21632
8576
6469
4311
23536
14828
9233
21382
19687
5430
31714
12870
5206
20768
22981
2809
15714
7620
30908
2736
26288
28106
21787
32632
7392
30430
31539
31863
15959
5729
10542
1079
19522
28255
18490
11585
19671
20162
234
29934
8926
16069
28376
13434
32369
15019
14224
27738
19200
31152
2217
22991
16024
20544
16693
2748
28260
615
19036
25525
3188
6793
25411
19544
12989
6227
25651
30176
24417
3057
15607
28663
1585
29057
12933
32716
23408
24776
8161
28006
15322
25892
15935
15160
21989
4546
14440
31733
30791
9745
3422
15013
10680
22135
1603
10489
28153
3394
17271
2011
23573
14305
9473
32330
27111
29780
4656
21093
4316
13025
25729
14533
12283
8201
31172
11792
20258
27322
12667
3787
10130
15046
22915
24944
5549
27540
19958
1729
22527
24342
20559
17499
16252
31994
22991
23950
13576
12837
27936
11884
14397
1117
11065
32032
15208
3653
12161
30082
212
30607
30519
744
23884
15725
22545
31806
987
24392
18979
22105
16086
17333
2307
20616
14876
27045
20523
20332
17053
14811
13982
23050
7961
3236
28111
27935
26154
14274
26558
6323
30085
14505
10340
7153
28285
20206
18001
29494
23497
6908
24212
3176
25734
5385
32731
5513
12416
28744
20699
6540
25005
15968
30194
24423
18170
26398
31243
16233
11338
18534
16067
25294
27580
4720
14282
8593
9261
13361
30091
29313
14591
27670
17167
8599
32536
20728
23326
16519
15149
26445
30888
1429
21824
5787
18020
3242
25959
4915
29111
11943
32208
4123
25815
25337
22018
19788
27696
24430
15205
22045
19207
27206
27397
1024
861
4750
14483
6508
21782
17065
9901
2330
14426
24880
21598
15732
22332
29692
25577
29771
19097
31104
16066
712
7747
27740
23262
5541
24671
9520
25900
16796
16396
3758
30052
30752
32582
24564
12031
13388
15369
20760
29574
29721
21689
32260
2576
20947
27585
27524
24583
20942
20091
25245
18218
14421
17232
5665
21720
31715
800
18048
18059
10134
25059
22497
4003
16864
27281
3697
29797
2944
29248
25851
22083
10928
26252
12730
5469
5792
23356
3435
11081
22308
6947
12453
25359
27817
16451
15213
21112
29806
5945
6918
30857
23793
20949
518
9546
16039
19720
9903
3788
11503
28163
15227
14185
4937
23197
22009
2382
29379
4341
14296
19255
5045
8793
11841
21114
32686
5479
31595
5703
22446
13170
32361
2094
23190
17704
3398
21985
12252
625
13651
30780
19075
14746
21952
13186
30795
29106
18538
27882
28965
3124
3316
31066
31465
10727
10777
18802
30027
22275
14656
5836
25100
17045
20561
30338
15725
1316
15816
29937
15081
14997
19208
7869
14883
29516
30961
6934
2078
16532
27316
15161
16556
24641
29414
9017
25641
19348
30420
28671
30056
11614
7191
32399
13294
872
29800
14478
18014
28435
7093
2561
26933
31036
31860
25688
30135
19810
11831
29355
21802
12299
8832
25411
13377
13411
5079
27228
2779
29991
27419
25129
19438
21697
3862
11289
20925
2229
21075
14169
23122
29755
29492
20634
10280
5677
25151
7956
6952
3620
17081
29387
21974
31967
22902
18449
17101
17380
24047
9292
3689
26729
24981
12281
26819
7540
16741
12785
9186
14658
21949
20459
559
6630
21614
14403
18730
15666
6418
6394
27740
4058
18336
2045
25740
14295
32061
16554
1846
24074
853
23184
29241
15138
14571
23926
24528
27583
9773
22175
30403
20439
28236
21325
27359
31066
5002
25732
419
28177
16789
4112
20284
16588
4627
21194
16308
17852
32638
6166
16486
26142
31282
19120
7605
22297
21444
25257
26877
14314
29846
5292
31434
23358
4008
1670
25928
16351
18609
11493
27387
31891
111
13920
19888
9026
15163
10168
2484
24406
21984
3422
20803
21351
31917
26165
23619
31256
6345
11160
24627
3644
10183
6815
17502
15934
12666
8862
26196
11967
20491
7407
666
4224
32328
12786
5537
19843
8255
3921
18677
4461
31244
21385
16567
12591
2287
21158
23885
13797
29346
6221
17752
3838
32489
19200
19430
12190
20330
21662
1770
6976
18879
29737
10729
9632
26570
7372
30965
27096
25160
17949
26591
15561
27049
4511
14761
7868
24864
27019
13370
28745
20470
31952
15445
28281
32035
15448
28108
14887
26911
15757
1009
28332
6646
9756
9806
3003
28059
1272
28054
13961
26238
15523
13531
5681
9824
25257
2816
20312
2918
14445
22642
25356
9069
8487
3347
29938
27038
14638
27255
15521
578
29299
15955
9801
26839
23118
8498
26264
17507
27774
3434
1502
22024
5995
25167
9839
13785
21933
10150
2633
20972
210
9565
7158
25520
16732
9081
32436
20353
16394
26191
27092
8826
31833
15095
21344
8843
27721
10238
11776
9419
18788
5723
15902
7695
12029
1700
19017
8635
28086
9858
10967
17112
14405
23139
31951
2919
3447
3950
31750
32245
884
27068
18567
21872
22598
8901
6968
30521
27541
11288
11707
19322
1460
27216
22931
28602
4066
7235
12936
30639
8649
17020
8268
12371
2123
6892
15198
6458
10622
1244
28975
2082
27125
24870
13188
10956
30530
17061
14107
23306
7096
746
1425
31002
32630
3888
26243
16434
31393
402
25588
18780
23792
23164
28142
12420
20078
28256
24940
4047
11643
23466
30328
17711
3604
7413
22929
13877
15957
2943
29775
1574
29756
26074
10570
29264
2224
12005
1847
18590
25538
30971
14164
11371
32306
29034
11015
7572
7221
16423
19649
30161
9589
4032
14377
20549
15962
20881
15735
3923
1672
4667
13341
29876
8361
29266
24749
32710
26476
5974
29175
1575
29645
10469
22897
14979
22680
11822
733
5546
14120
24489
12069
21990
4469
16646
30346
2187
32078
5987
13821
20943
7394
4033
27597
26332
133
10681
18307
28196
21937
14955
28939
14837
1867
7096
19220
4429
13096
23473
13496
31471
6352
78
3680
16054
25986
13156
1506
4394
376
27345
28141
7505
17003
24825
9383
24776
10074
29047
19860
3601
392
11788
25274
26927
11972
16347
24835
21104
18668
26841
5090
29579
28340
14719
17465
17130
2468
20162
20091
20809
13664
11332
25614
5504
11308
1740
31731
10909
23727
4852
13992
13366
3319
11297
14669
23806
11966
26552
17415
9109
18668
26767
1954
27045
6749
1698
32378
31018
23011
7944
19611
29713
14223
8229
27431
25093
812
9760
8952
20614
7181
15255
6791
14651
3593
4754
31500
8841
32707
18870
28903
11876
22063
4540
2879
2917
12625
18209
16105
31773
9800
21534
4235
26794
23180
28378
10753
11911
25716
2015
24319
8873
5371
31946
25848
31175
3779
25415
16959
2809
20058
61
14445
8324
1981
16198
11778
19188
32026
15970
23375
27244
13018
16876
16019
25147
9439
9421
7012
10927
24842
6383
2384
13614
11009
19445
21957
22146
3375
17449
15662
11125
31500
2485
16223
11166
26782
28695
4915
24186
31552
5071
32115
26303
14242
24666
3834
22508
20753
12900
3607
2597
32248
27194
3891
24638
30119
638
180
13334
31572
32542
11809
23846
6751
18566
32390
1369
30683
18197
29210
16414
23881
21198
8991
6076
24742
19281
19978
1255
19881
27657
9444
1168
13382
12454
29168
16385
16502
24014
19854
31528
16186
527
27487
15667
29917
793
17066
26462
10362
2858
5630
11785
2239
27337
7705
10254
19952
17079
23561
26705
15663
2595
22161
21913
28922
17693
18126
13470
2805
32589
30746
6243
13034
24293
24369
11461
1806
25556
11411
3924
24966
10045
24105
10851
5929
12071
5162
18011
5000
10870
11584
17749
30251
10522
28135
15591
5406
9350
14102
25149
2221
27747
4130
31852
9323
19334
2015
20740
377
31008
12552
16100
32260
10805
15841
31571
22032
22352
32538
9548
14708
2676
18935
8984
806
18773
2478
32291
30137
28616
17
12552
8484
3705
31084
7150
21957
8668
30641
4887
18598
13670
6354
15286
19710
18172
15471
11009
18171
32428
11441
31624
15294
3739
20086
19653
8872
20286
7342
24820
23508
27597
29444
19749
28644
13045
27586
28559
32001
24526
21742
8231
29981
28428
185
20337
4475
21625
29979
1942
8050
9379
16055
952
2670
1745
27396
20866
18231
828
28078
12547
1142
380
30010
9916
17525
2881
29418
29687
17446
10051
23008
26971
21351
24700
22917
18366
644
19860
5932
9018
18685
11421
10995
31875
2442
26368
25578
1143
5981
4535
6008
15863
8359
15805
32762
29174
8797
11459
28332
10703
18748
15909
21709
9180
25611
10268
26622
30276
19232
20789
26092
21524
24869
24066
15150
10386
4380
18191
4465
31950
28065
2839
2258
23417
21871
20856
8331
9978
16678
4325
4818
5567
7756
3675
10238
18641
23441
18518
17644
12460
2647
8772
14497
13389
14705
25658
3376
20108
27947
25318
24542
5548
22667
25541
1157
24881
15319
4501
30774
497
3159
5390
26402
16494
18780
9677
18875
5475
8834
10129
23830
20637
21297
10153
31380
8716
22378
20141
4801
14618
24000
6765
20348
28219
6820
29735
8537
10950
24806
30461
15427
771
9081
31397
18278
13957
17527
13923
17484
2746
21860
4148
28997
13248
11447
27724
11021
16250
29846
4291
4521
14052
5858
29068
29842
27043
10867
30886
18965
6113
17829
7830
13818
28247
23059
26388
25444
2219
32162
5637
13816
28157
17602
12457
5697
15293
4592
7958
23891
29375
32383
485
9135
6801
16537
4139
30567
12044
12929
4523
15747
3113
24346
18761
17058
19478
14253
25538
16101
19337
22247
16027
20744
18517
29985
6999
13522
20027
29157
4845
14512
26114
5805
23929
13981
15049
30445
16946
5188
10653
4436
17308
3689
28487
5711
23551
21381
26727
30672
24087
12720
6087
9805
19981
23492
26345
7947
18086
2496
21730
12188
16059
30826
1899
4775
17129
3129
29238
18919
30601
7025
2174
22902
30434
9104
11490
18508
24478
28137
21363
2562
10107
26511
2572
13788
1603
12404
23266
12039
3326
9682
15707
8735
15718
27594
2340
31733
13723
14924
8062
15758
17432
28982
16088
20847
30694
14272
13475
17943
271
11031
24930
4558
30038
24648
17152
17309
19749
15712
31079
17822
11463
28113
31054
5238
19927
30232
24914
4127
7417
10909
9545
18923
24520
3547
979
29637
30479
22976
31281
21690
4411
14423
10843
26297
24848
28580
26444
407
11420
1232
23457
14166
18537
6790
32354
17831
21239
3740
18976
16557
17513
6902
27200
23300
9855
32167
21142
28418
2244
27738
30006
11581
1289
22257
2694
5197
26641
15723
8088
5587
21134
7435
24247
3258
26188
14518
17984
26812
21421
16542
16820
13096
23381
7453
22794
20707
6182
24803
27210
9645
9583
9812
8535
31910
30048
23596
8716
23057
27586
17765
6283
6743
4325
12378
9170
591
28889
10540
20112
9404
31456
11109
2614
16664
29988
5851
24656
32656
22694
27608
19990
11855
10615
4727
32318
25599
7978
12625
21781
11149
12681
22361
718
7469
23943
32005
4122
2207
13942
8367
6393
5296
6010
570
10703
30723
2366
16888
29370
12049
12261
26315
17699
21359
21828
3979
3987
30800
25422
21416
19400
12362
25295
5905
4873
8285
21086
21844
19638
17457
27020
10246
11043
18335
7266
3173
27302
6515
29451
11324
1775
7024
2509
11783
23192
5013
19774
20568
23805
17055
18100
21625
29262
17359
3325
31827
483
6637
11600
8078
18127
3469
8324
7162
3767
16529
8320
9518
23269
6895
29171
14191
6040
29877
30277
12755
23966
8522
6605
23461
29221
16374
29252
22796
30927
30116
8569
21224
3076
29671
20551
22013
12172
28988
21956
11603
20829
30351
24252
15324
19633
9728
10590
6488
9052
24294
10548
30326
24925
25364
10073
3132
24243
24924
13030
6824
21362
2386
30125
15000
29205
3154
16682
1767
31766
12229
26550
24793
1212
21663
13822
21433
22069
6188
8372
23488
11492
29197
31364
5177
15612
29566
17994
4323
13902
3034
31106
26263
14943
30304
17151
10026
30910
13623
10721
21653
26004
15792
6337
3923
15997
14796
10542
1035
20886
766
17245
23663
15064
14897
26140
14180
2980
8461
11016
27747
4254
6262
23296
7711
10687
26710
9945
24680
26790
13469
22611
30031
26927
17286
3916
25995
6215
31003
24372
30747
23807
11259
24769
19757
22495
14171
3044
8255
11388
28235
28155
30084
2380
21562
4168
13961
25018
16061
8866
536
3702
17548
15978
13149
18447
7629
21953
25671
12227
22934
8952
28465
23190
3245
11336
13250
4769
23954
12228
8977
17069
4543
2955
22285
16384
46
30274
14621
26231
3356
7106
31747
15061
4877
29197
27910
1883
23824
23175
24656
9881
5700
25443
15509
28803
21147
15707
27125
32199
5342
14756
10276
13662
30193
25633
4040
22625
20825
3543
17186
31
6907
23457
4593
17004
16934
11556
5267
28732
17876
28678
622
8816
24109
13147
18318
2287
24397
3936
7567
12281
14663
13676
11198
12216
14698
15395
29307
31256
28867
31725
1506
15065
25570
4007
23466
32227
26593
19864
12364
4057
20643
19622
18280
19696
21594
18889
2917
20994
18508
449
20569
17374
6870
21252
15912
8419
11953
15355
9711
20685
31604
2413
18083
26318
5978
18748
17653
18913
3654
21839
23161
14171
10756
2767
8
21442
4050
406
5987
15843
22303
22500
22552
22559
32146
26196
938
15366
23630
28687
9452
3111
629
9024
24238
6181
6378
32200
3483
1806
13148
27186
16738
31721
12928
10473
20756
26766
7069
22952
3789
699
2382
14643
24215
3939
6532
26437
13451
30793
31946
18633
15930
24526
2765
23116
15179
9991
27
1715
18789
6675
18731
22057
10063
13996
32414
2396
13141
16635
30404
29929
10478
6833
4194
12564
24989
4179
6834
29117
7445
4309
32428
6800
5280
875
3460
25467
24001
12188
6260
8549
24600
27544
13755
1821
25223
1227
22246
29328
29587
5810
5198
6720
12557
17390
20962
12017
13041
1431
8486
17829
7566
1234
1148
7627
7911
12966
30627
6068
23386
4619
24957
28486
3455
26692
21269
3828
23891
18287
14304
3822
12950
10075
23363
13460
1649
153
26454
1585
30812
7638
16616
18150
10815
5992
25795
28388
10199
11558
10800
29662
23900
29309
3774
30143
24929
192
28480
9112
5627
9152
21013
27868
25893
13469
9900
21199
7267
5851
7750
28220
11174
3000
510
32102
19312
20413
10759
3650
20024
13972
31286
6371
8464
14617
1984
7734
16261
10675
19524
7919
7879
741
2572
32451
21514
1056
17808
10200
31275
4316
30779
634
6807
1511
24690
5391
7529
30972
4819
24653
1234
5783
12474
19370
30654
4616
26634
13844
24500
23494
8234
32483
7678
4615
30797
6924
7179
24461
31479
2711
15121
15555
10941
16979
26358
18184
19532
24008
20593
8779
4524
11629
4717
6360
2758
29979
18094
28017
32548
28354
19894
5025
5369
25947
19946
16973
26977
31773
11761
5260
32233
30196
3677
11449
8018
4399
1677
3526
10642
19320
10449
7890
19740
8714
4560
3326
14689
8734
1831
32637
20631
23974
26963
20971
18617
6206
31953
18656
24015
16480
20099
29892
31087
2263
14166
14053
29572
13942
17186
7366
20558
30217
32466
1467
8106
20108
29124
18098
24980
923
18035
16468
5098
31786
26195
6989
19826
374
3324
7911
2591
27195
5771
21982
3216
1576
3397
30064
30938
23952
14974
15027
3207
6498
16058
12843
6111
10075
29969
7580
7270
28282
9688
27677
13477
10165
19581
30830
10541
12010
29875
395
22234
24600
29391
4481
19029
21711
31602
18049
13532
5605
24169
12851
7750
5483
26833
17228
30785
1247
12927
28003
30431
23459
23199
769
21073
8622
30618
30199
22002
21122
15934
29172
24711
27742
9241
1366
14788
32692
293
19521
24851
21213
29867
20974
14738
28172
4449
7238
14170
9089
5333
5552
29191
26623
11791
18727
16501
3967
6002
9359
16839
16934
2020
13641
30638
15733
16175
4869
21992
13760
12710
27863
27398
27617
5899
27790
1651
19245
24752
25665
32690
9127
23261
31274
743
21620
32114
18103
1689
31375
12237
6367
20150
30654
1006
21683
8407
26053
11481
8245
3526
18905
13372
21100
29758
7255
13138
22712
8433
30902
4871
1636
12239
2491
5981
634
4742
1515
14862
18395
24645
20550
6259
27534
21190
4402
30884
7513
5259
23478
10721
5774
17512
13032
17457
27432
21057
937
2888
28950
6421
26255
30894
12759
23099
15907
12574
6727
32236
1357
26925
23737
15618
25100
32044
14661
6143
20586
16462
8292
16209
31152
18190
25530
20693
3030
12491
26930
3737
9533
13493
5200
29414
10401
30189
22979
17790
3401
25320
12602
5666
32640
9237
22905
16471
25929
23999
8876
23658
6991
18740
13051
16818
32283
26919
31070
32277
5001
23891
17075
26317
26749
6497
9486
9836
30418
780
13648
27678
10131
15235
15099
8239
17774
6158
22084
16845
29541
3573
19562
21006
31687
5534
28231
28725
2911
18677
19749
2865
11499
16656
12754
19558
6352
30484
2551
8112
11531
11346
16293
31909
8555
7606
12081
21787
19453
1634
12098
19691
2504
13718
24360
7924
8123
15315
12143
21346
10212
29504
22708
11056
24291
26444
13496
25835
26013
24469
11699
16057
19253
4617
14315
22939
29496
16458
2436
25071
11287
17495
1178
8505
2523
20586
1933
23842
22804
26140
6044
10177
15890
18639
6582
1306
21592
28493
3468
2532
25166
14509
32491
22416
30006
26743
8521
6534
31073
11784
18846
26546
8867
15159
14965
12863
14596
11832
30274
6818
7608
21185
3062
24027
7250
32364
4561
13303
23604
3165
17015
18650
1610
15396
28743
12859
29432
30692
17128
1776
29776
17845
29476
31596
4233
26696
30970
10118
16556
29386
24558
22908
1937
21514
13732
6711
29962
7389
18093
18128
26974
1474
7585
25428
11513
30658
30830
2756
12385
7322
10223
8288
2156
14876
3521
9765
31409
23763
11346
23701
11836
5606
32058
4022
21638
20542
463
13661
24228
235
16883
16556
4798
14020
11569
20186
5571
19790
4617
4402
15707
18144
8071
6239
15901
4612
9499
25830
2563
15903
1188
24820
29466
25429
2766
10074
26238
16807
8606
15318
21382
23390
4427
6292
4924
3757
17232
13556
25616
29330
15295
27022
19917
31485
15576
21876
459
10292
18650
10422
2919
17782
30233
30764
25776
31454
18769
32367
17251
13963
2618
28201
12826
12542
18012
14735
18880
4291
30245
29483
8008
29012
30777
11231
14750
20794
22281
29223
9182
11125
3239
22174
28613
16414
14553
6596
15461
20555
32108
26366
5404
20787
29898
16606
15558
23187
30415
677
14642
21584
8153
6918
13011
10077
19998
25645
31928
30175
2371
15616
22718
7823
2090
18341
19461
3936
18699
28996
6048
11107
28614
9998
10641
18407
24183
23678
6644
1252
15435
18142
2170
1178
24211
29198
28185
18037
18455
4737
14082
10548
12973
14472
14548
22602
22282
18643
22799
10372
26327
24116
30667
10221
27912
30887
29354
25839
2153
7568
21515
12474
13433
19779
640
24810
5244
29129
1155
21603
29900
10978
11364
16256
30320
6982
16518
878
6383
6960
29643
5330
5734
29725
16973
13746
17881
2513
1615
1682
30663
5276
22899
13021
257
20699
5677
15495
26556
18369
3447
10993
26340
5464
17606
8461
15283
20418
20541
7874
29059
29637
7457
29074
8160
31367
16526
6266
20194
31893
7784
7961
30137
1578
31891
13333
18314
175
22119
32443
17018
21886
1118
30693
13576
11755
3088
18977
11679
29829
11362
32015
2155
31641
31226
28683
3949
27896
8182
26636
24778
26362
6365
13516
3945
27331
29653
12586
12732
32709
31255
8908
21214
12422
18593
15624
31199
17572
12842
19205
15196
23574
32091
17693
2386
20404
21308
21894
13619
31482
29165
4146
22586
21257
30614
25075
5628
28398
22944
31459
27969
25895
23590
14339
2833
8803
7590
20514
21522
7562
2813
18433
6161
3325
20370
29108
9182
287
5585
31563
9565
2068
11227
20658
5594
16073
24699
21718
7837
29492
11357
13833
11198
15325
31610
25000
8507
10397
10967
23291
26184
28837
3695
31068
15078
16835
4973
20892
2999
5345
21151
20130
14353
11215
10024
15701
32337
7234
7541
20413
626
3100
20082
23396
8926
749
31485
22275
3971
29882
31643
23386
22314
27134
22633
11104
24324
26863
7510
1948
30854
1026
16016
20691
2423
12721
8508
15843
31304
20860
7274
10479
24227
558
1608
14268
3142
11617
8597
25435
5138
27716
32601
8969
20831
10652
10452
15955
915
9481
9652
2686
9715
15243
12939
5925
31161
6468
15231
3620
30310
14464
28484
19125
5209
20978
32327
27609
9633
8768
23084
26106
12560
10435
2427
22478
912
17288
25494
9854
27578
19610
18671
9480
21413
7299
11127
19170
11516
5648
31578
15840
25428
8021
19433
13143
18620
11249
17623
27779
12437
15507
13225
21030
11428
30653
20840
29554
8293
16328
4249
27689
7842
27177
1903
30211
17733
31730
19006
10576
2923
3996
18995
12510
13753
18435
3139
29981
25843
29874
19553
641
29386
19297
24820
12072
4342
23228
29320
17341
24197
6758
23491
11164
26483
15422
17819
28726
17018
8929
21447
951
16683
8560
30067
7911
26174
26771
11832
13902
5671
17597
27467
19100
13802
4530
14581
6216
11311
1863
27715
27254
30873
17257
5374
5406
21844
13665
19421
23147
5869
20054
12538
16225
15975
6932
11907
5059
29067
11020
21426
12596
19839
26779
23551
13724
18330
18063
13972
15565
4215
26343
8705
23911
11592
7898
12337
27896
15213
31771
18076
20328
4678
12124
28351
21909
14149
17
2761
28474
22599
11638
17048
13333
16420
24787
15587
2121
31108
5374
30905
24577
5109
5922
23338
26198
16187
1216
17732
2931
12519
27379
17985
15862
2092
27384
15870
21402
9197
2029
943
25875
7962
473
25810
8506
26429
25069
4193
23402
8528
7178
16972
22826
20690
27011
17190
8972
29978
16675
4126
23765
4330
4210
16178
26845
20551
6708
29599
23225
16520
7731
30364
32024
20142
11838
18503
28395
32755
21618
15584
7113
6310
28344
31285
5009
9525
25487
26973
1361
6540
5132
28841
24934
31389
12062
2520
26341
17984
18967
2186
8250
3390
25192
9464
4879
29608
11436
7905
10096
2926
21737
3272
2604
15660
5138
11100
3710
13127
16080
16696
21228
31545
12673
27340
11632
20777
15746
25243
8918
18879
31657
6568
28005
20022
10262
13354
22209
7859
27436
16007
26896
20181
13274
11904
15196
28813
1823
1193
23864
24880
26829
8733
9639
27850
16781
9839
26937
15286
26147
27108
23415
15979
9203
26591
8065
2969
30404
11676
19446
25717
19397
8481
26132
21328
30157
13426
6177
6255
14055
22789
9993
22807
782
18293
27464
17639
24629
28538
20746
9579
1931
9241
9105
3053
11260
22552
10200
4494
2555
32437
19062
23958
9343
25752
25796
26121
21323
5381
23874
7803
1651
8022
10039
2340
25372
20649
26008
24119
7555
13782
13611
15728
13377
31140
25068
7660
28877
29500
2992
28734
20802
30941
32264
9919
16226
19154
16232
6181
14555
10913
7049
28760
19658
29318
11531
9089
4734
16671
10847
5987
32126
3433
31204
30446
13005
14059
20816
25617
17260
26161
25682
31697
28705
20860
26230
24728
23159
14776
25672
16079
18182
13230
14268
32686
21748
4475
7117
7763
20156
65
9061
21266
30766
11804
6013
2317
32184
3160
133
20996
26851
481
24326
19566
15904
8698
22406
12232
10181
15154
21932
29485
21075
21140
27300
16935
24058
24351
27333
13253
2399
22902
3697
30701
31132
29656
6717
28404
17288
3665
21074
24428
6714
15154
15636
15933
18120
26560
30977
15608
19796
32041
10715
4711
25418
3516
16649
12649
6883
25176
9531
25084
26606
31781
32077
28828
25039
24195
8814
26572
26312
13632
32129
2034
1143
11022
21443
29031
18848
1076
18094
13519
25901
20867
2846
15782
13939
20364
7091
19228
12983
17936
27254
27427
17393
31672
21951
11206
1231
4614
25686
30396
32253
23948
3288
19261
18596
3676
3164
18964
14897
15551
4183
18422
32087
11818
14269
23058
15447
26221
12137
4329
16511
22830
28095
21856
10992
20374
20880
7187
10917
22090
10301
25325
21425
18333
24352
11510
31688
17924
25639
28779
16385
15050
31170
11028
6106
11524
512
4306
6525
1224
1269
2168
21314
3738
30302
27355
24180
21287
32392
14381
3928
5942
19053
14214
26219
6107
10016
13508
9964
22253
27756
20629
13978
3003
31416
5842
10943
3067
20526
20239
9837
16643
31005
15216
28168
32060
24475
14782
21508
17875
15982
31417
25328
25777
15149
17328
26804
22190
27554
28240
18199
27137
19059
6842
11652
8443
24321
18392
8205
11510
7313
17904
28592
5512
15530
14201
2009
24572
6333
5166
13609
19202
18188
25186
18806
29349
32452
6803
16659
28798
1900
26945
19793
19495
14211
17152
26693
20467
18021
32461
21964
5596
30063
27294
13773
24765
21603
3645
3006
5570
9486
4181
24426
27164
8744
29133
23281
6393
11643
4950
2576
13747
10568
14656
7842
28231
230
402
24167
21002
9388
89
7685
28823
32017
30272
27980
25868
6418
21857
22718
8566
7124
2139
25679
3721
11659
12197
9065
21397
29594
18722
4659
23221
21500
30197
5139
25930
2018
21142
15218
17575
16797
5413
16063
2830
27071
26111
16054
18652
14205
9872
16866
10752
10328
6760
2400
1969
6909
9872
8935
16993
4457
6942
23557
30700
24144
15111
31403
27158
16832
30261
24300
10548
14594
2521
29186
22313
1473
31491
1682
5780
12397
8048
3633
31304
2530
10402
18470
2301
28741
25910
19825
10565
23343
11379
7693
2497
29454
10271
4979
22932
14280
28822
23647
25880
31393
12061
26070
27344
12126
14963
21864
15518
22698
25001
30899
310
5050
22836
20008
10707
1837
32321
2834
28713
14646
25672
17107
28826
4348
24804
4977
13484
1857
2530
31570
16827
19010
22935
15428
32747
22751
28023
28609
3425
22780
4836
12400
20915
11559
5700
31982
26012
3451
2134
14287
8949
10180
28102
26848
28896
2788
3327
9135
8263
24949
20032
14158
27781
16303
25074
2899
29794
2188
8505
20003
16197
11819
23753
22641
8869
20850
3579
27137
7105
1272
7711
9138
29073
14114
14356
25275
13052
1932
22551
24885
25931
2986
3545
16346
30430
18095
9428
23820
18973
22701
9950
7449
27826
10494
27903
1981
20214
4068
12928
24296
4008
17260
24132
4802
12261
2968
30300
14060
17236
444
29141
23817
28834
24361
23764
30846
22062
7945
742
12149
9989
30602
5009
15656
5136
28223
29999
18780
21900
3011
14844
22827
26811
29343
27501
15623
21977
23917
8131
8188
4690
18494
3553
7221
21298
18746
4954
30914
25565
23686
24783
29849
21760
10091
16504
17114
6087
30388
11008
7255
22865
31831
7830
2643
12897
4184
27713
20106
32598
30955
28531
3186
29789
32217
25570
6081
16869
19236
19859
3119
23891
26350
10039
4733
16887
16023
19131
30390
15935
3878
18459
29621
8491
11498
7799
22503
23553
28257
2920
26450
27714
15960
25748
7894
8668
6484
12160
15539
5537
31281
27558
12876
25592
31241
17096
25387
32723
10071
4995
21828
12769
22620
2599
13950
6148
31938
15302
23407
14597
12928
30603
7015
135
8701
16973
11697
14137
25976
12388
27669
19280
32679
4540
7841
32053
9630
9256
13482
17530
24563
16376
3853
275
18208
13005
16314
19651
24360
15532
25204
212
22142
25426
29394
17419
11298
4039
17290
13531
269
10806
31470
985
6351
10236
14519
4720
19831
16383
18690
27094
31411
14657
2200
7742
9272
1973
24178
29264
23396
11089
28285
20182
10274
1380
27034
25272
30991
6186
7913
32554
24283
25757
12871
1060
5873
23183
7189
28946
10586
3830
22076
28110
7646
11399
23149
24523
3181
21126
21934
24467
3262
21980
13586
8819
18742
6250
28615
11380
14603
27293
12886
24206
17833
11074
20263
13593
24405
6556
6212
19076
17680
3508
1630
29257
958
2801
20757
32
28807
24808
23668
3956
8830
20085
8123
24339
12160
23307
26978
5417
12383
23112
9306
32623
20544
19917
662
9120
27458
6476
12490
13357
97
15586
30579
15665
31385
2472
27927
7591
5454
1157
7630
8411
24555
27462
19457
19486
9418
4080
11890
13502
14164
32340
20348
29237
28009
8165
29085
161
18434
20935
7473
10100
3860
8488
15232
14445
25784
8659
25339
15047
5002
4866
14531
22192
7246
18036
2923
5372
18138
32192
2815
18203
14896
12777
16965
11080
24554
31026
13634
8452
5851
32564
18688
451
30963
17197
22671
29157
14435
4251
6986
15847
22530
26122
16475
6107
17135
15914
25474
18709
1912
28452
16146
11304
14651
5166
16188
785
16011
13662
23183
32177
3350
8635
21440
1153
6596
12186
18599
7041
32738
22312
12939
29041
9087
23363
15263
28484
21270
29838
3532
23506
11374
12996
32433
26573
18623
2124
15593
13814
29718
13326
25228
13200
29690
32134
4344
21781
8528
30486
31185
2857
22908
15009
31046
972
2761
21589
9622
3027
24587
20424
30675
9369
20355
6983
29159
8690
4354
13675
26068
25696
16209
22764
16960
906
10449
6842
2096
31977
4959
11850
19988
15045
30586
17454
29700
1888
30376
14057
27977
16497
4373
31233
17183
24275
24190
32598
13497
9855
20045
1713
6278
4792
13062
2976
25267
21125
7393
17794
29937
26980
18361
28126
7032
18493
8228
16633
23371
29333
9188
27815
30142
1028
8574
24929
17718
10729
6952
14744
22321
25948
20712
11081
26502
10596
13819
14290
8429
10602
21876
3588
18113
27630
27173
21113
11269
30073
11714
16935
7078
8147
9028
25398
5631
29045
24716
14351
1954
2369
6985
10422
23894
29297
32027
5721
6492
29902
761
19753
19959
13602
27600
18536
8491
14831
31340
31939
15812
10337
3740
7395
21914
19842
22929
3135
6420
18349
12680
29748
18411
25669
18601
12119
16176
1446
19246
32522
10385
9564
10439
16205
11992
18068
3389
3287
23476
27855
19542
4454
700
27358
17658
27219
23985
7690
32659
23913
15875
27027
3002
20471
30615
1628
24847
13348
26824
31460
18280
24707
17324
20344
2607
1511
31896
21159
31493
14201
486
503
1963
14599
8437
27350
26403
1951
15474
6099
8722
20573
14294
24078
31337
18817
15408
7917
30276
8644
14885
21009
4627
31213
19765
27529
24055
7327
25664
29253
2671
26741
21320
23245
10291
8273
12920
31283
8032
5616
11877
9541
8662
25282
11669
20488
7390
8953
28478
16738
28177
26336
1871
12055
24437
20079
23476
22007
12008
796
1750
25173
9410
1011
17250
15546
32182
30697
17740
3803
11257
31342
9235
5321
13222
5697
14918
3688
9826
25224
7751
25890
572
30240
6223
23004
30678
9522
14770
20265
23498
15623
31077
958
18247
12829
31165
20775
11259
29818
23417
17080
24374
24128
16899
6341
24652
28802
27891
3094
24123
21078
2773
26005
16525
17963
10540
15946
14208
2397
26039
31625
5989
20999
17650
23402
838
24345
20960
9594
10955
20138
27400
21424
8030
11919
24765
18339
1166
31532
18595
24569
8113
138
10863
547
2766
20906
27118
27720
3770
18969
4681
25470
26752
19909
26247
4672
32262
15119
23379
11037
17902
17185
24064
9133
26299
7298
3274
7113
20789
17383
17503
17659
23054
16205
9886
24116
5829
5956
32414
6077
459
31374
9714
29552
10725
16360
20267
29992
28881
14888
22943
14198
7468
4744
4713
14486
17299
7490
1713
29601
19209
23645
19246
6659
4248
9414
23784
304
28219
6562
32579
6291
10492
29155
15161
31687
2650
15385
25575
29962
10477
5259
17483
1007
9293
391
23116
15443
22575
27126
17146
4497
19153
23091
15384
25082
23193
2846
24280
22143
28409
24428
30693
27313
12437
19265
8358
12524
3240
23040
32194
9934
1955
18018
18143
11758
8984
22725
31664
31947
23255
32711
27182
7171
32087
22292
27173
17350
25431
4220
29171
11657
19140
29513
26764
11775
22750
26063
22722
11077
1943
13636
27076
17245
571
4050
16612
14045
13654
25835
12445
27624
5587
8157
22740
7518
25441
28838
7262
2640
27163
5897
4035
14775
1895
25569
17729
9829
30238
25782
6676
26427
9710
28046
26869
10141
8701
29957
17889
1059
19151
30368
10011
8081
26474
20319
8052
1034
20920
18577
3530
9344
16940
17644
26063
4719
32424
17373
30219
15307
28831
12061
20261
17719
26231
9861
12382
21623
1073
15907
7518
24360
10059
25229
307
20910
16869
22389
663
8815
28964
1150
28017
9535
21204
1102
21919
13082
24145
10725
22259
31257
17575
28717
5755
2463
7160
2002
26886
28371
23070
30547
17123
30036
25234
346
21740
24616
11148
17737
31428
12021
15980
19989
24156
17267
5977
855
29884
31521
10280
12448
14336
4407
639
5901
17056
23772
27962
15644
12277
16282
26893
28862
26105
22543
26731
12206
11343
19685
16039
27136
13443
17412
2650
21245
30610
23045
7940
13358
3245
11754
12790
30391
23866
21773
20079
22247
23068
19287
21765
30220
5684
13234
2630
16012
27175
31937
30880
20017
1378
15822
10622
23237
4188
24580
31156
17631
17435
26590
3357
19708
6906
29407
9602
7889
32425
15748
24766
9952
6005
17783
8736
26186
8394
23557
11025
14564
26358
15570
9975
16780
21039
31947
11865
28862
8920
25949
1347
22882
17152
4068
6380
18408
20780
21863
150
20375
18518
26242
1462
16930
26933
8099
30549
17789
18623
28026
19638
31726
10221
21930
23353
29287
30910
30661
9087
18707
13438
6775
31183
18991
26440
6401
3512
25371
5322
17641
5368
13233
23112
4080
7581
10197
29155
4677
19306
20301
31516
16632
1148
26580
11412
26801
20782
19817
21269
16546
29497
17645
16854
10682
30752
21741
6139
28188
19147
8381
32604
5327
2161
31174
18567
7607
7356
6944
2056
14788
26920
17252
6376
21353
31661
8379
10355
31568
6301
17211
12094
3404
7119
2420
31593
8591
29949
15173
12322
7709
17259
18165
24170
31872
21705
21630
6940
6077
2907
9004
13867
5768
28503
25959
30507
17844
28559
3789
787
30445
5455
18565
20289
14249
12169
32719
17854
29788
14639
17119
32452
23531
32481
24555
13181
5988
18376
31363
19982
10732
1474
2849
15060
3321
20671
32001
24301
23745
12651
24114
22523
10482
32525
21998
26916
15779
21678
21799
14686
30858
24959
13666
18153
32368
6261
14792
13340
25827
822
9850
20837
9259
15416
25126
2188
25983
21543
21976
3383
376
9864
32530
30387
17093
24989
26654
9969
16673
17800
31395
8911
26754
24242
24695
16281
147
16238
26292
18896
18533
31962
5902
2346
31329
29446
31587
17881
19586
5209
16276
13072
16577
18480
9620
25284
22992
7367
32702
9904
2058
20573
9580
667
25259
30099
5573
5085
316
14102
15574
4640
2386
32381
3813
19812
17528
629
28161
19782
21098
27
3550
30081
19332
9129
18912
21429
26489
25685
8566
31335
31816
22390
20137
3401
26988
16105
10997
25276
17235
22195
22103
24212
21266
9703
21671
27163
15959
22219
5416
11608
27551
23094
6238
28049
30377
23100
10271
13582
18730
16397
21997
10272
11202
20763
13187
11106
25391
10107
31150
16191
11713
2446
4446
13492
13581
25824
13053
8023
18406
28752
4095
10393
28809
14706
15035
10312
15128
8497
16505
9816
16458
3001
10700
10722
18528
18324
21794
31085
6747
28690
24473
12397
19308
20207
4116
19977
8876
304
30863
8481
25869
25422
16815
13712
7568
2198
21661
9902
13753
16848
22293
31513
29249
30495
11706
28086
10250
22824
30893
18418
15704
11638
15965
12622
19261
14877
14497
6170
29525
5278
30724
6016
15796
22539
20831
32453
4893
1644
18862
24012
10100
6496
29724
15068
26742
1544
30304
21922
17576
14368
10060
7034
24205
18543
31651
12522
28
29282
13612
13423
25201
3316
2052
7805
7619
2768
10808
25281
21910
17850
403
13993
30002
6443
25525
8486
4179
4155
7269
14257
15394
10948
11817
11404
29796
32197
275
4682
24818
13060
29661
30865
3945
11256
825
17951
29986
19429
31586
29707
19813
11593
26615
3661
10201
18039
13833
7553
15167
16770
15475
24040
20576
2908
7785
26544
22852
24127
15444
11381
2213
19276
9949
28167
32163
1907
18504
4718
22458
32658
14340
31019
18160
30689
27776
13761
27731
14989
16192
21364
7842
6563
30511
1617
26443
18480
19767
28014
19349
20135
7951
19059
13855
7810
17492
21081
5257
2348
14812
31602
32113
7711
5959
27818
29345
13385
726
29196
4998
8885
6017
6792
21477
27751
28995
25331
2761
25480
21433
4687
28096
1987
7915
11085
19526
9198
1642
5904
8066
28397
16027
27956
16944
13267
5202
32015
25823
17739
8866
31798
4700
16439
6900
32323
22638
24982
21335
6614
26819
29611
3863
24282
17963
5724
13713
522
20996
26328
27461
25011
19957
19068
16685
18363
9696
24824
28238
3298
5649
25005
18316
328
444
26714
27074
15920
3494
29944
18962
17667
21282
8930
8314
3992
16191
23353
24744
30130
29248
1671
13584
3018
13132
418
12347
24335
19559
22996
10338
12972
25249
5176
28987
8777
7821
1127
26643
19924
14581
30292
1565
29313
16332
12149
27914
5391
10084
2852
8665
8526
31714
13892
27121
8926
18158
20007
32365
31545
32175
26287
2487
14579
2806
15284
9048
29761
18873
4518
15886
21689
964
2420
15391
9304
18603
27564
7662
5065
12547
12003
32460
5092
25041
15703
21520
26742
25667
15827
8810
22592
9630
25555
7540
7746
13176
2793
25994
57
2087
8543
22492
11878
31609
9758
9409
20625
11174
15822
8271
25678
29314
9023
296
20607
15095
30472
406
21018
19123
12910
5851
9772
21534
16775
12994
5406
25743
2207
17274
17207
703
22746
26020
27235
4478
6171
31915
24883
19108
8229
9556
4900
26187
6400
13974
20004
16955
21151
17579
2386
7590
25023
23143
2310
15638
1042
23753
1041
2723
3997
19664
11846
1641
29022
23439
19513
6969
32563
1156
13382
11151
8439
8742
24789
27332
5358
12477
30685
22149
21347
13174
27559
25732
21903
28599
6357
14445
17341
29360
1442
30236
20140
5427
9835
1037
14389
29125
19311
21012
20269
245
7123
30798
25229
20460
16873
16983
28624
1350
11441
31421
4253
10272
2720
2741
27558
23922
24993
16909
11472
4000
26714
23394
18580
13387
1200
4243
3749
9325
5005
21365
20435
15013
24032
32457
6959
11215
24294
4971
22128
19928
16297
21964
13717
16592
11206
24481
21964
11841
25458
31197
32659
4800
11967
21213
21533
17857
5660
25827
27127
13232
1051
8390
7403
32317
13432
12520
5413
30455
5206
26727
18836
10268
30667
12952
403
24495
18591
5809
6601
28876
4689
9157
4173
7993
3931
22774
7182
26941
7095
24038
21363
9141
12450
8046
9790
7268
19872
9363
11958
13963
29376
12213
7685
13753
4129
10
18399
10981
3765
18251
4452
14266
22085
10157
18248
7218
29878
19987
7985
16998
19082
31874
26720
15525
24746
6357
12180
27075
19298
5042
23083
13235
16045
15292
31883
7256
14259
20746
28608
3225
24464
27865
27238
6580
2903
4477
8394
13524
32086
30366
12364
30949
19356
26016
23048
2727
4025
14947
20661
16129
17349
23597
7628
31641
28836
17124
25069
1441
4487
23681
29824
13044
20662
26305
9880
12641
398
4381
11548
22598
31685
31485
30248
14433
15350
25129
28081
24036
27993
5504
30056
30919
16593
32748
5089
24418
13613
24469
7925
7995
13479
32085
25957
4125
11185
30829
7103
7530
31986
31350
4230
14769
30347
26522
27533
12419
11422
24323
31908
19075
23825
8084
23926
30653
16527
9431
27314
29753
27856
4151
22633
6863
11291
12912
26040
23100
28169
18755
29606
118
13707
17774
847
20541
10286
11483
24387
5363
8862
27928
29737
10413
30313
12807
7336
8330
13574
5335
25735
4932
11286
14130
1810
11780
30441
7864
11456
2939
18756
25773
11284
302
22370
3566
20929
22289
32568
7978
29713
7512
5886
16718
21895
5258
1258
2625
6852
23511
1087
15826
22439
22955
15238
6895
30648
4739
2075
2327
1479
25088
8940
14865
5840
19001
638
5087
23586
19798
7729
30446
8384
1371
30404
13455
13832
28225
2075
18859
5010
5707
2112
12721
11867
10391
6057
26068
19235
1524
18105
23668
20499
24563
5256
7385
22947
2625
19175
15143
5819
30259
23455
20622
12312
3235
8954
17346
16114
23035
13189
30123
5852
16527
3859
9821
26347
9520
28933
9802
30234
18941
3529
10166
32493
19325
27553
17516
28245
29675
14502
2992
2516
22737
16908
11380
16609
30425
28839
4047
11662
16351
28334
30634
2152
20298
23232
30141
5023
14493
11300
20154
16743
9289
11349
7623
6557
11974
10686
19506
8878
15841
18370
12640
20917
16472
4095
28423
17891
2980
10452
23965
21284
19478
21792
7441
8191
15141
8525
7608
23230
4103
24974
13706
18896
24190
25956
5518
15211
22517
1127
13203
6262
8907
26691
31777
7845
15343
14337
24751
1510
5805
2184
5654
5372
28359
13923
5958
26985
200
3268
16440
30354
7317
24009
5412
30
17989
28671
2547
5023
22834
25893
24055
17780
24912
32306
24538
13550
7870
24729
11732
7089
26523
16587
17953
27741
23579
5629
31667
17518
8410
15148
8996
13665
4976
8543
3054
10521
11589
30509
6622
25984
2215
27006
4806
29553
15385
24982
29811
27862
32750
25679
26334
30221
21015
30373
7846
26257
3130
11128
17342
25814
8196
16014
12387
31092
28095
24792
7250
23944
26919
6646
2103
2135
121
25340
32104
16437
31182
24183
30163
12966
15015
20907
54
22466
11721
17183
29838
9438
15179
25180
19665
21096
1773
7409
30175
14611
26795
1210
11446
2612
21394
27490
15334
26476
7891
22311
11590
7560
25878
13533
17380
1701
28176
27446
21058
22424
22104
13120
16575
23693
26998
23087
22611
26861
25149
20573
9599
32390
1372
10639
1924
28646
18991
29306
16340
519
1499
32646
5574
20786
19609
6353
25229
32029
32082
10103
6507
24663
11117
18449
8226
22245
23269
26235
2988
22574
17054
18139
5419
26644
2297
8158
23331
9060
11942
10821
17127
27504
7097
18849
3665
29946
768
12890
31158
15956
3988
12534
30233
12486
4271
30360
21407
28976
6077
3783
28739
9200
15542
25201
16075
10246
31914
27696
14843
3446
26270
459
6152
19182
2710
22272
21072
30377
24307
7553
21831
1683
4095
26172
27829
23470
28103
10207
16415
7348
27689
3740
29570
9214
26925
31018
16456
1188
11673
18188
6772
27366
23487
23573
13856
23499
16538
32044
297
6151
15129
27213
25897
9762
11707
22992
26021
18391
11868
14574
28296
24251
26703
21889
26320
1055
25772
21771
23432
22582
11499
7418
22262
19579
31666
4138
14357
27981
28652
17836
7750
28380
30235
7366
15682
329
23535
21050
11603
12297
16919
31435
3012
20619
24663
1790
32661
17434
20443
13342
30324
4356
20427
3714
11753
5884
14367
26899
23761
25277
3765
28168
4365
25840
29344
11508
5499
4176
20932
18947
29733
8972
7328
12928
26809
8044
27754
31387
22330
14264
20321
18538
6900
12630
12127
28717
16821
818
1709
9686
1850
13155
22300
26569
9448
14347
5969
1760
18877
24446
2657
28594
20101
935
13726
6421
31313
3240
26800
15329
27429
1729
3047
14327
30449
20339
10447
19074
6338
7653
24837
31101
15930
27270
18250
22646
2366
31220
20182
2705
23022
3869
17646
9679
13530
2212
2233
23440
22898
28038
30032
2647
7359
11517
12820
7374
23633
5540
23876
23050
7545
18396
17615
2831
11448
10095
8550
6551
20854
4212
2006
3087
27127
21363
1173
739
908
15561
5530
6907
17158
11085
30322
22918
12656
31283
29329
1270
16638
16945
12774
3915
7744
13793
13234
30101
8603
7527
27545
14516
29946
13651
13562
21347
16833
29897
4220
20853
31491
32479
24553
27741
6132
17222
5184
20724
21153
4653
517
29303
16094
10082
20444
3791
19840
28858
13142
18454
4045
5044
28683
30550
20273
30297
19689
7316
19763
20326
29643
4109
16294
429
28493
22719
23844
18105
15071
19499
3512
27825
6425
23386
5083
11134
9295
12574
16802
21808
19812
1434
3637
26014
15587
19204
8067
13645
19019
6058
7220
21396
32171
28979
23007
19453
20335
23848
15230
23277
6778
23219
21535
21896
29813
10662
8668
18639
24678
702
29964
5131
3972
9514
22459
623
9290
23879
2392
10233
11210
26798
25262
1433
16708
23408
13846
14485
4087
27296
32746
14636
10039
16402
31548
27770
21696
15203
28360
3483
31050
17465
17960
12819
2909
4556
19271
28013
15463
2982
5144
22563
29708
10151
30856
32190
5565
26955
9393
30270
17548
26160
6992
11964
6462
29650
15481
9550
32418
25241
9353
7211
10274
27159
30557
2064
22168
10890
27585
15842
24419
26537
11051
9108
10681
24733
22954
26699
5694
26957
23065
1984
1238
10462
8856
7398
27832
8570
13629
18382
15045
25937
4358
10951
27159
7390
12050
17097
2780
17004
24593
7956
11109
14040
7674
15380
22394
5016
9724
1416
8689
24060
28342
17379
27775
32692
20138
30962
25037
10387
26351
28608
21966
32147
9767
951
81
14616
30641
25351
17874
8313
29472
20556
662
29372
8171
10091
3063
13473
8549
10684
23548
32227
24304
21871
6956
11194
31854
19496
31908
7332
14073
3309
8296
22885
31188
1346
28663
20300
16289
15762
10530
32697
5076
9425
2845
18652
18535
16224
22999
11199
13264
15665
11143
13191
2864
15147
13447
25079
11469
13264
1382
17717
28354
25373
28473
6865
17909
8625
561
9219
22858
31538
23155
3892
21782
1005
12067
6848
4823
12732
22466
21755
26914
15405
15291
7538
14300
18400
24632
19315
1197
24881
2106
7631
15282
2583
6889
22494
26738
24396
17449
12228
31508
6319
877
29171
28111
26854
7376
32241
24225
71
8290
92
28996
14073
31679
3627
3422
8790
18919
1334
19704
6548
21833
22009
12081
28069
33
6804
25395
22619
1796
7959
16231
26320
20921
16125
14565
25349
17995
15350
28463
201
21084
29162
8222
20957
7868
3130
6172
17749
8507
8265
29332
13889
187
20795
16039
19853
32649
24828
23585
15142
24557
21124
9387
2654
30463
346
13634
5522
25021
21079
27623
23818
4187
25005
28056
17696
7130
21032
18560
32677
6620
8627
1643
9344
25271
10013
17276
15768
32200
7453
7458
18933
10250
24212
3400
31778
10470
14355
1484
14293
26957
29341
24627
4817
261
31662
30107
23820
11840
20091
29424
29709
27507
636
15715
26009
5989
9000
31512
9614
25479
13568
5151
23311
31875
3022
16294
2273
8471
22063
29037
5397
6948
591
15226
29672
20226
24564
30733
31207
21783
9150
20438
6487
20904
12205
28774
3795
32494
17635
1764
16695
7533
683
21249
22717
16001
22203
26157
20838
7482
17078
25356
3228
31081
6901
20771
9749
10491
8839
22744
4090
21382
10358
31641
14921
3106
2636
7259
18808
15738
16342
27718
8283
7203
21544
4014
16711
4908
28641
3910
19064
24310
22705
27024
4528
19013
2584
22680
8993
16792
19312
8162
10125
12470
26413
30369
30124
24202
26468
25129
21198
15152
31626
5287
9921
21584
27519
9232
9973
25515
15306
11607
15582
11251
26407
14307
11162
6112
20799
27968
14548
20352
22198
30997
23784
14287
7786
9558
15943
4231
4090
1722
31774
9273
4998
19824
3122
16029
32438
3598
12302
23847
21246
5834
17761
19930
12576
9452
30114
12385
9714
3715
2293
3420
13409
13399
24658
30712
16566
20512
23268
28098
16664
29429
10927
26813
22354
18439
23670
22449
14295
28559
5852
28871
515
1541
21705
4691
28068
11155
7951
9713
29113
8137
2382
14803
18554
17810
30229
17497
29848
9063
26185
17890
11205
13250
22475
15587
19063
6614
30549
8246
13545
3709
10661
21428
18787
6514
12254
19205
18364
27328
27435
20151
21021
26746
933
6030
27399
17581
30327
13339
5272
12179
20287
27792
29962
31241
4280
6355
9340
15427
4247
7377
2037
21695
19122
32533
23974
21367
28519
19865
24175
9563
12604
17628
6309
5118
5571
27956
26643
28048
19905
8806
12094
26892
22670
14708
13806
6834
30399
14518
20713
3256
12291
22060
14082
20541
28747
12307
10066
6782
46
29622
17606
16972
23691
26247
19162
12734
12656
1390
32675
8227
31802
11873
1811
10298
6398
2101
31609
3750
16168
7348
28487
19612
12642
22767
15384
13023
9400
26582
17137
14574
8953
6917
455
19579
27744
21985
8770
13600
7283
12004
26049
24654
5676
15157
4766
10630
31575
14460
18099
29387
13115
2292
21277
8535
17532
13762
1343
21133
1600
27525
266
23855
27793
9518
4220
29393
29699
30994
3175
30093
28822
15421
17012
22009
17373
28681
31847
3414
15968
11760
3237
2058
12352
1439
1011
5201
27929
331
29824
10543
18220
17480
26150
6569
17854
30680
24557
2100
6843
31297
10961
11886
7071
1058
12741
19724
16790
14342
8951
22547
29922
20538
13910
13132
10110
24284
15698
4849
769
21557
24546
21677
11716
16201
10956
25796
27463
31915
21281
909
7121
18326
21254
32553
24407
24890
17338
13679
24479
16980
6357
29222
1446
2817
8398
32119
7742
9428
28352
28321
12795
19238
4462
5871
5200
28077
15236
6376
28150
8529
16672
32709
18061
4922
3728
27432
20870
12846
31838
8970
576
538
9353
10229
11121
19950
7446
4980
11720
11182
15303
23753
31185
1734
18219
21981
26904
9375
14551
29821
12945
22383
29938
15298
32311
21333
6903
22993
23540
22949
21430
19909
8641
11905
16540
10730
29966
3241
28725
17964
868
2963
31727
30415
11849
11199
13089
7008
11876
32069
30539
6635
29153
5296
11680
6766
14871
16910
27073
5774
15464
15944
13772
4489
19049
17072
7061
3180
17731
16089
21299
2694
24666
8363
15039
14876
30508
25270
31576
5470
31355
21703
32618
3994
14510
21177
7728
8880
1397
23950
8312
20678
1196
19135
679
28220
7298
32207
6140
18402
21210
24614
29465
31081
6641
2845
14271
2072
20545
22614
14809
5568
30630
19534
3516
16370
26560
3893
28077
32623
32664
26621
6307
7136
6790
28081
3663
1992
19538
25352
19546
14518
10393
28730
28910
20415
6514
12050
26231
9771
2386
15684
31915
4719
25645
18690
4808
31068
13278
19402
14108
32661
23497
26498
24523
28486
14271
6598
8397
9747
8738
14721
822
8015
9545
29370
25018
28271
23589
13489
28272
15806
17957
17963
17878
9554
4696
29706
13078
28222
9682
3616
2439
5641
24912
9797
14199
9823
27167
17831
30248
13575
31289
3170
15128
8213
31666
28497
20101
23137
29522
2083
11057
23607
32388
11185
2915
3152
26734
14990
18222
13569
6754
24544
26613
22963
27509
12911
5423
147
4973
27644
15976
17547
17633
10964
9864
17264
12955
29093
13400
15485
1089
22927
11330
29440
32309
10878
14169
10579
24761
19896
23449
18446
16983
20146
18799
1403
27008
24104
8828
8522
26995
2924
7574
2182
1632
10239
11279
30152
9421
2398
1082
25003
18490
7454
13612
22399
25856
827
10176
578
2431
8878
12510
1484
8824
27709
6396
30793
24248
16279
15588
4076
30199
9888
11192
22754
22271
23306
26164
1925
273
18981
9012
15059
3204
2808
15734
17182
9903
31376
11936
16644
1289
29336
15237
12450
5007
20010
13732
13573
25190
12517
30193
14305
5826
17472
29913
12678
25350
24349
9088
11535
18989
19362
27213
23773
12904
8004
28840
21316
2824
22820
4610
13187
2463
15007
9238
28410
16994
3616
29295
25239
8146
20537
4907
26770
32156
28403
30974
12890
27325
4962
26234
32463
22249
10620
9869
177
12078
6699
11851
2392
11733
27552
3053
19366
24969
15339
18202
19259
12219
18888
5734
19431
22084
32700
3609
21861
12364
13665
11313
8006
17003
6910
26026
31019
21007
859
6396
823
3102
32724
2534
19140
32476
683
19050
8021
27406
31651
13593
13260
12384
8906
23696
24542
22788
26006
5187
5571
2204
10803
30329
24626
21082
23836
2968
31884
14949
31977
30371
25944
26239
6247
19201
24815
16870
29422
28544
26744
6263
17135
12953
31511
27929
16077
29686
12642
3929
27630
1841
9493
13394
25617
13279
262
5840
1250
30413
19803
25269
15819
26761
19450
28571
28686
27940
31041
3770
5393
4407
1272
28684
7928
14372
22403
25264
18297
32670
30556
29837
16620
31852
25281
13623
32162
13417
12714
8214
376
31184
5118
29125
29100
2998
6
27832
22255
8152
9506
20770
17851
14743
30395
3093
24806
29249
25464
25067
27256
5778
3253
6118
22202
15739
4657
24851
5519
15393
17926
4724
1543
6953
23775
25181
18482
28979
28261
14111
24882
18084
23034
18660
26004
26281
25514
6874
7649
16761
7518
3988
22895
17370
28755
7341
25469
18406
23243
25006
20095
783
13827
9777
2487
5473
6244
839
29957
7687
10237
15384
26368
30993
28977
2505
22853
2676
5549
24227
12048
14930
26526
25713
18953
1660
17696
14889
24928
19766
18425
13519
20251
13626
7559
10135
18351
22271
6903
30538
12238
2874
25016
31978
1153
678
10287
31641
2422
2816
31405
11703
12699
9558
2206
11595
30188
20866
20995
15268
3720
13042
18722
11328
16907
29354
15483
30444
16152
651
7423
13613
13365
9685
29821
3807
6620
25323
8285
23068
25294
16982
9360
29279
1707
32525
10951
2793
6848
3059
483
100
27936
4770
12717
28103
22006
20327
30408
2169
13081
28301
15076
1977
16865
20191
23859
6973
19258
19816
24353
13593
22006
32381
18752
10979
21352
30718
23681
29205
31278
4312
25514
31666
17230
14798
14596
29485
15749
21370
21588
25734
10971
9614
29965
3510
7291
23392
15556
24397
194
10662
19940
28762
22422
381
17059
27019
249
29873
4149
11157
23005
12088
10815
13526
6970
10751
31374
2617
12127
31466
265
10075
29062
26134
12260
14828
2986
5217
22551
11351
26269
4908
14863
17317
24661
351
3747
21662
15494
3502
7241
21554
887
10779
11402
18200
17166
6332
30131
21685
26156
13759
19662
319
5697
8875
13264
21282
23319
14056
6164
26531
27890
22914
21768
15043
27867
10282
20263
9830
30521
3966
15143
23732
17569
14474
25971
25024
19695
28558
3547
18535
8342
26625
11146
13948
27700
471
11577
29730
23146
29696
2467
2680
18410
49
13369
13692
32209
5094
18966
11561
26168
31400
2869
2531
28421
1419
29666
18453
3847
19452
2670
12057
8515
27065
13607
8024
2696
24097
11399
2994
23882
28846
23980
8736
28589
16064
20744
26519
6111
22172
26970
19248
683
948
3805
29831
22603
12329
6847
20832
9086
32654
5844
9873
11995
1775
9612
10268
19557
17937
9763
23707
15199
17916
26903
20449
8290
183
2271
22750
17324
30291
15066
30403
2491
4906
11398
2407
23067
19305
16626
26857
26748
4044
17014
8344
5127
32681
23713
20751
20722
31792
29299
32164
20562
241
9420
18692
23089
26015
7461
25879
3553
27923
28798
14890
31887
17811
11927
2380
21019
24149
29027
3576
40
13887
186
25333
8047
2033
24142
11899
31576
30469
19936
22935
31691
8853
11700
22224
24899
16638
13122
15371
1829
10468
24622
13228
8273
27511
17274
2302
8694
25588
23291
21461
20650
24686
10505
1906
9146
18382
21115
26790
29374
24857
22739
12091
8561
8177
17589
22159
15808
6751
21662
24962
17441
3023
978
5522
32294
2396
32150
28997
12114
19278
20640
25032
1067
12257
30412
31701
30608
23369
1296
15321
8781
6386
6066
4439
10477
25100
20152
14727
15312
11591
28321
11588
23933
27611
31058
9765
25400
22476
21331
32489
25560
30572
18747
29464
2259
31265
2409
487
30107
21096
26101
30812
14637
12570
29414
26292
32230
17903
21670
1282
27545
26944
21171
19224
28640
4881
662
16298
24751
17230
7961
17073
11567
16213
24501
22286
4297
18613
25674
12144
31872
12597
2323
631
10885
28697
14040
27162
4101
7328
869
21062
8518
29137
13884
15047
7154
16247
1415
20588
19379
27755
8016
8550
31999
28177
21236
28914
4662
22821
28373
28216
28394
28600
9808
21106
11645
20597
5103
10832
21234
11049
11231
20123
29949
7811
12964
20506
1628
8984
3083
23218
15722
10153
30304
21456
18674
17065
1506
14348
18241
7418
29812
31750
13183
31224
6549
29844
15679
184
7826
2592
15956
10897
17146
15179
17126
31452
17747
13014
22470
25593
17419
29891
4863
32147
10930
26295
2734
28708
32614
14243
11795
14779
9358
27299
13543
12285
25291
2343
6384
25449
20267
16464
19924
18401
24992
28061
11051
18022
20401
24262
15575
7204
32624
18664
28056
10926
9900
15075
16347
7562
27239
3840
2259
2288
4746
8152
25035
26063
9688
17521
17339
3857
545
22441
281
9248
17592
20184
4593
29865
5927
9137
26168
22944
13344
5481
12894
8068
14519
1308
27170
26084
5583
29036
23978
6178
13778
21867
11475
25463
10918
28347
1222
20023
30684
12019
23500
21590
19754
23621
8035
11564
17691
9566
2193
7797
31749
11406
2680
156
4924
20009
3883
22585
29829
9773
30400
10456
27085
6436
3238
25852
23835
25676
26425
8035
21700
30966
26004
24972
32734
10028
16294
19319
26358
23446
23689
24748
5382
29855
25358
9854
19617
29395
14493
30609
7537
2187
25148
12442
28131
19661
31725
6758
19745
5486
14909
13598
8513
15481
10778
18633
1467
21717
8933
24338
28193
4641
7880
2635
24842
26595
27978
7603
24400
9186
29728
15092
19323
2000
29254
22768
25980
9772
31055
10173
11935
1639
4346
30190
18875
21574
14597
31509
11179
7815
15686
11142
12290
26823
4087
31069
26107
5283
7762
9922
10671
26142
21342
3435
23947
10050
15624
32611
22528
12043
1909
9482
22908
20352
17047
31838
7834
28451
9726
23928
25238
20875
18161
10329
26115
21328
29886
32743
19904
7463
12110
13875
28200
4686
27644
19965
22153
32299
7335
13690
12503
17712
11526
7765
18850
7425
27196
5875
21574
4057
2221
18683
16226
20266
15375
278
11659
6531
5572
25587
26177
14263
7527
29839
21281
21820
22437
20403
23901
14289
12110
16574
16234
6755
29867
5028
7928
12082
26387
18487
807
3376
31929
2725
31480
3241
23752
5442
2049
22313
16306
24456
8550
11931
10692
15964
25348
12206
13311
22931
15599
4989
22307
6837
14111
13422
27916
30977
7526
23130
23617
18097
10149
4591
8651
25471
29248
4947
11587
30823
23247
31754
17199
8367
5399
24602
22927
9253
3128
30317
8882
9896
25639
25718
14926
28905
12127
27928
10448
13939
11476
1731
12529
31977
8745
7392
7050
2191
9762
111
30121
29196
28508
19438
29924
18799
31548
15997
30189
27247
8485
21057
18791
26103
26094
4614
17144
9442
9107
29224
16032
10243
22826
12467
4169
2408
14105
201
4511
8927
15239
1348
16929
32186
29456
24221
11640
28624
12733
20493
3080
2500
22579
16369
20934
14986
31018
6003
8009
19494
29473
17767
18723
7607
21072
26739
26993
16053
3807
25715
12209
20343
31573
26395
25300
19192
30547
8158
18836
7642
14978
12047
27912
11947
19402
4167
26998
15208
30917
1030
16744
12351
24947
15517
26370
23449
27695
21067
28562
9048
13793
17062
9577
8029
21110
32572
27626
15694
29069
20347
10720
20886
15219
2510
11797
14765
31314
26633
16928
29593
25509
31495
24446
20149
5615
401
15076
6577
7853
9858
6612
29146
7305
27177
9839
6043
20944
15087
13706
27716
15142
314
13059
32011
32377
8849
10325
16209
17971
16384
4459
25126
23732
13246
29618
22798
7167
4621
27506
1029
1459
12642
9054
6338
5950
32198
27242
12601
11853
7036
23516
9059
4486
7396
19878
1601
29050
20383
30963
2079
30165
25844
4352
31254
10968
31090
15405
13524
25354
16343
9044
15008
24874
21297
2905
15000
24167
29763
11522
22845
16596
13866
16137
25138
5654
24129
26224
18241
9823
31553
277
4255
13217
30637
32390
8817
14587
11117
15126
31630
15992
12472
4401
20871
5368
56
5356
11749
3694
6249
11744
28849
1612
13379
825
23610
20028
21784
28170
3602
21265
9151
26084
2394
3581
27890
7078
13887
5636
15605
13974
31429
26032
24184
26545
20676
10503
16575
18240
32047
10170
2304
12460
19612
8095
21261
4243
30977
9057
25906
22811
7356
20855
23393
4231
22231
30546
3468
11784
1161
29915
13651
14549
13312
29724
5855
23933
13405
18749
12558
28028
26369
3763
14544
32013
13831
20916
25553
4928
21521
25326
18008
8268
10568
8056
18543
11814
4510
17929
30276
32595
20567
11368
12239
4090
23751
26915
31669
11581
27741
17796
364
5833
24032
3009
28320
24236
27129
1395
19414
31592
15602
15945
1104
16453
23997
24318
9520
12267
1592
13448
6112
23855
20655
14227
23472
20014
24226
10285
705
5528
23753
4547
30243
5711
2134
19276
17722
9521
6522
18372
1126
32049
14122
19164
32482
14765
22563
22000
16365
19196
13612
24889
14120
6470
12443
13636
31808
18840
22298
30882
30156
22839
23979
17890
26489
821
16618
23996
11108
9283
27026
18831
6855
4294
31299
526
27096
4397
10883
28213
31470
30849
21250
20099
27878
2365
3874
26723
26821
7265
6070
1515
29342
16066
15114
7624
16823
14500
5669
14201
25575
13194
29514
24508
12354
29261
29125
16710
19705
20332
23268
13751
19579
30115
18499
25293
9696
1727
32588
14296
3208
9392
9727
24430
27391
4320
13551
31071
1316
21955
19085
12523
1419
11952
17321
819
31263
8687
15670
18926
1036
275
25422
24157
16092
17289
12662
26753
8927
28530
2082
11915
26321
1198
15228
30868
9399
7737
32609
23694
17930
15803
21676
1659
31511
30042
23480
20701
16806
25555
12320
16749
16090
14025
12745
15887
28760
10077
24355
3590
30891
9470
9387
31588
2792
8834
17845
10437
14733
14710
17000
28477
11439
6067
24330
22671
853
27442
12414
2464
25631
16418
21002
12587
299
1335
10334
20149
4920
10820
21970
26052
4108
3340
17392
29004
8212
10326
26162
11114
5963
14655
6668
32084
30044
20180
18477
11153
12555
30688
11011
4709
21201
771
24189
1680
8902
1284
7444
11832
28101
6504
19980
26147
9674
4420
18679
1833
24990
1103
29308
8169
32695
30779
5718
30396
28761
4678
8863
26599
27394
1804
10319
29717
4869
15519
17664
4868
20341
21209
23028
7806
23108
1521
13400
27019
19116
8013
2762
22501
7886
26775
29722
2476
2202
21779
15181
28507
494
21808
13544
23035
27650
2141
31083
23446
15875
16669
10523
3055
1790
3934
7428
1392
18176
17671
10559
11876
25468
10448
21617
8806
15084
19286
10388
20505
7099
12911
250
7962
8803
20154
31118
12851
17107
28539
25438
6610
275
10406
25174
2745
7466
24378
6222
27894
13888
28624
328
22294
10496
9076
25842
18838
11584
26291
371
16026
30436
30453
21347
25057
24063
31246
7963
1273
21052
13327
7984
9135
7549
20322
31802
3274
14785
27414
29146
761
15947
25463
17659
27145
10241
2274
28503
21595
274
14551
9277
1174
11227
3408
4754
14233
21772
5713
2071
19124
20742
20929
23017
4631
26760
21880
13902
29578
22667
24473
17326
6495
2410
16674
12512
20901
16710
22209
6824
28063
21929
1002
27261
13685
8297
25638
4751
17448
15312
9902
19208
24523
18937
18488
13458
8689
19325
7953
1050
1122
18768
28012
7124
9746
21989
28154
13696
23635
10649
3770
491
25673
24142
19987
25016
18590
3670
28192
7008
20344
23188
29259
12920
1192
7133
6941
17459
13349
17316
21588
3367
26808
12247
18742
31828
17144
30212
4902
30562
15481
27072
13941
13354
11073
25161
24954
19320
6523
874
8677
26895
17776
3487
1104
15598
23986
31098
21015
4562
19866
25157
24938
11516
11765
1001
11168
23348
11771
20495
7630
20238
2177
24196
22425
13420
22895
15586
19528
7492
26483
24941
31262
11172
13815
17723
11238
7411
29521
27032
30927
6777
5946
19624
30330
29474
17794
4430
20818
8830
18690
24141
16156
18701
15057
14509
32718
31162
10683
23905
24741
165
21998
24102
30066
1829
21751
1454
31797
14606
12781
18174
7916
20271
24044
15381
1965
8991
1221
30670
31475
12346
6644
12039
27702
9702
12755
32003
16574
28443
31501
18189
13496
21282
27732
862
5770
5020
31319
26433
19556
11207
27118
16501
22551
5373
4760
32211
19755
13437
9512
11056
27947
22126
19131
25733
24132
23073
12269
1102
12303
29591
20557
4399
8874
9795
5646
11997
25613
23824
8703
5692
14235
17318
20413
22725
15352
17641
18982
29483
17179
21187
17426
29502
28836
23332
10558
13583
4719
3655
23433
31573
26473
23094
20579
26383
18594
16272
8834
4715
26788
25482
27606
21223
7428
820
31680
26294
26166
11262
15743
4453
10661
23930
25323
27582
20995
30819
10085
27373
18910
7903
16142
25313
1141
27137
17975
2037
2249
6290
17689
13264
13047
6929
7110
29065
8132
8440
27232
5391
30330
2881
18825
25033
1267
26665
26394
1145
25075
23604
23320
25702
2491
7281
18660
4026
10458
24063
8369
18217
2375
24272
5435
27859
21933
27565
6583
23148
9990
1914
31749
25242
4203
6076
28461
414
7466
14936
6665
311
29978
10397
32319
5059
6955
19333
19315
10920
31297
25912
29370
3058
13379
29650
3665
27454
26478
12646
29071
2518
24048
21827
29976
8733
23474
31350
21332
8750
32373
20368
10527
31168
25632
29609
28354
32589
2904
9380
32034
12403
8786
8885
29496
20890
14309
27937
4033
12503
740
15429
21303
4112
13226
23770
32255
31329
1014
20599
16100
2239
30970
22359
9668
23003
2990
18269
11913
16713
11114
21589
30811
29154
20148
11645
32021
10087
1623
5188
23797
4967
18101
20561
4759
4450
23389
9415
8996
26158
14560
10952
7879
3738
8417
13624
1376
24914
19564
8643
25469
2050
4233
15137
15238
5054
12560
4248
3895
12450
21950
26307
7507
15541
21897
9619
10135
17939
19505
26515
21741
13388
11800
3696
995
8455
20051
184
8539
9195
2817
29922
22404
5567
5083
28047
10505
3791
32525
19215
19592
9362
8261
5671
23621
10891
22025
26641
11808
31341
16717
5061
26564
1922
6981
29815
8994
16717
7544
1377
14110
2415
12310
9922
30855
16583
21131
13351
1869
12253
29268
20457
31726
20097
9233
2039
2354
11951
29404
14293
26136
3766
14810
19429
5136
22169
15375
18918
21866
1206
28279
17082
26639
19877
10322
4460
22639
29539
11711
2929
186
6064
18572
1582
2131
3509
25421
21947
30594
28394
23211
10471
13161
30519
30975
26236
30265
27738
20512
28612
6053
5256
25976
27723
14743
87
25694
743
11554
11227
19104
9206
9145
15119
17246
18663
158
21879
9247
19708
24220
25860
16414
17229
7673
15416
1509
28177
3751
26506
6941
15129
2746
11788
27301
27037
5407
1355
22753
15675
20618
31863
4693
25149
25264
25284
10354
26395
6071
11535
28847
28480
23018
24261
23004
785
20914
31233
11187
8492
16833
15092
25777
29933
29585
8842
10788
22071
18445
5194
32388
30321
16526
2943
12806
24270
5128
11157
16751
9170
9350
12229
5926
29202
26835
32245
25230
22587
7802
24793
31122
29269
22513
11615
30850
23113
15122
22346
5149
417
970
14620
20975
22672
7957
4922
6877
26162
29226
1611
23550
13844
8690
3297
10668
16119
28351
14427
6363
9937
30779
13578
17066
2069
32159
22930
9784
7220
28197
17811
23737
28516
23999
21385
21449
416
12809
25073
511
30960
7036
14254
18886
18666
12005
1962
32360
29561
13078
22464
16236
18141
30428
20186
7714
15603
17201
11862
16764
24503
15794
31407
31775
22279
20307
5977
2234
938
25425
23020
24727
19344
4712
22661
24688
31579
3655
30569
12163
24863
24897
31212
7400
1126
22085
6802
26403
8056
7440
28275
8694
15833
32417
6116
11897
9234
13805
3155
31084
25780
16597
29043
29643
18075
15701
21914
31139
24688
9982
18279
6949
3441
2214
4263
31736
8053
30302
6265
15572
29226
25508
12465
9037
17314
10714
21115
29676
30222
21239
3649
12932
7881
31869
13006
15555
1688
26283
28595
29448
32560
1011
30441
25460
12792
7342
25017
11076
19473
23311
23769
606
11156
21333
24536
9513
29210
23621
29627
4258
8322
19416
19689
17581
8174
27697
15428
168
23567
15569
15257
11846
21155
21518
6458
28315
15419
29889
1769
32115
12866
11328
4088
24296
30267
3212
15023
2868
15946
22219
22766
3267
10998
10744
19475
17549
18989
2521
16414
18594
19336
21041
8724
4358
18897
27192
21921
26304
19907
19528
28160
18734
28176
13785
28192
15771
12457
5039
21503
15635
4409
32338
29530
13430
20722
23231
25481
19148
29581
29533
1189
25048
3468
7474
24555
1264
18371
15703
26469
14860
15382
17065
22727
26908
3972
26562
18327
19871
28005
20776
4752
9841
18415
23491
18505
6116
511
12181
16146
29715
26135
27301
25630
23923
3746
30780
1512
30635
9088
26708
7631
6822
4286
23374
23811
15334
6821
21987
165
539
29431
4445
12586
14068
13173
7175
28929
2869
24996
24034
24181
24842
24529
21913
19668
4250
28499
8631
30929
23264
10256
10776
23591
32438
2371
32157
25727
9267
1916
14372
4500
4663
15336
1208
16021
25156
6354
4100
6859
9872
18282
32526
5499
13912
4805
15906
16654
5238
1062
15371
29039
9270
5244
25994
6581
8294
5931
29952
11522
2220
16911
27246
1706
31005
30398
16287
7576
8202
12558
11428
1774
17949
16088
4225
3052
7333
9467
21030
22291
17967
21923
19873
31882
19798
7115
8593
25024
32220
24576
28894
18515
21497
10856
27815
49
30194
1540
14972
1277
27630
10546
2766
2740
2566
1910
29603
15760
16539
12409
25486
14636
18156
8274
16607
31466
21479
25861
2327
21394
22848
15689
1183
7227
29889
5263
25273
12911
3041
63
20918
32650
17815
8773
26474
3939
22128
5324
28125
31278
21216
17225
26691
9633
31701
21692
25646
8534
14738
2867
27395
8817
14523
15503
10154
25218
23980
18570
5258
26029
527
12281
17845
27656
12462
12623
9055
4676
21381
3683
10389
26000
2076
24435
31276
28346
3604
5992
27127
30871
1023
7515
14909
5542
26229
8025
13673
10480
1380
611
28164
30258
25511
5049
15073
32062
13530
24409
17303
9375
28013
20418
12596
30588
6392
31485
22320
31423
27342
16606
26784
23925
15573
7816
3500
2168
28821
23343
27971
20812
26254
29218
32526
21576
32719
24072
14754
14838
24004
10601
28921
27580
21584
26737
31011
31675
16923
32753
24889
17399
17198
23975
23187
184
29117
1471
8250
27185
10563
6553
29344
4448
32725
15309
31631
1077
27055
30061
11872
31990
15124
138
30829
8418
31829
7161
21961
4629
17455
19542
7726
22699
3161
11850
7734
26408
13406
15882
20686
15896
9897
14368
19688
29426
21470
30574
15217
7746
30833
29808
27011
29959
24689
18881
19163
4442
7588
25057
141
11857
25561
12853
14326
23331
32634
10063
30195
27021
6753
9840
8784
7028
17132
18507
26500
21451
26964
12556
15003
20151
18234
10649
8051
9457
25987
24088
32043
7789
13414
26033
5849
6201
27075
30613
31867
423
6583
28991
2097
13486
15725
4602
15273
11662
7223
4003
4570
26035
19165
26800
6389
21980
13621
6001
26776
25468
26099
2710
18501
15712
195
1778
6676
27539
8853
22142
23972
5759
7224
26785
24407
18772
15147
18350
26559
13230
5296
1967
32595
11890
1825
4705
6759
2040
25991
29823
16731
23408
361
4163
2322
30590
1762
22827
28581
6184
24310
31993
29017
30706
3110
7677
27087
31815
13634
662
5499
283
21119
24055
18263
1999
12490
5671
9945
19797
16219
11083
2594
2964
23436
9256
16504
27150
3820
9188
24822
25024
29583
3340
29058
6217
12969
21980
31232
30287
20827
29114
22469
32031
16333
29699
25935
8083
24189
20490
18995
8761
28119
23134
1878
18097
7173
28492
4960
18007
9480
25253
7022
24611
14600
7362
15368
32205
7400
2244
18002
13364
14622
14368
25990
8960
2754
24412
14497
30598
10980
4115
13405
5869
24611
21567
24928
13199
28283
3768
19123
20898
6495
17655
12405
32536
3080
13856
21201
17091
7180
25408
26925
1725
6706
27858
6564
519
9605
27017
1207
25968
13479
6729
14655
20409
18792
8054
9382
19702
663
4978
21335
25911
25
11873
5491
32360
19767
22320
23494
5494
17724
17877
24825
4788
9792
6872
29449
15740
17983
4114
28920
4889
7790
9909
20674
1252
8398
30348
16786
25006
3073
644
15926
28254
12637
13932
9168
29147
24895
29177
8399
14381
29089
17677
4126
20703
4847
16696
5275
3239
26391
1152
2251
32329
3808
24925
5836
696
8572
18440
3211
5246
16992
21749
16439
28255
18771
10398
6389
16697
12485
27779
4053
303
15971
10607
15620
3590
6632
21244
17732
15055
17974
11353
15258
30919
12453
27211
19270
10619
19099
13938
15864
23600
24925
30670
12865
31361
10276
1154
5704
10314
10356
8407
15038
23237
3241
28547
4628
27379
30931
14124
28651
10046
26051
8488
23756
10332
12902
21895
21017
28022
24402
6227
29251
906
10399
19478
4414
15374
29176
32157
8498
14038
14577
23804
22388
17207
411
18386
7604
23661
29015
18638
9080
17722
3047
12402
9161
1744
18123
11031
13099
22257
26314
30770
10707
10581
23503
9941
32277
28748
3830
31609
8988
20644
22247
25338
16349
19661
1635
5859
21069
11067
18716
22252
4818
7180
17098
23489
11256
25067
9339
26373
6758
564
11306
5271
18704
16472
17044
20756
15790
26756
11079
6557
26988
11645
31484
26842
29155
7631
18470
30014
1608
29734
18891
9357
5347
18172
22675
22684
29891
23412
1567
31065
22449
8070
16027
24586
6242
3933
10391
2010
14577
2557
14098
10129
9612
22825
8664
6307
3949
28804
14351
12140
29707
10230
16652
26810
9362
30033
24427
4236
24977
26933
10846
17945
24307
29489
28997
276
17457
12586
23935
31791
31942
19969
26240
10462
27874
13168
19492
4189
24162
4917
2883
17908
14848
2931
134
20090
24775
27221
11641
8472
14795
21748
21473
9551
18454
21883
23375
21052
23781
5257
13557
21275
14869
16854
12729
21771
14552
28698
32392
25104
18604
26666
15085
27998
23182
14180
24034
29909
3178
32078
23782
23496
10455
15482
18767
25346
20225
12973
22498
25099
22246
31807
1697
9639
17862
1733
21732
6048
26324
5870
16811
5061
23602
26027
1075
3635
15388
6291
12999
28371
3684
6533
19417
17956
15902
4495
21841
16187
21404
2830
1573
29448
2717
32535
11818
218
6337
21014
20522
4133
14400
949
8758
8068
19164
5632
26685
17658
10516
28614
23774
17277
29083
15938
7291
6581
27912
6650
18063
28161
22991
29416
18753
31675
13424
2008
2873
26045
20462
27921
26546
4643
21123
26167
12496
29523
27282
6000
11316
25147
20445
20934
15823
28122
25848
32461
13555
17410
3326
28549
28592
5980
2434
4737
18525
9900
29896
21833
373
18774
11317
13566
9125
9506
16133
16956
546
28988
13628
7236
22848
27263
17119
10075
15169
23794
15203
621
16234
26259
22886
32758
10077
22356
11933
9763
28322
21092
20494
31284
30855
5295
4735
6948
20522
1192
27438
28556
11988
28486
18626
27333
15496
5708
30850
11596
16092
29646
27589
1131
10760
22257
29097
3350
18493
15858
14600
32276
27448
4458
11944
23903
23574
9424
2994
9420
32106
8255
10342
6638
21389
14201
26380
23864
26421
21037
19246
29795
13897
2421
4356
21519
9972
7843
22832
11437
12537
20285
15532
32412
12614
10822
23808
14738
7115
19135
17592
27454
32652
7022
11285
16684
4341
2014
30211
25064
11886
16039
31051
24934
4912
26863
27146
21665
11351
31537
30562
18563
17464
830
29039
8197
30708
6017
2940
7575
11086
19334
3703
7106
28345
19902
4003
14604
2997
4732
32653
31516
11100
12356
9537
11550
19256
20805
22973
32105
29784
24100
6054
7775
26787
17915
13114
28309
14956
1954
20102
27701
582
24621
24025
30624
10009
17077
20600
10583
27765
32092
12691
16155
15143
12171
21880
25683
22538
30078
26375
22959
32032
27907
26982
16395
2273
30590
502
2710
14291
23857
7813
23603
7259
13754
19397
21535
18643
14813
20476
3540
24540
25220
24062
22574
32502
30980
29785
26573
14158
31906
15567
2234
2262
342
9
4941
5019
27599
393
10318
29524
11958
22497
30810
31030
27959
5410
6792
14352
9918
21400
13901
5779
20478
31412
1181
23537
32056
20554
27731
27307
442
10749
15827
7587
10406
21239
20974
31609
27380
31197
4102
13332
18106
15105
8050
7295
7083
6874
18467
7415
12510
1202
18056
17730
18386
8607
5808
31554
24750
7092
31407
30665
5069
8568
16450
1455
9337
15767
2486
14114
12535
22232
7685
1342
9157
27727
1091
3549
18975
25044
28216
25521
13255
28852
13903
9360
16390
4262
29871
18958
31726
27904
28583
26705
13795
14890
27471
20257
27226
32595
7276
16703
28127
10340
17045
13816
30813
29746
11668
22777
30106
4856
12815
15461
16129
2308
20840
28965
8868
10672
6369
31104
23425
16020
31748
18923
24324
12026
11842
19490
9166
15250
16346
6263
17845
8808
508
22890
11020
16146
30254
3451
3876
31534
19696
6972
5650
8972
14235
27562
19891
29351
4495
32445
16366
28378
9357
11838
31289
24272
3170
4825
11871
31165
32198
16243
20608
7371
29827
18110
22105
7512
3290
16138
31685
2910
3106
14430
12420
30770
23730
22727
4924
5490
257
4848
7613
16440
16908
10995
26249
19604
7416
32111
7060
9530
13305
15579
6728
4983
18034
6425
18636
17258
29790
1358
5254
22640
20718
4082
14815
9696
2163
291
14662
24569
7551
13119
7543
22808
327
22961
30461
7982
2892
10763
12533
3442
5179
6998
8982
9811
14353
12197
1262
18865
898
31729
9838
6988
4252
25120
4521
11645
22184
12647
31193
17444
12625
8402
7075
17377
25352
22561
29340
8583
5798
31446
26635
26061
9299
27020
24305
6471
7591
11658
16710
11413
25872
17048
29318
12507
21620
13074
19308
29809
14103
14906
765
22491
6846
24786
10441
28411
15381
18411
5230
17029
4686
5624
28253
17844
15883
14886
13793
21563
24446
31216
26717
19583
6094
31981
11733
6659
14781
19181
11951
17443
28041
28741
30395
21766
19471
15463
2418
11470
13622
20150
2939
5393
25995
26008
9588
10381
3881
9164
1006
25367
31196
16382
6329
28117
28294
21144
355
31661
29121
13788
14075
18941
4549
11312
27418
6541
19341
16568
13861
13250
19253
5674
31436
20500
2983
6110
8918
28097
6518
16677
6433
30147
32010
28380
9444
14592
4094
28481
2616
7874
16838
17413
5079
5990
3989
19106
27171
10072
13181
16110
23402
7743
20185
19440
31080
20084
5096
7923
12301
22713
12986
12506
14721
24616
3408
14771
4966
14953
30463
655
22877
28712
789
2448
10443
8646
9919
11331
29149
9295
12842
19504
22985
27309
25833
8624
4695
3867
8599
12543
19105
4316
1213
5522
7446
6700
25333
6059
7877
25207
29264
16426
29657
201
8950
24230
3423
17030
27404
13756
29776
23131
2523
16807
17867
31604
1582
19729
17570
13551
27643
18473
9240
8593
3398
5622
28649
16312
19011
17387
13707
1425
9403
24507
21172
1419
8880
24431
3356
14092
17476
20405
22404
14178
4311
15483
26615
5884
32624
1980
848
1754
15966
8858
8700
31298
7711
23726
20993
4277
9088
15772
31295
23585
1286
7402
25334
22360
6029
27666
10121
8385
28207
26325
30082
19789
12647
7635
15573
26541
29046
3929
13673
28611
30726
17018
24020
28246
23822
6241
22375
28937
25333
18405
17258
654
24058
14174
1448
29463
10963
10423
4143
1293
30868
27589
7249
20997
27091
2775
29934
31728
20746
9615
13814
32401
3132
28144
9513
13621
17372
31671
2081
26782
4330
27119
7059
31040
20063
29376
4050
31152
6603
32136
11924
19801
18237
21293
3577
8049
19555
27825
29897
17963
26354
4102
21501
26158
584
12068
31106
27207
8273
15706
24633
9050
18855
28385
16706
9375
18685
5815
19066
12298
13757
5802
7746
18187
4592
5555
131
13176
32607
28806
21743
7368
20471
6247
21129
32129
30066
21567
4199
3315
5172
6127
20406
28967
15731
26084
9984
19731
5275
28396
29354
32527
25585
25672
11969
9101
25718
12290
7670
12292
15630
1921
25062
14893
31969
3162
26783
16242
5378
28521
21344
164
5455
18977
15009
17900
12440
8736
29523
7940
19459
19206
14697
29606
7598
6792
25495
30789
7831
8896
1114
23292
21433
26311
7224
15556
12920
15750
16713
19177
9279
22217
24566
3263
28008
5781
30977
14737
31580
15036
198
10970
24059
32430
17344
16055
28734
12690
29774
16029
29722
29334
17847
7751
9640
1923
14444
9971
2436
404
31630
25294
31347
9352
1968
23725
14920
17398
22238
2045
2568
2785
24030
25853
3404
24972
10933
13611
31975
25999
19566
21499
27849
10283
26646
1999
10531
9947
7947
24356
28364
12843
10871
28169
740
14029
20503
32726
28087
7402
5185
4378
23779
12726
19749
9685
28862
20295
31571
20456
30962
13991
2941
31177
25706
20520
25982
18811
26738
17911
27804
12222
8985
11508
21770
30595
15578
12225
29361
27042
19836
28697
25905
22735
2103
4708
17698
10699
29464
10120
13983
11223
11687
26881
1285
21870
2758
31540
11256
14643
476
10752
29095
18217
15155
21399
30289
11810
15263
30092
23817
29050
29537
4141
29110
1796
13386
21522
28765
4421
21284
19958
20899
2528
30797
1222
16525
28754
25509
15864
7563
20703
10154
23582
12981
14284
8162
3003
32084
25807
9850
12885
12452
21188
19756
21451
21976
26529
7526
25065
11615
24748
9128
10810
13670
20204
18989
22045
31134
14301
18127
12571
4159
11880
8229
10616
26701
30737
3566
16136
19738
4723
14514
21572
17164
11497
7334
5533
8608
27279
5073
27409
3759
105
19309
10235
16112
993
10384
27951
8127
32119
24587
28998
19996
5044
17810
9015
32503
25183
5662
23336
15531
20980
16784
3459
7624
850
30615
13387
22805
9140
31699
25265
23253
15586
1339
14050
16202
21929
11452
7716
22136
30344
12066
7969
5419
26284
1596
7810
5947
13599
7483
20928
5903
25148
9308
21559
32352
15718
18375
4733
29759
19193
19894
32753
3162
18049
24537
19095
31611
5418
1018
291
30033
15480
2013
24403
6003
12600
25706
13442
1442
4791
23565
6267
6990
9777
22622
25227
22108
9868
19197
5850
24359
15430
5568
15866
20933
12717
15889
23233
11403
14158
28561
29268
2003
19631
4610
23173
31484
8513
30307
16991
21171
400
24412
10494
31857
9405
26845
13989
19269
28206
4867
11274
31188
30596
29755
23540
3486
30413
22185
25352
32643
21755
17611
4576
19845
2198
18777
15710
22991
2221
26224
26944
15095
27666
2032
244
24960
2247
29987
4781
13987
10163
1439
16566
6222
8345
7533
23815
22126
29259
13418
25366
5482
11035
27886
17391
14831
13715
32172
14471
16883
23910
29401
3661
12020
8357
2705
8707
25985
8502
12406
31948
9724
19075
23706
18310
670
32623
22943
2137
30395
25742
13852
24208
840
6805
25923
12456
29850
32015
21185
167
13680
14674
28134
23216
21300
20914
28678
4563
6014
24820
25119
16169
23258
12806
9659
14113
29899
32749
1304
26901
27920
29182
3719
23841
21029
10321
16146
17460
22797
27763
16481
20071
10831
23131
15839
15246
63
5535
5400
23053
31358
24296
25957
26606
19140
7588
17100
2608
7901
12794
4130
20065
27634
8963
17522
27247
32522
32055
8099
11963
30416
29989
4692
24175
2711
8808
23819
25106
17051
26326
10895
2137
1418
22010
10642
18752
8003
12485
27027
16218
9437
18816
32515
19301
23019
25605
12967
5666
31486
26159
16445
25700
4460
27791
26722
29030
13392
5984
22963
17249
23250
9149
13619
11870
9129
9490
12781
31049
13790
29393
9178
22856
7890
7782
27140
14155
20866
1388
2028
29667
11018
21537
28201
7511
8296
3095
13907
19445
31107
25389
22047
6310
15724
3774
3531
25029
13283
20248
5565
21041
8221
20272
20327
24225
6340
11412
32109
11576
8512
15264
18186
7002
26677
23541
2736
21949
20300
28967
17390
14019
8247
21430
2199
24327
4847
20032
24865
15413
2368
31476
75
29216
9096
5450
7682
23054
4796
5105
31110
3158
19371
7945
18121
10286
32647
13971
2840
19902
32161
7462
11516
32377
25204
23267
15203
22444
14309
27819
12283
23383
27337
29583
12511
15165
14760
30855
5493
23095
192
6247
12950
30669
1869
11280
12784
14855
12808
16611
30889
2433
16110
30076
24901
29630
28226
3740
19658
1982
15573
22630
20258
24787
4997
10191
31424
21424
4100
4176
3975
29123
19163
8669
4327
22213
16046
17179
1865
29839
13505
31694
28845
20783
23227
17296
9361
27451
26026
10441
12053
14437
26184
25563
26462
29264
12925
10909
17720
9634
2084
22539
14847
14171
19730
15420
4287
21605
4180
10388
6554
32619
12473
3130
9322
12527
19601
13516
3752
15767
24243
1874
26765
30408
11461
17777
30070
14710
27319
13026
2957
24379
14225
12066
5798
17830
22383
5994
16999
24533
20169
1249
4012
1606
17144
15121
22825
30954
17398
23191
2898
18299
25446
11295
4983
5136
15572
6032
18996
25583
21309
7044
23816
29346
26578
22779
31556
15181
11769
1872
18983
11326
149
25708
25671
14534
31879
30009
26674
15687
9333
10841
23126
27023
29129
15641
24094
9572
30461
22688
2654
9056
30487
25453
23793
5632
5743
32000
4513
15095
2232
982
24646
12488
24638
14235
26162
19091
25197
19356
16077
22063
1427
32123
3965
2170
31719
1062
2761
1005
28617
27401
11965
11636
21835
11651
17040
17276
29937
9879
22404
27469
5045
10469
20750
10394
23630
21208
14391
29526
28082
29472
24130
24522
13018
4451
4751
3301
26565
28463
28607
19667
28607
5428
1049
15313
24803
16560
22828
14655
26847
17706
7862
30454
28407
13923
31941
4829
5965
28298
20764
28343
2911
17583
23512
14911
11217
1914
8020
25463
3949
4125
30537
24893
29544
391
11066
3103
230
2010
15
31088
3009
11296
3328
3227
11910
4154
22452
12984
26561
10008
31658
31837
7291
15664
24793
2487
9216
25896
17811
31961
16614
7382
8111
26195
11082
15979
6375
24583
4189
4587
10879
19000
11040
4833
7208
24292
23147
15952
27171
3924
22580
31980
22185
24561
30222
32138
10891
13913
752
5078
26902
19890
15928
28484
31545
17727
31727
15945
5610
32048
24143
4554
24517
13759
18562
5333
6646
9336
28333
27791
20570
29656
10029
21613
21729
24858
24865
19111
2615
27726
25640
24810
16803
20139
15724
1358
12335
11046
32223
22407
16137
11588
11716
24159
15145
2604
6514
12644
10292
6144
23380
27357
15008
28525
18229
30211
15642
19329
6842
3438
25892
7101
5936
32206
23299
31852
26760
219
30936
2355
32160
17551
1293
15848
13765
29330
27634
22951
1909
19446
15528
30755
1129
11556
27967
21819
24275
3606
10779
28366
21476
21191
13468
30927
8081
32744
5374
22428
23959
10197
9085
5259
31676
9159
11453
198
8536
27979
13674
31322
12309
11251
8475
1930
16883
19275
16509
15465
18575
11534
2733
7848
12708
19354
1509
31660
13522
24738
9051
25827
11934
25635
4710
18009
11451
30617
20195
19334
3976
4466
28375
1643
25817
31939
29526
3293
24570
314
8355
32
4849
18260
8600
12983
19716
19663
31304
24699
17019
32099
3556
11499
24999
17325
15323
23491
31011
9836
22597
30672
4954
17903
898
23554
11081
19918
9502
21187
7815
11993
3576
16263
130
13646
1444
1700
13067
20303
18189
10085
26645
6034
12383
15449
28857
30811
10788
22001
32126
31399
2477
25418
13272
5546
29363
7496
15598
4732
31806
10212
12704
22544
7366
24007
1993
13157
8600
31255
25793
28672
13692
5265
31015
21657
14997
9176
18909
22549
31624
31244
2643
8884
30689
28575
27657
12172
20402
12388
1871
8758
4732
24297
16720
9415
30035
519
21326
25089
13374
28855
22319
28619
8925
12327
32057
15839
12366
30734
20250
23747
25168
20796
9259
12538
2985
629
10997
26235
16838
16255
11253
14434
21922
20090
27036
24806
21481
6000
16794
17803
20572
21037
29532
13208
119
18001
12243
16588
26961
20899
22136
9293
9413
10408
909
7137
463
1397
21413
12640
1080
14529
102
29802
1910
20798
14990
31829
2254
19754
25908
18025
23739
2592
5713
17488
21395
26421
126
11976
4456
19776
10751
28827
7468
4473
5377
15825
27417
26182
15648
11044
26192
20049
3628
22964
15809
17886
14381
2812
30794
5724
1188
12549
5155
2105
4372
20185
13689
26363
4801
15675
10329
2957
1976
10133
14800
24790
30991
21810
11345
5776
12910
4781
19286
30296
4815
20394
25162
3841
23169
17603
6823
10798
6771
13766
1372
16416
10415
9245
21361
24012
15909
1421
493
12593
8618
21284
31992
12264
1088
1132
32317
3069
29336
19173
10898
27389
32725
8626
13019
4944
3475
1427
31787
969
21800
26899
4909
10620
5673
14595
28355
10192
3633
1318
17900
26325
7645
8494
31979
23511
16155
20967
28070
16435
12453
23219
3916
10857
31432
32566
16698
15731
12650
19794
15648
25173
5963
17238
29791
16374
1675
9842
23734
25902
17005
7535
28702
22816
5722
25500
25586
1482
26153
10252
23379
12506
5021
27902
6347
30403
23855
31645
29488
31761
6670
16362
4556
18681
30565
8438
13242
821
6876
10580
1683
31247
20065
5070
20555
14523
6440
4183
28757
4841
27120
21825
31758
24475
13961
20656
31320
22068
13459
3663
645
16850
3976
9537
17016
32478
16381
16987
12294
30434
26660
8848
27042
3738
22934
4524
2618
14925
10319
16710
29788
11357
28410
3055
22685
21022
10352
30896
31547
4836
17019
4788
32001
1376
19935
26945
11115
3884
28571
19437
7179
8868
30572
5902
5931
3832
16275
9330
5556
5759
14808
13392
22095
16206
19919
25215
19913
4618
27738
31718
30396
15098
31855
18484
17516
16736
1307
7121
15599
18698
14535
17940
32401
4644
17851
12214
13430
11088
4064
15750
16001
2553
14282
19295
4213
31971
4853
21335
3162
11527
31055
5434
23587
8351
3063
21047
3725
29821
22853
28888
31562
16288
522
7480
12895
21769
17433
14704
31435
22475
3590
12882
9321
21858
45
3162
12567
23109
32502
15585
6424
13503
14936
9108
11959
23034
20124
14373
25901
8541
25188
16448
32453
18967
26091
8641
26174
32508
22414
9508
14193
19601
12684
15420
15156
15714
25866
8488
23165
4252
1626
24964
19659
16087
3708
10716
1473
16692
21989
25958
9748
20136
11392
1520
29608
919
13043
2071
7414
10149
22819
1978
19377
1481
9722
30894
19113
2723
11368
22451
17135
7439
20903
26535
21562
25850
18628
20218
3209
29812
26459
10594
778
1799
14242
25040
6715
19271
27560
26786
11599
27307
5599
6682
11475
17307
19161
26895
28305
2506
4175
8674
13493
16582
15719
22964
12334
17614
12342
24022
599
21987
31876
14209
471
22817
30672
6088
18118
17488
18068
16330
16913
26551
20171
14636
25631
2608
13231
29383
5812
2946
16071
5533
3606
234
23073
9746
13679
32763
32733
17753
14963
2985
17131
10028
31810
22432
21780
4032
24976
21978
11839
28152
23043
17008
14573
26073
3804
8624
10247
24382
1754
25713
23001
27852
16731
9891
27742
7977
3269
15402
26302
6249
7204
32749
7189
29641
8213
6441
11126
21920
26338
11020
16688
14226
18414
8831
32079
17671
24148
5699
9062
23515
22219
27967
30604
1368
21709
16152
27813
31585
13048
8963
2019
3567
8884
24791
7564
31938
28438
14439
19197
6480
26372
13070
20975
17666
12954
13195
14585
8095
6093
14351
21846
31240
29262
661
8681
24871
25265
7026
1918
21794
30927
25133
31315
212
23913
8336
4311
1405
16142
21503
30641
11960
1598
8457
26372
8878
5327
9533
31985
25226
5264
6975
8542
12077
6445
1307
22262
9762
6482
20696
7537
10964
787
11089
18710
28670
28556
30016
29566
13668
14788
3740
27034
3521
31960
27685
15096
16640
15701
11069
20033
7854
16869
6137
7943
21680
24366
22904
2237
7729
15095
14451
17159
24287
19084
13334
29493
32343
4196
22798
30473
6109
23810
3812
19649
21073
5913
20361
15441
29790
20211
32050
9713
2293
8467
19045
6615
10234
11290
26708
7494
14141
7655
28523
16583
14251
7170
13861
27575
29382
2875
2595
257
7250
31374
32639
16685
15441
13642
19038
3482
30002
16499
22212
28935
31302
18276
4781
4440
19059
15288
7769
28311
812
11371
22247
4922
24480
6205
28453
6564
14386
16215
2727
10990
5674
14385
3862
23270
12202
19379
8139
1368
24547
23707
30620
4237
28552
24094
5366
14610
16771
7634
27693
19130
14312
25803
5135
27366
25895
13316
8383
22532
23941
8193
8385
16982
15565
4019
28753
8693
13378
25244
22265
11797
13529
16948
9058
22922
2469
8842
14699
30860
30355
13870
18040
29623
12119
22863
4108
11349
15014
14369
4251
30176
5542
13441
22169
18627
11171
20188
22999
4705
30211
5709
15119
18008
22652
25605
8638
5383
3460
26096
11313
27470
14089
15510
9699
8084
26467
12351
30726
28687
13959
16730
2144
13887
14205
6175
31320
29628
25108
6004
1617
7218
17620
5901
23350
16554
4916
2264
15958
11
25613
3480
23923
24800
13391
15567
1813
30811
499
9186
15652
666
4912
16504
21942
20522
15858
31267
7718
11466
17288
24386
13414
9073
5276
10534
2710
17298
4457
19315
18645
19358
6696
4809
343
23755
971
5796
27319
7188
17646
641
5263
25728
28427
31299
19015
28328
18413
7636
6186
4467
5991
28687
9919
37
32069
9438
24662
10648
25475
6815
5345
7368
24765
717
4101
5782
7911
32220
21873
7365
6718
11876
30575
19017
19582
1922
15288
12481
6230
23164
653
29506
2329
26531
9219
32342
15030
30334
14239
324
32234
14628
31266
3218
3252
32490
17830
31177
25354
31294
20458
120
4042
7635
8939
7291
4595
21759
948
10621
5653
7009
15222
22460
10246
14278
30427
24076
11479
7757
12184
3359
14598
15818
21570
10243
5877
15465
8802
9708
4507
26516
26315
16692
22394
23318
6187
30624
2513
9088
32737
24549
19474
24523
25870
30827
26518
9792
28143
21328
22416
12437
11114
17328
20800
4953
742
28708
7273
1170
27232
28296
20484
30116
10939
19714
18230
1140
7256
11327
25216
1998
4583
20224
26934
15108
25981
17110
7986
19672
23526
1577
25289
21916
21052
20351
26366
30872
27064
23035
24054
13484
9673
23332
10156
10295
12387
1513
22758
19511
14490
16097
11880
27313
8047
26071
16487
21587
26346
22661
2624
6488
5993
4768
6762
18860
3895
3861
32425
80
28768
20115
16517
15873
8388
10057
1531
22292
4203
16881
10866
30885
14872
26637
25585
2288
4641
1904
18574
26367
22397
3841
18474
19846
31519
2236
28251
23819
4482
5369
170
4425
646
10993
19711
9687
27514
17022
15449
11781
26490
19234
32194
25607
12795
5195
23939
29525
22436
2773
7316
16977
26976
28625
23638
32554
26033
27781
29316
29697
19527
10163
14695
26187
4049
16415
12362
1399
23059
20555
46
11472
22072
24453
14527
31908
30058
25635
22918
3750
24993
15118
31583
18833
4792
14461
11822
6158
14790
13827
24270
1752
30379
16844
22858
3614
3049
21284
15184
2601
1206
10296
27362
10046
335
12577
25935
17606
7566
11294
31330
5036
9663
22305
18393
29703
3504
23182
2328
22009
24071
20799
3871
8662
3032
4555
29882
27529
28279
7432
25335
30004
18315
21966
31197
17687
4452
26110
12635
21171
1935
29891
18047
3887
7591
4632
2281
19706
22637
31627
7294
19122
15643
7744
865
25925
19190
31288
1055
13654
13091
19155
16425
7138
17083
6292
3720
547
13090
6181
28364
20660
21652
31387
10309
25079
18176
4858
26998
29620
13594
29948
31687
23554
17836
28942
24442
1387
14124
4508
25568
30283
22932
32142
4045
26489
23150
25619
28233
11817
5934
21917
5000
32017
27077
11821
28189
16587
9075
29904
14442
7035
10717
21609
7771
17329
27231
4530
27476
19089
6051
8830
21607
3377
25971
19009
13003
21826
14027
24529
17033
27891
29235
8302
14713
10770
28747
13313
19053
13428
14504
18081
26796
2968
222
23387
24482
3975
8670
15411
4821
4350
30595
11110
31259
11471
24167
14834
11787
30341
17403
26456
6321
13895
31959
28321
7814
15871
21838
25759
21406
6587
4166
2933
4388
8019
18502
32602
32516
8524
26321
8345
26087
18684
9715
24284
23908
23535
20505
18859
10868
28810
12838
2608
25127
21998
29634
10813
9366
13087
18933
19600
1049
8550
14326
14933
27834
17907
21053
27116
8169
11975
14303
25325
6257
30417
13851
9065
27306
30039
18992
27251
29936
31896
30066
3039
29781
27568
6045
12618
20883
6075
17257
11355
14917
20541
16735
15943
23126
706
13546
30875
18873
16833
6065
6966
602
12998
32548
5012
29269
10192
24661
339
32359
26616
17930
25583
2209
27476
11536
21969
20324
3611
31442
30856
14473
32522
16938
30294
23776
27910
19062
15598
26588
14338
3311
21884
8076
10531
7222
32230
10445
30242
10800
26449
23487
5107
8212
15848
15477
7332
31938
24024
27633
19591
27991
22943
9551
23187
21502
13703
6976
12296
12553
31853
18874
17234
8768
4551
4078
6704
27768
25830
9851
14101
17256
27000
17889
30159
17337
31056
4408
7014
21340
874
6434
7495
23584
11305
2814
25505
5252
17124
24670
2832
19145
12449
8891
27001
26188
17440
5992
23093
4883
32540
26565
5489
19366
18637
6581
5844
13600
10673
27730
22371
389
29836
27871
24226
19542
174
22525
28412
9571
22900
6946
20837
15841
1809
2632
1086
27580
21646
7650
20857
30511
14096
19732
4093
26257
14938
22563
5196
15474
5778
5931
5219
23526
21320
8464
738
1825
7092
24246
9580
11332
10303
24181
27217
29815
24902
31687
16746
18744
7962
12100
31813
17394
11083
6865
31106
15314
26406
9748
8061
26070
15228
16171
27182
15143
13733
5021
4173
6568
30149
21904
953
21199
21070
24893
20762
7348
21702
22178
8901
6503
29643
31606
27361
26759
11860
31074
30920
30480
27705
19566
32176
373
18422
30138
17547
31727
9644
18030
8492
21780
15208
22259
23210
18091
28328
32356
5385
10431
11035
24127
32279
31474
5801
22113
16789
6164
18099
30001
2199
18420
23196
14363
2094
9078
8072
12352
25411
32486
8547
24427
25542
20108
19750
24903
20233
14721
2133
13520
22886
20161
25036
14856
32040
4224
16316
14315
14505
18882
12017
32420
30647
25126
14166
31233
11324
9218
22970
18469
23070
10421
6868
10365
6757
24377
16261
22261
22940
24824
7774
10091
21881
2273
10850
30051
7616
186
6925
15357
7268
14520
21909
27173
26863
32077
31599
18186
27429
8001
16917
31441
4324
25092
30727
3978
6991
9283
23311
32355
18220
30393
9162
7451
21641
5448
27236
32698
12710
30280
18595
8832
19727
25631
23847
28699
21257
21777
5104
30749
23087
30042
22560
27052
17245
6010
4866
9851
20685
32465
7244
506
14464
14443
32673
202
13792
30237
15194
11380
24227
8145
23686
20314
16114
3870
7215
11502
203
10524
25056
2593
8868
19062
20323
6687
337
14784
14799
9017
14631
5131
13251
28706
8802
26551
3308
24927
27844
29065
27341
13049
7807
12285
24255
19061
31317
16606
7478
8453
4350
15635
14919
7680
458
1724
3943
30096
11911
15742
11894
24491
26277
19738
1532
15172
19864
19013
6834
29122
126
4532
31300
11953
16130
23926
19285
16311
7040
17542
7875
12490
30314
22689
26157
30881
18666
22101
13235
18792
712
7003
9981
22968
32655
22310
11135
14790
22251
10684
27643
2267
3158
9413
8007
7940
25075
25313
4688
32522
21178
10559
4959
9380
30678
18284
8859
748
23883
10600
3024
18192
2524
20479
19822
13130
15916
9046
28885
9746
12067
21445
14287
8594
16275
15588
17246
26458
32028
32489
6073
31829
25677
16945
8593
10491
12299
22812
8344
18889
14391
13342
6980
1006
9099
23571
16336
12872
28869
26323
22149
7822
6920
6663
10551
23247
23935
12347
1042
20251
23107
29748
13207
20352
10367
9859
9185
20024
3538
24922
1325
32288
26356
28319
6553
31084
925
17471
4140
16537
31138
6853
4375
9636
13153
21035
24378
30586
15712
6383
13034
431
5937
2410
12786
13426
2969
12638
10455
2241
21489
14286
26977
29913
2763
5394
29270
1265
12761
4394
17545
27687
20235
31827
2323
8635

