100000

26303
11066
15507
24542
21743
27156
23052
5791
11108
32202
17385
11082
13021
25138
17530
17789
8397
12800
6767
15546
29697
8416
23195
793
1156
23490
7927
10297
19136
17269
9962
2172
8677
13688
19655
31860
2447
22285
29848
7320
10915
5774
22554
27964
9081
22276
21512
1728
24385
31222
6812
3591
31903
15231
28500
4394
1945
5283
20466
7278
2739
6115
11974
7028
15192
31759
8751
23216
17788
18780
11616
15644
31360
23735
1632
31278
26454
13656
32084
30727
5605
16537
26881
5613
32175
6153
15501
31483
26545
26044
10885
15639
18826
25318
31013
29733
23520
9384
27603
3450
28672
11050
26092
29588
18628
26346
10947
24072
31418
10324
24295
23995
6018
11666
11941
31061
10360
17061
15822
28147
15508
10165
17595
26653
3470
12709
32397
18679
69
22763
19641
19387
1121
10911
13253
8038
5943
20433
5452
18610
28142
7968
19272
24645
2784
27784
2193
296
16963
2940
8864
31610
29193
14133
10393
8038
28932
21833
27529
13394
31054
18047
23531
28761
4584
14818
24690
1020
15265
13844
2562
3604
25914
19685
18687
3083
27335
11556
1995
6732
9304
1718
20106
6392
18393
29924
21545
2267
8759
25337
8350
13470
27589
7949
9329
31294
15325
3868
27003
18621
24522
15451
16622
9751
6373
10443
4757
20855
1535
8974
12637
21931
15359
3194
22805
8149
20940
17772
14706
28260
25454
13278
12886
11331
20592
6204
9553
3152
14728
9332
105
30992
378
2381
26134
11425
21817
28153
5777
1264
32591
1517
32334
26668
2688
14576
3527
19834
30634
4466
15996
15850
2800
25888
26936
25001
29719
27573
20885
28025
22064
14355
2754
1119
29304
18322
6532
24987
31356
7064
30587
24285
19841
4458
23463
10934
9506
27713
27691
17229
30011
17825
15696
2387
774
22502
16844
32569
30596
22304
4165
2208
28959
19488
8721
15889
22669
9683
28480
10478
31991
29903
3036
31656
15195
1324
10863
6707
13615
19093
10182
1719
23111
21150
1013
1673
18936
12632
27803
4953
20350
7204
15463
27821
32155
9924
5083
23950
11649
22200
28496
2688
25842
199
24123
23480
26534
9436
16302
22410
30701
15379
10274
289
2709
11540
21619
3954
29198
23200
20012
4210
17612
105
9477
19591
749
21031
25002
32317
16156
4328
5566
12859
20149
2727
11552
25461
17705
14369
25709
10147
16037
27876
2246
32753
15854
19881
25811
8696
8592
227
32519
19693
29751
19864
3366
32536
7261
7280
16645
8072
12069
3852
21138
28678
27271
8600
27411
23367
6830
2724
21939
29542
28318
19759
6458
13457
26
12549
24348
24578
4805
5452
19381
816
20103
20825
11219
32583
31026
6088
7029
9430
29542
4043
2514
14280
31922
6338
16029
28566
763
27660
17544
18363
290
4381
23815
13415
12513
22481
24918
3959
5110
19712
13501
20901
6276
23891
11283
27644
23734
6742
3713
21904
21925
21966
5000
8555
23932
1868
581
12490
27866
12290
22004
21898
887
12502
2996
30941
1035
18101
32137
6721
1899
8490
28327
15027
27381
18223
11502
2079
7727
15939
27569
23836
29611
10172
15291
26838
31022
18527
17556
4939
6928
11822
8960
29115
5862
26753
4297
24409
351
1624
14782
3655
25452
20208
25084
9409
12964
26772
16748
15001
10470
25014
14477
19171
16192
20542
17012
28145
20495
31522
18449
28546
9320
16951
14515
5430
28855
14407
3022
10565
1190
9059
4093
7537
12865
22394
11075
23097
12375
7979
28822
3664
31779
9944
11934
4685
32299
7676
23482
13476
30313
702
836
469
29609
19398
6166
23779
23090
25679
20556
31752
15784
11901
28236
7591
4657
32753
6916
2434
30935
19612
13683
12845
11054
29648
15211
2755
18998
25501
12181
25815
5250
1626
8373
27309
18330
11906
13871
2474
12447
29890
26059
24842
12333
15439
14005
2257
13701
20861
13768
17668
29932
22158
32523
31000
23886
29383
124
28587
4391
30666
23053
19058
26276
28959
32493
11891
13061
21012
31752
116
25925
13767
2001
17843
13309
25985
16191
31959
25222
6469
13333
807
24925
9897
12391
23034
19916
4581
21338
24686
5319
13610
27435
21853
15637
29237
12403
13709
7344
8739
18089
18983
32109
14215
9704
31595
29919
18106
20978
15265
29561
26738
630
7763
20212
10902
8334
28601
19440
849
15756
24693
27358
31334
26358
6529
31773
31939
31695
19557
16227
3672
26392
5037
4703
20009
25495
14234
29341
162
11479
11032
22185
5163
16752
21744
8823
21501
6792
31039
15106
15668
31898
22311
32052
10789
17783
20164
7174
18417
23434
9057
10728
2651
8799
11756
20835
4566
6247
5032
253
14306
501
21794
3677
13721
17805
18790
5295
6277
23902
22898
4682
31157
525
4075
2448
11024
29364
20751
10518
20201
32299
20203
16134
3539
12678
3534
31681
24246
20446
3325
18376
5410
30549
26536
12508
10724
5972
541
12900
29143
7191
5948
23824
14077
29548
14891
8636
26574
20151
8267
17303
20688
17978
18282
13700
5224
16787
19514
26304
21744
18822
1281
17093
17673
9981
13459
26735
4659
29517
27006
23646
23963
32187
23940
15003
14131
10815
26958
11134
20232
11656
24670
8143
20689
19007
26950
6187
7619
29584
9751
31657
22701
30951
16669
16830
30784
7927
12745
29534
21422
18945
19951
18276
23928
7507
31538
24116
128
13327
5308
24735
21350
22317
22834
1543
5649
21699
29926
17859
11660
23684
31823
14276
4628
1415
27319
26745
25455
24907
31028
9201
6015
16375
25049
31808
30486
2534
25389
3875
23820
21090
6108
20199
27535
1968
30381
21126
11195
25678
3764
28948
19306
1400
21449
11353
27982
19184
3897
11968
16189
25599
18619
24688
19147
11703
15269
22456
13342
18044
11359
10416
23294
31427
12824
22557
4652
28440
18617
30102
24821
11110
16151
8421
774
27507
21869
32432
6786
22698
8201
24665
18514
4381
581
8994
7869
8138
21945
2709
8760
18973
4527
6691
19583
22199
1751
12811
17892
12654
829
29565
18663
4245
29303
12287
25608
32637
20003
26641
3545
29243
29329
7436
16215
18092
11196
31312
2170
22199
3711
6558
21259
32722
29189
26307
18358
17352
7554
26231
2400
26297
32288
25732
15035
11874
31037
19755
535
9886
11987
13763
32635
3885
16439
22691
26868
22197
28423
2114
16685
18182
10333
23965
23616
18082
20553
9689
9932
21373
24959
21290
25416
6913
13644
29939
20886
21333
1999
31535
29915
14815
3173
18703
27535
23304
9829
23268
3536
1855
6670
832
17916
6464
18877
856
22398
29078
21347
685
2024
19294
8759
10732
24131
20047
18600
25874
27810
503
13974
4307
22526
1607
8129
5949
4669
13650
9858
16281
31380
4690
7865
13714
22543
10732
32006
2969
25198
18357
17980
15495
19763
9460
4882
28804
2297
29866
31772
2344
12039
28879
506
14561
19237
19679
17872
10645
30639
12693
9718
30344
32743
9718
4848
32127
31887
2450
12448
19238
7864
1031
6074
9903
7381
3526
19321
188
30227
30234
14224
18815
32749
2662
19044
29215
29178
17070
32632
7518
25610
5976
28200
17274
29298
25652
12443
19792
31908
31931
14067
27335
12803
21908
23238
10348
24821
26461
18130
2138
15417
11943
1772
8797
2683
27970
21562
3927
29733
4284
29090
9186
25465
25124
11394
15926
10973
25363
21922
11086
25973
31726
18023
26438
17911
24421
17993
15624
18363
18239
25734
2343
30226
28250
6680
9227
15833
27629
18405
14159
32078
21521
25911
615
17954
16768
29291
21126
1487
11420
1005
12734
2091
13235
31076
4458
2109
14465
13609
29641
17232
30454
26622
22763
16967
31034
17661
29393
19760
3311
12750
25808
15644
7606
18205
4662
8237
6388
13643
16432
25584
16086
24932
3819
31213
1170
20050
3578
10877
27632
9808
28664
2524
29706
30881
8558
17279
1871
32641
18166
12200
2766
604
26273
26423
29362
10302
16535
18883
8
20107
6909
10729
3017
14320
1308
5092
788
10137
21951
25182
30907
15524
26844
5510
28673
8662
24695
8291
17570
25997
27844
8296
21524
3574
24460
13128
19469
15744
3793
24332
16965
31633
19125
16482
31101
30071
27288
29496
30656
19361
13697
27017
20969
16143
10687
9335
20581
21255
26576
923
20794
14090
17537
7833
2888
3334
18007
23799
5839
24525
4654
16431
24370
24006
2848
5122
25083
11234
10664
30992
24350
25810
19975
32166
24194
6264
4583
14551
11965
24475
23871
7118
16672
22494
17014
28002
1779
7155
26059
9195
13313
3084
29684
4436
2648
31378
27653
5490
4938
4378
16532
19092
27063
405
5147
24668
31119
22470
5277
6349
22674
32506
14989
7076
7258
20467
28395
5100
20892
15141
23728
19405
30891
25381
29036
15013
11069
15198
20782
14682
20338
32518
16804
20718
31762
5200
20611
22355
29206
12259
14633
20097
20331
19596
19842
14791
24306
19247
26152
23902
10699
20228
7630
7236
11731
10751
23518
26695
23915
28048
29281
30816
19580
29581
21280
14659
11960
29549
8200
11316
2850
30646
6867
10268
18640
18360
14309
12508
30959
6524
22644
22753
521
8184
28652
24825
4227
18820
6290
2661
28778
17042
23399
20271
13423
4249
12111
29886
20015
22866
29554
11431
31672
10791
26851
14278
11849
21481
28544
16270
20058
11969
2585
22941
220
23145
28116
27027
20930
20123
8399
21797
26560
20426
27656
15981
9555
7185
9338
14468
23297
25705
3977
10835
28386
26142
26272
21414
7519
14468
15897
10370
14138
8934
21341
30393
207
3775
1612
2491
5785
27180
479
16559
31479
3746
22539
19139
12592
32732
5353
32192
2485
5912
3349
31457
935
28291
27476
5605
26521
8434
16761
12899
32663
12754
8329
2910
4199
12642
31773
6425
30734
28960
23816
2348
5527
23680
10042
31960
24079
18916
30436
408
17108
22473
22749
30712
19728
10814
25157
23722
4736
7323
27496
10199
26490
15215
29156
14003
29230
6842
26127
29524
812
23645
26515
11972
22310
31438
13659
24917
9719
11280
21683
17716
8933
28899
13226
32577
21027
9272
19131
18974
22426
7911
429
22406
8938
17316
23480
23521
7339
1840
12009
30741
14584
18636
27336
30110
4910
3827
12855
2273
30449
31816
19613
3517
31344
4302
12868
29284
3562
2903
14336
17513
9330
32575
7698
5146
23023
29273
1611
8719
14950
5930
5493
2819
3708
30549
17390
26083
20790
8791
8598
2085
13060
13428
4331
25691
19966
18929
15731
14088
28525
12932
20827
30130
6797
30985
11869
13368
10385
4982
11751
29798
10728
20241
11385
5063
27839
19681
25678
19386
19655
8802
23360
30664
12344
29309
26598
5685
22038
4790
4607
14037
22963
4264
21011
19489
3957
11182
29783
4746
7897
5860
8914
526
32184
5966
23230
32264
12489
21078
20785
14156
30056
24700
2812
29811
14485
30793
11219
13428
32576
17796
16559
24437
9156
16553
2417
31200
3249
6807
1480
3512
16590
4233
18772
15918
31838
15431
23308
14703
11171
13470
9181
31937
28321
4621
12435
7886
2596
11201
19197
5183
27140
8388
11852
8845
6312
369
23229
29972
20425
11563
19576
2154
1656
14414
6583
24558
8291
28262
15402
14756
8788
17567
2459
13376
4090
20605
8142
7040
22252
5837
18347
20159
27371
18140
5022
30152
30567
13798
15679
30696
19013
11985
1582
26951
23520
27163
8257
25207
6222
16914
24802
30286
19940
30531
17330
14833
25852
6452
115
4914
17653
26454
14372
16668
2684
15925
32109
21195
29450
25842
15422
130
8622
20211
17588
6903
8461
9689
32060
1265
18087
12210
32762
27413
23388
25968
10092
11773
11566
19867
20042
12939
28232
28482
18097
3197
1344
28983
19585
14145
12953
14716
30468
20746
12172
8440
28112
3107
10759
3950
25838
19076
16887
5040
9275
6051
27587
19472
7695
29836
23576
13080
22813
10804
24812
9339
12698
5642
19389
11850
13730
9424
20762
619
8407
28585
357
7240
15179
12147
16087
28356
8096
31318
21700
11891
11373
32669
5153
3082
9444
13765
6467
29460
17586
11988
7913
8423
19239
1773
637
10199
16791
8480
23959
12969
256
9862
22723
7243
15084
31630
7044
12226
2457
8082
32153
9315
19288
10926
23934
10822
19763
24017
16438
6904
2258
30996
7752
8816
31136
19531
520
29764
19753
13786
23319
24861
29382
971
11053
24681
20093
27421
28694
25167
4899
2398
28411
32232
1987
9340
17635
20396
15428
7384
24697
7210
28997
17820
18704
2813
14156
5967
22244
3579
2336
28838
16547
18607
25971
22941
8748
3082
11204
31943
24726
14933
16516
19170
3956
10090
15480
31919
15191
18724
11102
26369
15765
19476
7635
21779
32073
24693
4724
23838
16795
21346
31300
25387
31042
18503
23630
15910
6983
9878
23691
13109
1291
4027
10757
15176
31115
29009
6205
18160
9699
1942
26570
29812
20241
25628
580
27682
3324
19650
11616
22243
14005
1763
31068
8978
25596
25293
28318
2958
10246
7029
16024
5390
27005
24169
31726
30133
31689
4101
7643
6887
23950
8170
21201
16730
16501
428
26207
21360
15920
7627
15960
452
24248
20197
13106
18946
21465
16169
18348
24573
3569
14863
947
11515
3573
17990
30343
22867
6324
7150
9242
5179
12128
19208
25017
3547
29002
9771
26093
22438
19181
17784
4004
7913
5678
13776
10380
30116
4066
10308
9920
7578
18065
13772
12710
2468
26233
2876
28183
2378
1750
4469
21953
21140
23649
26072
7626
24094
29975
14081
28854
18795
24891
22961
32651
13179
28062
10763
11827
18336
21278
3332
24353
27277
32621
9749
8760
15792
23316
5426
19176
27842
12471
20736
12698
31132
6554
28995
9294
31308
4964
32149
19074
32104
8995
5214
86
2210
10641
32256
27887
26013
19606
82
22553
12543
6669
1616
816
24520
18379
28689
2368
12002
13533
7929
2667
12536
4114
4655
9867
28300
18362
10065
2841
19524
9900
21351
6222
11141
17038
26646
24967
31043
8016
14615
3310
7960
11258
13799
22103
2707
31912
19391
14696
16082
26066
9158
1789
9299
23761
4486
27082
2823
16799
17820
7747
4776
30175
6324
25016
27981
25885
693
23749
12348
25174
4665
3305
9983
32443
30784
29045
23738
15794
31781
32680
20411
18974
27601
8728
851
4320
23598
18259
25572
25758
19934
17351
12604
3778
2606
2783
25377
29126
19525
879
15405
8368
2722
31570
32477
4056
29893
32338
30948
17137
31019
5191
22725
7239
26496
10883
416
12614
785
11374
20812
18492
6528
3950
3239
25440
29115
22026
26154
32018
10030
20046
21185
22884
17720
3953
8409
4314
14044
31413
1466
14446
24250
17295
5399
19159
27453
17160
22243
14091
15125
6755
28519
14339
26088
26880
3474
22974
15684
6528
5008
20360
23001
2602
11678
32636
2277
5261
19228
26440
11759
14439
11747
15920
27832
28102
986
30806
12143
25197
16068
3896
23844
9849
7772
13178
21631
3141
8356
19430
32434
16266
19578
26033
3756
22475
2668
31231
16527
27120
32717
11434
11621
23857
8200
26687
1807
1845
26677
31562
20605
21371
30954
6868
26149
31226
596
28201
27309
2308
13958
2015
27627
18032
13840
28691
21520
11256
10964
9206
31520
736
1301
11913
27814
25305
3793
16036
13733
6180
18769
24125
20177
13562
18686
12007
30463
21036
886
20377
4571
17159
17375
20401
24281
16506
14716
21304
7278
20347
21629
19560
27519
26278
25884
28267
1818
5927
12517
15718
9316
15579
29269
24502
3794
31154
30375
5242
21660
88
19947
29521
5999
29204
16728
22885
21859
21488
995
10152
15916
24346
20753
13917
26772
12426
28169
8667
31785
7141
16621
21645
9010
9633
29290
29246
22760
26731
19854
2195
26595
27077
20954
10457
11475
8692
11161
20225
29040
15129
1648
14825
29620
19358
28213
6366
27975
4051
12804
12894
12091
26329
32144
26658
9721
5824
7352
15452
22907
7148
7515
15421
15804
1981
17260
29626
26477
12911
841
20112
30954
17470
30280
2693
23404
22990
32147
7921
6272
18379
1847
15742
26552
16844
10615
20524
17568
26750
2150
6296
8435
766
14773
21629
1807
26502
6857
2939
16551
22348
19728
27159
21944
20903
19606
19972
30654
8820
21715
26529
11559
12216
1992
5314
20744
19079
2890
22707
15119
1828
4253
5498
9145
24681
31300
27229
6340
10857
5144
23460
5608
6229
4504
10144
5570
22940
18048
27884
12049
4694
19869
1523
4644
13027
4575
15794
31379
29391
28080
16832
26926
29433
21636
30091
14899
19189
15025
2788
27588
1454
12162
958
10391
20816
23942
306
27376
26213
25902
967
19404
27198
17815
241
21087
20628
18341
29143
22465
111
8017
16217
21221
16455
14148
12114
8394
11625
23204
14106
7413
17053
12590
22352
7710
12806
16773
25814
11050
5705
28105
25372
31833
16114
7788
21410
7361
7187
3905
7864
16379
3373
29398
31113
8220
5972
24580
27991
30694
18063
15812
25608
27968
15998
8516
24034
32740
15935
21051
13459
20568
7057
27001
3956
21279
31034
15810
27918
17456
15527
4828
26078
28327
1747
16103
3157
7355
13418
14829
3619
17392
10541
19386
31413
16781
27288
19438
21244
15185
19906
10320
18033
30818
15494
9573
16726
18054
21984
3394
12350
16277
28057
16542
7375
815
12071
24107
1991
14506
26575
29735
9277
27982
15372
28717
22570
8901
19508
16722
9767
8653
3161
24685
25720
25904
21357
12982
25930
12534
26026
31379
29753
10713
32305
19118
19733
249
7154
12107
28646
2001
5579
473
30253
16490
14836
6854
19821
15822
31898
21912
31466
26816
31178
6970
19633
31914
20113
26259
7128
20695
3426
30557
1031
16866
20919
10037
13368
20335
14075
5358
15546
16920
13992
6699
32380
28075
12717
16173
8072
25490
10514
8425
10446
10642
27102
32094
12579
18617
12345
23077
14729
18577
1486
31050
7857
27290
24435
4186
17342
14839
15884
30141
23116
17256
22188
14406
27569
2424
1534
21769
1922
2296
4836
32621
15194
25003
1117
12162
14294
30531
3756
27284
18148
7820
23479
31232
30526
10984
12973
1094
8497
28667
17131
15456
10403
2983
5665
6994
8276
3131
28080
22531
12900
18151
3927
4427
29206
29300
17679
24141
31443
23089
5171
14599
114
15665
28644
30503
13494
11699
27308
17696
9752
1250
11105
22398
31687
16063
10573
18038
13038
21083
29579
18370
16693
23113
1972
15020
16522
8531
31676
14952
2081
26476
32534
10918
22201
29414
30495
29288
29218
16869
15033
22801
24572
28692
12598
14783
7105
9366
22649
219
28166
7232
30295
10223
18685
9221
31043
9143
20031
6065
19499
30842
25032
14555
8605
26778
28227
29204
31278
29035
16009
23141
27164
2625
4196
3321
25138
22989
17560
10518
32748
21929
20516
3666
10460
49
21189
10499
30028
14485
30396
25335
11813
20780
32209
3173
25104
24587
8088
20772
21978
32215
7411
3611
21533
26327
11480
6905
8221
12877
9812
23590
4080
5127
3024
12537
4578
23601
23444
4651
8471
10605
18825
29835
28018
294
17987
17396
15030
16928
30526
2684
15083
9556
1128
6127
26628
16636
24288
15740
8382
16874
25854
29101
3275
20253
1939
28829
3120
19350
21618
11365
13804
27240
2607
8663
10714
18703
6438
25967
14808
1026
13759
31878
11817
31116
24561
22217
10520
11991
1029
31722
28126
2890
6301
16789
3782
24084
24052
7590
18063
25097
8807
26777
274
13230
12341
9281
22309
28047
18563
6845
446
24281
20387
27049
2140
4132
3733
19857
11938
2705
11726
16811
25925
5397
19769
18373
16937
23572
23932
27772
17351
14130
7804
23471
25554
358
26403
6451
15642
14160
6753
12744
18608
20428
28016
30796
30283
711
25437
9007
9194
29265
8644
24103
14523
27124
731
9253
26428
10308
2225
30087
23200
26296
5560
16015
21364
5048
3714
532
30594
29431
18632
7287
22774
6147
27568
13017
30911
28443
9551
8843
18488
18496
22893
1222
28168
6286
11657
6813
21063
26061
5661
13615
13794
4164
18724
28193
22848
28365
14808
17484
30245
28975
448
28850
4311
15527
23274
1975
25728
30408
3958
14990
28372
12934
596
19697
24307
13197
13645
4885
27537
31703
28744
3037
21588
22397
28102
27470
4733
23245
12464
10563
31947
1694
26450
26721
25244
1760
32679
18766
25174
16247
20695
32286
32517
6986
32254
12814
14662
20886
30255
6517
12131
5513
13753
15863
2239
25612
11432
23292
12405
25568
28303
24160
9020
3052
3973
24941
21646
981
21102
11782
28425
29392
3196
9252
29717
12468
25077
4999
32455
3412
16438
23973
11781
8715
14584
29671
31211
24984
8914
1556
30830
23084
8959
29965
21823
24002
1122
23996
242
1199
32711
20551
23392
15994
22892
1929
23882
25837
30656
13506
1343
1388
22378
13197
3007
21638
141
14867
8864
32714
24906
22911
17329
20956
12679
25266
21150
23752
17391
823
5651
7829
26682
11897
19492
21534
17071
10035
24045
28189
15591
15657
30325
23689
29651
4886
217
9250
18177
229
20902
29258
27930
26147
32646
8982
12720
181
12063
28069
16438
7110
22072
10928
8272
11012
14877
26979
18254
9740
11589
18027
25330
14370
20531
14673
16762
6182
22938
19462
31450
7363
10692
28863
16202
24810
11572
27138
28416
3199
21131
30977
24383
5458
6056
17960
28816
3152
29203
14322
23120
19195
5788
11264
20330
5399
25663
18028
24678
678
30283
19291
16035
17943
8644
14033
17632
8891
25093
1738
26881
10104
30889
27526
31504
449
17580
21028
21891
31941
5326
32114
25277
231
31032
8452
7127
10095
22626
12931
25759
13951
19252
25928
26849
6472
1132
1065
24294
10365
18239
7571
21307
22280
12611
13786
25011
5885
23436
29644
32687
2764
5909
31628
15261
22202
18530
27550
5567
9874
9828
12350
22062
15255
24733
8438
1054
5822
28805
7279
25187
4890
6699
5768
5429
1176
24607
19621
21808
12012
28304
5193
21406
10443
16818
30696
13305
32603
2914
5622
16044
11752
7181
30276
12570
15832
21198
18828
20193
8929
22742
18251
6240
10105
11281
7630
19063
32142
15623
10384
2957
18296
9216
24771
27096
11564
12651
15405
3800
20914
23936
28213
19493
15577
23333
16190
25963
3369
21006
28211
15283
1561
1065
20579
15844
20098
25145
9104
17033
29524
21440
17986
11988
648
13859
19041
3811
21077
22281
5635
835
18599
28164
1667
10163
14029
22899
18899
22314
7537
8871
25107
28955
27854
3396
1890
1015
5405
13802
23540
244
31568
1045
9828
23821
9731
29506
1612
17225
14000
30548
22292
15425
802
53
13575
28380
25388
24768
22700
24158
1690
7391
15443
18849
26472
25328
16366
4001
11314
13422
16162
15679
3820
461
19870
10302
7123
15781
3500
15250
23715
11027
21765
22746
17419
27485
5098
29483
27998
3796
12912
18191
1163
11519
22556
21453
27215
18421
20911
31211
26793
32523
2371
25330
2959
21679
17559
5745
29151
2964
7592
24644
10904
24336
27009
27670
29258
6850
339
14885
25803
21879
8648
20805
30508
21326
21653
21032
19947
21275
6223
20444
17258
19210
14975
4501
12960
22661
6136
8621
23055
26455
14184
19945
27382
21521
29230
31998
6343
3500
8043
32084
15579
31345
30044
12553
25189
9238
5351
15161
20133
28458
29555
4733
22878
25011
5885
7345
10633
15637
22632
14331
10827
28469
8213
21768
19493
7903
20660
1689
26219
22373
21594
10815
19703
6025
32723
3682
28190
18333
16441
14728
3299
23273
18117
14036
27499
8269
9958
3021
31153
1576
6800
15202
23675
21880
24791
31274
24717
10306
27324
30704
11804
7988
19015
25198
20613
6793
6102
1369
26175
31277
16820
11166
3342
10529
31213
9708
24186
30754
13921
6770
4224
2949
30488
490
3719
24678
18133
30166
7830
11521
10734
13321
26307
8288
28506
31594
26351
17719
6156
9717
15024
3084
18559
9218
14223
16538
30867
15562
15220
28280
21911
14375
16222
30966
2727
21915
599
27208
25400
13460
24744
15846
31729
4590
11081
10802
30141
32442
5019
11611
24350
29758
32601
24962
18372
26940
22732
23580
12894
19576
12095
7320
22704
2164
15283
20033
30181
29822
7636
24933
2855
22252
25899
16311
21102
23719
14996
8178
21397
10726
15859
15551
20403
26684
27683
29401
30376
30165
8495
2671
6902
6653
2757
12234
22483
25313
7911
24367
23932
4250
27364
18439
22475
12647
20103
27453
8972
21306
30606
30952
17165
28279
12637
12586
20596
28152
23796
19543
20565
30804
9503
11866
10756
24161
17132
26965
12072
21239
26210
21384
27153
20471
6000
13428
9804
19596
8996
19776
26484
10417
26910
16475
16970
29172
7491
7267
19464
25977
20918
3654
5107
21313
23812
32423
23344
18092
28830
7811
32472
6205
29581
10004
18511
19614
30049
20725
6097
25828
19818
18056
7501
1043
14891
5525
4983
3557
5388
25651
12569
8903
28239
27884
17577
7461
9541
1564
11809
29671
20674
14490
11019
9788
3022
10650
10459
5270
31389
23506
4482
27382
7106
3036
17984
105
14751
11228
15546
20434
4128
16994
29260
28139
31401
12434
10656
8327
15948
9090
9856
31514
17472
13539
23528
9338
22670
32484
16480
10727
16654
10067
15496
842
16530
9733
26613
11450
23137
19065
2107
31044
27111
17592
1611
748
25258
13695
19968
23535
19584
2464
19444
25931
20480
9382
32152
28289
26422
7864
18308
666
1691
6592
1547
1640
21059
29132
3091
3086
13145
19636
1059
32707
25033
19709
26558
4562
13884
27645
240
485
22601
16192
10790
12164
7401
11563
16451
5081
10540
21727
31471
2230
11563
11616
7986
217
19262
8183
16451
5486
32623
8660
666
3285
6958
4344
5452
16038
10566
22610
21912
30962
19983
7976
20669
19148
30693
1977
6159
22536
29658
16673
6986
6723
15016
28796
32038
13092
2538
13646
5676
13280
7563
19747
6599
32260
7550
6770
4510
8559
5039
4807
8993
23453
32314
22561
21346
7212
20956
409
15655
12952
166
22341
27965
2378
22777
1372
22799
4561
20654
2715
9079
18031
4245
26087
9171
25815
21537
18227
25436
17973
29025
18340
1203
30831
7474
27891
18877
31914
16308
31764
11185
20241
27898
24341
14703
7121
22022
8776
12308
17768
17908
19620
459
8224
32629
5993
16102
1750
3711
18691
5421
11520
25155
14129
22901
20975
17248
13414
20341
14673
31318
27760
9174
3321
14909
29783
19593
3043
9143
4488
17245
10866
29731
31794
20177
2045
13587
8433
19750
23946
0
9642
13753
18905
10813
13750
17552
7845
27946
22850
1075
4902
24234
23541
10685
32730
19927
1748
30514
1925
22516
12643
6163
20855
18850
28173
11312
14605
8279
21958
29886
5754
16397
14063
22441
1223
12599
11130
11564
18713
31481
23118
2974
16179
28056
26605
1423
28475
28976
23124
3603
12481
11429
29731
30558
32509
6363
19197
16273
25176
21546
7474
8148
4911
18956
10907
4517
14803
793
5318
15983
28628
12598
2643
3423
26239
19465
16798
17267
22181
20912
1695
27092
7582
32690
24590
28261
11150
6197
4042
12956
9959
1906
29307
31889
26927
32103
630
32340
14596
20427
482
26500
25949
14407
4121
13597
9746
17123
11857
13202
26015
191
30588
26396
22565
21251
3949
20049
945
25112
3387
13048
7617
5401
25834
32028
25092
7556
5192
15455
18018
27446
5910
23441
12348
7318
26216
12929
3829
16144
1871
27155
32689
29637
27828
26259
24156
19584
12423
11337
26607
29932
26650
29262
20974
31749
6087
22430
31541
20941
2521
28269
6645
19776
3242
4543
2810
20105
23560
14643
9775
20854
14813
16159
15459
1066
31247
19682
8781
13842
1446
24950
27854
13082
6445
9797
17015
24352
16986
1598
26187
9640
24817
15143
24518
4562
12005
17717
25630
8842
5056
218
25800
12031
18246
20190
26430
28502
1877
689
2560
32159
25872
2816
23256
25352
27965
2182
25187
1360
12266
18213
2253
2175
27479
19765
14300
30933
24080
29980
24112
20736
1114
17694
14281
12434
17616
31095
32713
22193
20558
29863
28539
13584
14606
2574
11925
12063
1297
22200
6330
22911
16321
7290
31811
19897
20180
21310
13887
26159
3699
25755
20408
30291
30876
17833
57
21270
23493
25363
14732
16292
25794
4973
8392
4686
32744
968
6284
9671
21875
21124
16517
27284
25893
19558
3638
11454
1328
32746
25336
25034
18518
6875
17215
4842
3919
17952
4896
14197
18795
29657
31760
5013
10360
21419
24559
28480
19430
24919
32069
14697
10025
16786
10443
27511
10079
24849
16429
16630
23603
2531
14862
6028
10241
25347
30540
2863
15163
3630
14726
8854
24331
22514
25308
8173
21305
11784
25334
18893
17232
20451
30024
16491
5884
28041
5268
13072
8631
10402
18352
2505
30116
11214
11145
22367
23995
19516
24168
10121
17191
27001
12404
32097
492
32645
15737
5653
28877
7980
21479
17375
8301
16531
19742
30007
5556
9234
15080
15431
884
13633
3655
27295
18253
9302
7026
5418
11726
10670
7962
5216
16860
10153
10481
21694
11096
7867
3949
2931
24828
10176
20681
9053
12678
26768
1358
30259
26649
14036
18128
9732
4064
23832
12667
10976
6900
13857
25040
26837
28800
4736
5098
25117
9763
7271
18438
22933
26773
11708
4162
31089
22414
19564
27557
21038
22755
16642
21088
17865
9970
31608
22355
13103
7745
14924
723
30196
3682
10199
19115
3655
4634
25051
19296
1318
12994
8027
9914
24782
23276
26799
11135
15734
23626
5591
10882
24124
3276
1808
7388
19040
16137
19365
32634
19120
6624
11016
2008
23363
4959
17441
5643
25962
4835
14054
2053
21988
32385
3116
21013
25425
14245
20412
173
6377
19193
4266
1896
31086
22409
15330
331
20063
28964
1284
17996
30575
517
20850
31248
20022
28595
22951
30713
29221
1829
29898
16480
4287
29738
17026
19231
32262
18440
9997
25427
12596
21347
19852
28768
31148
22369
9377
20533
48
21004
2364
9937
26708
27128
5042
18181
9779
15653
15120
6268
23648
5926
17070
7930
22048
21123
9735
1761
29142
26973
30407
23289
4030
31056
24870
18288
22750
16030
19061
3616
29242
19081
15862
4113
28744
30976
7153
4159
7843
27006
16132
5021
28675
32560
3003
601
10861
11350
7777
28258
9127
3307
2837
9000
8687
5256
25632
25251
13548
21382
31365
29590
6885
5987
3290
25877
1585
27238
22615
11077
22255
13958
16429
31075
7415
3977
32536
32007
30224
26729
5944
24234
7267
14331
29725
11110
14639
20690
29473
3070
20415
28770
17914
27934
21657
18785
25487
31972
17657
3443
31499
8606
21117
14853
7472
19926
30498
11385
4079
21900
1391
16772
53
10434
2288
981
1543
5950
2790
11768
11985
395
3901
889
507
6977
23998
17740
13246
8838
27526
17772
31286
12501
30903
24003
14520
2302
13933
20042
30053
1646
2292
18033
19711
4529
14904
7617
22780
15925
12412
32704
15321
30033
32079
3861
18353
21125
22716
17388
29454
5380
23746
2460
4095
19055
5380
24455
31083
5860
14016
322
10916
15927
5381
23031
30015
21119
9505
18183
18724
11221
10073
28147
17121
3416
18398
10620
29764
7029
19452
21001
6952
1893
8083
25930
14991
5110
22219
20763
18929
22415
30724
26027
28372
24430
8716
13021
29853
6197
25237
21742
30374
8101
20710
29785
28816
25513
16592
31991
10459
12950
8676
20587
10675
8369
24291
30653
15373
26354
20854
6213
6387
7943
7711
12235
17692
156
3184
23532
19136
986
12155
12479
17834
3373
29321
25273
30095
1611
24079
18382
19102
2162
10461
29657
8280
31728
27033
29758
6818
20713
31852
28366
22809
13653
28923
10219
29861
27720
5273
13292
31569
10870
27834
22467
24154
7158
13739
23772
1669
30534
14721
23625
694
16784
4944
17693
1215
10283
12957
8725
8310
4965
13077
25214
266
22144
23679
10834
2199
8442
24303
28069
3575
5394
7996
23359
11484
10119
10165
23179
23579
11427
4368
8368
15947
13944
30627
8445
24719
10346
20695
23690
23472
9197
13529
21788
2927
12944
28818
10058
20505
20795
29658
4062
3675
16564
28648
24702
24920
16232
14861
10124
13049
4201
18083
3914
11908
29619
20544
14402
16753
29619
32559
4837
7801
11274
9504
31858
30447
28046
24862
8985
24147
25489
16322
30049
3109
7783
11174
8391
28663
10018
16925
25511
19398
160
24609
13920
18570
14792
31629
4020
14604
29968
7309
18541
32504
2370
2898
25158
17971
8065
1546
13832
2670
29319
4879
19700
6908
4912
17246
26977
4320
22076
31052
678
27435
20304
1908
14394
17797
32063
15348
26
23817
2952
11225
5227
22358
19744
21207
25697
32738
21617
23358
3167
28562
19618
8745
6496
21128
30745
19448
7061
16445
30782
32001
19535
22991
17026
2691
19232
8860
26273
14299
13885
18191
2595
21499
8743
17850
15657
19223
13451
11941
3174
161
26214
27878
29804
1400
12652
20082
6697
32349
11435
15923
27825
20134
23660
25691
5182
23350
14682
8439
21108
31148
13030
5319
14314
24539
12521
11341
21223
10107
22667
24868
15209
14877
6245
9619
8300
14693
16354
11874
14952
14195
9707
3820
18204
21410
8899
23414
29322
3957
24879
17855
20803
28622
19163
26584
20452
15969
5113
12598
15329
32617
10795
10758
18817
28569
2723
192
15146
7766
17288
5631
3551
30755
9372
31376
20231
21853
25373
5065
32624
24872
13545
23068
10131
27817
9957
26092
282
630
12958
16030
22943
20042
22321
8180
4791
11518
14697
10646
25391
30900
3880
11506
15765
25942
23048
3398
32762
319
13633
26107
20727
11831
15054
27445
19950
9893
17355
14504
28306
25344
2082
685
16810
29575
24934
23957
26386
8754
13567
3901
27394
28904
18824
7906
26258
18418
2933
5943
2430
26800
1273
11957
28967
30858
3367
18995
28891
14378
29271
3510
12118
15080
9163
28554
15753
12934
7826
402
2714
8990
8621
25820
22827
4952
28017
7032
6623
3296
4652
11403
20250
280
4619
20127
24073
26122
23099
3133
28899
8096
22351
5822
20078
2327
10466
15198
19140
12977
14461
11922
13655
10154
14267
8604
26675
20590
18858
22108
23683
17673
23413
9577
26711
9183
28736
10848
2468
16541
25684
2684
25228
16239
27516
2407
19168
28788
20142
24656
6884
32623
11502
2878
4946
19391
17264
164
1697
31889
253
1845
10118
9556
26775
7673
8380
3693
1888
10913
23041
30252
440
25112
3681
24063
31654
8026
6070
14310
24697
7305
4976
2087
19887
16958
17554
20291
9493
285
22269
20520
2608
27052
26609
1704
20188
30309
30673
25130
4915
15369
10534
6304
7344
29752
28903
9657
10388
5695
7160
19031
15753
29233
19952
8259
16518
569
23839
5664
20722
26158
12240
26525
12300
15720
32459
26095
14218
21202
8478
9343
9088
20289
17693
24031
13188
26116
15016
9475
26384
12221
12972
13998
22824
10095
6124
32554
32572
32215
25858
10300
20303
14080
7072
17239
4441
17938
16668
25616
24554
7018
1068
16082
7185
22768
28654
8147
22652
8357
20523
20038
32736
12668
10972
12243
15004
18027
29421
16452
22425
27585
22594
12673
15476
16058
22776
18366
8415
19281
30701
17907
6468
31829
15490
32396
13484
20927
24479
23650
12768
20803
18936
30699
4045
25893
18319
3245
32045
7502
5242
25337
27492
1695
9959
469
18600
3205
23133
15674
9573
6350
24645
29824
18656
26043
6568
5398
31002
13910
15930
13686
31223
26885
29848
23640
1951
6240
16334
18470
20517
15936
26140
19121
12391
3352
13562
3362
14389
29577
18009
20531
14773
32304
11052
31903
26629
3011
7975
6102
18723
1884
10694
28918
32522
7444
20626
6647
11294
7380
16032
293
30410
32616
1370
16084
28776
16853
23169
27471
25441
2797
30579
4369
19605
20256
32170
3896
1021
26261
1158
54
22670
18810
13388
30922
9057
26264
4718
13103
5650
18474
25357
31379
18534
31471
17340
27338
18736
27518
25479
22596
13941
11738
31796
29756
8398
25414
28872
307
15886
12890
13645
11165
12069
1367
25555
23258
23876
696
8885
3687
12866
29705
16413
6998
12351
3836
9930
24059
11399
21690
4113
13289
12728
31607
5922
21021
19752
5705
4493
19320
19329
28474
20741
23411
10414
18332
12899
18702
14075
29340
7662
30217
16759
32282
23769
28247
11677
23992
26637
3024
24628
19505
5161
550
26996
22253
16071
26394
15466
18386
24834
2799
30110
24924
11061
13599
29938
8432
3588
6478
20173
31597
21665
6268
22649
18437
13384
8830
21450
19787
29964
19375
32257
9356
6102
27363
1519
26467
7595
21404
11614
23432
21549
129
6572
4329
19301
16907
6073
9724
22719
17794
22276
9811
19286
2088
24592
14193
13682
2740
18957
2012
28495
22785
29620
13427
14113
14856
17267
6146
4692
7180
13002
14612
21528
4372
10485
18952
27933
28574
26827
28519
26779
27538
5606
16501
14998
15221
5380
13830
17248
7647
19373
31635
11359
21295
790
22157
528
24445
29254
6129
12108
10448
13175
19485
15819
17809
10431
7394
32742
3904
5103
6618
1953
19814
26044
23292
3816
3275
2076
12653
13593
30440
10227
23193
13763
15775
16879
27011
31918
28458
30384
23129
15131
18002
27181
1100
25164
19169
12883
23967
10055
22105
6383
17917
29656
20710
13517
19215
26837
14994
7713
6990
21925
21688
16935
6934
18691
32699
6663
20476
7936
8439
18683
5730
12359
9464
26035
21833
1701
29162
29433
9318
15049
24145
19345
6263
24392
32763
1379
10711
7396
26418
4060
26960
25613
6710
4497
30513
22440
25834
18725
28833
21776
20685
30061
18227
15706
22828
2259
14011
25566
12182
11256
19807
17906
9361
21406
14833
28665
2187
28100
21628
13213
6419
27154
5404
4952
20041
8568
27923
1849
7315
24851
13850
32485
32402
7248
11253
17628
23381
2643
9290
9981
7372
12954
30899
2125
2687
11485
22290
16372
15487
6201
27685
27016
15005
3470
7258
2702
7131
4390
16100
12606
14880
18327
3854
28807
20016
29162
18383
23891
2010
29948
7583
28940
30324
28709
2698
30047
21892
10008
8323
23872
4544
17162
22010
12078
6713
12055
177
25784
20947
5089
29387
25408
13560
13946
28198
29183
1933
16004
25066
20809
7973
10134
9826
22290
7541
25058
11019
13490
12041
26133
19179
18917
8757
16511
15140
10518
27213
22388
18377
12509
25368
28914
21232
24262
26755
15235
18953
16212
5779
24165
1390
8005
17821
21737
17979
25112
5817
6425
18015
8653
9332
24989
3827
31724
11205
30432
2251
12232
16707
25454
31563
29189
26260
929
28028
6488
5161
14460
7519
2190
2856
16855
386
31184
938
956
2256
3877
2855
15122
3245
19512
10030
25976
10563
23900
4186
24692
28694
20429
6529
973
10463
7992
5934
15157
5271
15486
23378
25387
26322
29110
6454
27936
26958
18289
17844
3801
32204
20289
18343
276
29214
30588
3232
4462
23170
19517
21979
2948
26158
18860
20849
15705
25132
9087
21454
6904
24168
9665
17766
17754
10504
4818
6308
30857
5115
8880
23587
9478
14549
1908
15649
14440
11994
6944
3633
22855
26456
6807
9775
6744
9275
4589
11129
26841
15579
24033
8028
14896
9496
26280
15821
15567
27305
30701
1370
4186
7345
23061
31584
18700
20883
4295
125
16983
16136
25260
18760
1226
6255
3699
20288
17208
10084
20761
19971
13079
21139
8551
8385
17446
1742
17596
5103
31571
13918
8460
32576
29915
25239
28713
15313
20915
25520
14401
19107
5159
25297
11688
16207
12225
14956
25048
17141
20588
12497
25527
17270
7385
16637
13592
8931
30754
26035
14723
31541
1709
6863
569
19006
31316
2262
7027
6623
27074
3793
16107
30844
14112
7772
3997
21933
18930
7674
17103
5942
8251
17835
23119
31290
31464
10689
21500
5291
10603
26607
29319
2821
14503
10915
891
20028
2316
30357
18043
30194
4099
30368
22987
2798
18572
14802
20499
21962
5925
6079
21343
1515
9455
12058
31081
17591
30220
12934
11547
2305
16203
30633
20816
16072
16135
31874
219
5922
7500
22269
4042
5235
5948
17093
12780
9954
31153
16730
27280
27918
12068
99
10640
27900
25806
31301
14734
22869
2828
1268
25470
14030
13576
17162
27492
30183
7062
11030
19039
21720
18268
6454
18919
7624
9782
7912
25683
5441
4057
1309
3742
11489
32182
13455
20330
20050
31265
30805
18245
21116
2738
20148
3628
30968
6635
15417
2637
29640
9244
21764
9233
23366
11140
28775
31578
7771
14265
15024
522
17137
25674
6466
8132
2731
17058
5355
17142
20435
4911
15985
791
11924
6596
16750
14381
20073
4412
6494
11155
24533
609
7415
17913
8789
524
21433
24236
1683
6797
18885
4120
16604
25676
22002
13707
24532
4529
1566
30267
15208
29250
9666
395
20485
12555
4809
24714
23047
21059
21667
188
17781
13356
10645
23582
17899
5947
32339
25188
10967
29049
976
1925
17384
4393
22357
7033
27076
21163
28881
20289
32506
28064
19312
2857
32055
7503
31854
31306
25276
10312
11310
28498
5135
2886
9606
1672
1521
19290
28509
10506
17297
13126
9337
21849
9471
39
32146
20760
18915
16728
16811
10257
11375
28562
4258
7289
24722
32600
15365
27765
21359
29330
8743
4317
7949
11640
16243
22847
18000
4785
27137
2343
27944
10940
27495
23197
24840
23184
27858
2544
1434
28031
26965
20146
31153
30304
6784
26116
2175
19437
4917
4628
15112
9322
31927
13027
7638
5256
10756
23628
3822
30088
30053
3394
10244
30371
7235
27737
6379
23978
3388
11655
1615
15082
23670
1324
16550
5202
21043
19537
26468
19416
18342
14893
19566
17688
17926
22254
11218
3646
7136
2998
2997
4135
23729
29667
22669
2499
32436
21395
4496
23230
2809
22375
6507
24927
5047
392
32568
28592
25827
26600
21418
7135
8961
10187
24203
28644
19515
12933
18537
15460
20400
22405
3212
4821
12046
12178
18219
10980
24163
19797
13279
14099
22064
22296
28759
27815
3008
28109
22350
17089
17335
1362
1978
11467
29422
4595
27718
21525
8574
12081
22275
5312
1051
9153
1370
16860
16292
26328
8262
29901
2807
2726
3264
27635
8970
12320
8314
15498
17720
26627
3791
23502
9176
9494
8698
17251
2324
9135
5255
13557
7161
27256
7944
24860
31690
18547
3593
30082
9626
29756
29766
22087
22553
12431
19739
1700
27055
6665
9019
1231
17607
563
4005
7455
32366
31676
9428
30833
15132
31750
6710
27082
21969
13797
19424
16190
32100
4515
25216
6672
15384
26183
14227
4634
7537
22550
18904
10351
26182
91
22020
19776
4886
16996
26551
31996
4256
29133
30383
14523
25261
11777
25660
24029
11569
5885
27891
8430
21394
16215
25255
12237
8776
32639
17045
16142
13990
3654
31711
1692
6391
668
31292
29091
15565
8862
18669
1453
23446
9168
25075
17675
23920
16550
32127
4214
17471
18250
30122
19446
19708
1433
4710
19203
15184
13934
20916
18410
865
21540
24
27251
17900
29782
13642
8641
21140
4329
2351
21881
9337
25165
5383
12839
3341
12031
5352
5341
291
13395
15723
23069
15433
3184
6565
5112
11864
13724
1369
27512
26441
7866
5995
12604
30026
23824
4248
24930
26897
28494
8805
7850
29809
12748
8789
26839
22315
26644
32095
4697
3590
32672
32671
14634
30754
28645
17484
18166
26249
23440
25066
15486
18951
22287
9921
19518
29500
30803
31117
2125
6383
5076
12919
10118
6309
19158
68
9701
9586
20203
11725
17459
22800
32442
23471
10982
23342
16382
579
13379
4874
15058
20433
8645
5954
23083
14080
16578
20456
13734
16785
16972
32468
18564
31565
19030
8766
6642
2364
31255
25996
14990
16664
31156
5224
15144
21761
17689
17430
197
26482
16423
9988
6634
7028
22037
16035
30999
29970
10256
24438
14481
7692
3877
15209
19300
25296
30049
26211
16297
31653
18999
2334
30213
30250
5665
13879
29298
21247
29066
5505
10818
11202
25324
22943
29537
30013
26678
13266
30938
12765
12144
14863
22684
10342
17057
29525
20095
29414
10993
32317
4226
31208
20235
1491
16470
12265
4293
30884
5665
8464
28163
13848
10364
11033
10456
9730
30141
29075
15087
28278
4732
25163
6186
15323
8528
24072
1160
20288
30682
22904
332
18164
5381
2667
5468
21840
19595
30015
29927
23000
19388
28315
19530
4227
23419
25953
12853
19286
905
2269
1289
27191
29446
8003
14213
1281
21044
8280
20642
31700
24959
26735
8891
25007
2490
6039
32241
30016
16812
28947
25038
7162
27851
20234
29225
4969
5959
32384
13129
19650
13130
6021
20813
9919
15231
9644
30410
31145
24273
13503
30391
10678
6517
5553
19846
13206
24362
28628
15764
26441
15039
29260
2755
17715
1750
14788
6501
12658
9193
15968
29789
29039
20362
24050
32384
10163
239
22128
21314
16893
28333
17574
6798
3473
8644
31528
21493
26066
14812
17803
23819
12563
18126
27604
14094
8107
23398
2609
20425
24903
15720
4327
20920
17541
22224
140
16237
29886
19550
13942
24114
18978
23890
23923
13296
24587
28789
22202
7248
25995
29272
12066
14623
23623
26848
29842
16887
14729
24578
32697
30492
7568
5068
1535
15268
5419
31653
1979
6875
6534
6869
28326
15589
16963
14920
28816
3749
24012
28558
2641
8414
25576
5415
9987
664
30349
6142
18286
6854
25846
15923
15812
17701
25844
19229
20879
13927
30345
9360
24551
27537
9651
23899
19432
10402
7814
18709
21347
19061
18301
32026
7124
28648
22034
25296
2964
15934
4492
16175
17232
17602
14361
21376
19386
17325
14876
31588
19326
23114
16328
27673
22904
24664
11502
30969
16164
28336
5907
323
16214
23336
25030
27422
13611
11190
30001
20443
7999
17625
17133
15739
27424
22324
3355
12657
5379
20604
9136
12457
28598
21397
3088
8392
10454
31736
18143
18102
23874
28760
10259
3674
20943
2181
30030
32676
9278
2704
15980
1233
2155
17200
9303
26090
26054
32100
547
7566
26887
7514
11351
27378
24094
25232
14984
17702
26217
5433
3885
5018
24362
8930
4526
20448
3128
28245
20158
29875
23285
22206
29419
24121
20863
14860
21363
32645
32299
30362
31066
4448
31535
12303
25273
7753
23198
23427
28249
4026
3738
22243
9600
8365
8645
3990
22539
22879
21496
31840
16061
30804
28472
28295
6103
27803
26853
32309
29161
17747
9013
5662
6375
14958
25313
25186
22911
12981
19742
9909
3754
27404
463
16317
11650
8952
9721
21435
17235
29278
29303
30318
6644
11406
6895
17461
30296
29823
8452
14451
9568
26204
26573
17207
19187
31296
7046
25117
10065
1087
16774
16495
18084
30117
1137
8848
20185
17282
4271
8347
24493
5734
5405
29767
14603
10089
15362
24078
7061
28270
12356
25998
6017
1449
732
31023
15782
26207
1159
12550
26326
25325
26558
14585
1391
524
16105
9764
13613
8019
10960
15228
32066
29950
19794
25010
30889
29421
21593
22107
22711
1776
12557
22093
30195
14913
20296
18252
25383
18514
24906
9446
14007
4809
5039
13467
32306
5833
15774
17729
4135
18292
24898
32167
12346
29102
4222
32377
14710
3363
2524
23395
17125
7819
8647
12153
29278
3885
19451
20695
29087
7585
22841
26500
14748
19419
15679
27549
10262
28261
28919
20143
4974
16620
17647
21604
20668
9214
14345
24162
24604
26642
9844
12144
13128
18889
25818
27098
17004
883
7131
19735
25397
6101
30651
30378
5675
14890
87
10822
15938
30567
11614
25909
30379
1219
2749
16635
31472
22391
347
26934
21824
27074
6151
10440
18184
20785
16559
21048
8131
2589
1490
1878
30226
7285
11319
9246
30479
32190
7392
20703
16350
21591
11066
32669
30086
2
2966
22707
3839
2976
3548
23228
1421
27708
28798
12724
24396
12619
24492
2395
18443
2610
29895
24282
11357
17673
18967
5545
2798
10911
30400
21424
28692
23486
1778
26797
20390
5040
17505
17621
12561
29697
25333
17086
25000
15751
26050
18556
8508
6816
20538
1035
31981
24251
30625
18157
19519
24346
2242
17683
1137
18646
5601
15105
22026
6179
16624
16174
18612
5333
22022
17065
18765
30755
27148
1282
24124
8107
20922
32616
30209
29111
1218
2831
1040
22207
16714
18133
24544
27695
928
36
6719
21609
9769
8986
15592
18446
15771
30183
10327
19578
1388
9079
988
13197
28811
22866
29679
18609
12877
31936
2755
20248
21418
15152
10014
13638
10409
31194
13671
8656
14873
26788
1793
15715
30594
15426
13271
24071
17755
21410
14904
30629
15229
19591
20710
30151
10200
19316
8041
25248
10597
31435
20649
32588
30555
1334
13244
12633
10406
3910
24317
27013
3989
29786
2398
26569
32211
19139
3583
151
1176
29477
19967
18273
1312
14112
25746
16986
9565
15152
24915
2944
31977
18386
31964
730
3646
11753
31636
30206
24617
19039
13001
24791
19324
27919
25599
11173
20740
9955
25223
2629
3002
17209
14163
24755
4925
28812
14088
20685
25216
23632
15957
21850
5824
17949
2180
3658
6842
19984
21582
8767
4634
623
19188
22861
6454
28811
23947
21758
11516
15595
3223
2458
20265
1702
19932
23717
15037
6673
1137
3240
15531
13978
16150
17973
1236
27636
12487
2597
822
21109
6034
18724
9569
8892
1445
22640
2091
28822
16555
9181
29093
3363
11097
16669
10062
21556
27971
18494
29830
26872
19701
5492
30021
9688
28735
22553
30988
17311
30416
4850
4636
31710
8966
29108
9447
10895
1285
6086
3012
13048
23559
19529
8934
11218
8691
10070
20623
5803
30000
9350
23937
9865
21691
16056
12726
22992
25207
30990
18768
27493
8133
31033
30163
24340
22613
5879
16274
11567
12092
1241
31591
20856
582
30282
26791
16705
6029
26317
27477
3282
18762
26246
13974
12299
9196
4092
31589
22091
10855
2845
28552
5520
13519
16771
16579
25823
7461
10229
18507
20966
11889
16689
4733
14816
2576
15848
3792
2489
30544
24075
31753
18802
20794
30533
25774
30408
1711
17609
16316
29456
24759
25677
2460
2150
789
9302
26964
18950
23327
1975
13819
21498
28876
8788
28783
11766
19983
13100
1354
21888
28771
8087
27409
13139
30887
13259
28847
6
3373
19621
20514
23529
8718
20135
22901
7728
7104
3645
18926
8019
32746
3396
9096
692
10358
12748
6307
17283
11496
23069
24571
2270
30191
29177
1239
1341
12090
27937
1923
25870
2957
19227
25087
4252
3860
2097
17657
17717
21495
8125
8441
18828
32046
932
20444
16732
19351
11553
29315
25678
2374
10948
22220
7197
16156
20410
31169
19960
26779
26702
31248
21288
6648
6064
3772
25842
19570
17141
22033
32703
17635
11616
4317
378
18581
10720
7645
1850
5206
1497
18806
20001
18895
4391
17829
7044
18193
26465
24121
28747
7281
24154
15680
2971
5270
15854
21439
179
720
9467
15014
25620
19371
16301
8194
21477
23493
13055
5237
24469
220
24958
19683
4802
22827
27984
11375
10074
19703
7030
10918
8960
18021
31822
27129
25521
7054
32092
4721
24487
24277
18505
17566
7293
2425
4908
14545
8597
13414
17929
24203
27063
21329
6551
4148
6138
9731
4935
12048
29672
21493
641
15216
28893
26142
25393
15653
17584
4873
18818
4154
20885
4394
15081
27107
26434
25458
6246
10672
8017
21537
32263
19206
22758
4572
15277
2768
6033
8959
19218
5490
18806
9012
26379
20734
14507
32581
10251
6059
11233
9006
18921
30339
31303
20087
32483
17499
5803
704
29666
9480
21986
16542
27136
19664
29803
1701
2375
6175
8015
18118
20667
19323
1099
17884
18331
4026
11569
6529
21477
32371
10892
14374
23064
21170
20867
20323
2621
4592
4352
21643
32296
16706
8721
900
3324
31440
6030
16341
30701
30601
4348
3073
21578
24853
5297
2836
22202
11
21817
16507
25542
6757
26105
536
2455
5681
8978
20630
18177
13449
20616
2554
17345
30916
13476
10875
24067
4078
12694
3988
12584
19574
8799
29015
31173
2599
32494
1540
31471
3673
2953
986
18614
14441
5999
29997
7151
5734
3772
4793
4919
12813
25484
6198
1332
10744
4707
18221
18462
27410
17869
3081
4734
7758
23873
31089
22838
7833
23371
3541
20162
2829
32491
30535
26557
18791
3128
18829
2215
3259
2120
23156
16613
13414
27732
14439
14089
5957
5144
28479
10836
3876
27513
3933
11641
22649
8042
10998
32420
6739
22032
15791
8379
10893
12836
12906
6628
25159
9626
31583
31559
5782
22400
28782
5653
2427
8488
26547
457
26386
26249
15452
22446
8972
19939
14263
18337
19039
6818
4239
27160
7484
12165
29881
29539
1346
31743
20714
11314
15345
22750
19148
21336
13665
6186
8528
19662
9012
19536
26437
16891
9161
2687
19498
5938
29106
11347
26432
23165
10089
21681
14564
3993
27454
15346
22044
32065
6036
1859
29296
24496
13133
12107
15355
9313
20099
14863
15809
4889
6009
19475
15427
2087
15313
21698
16465
9194
27135
23056
17440
5013
1789
10078
13980
22319
27712
25502
18687
10462
16876
21175
15011
26980
18756
17963
5908
13802
11108
247
6762
2813
8242
4795
12246
6358
402
28186
15994
11486
7897
15972
14462
21617
25733
16498
8288
7394
11307
8914
30859
5312
18608
12581
20780
29272
8892
20164
26689
891
31084
1194
4082
19074
6983
9870
20261
27790
11124
21327
28749
21781
18218
21653
29314
12954
8039
8630
4311
12475
23269
2518
21480
4977
21578
18771
25010
6036
2206
3680
32680
15517
18947
12527
31491
23472
2720
8661
27481
12250
21471
21800
881
13207
15832
11244
25686
30615
31501
8431
9898
22209
19543
15602
3645
11129
28960
5641
7134
27166
26579
24133
29041
17623
4753
17807
15426
15504
5158
13015
6553
17215
31035
6255
10639
21356
460
26545
17439
8432
7901
26600
1152
18173
30825
29806
7858
5982
3996
26129
13144
28416
20802
11195
5573
13234
11390
22099
14425
24361
447
7134
13070
15175
32240
5610
6222
13213
13807
16172
3080
24622
5697
29800
20738
11637
31492
31889
16497
17834
1060
23602
24519
8002
31186
30732
2252
21685
21810
19200
22512
10627
16724
13104
21727
24697
10342
6754
2391
18224
8488
32165
31286
6872
20640
6198
14040
10803
5134
13732
29343
22756
1826
28467
23763
26602
14957
22654
10925
10088
11798
24417
1966
30119
25806
25366
24629
12125
8965
18078
14929
30000
11870
611
4308
27254
8545
31003
25769
20799
10097
5103
30823
10133
13565
27101
27173
10754
4090
30299
8081
24403
15504
9021
14396
4508
8723
10712
31288
22652
31798
3944
27877
6306
27771
16559
5640
7312
16366
4319
3357
10911
15635
8122
22767
15428
3613
27384
19301
14993
7008
3817
20383
25599
27145
31323
24129
16234
21261
6590
3087
16477
9823
15750
26299
144
3686
16337
5114
12975
18350
11594
26333
12893
222
30029
24415
21881
30442
25932
18491
25248
8585
29553
26368
20723
1002
7300
29286
13594
30114
22800
17123
32649
30698
28097
29050
28673
27399
6929
22740
25178
14345
28707
11409
22657
17080
17647
6880
26045
14284
8096
11341
24374
2908
2362
21979
30135
15257
5504
29011
7347
11196
8725
4059
25222
11069
4321
23242
7678
32070
438
30395
5402
29799
20276
7393
273
30347
21226
24218
5014
32043
13501
18246
24923
26049
18830
20569
21972
9856
17687
23471
5181
15170
17174
10272
27102
24258
27566
29781
13710
25611
14090
17369
26742
17456
5187
31347
1047
13374
30596
16820
14735
22383
4972
27852
3607
24992
16819
20130
10449
15877
24337
13859
11713
3612
7771
1241
18968
5343
5872
5056
21945
25150
4691
23126
11766
21196
23833
3058
11674
14265
7942
8022
26157
15104
32371
29831
32371
21473
4850
3293
23094
24466
27445
2390
28485
12850
10796
25391
27581
13310
32622
4790
4487
24263
32474
6234
27426
12196
7038
7172
15779
24804
18872
5802
23546
70
3226
14881
16246
13677
29331
2866
2444
19598
17740
25073
21204
22892
28881
17482
27476
1670
26097
20189
28673
25742
31719
8204
22915
19998
5434
31057
26681
13223
3041
2773
4477
25514
10411
7487
21033
9002
10718
3530
2649
10849
7454
20635
18035
22962
4241
27985
6501
15071
24385
10717
27694
8828
7362
22420
26272
1443
25620
30338
21860
22506
3530
8962
12606
1426
4460
396
11154
24065
5659
7373
25640
626
30323
27133
11308
11500
15286
26477
31353
25456
21542
2399
29975
27511
2226
26907
13313
4508
30165
27199
8492
6549
3004
19031
6598
27239
22951
20141
13499
19162
10385
1123
21118
16939
10515
18110
23046
28930
14470
32709
18199
30371
360
22283
28098
13928
31488
17097
5935
4463
3141
12079
23450
26768
22013
12284
23964
31378
26658
28749
19116
29342
26249
21682
17637
15091
24774
903
6666
26588
24906
18306
27591
20191
30670
136
11577
7736
17141
5829
6577
2182
15660
9211
2229
22723
20693
18202
17224
633
30630
22034
15980
563
26955
25061
24292
8754
7507
16640
10814
30562
9289
5067
2321
10893
7201
30591
32388
25037
17367
23352
30991
24135
29266
11083
8326
8726
29838
18137
17747
12934
5882
29604
21762
19075
24095
17442
30724
4433
12931
9168
15532
10621
973
32201
29566
11283
10025
12695
8361
25617
29934
19017
9938
24092
27007
11205
3859
8306
19823
10848
4676
7968
10472
16556
18297
16501
1613
22417
7115
1462
18462
21664
30556
11283
5660
25251
13205
23002
9646
10361
18098
11243
24964
25121
18561
14188
13434
4116
13414
21437
31679
12504
3235
16558
25654
14546
17110
31984
14108
15452
2499
24778
23020
23
29780
20749
1407
25474
1502
7754
30840
22988
6054
25666
10463
25831
14244
32158
14604
18142
25735
24545
13255
23912
19193
29594
21421
23485
26659
15582
22998
22184
13684
26613
14260
22238
16798
3668
4158
25998
23266
18379
21582
18233
11918
23552
32328
22724
452
10268
12541
17100
26492
3268
15823
30521
6092
30795
22037
11542
19560
24870
27585
20128
18021
17568
1344
3484
24898
32207
2209
4590
22312
2246
16890
30312
6769
1548
10503
2016
26728
4685
10773
31365
31055
18000
30238
2419
29095
29481
7734
13444
30891
28336
32293
4201
6174
1073
14934
23802
18758
23909
21744
21963
21305
30625
7746
28928
24151
31054
1124
98
24856
31641
1563
26802
18952
7275
19710
25405
2831
27804
13015
32176
27126
3684
13900
19502
14887
6162
8895
416
25524
3840
28530
25164
23451
3782
6639
17578
29001
28846
32679
5234
5468
1896
31449
3066
32173
17151
18101
6079
19086
20748
28354
6209
4432
3370
19837
30229
28681
21929
24131
15413
3731
6279
26224
11418
12504
11419
14793
781
15949
19220
7703
23098
25277
15650
4629
26374
11336
4595
31628
32290
19115
28897
189
6112
21442
23530
4351
17990
12619
30304
24745
20834
7148
9185
23602
28124
18296
5002
22167
16850
9326
2920
30461
11231
23234
2095
10648
125
25056
1327
6091
12686
23023
131
27537
5173
2642
3980
25115
14570
10613
6046
29115
2510
20934
32504
1792
9019
18433
27130
7459
6816
30385
22674
13729
10124
17140
14328
29482
25352
7806
15515
23482
4394
31456
6235
1542
10471
522
24824
13849
3625
14351
15050
11583
12833
27177
7091
12578
3551
3837
14931
3635
11040
31776
32122
6475
12135
5337
32739
29842
7503
22057
31775
7073
16415
25608
13519
31459
30111
31730
11542
5697
18986
28834
17742
766
6917
4894
4090
14559
13039
11507
29436
32400
5369
28610
26889
30019
27032
32251
30553
1946
16889
28905
11171
16327
9620
32751
13896
18674
7684
11537
29903
8154
13590
6837
145
14016
6432
28331
5557
4225
23444
26220
26207
5890
32212
159
11813
12496
16456
24546
6595
23048
26543
19142
22287
17525
27826
27931
24879
17145
18879
15983
23817
1070
23316
12753
6651
24652
1306
4827
2764
15950
5365
13295
19171
21584
3929
20928
951
18236
24991
20500
18055
28069
10520
13257
11851
14835
1185
32278
24042
4033
9335
19732
11949
2179
3149
25981
8948
27500
15260
2483
28968
23695
12347
16900
15088
1860
30511
31276
17576
18381
16324
6171
16655
6201
9437
28665
1343
17545
8328
14696
14563
10770
24021
27145
22180
1570
23785
6465
4324
6118
7502
20797
28335
6539
17037
28979
13550
21668
26367
1259
28638
21964
4320
13695
12481
908
32165
14175
21460
7295
14223
22935
25216
24755
10625
6741
26068
27219
9487
25765
15667
31107
3799
23424
19786
14220
9492
22021
6981
13625
5232
28934
10307
10369
20250
22982
8455
11621
23065
13825
13808
3612
1248
19757
12075
22126
16162
22272
4391
13918
231
4914
25929
30731
30944
3716
31458
3288
29943
14593
13406
30155
14635
12676
13502
2867
14491
27258
328
26510
25824
3049
27516
31145
1952
14002
22347
521
23136
3347
12676
32650
20634
9327
10895
20294
18448
17490
2397
952
4959
5808
10911
14114
4823
11629
54
23851
20362
290
9451
22477
19619
19743
22625
21358
762
27820
30535
11853
15077
7573
17362
28448
14416
19429
4715
3836
27920
19185
11941
6772
9588
8088
3185
28165
25373
16330
6549
4530
23056
27463
17242
30699
17418
425
1157
9139
32276
31141
3977
31234
9302
23950
26875
17000
8240
28954
1606
6900
23687
25705
17568
25428
5213
14403
19517
25405
28581
14242
13250
12302
25173
10864
30716
5552
444
9617
7122
1728
17430
7204
1144
22512
24158
5638
26086
19114
13411
12184
21385
10999
3870
18115
18744
1184
3395
31033
16489
13203
534
22525
9637
21383
13952
29733
16953
21219
16482
10463
28207
11484
25641
18098
7804
3806
13475
1030
9083
27950
25873
22247
11162
19149
381
7174
24148
14495
333
12032
9055
20428
26649
22499
27174
11111
26810
12783
1401
9550
16035
28569
28547
23121
12661
8150
2557
14742
30413
22677
11938
9019
26208
27277
9187
23102
13387
570
18907
19866
9636
23074
4997
31923
29525
25181
8237
31476
20266
340
2340
22199
16168
20937
14264
26469
17185
536
22371
18142
30853
14524
14403
31259
12411
8724
13770
3346
11312
2919
30135
9689
29551
12071
4933
21263
31091
5746
2722
6520
1017
13278
30882
1255
2201
7030
693
16481
29781
31744
31511
31103
4467
15746
5446
4884
32648
26884
16057
27408
29142
15766
28623
14244
10199
5781
2310
16295
21530
1835
4205
29241
25934
20245
25436
8614
26013
3241
12386
25997
25659
20503
19839
26689
7486
29679
16019
9071
21424
24291
23
20481
4578
4815
27147
3395
17412
11510
16175
836
24819
15246
15478
1152
5458
3200
15544
29371
9436
22889
17575
27440
30200
29924
2820
32235
31630
23819
20755
29812
28954
22331
8012
27565
7423
31000
14931
17661
3357
17105
25642
12974
421
11942
15782
25492
31276
22951
23583
4592
6399
10686
26476
31123
20663
5359
21518
31047
4109
28127
3500
25450
24559
22931
9664
16860
10195
21115
23183
4380
3147
23727
2654
13997
7129
20344
26339
14015
15877
22546
31994
27915
6318
6576
25753
19711
24478
3777
11526
27931
16993
3954
22855
24987
27734
8564
219
10838
19206
29951
26791
14310
3765
13079
10291
19465
6455
270
12054
14663
20229
23882
16047
17877
32400
14664
11286
13754
20949
29921
32338
16432
32306
7884
15565
29773
9848
7781
517
20706
9025
10924
9859
5028
9604
12945
6161
905
26470
6767
12584
14965
24403
29398
9384
12822
10574
3213
20939
6156
6789
3543
5212
11598
13097
27894
25892
13513
25212
29678
24230
13642
20780
12683
31244
4765
9695
31653
6240
16887
30735
26275
11263
7569
25880
22078
5707
7062
31631
2952
3489
27711
28886
21548
8075
17212
21741
16119
9014
20567
14475
31127
12326
11092
31086
15267
27944
14107
10479
25308
19336
16409
16601
9395
645
23011
6779
30987
24322
16412
23548
8767
15230
16026
20463
30311
13382
25796
23335
19927
27625
2110
1229
15081
29677
23241
17583
28413
11712
5988
3035
28861
14321
2743
15213
1958
15264
31410
32165
196
11828
12658
13629
12476
23372
12132
30457
22288
19191
18604
16767
18079
22567
12744
26473
30571
2915
16240
24473
26015
3517
24001
28620
25041
18436
667
25970
13956
570
8008
20670
18161
5960
21854
30201
2823
4337
29414
26907
3248
16389
31165
1948
19030
9431
13883
17544
8870
15344
10515
31442
11667
773
18554
14826
9886
18983
23692
16529
19541
9530
31467
6637
22810
4520
26025
4312
31014
9303
20840
28030
25038
21464
22207
12583
28164
13025
4832
17489
25632
12029
15224
19202
18657
10114
10711
4956
25518
28867
8529
21106
22562
6024
21732
9050
30920
30907
28699
31876
14115
356
10033
3913
21746
10968
4730
17863
15025
1836
22783
21229
5987
29168
28264
2258
11663
14618
26656
26955
29065
21057
11699
9404
23794
28684
2171
31534
7042
3049
22139
13218
29957
14338
25739
7589
6308
19821
13238
20773
11622
19106
11744
8323
19447
30259
3499
28905
17831
6583
32156
27870
23733
26887
12922
17688
20942
27054
1271
29585
27345
28314
20115
13533
22229
31768
3516
11194
4973
10239
5434
25321
14123
18986
19146
8508
17762
4396
14601
17393
28464
20288
30868
4926
26044
4991
13422
17709
8637
25430
19874
8874
17468
10294
25129
730
29850
9613
15117
4271
24532
2806
26063
3770
15622
30380
32007
3392
31534
31813
25674
18063
31795
925
31568
5522
294
5136
3158
15012
11207
24556
31170
25250
14667
9253
28422
9284
23132
12363
6342
26541
19554
10938
10301
27712
6145
25873
9693
24758
6370
21733
22325
16749
12983
1206
15384
28931
22393
4385
26364
16164
17140
1624
13472
20896
3974
12752
9970
9153
2084
15417
26415
4059
23453
8115
13132
5924
5411
20031
14997
23494
32263
7283
11668
307
19652
17523
1332
26297
17727
5404
17702
28758
11853
8578
15748
20941
16502
1181
4020
4089
29177
3391
31376
11362
17423
26185
12739
12046
30068
3871
17526
666
15908
14425
22317
22153
30818
22716
13547
31707
23295
3688
31645
28641
10457
8274
26549
2385
31138
13301
790
31638
32739
2885
15152
9321
28736
24293
8812
22437
28157
10393
24778
7511
8385
29182
6088
5653
22426
31609
15751
31122
23874
20333
13097
25455
24993
5553
6781
25171
7314
15169
11998
32061
3562
16947
9560
8985
32439
19949
22541
14482
10181
16278
16599
14376
8551
30410
1839
6274
115
2706
9550
27909
17551
3731
26769
29861
31659
14469
20770
2811
16079
31207
5333
12184
27671
25073
18768
6042
16892
23499
31087
32125
16340
7420
10727
9011
28572
22565
4393
14966
31990
2031
1673
10077
15726
26178
27807
20781
3585
25528
6893
30066
10720
13137
2755
12623
24177
15976
19296
13587
16535
5349
346
22028
18227
11701
30016
29344
28395
2935
30077
23705
19242
6520
3967
15809
10343
21730
25625
10927
9131
5680
6950
22496
23373
3813
14960
9482
7424
20350
25552
29356
13585
27045
16022
30186
17129
679
4138
32408
14041
27176
18420
25493
23831
2326
634
2394
6659
15579
18376
14034
15279
29399
2325
11373
1183
6157
8611
12656
21453
12572
24295
2959
3568
11890
21482
5309
11262
20668
31727
25411
4848
12704
28758
14351
6341
17583
13760
10063
23241
25749
25716
12095
18711
16531
12290
12607
2909
15920
4646
297
8927
9003
7406
32481
28095
7091
14367
28206
28539
28890
19926
200
695
840
10859
18098
22589
24108
5018
30921
26434
30329
23269
20894
13035
27214
28468
26753
2319
21685
12735
17118
7743
2449
4653
4045
11011
19922
13821
16868
28263
24555
12070
31567
14774
25734
1530
35
27014
2934
6736
8944
28660
237
8162
24470
21553
32495
14836
6233
19262
4870
31287
10551
19955
27704
18156
17784
20550
17718
27724
21384
32202
16086
23848
15106
8054
16067
26317
22797
3752
9843
23594
3819
22889
30298
31797
7887
31731
12638
6026
19183
21361
5258
14677
27355
11781
30470
22387
27405
7183
26183
19924
27329
26285
21123
10532
27655
20350
24424
1194
18966
32172
11533
32624
27107
15401
11561
3236
22770
27960
22659
9022
20076
22320
22697
4323
17011
11900
31205
29705
4018
231
31085
8541
21304
26135
986
30817
32390
6486
30683
27482
20454
24729
16683
15977
9471
25786
24512
16888
23463
24329
28486
3159
13560
16387
17099
30375
28326
13153
26812
24824
1679
9557
11024
430
23700
11536
24515
17449
9896
135
7558
31397
27430
21879
10421
26462
30056
21414
11401
24824
30869
31853
5263
5663
21690
11123
6744
13419
12829
5307
23410
30342
26318
25569
2968
23952
23166
24736
5926
6594
23700
15512
18896
26194
8318
28238
19858
23703
21573
15733
5610
622
1381
25708
2886
6108
18395
27399
2744
26613
21375
7826
3569
8444
2964
19219
3949
30667
9374
6608
32491
6773
23667
14609
23072
13867
30869
12583
15788
5212
32447
2733
589
4896
23486
10766
14931
31959
27778
1096
9044
781
7541
4335
24608
24738
5132
7540
3831
26407
5787
26023
4090
31626
9837
5499
4064
17910
20
6153
10986
6389
30206
22488
15385
21464
22857
21596
11422
17496
25816
12476
22418
19325
24231
8153
21991
18879
25435
20875
18079
5740
4126
17709
26427
1609
32425
9565
4215
17788
18338
4349
27444
2217
32553
30077
29110
22876
24494
24157
4367
423
5893
24045
32475
23308
27068
29528
5934
1180
8364
4576
22219
17505
29902
11627
17815
6138
27984
28735
25933
14469
25576
32266
30834
5570
9065
26661
13708
3188
21652
14105
14991
23563
11568
11619
21656
8065
5469
10100
28637
19842
14117
15612
17380
975
11348
1896
4084
8676
16009
12713
31690
30425
28046
13624
28812
1670
12261
26711
32259
10730
8611
16793
8196
3790
5506
29860
30767
23205
15409
19510
20445
29879
21998
25958
30291
15230
8791
12333
20284
10576
637
22820
9558
11327
315
143
5483
13630
13766
25243
9603
17029
13444
21732
23640
26934
546
15674
27914
8768
15585
26021
19220
24195
28720
20902
14975
9782
18048
30912
12373
18310
3412
2615
5977
22656
16279
7704
19701
4145
2611
30585
27252
15116
32479
15362
11889
20108
26936
17581
6799
24602
31252
27593
6507
816
15635
31813
16591
21183
3191
9771
1065
10702
30517
7275
27451
20324
19787
16346
8467
6569
18005
31610
28478
19528
30299
13820
31033
13847
1262
31875
19496
20986
23155
19115
5834
28421
14270
5066
7597
9184
27619
29046
16286
4464
7240
6983
7780
14515
21247
3037
16302
26604
18259
30501
14921
769
5281
30169
17302
11041
21354
2630
12604
2473
18597
25170
17178
16969
8026
31421
18816
20579
24684
1959
31646
21427
7351
18003
4668
4149
32090
7210
31404
9539
11862
9987
13821
16382
22361
8865
14450
19696
5844
18301
23858
27888
13139
1734
16961
12613
30478
18343
8367
25358
27067
2504
29968
23009
23719
4375
3116
9650
32005
32456
18423
4086
24710
31642
12483
14345
16426
22365
9908
20173
21845
16817
18292
13717
3365
16
23593
1089
1539
17679
25508
15018
2936
3296
3291
8512
1090
8988
13722
7409
1704
13759
16757
31309
1802
6517
23809
29672
21692
8980
324
30720
22805
14953
19305
29024
19650
2615
31928
6020
22368
29053
14022
2558
19787
6648
18409
15129
32688
22505
7151
28091
21226
14104
9488
19088
3851
22809
20768
20580
7864
2254
24330
9169
12347
10029
10361
539
27859
21827
13272
23384
14926
32633
8829
22484
15066
11799
20257
19635
32537
16134
12436
25560
7795
27866
21678
31494
10672
18192
1929
32325
11206
32659
31469
16776
11503
12677
524
7564
27647
1341
13680
21507
16885
21900
4913
32498
25552
14917
28523
3928
30372
7164
18671
7952
10732
13581
22073
6648
19490
9185
24227
595
3469
29292
13272
21612
25947
14074
24458
19837
19695
12844
22888
6606
17788
3645
22858
11809
23507
9098
6575
20558
7801
26194
7786
4907
14845
25018
21400
18862
12168
25620
6357
13654
22966
16480
3248
29638
13220
18707
11356
28596
5707
26648
7080
22785
24588
30741
10544
26665
14987
17135
25301
28894
29377
18832
20076
2032
5965
14568
6835
16496
20747
12337
23689
17429
10728
15480
11358
19166
13813
11609
14312
13817
21178
9994
7191
20964
28876
5531
6988
978
7074
25979
966
26192
13220
9535
23132
6440
3717
29855
7538
18566
29139
25793
13350
12121
7116
11707
24010
6396
20084
23891
13719
9750
4324
25352
7839
22719
6885
7511
11268
11236
7869
19511
22888
14828
25929
3302
10148
13979
28748
17127
29117
16439
5895
4684
3604
19434
20746
20273
4060
12648
9033
1673
15569
6609
25458
1053
2855
21977
17790
31185
15297
24358
26503
11305
25764
2298
20441
18445
32683
9233
4427
17865
20860
6605
2512
32088
15546
17040
28489
20450
21885
31593
7837
2691
18687
16116
24844
26190
28056
17787
7104
18834
3820
28769
7589
11867
19043
1217
32635
21052
4057
31058
18986
4940
6807
23438
22357
7791
30338
4115
8241
21207
26003
29257
28312
32458
14727
5957
9305
22949
30168
14317
3283
24353
19947
1629
27842
28629
21387
29322
17496
23292
27030
8741
30608
13689
20214
8131
20671
8728
21971
1338
4459
28439
6919
9550
1377
11493
20947
30861
19458
8745
30672
20855
19422
16646
1320
7138
1156
413
27909
11165
12951
17876
586
24148
31269
10838
5250
5299
2869
26844
22805
18126
29855
12202
29890
14273
6433
4700
14665
3219
31406
30690
27496
19041
20489
10698
9481
32696
6291
26813
10170
7490
8802
10829
13149
16805
13970
25582
13601
31912
24544
1857
25265
19864
32628
5017
5547
24810
9215
24760
31571
20769
22278
1753
27785
28402
21630
2036
504
21670
24728
7741
14481
18625
12254
21485
14904
13281
5503
18502
7868
11752
27623
17873
14605
26205
27539
3563
17577
27664
25636
32127
1880
6141
2994
28437
15129
8051
22626
32268
21596
4470
6203
3875
30833
17249
15157
16959
14401
28880
915
12648
25404
4796
4211
8468
1682
12776
30372
1448
27814
14460
23479
572
12480
1776
18265
17566
15105
20524
7904
25242
14493
238
32547
7289
25668
13931
26767
10440
13025
2105
29047
27995
14471
10604
29356
18833
22952
9472
25166
21976
7305
14711
20705
15476
12018
6082
15523
3965
29738
2405
12061
16423
12067
16855
22777
6983
7409
24359
8211
28434
4992
24037
21459
15911
30855
1088
31673
9168
9400
2156
29753
19844
1850
30279
19914
11697
7512
6203
8762
19385
4731
26470
21572
21818
7253
18168
28004
21651
26464
3805
3562
12452
10119
10653
9038
22997
8482
18816
22723
18521
15912
30965
30222
12212
928
2612
8345
2938
31577
10787
12995
26970
26075
6774
7547
5212
18589
22299
2061
1383
11385
10965
8763
15622
8284
30503
23696
27243
21570
13171
31473
949
24674
26467
13685
13166
3237
9352
23415
16216
11357
17217
11497
19561
25140
26335
24042
9236
24674
3334
30875
24266
31012
11350
4399
6081
4969
9803
66
3572
22478
4194
5996
22123
10700
6270
1045
956
16688
2185
21643
26322
30668
11614
21329
19693
8045
9447
11451
24298
29709
22402
4791
1477
32329
8362
21230
30812
31253
27347
4876
22133
5550
17045
10075
29955
7376
9485
14231
16293
25642
3457
9726
21360
2319
1602
27814
14062
22894
16599
25875
21350
30724
31063
11785
4958
4304
10519
9119
19039
12743
19589
7573
18936
7114
16468
26599
18437
8149
31194
10658
31282
23673
7862
11767
2746
28556
16309
17294
19061
28703
15095
9757
17425
17584
2381
9784
5279
10657
31462
875
11602
31721
10027
11398
25220
7178
5095
23096
27642
32067
22443
14303
14953
13574
15217
3743
17977
7852
8063
9905
15240
26472
10126
21246
10098
5753
29228
23277
2704
26020
24415
13945
29886
32226
10891
20614
3618
27734
23445
17269
12650
25473
21321
17398
31572
7353
30457
11805
29556
28119
16231
26809
12850
26417
12006
4833
10258
3528
29371
12239
27192
1474
13257
17650
10283
16666
23150
7742
11993
1686
18856
11463
7387
25849
21884
13198
11259
26234
30872
13978
13299
6262
3383
24651
19064
15202
3397
20716
9335
12035
7619
3207
7327
28385
26990
31485
799
13049
3739
11861
6833
2226
9318
25429
26327
30738
6923
28751
12132
2354
31636
5694
23871
15855
19125
26642
5220
21475
4852
15431
12075
25236
23052
23740
32461
10730
1428
26819
29988
9447
29404
7540
7090
13458
17944
30792
31717
30516
13504
26595
23705
8135
20278
32560
30943
25004
3498
24243
5117
17564
9275
18459
3766
29921
25182
4119
25035
25542
8580
25195
8641
19532
1783
3139
28645
28702
7429
16583
31886
8391
1889
3055
32418
26915
22214
26521
17499
27411
16349
9945
16715
17781
14689
11152
15774
5716
17793
6720
2720
27995
27270
30
24703
17040
7861
8041
18769
17727
11127
22011
15704
5939
19383
21022
21637
18476
2444
2464
12604
9614
7960
10026
2135
12887
24240
25037
27245
23379
26172
29406
12884
15251
8673
7684
15588
1307
25054
32655
19966
25051
1972
5387
18125
24801
3722
13333
4428
17356
29391
25454
25865
16516
15649
19022
18728
2856
13422
10747
30634
15432
31577
5529
1520
26453
7391
23620
30330
30037
19514
22876
6133
6107
23557
7968
21877
26679
12450
12159
23551
1770
12761
14122
14666
20317
32705
32494
22470
29650
28388
1857
31710
5530
3998
539
9850
11656
17606
7943
201
22695
11664
23929
13629
23848
26290
22882
22999
31646
26310
17922
20388
24686
31216
2813
15240
18816
8384
14258
31802
13371
22106
16584
16784
10161
468
15369
10493
28438
5855
3700
856
22647
10666
16525
10206
19368
31235
27896
30843
19839
14784
32070
31557
17215
4701
10511
11593
2647
11750
27457
29323
14413
18199
25015
18248
5877
1219
19214
5758
12518
9330
5812
22959
558
14414
15169
26081
8517
31808
18187
2537
29760
1622
24308
25065
17991
22120
8071
1048
20809
2299
5188
27329
4078
12645
14647
16271
27598
7986
15056
27655
7136
4807
26606
4950
18229
9541
2621
22861
16358
26544
6338
6826
27211
32081
30900
31385
9325
13656
16526
27002
16830
26566
12642
2277
28424
6538
23152
4331
4772
11242
6903
6815
31980
6949
30283
29654
31986
4183
28200
24618
11635
19100
22342
27461
3590
9080
23597
12380
15513
12919
8779
15097
25374
21520
17732
25854
11650
6095
7305
21991
23519
22964
32556
1871
17650
2774
31219
29365
23759
27979
11179
19585
5075
18252
15294
28738
8667
20885
7944
25146
4531
25867
7911
2588
8402
11169
22161
2836
18244
22652
6827
23816
31719
11094
32535
2846
2266
17184
28429
15230
1075
1003
2925
25689
16624
5128
17235
21034
19505
13422
23276
25403
19108
30813
21641
7275
19008
8257
28658
31536
23606
7129
13309
10456
2852
30616
13919
29460
396
14668
5569
11702
29830
28669
23063
25018
9905
31512
12077
28035
5999
19661
11650
31336
12882
11189
9562
27503
4817
14264
8207
10584
12352
13870
2984
28638
1535
26948
17580
57
3057
30369
29241
23783
4911
8522
26704
29356
23294
23235
1139
21208
29183
28536
14450
25288
14246
21083
14210
9391
4589
19405
31119
32151
11082
4034
2259
7330
19678
32544
19880
26518
10479
6249
19610
4248
10648
23450
2753
14648
6079
9555
3150
18094
11848
17719
8547
19299
28040
21398
29992
10676
17149
2634
4891
21490
22844
9438
22183
19885
9258
3062
30969
21042
32111
20458
12559
17490
25896
14005
6673
19301
15068
24846
21477
16783
690
19156
4606
22338
2785
10927
3188
4100
1383
29941
1882
31859
27134
1482
25676
21894
13388
13964
29255
23829
21082
25198
28605
10140
22343
7778
29417
13116
17982
10301
11361
28674
2469
20757
14314
7532
27287
26350
28559
8489
7317
24982
29941
15137
12664
22222
25833
15029
2474
31146
26939
6472
5270
10555
7375
7678
30045
21099
30193
28355
24523
10535
10985
12944
16777
31940
17615
10473
2964
11163
21665
23211
12269
31223
32403
18436
10131
20530
20390
14275
5294
9242
4476
3026
21773
4505
4203
16128
6354
26262
2000
28676
20844
9750
10406
7615
3270
18087
28247
30914
4286
12286
13777
28176
19161
15327
19165
20261
26677
15933
24492
15159
10687
22691
8883
11707
18597
7378
26298
22059
32527
17068
4399
7431
2314
30032
17087
31258
12740
31623
28200
32766
16639
16223
20808
16610
23744
30997
1146
28811
13127
312
5155
26521
324
3596
22664
27660
18504
24621
32739
25350
18810
8820
32437
20434
6283
286
23133
17446
23276
15403
490
9637
1854
14597
10542
27816
14602
22370
23059
16446
27826
3435
12339
4978
14247
3870
29346
10188
20701
1265
14
6426
32124
5560
16651
22127
13785
18376
5288
11373
5796
32093
27462
17600
29283
4153
938
16107
5918
20622
32336
17991
7260
27422
15106
18760
19791
31393
13482
13827
844
18535
20325
24557
1150
62
19672
29414
15066
23446
23239
6006
22357
2019
28643
11350
13653
19523
27364
14642
4710
12897
10200
32429
28207
13977
32699
18342
9892
17245
26183
24505
9341
31703
6669
21257
11238
6607
6853
23357
9592
25296
23011
7625
29544
30854
22891
8047
9982
2155
11525
4357
10825
7843
4436
22904
12818
8227
3460
273
3086
12313
21282
25079
7511
1160
20529
16886
9501
28211
10106
14718
6041
6077
803
3055
9539
16398
30083
21779
16965
29689
23605
12268
16943
2843
31083
15025
23532
27654
14213
7187
10741
23455
19171
28100
31428
23492
9719
12346
1420
23858
29598
11185
22311
18598
2992
25199
2896
9027
5589
30795
9746
21044
20123
13168
8576
16786
8902
31327
935
29320
5352
29491
4289
13493
8497
10281
28076
3793
4999
21855
18074
6804
985
17372
19977
22483
27825
21969
10230
15085
4105
10270
5453
31333
7776
27928
29605
24528
21517
25738
25898
8178
210
5370
13530
32292
11700
10797
19189
16120
21770
7405
17838
11808
24789
2057
2599
15244
25423
20126
24988
29651
15815
30613
30431
22484
10667
25197
18436
22429
22503
14650
24669
29836
6765
17390
28329
20147
19477
216
2952
8577
27304
9834
17458
29599
5943
29247
15721
32281
28850
26973
684
3774
31926
28087
21934
27081
4773
19702
4614
28353
31996
11384
31016
1181
17633
30361
31380
4396
23548
11570
19533
32692
6280
17760
26509
6874
14250
28807
15799
15809
23041
30358
14733
8310
11902
1420
24739
17292
16246
6715
10515
16131
5621
26187
22387
30831
10070
22403
30980
1109
16656
9284
20012
14041
26323
342
14631
10134
22228
25832
1273
11470
10341
31441
6311
4547
14536
11804
27302
3172
23109
27588
18580
13868
31098
700
18214
3144
11507
17714
28258
15096
25338
20245
30222
14391
8624
5589
9832
29086
3421
9578
12567
4486
10501
11927
5730
8045
1340
19056
27296
32667
20794
5914
4079
5636
562
4562
14377
4209
1248
21040
17172
7131
11618
2733
19673
2327
22856
29284
184
9401
30702
31765
1017
17970
27914
32367
3366
23099
385
12687
31607
27767
22143
9668
654
29779
3782
6037
15972
26930
8774
17669
17284
25031
4078
10261
32631
17089
25027
14987
32127
16558
14127
9970
25480
14617
18843
2786
15195
9974
8000
11905
23573
13889
24633
21834
2007
15073
477
3085
4544
3794
15437
6199
8216
7043
32329
27732
24270
4733
21320
17874
13861
6470
28615
22536
22954
27781
22497
10359
17257
15974
21536
79
28512
21568
10387
5941
27444
10102
16928
23363
3619
3483
19996
31312
27962
11225
28697
4210
24520
14739
2559
8130
10258
22089
19039
13663
5192
30396
29955
24502
11192
11603
6602
23040
15426
20926
11699
4363
23564
19417
14903
25918
13175
1491
5852
19928
9041
18831
24839
16760
6988
3402
9745
2018
13486
29567
29598
22784
25931
519
16938
27943
24240
21637
28133
25244
28066
19969
12737
7255
28103
3539
22729
32262
9634
11203
6580
10581
7877
32622
20666
8301
20033
30444
2982
29114
8546
16559
7213
20722
17049
19630
9342
16723
10938
26819
21018
13612
21095
31826
15078
18078
6092
10028
4222
28068
11406
18355
7629
22353
8189
11326
17115
16985
22929
29631
25317
1235
6036
24995
30899
7997
17948
10489
17702
193
16956
29399
19473
24758
23931
9209
4937
20842
13701
9644
22528
28703
13345
13802
11854
22099
19299
711
16145
12357
16931
5388
6135
7348
9390
20001
16857
14826
11706
32048
4427
1017
15264
20359
25969
26693
9669
8254
18708
12866
1625
27418
10740
13695
19525
26290
6752
22756
10590
2512
20741
26424
12511
26
23300
18661
14870
20978
13383
2816
23389
17306
14868
22404
4428
12188
11234
17118
26157
24681
11884
4783
11696
11584
1285
25037
10465
24145
29995
17803
9814
7203
2142
22586
29357
28211
8243
19695
11574
3294
4260
28807
21740
2688
13482
15337
8618
6110
12558
23435
32155
26561
22907
20536
13043
30180
27609
3344
8668
13584
5590
14032
4787
26758
30917
26707
30837
11421
8108
8281
14196
29356
7064
15496
17487
29738
14900
9648
12064
24852
2714
4435
28407
19855
9321
31845
392
8911
25880
17232
13088
5943
6026
31547
8926
29122
14818
28812
22303
7329
21912
28331
30266
19238
7629
13577
30574
14048
18395
15714
24600
14344
21041
14143
24873
15643
11614
23742
26840
26057
31595
1173
31892
17678
22894
5461
28477
3743
26460
15852
18323
13191
543
5998
27375
12818
25576
5141
24625
7402
7879
24454
16121
7552
9593
5205
7962
30125
22145
27340
7243
17562
15738
17640
16928
4829
32427
15269
29753
27108
8412
4475
9914
31383
10600
11817
31482
5945
16020
1969
5248
1167
17439
7332
14891
26181
9754
25503
6064
19085
17914
21526
13130
6409
15852
27728
27564
26859
28264
22707
4667
603
2569
8258
30074
3865
5020
31332
28613
15971
631
12775
20035
24601
268
14660
9238
15135
31165
21541
24020
8963
26098
31268
10555
4319
4969
22230
1312
17281
21454
2824
3497
10954
19084
4936
22716
8788
19682
30632
30391
16215
2105
10430
27490
13774
25269
11759
13090
6357
18954
2286
10351
31318
25745
29311
23943
11748
22683
21633
15972
13031
7685
9515
3820
2554
3596
1942
6505
31121
9571
21883
8504
1503
11395
30271
28101
8183
14915
10028
439
20529
17576
6402
21095
24527
13310
1710
5015
17888
11303
10585
27489
23397
52
11684
8813
6835
1074
3634
9319
28184
12614
30568
25776
20929
20477
6256
31572
19675
7389
1412
3645
1529
6976
3945
23206
30390
2658
13369
29394
667
12472
3430
1021
30019
29059
24316
14483
11196
24742
11302
2720
27953
18612
29940
6791
14022
22350
347
24056
32452
25516
23934
15132
13046
889
27435
25618
30291
25060
11433
1695
25052
3316
11441
9249
19656
11547
10170
9669
24543
23311
23162
250
30756
2005
6569
38
7350
11038
5896
919
3064
11223
30626
20156
9200
14076
8017
13717
10733
30893
21893
15976
13677
27523
10049
2998
16957
12836
10854
8813
11746
12053
1588
24671
9272
20176
25870
14067
16217
14359
13181
32282
24256
22151
20600
29573
31151
29552
4835
14870
28877
20708
18517
28052
8980
31502
4382
7842
18922
17349
15753
19186
24718
7265
4190
9654
6838
16846
2731
17495
11895
28383
9412
874
30052
2276
6281
14304
10490
31358
8423
124
15932
12466
21154
19339
9370
28221
29265
25807
27671
26919
27562
8124
5803
26267
19967
29159
6374
18678
29193
4539
19927
17438
11493
28013
25132
11285
13404
3635
31386
4558
6247
15281
6528
8767
30194
29620
1991
31671
18145
2595
17676
28018
29521
1331
17153
21867
2080
2521
28688
4209
13999
27781
21826
12413
486
14861
19296
27971
15481
19687
2904
775
15466
17052
7649
29618
26576
25977
28258
24101
32470
24200
1296
24525
18182
17343
11351
13431
31688
22134
1404
2150
10277
1567
20608
12451
19921
2865
27463
15765
32105
11877
19450
7121
17401
4133
31401
14131
4545
1089
20021
21550
32313
21989
28781
4960
3410
1992
28023
21354
23039
25765
21106
25854
18932
29679
8025
17722
11949
9921
4138
21044
30643
20756
328
11734
23067
17204
29470
17132
4431
6005
28934
8315
7441
2081
24425
8020
8380
25014
29991
1514
18381
25934
25657
7777
21411
12127
30101
29415
13955
30372
7249
9287
24543
14171
17420
3771
7640
7857
24202
12546
14337
19067
29854
2483
10086
12582
15949
24273
4045
17905
1584
9119
24123
11609
23578
28854
12474
5589
23291
16980
27482
2244
1540
28919
7798
18340
268
6187
8760
2436
10291
24480
2911
11452
19141
23167
23872
12507
3425
28926
7435
3297
14170
2099
10832
13743
28509
23589
194
26811
11092
16425
18234
3848
22411
14700
20479
19542
30993
10188
28228
3734
20322
28908
17650
12704
14658
24967
29352
2856
24812
14596
16128
29422
29548
4939
11541
6966
26442
9432
5954
19832
5736
32013
14380
24408
12077
17101
17666
29656
16611
8006
32003
23757
26462
19214
21057
12432
23007
29042
4005
26613
24888
24075
8244
6273
31024
10386
23440
7895
8488
21236
31682
19828
8191
3497
8246
29596
16180
5698
519
20628
16714
25666
15742
18194
6001
6191
21717
25842
6754
24809
20544
4906
19083
19258
7982
512
23404
12205
7883
9595
3649
12964
27082
22039
8161
2725
21859
27068
19942
245
16279
22769
14094
24680
4795
17486
6881
18039
8756
28207
15508
2707
17536
31920
27950
12217
20086
6101
233
5191
21454
14344
13275
21518
20707
14537
16853
4264
8632
929
13708
5131
27193
26455
13046
351
21444
28519
16631
2061
17384
20400
22077
19737
28781
14445
11625
32433
29844
9830
9327
17926
19359
872
11071
2906
21652
10994
1445
16474
17215
10033
25709
9391
8822
14894
6604
14544
19361
1863
27899
21274
30585
28892
20773
2850
19471
32330
899
28490
3088
24093
21702
14482
19272
22657
8629
28849
19558
17914
16151
15973
27647
24149
23763
19463
15573
29663
9302
31842
14680
28372
5685
25029
11885
7450
27411
11095
17263
10799
31686
31915
17267
21345
29877
25492
3025
11325
22660
24635
17376
1865
5620
13166
16896
22262
13572
26427
16862
6864
24413
17854
20467
11512
18412
12855
3662
980
13777
6239
13972
15365
13944
26109
32069
32409
15109
17076
14912
6018
9462
31263
31370
20551
1539
19488
24395
25338
5961
6004
28185
6506
11176
4747
13945
27801
8554
1687
28835
14449
5925
16612
31110
22450
26594
11879
20492
15407
12926
21913
30623
22330
28753
8838
25580
26205
24334
14624
20967
30795
16874
16858
12815
15893
15873
25714
2035
31905
22005
25870
25333
12889
18648
6027
21582
17696
22604
7442
1618
19594
14824
8172
22773
19532
14302
407
10127
29425
17627
12057
7132
12495
1839
3988
12871
15162
7982
16667
21352
20471
11478
6084
9931
19699
22706
4862
755
28725
25597
15653
7838
21522
1035
10580
26443
31648
3301
891
8442
877
12084
26289
13107
19056
19808
28107
18249
10047
11256
12845
7136
32131
341
11488
12717
18345
10362
11749
13693
26843
31551
24009
19321
23343
6063
32122
8104
3614
5294
22617
24501
2359
27103
7312
499
10004
3780
3494
32158
31886
5415
17745
22628
16429
17081
30347
11555
17890
28154
26343
4085
25337
8792
4646
29546
20041
20379
11269
29460
20654
2176
29786
10057
22969
5284
4447
26148
19621
22948
25678
5581
6541
24451
3118
29690
30429
29772
2796
30390
20231
13048
16557
10850
13943
29073
12643
12537
32200
23192
18590
18072
13368
13733
4006
28477
11865
9037
2502
12750
25866
20552
10986
1118
16550
25555
7277
19885
9339
11604
17452
8173
20094
21821
16863
4300
24380
5426
22185
21166
7700
15214
27373
29498
19876
32099
9828
25369
9345
23968
20076
11002
15915
10488
24227
29146
6208
20193
4021
14466
28655
6426
16498
28241
5040
1681
29988
17211
32050
19843
24863
23314
18325
18661
11929
17924
21978
21763
30908
25190
15768
24423
11258
2992
18928
11772
16545
15048
10946
8563
943
31619
9249
30438
25063
23401
20997
19643
26916
13752
21568
28364
29678
172
30388
11716
13131
32766
10690
17868
2775
170
24326
6248
29463
502
7745
15771
22027
28592
26262
12370
6658
20919
12282
6656
20146
5309
8422
389
12424
20554
19534
24916
30269
11780
3031
26837
7338
22063
19013
27912
9437
1392
21042
19564
30828
12246
29958
18975
26633
21786
7715
9286
30807
27174
9824
27055
28925
31701
31673
21173
25080
28410
28997
8548
4917
419
19304
19678
4703
29087
23625
31741
21238
27709
17542
4922
5281
11095
11303
22990
965
25487
2001
31255
18518
26585
15932
24892
30445
9786
16871
16916
6171
25039
29451
16196
14846
19984
24013
168
16401
28502
10423
14325
25928
25755
18281
22684
9309
32385
17804
1777
31332
18326
15880
652
14246
25047
21111
4079
21164
23923
14041
9578
29082
27857
9609
24380
7615
6611
20336
32507
21865
24669
7288
31286
28670
21009
20547
23640
2120
10077
26398
32719
24849
25016
16176
25198
30704
25384
25079
6416
14946
7944
502
9855
4380
18440
167
14740
13728
8053
4279
5791
1551
18875
18546
12296
19262
19496
14461
12855
9483
6130
23235
1714
4338
18044
28081
4741
16091
27349
4006
13287
10294
7297
11941
17178
7498
8061
8270
6803
15562
19837
30220
27227
2474
9336
24975
23221
4912
7782
15741
16897
25422
13897
3684
29152
10031
15978
4084
24473
17936
27621
8811
11196
23121
15207
11344
19717
16588
4919
17508
25218
12901
18035
14294
28920
7138
23965
16566
3972
10238
18518
172
18302
12216
23656
5098
11170
1265
17930
20575
27250
19254
19808
1325
24534
21211
5442
20062
27142
10825
14142
20690
1449
22936
24800
29308
30015
31841
22064
25295
30652
11725
32125
1906
21109
31474
22617
8507
12864
20320
3557
15707
10199
4086
27215
18134
17278
22523
30616
19511
5094
3178
5019
19841
3152
14732
10059
9832
5621
28364
25404
26817
20646
3272
9573
15160
18096
14756
27684
4161
6146
28579
31362
18769
24722
23032
4537
6733
24060
29657
25587
16707
6252
7638
9301
26200
4799
7529
22588
14337
17893
15054
19910
6006
27530
28948
23445
26980
23541
25717
19919
24290
816
4835
9321
19111
12649
29411
1702
22138
19096
29854
4058
11497
6498
6453
22900
27454
18749
5206
26171
28591
19414
11277
21208
22485
11696
19164
28565
17248
7693
30733
10084
12040
11793
10823
22563
31687
2853
10336
30
30277
14490
27762
25814
29332
3214
15665
5889
20509
29716
29051
30673
31194
17039
4657
9081
14022
4191
20038
25838
24210
27840
29973
5866
18074
26350
27384
5687
31511
12942
19478
10538
6294
27465
12668
110
22953
15290
19568
13570
11484
27530
19457
26501
26346
6361
16611
25778
25905
8416
29562
29479
13412
31701
24629
11882
3968
4111
19997
4909
19201
16491
13230
8401
85
14830
24037
13354
3473
17580
3482
32642
15715
7144
32528
17376
11079
4476
4043
12170
14334
124
30369
1480
8765
21270
16916
29675
6050
8124
4319
14222
20971
8582
14543
31260
5226
4049
20436
1426
7604
6445
19288
13958
24986
1398
10703
20329
8026
17216
23184
4361
10262
25720
22499
15449
27012
20041
10075
24949
4328
8253
13414
8161
23103
5797
14626
15377
24509
27706
10610
11823
32122
32516
21586
3608
7529
15483
12135
168
32649
6381
218
2615
21087
5663
23399
27235
12195
7479
8369
25872
20794
12249
32217
7342
4708
13457
5710
25019
4407
25201
20711
7048
1100
4091
31535
11839
6328
26945
14080
549
27709
20810
26195
4125
30658
29368
2390
5998
32257
17320
17087
24773
21120
218
30304
12926
3266
25618
13820
23071
31678
6589
28762
28453
28048
14808
5783
13060
8047
18446
11200
12905
27103
32544
29345
3010
32039
27530
11735
32512
16902
6500
9773
10907
12962
22918
27429
6615
16321
25071
468
2119
5691
19816
30195
32399
22704
15972
308
11373
8566
10539
15570
9211
24789
2359
4460
23086
27511
1502
22803
4259
19738
18994
26530
3227
13192
5158
27981
16196
1481
16114
26493
17210
31639
19640
5084
21325
18706
13159
6571
7813
12981
28896
23900
7523
7561
10839
12893
19562
28568
23292
24370
28638
21669
21979
10182
17612
15130
7937
20995
17226
7490
24545
22688
22016
27320
31478
16442
10983
9760
681
17063
337
2836
6004
17543
6442
20577
29000
18715
10109
23156
6188
22619
29753
29199
4136
2882
1334
21313
31841
12909
31347
10388
32133
19172
32674
18056
20329
13624
30438
15168
27121
25294
16603
1660
10545
28026
17879
3527
16593
19791
9327
8434
32438
8374
10557
8896
8414
15038
29665
10723
17036
27571
27974
11815
9382
14322
29479
5614
21851
28923
23761
14300
31496
25800
15658
9427
18013
5982
1522
20002
20412
15009
28745
23545
25569
22636
20081
18465
968
25313
10966
4329
7115
7934
22603
6244
13836
7537
22423
977
11282
13742
13872
12123
7095
14142
19014
2563
9025
17754
28675
28122
10447
4280
11282
18547
12535
25509
22366
10136
2221
13396
14364
32316
18022
12662
11275
13745
26238
32010
18426
24347
1751
2423
4236
6437
1476
19672
12344
32242
2085
16023
20115
11607
10963
21309
27858
18247
25406
27272
27530
27278
21332
25535
7611
3010
5285
19522
3341
14455
16069
23653
21337
6835
11506
13950
11627
20642
18167
7229
11015
27786
20816
3644
8233
12544
2191
2519
15249
23901
3071
22846
26239
7788
23430
10696
20924
30565
27856
23691
21465
14111
7081
17705
31931
19841
31147
19180
600
5434
16666
8214
27323
26033
28428
882
5966
319
18637
16431
5464
13213
20609
24558
22469
13464
27915
17178
15910
8972
18734
4984
3320
11279
11762
17663
15145
12909
23626
6377
14552
2645
10739
22282
4957
7505
26015
12641
6793
2683
18003
1517
27438
5871
27150
29377
738
636
10155
28763
16641
5279
14344
26162
30961
30129
31336
28046
31146
10335
22550
13980
11893
14171
2892
17346
15603
27473
19794
28464
17506
7453
12266
28344
8732
30779
9708
18911
24416
16766
32558
30260
11349
30213
23462
3552
3148
22124
22995
21631
5958
12863
1112
32302
29878
1972
17131
27877
29576
19353
21101
22536
25441
28043
2138
4664
4905
27753
25956
24943
6343
3848
15195
7500
17963
5416
27216
1963
28562
29863
30970
4985
26373
30453
3161
3527
20771
19144
664
23836
14113
24081
13624
19216
31247
5166
9835
3094
2909
11361
7614
31130
3741
27777
30715
12876
18570
25583
11854
5307
32586
23244
22694
18469
12272
16745
12126
18317
15685
13311
20509
8975
31688
26273
18939
27505
16115
3438
13541
31738
19392
5387
22594
5767
21612
16209
9430
1499
24955
30786
1511
14903
19452
30530
19871
5162
11534
132
16562
20907
26275
23234
1345
20837
10628
19761
30973
8274
7318
14772
12943
1419
2395
10063
12856
95
12731
20703
1460
27810
13061
3081
25445
16711
6705
7281
173
7474
3432
18220
10140
5703
11974
14967
20427
32455
7262
7593
16007
5340
12670
23910
29234
20594
27957
2070
23783
17225
8723
20117
12893
16200
21296
32044
19726
14101
25199
193
28312
3298
29700
19530
24419
17290
11060
12936
12676
17884
9308
2033
10977
14390
20533
8430
6806
2135
5206
70
7576
12142
21755
18906
5784
23158
19460
19860
23851
27846
20801
16026
26663
4324
30700
27335
30544
19355
9591
1627
52
17741
1417
24561
25171
15754
32579
4274
9859
23776
4039
31945
19859
22773
11771
14358
29231
7892
7050
8999
16899
30597
18220
21604
4644
23264
9256
8585
4779
25762
6935
23898
26019
8129
30698
7570
7461
7165
31022
7452
25793
440
25743
3717
23072
6151
17563
29362
22760
28937
13257
18382
15840
12408
22714
9351
25941
8317
30654
4986
26812
2249
15770
17131
24472
31713
10121
23738
10142
3769
11392
6802
30743
11909
2998
27236
17543
2252
25700
14100
12940
14782
31433
10610
9992
13511
20082
30059
11906
7012
26040
1921
17610
30262
29322
9848
16348
1109
13421
23890
25095
5350
15296
16766
22351
7920
29253
26957
8719
2923
3293
9893
15075
26010
19091
23033
26564
26011
9436
29048
3701
2365
21789
26757
1567
12049
21358
23400
11320
26564
12958
835
16552
29099
32119
11847
19759
4768
31043
2087
7169
17421
29071
18125
436
25926
28974
3917
32348
26652
3201
10007
31221
11183
8438
17776
8193
31107
11727
6435
7793
22742
10789
22131
19401
11313
31788
24917
30848
19774
30136
26588
28581
6873
31232
245
27337
11625
12450
9044
32024
9585
27112
2222
14793
18530
6218
20777
6585
24500
820
31505
25682
3636
5897
716
8114
4000
30311
16144
19465
5745
12461
19795
28227
15352
16826
8835
11752
13996
16120
5112
2624
19139
21914
27815
27322
10495
32289
25240
3726
12235
2341
154
8098
17030
26962
22581
27819
11039
24241
4064
3732
14818
26408
8564
32035
6033
6213
23777
22234
32183
17975
799
24603
18745
7197
3432
32144
6958
2436
29861
11722
31728
10538
3366
17960
13427
1288
19093
30459
20950
23440
45
23271
1848
18996
28967
5517
25037
295
17781
17766
817
25703
14003
19698
22012
15867
2395
14099
28822
25977
9784
15027
6733
204
26653
8621
9892
16948
29142
5867
6894
18318
8287
8140
21020
32470
27988
17608
4820
13290
21929
11606
19395
11153
6299
13069
27187
28603
25318
12298
32480
12555
14905
3219
9479
24978
15591
20473
24513
27870
2527
14531
24975
12595
25822
8200
29238
7704
27363
11293
26317
7189
27364
5745
24596
8636
14015
2228
17159
6630
115
21823
8115
32575
6032
3760
31305
20741
6892
17108
10865
17676
29336
23755
17632
23302
9746
29286
17197
13569
25276
212
24032
22833
18061
23678
19661
16624
17159
22575
24992
22787
11369
26488
12472
22303
18725
16467
15417
2219
30100
16390
21852
32456
12265
5962
10250
15247
8292
429
9386
17561
29128
3125
15415
16069
3598
12102
8853
30517
4955
16325
2853
32154
5424
31614
5015
13234
32224
13507
20735
30223
9288
24918
13099
16921
27066
4234
12852
32086
29754
3236
31316
16873
22765
11143
2551
21593
19150
4753
30229
9876
8611
29120
18622
3124
19760
31257
11767
1024
2218
4938
25284
15030
25198
5262
6790
11016
27635
1233
20103
32484
9725
9749
11220
5624
32020
20500
4939
21878
27189
24102
24564
9492
3015
13414
26517
15704
19152
8208
27008
11026
24681
5934
24496
11306
20336
7028
26132
18843
9852
17512
11307
21184
7702
13510
9425
7631
26406
32546
26713
12707
15787
15823
31963
15550
5039
25088
30927
32142
26747
32301
13275
32751
8199
4024
31210
21490
28340
3025
29822
8668
11581
13207
15943
16242
10475
29567
21748
10868
17417
20986
23881
3176
31384
12626
28018
11160
8004
26837
20887
27998
25750
31030
32432
19871
1642
24624
10139
28566
10148
20332
10347
11219
14367
19109
15364
16259
30438
28938
12261
241
25767
30180
2628
15693
14948
3192
22112
9133
14444
19247
2835
24913
24970
18932
16294
21291
30332
32734
8938
28830
17830
9231
26756
21383
8968
5596
8329
378
7278
4142
11595
23118
15846
11303
19314
20443
31351
30473
24654
19202
3344
8020
619
25070
26047
32047
28774
17306
30499
31241
27136
31891
30756
7040
8049
30976
28129
13698
11007
26591
4586
1970
18638
25489
26800
18957
16634
921
7226
27853
14307
15265
28441
3981
22728
11197
23453
29615
3736
17908
13129
28155
16132
27901
21125
7048
15321
28742
15507
24032
24205
2363
13252
25183
535
15812
8684
14556
20228
19471
25875
15756
3528
913
21613
23074
29522
12103
4493
25147
7139
30018
31189
3834
10271
20322
19505
24047
12389
354
22277
22334
604
12308
16995
32509
23758
32238
19074
30173
7610
20678
32363
3341
5796
9434
22262
20827
31536
4371
14837
20893
7663
24715
15791
9295
28537
25932
16528
28797
29628
26715
10526
32228
8595
23285
25135
4180
24731
11544
26457
4696
6466
27973
30123
21273
2848
5509
13466
23424
23947
10666
27454
7835
7781
2775
5567
2370
9017
9282
28426
13562
134
21817
17096
16921
2907
15459
7056
7467
6436
18505
8539
13205
29124
12564
15417
23416
10212
16280
20291
29400
19338
1426
8145
31230
10989
27438
15597
11546
5512
13773
31495
24877
21869
27652
22506
10278
21212
15080
23278
75
5652
16521
17775
4827
7017
24508
10111
17906
11671
286
11480
9644
14934
25941
13844
26765
21806
27801
4641
4897
23693
30580
27631
32479
29975
17605
16491
18515
20285
28939
28849
26749
27409
31456
17533
32116
20056
28868
28899
1614
24801
11292
30529
5700
25366
15738
28785
17170
13009
28191
6211
21149
21105
31423
11562
27608
26156
27524
30773
20200
7079
11605
4417
22663
12227
20567
13166
21670
1722
4020
13775
25686
2668
1692
31846
31464
17139
13962
30031
13907
23933
17097
30267
5847
5467
1334
3616
23008
13141
24647
7983
31789
5953
29260
21767
10033
32724
3573
19240
3514
1207
7189
30634
31696
30429
19109
11823
7648
6933
11532
20246
17178
29403
12702
30449
7959
1908
4194
16953
20159
27450
5912
31041
9322
25908
30330
14441
32581
31465
29891
26772
12792
19574
10606
7132
15493
30431
9792
8836
23923
28835
12680
27693
15917
5267
30118
2381
16037
20195
18890
24798
9276
8322
30718
28243
12262
27815
9319
7120
24457
17581
14791
3226
24231
9760
32583
27597
27197
24344
15220
4941
11243
3269
2183
7934
20564
26700
15849
16440
23752
21969
4854
25973
2081
27093
24322
2637
6890
22723
6809
17317
6855
1221
1547
23587
17680
7644
6440
5349
7360
2096
8265
24178
3982
31909
10896
7664
30297
6062
11632
21144
29897
19046
367
12136
31796
25053
7210
32023
30142
6319
11162
22606
22469
26332
30359
8213
10876
979
9882
10380
16341
20176
24263
1499
8869
4456
17451
875
259
20579
23362
6999
5616
7881
24252
541
22078
10047
29568
6810
25770
24468
24050
26165
4428
6808
7281
17754
26673
27693
2852
7210
4934
5024
29943
12144
4983
24633
13792
19927
5401
17424
21095
6491
25477
2339
10341
1278
16390
23718
7436
23228
8182
9370
27687
24000
5667
21409
31907
23768
27512
12049
24143
18727
10969
15175
21728
9498
9294
16958
5176
24477
11108
10336
4584
28558
5328
923
4083
17265
14166
10424
17621
22886
29673
8936
17603
4953
2324
18848
4149
7033
13720
26791
27554
27883
28247
11886
25738
21695
11120
21663
10170
32547
4268
14072
3276
25814
29977
19546
31469
11488
3572
13853
2787
22145
16588
22951
2638
16231
24805
14397
17453
23075
23515
31000
12965
10462
6535
22972
32254
20552
4902
30853
27887
22226
26040
11651
10779
25629
25511
25992
731
5298
27049
13182
830
13811
31463
3070
4942
32338
26719
24351
31125
5568
1927
1164
26336
616
15411
11738
28483
19870
22968
21272
5213
29970
8018
19879
17629
31818
21443
5452
30021
12879
17469
21379
13807
32678
10882
16662
27213
20609
15946
495
1396
28471
30181
29482
28636
25330
14881
8047
31329
9895
4462
19839
654
19532
1600
23820
11291
24645
19637
26062
21428
8479
27512
19667
7933
24448
27621
17431
19922
6750
21870
26708
12499
11120
30781
28955
26912
6114
19226
10020
21857
22861
24720
5347
20490
13030
14155
9563
8925
26358
27077
9527
21424
24714
290
23063
11888
9579
28504
9256
12390
9296
29842
24055
14521
13139
29655
28295
8756
21154
31462
16801
10826
1911
357
6763
18775
25418
9019
29756
24617
2885
23099
26031
24255
21496
31490
14838
18512
17742
31010
13425
14480
6847
13952
12927
20014
5064
25082
8085
7841
10392
10573
28557
5924
30477
16950
4928
28415
31710
3800
6998
3849
27674
24926
32093
4715
17105
8929
12057
17574
22288
24972
3099
16600
3603
2558
14741
5691
32183
20463
31853
5614
4910
2583
13712
11768
4598
1355
30857
30090
32524
4842
28754
20100
19549
22135
1642
16443
22653
5767
39
28537
5787
5342
1614
22470
29365
12757
19169
10726
17928
24319
16696
29603
28619
9483
7251
29901
26140
16620
1903
17790
21307
7224
19671
12706
4854
9422
24317
28087
9316
18364
30665
2258
25558
4960
16945
16355
8459
17613
16906
5689
26019
17519
28190
22345
32726
22003
12414
26027
9574
32609
16666
31589
17106
27531
3726
16236
19149
19371
10559
21608
6638
31816
25767
17592
17065
29017
8941
28598
21886
11693
32441
23612
31088
18826
18246
5223
26809
19605
697
28314
9660
24305
27313
26566
31803
5547
5919
29417
8906
24150
19288
25045
4228
19954
6504
19251
23292
22291
20393
4551
12407
11071
25749
28918
16984
19351
21721
12933
13275
3257
10154
29091
24838
4582
3420
3882
4573
864
19505
15138
28118
1046
28527
14215
17292
10883
27829
14411
30903
212
13198
1183
13916
20553
23367
15727
9537
15325
25342
27947
20132
28201
14332
17613
29996
24198
30277
10776
31264
29042
5996
31517
8919
30773
940
11012
21104
21444
14645
7177
3011
16101
32196
23237
20374
916
20086
7855
11029
8101
478
13282
2684
7340
20565
12833
9239
7962
13969
9496
3948
28840
26234
2532
23735
2553
14904
17878
16534
24442
23953
31348
10246
30094
8562
23233
18574
32744
11723
26047
186
4151
1440
10801
7371
6153
4446
30629
21421
16873
9067
8370
4137
26059
11008
12927
23132
7339
2363
17796
30056
14192
15472
19349
1385
7446
21953
32540
20907
21516
27886
22438
30490
15067
1646
10145
7929
13321
8126
18275
3543
18749
22009
29039
7871
2467
23209
13300
32432
10130
10972
7063
15436
6509
15483
31602
32724
16839
5592
30301
32596
25290
902
11628
795
24793
24685
14265
3694
6260
9245
18275
126
19292
11107
8150
16791
26872
28442
16717
20633
13816
7492
28054
17580
5944
18522
27157
5936
999
8416
8972
18931
25320
27963
5146
15783
22392
13255
6657
19603
16658
19237
4524
32136
29327
17618
26736
25367
25746
26110
402
31489
26403
8859
5385
8687
5786
20148
27526
28515
6079
31232
7090
3567
24367
10679
11446
25509
2050
25764
16897
7886
32170
17788
13381
31455
32030
1902
15299
20904
12601
16635
4041
19663
28252
16648
8057
19325
20827
16945
18379
20567
17815
26721
10966
2992
13927
15519
3147
22012
28605
6955
22338
11912
29190
18378
12601
4713
15697
7262
15961
16307
22452
1465
31484
14571
4843
17075
20077
7358
21827
6522
15086
9714
27063
30506
20224
26526
7000
11678
15326
6550
8178
17285
13643
2346
5612
2744
32397
528
6512
28875
18618
17310
13516
15841
17970
22076
12312
13765
5997
21786
1049
20279
29943
30
29798
30084
15032
10785
5321
2138
14457
22362
15848
3545
27556
8218
13605
19181
1611
11194
3010
13788
26476
22482
31049
30491
26740
24492
13611
27750
9217
6137
5031
25103
6636
4802
27117
30359
21639
16289
32132
23675
29475
23600
745
28240
15830
18626
28537
18706
9851
5457
8848
24762
23289
23224
10739
17166
19657
13346
9579
31933
20914
27843
3507
21675
16855
13766
25236
20874
14068
30854
1103
15786
20709
6400
15419
7442
9064
15497
14511
18895
12579
26812
34
10892
6121
3767
8081
14179
21049
22151
6178
16627
12807
16096
20486
11699
30911
25873
2723
8581
12424
2360
11251
17295
10950
8882
19239
5702
18402
6358
22673
5579
27725
29667
23232
4219
18114
6710
1773
28098
19404
28097
14486
22319
2697
23992
3176
30670
16045
16525
8802
17842
17353
2591
19256
2513
19918
12847
9461
6677
2765
24339
27365
31151
4608
10414
31922
21423
17422
1951
24781
977
139
17593
17935
8602
21694
31923
18593
16804
1960
3105
32281
24887
10049
30627
3301
12312
31493
9309
21229
11430
32687
29863
24436
17954
20549
7429
17471
31055
8276
17753
506
6971
11133
19031
5079
18012
15920
13114
24184
7646
15288
12213
1551
23356
17784
12845
28612
23054
26484
31269
29271
5666
28179
8954
31238
20429
18723
2768
9137
19075
8221
9676
4924
22950
31658
4484
2357
12188
10343
31923
31670
8996
14053
14130
13965
24298
15605
32291
18075
12121
15394
22639
13434
25264
20862
6004
21091
28504
4770
20471
8526
21621
15344
24416
4442
26811
5147
20774
8560
2946
10474
14472
8739
27677
18744
21118
8155
23400
24640
1007
14387
23457
5655
2084
24223
25209
22906
25469
21586
362
14026
28258
22367
26698
8277
3197
19742
30241
3031
25638
27601
19512
2369
10783
10119
6002
14008
21890
26177
991
13793
20471
16212
3727
1628
30250
18958
10660
27022
31869
16284
26283
13220
3066
29739
6957
11732
11147
27470
13184
28134
18797
2976
10211
18164
30946
13738
18379
14190
14374
16903
20343
30816
21157
10949
31690
4600
13163
25615
4186
6467
15324
10249
965
31543
29349
14844
17988
30966
7922
25779
22146
14673
9186
14373
6318
5003
12343
19028
9166
30560
5715
32628
31063
5702
24672
7504
23291
12787
29902
11754
12995
13343
24322
30049
16733
29579
4172
32536
1719
19010
11546
1557
6349
24863
14956
15527
23743
21647
16264
14156
22054
5784
12271
32465
168
12827
12687
3515
26570
21334
4922
15590
28934
14764
1879
25452
3102
30377
30424
11720
15791
7745
108
28732
14345
19544
30709
30832
30270
9096
31292
8795
3449
10526
26851
13414
10385
8805
25244
18127
25054
22312
2969
14924
28492
23922
14916
498
21677
21144
23599
17492
4180
9593
10062
6127
30175
22021
27492
24262
11092
19964
6075
1353
31856
14072
18712
10363
30779
29102
29678
26452
3296
4721
32466
25444
5564
1784
24879
13498
4021
18784
6715
21764
26573
17524
5161
17912
6134
19757
18337
30450
1577
21877
13165
11742
22962
15408
31861
30552
15054
24189
18925
25106
12407
20025
12749
2422
4223
20934
18817
13197
13788
4362
12002
1568
28995
5050
7526
5917
26616
29912
25491
23611
21732
28538
19642
15841
24552
10446
21217
20805
32625
23387
11521
32209
6220
18313
3442
4554
20412
3428
9379
2611
17354
21405
15374
4591
7645
24529
32107
31783
13194
1038
14884
15851
10669
1428
18186
11036
19897
24792
16454
31369
6476
3791
18834
21848
5127
12136
7849
30120
1948
15707
2043
6260
14888
12065
1958
18106
8900
10563
21154
14813
19542
9688
27195
24393
23214
13641
27077
16213
26062
15448
23691
19309
8072
21345
12296
22384
30543
10975
5722
16983
12359
6449
27891
4632
7582
13727
31634
1737
31007
9368
8049
26889
2052
31037
14016
6044
524
20516
24659
6229
28366
1877
25496
12345
27981
14233
21707
18145
6604
21237
18797
6432
1508
3185
12530
32486
30419
27933
9658
18532
24087
14934
19010
30321
16444
4422
1692
21037
32242
23466
14876
10212
13154
472
13653
10549
8642
32256
4163
14963
22311
13490
12490
12107
2203
13984
5471
15015
21104
20390
14342
5587
21204
1799
7548
8926
21157
29946
25781
3652
28806
4453
27273
13257
562
24552
21930
19112
8208
7453
7897
7405
3848
20766
26969
20000
31894
27464
16292
29987
16668
19263
2142
3421
7293
23346
18311
793
8423
8033
32756
24360
16368
24284
18688
21966
11749
18829
27775
15580
3934
16248
8435
11545
9494
7490
13315
21222
27130
12784
14632
12834
22400
16882
4266
24908
17466
15200
23243
32743
4267
32643
11073
27683
5721
26007
4330
31673
3363
23247
17852
15383
23253
17306
6907
32189
250
549
30126
12007
7410
17953
28499
18796
11844
2502
28370
22502
5941
24600
19888
22035
2969
30825
23941
28795
25065
31519
25008
26451
31382
9143
20809
6306
12701
15370
30039
30114
3676
23759
14147
26473
9635
5986
13197
26312
25103
27844
25790
19316
9875
13794
31390
5731
32600
24858
12710
15225
21703
10491
16056
11876
21732
10316
8974
14021
1757
28496
31857
20368
15586
32329
9643
5557
22584
18747
15166
2560
5001
10482
22614
10813
18303
23878
8189
9633
23953
1182
26254
12389
25884
11443
3948
15028
32437
24727
29427
3783
4542
22517
24751
6735
55
11162
4556
26387
19671
13108
8142
1754
26459
28762
21379
30347
4895
10957
24629
15507
7147
8702
24355
18055
19727
30672
7987
18954
24242
14494
7393
11506
19815
9344
13947
14502
20481
7626
28816
7370
24489
24790
24230
1311
1581
26884
1067
18084
26267
9982
16814
26626
13327
27713
8783
2342
2761
12249
7540
28208
24450
4203
8382
12684
30976
14201
30268
24926
10217
482
23262
3108
12501
4520
22828
151
7334
11510
15415
17617
25372
3682
11984
2229
9124
2671
23289
6028
24689
11862
7577
3308
28622
15366
8820
20702
6067
10089
31833
7999
1942
30953
3485
7783
9347
14643
21705
18697
23407
19002
29072
12122
28106
20863
30212
21366
27731
6033
22537
9471
21552
207
5897
24583
574
885
27113
21296
28838
16087
2364
20753
29361
6119
27063
20700
25309
32509
31461
574
30512
17112
15900
22663
12236
5344
18864
20747
5060
8877
3174
30920
12334
26829
25900
30025
3449
8898
25351
5322
3841
31819
16716
10652
28897
26597
29715
13515
22536
16016
22761
9215
10384
3286
24517
9888
5707
12554
16446
24125
9118
11982
3834
28207
658
23511
18282
11897
3112
18933
7604
1523
16877
4685
11505
12200
3535
26089
21913
28540
13359
1908
24635
31250
11319
4670
14450
5100
21102
12935
21524
11220
10633
13049
6828
29819
7557
886
24875
16737
31986
7444
19930
10996
7314
26470
14483
15868
22818
766
23345
14902
27512
7471
26181
9279
17102
12568
19979
11956
22878
23005
25500
16024
14127
6712
3684
3830
5934
15665
14807
14279
25216
13353
19296
7189
30231
5661
13466
865
26243
9257
30147
25155
13835
30539
9326
5712
12541
15210
19063
6464
25666
7063
12604
28497
25141
17298
27914
21734
18870
6800
15574
28532
17273
6971
4654
1438
27044
27899
21871
671
19866
8820
14903
18665
4113
16720
14365
6155
16235
30526
31648
2520
28739
8250
25438
27334
17478
528
23943
29076
21316
24859
14736
6704
10886
21075
16940
10199
22115
28295
13176
4734
10766
19174
24949
25457
14770
23236
8892
17722
15041
7835
21357
19140
16009
17488
1129
12736
31496
7352
10945
9288
5633
2651
25454
15810
9807
19832
8002
22280
24442
20809
19230
24006
7048
24199
18534
15139
14101
22321
18866
3491
29606
24458
26566
14923
21563
6241
709
6407
10275
20116
17313
16458
14356
17367
20950
13300
18811
29874
4440
31608
27665
32713
31945
25406
17839
4704
28656
27974
20579
32286
30311
13583
16067
23569
29331
19127
31361
24819
12505
18787
28992
18092
15119
11489
9126
28439
49
10892
10931
9225
9302
4464
10065
6288
3298
30127
20524
3960
31996
11044
4547
19220
22083
21317
29888
10811
20924
590
16004
5776
17679
16284
7
10246
18420
25942
1759
8612
19944
9043
25758
11142
2084
10552
97
28197
9167
15329
26278
29400
14451
14851
19294
28058
31406
21519
29252
21517
1834
31577
29036
26047
22990
19577
543
2476
17718
30961
21478
9477
32353
29713
5605
20272
4266
26392
10858
1808
19962
12444
14534
19846
3899
29484
4444
18744
22800
30515
6135
22417
14531
25631
10337
12041
28031
5315
10545
30374
12735
2810
16612
30402
14598
18062
24879
18192
13777
856
7316
7642
31689
8872
31284
9356
4670
17383
15332
30070
19153
20602
19074
9934
12400
32490
15498
1780
25224
4418
10980
28154
12405
21177
18432
18532
2366
6289
27941
16172
4991
19007
4614
8458
422
13516
25239
28914
30306
11643
26398
15837
3417
18348
29325
10188
23578
8704
19215
13834
32594
3774
16609
25266
2114
7030
10083
32626
24176
15332
25711
22414
27037
7190
2537
13096
6136
24017
11671
8126
5265
17714
29491
8692
16912
6289
31935
13460
19879
14250
13593
14547
28229
11775
10447
15318
9229
17528
24884
13684
3078
22093
30132
9278
7188
27941
18276
10940
23335
26752
6877
4602
27058
13394
1099
21827
28255
21232
22977
6957
15105
15920
8144
16342
15817
25548
9303
21612
4798
16648
15260
14323
18791
24981
21404
11586
13002
17844
20896
4687
19355
29599
28177
7341
5805
14372
653
16211
31660
23187
32314
7583
32270
18394
29787
12187
24647
30959
31009
31614
1852
6254
16579
2166
12795
11140
13521
28324
22953
16907
29637
10344
19899
29174
28379
2272
24682
8688
6690
31659
14176
26432
25299
29171
5304
31472
24546
8362
11301
2606
28884
29715
22641
26098
16080
23685
17706
21985
21496
22636
24728
4722
15610
24464
10737
10831
26849
5018
12240
22270
15154
22996
21220
1216
1076
16944
8421
4537
21391
24460
23501
2130
22808
30004
324
22748
18412
7592
26204
22134
28604
20128
15230
31536
103
24142
3237
14192
11214
28131
4553
20629
6628
23892
25503
4827
25348
11358
26751
23166
1160
27848
3493
14371
919
10728
8349
13427
12862
26984
23801
30473
19138
10570
581
21646
21813
32554
1597
2082
2888
15555
14141
7166
11872
15797
25336
17752
1004
17030
21869
14215
27637
31974
17431
12904
17910
12599
31076
20480
6127
4428
21609
21859
11189
13425
28884
2772
5772
20652
2850
24365
24311
6467
29970
23170
13519
26238
11865
9217
28563
2734
30103
7964
18175
30830
25994
25579
31200
7721
29313
5835
22310
6877
23572
25420
23867
12318
26387
7754
25491
5469
29628
21337
645
4202
17457
16743
11609
30520
1833
2716
12962
32481
31461
7045
5838
31721
15462
3442
31995
30663
5853
2076
4620
16289
26467
26251
11772
20568
26858
9015
8051
17348
31859
20334
21911
9025
16770
6645
23589
17258
4815
10482
24000
3364
15167
19209
8329
22495
30482
17350
12527
14616
5470
14139
11977
27938
19900
30954
28834
15655
7745
16869
29011
1642
17840
4659
15320
18126
11757
16758
18780
21148
23221
715
1430
6017
12429
24562
27992
4310
10232
28591
31589
20772
16621
19311
22404
17640
19080
2095
31698
4755
21248
13978
17500
15317
21465
11889
7405
25627
28251
10544
16677
24663
19522
28655
17099
29695
30903
8326
19044
24408
17791
19956
17925
8948
4211
2
31333
7289
32048
22051
10806
24741
30479
20895
18358
30351
3928
2800
25729
22576
2994
22124
21417
23585
14558
7205
12808
27814
21925
26382
18645
12268
10767
28511
32374
1423
7894
9274
18837
32095
26906
30862
23158
11108
7766
30524
28296
32032
17555
25208
570
29715
13020
25202
21775
27013
22001
1846
29685
16255
11584
8657
15827
8987
5136
14518
5729
17405
11008
7008
15164
9506
30128
22840
28474
27353
190
8120
28666
18958
9204
17361
27072
31950
13503
31370
23936
24584
15587
1259
11577
7825
2414
21273
17029
3435
9706
25282
877
7495
6103
23739
2433
1352
28249
13800
20265
2826
31277
22365
18230
3043
16865
4546
4796
11113
1605
24572
18724
19252
27421
15626
1661
12261
6168
4396
13331
30566
26118
31307
16195
17524
27717
29589
12941
17243
636
8296
25835
27649
2700
15985
13153
9510
5828
789
30934
11498
16469
26639
14370
27280
16901
11099
11368
3457
11047
1619
13222
7572
16074
24601
18314
24716
21297
32564
30856
14563
17795
32382
7977
25030
21956
2365
14246
11360
32516
8848
7093
8795
8150
31757
3747
12708
1796
8104
20387
17775
14465
28886
9830
28796
32415
18675
7659
3224
7042
13025
24985
29542
11989
2547
28811
13407
9147
9
6955
27672
15113
20220
32514
8387
1458
6460
29902
18425
25475
15799
9429
22967
23056
8957
13690
5286
22510
15778
18446
22431
14370
21988
14312
13422
6618
20622
20408
8150
24667
32541
26904
25302
28475
15136
10852
12587
30416
20709
22220
2326
25832
32081
25767
16479
19898
784
19978
25242
24861
6895
20378
17577
16376
17285
2462
29058
17914
13337
14169
21555
7051
30400
28822
17187
9218
28102
10628
20634
7192
18511
25796
1155
31900
10814
19393
25457
30057
2902
8512
26337
5270
4511
16952
19135
28140
27404
10467
21547
22173
27226
9749
30076
2354
27451
17613
29573
17862
16820
3081
28696
17010
14532
4831
32201
8
25670
6858
8436
22276
18968
9282
25090
20671
9853
12687
21735
8422
20416
11230
14831
21291
32027
7829
7099
314
29910
15588
3718
9455
26035
26012
29870
23238
28554
6469
27759
10387
7985
5739
19185
7283
24990
4152
18565
22530
12880
13128
16939
23502
2283
27832
13401
9996
18978
10112
21239
32650
16345
29699
25262
30181
23691
19941
14178
31228
19946
29725
31741
5028
8902
1867
10095
5022
2096
25163
17139
20678
25055
24842
26003
17804
16851
2456
2286
8616
823
19327
6969
9226
3212
18772
29316
20752
32004
24715
1342
22780
18732
25487
3068
17061
2766
14867
28790
11885
2070
23458
11730
17778
13811
22654
1574
10505
14784
25767
12600
30312
11812
6458
26760
12962
12087
24572
29840
13017
29158
15671
8010
21678
27288
27589
12275
6909
18194
32618
21519
712
16279
359
6573
9328
852
15179
24300
29995
17404
9229
23230
15538
9392
9048
8940
4922
4129
7974
21338
31654
14840
1936
14989
28155
20342
21732
12138
26132
6999
11257
29760
19095
8445
7359
19209
16423
29386
12058
7917
15579
18382
12785
26376
28655
5282
130
9837
20922
11155
12792
11627
28640
10243
26431
15
18889
10509
11031
1513
20818
8040
6247
26387
25538
12942
15060
14960
20223
285
23955
26930
14082
16509
15483
27551
28552
32707
19295
17172
7690
4565
1946
21834
14320
25295
2027
3288
12546
15526
16004
25337
28191
16140
8541
13968
20529
3731
11470
5225
27488
32532
29789
21698
16006
15698
13781
12810
32483
15323
8856
15592
19475
26415
21301
20863
24636
25892
6461
29169
4236
25481
9043
10785
12771
14858
10115
24766
13772
25427
2005
14717
5042
4473
9505
27813
21073
24981
21540
14289
17770
29362
10452
19441
21435
25577
3057
23699
22830
32202
20189
13409
31057
2814
12717
29418
30214
9259
3968
22437
24188
29464
9487
15922
10845
12562
9606
12260
5449
25742
4499
11901
20100
8719
1212
7224
20715
21578
27893
25869
30509
20360
24690
19760
8247
13389
1466
2267
30704
25911
16893
333
14375
5160
8615
27411
30153
10920
12085
4486
20056
4484
11335
31637
2456
7099
24823
19908
908
6299
30058
3445
29344
20776
2468
10598
24104
29885
32673
27516
22793
14582
11169
14271
21686
12492
24259
15525
8287
7938
32725
30867
26725
18369
9835
14497
18960
1407
27694
29854
20356
9509
26743
11348
26609
19824
2589
10764
12299
30103
17291
20053
7866
12079
15637
18690
27154
18252
396
25458
14469
746
22799
16404
29271
31371
17957
13097
18259
22817
22793
6348
15549
557
19781
19504
22407
25385
9602
9258
14023
29732
14751
6383
12905
11180
27392
30494
21025
27120
29481
17409
12452
7974
139
14096
7960
12587
5533
27830
7369
25705
24111
13912
30493
19454
28412
11156
9674
1307
9086
24774
14150
16809
3590
26321
24960
26163
11787
30748
2765
16128
24770
30426
24357
4223
16368
8335
17807
1769
25341
6863
18906
18721
13897
15689
20110
13023
23747
15621
6946
31245
20407
7402
6767
17265
12519
1923
23909
27277
734
30211
13821
195
15233
18566
32366
18365
25831
13209
24740
11020
16490
9981
12782
32015
8190
4520
14071
31511
27074
9997
25591
23752
31189
2461
27946
29379
22123
32398
15234
6274
27168
3803
6553
32130
14476
14732
11497
2472
16663
6967
3903
24798
1038
11975
7277
18941
24055
2940
18495
31983
11554
17459
4273
7189
30081
19432
24671
23782
30393
889
30013
9177
26745
21676
8072
6021
20747
32372
27901
28423
10793
30320
5192
32677
18449
949
13503
19889
14044
30413
15952
9391
523
8959
5560
31418
6755
31953
18678
8995
19963
460
26624
5212
1683
19839
21940
17684
16935
32711
9489
25764
31172
22605
22183
29354
27291
11087
2636
31219
30036
5028
30993
29343
1956
1530
19317
3967
17442
10595
8152
31426
23638
6416
21810
17873
20755
29531
28164
4215
3335
23051
8079
11077
3473
18388
24901
14645
3538
24350
4221
5261
26631
5640
31850
31494
8470
25515
28238
17710
21094
21155
491
11531
26100
7372
25146
26625
22692
13385
15968
6133
30421
24011
2782
22451
18231
16399
25352
26253
6113
3241
7864
14149
24990
9729
28739
26158
30088
26267
7852
23181
10457
28059
12312
5957
29437
5256
6274
32436
12780
29264
16560
3544
2230
3980
31078
21174
3167
12294
11993
8700
13038
21880
28774
20453
14529
24471
8324
28765
28707
27984
24824
25190
12065
25426
3912
10938
20377
15308
25969
25009
30099
888
4828
14438
4052
10200
24975
22805
18097
31424
15265
9928
19746
3860
9456
8243
18455
21203
32022
27100
16399
2644
7576
17279
20710
4304
10337
27824
3054
545
6767
15554
16450
12745
30413
29160
7511
4918
7617
31642
25556
30533
9286
17466
6308
17156
16316
15864
28233
956
6623
14067
22643
1071
8438
14496
32209
18206
10316
30320
31783
2830
27876
4013
12961
15180
21097
10405
1639
29231
27748
7947
21873
28829
10162
23962
2973
11984
10292
4859
3582
27226
11976
20457
28791
21863
7032
20627
10633
19267
24562
30018
14442
11804
30264
11835
29015
21000
12185
24295
25642
6474
28640
31793
4399
9681
10443
27184
24628
17409
10687
23814
3551
29366
6073
16648
837
11398
8584
28191
19383
22087
17466
10861
7391
30417
13268
16436
9485
7173
15430
10996
5067
4367
11933
8148
4279
18919
11899
30019
5266
10270
29636
11743
22676
31959
21659
10902
20482
27668
11149
18443
24579
5427
28171
27451
18864
9400
1822
16736
31338
13132
19030
14102
13936
5638
4868
27324
20912
1002
25512
7709
27358
13487
6573
27471
23748
23750
2388
16604
23001
10903
5615
26912
26132
10510
6735
8434
8962
11094
13695
391
8727
9700
20403
16786
12610
6328
27515
4528
21955
28383
5948
6148
26945
30525
4833
20254
3351
23177
32206
19490
26608
12953
8469
12326
24979
9952
10733
18651
20736
12853
26720
9328
20667
30165
26179
7347
11624
15788
27243
7546
8856
6608
15390
10817
23011
12623
15048
26388
24631
12842
7663
10416
1391
673
29033
20453
23079
6065
8653
29758
16335
5340
11559
8676
16127
6440
19440
11968
6154
23914
9789
27360
16854
1988
26934
12316
19179
22637
20682
5369
20681
5040
31137
18125
383
19768
3922
20260
23417
30858
10967
18531
8090
25299
30014
17835
10635
31204
25248
29184
8786
1147
6487
10923
16678
12228
22892
6364
3713
5663
30799
3732
23928
8996
17611
10946
28488
30948
26424
2221
30001
14962
4595
32401
25735
24483
5643
12173
20742
30225
12349
29884
16742
29542
8739
24995
12847
31959
27560
26571
15055
18414
14527
23982
2281
30861
22357
27864
9713
8240
18819
11078
15094
17010
18441
25618
18110
723
18680
21330
31256
24504
24238
22845
11886
7859
775
26767
10906
19973
8914
13359
10746
32609
32130
24591
22983
8179
11558
14676
16546
4513
27292
14776
17520
27025
25089
23084
17000
30699
11115
30913
28010
31968
15323
21960
26259
12011
25197
27704
17422
30294
9682
10577
31277
513
5632
18303
23224
6495
26152
20609
7813
20417
25321
2762
11592
31959
6339
22056
6061
7795
16078
15267
30628
1937
14764
13480
11004
149
19132
28007
7220
15571
16272
1657
3470
18772
13730
6598
6756
22743
17986
1702
25279
4375
11987
18758
5414
15692
18743
24910
19124
2548
26760
3008
26990
11731
28169
21539
211
9273
10844
16610
21684
23683
24309
7919
2629
740
29646
12459
11125
18022
13660
17418
29819
16427
11971
29682
8113
24569
29766
6373
9126
502
29185
11488
5998
4527
4826
9859
12605
24159
21429
3953
4917
1135
5863
23034
23163
4153
19437
14840
9360
15889
16223
1270
32479
31622
10015
23960
29842
3557
16086
11831
11946
511
2209
14027
23119
18732
1543
12814
18788
10128
32047
21982
351
22429
7759
13027
11352
1753
7528
14195
8287
4066
5169
22962
28947
5551
16464
11518
16241
25624
29136
26250
15337
14745
15824
5448
3767
24147
18808
4365
6768
11347
16690
25840
19675
27927
20502
14579
29187
12366
11173
32485
15754
32736
1979
26246
32320
5422
1727
23789
12276
29595
31261
6951
24459
3147
1782
2081
5455
20267
790
29127
14729
19761
7718
24942
10065
20453
11042
3951
24997
2592
7694
14869
7865
17939
4581
25530
7566
13452
27347
15404
31174
16757
26787
14678
29111
4509
15739
8988
21182
3516
31943
5766
32725
7857
30323
17441
18024
32525
21085
28066
30053
17877
10
26317
27283
3716
20120
7573
2596
25168
16627
28037
21645
18094
29260
16990
3733
5400
7879
19970
12204
14
9332
21904
2687
26971
4225
22993
25545
28057
3246
7891
27500
18679
16640
22227
19392
31034
32186
29792
17195
16642
16777
26558
31730
28751
28671
19337
5710
5699
19522
17562
6339
42
3078
6447
15021
10679
5816
17221
15644
656
17660
585
17889
11534
13402
12272
28905
6717
820
23652
3018
10027
2300
30112
12188
8031
24228
32285
11530
18599
19285
5806
32424
23575
26979
24488
13704
4174
6017
30023
5128
6395
2609
2893
19181
16288
4479
27628
3254
31126
26351
24038
27434
8018
6068
13811
13108
10470
24354
5987
15088
5066
1382
10244
22022
21981
5749
15174
25655
423
1346
14493
11829
32737
3892
16679
1208
567
29655
22671
21966
4940
21714
5425
11378
26623
21017
7039
20065
21997
13923
26787
27689
4918
18399
12390
6019
9093
4386
21072
29666
5706
13924
10768
21836
31306
10989
16159
16745
10842
23242
6049
1754
22375
7364
12940
24267
29626
147
27915
19660
25466
19790
22309
12508
5747
17446
15258
16327
28437
31572
24333
21939
6848
25936
14952
22261
16191
22596
13437
4905
8594
10688
7913
24193
10736
12975
31294
21853
26892
20362
17761
32284
664
12491
23600
15666
8455
4005
10600
20347
22168
6898
12230
16080
3984
12397
11885
1239
31174
13857
25736
20511
1381
10273
14384
8044
25326
11898
17552
10063
8828
20326
4935
13818
22604
4546
1293
2387
27260
9154
11674
19271
27667
23012
9924
10337
10562
6690
7911
13467
18666
1900
9865
4724
10077
341
318
4162
20073
19469
32202
12234
11923
29839
6534
19470
32160
17691
29445
20838
24154
24039
20470
15314
13712
17938
14924
20367
20575
2265
30877
16360
16304
13069
26056
14415
3330
17604
27611
31660
11370
27472
9780
3573
20439
5997
28390
7167
32667
17342
23390
5524
7207
32635
27718
11717
11542
4452
29865
13697
8558
18169
31832
1127
25890
17388
8589
25561
28635
26071
15823
12370
12535
4139
21013
9465
31954
29800
32302
1398
24389
10900
1888
6660
30573
11750
12880
12743
16558
4546
29729
8033
27895
746
16096
25536
13383
26866
27936
31545
15728
15348
4321
219
1051
25222
10679
7165
24588
11241
1576
27674
4519
14979
21589
26335
30643
29327
9693
23681
21087
16660
27390
5716
14210
20243
10493
17306
7207
29957
28616
10392
5961
645
21211
17392
16859
11849
26976
24106
22540
16982
6554
14228
32712
22644
13187
18508
22658
15072
7860
18075
14385
15682
8070
26500
14744
8670
30583
3485
32715
24334
25807
23070
21231
22768
17795
21560
31297
25436
24921
6824
30554
8217
8013
21387
1713
3408
10803
20084
2401
22592
18591
3260
15404
18484
27650
9241
24512
21938
15125
12146
13882
16886
7035
16882
31209
17055
32418
4188
12628
5543
30186
17566
1150
4504
21001
12200
30568
1533
20910
19838
11736
23
9060
20364
7257
18386
16057
8507
19075
10487
22688
6849
2684
23715
30485
22077
18879
9976
26623
23299
24348
32018
8026
4916
31232
18237
16533
16275
5879
4965
22329
23955
7535
19406
716
13237
2751
17925
6645
30736
20072
15894
2273
17713
15258
4607
28388
20774
13306
20837
16228
6870
28578
30086
27123
404
1641
21871
19899
31475
7781
10862
31775
23259
25519
14539
3743
25052
11622
28851
5116
1475
29687
7029
22685
10347
31899
26865
3634
12502
24097
29004
5783
14972
17133
32489
30203
20195
3137
13461
12353
23920
15035
25602
5542
25981
16415
10359
17061
1708
7767
6597
22296
27514
30648
11133
10399
16919
29831
3168
29765
14197
8636
6679
21345
10398
11525
15653
30651
32332
8718
16665
29424
26291
3328
32008
3352
24994
9800
24634
28325
21194
27545
14116
8590
3677
18996
15510
11694
5084
15975
19254
21607
27434
3155
17197
12170
22500
30195
30752
14203
22261
4698
15202
29840
6756
10812
22120
24507
30577
15792
2429
13929
31457
5940
25270
17833
6038
4082
297
28817
9058
26946
6234
30173
5661
24431
18422
14554
16117
22974
7108
4483
25606
23468
18392
26601
43
7032
29962
7896
4883
25057
12710
4535
14231
5937
23141
10672
29770
8570
3996
19985
31314
30752
2740
13298
18039
4247
26586
20761
22650
2158
14327
30234
29864
12429
28387
21442
9134
23995
470
28598
25775
8803
18975
19544
17812
21911
24
18410
21924
2901
25177
30454
9812
25097
23852
32237
20064
18772
17985
11790
8986
9740
163
27017
7170
30596
7403
4837
5272
25101
18868
2975
24686
17084
10318
1556
25985
12398
22967
11936
12489
3594
22470
28680
14607
4614
28330
22293
17407
26413
27283
22914
8574
19103
19887
1049
12606
19225
8792
21528
26255
3446
15756
16345
15992
14966
1437
12978
23558
31167
4393
27
16100
7713
12877
4622
18476
26398
16918
22196
381
31658
16440
12605
23118
559
6915
29199
20353
31188
13202
6692
12603
14591
29254
28077
31476
13592
32627
6652
29130
30609
29784
29344
32027
25635
6229
2514
27986
13402
32344
10256
9473
19539
5785
26375
22577
19653
2183
29622
22006
1598
26881
15313
4166
12719
8394
2659
22026
4651
5943
22456
29558
25580
29995
20602
11414
15511
5189
22554
17962
16576
28248
2673
4276
21169
8476
168
10703
7783
23075
23893
26562
9950
16142
25574
9045
14479
9728
8003
21476
25910
12883
23471
12721
27864
10634
30703
21118
14341
5255
20911
29788
18267
255
20769
27326
15435
30506
22503
25041
24352
30655
5939
27664
17980
5663
4397
3603
677
720
18837
15527
30145
6702
27049
292
13406
19293
23369
14331
6901
27522
8025
7567
30512
18739
25447
7494
27305
5164
6797
5855
27381
27971
7577
3590
737
12958
5740
30757
14587
23587
15008
7294
16213
31792
6510
14967
20613
14476
206
27188
24048
20382
15839
27499
29513
32221
15498
22132
29524
22408
19042
25504
4592
27287
207
15564
12116
15601
6764
3382
30873
31455
14253
17295
29049
27073
22213
14929
19286
29440
711
14930
11645
23363
32267
2970
21165
31206
27603
2161
8147
1192
15662
26301
6168
17315
25885
11147
21021
16770
6133
31980
21125
19438
6660
17922
28597
22601
24951
24922
8919
8351
3963
15740
27173
3289
1187
12225
8292
15412
5258
26981
28078
17138
7353
17117
13685
28752
715
20843
9669
12471
24015
31471
19401
24630
20205
31744
20881
8496
19789
5179
18706
2898
26932
19675
10351
18120
19056
3467
23415
26545
28151
29560
3694
7632
26315
7849
5648
3204
9760
27027
6355
24314
3777
16104
23917
27809
22448
433
25238
478
524
15260
9231
8450
26168
1431
12515
20345
7226
24221
30445
17219
17249
25808
26522
1193
27947
9417
23024
22568
12133
29484
19919
1202
8596
1151
29815
18966
18836
14140
8779
7100
15231
17444
3541
29589
28881
18647
9
20818
6857
24738
22990
14804
29714
16280
4794
19172
21922
996
5405
14117
4835
12637
6978
15942
24848
2907
29169
30076
19938
16585
17464
29744
2413
7804
21612
14581
1860
15299
18026
23228
15076
21824
24354
23115
29520
18934
23895
10219
6648
28322
20384
12641
22751
11087
2995
3104
27645
5925
10978
4029
8675
1666
12262
29859
20381
16204
14812
19208
15324
18309
26765
24096
17749
543
22002
22416
18532
3602
18680
14117
2037
7085
1408
29382
7588
11305
23978
21159
13603
28548
26707
24000
5852
13453
220
27262
17880
7995
29741
10168
13536
6466
32506
12772
22242
12520
325
2187
3734
23061
2853
30714
16736
17834
9925
19259
4473
17172
943
23107
842
24609
26443
18541
4632
15122
1698
1831
30694
15089
11624
28907
11415
8741
22074
4210
24660
12099
6180
26660
29997
16423
3430
19922
15363
11076
6008
11943
30885
17208
9291
20316
28985
14499
22738
23724
3294
20026
17601
24584
17807
4887
917
27787
29002
5971
28372
6192
9842
20183
17814
5443
16243
5743
27972
21
16804
3873
12192
13556
11121
17340
6661
16986
28089
19635
25072
19301
5237
26156
29376
28295
25243
11349
2234
1151
25922
29175
32080
19336
16902
25933
10403
21200
17582
30486
31814
14891
28684
14313
15173
6665
5669
8137
29542
10150
15250
29689
7086
27008
18982
16145
31783
4110
22225
3922
17121
18095
32452
28471
27191
4321
8150
19532
21587
1971
28711
16451
16373
2941
14595
28741
31343
15822
14601
30342
29429
22438
29068
2588
4883
12261
25401
22801
127
1540
32250
18615
11281
25859
18459
4155
21008
12962
172
24957
20399
16084
16678
5151
29143
26481
25169
1757
8487
9259
10340
11036
3898
3779
31342
28357
18728
15229
10486
30803
21327
30161
2014
26923
12883
13667
24462
6700
1379
24373
31054
1672
5566
10011
19186
22738
32630
9584
1469
20056
22388
29960
3200
25778
29373
28005
5378
1435
13044
19758
30884
9472
31775
26844
30789
1367
14254
12727
30564
5682
2233
10497
29316
8468
5513
4977
13525
14467
2650
227
4368
7518
14687
31821
8611
3697
31751
30709
21518
13895
14719
18913
17293
11071
13944
19599
9975
13794
4650
30695
21990
20852
5272
1646
10520
6857
12822
31420
14869
8539
26633
6448
17938
20121
22255
10722
14358
22401
15775
5849
7771
27760
14801
14975
3831
6969
29152
29265
16315
6005
3023
18907
21852
23835
5515
20964
11728
24913
17007
30694
10747
17793
8717
29121
14987
16558
13356
4527
13345
13065
32269
5755
11953
6079
1267
19438
29739
18710
20961
3979
16987
19128
25254
3452
25614
3662
11287
18891
25974
26193
4508
18901
26575
6941
30190
29180
22595
22088
18718
27549
3595
22577
14298
10050
5080
11228
24556
20248
8305
19709
11779
15779
669
29778
18614
19632
1091
32310
11462
4235
2256
8052
24227
21363
27353
23641
21810
25931
23810
30221
462
5010
21022
16931
6541
23957
12439
8302
964
14563
21776
790
4557
31234
10314
15596
25607
13664
19524
2555
8223
11404
9383
1631
23694
7078
15968
1883
25955
31509
23183
2725
15939
2423
8352
12292
1454
12766
15287
28957
7555
8761
26450
2954
15559
9744
12074
20781
20130
6517
26202
21188
17066
2103
6594
6333
12901
19800
430
24139
8
18113
14003
697
21125
28981
11738
9471
4805
132
16385
7571
20018
18433
16509
19073
8825
1845
26372
25022
5774
28373
4299
15801
1264
29170
7403
22580
31534
14192
26633
26450
12970
16313
11062
20721
1693
4786
16916
26681
2907
2543
7226
10613
10969
2851
24026
26658
27244
18138
29601
9030
15827
20330
7647
29700
2936
7206
14056
19052
17907
19670
14522
27800
16080
16740
17888
27636
5778
23000
14742
1245
28151
29318
813
7278
15486
28806
20657
20630
28711
29285
19658
20078
14970
31002
29664
25290
11978
7484
17538
30991
5563
9330
20233
31812
6658
2858
26744
20075
12908
22158
1191
18961
27938
17075
31649
548
43
8468
15946
13317
17202
31552
15941
8158
30346
19919
3348
15158
31599
28570
30337
29122
24975
31020
6717
26750
28105
16499
18632
30461
32308
15547
10128
19197
28515
26334
24669
27199
26343
27060
24556
1686
10006
14033
26586
22589
20491
21360
30661
29293
12782
29098
20909
17967
5238
10732
7584
18288
6059
26791
28822
26707
4593
25673
15002
24267
3906
12141
24618
26728
21947
15182
737
113
4954
24194
15699
15412
6406
13285
22073
16794
18127
26067
11982
3070
3448
14746
28792
29503
10546
28462
15787
10516
31147
18719
27146
8352
6983
20681
32208
5191
9645
10955
2159
7615
13190
4026
1655
5226
6017
15638
24248
9699
25243
29308
15019
23767
8093
20254
15886
2582
26598
9073
25039
17385
13674
2853
30251
28583
5627
25434
4119
2435
9160
28945
26079
7848
26403
19424
24333
11656
1415
24811
23436
24688
25049
8719
30221
22112
4590
13664
17834
28187
19790
14550
25289
18298
14647
28227
13124
28421
13797
25480
16839
26564
4369
27401
9337
1875
16824
30814
14046
22581
4381
13644
11004
30314
21777
25331
13756
6724
8050
23368
23188
17782
1778
18118
6755
18030
27929
23137
2460
1509
25998
12732
4519
21172
8850
6555
24964
8169
2765
24219
20914
26906
23629
29729
16207
12537
204
1936
8832
20009
30513
21439
25619
31312
30298
18602
13923
22382
11545
23399
30076
24429
17276
4700
21120
29177
338
8624
20042
29841
15850
11263
18256
14558
32030
31570
7886
7492
23952
17998
14625
7096
15412
21931
23920
15057
12559
7656
14482
5409
18750
8509
1836
27333
8761
11730
11034
28987
19033
19502
12305
21876
2712
29170
898
9258
32153
19655
25537
3188
6120
14741
19046
12440
1410
15350
22004
31008
152
2538
30392
7728
1424
32716
25332
23318
2125
4228
5693
35
3760
1535
24610
22201
21598
9692
17934
2982
23492
3688
15472
5040
4185
24525
31512
15985
24099
1414
28900
27494
25213
13334
6813
5442
6679
28410
16668
10120
12350
10972
25265
21080
21342
24585
19397
20617
12997
8485
8893
21497
2473
2590
27426
3105
23405
7006
17407
31469
17696
21829
25995
3018
2119
10198
8712
8448
13020
2736
28139
2882
2198
20800
13117
8067
4459
3894
29761
24332
29012
8501
343
26060
27984
11727
17952
4847
16811
12976
29155
8114
11648
29209
32560
6261
22397
21649
24259
27665
28646
4823
18858
1389
13276
15386
32427
9036
13792
27756
28384
25193
3987
18293
7588
11718
24767
2916
14259
2369
16283
20523
9612
27240
32331
18156
7450
5006
27047
3502
30356
9503
25917
27477
18594
22832
2201
2001
4033
7514
8644
29845
25832
32457
16650
6475
1900
7312
12800
22726
15905
5183
1478
568
21442
7352
4746
25253
12946
17214
3149
2711
25412
32463
6890
7188
29464
3508
4436
13517
1352
20822
10783
18584
5026
7251
27970
32
8822
9937
8987
28635
27570
7443
30899
15165
17740
31818
14660
30764
18144
12717
16632
26291
29339
12235
3316
20730
25943
28192
3221
10102
20999
1767
6137
11613
19542
26416
12226
18781
9867
17714
27158
20109
26288
20706
12522
20900
5875
21189
13697
24169
30028
11522
15663
8554
18016
29371
11107
23025
20390
2461
27877
10292
15560
2486
10331
3020
29772
20359
22546
9832
8051
29787
12539
5827
26977
8407
31476
32723
14719
28113
15945
4164
27934
18278
27259
7716
21597
1606
23104
10976
30284
13139
22730
25455
24657
10603
3148
28877
1227
2433
27067
11435
27894
13555
5586
3685
16911
16919
22360
25652
29112
7959
32421
11429
29085
22272
26211
9289
26200
11541
29074
23470
12690
617
10958
27023
11115
14765
26837
3400
2844
3398
7236
21900
17115
2979
10913
8026
21248
11725
31390
301
22629
15423
5532
30324
23058
30201
623
24385
6682
11728
15713
10309
28096
21000
29049
12028
24798
4644
22269
13861
10376
5885
23349
32373
10476
274
30066
22412
4732
8479
19791
15656
23120
7921
5687
21657
4549
632
17447
24181
24939
21278
32181
28812
11038
16727
28498
3102
6002
3705
25548
25676
4693
9935
17943
26829
31471
8680
28748
26850
2765
7477
27634
25228
14399
9428
1917
20988
6142
7846
25876
5451
530
27559
26263
14443
32243
13183
6881
15710
14831
3668
4170
13477
4555
227
12400
14844
26797
32463
2360
10564
23098
26424
9999
8129
1787
12176
25718
7557
5
12458
21181
23340
5593
18964
8206
10186
3721
20391
7854
25378
1820
30044
20864
26649
1076
11618
8651
31594
30190
11373
8764
4762
13066
2128
815
1839
12108
9422
7210
2589
28961
25261
11946
27521
2694
17677
17955
2705
6438
248
22850
467
4546
11066
4213
25486
23254
30835
21933
6783
31354
17258
4451
17100
23430
19876
14553
3902
28153
28214
4514
3754
9884
8919
20068
26032
8674
14137
26845
20648
28179
30362
23844
474
16553
7062
10801
12269
6907
29247
15264
26787
8728
24687
8370
31683
11766
18525
13461
4694
21452
31087
7141
17941
28604
9039
15218
19747
29109
32577
3140
3576
29080
9140
28892
12189
20121
13846
28605
31263
24041
28397
30507
6974
27794
9252
3635
9061
6306
19874
5867
20191
17803
14370
1531
28487
12234
23102
13148
2368
25543
32716
10336
31335
7164
16238
3827
15238
19034
28261
9760
4875
20712
1702
24535
19384
11694
13104
3053
17307
7633
30364
13412
26433
31743
8182
3821
27943
24077
459
10155
25969
13791
8067
10554
29150
31113
17649
26096
14844
5811
15401
1634
28568
13634
5522
298
30585
3381
13884
16360
2638
21452
8307
5511
25060
1008
10900
27074
18076
1487
6175
15846
4381
31175
18702
28377
29766
10885
29541
22619
9062
27246
6923
15756
10416
24637
15320
6830
32745
1774
23023
17453
18788
25820
27726
30428
10544
15910
21923
15746
9872
18006
24417
20373
8107
5445
27412
19781
9605
25401
19954
31933
21550
20561
2738
27813
31546
15139
23969
8171
10864
27299
20210
9923
30407
3911
16213
18668
2958
24424
8908
9525
23530
21228
23994
27201
2181
16930
30781
3207
19845
27629
7102
7580
3259
10021
3783
10421
18461
17210
8980
14440
8311
23578
18924
27058
11357
9557
17074
12350
15204
28799
6071
12260
22930
29399
23890
20337
10002
3621
26419
26790
22572
8425
26612
14723
29045
8625
12017
31429
5187
2507
30810
16301
28516
21276
902
771
10256
3408
25482
1371
20251
20020
15883
24727
13935
351
27728
29869
15034
23320
12955
4522
21860
29300
442
759
2756
18111
30425
24539
2195
13341
3482
17730
2209
7025
14440
23741
19398
16766
21256
21705
16668
10573
9072
11860
11627
28110
23773
893
26341
24257
22816
11164
30996
25815
31800
24706
17680
28949
30246
18690
29173
31610
22269
3248
16788
21729
10553
21736
7529
20521
1617
24338
28622
1682
22928
1061
7533
15210
17696
22890
13051
8938
23912
20099
6948
4187
11928
27819
28865
20348
16513
6975
16721
11560
3243
3454
21415
29492
6817
15757
18144
23447
13968
6333
7576
16077
30224
16657
2398
381
32578
2043
2660
1369
17947
1639
14203
8517
13311
30202
16959
25788
28050
12188
2959
10864
10955
29492
23617
15921
21834
23730
5651
6672
24811
10835
28900
32452
4763
14368
6180
27469
10602
21689
15497
14295
7650
21328
28163
22496
27543
32504
20979
1949
6400
21280
2456
26778
29061
7514
23753
20898
9689
27746
31978
21982
18058
28763
29721
18240
19671
12379
5288
14371
9665
14634
31952
16427
29541
10567
675
2163
30856
15916
7235
25319
25204
18131
6226
28910
25859
8057
15017
7501
23801
6818
4429
27976
27798
31581
5534
27913
18028
25801
28114
15174
6767
25304
25250
30751
22859
28755
23875
6981
16890
7711
408
30049
28053
16318
14502
24756
19818
16664
16200
25850
20304
2428
3364
21141
7223
4066
10205
6375
9475
1139
13963
23552
29083
13131
26984
3449
26172
1149
2507
3231
29460
15703
18011
4565
25100
26344
3964
26931
14053
32192
6158
16499
21894
20215
20055
3086
25236
9841
24893
18338
4676
12895
9657
5527
22893
16393
28808
514
13538
13772
14372
27849
31486
28254
4850
24329
27520
22874
26045
20404
29081
1272
22115
7039
19524
29979
22222
13307
4310
27538
23590
18945
15318
1431
5701
30548
17422
21148
15212
11138
25570
18504
15412
24587
3297
14268
29639
22469
14746
10266
10319
28031
4529
14920
28591
13797
5170
31217
19570
30884
15396
16333
5888
17614
21346
2339
1816
9343
26534
26764
29050
13249
5607
29689
3556
7853
8165
21495
22848
19155
2
22578
26652
12252
28499
13624
15706
9070
4599
20352
31017
7248
15783
14251
29748
12495
3727
15369
6937
21600
15964
13151
7708
6278
29079
25832
18717
29942
28465
12697
6087
23290
30303
25257
23051
6163
9896
16721
31948
19426
11835
23505
19164
30024
12935
7091
14888
23245
9990
4435
6447
21054
1625
6303
12473
11162
8602
15132
11717
17200
31214
29482
26563
32513
22617
13448
22275
15211
6103
24090
20334
27401
21928
30954
21364
28117
31723
26734
4933
25487
23150
28681
27716
32099
16837
12755
31928
4806
21657
2717
8133
32161
835
28464
26012
433
26009
11990
23534
17197
26376
16156
15014
4266
30948
29909
18647
1085
16123
20066
3571
16351
27248
13105
9023
18709
14023
19588
14723
18384
15676
23412
9990
11409
4697
12341
4537
466
25031
9883
2483
27810
31845
19421
10205
8335
3223
4506
1263
19144
25825
12825
7323
14467
7348
10709
28935
15517
28551
27193
641
6272
4650
10664
28527
27722
29271
29888
20612
29228
5259
25824
9530
2319
1043
8167
25724
21118
2410
1343
1442
26560
6850
11291
5539
27204
15073
5884
11398
29507
14894
16506
22298
9888
3596
25921
18663
27923
12902
12122
27236
6534
18827
9900
5995
32191
28221
2754
8681
12864
27652
31182
27866
5483
20937
2286
13173
17898
4767
12719
20643
7246
10468
14544
6838
26614
28553
29256
10072
29491
9646
1673
3009
4777
20594
7431
27950
17401
28425
4084
30094
8093
13583
3406
126
8723
16155
18716
5239
4157
30104
9461
31814
31496
4560
28865
5309
9804
31050
10436
8873
22259
25430
21720
17668
19550
31974
27897
22379
26884
32415
26375
22738
20060
26928
20936
10870
28670
23523
8493
15123
25093
14705
4054
29271
26295
3867
14807
28823
32616
29174
21693
30402
1179
18055
10444
2707
2411
9871
12171
11018
3625
22824
31619
10524
17991
4369
19779
30890
30068
25927
31143
3504
10249
14293
1370
6591
19108
32492
6554
15789
25874
9270
13883
907
31859
28264
17647
13527
24728
10519
29124
24819
26800
32460
27886
10198
25380
14682
31175
7426
15551
23663
28436
22197
8978
20074
3210
32100
9751
876
18833
28517
7444
24242
327
19692
21186
15906
8136
56
15535
25635
13485
5646
16865
13234
3794
31335
21692
29363
17757
28006
25638
1668
20987
17548
26600
24280
8301
19503
3159
707
14148
23848
16693
29713
24040
31437
12242
23772
25567
3359
23670
15198
27980
2884
30467
3
26806
10807
7895
20930
4619
25534
7664
27822
9957
27036
24403
20168
12299
22792
9390
10008
1083
16991
16188
15100
26663
22806
20457
13759
28605
24562
21175
5741
1195
9595
31072
12262
13859
9390
6461
28466
13787
7666
12390
23572
9817
15437
17947
2018
7789
6872
10850
24211
1535
15984
22770
3610
12298
22447
848
30707
21993
24858
1592
24827
22482
28060
20030
21380
26272
15156
28597
26537
31445
24042
30160
26079
15583
5895
11527
30669
17050
11397
27836
23390
17943
21701
9247
19476
14748
2688
11855
5791
23787
23808
12738
2734
14279
4240
3814
16133
7605
9009
8712
23503
7936
2446
23670
24374
2815
14386
30944
4146
26522
19705
20228
5022
523
27844
2699
22417
31970
10609
18733
18667
32588
1035
25628
1838
27028
24381
26784
2704
13034
30221
1022
28750
21604
10951
26271
24898
25922
16950
25198
18104
19574
24346
18562
16766
11108
20951
18941
5946
26086
4203
24628
2560
27539
27298
16
20004
9793
20109
7348
4685
12744
12592
15711
19915
16649
28539
10900
18731
21551
15228
30329
5384
9269
27090
25726
25380
26537
13157
29758
30135
21679
16212
5034
6406
1096
2351
15460
23352
6868
30567
105
30309
22998
13826
18931
8433
32504
10643
21150
14360
5199
3690
5577
30921
5599
6152
16959
15032
4194
9430
28439
25007
7493
23062
6104
31012
24564
15385
9185
11793
26711
5810
32008
6912
7836
18924
31106
6757
7224
20216
7427
4913
5672
2409
29989
29604
15485
14500
5390
20067
13079
7569
29773
19914
1969
10391
13574
29059
18718
17352
5455
19032
9169
3416
4057
10309
10147
5716
28627
28370
6865
31120
23563
928
32324
24290
7511
2881
10006
16013
9267
26700
4433
30976
4523
12465
20474
5825
18300
3403
15950
17572
17270
14260
22091
24640
18980
2653
20594
10403
9391
22238
28876
26437
30208
30346
9515
9531
27429
18759
22706
16557
19190
5789
8343
30346
10488
1292
9768
13434
16257
7075
29196
18197
13597
462
31948
14418
20785
29040
10386
29250
25566
3889
2096
31230
25896
7450
5987
22238
3928
15199
18521
31211
30878
11131
2674
14743
28667
18818
11844
13740
8542
12211
19169
14211
17678
14413
2140
25206
24135
20901
29577
18583
19752
22644
16133
14243
14285
27765
5494
21041
3768
29488
24852
18735
12405
15632
11369
18831
28797
188
84
29246
1372
8356
25428
26198
8719
28378
24067
20372
16048
25380
10465
25868
21589
30543
26451
18971
4149
7622
5100
22942
16908
1635
490
12641
2497
9604
6148
4571
2118
12642
10339
26136
6081
2462
2542
2038
20201
15645
22218
5268
21426
8726
29729
25864
16684
13417
18211
32592
9384
11827
15179
5003
22046
3743
32228
22890
12235
767
4811
25057
26910
26139
9846
12578
6357
18888
16693
13515
8804
16061
16312
27230
4758
20131
13522
18931
12150
23659
6268
18729
16240
24292
26653
2658
19380
10637
7177
3120
25051
14248
5703
27914
6349
11663
28311
5956
23778
1099
16307
26942
18247
4963
22998
11739
1188
27890
32379
31028
3835
16380
2407
15758
16084
13570
10985
11402
30615
30932
5985
14492
29497
27047
20479
19134
28954
6759
26829
102
19502
8271
28656
1461
15452
24246
23083
24561
18211
17708
6308
15413
9091
13253
15339
5735
5403
31157
18488
19563
655
8733
7924
29078
19244
805
8571
30310
8143
17227
28961
30832
25346
18683
28787
20121
21609
18527
27071
9609
2909
25464
32470
16477
1238
4206
17936
12700
18574
14884
14481
8301
26979
20240
21963
28167
25853
12874
8260
20328
9906
17122
22425
12106
12710
28023
5060
27731
13879
31749
9626
18316
5784
6143
24727
5908
7867
12958
12766
4374
29557
18296
10364
17144
31965
11604
21229
2261
20469
26941
5601
6446
23436
14293
24640
30940
23650
16620
24683
27465
23694
10577
7877
13024
16925
30440
8562
13762
12540
31485
32094
23227
17432
14040
30849
12916
25027
28306
8546
16618
12122
24103
32730
31518
26660
17611
17179
19727
7038
14978
4336
15333
5685
1003
23111
30831
31540
22620
22764
30159
20319
20020
6807
22644
31934
24941
15657
20809
4318
18545
16435
14636
14964
2863
4024
162
19012
4205
11316
18377
15169
5472
5084
12942
1526
17274
20776
19743
17188
22659
21135
5284
25005
5355
28561
30762
29616
25695
16123
26079
22262
29850
8807
14469
15501
11902
11010
6433
21426
17763
15250
10483
7157
20655
2999
1963
8855
9126
28784
2522
12087
22404
3554
13223
9133
15305
22101
19395
4919
8405
31360
6815
21715
12468
12038
10716
5355
19003
27456
6147
10807
4692
1341
21622
12768
12182
20231
22438
14049
25625
6440
11143
26803
31112
15981
22593
9513
13175
7402
2345
22937
15351
8254
32239
32572
15976
16665
7192
14039
9359
7675
13487
18331
10729
4414
21048
1354
14654
26710
8934
24988
18552
8280
21262
11489
9910
19385
27610
18919
28829
1368
2626
22814
7918
5311
568
7930
25438
10150
16931
10649
18338
17593
2703
31142
17097
23452
20003
12925
14542
5675
19923
5520
6254
20230
17751
19721
2871
20813
15323
18865
27618
17832
19704
14352
30434
28811
32227
20694
26941
9656
29412
2169
411
5381
6410
25120
6044
21599
6174
27072
15727
19215
8405
6532
8097
25148
27465
11891
5938
7857
31146
12365
8686
2017
29489
12469
13562
40
11094
1429
7598
29268
10563
703
25762
30820
17288
30416
26380
24464
9232
28506
6729
11657
18516
2114
11705
2817
20942
19046
32464
14190
15025
23939
4970
27147
17111
4439
3679
17440
10491
514
21080
14468
1064
23474
18145
3168
20849
383
29631
21813
2531
7060
26243
6177
21688
20624
5727
28254
10701
11820
14905
21259
30807
1309
17662
32303
9681
15420
31801
28923
31033
24292
23780
5967
18043
27291
17021
8832
28206
8181
1117
345
1406
23222
32070
6495
14953
13623
12603
9561
18479
31499
1428
23824
4099
12001
16209
19028
10759
10156
15279
28479
631
2306
5881
8638
22308
6850
13729
16460
10533
17402
25487
9217
30409
11528
32185
29644
20944
19711
23028
15613
9690
26188
24841
29958
17183
13977
3852
18562
353
24049
19945
23414
3871
16677
24128
24279
16652
27503
17011
8013
30143
13142
24573
28983
25004
9937
19205
7663
22355
687
28722
13903
24503
14646
4290
28276
14098
19467
17622
26305
455
32082
30736
1575
19864
7189
5216
18852
13081
28650
20251
11530
11108
2000
19534
4354
28175
28763
3153
16976
27483
5393
22431
1625
13998
20755
7396
20706
30020
29440
30040
1818
9505
14358
17228
29659
20554
666
7938
20781
52
20346
1474
2828
1405
12082
32554
8043
26586
17900
11462
16248
4689
5867
30689
5666
4008
7977
20890
22488
27421
831
14650
32660
2391
21638
31940
23833
3485
12668
26574
22649
8006
17769
21648
3801
9072
27458
21307
11384
16117
30669
23436
10222
13467
28422
15520
17074
29579
10434
16138
29407
27141
10386
11555
6712
28753
11498
13729
11881
24569
14722
23659
13968
11061
8445
28076
16891
2215
20937
10022
15411
1864
27206
3018
16954
7843
22570
5509
23826
3905
1828
14684
17790
10084
25279
29115
5389
16376
12170
17162
2131
1478
32630
28290
13946
25323
17791
18239
25082
7304
19598
23958
18084
30908
5534
29864
2277
207
24862
30263
10825
13232
26519
22713
10046
15522
1423
11179
8731
562
24237
15912
16224
8556
15390
5050
5951
10574
10806
7024
24668
10877
6491
23857
14290
28471
1567
4431
10870
28553
27820
22111
25439
21954
2917
31049
9126
10023
14538
923
26474
25832
20636
1059
23575
14675
31810
17852
3048
1352
23148
26728
25259
25069
18934
4255
28613
27298
23567
8423
2421
25400
12698
12709
13661
3677
18388
15155
31294
18523
30776
9778
32515
14851
12192
13858
6913
14307
8364
560
15229
8640
30055
28750
17006
22080
17448
26249
17029
3814
19383
9879
15467
14403
15025
1968
16714
6763
1582
672
7822
26023
5024
17433
30445
30569
14847
14669
27812
27525
24099
19132
16644
19869
11889
14667
3374
32477
16825
20887
30747
9193
7519
27016
3551
12052
26297
23593
7214
23251
17337
30647
14367
10353
11980
4600
20784
14084
16897
14029
30090
1695
15726
9483
11143
31689
19664
3463
1138
14126
20593
18544
19598
5525
11599
29922
31833
27666
26746
14007
20241
21629
4542
1697
8824
7714
16770
18550
981
14010
11760
7114
3643
8091
6998
6851
32269
17195
11212
31529
7618
16026
21016
17853
28646
29649
27598
6092
14945
30629
18108
8963
22268
12369
5508
24453
27937
14371
6027
9275
30946
22645
30738
6507
17214
12511
10403
14733
12191
24235
15023
21594
678
14473
31861
18469
1579
29316
23845
25966
11904
15925
23622
12469
9462
15159
2133
30348
23459
19419
20655
26096
3682
8732
11953
9433
21786
6357
27165
4880
11076
11569
31935
12097
4263
11363
22865
21073
10086
27032
6557
13553
29501
4138
22497
29556
7688
26135
14199
989
25989
4785
24757
21053
5722
15767
29715
30524
14426
6627
14475
15605
20484
12709
2374
26119
22860
1425
18036
27368
24479
21748
19836
8573
22305
8685
15445
744
6969
17881
1075
930
13903
10767
3943
12745
22228
30926
32384
3515
5507
23155
16567
20707
28903
4847
2954
5843
8734
4985
30118
7315
11996
21632
14602
2617
23731
3044
24682
31418
27025
4965
25553
13824
11658
4956
30859
20797
2519
17833
6210
10622
18719
25836
871
27779
21750
7160
17108
9166
25764
2436
27823
30202
2343
11300
12433
4686
14971
19064
28391
31378
18968
11171
24473
7969
24253
13311
3050
320
23916
14864
8096
20398
25525
10166
21860
12669
14136
15270
619
13087
20070
32538
1366
2500
22151
17352
7255
8420
23297
15889
26262
9751
29143
3964
5331
1837
4464
21858
3404
5755
29594
4075
1761
18803
10702
30009
24438
17784
18102
1250
12697
12016
16620
28580
28004
28314
29445
10068
30885
24865
23758
11032
6717
9458
2517
25558
13510
31307
16683
9452
5241
27029
25193
9506
21582
9204
5105
988
7780
21020
9846
11925
19364
17766
20927
14984
9890
16163
11943
1712
21955
16944
4713
14835
12453
8907
12058
29083
1211
18596
7543
13317
3384
22327
13281
31645
8751
12378
20134
28170
25336
1298
28034
5029
24533
26795
19046
9008
1749
6664
19831
13765
22521
30519
602
30476
9366
20296
29359
9649
24058
1632
2523
30741
14162
16393
26123
14660
7884
972
14966
12840
20984
4098
9954
13052
4468
20199
10345
20738
14280
8688
1917
11385
14223
30559
26410
21194
17624
24084
22939
4354
11723
2982
7648
19076
9872
2226
27374
10240
3180
30579
27623
12959
25645
10387
20892
12160
6089
29249
7505
20328
14146
32132
2240
1717
16588
32207
12128
8596
13362
1749
23782
26740
30070
29854
9484
26811
17080
6619
10386
13751
16728
10359
11139
13783
26207
2158
24762
20507
15899
4322
3748
3529
22282
22380
29000
1122
21498
2480
32132
7124
26989
1332
27033
1265
19010
8562
7914
29728
18322
24619
30976
29778
10201
30719
30162
26168
31062
27963
15171
32692
25524
11506
5613
24461
15593
24143
21789
2406
25951
24105
10270
24049
12113
6360
24763
25440
21881
13895
16127
29212
17640
19531
10815
6586
15925
2867
31579
21035
4569
6305
15424
19762
31706
3224
177
31771
25255
17621
15432
7595
32067
611
14775
26707
9382
1386
5972
9384
21601
6984
27861
19480
7808
21218
32343
32725
5812
19260
8358
27670
30898
20552
12984
27519
3542
14844
20602
32477
5644
16807
8912
27927
14320
16773
28886
8034
15412
4753
22125
3507
6210
31898
17395
20346
3107
27801
11089
9357
22432
25922
32315
2658
19111
24025
25011
12674
13552
839
15055
26426
30943
3949
30909
18324
17837
10936
16388
19334
15555
3062
23308
1896
1638
19048
5089
11691
6553
5656
23348
10697
15167
19052
24739
26488
30849
3836
58
6691
8303
31393
10553
6298
234
27854
8727
8457
27329
4388
19912
6439
16666
16704
22076
7855
6164
14552
24616
31764
9898
20486
11272
21873
4059
12259
18533
8638
18183
13656
14675
17482
5021
30257
14655
23141
30707
7283
30439
4445
32629
3056
29866
6317
14338
1560
27906
1136
23187
16402
24655
13340
26398
7948
12246
4460
14266
3791
27145
15262
20227
9878
11273
29407
26048
4128
15465
22532
31683
25860
17205
21626
28689
30277
17202
16000
25667
12838
14440
3475
28460
7231
32734
13098
25276
3025
27813
27556
10532
9303
11799
7039
32059
15453
27489
3274
545
9877
14399
8413
32290
4392
18183
19015
15581
28490
31721
25352
23717
8465
17781
13057
2855
19847
24157
15016
30029
8958
23677
5632
28259
29091
12568
3017
4729
21590
32357
7411
26632
23481
26186
10329
17624
28551
13927
30380
31264
23080
5462
17069
3056
12930
5425
4512
30668
6161
20309
28669
20121
30010
28006
26216
9662
15324
17300
15075
9091
20521
24604
21059
10940
5556
13329
17888
27052
21194
14684
401
20516
24070
14850
32216
12523
18976
7333
27225
4706
1030
23118
23697
29288
5934
361
22212
380
3114
27153
15159
6433
5501
32654
32672
29063
32429
17180
13531
23143
4505
27630
14046
31535
26125
18547
6383
24159
20372
17624
8725
19507
23949
15054
28108
14466
8577
28301
1276
18406
12212
23833
812
12317
3578
16324
7155
30639
1228
26868
5296
22737
1691
24102
1659
19338
8548
21299
31836
31508
11909
27346
16826
10885
13519
24671
29974
19631
12508
32475
13049
21316
14243
2355
27946
31038
10057
30661
16933
3197
23099
12064
26825
31410
4217
5131
1105
9597
821
8394
29829
16850
22172
24476
30257
18081
24052
28296
10199
11958
26087
28761
18081
4574
31006
3816
14233
22859
21266
29337
12572
4921
29983
21288
6284
10706
4571
1446
26694
335
17061
11198
12756
16737
15233
26685
4195
19919
28963
15570
8055
12896
25929
29969
18909
1531
3406
17086
1250
2317
1788
28489
19394
811
4003
18069
28515
9209
29031
7933
3651
27466
23262
8857
18607
23688
21723
15805
1335
343
19076
22211
22878
32629
22443
13067
27286
17892
20827
11583
23403
5452
15536
8412
6398
26523
10220
12014
7349
31470
6600
16411
30257
948
2824
26594
12672
18960
7762
3365
28052
13952
2624
31717
14068
4541
27060
17486
31410
31714
26220
2803
9629
24271
29142
11866
17335
24528
37
26043
13290
5242
31140
15621
17398
32470
22090
4642
18606
5314
6031
30588
1636
22163
5247
8128
32162
14591
19469
14050
28699
26171
12713
19553
12768
6752
10261
13004
6871
7955
7796
30853
11370
10853
932
24005
16252
9464
973
27616
20129
7012
17466
4554
12430
24280
4456
27098
22222
6405
13149
3279
25783
22327
23611
5649
12957
20677
25877
15673
4421
27820
19713
10450
24988
19063
11887
24161
21673
21090
7865
29604
26561
4286
11259
25880
28922
24727
27940
13757
20450
10645
22605
15389
5744
13600
21322
16523
15930
24263
12927
20649
15849
9187
6645
27693
4842
22135
29870
28388
4967
30555
30261
23543
7286
31642
23160
28269
28816
280
22490
4849
23108
13944
30597
11989
26412
31292
18429
22616
20257
29998
7675
25636
23467
13311
22392
27675
25531
1071
21768
13139
12189
6188
7529
2911
22824
14014
24412
7889
31800
31138
17843
17660
19294
24438
20908
17151
23765
13525
12157
7679
17336
6338
14640
25267
18803
8266
7089
1574
23416
23909
21030
17336
307
19742
27518
7270
28223
28915
20045
23372
1242
6015
28375
17256
23702
6230
11114
19105
8530
1841
17138
1544
24169
8779
6599
11101
2601
10
16585
19413
25991
16354
29359
11290
1040
17015
31644
23956
4131
11521
16115
31975
8030
15349
20333
14781
11094
10466
19817
3013
651
10136
32643
14588
17819
16016
22887
4395
17589
32392
25832
688
20817
23918
16716
27778
22558
14463
11498
20848
22332
16816
19704
20649
1196
23629
10142
1921
14597
11488
1102
16498
29288
24660
9816
4961
949
28250
5561
23331
17407
23308
27188
9280
21054
15312
19621
30967
16708
896
8849
11906
16371
22984
6145
6043
4524
463
31633
16446
27402
5145
8388
5809
1745
4012
15514
9666
1825
1649
28773
17488
30448
26846
30424
24076
32695
13522
10081
14721
10090
3008
17337
24402
10926
29712
17337
1731
18247
18882
4975
11131
2767
8789
30577
12425
31150
10215
2929
13476
8774
12189
3858
31671
28782
3909
29946
4509
21794
30266
26664
2600
5752
19848
15240
617
23510
25425
30661
18219
19043
25968
31583
17601
17851
28507
24829
9218
10471
12110
8196
14481
2956
26278
7016
9314
26466
18827
4803
21625
12776
465
10660
15093
15959
22816
31017
27214
31700
20051
24528
30171
25577
6687
906
15255
11574
26357
14865
31524
5732
16425
19324
24080
23899
31827
17169
21848
14005
9974
16986
28714
22898
11615
2683
4079
29421
21200
12226
7561
5902
12254
11136
9177
194
16664
16407
29573
13992
18665
25429
13304
26638
2240
8960
1450
5659
5485
14258
6561
23885
19151
14823
25144
29479
8876
11605
16671
11299
29408
22140
22179
7662
22202
3709
22063
12756
18339
2351
1043
15225
10496
16752
16517
26571
19290
32697
17381
6196
10940
12022
28742
32276
27741
29588
23593
2670
24447
14555
31371
1506
1431
10366
1059
25819
26030
16496
1509
11273
12039
31482
14538
30994
28418
15627
1747
900
24128
32463
24908
10767
2312
25218
19534
24561
22250
11655
17287
3761
13730
22452
23613
16400
27455
9457
18577
9277
21380
32001
8193
18504
3214
30111
4401
4313
22199
17101
24811
19746
11195
361
23140
30226
20761
4097
5313
28107
27068
27112
12761
21335
19163
14473
31293
16022
6174
3836
31350
30843
27394
983
1421
888
2430
7495
16593
2103
28647
17247
7380
31371
12817
11439
24503
2726
30647
31001
9383
13964
6172
28384
29864
4040
6387
3586
23697
2397
5244
28104
9304
25087
19185
6299
2960
32387
25376
23065
12080
18581
7769
13160
31894
26025
906
27082
21964
23092
17833
25458
19209
27931
26962
18071
3451
24427
28082
3782
32579
19532
31907
3196
1218
17712
26136
756
31507
32336
27324
22590
30680
8025
6614
2961
13882
3170
18032
26082
21803
15138
22456
6325
19182
26720
30886
16180
12762
16810
27359
30078
21083
22346
218
31297
3641
27254
833
3723
4381
27591
1434
2013
27217
15853
28198
18562
29639
4256
13577
4638
10845
26585
7852
26250
23391
9027
30048
27359
19277
6636
1604
209
14815
7745
25960
2623
26439
32313
15666
2823
32438
21456
11521
7455
2593
14775
31505
27362
21317
14410
7583
9127
21993
32450
24397
7832
10083
15532
8903
8130
30557
12186
2471
29544
3545
14616
662
21405
27251
4321
692
19474
26854
26451
28219
4140
3794
3105
29791
30553
26301
27976
25208
5029
3159
580
12898
5768
19970
30595
22564
30722
1937
11802
4817
5098
6736
25527
17580
12676
9797
5846
5775
10577
26806
31544
27278
7467
25580
4753
25047
30353
13366
15746
31196
7999
13872
22726
1205
10241
25156
15024
191
20938
370
9429
5002
11520
8013
32262
11250
17179
23878
26753
3979
32366
2861
2151
22339
17476
10485
3697
8002
29999
13752
23263
28181
18333
28666
19634
5900
12460
27442
4379
7136
20288
7815
1843
20889
3410
20695
3052
19631
27531
1533
16968
22640
11025
20820
11209
32161
18849
12663
9512
23656
990
22859
6986
23914
20968
2624
3183
32304
4657
25555
10669
15567
22156
19544
11421
26312
1927
22262
13652
20269
20987
19187
17556
12293
4833
12337
9796
15090
13671
1273
24606
7441
14148
248
30888
31266
18248
2439
10853
8937
12855
15152
22348
2771
4567
11373
20601
16605
29256
19890
17955
28594
24980
2734
29646
10515
7559
4303
23745
124
21441
24324
11451
14597
10249
710
4322
2694
29924
9817
7420
16894
31334
21583
4321
16694
28489
5199
4656
8609
10300
17684
11842
32391
18813
22456
14428
10850
13994
20531
22569
21385
13525
12063
23655
23563
29398
10430
9696
26846
27621
19773
16028
27705
22632
1594
29013
12094
8457
3461
29995
7900
2060
16675
409
24564
31967
30873
24232
28346
19955
16231
17762
19807
11467
6354
9354
1517
14419
12518
7562
882
370
7868
19885
1632
15842
7161
14222
14388
7488
21911
24785
8790
29791
14824
30736
3136
13026
26583
5912
1251
22282
9074
30038
6982
21452
29605
7820
2673
7463
19784
456
23689
20148
28509
27799
18748
8319
21650
18038
21344
7701
24078
8329
27094
21470
7017
28048
4021
26285
21500
30230
20388
18838
13660
23787
32392
1536
19233
18389
4448
18938
9196
131
2668
12499
18344
8642
16789
31204
25359
9460
3081
8625
19568
25533
1830
4401
17840
25087
2713
22377
8080
29705
1479
8512
8749
5387
19564
25486
24269
461
5761
27510
20184
27553
14180
18678
25637
22423
20531
18364
28279
32239
376
27195
31304
15828
24588
6911
3269
31047
12597
2109
24857
27993
12818
23983
2798
23197
28217
20638
8753
4573
27038
12865
23574
14604
8631
31813
13661
23676
10717
2989
4563
8273
26358
32220
29979
9782
11857
25584
14510
31566
19409
16466
25377
8813
13134
651
1191
3721
24888
30042
15574
8555
11901
21251
19886
682
7085
29673
24535
25306
22365
19295
23594
32513
969
9916
32371
30794
32701
25261
1397
21502
14005
2768
9263
14255
15427
6014
6238
13751
14001
15848
2627
15841
23783
1637
6566
1637
2960
7434
15387
282
13689
4220
20612
12519
13113
29442
3031
29562
13847
4574
8994
4925
25128
14046
22220
13702
21432
10286
17181
30991
5099
23152
6656
22693
16548
2318
10760
9764
27558
10447
22194
12706
29946
26793
26090
28907
25744
13527
18128
15150
1833
28715
13755
27893
21107
22436
24958
2138
21622
17475
30187
9592
12848
16155
12182
18209
31100
7080
23772
26575
19001
3169
28707
21212
6823
26000
1890
7669
6932
610
3301
22220
31929
58
21834
14605
8159
17483
24272
148
27974
32614
5585
11229
24262
9232
17036
17083
31543
728
1064
30029
18831
232
31990
10030
32586
7385
5111
15085
28175
13772
28574
12733
29840
18614
3542
29549
30386
6139
7495
21146
8430
28991
31701
8483
31478
1400
32362
26845
3484
1864
26102
7304
8176
907
9652
21762
20393
10284
24238
28347
2247
27964
13443
7017
8310
21573
24424
15357
5940
12763
8045
5845
17974
13685
29954
15923
31752
9083
17081
15086
19573
30112
15437
20327
6054
21874
18148
26303
3214
9519
11921
1095
10885
2779
21789
18232
1586
12687
15879
22181
21935
13588
7113
18861
2024
27569
16989
24565
27460
576
8960
7766
10120
7815
13622
9170
3832
31686
28942
19149
2751
13709
16039
27257
9872
13520
32499
19603
32654
29501
4539
11085
6761
2253
31971
19339
25802
14234
6384
1873
26098
27120
26311
23676
25246
22182
29367
21425
30765
16303
26810
21396
29444
32492
15864
13370
25650
21828
5005
9952
14928
12279
13964
17885
25003
22575
24900
24789
12198
16601
8642
22832
7513
26290
2455
8906
5502
30373
2779
15596
22926
11860
9841
14204
16935
10997
20365
6256
24241
6751
10356
13704
14401
612
31875
22077
15293
4706
7027
12789
3906
13077
31195
7800
22210
18607
15094
679
11250
23339
1959
24940
19811
6366
22202
4333
18670
26447
2669
29189
9558
30280
1839
15348
20265
2349
10151
12373
19687
27277
12792
19281
32358
15863
12868
17427
27509
9231
24175
29051
26048
25824
26405
26391
500
5236
23070
24143
11299
26018
31136
16351
23401
7976
11590
24971
10448
26362
28673
19469
19825
22489
24412
7507
19420
5414
20484
23271
18618
20729
2951
18607
22193
30830
7004
6102
14728
31295
17700
522
25740
23448
7215
9448
14386
3878
19522
12724
17149
17010
407
17742
2466
5485
4646
31841
6763
28747
19491
6110
28633
27541
3528
17833
26253
32378
2644
24978
19048
26471
24660
17030
16114
727
25889
26630
1784
1131
18858
7129
28538
17981
31859
23550
25028
8818
27870
8421
24794
2830
5034
21471
30233
21516
25785
2514
20764
25519
3606
22065
7901
15635
10294
18987
23580
6407
15230
29731
9989
287
16134
29537
21517
8452
29853
29703
18973
16911
17933
10054
27122
9494
1952
3025
1220
11910
17378
6802
9765
6322
29865
11165
13613
8299
19795
10082
12500
24529
31311
22566
2975
19304
31199
28596
27263
1391
29211
5455
19190
31597
10298
4076
21627
524
32013
24734
22816
25386
4812
24914
18802
4654
21
15292
8096
31384
13362
19601
1504
7389
28827
18167
15375
28017
31675
11322
151
10789
28919
27584
150
6579
20973
16191
4925
27031
15609
5933
17526
7713
27902
11128
29385
18633
26211
1144
1152
30914
30043
4130
30729
6610
24938
6014
21405
13664
31269
10331
14367
18895
24889
18241
6983
11274
13742
32167
27903
10080
1133
6246
11277
20371
8704
10862
11763
14635
20890
10167
7699
3088
23895
11387
30743
9304
964
17571
400
13662
24226
18303
1757
8980
9959
7097
24399
1434
31238
30604
31883
2831
1136
28977
2351
11175
13659
29594
23224
25597
24514
27491
15011
27051
27821
16390
19154
3609
690
27982
2354
17298
18108
20750
13979
30877
6667
274
9463
15754
31100
15702
12455
26699
25099
21110
26914
10885
24214
102
11487
19943
8932
14691
15478
2747
22501
19753
2306
11450
32059
21607
16841
31269
1018
28784
25887
4369
1708
13107
22663
12035
17049
17261
19484
5820
13893
4381
27951
2134
2361
11833
11314
32656
8454
8095
6612
11367
1928
14926
8046
23014
1640
24790
5790
14142
7140
13581
1073
14105
11475
4612
31303
31020
6115
25145
26033
29195
3622
9742
19102
17730
21709
15994
13431
1441
21555
20479
23815
20439
6173
20956
20191
29507
9536
7555
1785
7430
18435
4685
22939
14685
16519
8557
7806
32558
28644
22051
26672
23008
27318
11826
19127
9584
5337
22163
30071
28865
10864
8299
9302
14900
23084
16955
11293
23161
21707
14678
9761
4517
30174
24473
32548
27268
27088
2390
28022
26672
29988
16273
4703
12770
16638
27247
19138
12553
20709
32747
29434
21913
1479
2763
8712
29862
21053
7634
8176
30001
1041
1848
7008
16194
18174
22615
25235
8503
17590
5543
9077
8027
1578
8940
30472
25018
31237
16302
15366
13364
17529
10218
1224
19665
15423
11527
7270
19540
14553
23307
26400
11539
5659
32271
8700
5125
4329
7153
17841
14365
24898
13896
4292
21462
13694
26781
31985
21776
29395
14040
9164
16154
24350
8184
22184
29456
6112
18695
28088
21095
31367
21581
4724
28614
25072
14533
2366
16919
23849
11725
15942
3551
17275
32545
6571
30922
18856
23818
24291
31627
31857
31955
7004
9698
17499
7549
26723
26878
22195
17588
1094
23558
14288
18433
1717
12019
12952
30272
13422
16288
26950
30037
13850
1316
25450
10267
13937
17759
15664
12445
11173
18643
23526
25225
20478
181
19385
14817
3521
21316
10943
10740
25175
602
17723
22669
31915
24641
18204
6506
6868
18119
9926
15855
27380
1173
11541
3356
29536
13500
16031
30653
17921
13457
19002
23776
762
11195
191
29324
28298
23178
14861
9904
7732
8843
11088
3162
286
32089
21123
10537
18360
21941
15155
14085
28317
30425
134
11789
28862
1546
12413
10961
25789
14957
29814
1218
2455
18203
8949
10471
1670
11127
7843
3281
25126
24000
9879
19920
29910
994
31701
20583
23137
11922
20
29694
9950
19097
12741
11991
25300
15472
10576
9795
4770
23054
31649
5910
19742
14078
9699
8792
9597
30388
26251
21053
27763
6433
10137
27479
3226
30085
24090
24075
1560
22405
754
27714
19837
29309
2264
22368
4586
7959
29602
10874
11896
5917
29891
29892
19159
9099
12562
2120
28470
28905
5069
4318
3939
32215
21213
5976
20788
22506
2139
17661
4645
6838
1364
31545
28738
25900
16841
5010
23112
14631
3578
23518
27399
31041
26853
8883
5130
30955
8201
26656
23418
21181
7279
1690
12608
30986
235
26681
8042
13496
32160
7205
22992
1614
31938
24651
28919
7503
3232
29524
11317
22983
10977
17111
20246
3107
21773
18893
19967
26437
592
13126
13841
22744
27259
5467
19536
15329
15948
22628
10245
6551
13551
7787
19553
27765
4804
16096
1378
6541
3427
10893
3067
5151
12510
19405
13679
24426
10822
14073
12798
25282
7024
16164
7875
17379
23544
17160
28381
15237
19335
17983
28621
6193
6482
10935
27935
25426
9443
7776
14157
23695
23580
4391
4576
16216
14969
18216
19672
1727
19861
23327
3406
9098
25328
17696
2392
22662
17135
14729
15149
12574
7460
29748
20361
17963
2512
17393
21331
17678
17574
27187
25726
27901
1234
8969
27181
30362
5690
26960
6170
6602
6148
19240
16696
9668
1112
25252
15767
24424
25959
18118
26504
6611
23468
2218
29699
15664
22897
4353
10821
12240
14230
29121
16061
21886
1934
27
21801
6412
18090
19118
28157
13362
22170
16378
17156
10649
24369
6423
22345
9522
32104
23718
15928
14028
25510
3593
24065
6886
20286
23759
12605
1473
30521
26738
19412
9402
22615
27717
10014
18903
592
26536
31048
30112
19039
5758
7162
13104
1793
19937
17974
31371
14587
4372
7556
3378
17818
29368
25164
245
9790
5699
15235
27913
12570
26031
25993
27994
24373
20335
18514
28706
13236
8359
14533
443
10332
20380
26977
2738
17235
19050
20006
13340
14886
7669
30643
26157
17936
2337
10668
5382
3450
20550
12382
20431
18110
25822
14758
17926
30768
13697
13582
14102
31071
14868
32570
44
6552
4157
23683
15430
4012
15385
1761
10893
5875
24882
21262
20196
23953
1963
12520
193
10232
16830
2840
23611
19887
17769
18929
18789
29521
20067
32154
3547
9688
23637
29552
7322
15131
8519
15014
6165
7062
13400
23598
14981
22890
23731
18909
6272
14500
2238
18634
29133
3266
17813
23287
1143
3956
19126
27699
5664
5279
28158
17982
10136
16295
5076
4143
1710
7662
28580
23827
12870
19096
10383
3543
17580
32658
13920
2664
22568
14290
2754
5656
6611
18144
23217
17220
32424
2453
7215
18995
20190
5154
3128
18242
31606
341
20727
9278
29200
18200
3130
12562
25346
13371
29220
12194
11691
31603
14369
22262
26373
28578
28703
4507
11898
21848
9212
31558
17657
28058
17722
25019
6728
7651
17658
19693
17564
22889
26664
21095
5735
12193
11251
14314
18033
9221
20096
10584
24106
13077
20447
1488
25151
10396
32574
2075
26987
11060
26716
20039
5520
8460
13633
1169
8966
20969
22573
14217
562
27243
4558
4464
12123
17554
10165
1765
15546
6528
24331
14017
17104
129
3968
319
11005
24392
25221
6752
2125
12156
4795
7053
29333
15731
16299
22654
6079
17469
10679
31580
30562
2788
27216
11298
31894
26354
31850
18249
27142
18484
10541
26532
19526
12734
11502
18313
26215
17455
10333
15665
19657
15670
12800
22113
8753
4181
7136
22346
11035
31973
16770
8367
11090
17755
29208
16709
16829
27593
19193
13919
13948
6056
5711
8138
28468
2260
527
27382
32166
15320
17199
14679
31879
9068
30995
1547
11915
6972
25928
20157
5060
30699
19316
17353
26922
22616
3469
17313
18043
7200
22602
9583
20037
9060
29655
5884
9280
15308
3277
4560
7650
24267
2401
11163
24878
9509
16092
17875
26061
5039
6987
24735
3167
9558
6007
5364
16403
13923
1303
31229
22133
13566
3397
31169
8584
15088
29487
22784
26645
29869
28431
30301
14402
31121
13661
1219
18534
31082
32322
17665
23068
25399
8529
695
21399
26927
6514
22646
821
1541
1310
32547
16726
26475
30418
11420
25710
25045
10685
17822
15193
20863
28348
26343
495
3249
25993
2455
985
19266
22064
18140
24995
10075
16066
32462
11281
7037
26956
26264
18871
8645
7690
16857
23236
22639
17881
19274
3871
20378
4331
4256
8885
25674
30142
17844
29713
19635
7247
21217
26925
14773
2443
8877
5767
12707
7942
29356
23672
2120
17135
11170
28353
6188
17476
1256
31335
8467
20290
30481
24002
28615
1568
16844
9936
13079
4604
2316
19407
8736
16406
19815
21002
22475
32572
17340
22259
1943
20869
20505
12146
28569
1602
10204
4477
11201
20530
24344
31721
20062
3061
25914
20607
25060
19139
13548
21587
14317
30046
15161
2641
10623
6981
14834
7193
11405
16939
10577
17677
25280
18855
23773
29607
1399
14125
28557
5393
21260
32317
15152
16111
24921
6362
24332
11135
31098
1086
6598
15333
24789
30156
31362
29888
13144
23622
11594
10497
13058
320
26292
18173
12453
24277
12991
31681
29162
32152
11007
8357
14485
28365
22522
10020
20234
14042
16849
30442
15888
15352
29731
29231
4054
3374
31022
5188
17460
5504
4151
24171
23090
3940
9004
1772
4814
19573
16265
7781
20730
9579
5752
8034
15077
9803
18492
7213
123
19163
32463
32488
27439
24409
7114
4056
6904
22892
32134
13828
5273
15707
8065
9727
1318
25469
6659
29442
24260
12785
17665
13885
12976
7822
577
16495
27779
3357
29375
2485
21172
24006
6992
21407
28766
16329
15493
12681
19523
7279
25042
27433
4370
11839
27631
28004
2789
6260
6783
15718
7694
4783
22768
8689
6931
31978
21154
30453
5111
28589
4683
24418
5819
7300
12442
18746
28965
4784
22042
30698
25024
15389
5210
2266
23076
9876
23115
9795
13943
27954
2025
23617
3636
22041
25885
17449
555
30821
32738
31260
11210
32354
13736
4316
4506
22524
27637
30687
17676
29046
15442
1954
3446
16991
5989
10304
17497
18626
9051
17987
18149
17566
22921
2490
8383
18325
10066
908
21505
27880
5707
17675
25219
19875
16285
5580
31833
1301
3755
15287
30620
22915
5877
2394
30062
23838
316
9858
22584
6961
21480
18189
28470
9631
6822
17402
31542
5773
12629
19138
28828
23132
13859
5867
6826
21978
26355
27098
1022
15545
28163
13545
18524
11328
25035
10681
13230
24128
31784
9418
21065
2122
19641
9800
22130
15135
27273
19752
30497
22120
26863
2164
11269
25767
5043
29411
27335
29550
13938
3245
18835
15311
29508
18333
10965
12051
27803
6504
22080
15278
18031
2109
8981
24179
17048
26013
6050
21509
31867
11117
8713
32398
2024
12106
20034
21427
30531
8220
7523
26311
3298
494
25119
25406
7095
7165
18061
2917
23343
3342
24363
3921
12889
31237
28451
20501
15947
2740
16845
25401
6082
10481
15732
27239
7176
13803
4957
4966
15643
10686
12549
21581
7435
20804
22187
14320
30884
7726
30478
20127
9549
15700
17528
5904
9776
26442
3835
29593
7323
7988
22523
32674
6054
21467
16109
22875
1815
5888
11101
13226
21890
24304
22582
17512
28085
1624
9278
25292
12115
32347
19424
27175
5822
26338
28718
13522
7226
307
3878
17253
3664
12486
20788
25642
27505
32339
20473
28370
32476
20784
14923
26726
17602
21210
31101
9088
22951
12498
15328
12474
30987
12458
2185
13159
20298
19039
16469
28289
8897
15593
12331
7651
6194
20753
6273
28600
5737
16003
20002
12852
3360
26404
22574
2434
8993
23717
12130
16893
4010
25689
665
4770
8981
27971
9363
25541
17080
11380
1782
28164
23563
21396
26258
17786
4872
5566
3305
9525
12248
28305
19183
3817
4011
24451
4366
4837
7400
6009
18541
21575
4742
14485
20850
7532
3769
12367
19334
6315
14546
21960
2584
323
32352
16986
23268
24721
11164
6260
373
11143
25348
11429
3048
21593
14405
17654
25844
9337
29278
25213
18215
29382
14595
18735
30066
2561
12607
14838
23784
21376
19806
4868
963
6694
21514
19046
27048
31122
25268
30428
15660
19863
28470
23272
2710
13804
3254
9765
18406
549
30669
24794
25111
6626
11752
13775
12194
13639
5103
3679
27715
31148
28709
13519
8703
20117
15184
28894
9062
32484
3353
21149
31510
31309
10165
8065
29824
19211
26309
5559
8687
5073
5499
31159
966
10756
28671
8732
13576
8231
21521
30131
16670
21655
25839
4050
1749
22648
9849
32491
19623
17135
21395
20832
27195
17553
29643
25753
11055
3868
29756
10837
20244
25957
18353
22589
19130
26514
21006
13759
11950
28553
8940
31769
22274
4521
17284
31924
18508
5559
7118
436
24049
31771
13034
7373
11684
25420
20158
22616
17449
24969
14049
32422
8031
9930
7863
27540
2429
31478
31454
7263
14748
27734
17865
29114
23926
16970
30635
22558
28781
2106
13719
19042
975
17616
31717
25227
23640
12644
18391
27877
2296
1464
1149
12627
22231
11238
16085
26339
18071
28822
25911
1445
26329
884
5616
27326
14338
23522
16686
696
32063
21993
8732
28188
7878
7030
21325
21571
351
11715
606
22633
30499
8979
1751
25859
11652
27810
24659
16722
15502
14556
24545
9529
15213
17869
169
16204
32302
14297
13267
24873
24778
18605
9124
17931
17248
25205
12778
10140
7106
31567
13723
5387
16435
17664
15289
16479
20335
1255
20344
13835
23020
10287
3491
12994
12384
26696
1852
2956
31619
5015
14179
23578
278
20076
4216
28502
14884
24629
25732
5695
7816
24818
11477
24820
18863
23273
29929
28174
23711
13467
27790
17459
16696
30454
25926
27113
12986
17356
16112
12199
12168
4228
1957
24626
14380
30992
21217
19239
32666
16159
3043
24019
28857
18835
18262
15947
11551
14389
22576
7353
26908
24487
11227
12021
18683
16795
12691
2645
9092
21827
20751
20421
19910
13320
13411
24090
21523
32383
26917
32419
17483
3481
7374
16385
27998
17434
30820
29497
14348
5196
24406
32520
31983
3572
5544
32119
31676
2181
4431
22446
22470
15764
31455
21517
15811
26508
8547
19065
5843
14499
25996
29428
27838
15884
24591
625
25469
878
18248
2534
27645
2710
22563
19362
5151
27497
17980
31457
6147
12316
30533
6558
6278
16807
3497
26792
6921
30838
1646
7672
13941
9570
28256
21826
4475
9953
29292
28362
5665
24185
20298
20601
32378
6779
25695
15664
7860
18413
28129
13916
4185
200
10812
7115
8910
19044
28340
32190
13600
6192
28492
21823
23807
26278
15847
5812
32523
638
17582
21173
15439
20514
16305
22811
22795
10083
31185
4697
183
5994
20701
784
2884
9969
17659
11741
10149
25779
5962
18294
3982
23584
15301
28917
10364
16982
8811
27763
13813
28493
7069
32729
273
30545
23495
31219
6457
30902
25154
3526
4655
29127
18297
30756
25422
13055
13899
9085
19476
16764
5297
15864
25053
15792
8097
30146
10993
8794
32306
20390
27329
28596
4096
19423
878
5870
31442
19754
4235
14812
15226
30239
7972
4844
15869
28864
9983
6490
16628
21587
10529
13735
2098
7533
6036
6727
8871
27728
27240
5274
18308
32118
1528
27165
3744
4206
22127
5602
2075
12519
17546
31293
30529
5643
26527
23233
13489
3086
6366
12906
31678
7174
19415
14876
10005
26109
20540
13132
8352
24900
24808
19197
2219
30475
9249
10479
22598
11055
282
32531
746
18259
28348
11585
23391
15410
8102
19757
16348
11571
12147
15000
20849
23103
13627
27587
15010
23503
24412
11817
18773
25929
31866
7021
24558
396
5572
23186
440
32201
32377
362
32391
30358
31915
10833
411
15165
28484
4635
1992
31578
5446
21066
212
29349
23127
2948
8225
1804
19580
5189
8331
3333
7973
32722
32660
9762
24426
4462
29631
28133
15764
28623
8761
26839
4063
11475
22462
27092
29310
30064
18619
25001
10464
32233
7344
19681
9266
32328
18649
13275
21285
21256
32269
28960
7921
5650
11750
12788
14746
17387
27426
25899
8561
16683
10569
3134
32223
21553
8080
8862
14686
26389
21246
3912
31944
9694
3021
21658
28628
19701
14867
29285
25309
15322
3490
11843
17894
8214
17708
13867
4316
19569
30891
20802
282
4196
25343
4852
20531
9169
28377
17476
18411
31474
2777
30560
22406
5776
2291
31097
3654
9333
3351
5841
7983
1059
20241
25878
21005
966
13230
2030
1464
26984
288
9171
10135
7268
12963
29473
17507
797
12129
12653
5677
26863
26771
20761
13219
102
8938
12069
17551
21934
28461
14664
24480
17739
5667
14912
30061
19210
31667
16486
27831
15672
15690
21125
21486
18449
3965
26348
19447
15739
7920
20674
4141
3317
30838
6042
16294
30666
15481
27975
19383
21898
8605
13810
12218
31930
2720
22122
22030
9163
13189
15546
20064
20041
14833
22273
14633
6741
1237
27774
3192
597
20301
3307
5618
26346
23240
2572
24087
29987
3178
12167
20679
15600
31150
11510
20228
3033
10320
26171
3577
24559
1386
7699
26427
1795
22493
12015
32336
15895
12786
17919
24430
25874
9793
21647
31620
6840
17362
11158
9599
21720
7555
30092
29894
18631
24745
637
12550
14350
16122
6748
11061
30048
12203
18841
10193
13775
19413
23541
15977
575
18973
31126
21087
23834
23956
6742
2284
28741
31708
17249
24676
22355
20109
17151
19644
23033
21462
24238
32073
10946
29288
10100
12234
32260
1167
26739
13481
3347
7842
25534
2174
22964
5278
20843
9941
17877
782
21738
31281
21371
24366
23701
3409
8443
21071
8071
25009
30061
25725
11698
3924
29022
14944
17964
4545
14277
27232
26570
26188
9016
11532
20464
24470
23392
27837
23463
21079
24235
30838
32496
32603
21568
24079
18009
24267
14904
12179
5837
12462
17419
14310
8112
30383
32072
25259
13100
15137
1162
23396
30917
18752
29351
10203
11828
15034
16938
16834
27250
32366
19204
29590
5907
15475
9854
31945
5077
15196
3954
16671
14457
10938
4795
1881
10449
30435
9194
2833
12059
2546
27194
26085
4237
7695
22983
5079
4145
1265
27898
5876
5107
2208
4680
32308
8185
18816
8732
21410
7218
15755
28945
13756
6194
13534
21093
8221
317
1911
7851
10073
32417
20541
4799
11305
26697
22848
6911
18888
2960
7491
24248
924
12883
632
8159
30233
8266
12938
17154
3811
31384
13280
4989
4146
19872
10273
6129
25467
9499
21491
2802
32589
27239
21513
19456
25721
32034
9052
23737
30325
14840
22200
15948
13058
25529
12667
17201
3341
8879
30618
10520
28371
3630
8420
3871
10057
29804
20875
7239
18107
21651
15328
27177
11955
16149
20318
2021
22812
4160
22762
10588
6823
14610
30809
22175
25710
2638
3891
12198
18648
13775
3254
6214
18364
31261
15134
24669
9673
11326
29220
15440
21285
5071
21189
8631
9556
19795
28740
23638
26716
9930
2674
28496
2854
10886
15661
5783
27432
19514
18727
31911
833
27732
23017
30836
484
9612
27927
26528
2681
6333
16117
30962
9728
10996
24618
31492
9976
27079
22724
827
1151
2537
31869
252
28858
13307
21564
4381
11895
5028
16607
9626
27153
23779
15160
21898
6548
15268
21845
26961
10274
24978
24837
30486
28822
9773
24471
9080
19302
27932
7909
23164
13262
18116
10130
5322
18475
32537
24719
32026
10661
3764
3044
2537
32528
8743
173
24432
7956
11149
18018
3542
9612
12901
30044
32677
30765
21920
149
11387
32360
13304
19632
25602
4241
11908
14393
17697
25152
14729
31021
13684
27640
12180
29629
27898
6150
23237
28239
27150
13996
10350
18118
24985
32127
15069
3331
32645
5646
19829
9899
2933
32708
7940
24619
17843
18704
22096
3834
4201
25538
5363
10526
14613
6329
11369
30194
30263
24251
10600
15398
27980
6308
10607
4359
21760
32451
11938
11521
1952
14209
26069
26978
6606
25411
4839
19296
18808
8082
5969
16478
22795
17786
18174
28523
10979
26415
32606
17420
12551
20727
13494
5691
1299
4419
27066
5039
15477
19487
17757
20062
19676
24013
15080
5185
5358
4269
30793
29783
23866
27233
3758
5356
25965
21549
2387
16155
20936
8868
26264
17298
3281
16513
10071
7317
29001
211
26740
28998
20575
23645
15030
24099
10275
7740
11477
9936
7741
17354
15316
13591
4831
5059
7568
2349
24568
12454
6554
32566
6315
10846
25666
3596
23807
21282
12276
25404
5592
23450
26824
82
11558
31299
20052
15703
5724
8724
24517
21655
15140
3170
20014
23464
8272
6657
26911
19879
22292
20396
14714
2757
3699
29094
16002
28930
22776
674
309
29241
31398
10721
29148
19293
21297
17562
17376
16642
14447
9886
15327
1311
21769
20028
9215
10770
24438
3938
23170
18148
15658
31238
11931
12495
26122
32708
32640
28157
7204
7369
20929
17811
19357
2031
20184
4334
9962
11817
25345
12844
21315
32034
27980
21487
14677
16673
13808
22109
20024
6704
7906
3436
26784
19581
17062
13404
30295
28672
30054
14981
9707
17246
23617
19794
22692
9742
3813
17294
28856
32186
30560
19934
20418
2792
25651
4239
6513
28889
168
2706
3709
29873
10086
28101
5088
14297
17219
19573
14914
29090
12889
16416
22965
27691
24412
28031
5538
18564
1323
2499
23811
19987
20644
17696
15059
18743
21693
16008
2755
15660
1232
25785
26159
27951
10551
26745
23888
226
537
9248
20659
18417
3203
7256
32490
24822
7611
32289
6785
18330
18641
15896
31796
3581
17014
15608
17758
17753
14097
5473
1717
23010
18192
30424
16181
26096
7548
12816
18266
16479
21713
23143
31890
18998
7692
8372
16626
16264
24069
19264
9000
3992
13567
28434
17073
64
9342
20080
17484
8340
18265
162
27310
20162
20495
18169
10103
21821
16734
13072
14437
25370
5394
594
9415
25530
17692
21180
12085
31145
27363
5348
3967
8390
26847
24379
2275
15268
21091
1679
12419
4145
1466
8148
30742
30613
11382
20259
20701
17757
5637
2051
31448
10713
8325
8936
21563
5058
9177
27641
15644
21792
4861
3862
25454
3947
18326
1306
2866
10993
11214
26205
9964
23927
13918
18046
21588
1059
27884
32095
4431
21658
24728
368
15645
10597
22738
14129
14804
28057
8302
23026
16909
27575
10490
25053
18141
977
30799
2871
27143
3310
5222
25315
26735
26032
24941
31784
2258
30772
9754
13236
25269
13626
10816
9184
4507
19078
9120
11829
10363
6278
25857
15919
31089
11060
899
10562
1460
14910
26160
20507
10696
29796
29652
25896
23029
6690
21262
31834
759
11152
28840
18474
25335
11654
16420
10202
28346
18947
27287
27389
5913
20432
24507
28217
689
21856
32063
30028
4059
763
16481
26189
13023
18460
13759
18996
1124
23
7018
13981
5163
18942
26941
1225
21501
6086
13165
31206
12002
14502
7008
17552
8340
25280
17091
29591
24883
3
29911
18947
31034
16976
31243
5205
20914
17115
18896
25360
5286
12501
3753
20088
29142
21320
12417
10138
7087
25154
22850
14988
4219
31541
10147
1526
982
13470
1090
3025
31841
5349
19698
8047
31162
28804
19030
21692
13995
29548
9135
29891
23457
22948
17650
7028
13664
6964
27422
25252
17398
3905
19148
15957
13805
19065
1287
28216
9157
15538
24159
10352
8098
20941
27705
24985
27969
6625
11369
22025
30256
15510
15107
14421
20031
15310
6765
10519
23602
18827
16825
23535
31416
13581
25906
3528
9633
13114
11573
12381
1867
1603
20291
28411
31325
18565
15699
28808
21432
24237
24429
31428
2219
21792
2932
23247
1382
11418
12100
14060
18354
23060
24829
11652
4575
32236
18845
25966
18941
5696
7637
29549
22863
12442
6421
14586
8188
24275
12010
8260
20744
29489
26249
22902
19075
18387
5292
32056
15872
5455
26524
14456
15689
7321
31119
25962
32593
10279
23861
13773
29034
10322
22670
21105
26808
28416
16894
5110
2022
20096
13219
14550
11543
8117
2278
15526
31776
29559
23120
13464
22772
29494
27552
21829
26207
13536
16410
1449
23800
1541
18721
9071
20049
29242
25352
23663
10352
2235
5158
16758
3459
9556
16936
30277
21455
16513
20907
8924
16874
2772
25611
2552
23338
22423
10101
26842
20573
6835
27972
1098
26810
32208
31370
1756
30488
20670
18156
5234
12126
22803
7604
14082
28731
17686
21793
2201
21783
17884
4097
16032
9289
5297
15746
31327
28042
26554
19270
703
27817
6616
15797
19284
1153
2510
8855
27802
26153
29863
4578
29055
14442
20306
12496
7714
21366
25488
27445
5083
25814
13328
22288
30331
4005
27607
30304
30421
23804
23782
19257
26237
4269
21015
29206
14543
13876
14409
13937
5427
31210
25276
21905
24224
8828
28350
25508
21599
16028
2696
1805
12306
23286
9059
32255
25844
21606
16143
8779
25698
6760
1124
24438
2971
30160
14138
20239
7876
10171
11143
28479
29999
29893
29639
10146
15068
28796
20129
4181
27456
7445
6087
12113
26950
13150
16414
8183
22676
9972
4383
22763
7183
15030
16253
1062
7585
14713
4359
7495
17210
9982
6609
18986
13588
32033
21646
8636
22844
18770
6721
21774
10318
15945
15637
28328
16255
3574
19080
7199
21473
8119
14543
13802
27363
30414
886
31089
31767
23826
31560
10599
24633
9700
19822
2138
12652
7525
1499
24968
198
30695
4327
5109
1295
21921
57
21434
9926
11942
5867
5536
3429
15128
24809
22765
4583
11160
22938
17278
14982
17922
26051
17430
9161
14935
9384
12022
31422
17403
23668
2222
27780
27425
1498
29490
12045
31363
15101
28976
1826
32086
3469
29601
28584
22909
2099
26015
17953
23037
24368
10870
8310
15793
5185
16893
12275
7743
4549
1831
21907
17226
289
15573
19326
13801
24676
23790
2000
10328
6951
23986
15516
1518
10936
24907
6449
16207
375
933
12443
9955
17791
14976
10605
29063
7817
31684
6846
12162
6926
7700
14962
20922
28844
10149
16571
3880
7115
32593
9438
16009
8832
13287
5947
30806
32434
19910
23688
5367
29563
24234
28253
23348
20944
17349
1269
29420
28773
19986
28211
28681
23243
17638
21987
2483
31707
30408
25411
20932
18264
19586
20417
124
9936
4728
23303
10359
11715
27705
16437
26331
22792
9812
4205
25558
23915
23149
5781
14152
18843
6543
10328
1468
32580
4292
2158
27037
18296
23523
15902
31911
1619
31402
1537
5531
20959
7180
16392
3639
28725
13260
32448
9573
229
3659
7125
20915
21912
22175
30166
6147
15860
17124
15159
14979
19136
23255
26268
21472
19529
3233
20565
12983
4100
1008
31012
2381
8564
30540
29255
17791
4686
24489
1714
9468
3548
20024
2461
22961
15263
21635
28222
21125
13624
12985
3288
31815
5001
16454
14580
3812
22295
17063
3310
15070
12210
9853
3764
19193
26457
20192
4555
3640
29784
28405
31379
7687
30387
8643
18123
21690
9415
13378
32599
2102
27439
21941
30529
23790
17381
8762
31743
17682
2217
15264
23284
2
17575
25720
24633
11785
18772
20847
12956
19528
2713
9435
12521
11504
1587
18579
13417
16309
14938
6660
23721
15999
28576
7297
18556
4706
23069
9691
24643
1232
21961
14642
5484
4365
16937
1034
15161
27108
16686
12705
23747
1945
23898
2177
13374
21022
23332
1617
10110
15241
14750
28144
28090
24262
9813
31685
17041
30345
26744
13392
19018
16519
1853
261
2912
8422
12161
3931
8510
6642
7343
9760
3143
27665
2274
25871
17177
29177
26702
8868
26899
3360
29660
23599
19989
13940
18196
27688
7046
1869
5440
31426
21148
20128
14798
23746
32727
1653
10231
21650
18383
15771
32158
27025
12592
18842
15739
18862
20483
21737
29816
26933
13871
7521
20059
21736
19775
30450
23974
27218
32101
26261
6843
27224
17855
27009
24132
6673
10714
15522
23250
26072
6261
14407
22980
15007
12167
5147
16235
2438
387
10070
6764
10668
16346
31028
16997
3140
28353
13735
18899
30444
1590
23112
18227
14395
9277
12180
14695
2713
13424
25173
2908
6484
12470
20830
31466
23536
24403
25467
26363
15294
12833
31144
18672
14256
11036
20865
23872
31339
27172
27642
16226
5790
18431
19536
31982
23954
8862
9024
25599
1027
16033
14966
4315
2351
25117
13384
32470
5164
3228
29604
8307
15230
28773
16455
17101
27369
4350
31536
16437
23428
10992
30549
17949
21007
18634
19092
12853
6022
10600
10988
19155
24566
23413
11245
22168
5008
12847
28781
22353
11772
30570
9341
27675
10224
32472
21404
7883
7936
32391
28458
8332
12216
20651
6431
14794
13800
670
1788
29007
26431
21797
4354
11948
31771
4597
16802
23515
23200
23158
31030
18978
30728
21446
31214
24122
25657
21505
28685
18353
13213
29888
19029
18317
15150
11999
30399
18994
21200
25476
22384
22662
4580
30300
1001
9298
14874
23848
10878
13292
17542
18553
9737
28947
17655
18871
7135
7962
6020
6760
13827
31817
3175
26799
19866
4736
1551
19731
6559
31517
15728
19842
13784
6688
8350
4502
5641
5261
32666
11287
14695
1554
31595
7616
12879
14826
27505
30022
22072
27393
11511
12438
10727
20313
4359
17246
24034
29356
23682
26320
28454
9299
3696
5795
16412
31846
24724
24410
15818
15397
13891
25032
25926
3478
28023
12244
15729
26224
17952
26234
6369
4664
21434
10514
13343
10154
11556
25045
1043
27994
20144
27549
18620
29083
25207
2284
14373
22944
25327
19504
21908
11233
19391
21829
18692
6592
19665
2108
19157
3181
13225
8539
30659
30983
32502
19044
8469
16388
20583
5403
27926
7122
12480
32514
23497
25278
23085
25191
985
8214
31958
30880
7119
18570
12723
20886
9095
3544
4002
25728
16869
5545
5815
7665
10948
6069
26067
3861
8495
10030
28280
8759
27092
11100
6875
30855
16821
19333
6715
21787
11553
21007
18290
14643
13027
19176
24010
5569
22457
24870
28689
13865
28168
16363
22000
18501
3533
31372
888
9644
18647
16370
32510
16948
28468
23872
26921
25525
30697
21429
19273
1808
25062
1493
8170
5744
8504
16323
18858
21712
27777
7922
27719
8894
32421
7420
23548
94
8391
16850
5902
28849
4212
16662
32162
8727
5661
1733
15313
19
24523
30489
6654
4687
29710
26030
10087
19680
20790
2019
29435
13770
3270
26243
18028
967
1830
4773
6020
6724
1944
8656
9148
1709
21613
13667
27147
25322
7033
4404
30460
16682
16068
1400
14083
1247
22914
12259
17169
19721
4422
22544
23398
21432
1906
27426
1191
26316
32498
23212
31536
24064
2602
25294
28843
12839
21804
31649
18401
6581
24623
31189
17105
20096
15933
8857
22271
24776
11307
14011
7183
15221
5070
14609
2194
15777
20332
29719
28960
3414
16753
729
32167
1945
5219
24852
2306
29095
14104
18072
7886
20350
26919
20976
2937
927
27548
17989
12955
7187
10736
24704
8074
28844
28472
1967
1065
30349
31644
23722
6656
27884
3595
27894
6546
18199
13869
3305
15338
30645
665
7439
31352
335
24393
16077
283
28687
14410
15428
1663
8391
13496
10104
32425
31028
7658
29874
23504
30085
18154
5155
20847
12055
2088
20169
19864
16515
9071
27287
7307
10970
9239
22992
27271
8239
3965
31156
6112
22358
31152
9310
4946
19692
21101
6637
11925
5527
32334
1250
8497
9615
4158
7625
11668
12638
14128
12828
7266
3044
13329
4708
524
9629
27642
11169
676
4391
27307
20460
2032
12542
26933
29275
7613
29323
11510
23077
26741
14941
21194
4358
27124
26038
23168
4325
2200
1353
1675
29877
3223
13634
25594
12441
1942
13959
3755
5451
23159
11581
1467
8894
19826
10383
9280
28162
28263
22442
4667
7785
10610
4108
16840
17896
20417
2303
19608
6335
162
28768
17825
18524
10464
15525
21268
1405
3152
24607
9360
28054
3495
16763
6549
26482
10382
7567
11323
13084
20985
13908
29732
12544
12980
29486
21935
9294
28734
22132
12654
29855
30683
27692
10203
13019
32741
5654
17734
25946
13155
22765
10770
24393
15325
3817
801
10064
7534
9096
26253
12657
6426
15502
26777
28724
2402
29770
31975
257
27926
2332
30699
30669
5227
9780
17567
3577
9293
10652
8824
14454
25590
2937
32665
26926
2240
19086
17224
32671
29751
513
7326
11465
6259
3170
10626
20043
30373
22505
2520
1225
27631
20479
13045
2448
16505
0
5974
1917
11457
21312
30354
31515
18738
5708
27022
24075
7161
7538
32496
8617
14612
13443
31702
15596
10411
15319
5319
20878
1956
5778
13034
11373
5746
20006
6517
9522
10797
3865
32617
8496
13288
25353
29053
15759
21055
19437
4183
25769
8495
9373
32514
21172
15403
27285
5533
19874
9835
21749
11344
5189
3464
23757
4741
18615
6726
6808
1620
23033
17328
7430
16446
12506
22635
7423
26399
9242
12868
13028
94
30672
18443
28952
12391
27657
4516
1983
24411
7858
29275
21957
5637
17592
7544
2850
10001
32365
10515
16477
30840
19246
17194
10063
319
24643
15601
14634
20321
26374
24681
1466
10762
26183
17460
2026
9221
23280
4520
9097
12920
17381
28962
12366
7119
9518
4253
13850
21238
18008
30851
15998
4811
12312
8898
24445
19923
11570
2083
25491
17963
21145
6104
13046
25026
21208
19795
25115
3782
8368
22623
2428
19548
9475
2921
19097
11156
3057
1054
9788
23708
27968
16956
2050
7220
21505
8353
11031
5473
26992
25769
15425
2918
18205
22454
23840
24560
13385
7952
27828
18833
21139
17904
14623
20079
32212
11735
32428
22334
25415
22820
22545
28267
5101
17382
1009
32666
5679
16111
9125
11091
15046
298
22332
760
14552
25390
23232
16635
21859
30994
2235
20813
6623
32387
26106
15898
24095
18709
6801
21683
10617
13527
31776
5836
12070
16170
3412
19431
27115
17363
5808
18192
6905
4174
15501
13515
12307
16741
13919
1355
21742
7938
2875
18148
13277
27202
30614
1219
10670
20938
24656
32221
28878
94
30449
18469
1972
31152
29490
13314
22141
14709
1471
1024
22484
18622
26683
19654
18709
15750
11908
4424
9650
22663
15673
28477
29141
13651
2426
28628
6215
16543
1519
20642
24464
26850
24844
22751
14944
15647
30867
3795
30509
28158
9818
24971
4894
25890
19022
6864
13352
26295
13752
11610
3703
29002
23487
13120
14607
20446
27438
12467
13747
4668
13688
28396
12293
24458
1786
867
14320
22303
21631
22338
31555
29590
25097
17177
17054
9249
18127
4819
13714
4128
29314
1513
10756
14579
6100
8149
722
28172
8251
23754
25018
18248
3314
7842
12407
6527
26946
26136
17708
6490
12799
11319
9734
8292
22101
28690
12317
18532
13765
19638
9628
20715
16234
11101
26402
809
5761
26084
23656
2052
24616
28031
20515
25708
7782
18860
17196
4072
15468
869
31454
22901
12314
20634
20159
3729
21701
5086
31075
6291
25400
1121
28814
1085
11000
4638
2201
10132
28877
23125
26391
23023
5757
16444
2232
29263
28635
32242
24173
32750
26880
16820
17868
28955
25049
11091
24759
7236
25314
15845
4152
24405
3888
6587
5808
18753
30645
4756
9521
477
13248
30224
22568
25589
25283
5736
26431
32154
31577
27995
3201
27321
2951
27500
26303
15858
20034
18250
23347
27558
14898
24976
14948
27474
28086
4270
11337
796
7208
26919
10161
29100
24674
22014
30947
27197
6273
5482
7041
5876
12009
28113
27570
5488
29833
12020
29311
8610
28768
21352
20862
25311
18495
22085
4526
3891
9937
4386
22947
22777
17114
13888
20195
23208
27580
15109
9871
29936
16191
18092
10566
21254
27793
31036
11846
2364
10380
7862
20948
468
14136
8851
27359
11286
11921
22381
992
8608
22154
26365
23300
13822
19025
32325
11661
9338
16085
2574
21109
20533
4742
6037
26709
19063
2651
11650
6790
4932
24602
12569
16774
18480
1492
11188
25245
13684
17070
1137
21184
32064
3304
552
181
18771
17687
10656
10872
15050
14005
19458
478
3125
476
22925
1144
6640
21071
19596
2746
17585
1978
16517
21084
25181
13115
2484
2049
12576
3616
24759
5143
188
19955
30347
12030
1569
31156
1207
108
3391
9317
11719
19984
32024
12492
16892
32117
25113
628
15426
27946
29354
16373
2914
26912
16900
2677
31609
15955
5442
20079
21417
12716
3771
4531
31758
24102
9104
25262
16372
15921
3969
19692
71
25684
15109
30427
27210
10005
18329
19666
1676
17437
13912
23889
13337
16024
23756
19083
25581
31963
7172
29985
10414
26953
3558
17457
28314
6775
7367
11919
28606
18062
14649
26962
14440
1521
8740
24467
20448
10528
29465
22385
22867
9693
27874
26712
16656
24461
11358
9860
18935
20192
17292
10176
3885
19636
26853
17780
19989
1079
12527
16350
3196
20556
1551
9888
28436
2097
21150
10875
21540
32606
4416
15450
1661
15536
14193
7570
7344
11462
11873
17768
22654
21420
19970
16340
6800
16822
3679
27012
15977
20399
25391
11556
29336
26163
30122
9693
24882
21594
12443
19227
15487
31127
21175
2452
1012
18143
31533
28038
5473
23309
25726
16959
24172
16005
16783
19171
16958
535
28925
30826
1916
17703
31408
16616
25209
26379
2995
31761
28586
26549
25666
26876
12890
15250
27685
16679
27550
5809
24893
31932
23948
29480
21597
11282
20136
22196
26715
2679
24991
7071
1894
11821
5432
16615
665
31154
135
1436
20433
12868
8036
21386
22972
24485
17179
15640
5683
22812
31589
4720
22218
9148
2967
20960
1957
1512
16410
30592
20621
29719
14363
28694
19522
15061
30595
13110
18963
2571
21802
18606
19885
17791
6471
15649
16689
16030
24620
18929
3465
15226
5424
13410
3323
28431
6636
10237
3070
18122
28074
4147
19533
12620
26906
13635
15931
17003
25159
8286
25670
22649
19658
2824
5358
9929
10813
24001
3784
18800
24307
485
4814
17993
16102
2769
30969
7996
26353
31303
29458
22975
13888
9236
29125
8092
31748
29935
24567
23797
11627
8357
10329
32646
14287
31603
14653
15147
17198
691
31401
30626
30938
22716
27306
19345
8817
14339
21483
10443
13584
8582
21126
7631
7364
19050
6938
20626
23617
3298
14366
5758
21719
24660
12661
19898
19105
7351
21058
23468
30976
3392
253
29884
19271
5693
24007
4443
3512
29249
6906
13380
10928
19073
17413
26114
18462
11902
26231
2483
22841
12004
20825
28427
30835
8114
24257
17820
7592
17820
31652
21844
1180
29358
25068
8263
22436
22065
14538
20910
29347
978
3918
7728
21048
30209
25909
31073
822
3992
13826
17545
9813
24765
14928
23206
23591
13065
21350
7604
11597
8426
21772
26923
17130
15429
8605
3530
856
2144
19550
14995
26394
19200
13838
30487
6674
30926
22462
4851
15604
16639
12259
11931
23291
31796
1450
16726
26587
671
30347
16522
23030
11624
545
19514
13522
1871
2105
1229
6091
28818
27945
28177
9477
14865
22627
895
21669
31664
16713
25025
2113
10749
15939
10609
29332
12051
18959
32548
10103
2750
29529
19623
26637
15839
10892
10120
32573
1298
8679
216
16997
9871
29651
560
2636
22350
884
15346
14425
31599
19326
2257
7171
17880
3914
19092
19593
31520
8745
25622
19171
23468
14584
5266
32760
30999
31220
6173
27409
31447
16080
12660
5262
5662
15621
248
6360
15615
2154
19703
24470
18642
9220
7981
21284
9177
5407
23435
11328
13860
11421
13367
9735
6577
31375
7891
11809
23000
8194
12034
25912
16870
29467
31272
942
32521
10599
26738
30351
6508
31852
5911
18628
2210
31876
12253
11402
26440
1515
23006
14627
2534
3094
10124
12491
32023
12102
9715
25326
12010
20574
28990
32408
18311
5873
29309
26925
29974
7584
10917
27994
11996
14499
11992
22091
13223
2725
14823
19231
18285
23509
30486
32409
29744
26426
27167
1816
21028
4678
6265
29385
6932
17071
22489
27675
3330
18042
26106
627
24590
601
11674
27426
21401
23094
23749
20116
5801
2064
12373
30153
3983
21766
6330
27657
18120
26801
7159
26836
31010
8887
6381
5657
5407
12957
20444
1704
10142
25053
21543
28904
31672
17465
19287
461
29161
16974
7523
23557
21104
12908
31279
6002
7928
29605
22610
21725
10103
16164
20764
14825
26199
9153
32216
26949
26580
24530
14926
19238
16549
3395
28812
14837
22494
21481
20966
26436
2069
5651
8508
3335
23491
19298
29307
16129
26862
32219
870
28796
4101
7483
4503
573
8716
7306
20928
27831
12792
3571
27703
23167
5469
12499
8882
18176
22598
9744
847
30064
10340
16044
19671
21507
31596
6298
26691
8030
29882
32208
7039
23118
20026
14749
22895
28090
18568
22589
21296
1238
26198
1195
11936
31130
30479
30902
1568
25971
13497
13143
5528
10808
31008
26946
14524
1887
20017
25531
7822
3953
23972
16811
22052
4539
990
20211
6316
19527
2581
26112
29869
31242
19381
3999
16016
4447
19202
21779
27230
18100
30975
30822
13003
10115
13455
1788
12660
24965
17627
31342
19557
2594
21235
23445
7390
31275
9912
7140
13143
4555
11001
6395
23745
30907
31964
32378
19727
11958
2688
31251
21237
45
1248
30180
30959
13115
10491
19715
14214
219
9266
11866
7375
11865
6129
8629
3380
23302
145
25369
374
22064
893
2136
26099
4433
26772
9442
32549
647
17103
24542
30572
2884
3108
12409
31245
14151
14506
13438
32634
26571
1277
21800
11988
16126
996
11828
30894
24500
12081
27449
20244
21853
32745
3900
7883
14388
20901
23167
28123
25018
5432
17051
17227
17763
5778
12494
15404
16783
23013
31382
29145
31931
21510
18559
5500
8953
533
24377
25812
6045
9312
32493
23606
28474
8325
19665
18898
17869
20183
31483
9784
17719
14083
8819
22043
28657
32756
907
14676
1019
5875
8307
11049
2581
21011
26120
22480
25906
4556
22253
2863
30250
9702
27869
23782
10159
31128
9279
23951
30338
19186
26107
10564
18918
29048
17293
866
12374
30736
14680
24461
21619
3614
27452
31733
15936
5101
3946
28887
13457
18001
31607
22854
21185
19850
1968
31019
9892
13164
15534
1163
27324
1213
32554
27656
12464
8671
11794
21163
4089
686
26331
4320
11487
29100
25626
26818
11172
604
10830
20377
25599
18155
30464
28833
26828
2325
9743
19726
14337
2631
325
7500
9956
3841
11821
22411
24187
14719
11817
32635
31812
30616
9407
9044
11047
2022
22580
10778
18601
23079
8284
22303
27234
20195
14256
9929
22449
6736
8865
26773
19374
20082
8492
14940
4960
20614
24239
18646
23601
15777
21499
31068
18078
661
4010
24818
4403
11028
22707
11396
28599
11288
24379
24176
25252
11649
28590
1349
8922
5888
23567
20426
30099
25653
3980
8771
31898
1044
86
4335
22200
18317
29615
25557
9327
9068
18501
1985
17643
18814
15038
4233
24374
23797
22676
12436
2987
17933
5411
18845
12717
26864
13568
31413
28057
17367
909
20359
4856
14451
1738
29920
7930
1163
9582
5743
12064
11750
29495
18889
20536
25963
6014
10927
14734
9607
526
3220
18529
4047
25142
25946
20372
19943
5149
21853
4006
31138
30806
28850
27364
20586
27060
11697
10717
13795
17760
7344
25623
18891
14632
19730
24832
5413
19482
897
1319
4758
21842
9591
8108
5647
21776
32259
11254
22444
25614
16330
23459
9692
11536
26700
31941
707
9404
26728
4171
12508
29612
13858
9405
29411
18114
11173
18733
754
31163
22404
11370
1258
20487
8773
15478
30740
12248
27936
23098
27656
4986
3588
30073
31950
9442
19675
9475
23108
14217
17935
3883
24255
5243
22093
13946
30965
19626
29577
32421
27931
1417
5954
32189
12618
29654
7687
28070
26919
30903
16442
20938
17603
5385
2068
9486
18112
9973
26857
9222
13750
9668
23469
1892
15572
20468
9400
17079
32715
32651
9926
6994
9703
6315
26434
11145
8319
18023
10180
9764
12432
31189
14552
28173
28581
24420
27137
22092
24570
15984
15101
7733
18400
30484
12875
32224
23651
4672
31979
22234
32555
6155
15205
23834
5024
8266
8204
19511
12114
20833
17028
31960
10647
16729
19586
28267
20086
27955
25555
6426
14531
14972
30112
7162
6028
14114
18160
7046
25268
2950
28270
25677
17118
21202
7021
9703
12428
19853
20009
23085
3720
8813
25935
11434
17284
8556
9408
30284
5885
15645
6546
8543
21861
11841
32600
2492
32640
30102
2724
11582
2319
12271
15562
16502
27308
28809
9446
31648
2805
5533
12832
13269
17132
19250
31534
5250
414
12341
7963
3352
21251
20939
9031
18181
20006
28902
29360
14308
11909
17943
25199
9200
7355
14243
24454
9407
27228
13784
10712
2093
17697
12705
16505
7062
9541
24921
25384
14152
31534
18397
19738
7735
24656
12773
3322
1523
20303
7572
7725
23256
10083
16461
10074
5252
32513
7881
554
11919
2488
27494
28748
6518
5465
7874
8637
14295
25178
32393
28742
15332
23420
1675
29766
30994
28844
26642
22193
32273
6439
4978
1113
2817
16610
32737
9836
14307
9513
9609
1086
24397
25734
24028
12873
8546
17892
7720
12915
4866
31476
16491
27023
27966
25040
20072
3621
20751
2527
762
29814
29511
32760
30121
23483
17607
9674
9339
8366
27379
6267
20492
31051
7267
27279
24033
7640
13787
13580
13562
803
7038
17371
18598
2571
14910
24946
17820
18497
15767
1456
5446
20048
19837
27656
11104
3803
26771
21730
20930
19238
11933
30270
26234
10457
12088
24475
16414
21760
4297
21783
11361
22613
9139
26071
15587
194
13773
16809
22094
1058
14867
4584
13726
16456
6299
22945
24512
15426
15051
8435
12127
20190
10186
28604
29947
3694
17716
23410
23867
28105
4114
11342
4484
10898
25097
23984
18122
28861
5841
32191
11942
22350
9705
12367
32425
6756
1161
22793
497
13943
25561
12485
26873
18654
8032
19003
19381
22932
28607
18907
4575
29243
13727
21753
13708
9825
28904
31789
5122
28931
14387
9466
16589
2895
17539
13997
3856
8366
25903
3720
17690
1026
28707
32544
11833
18988
585
24324
32467
28114
9281
27295
16050
24671
10072
32096
11680
11339
20152
26136
22068
3228
6364
23203
17131
7597
15687
20170
2426
2862
12918
12904
8291
24428
20499
23244
12999
22482
24939
7007
26235
25264
15394
20870
18526
10812
12069
26570
21225
20695
24033
5175
17159
17041
23475
22017
12071
16366
7071
30318
5264
1515
2116
4335
20213
14140
22543
26256
11850
27352
29104
147
7894
951
29898
26200
6024
13786
15087
27265
17038
23693
25803
21331
5156
1513
18335
25182
17322
22428
20210
32608
23290
12525
9859
2663
20472
11770
16513
6454
23659
28740
3070
9194
2059
20590
28578
25821
6362
23874
23708
28619
23992
19445
3550
17459
1842
15788
18314
24320
668
32318
10919
3945
2911
8252
28953
4886
26259
6703
9680
15748
31953
18720
11583
11946
17986
31838
12816
23773
15612
28283
18966
30193
18831
20376
26499
23457
24026
17634
27227
16176
12836
349
26152
8273
22632
23521
28656
13125
6639
1634
2148
29251
21284
19060
30298
24092
16805
28429
9597
12831
30870
11149
23875
3898
28474
19453
25632
25187
24004
27284
25338
2614
23658
25216
7388
32736
30908
24547
20206
1851
13620
12571
19621
10810
9998
15686
11319
904
9817
17413
5970
7276
17487
19073
5133
25072
31714
22956
23071
30018
20631
29130
2126
23386
20375
22319
20011
20445
9988
7242
24061
16194
18313
3298
15099
11315
17461
24224
14270
1078
25737
19150
14581
10124
7375
30046
4187
10329
24750
17710
998
1286
1020
4490
21825
25060
7635
18675
23933
1554
8679
29982
4356
8096
9238
16448
32718
4852
31297
24457
9687
22893
12379
1774
8144
13127
703
18988
6164
12479
21191
3850
32735
22135
18842
29918
26810
24859
7493
21842
4666
27717
11278
17000
32746
158
25092
9660
11142
19783
7387
25866
10090
4215
503
12271
17737
29541
31431
23284
5410
23912
19284
27592
20592
604
30490
15053
1442
12361
26646
19926
6090
8255
3104
20528
26265
20100
23675
19423
12939
7666
939
2089
4447
19098
5510
12633
1738
28589
3470
11709
5484
9373
1918
17393
23555
30079
26147
30303
4831
15028
23661
14343
32150
5064
3270
24188
9464
2458
12962
29999
27973
7101
2648
22000
23710
15647
27440
10930
9658
1000
18365
15503
19162
4261
2157
13324
27903
28838
29790
11933
7002
32676
7283
19820
14084
3240
31912
8534
16111
17959
18338
6198
6173
12658
4235
20327
9743
12622
18204
28548
18305
24542
14843
30066
2900
16330
4936
3233
12748
2202
882
24206
19963
4707
3664
31629
7037
9382
11885
16581
23654
11381
17059
24444
21369
7639
31211
27029
11931
1134
12659
1878
30087
1879
30961
14959
20674
25682
12600
21048
15570
9763
30984
30011
32171
6712
23595
25586
26218
18827
30909
22738
18757
30922
3788
10632
9154
29622
11809
3458
23336
10185
30300
11697
7475
21019
7495
24973
14604
17542
12132
15706
1144
1544
16072
21930
8528
21098
29740
23588
14129
15647
13890
31107
30068
31599
23365
2274
29025
6613
6356
6198
13471
8357
9728
21020
4079
27633
17316
13525
1563
15022
7925
14990
25384
14611
16985
22245
21459
2626
2173
28074
4412
5418
17825
9954
29916
6316
6967
17426
2236
19196
10669
23226
26601
2123
5255
6175
803
21667
3248
29261
7637
13586
21778
27229
5962
9226
30052
17396
21533
9480
3907
22028
23537
15220
2437
22775
32611
18632
1482
21920
6717
5621
21587
6677
17900
3075
23064
22338
4149
24567
7444
19455
2595
13817
27364
8526
17220
32694
19856
23517
1301
6660
17065
1747
25274
28100
26772
31689
28914
6157
5669
27669
14923
23943
4208
3919
17298
27924
21211
6926
13454
13750
7544
26611
30958
21421
15762
26601
28031
22751
17542
20906
28066
29821
8404
9606
21758
15844
19830
28512
18802
9921
2929
27129
24909
22649
22953
26481
31170
200
7929
8970
20886
20904
14979
24624
15388
14452
28229
31414
99
4173
22510
19555
14510
21437
27631
2989
17956
4506
9940
1988
11465
10541
26837
26066
27565
4500
12200
17281
9572
12389
8858
25279
11445
916
9438
17086
18838
8855
25125
19006
19033
23239
2415
26382
13600
27402
10784
18128
11670
8879
26454
3326
25313
26521
30074
10794
6610
26528
5653
14474
10079
31028
1509
435
28500
28483
4401
4517
15173
25693
16985
31496
32199
16663
24241
12469
21984
429
9615
6264
26299
32491
1443
15124
22432
15949
15495
13704
4132
3429
5271
20369
1181
27773
13571
23408
9945
3198
14371
17133
20240
25616
31754
26012
12566
8195
24925
11359
12757
29422
27750
30252
12539
2069
31844
16913
6896
7568
3365
14965
22283
2474
14039
1440
26117
12168
24604
32638
17582
9995
22108
16543
26334
7158
16479
5763
24239
10324
7963
20757
1001
11796
20682
2421
12222
29687
19008
17914
24760
2476
31356
8056
23279
14137
3197
19390
6271
31644
31575
12643
7737
24242
11397
26819
2201
6745
1153
20036
25848
24273
10642
2526
11011
13929
26853
12250
27244
19543
29152
24281
224
6887
23475
32537
27704
17624
10544
1780
3315
7682
16092
26793
27876
10045
32582
3423
24104
383
407
359
1627
7236
5739
13762
10763
9011
3807
31459
19565
28414
31211
6325
30543
32138
19443
10208
16206
13648
9368
4169
22601
30723
9940
20695
19990
18546
5958
29821
13683
1969
13514
22645
26943
3443
32589
10185
10218
8123
24800
12312
9514
3508
27914
29591
25583
29148
10851
7254
27802
24424
6750
13509
13161
32485
29543
18806
17206
24091
16686
22564
98
30518
24386
12277
6156
13096
481
9980
28550
27465
16655
18690
10249
11840
23013
25478
2727
19495
6700
4866
28802
28138
10794
13680
31548
15344
10428
26125
12718
22526
19877
26205
21725
11864
1574
6255
297
25129
16335
28258
28616
22820
21908
29480
27763
10860
21283
20618
21343
29873
629
30316
11119
24476
30627
18259
12456
19566
3836
28196
25317
31204
4436
16687
27852
8029
29342
22123
30464
17214
24254
11523
15256
20630
2200
4114
28113
12286
28525
5803
18943
26564
3687
25885
25034
1864
10866
4981
30870
24997
12878
23876
1091
23444
25826
32418
9751
20622
12756
25202
12280
21297
2134
1512
2527
19685
2115
13641
2953
16575
18794
1522
7792
13734
11562
12700
15353
2996
28223
14046
7151
16606
25307
25331
10032
26840
9464
10430
678
23603
5357
26891
18041
25289
27200
4120
13699
23898
18108
11348
2309
12919
32707
25190
9368
671
4581
25201
18022
26537
29361
17047
1945
17249
13514
25276
16660
24950
12862
15756
10337
28820
12564
19135
14571
5837
13860
22171
15726
9533
31276
29371
3499
12014
13599
25616
21600
1785
13248
12837
29047
27118
27504
15271
19582
22134
68
29732
11095
22839
29019
12051
24881
20472
24431
7189
27063
26630
8617
22650
17542
23510
7354
14855
9445
13291
4135
14070
18864
3834
19940
3903
4502
13645
4133
6934
8069
31589
24945
25269
9057
14307
19192
25435
6908
20649
15654
9621
8003
9020
26232
2236
4533
19564
27791
26559
15898
4920
15235
31522
17521
31468
24441
7239
24362
16524
7288
19949
22933
18293
14456
11766
19099
14658
11196
13421
26540
23789
11106
25543
1016
26934
16953
20073
4066
22089
27602
5483
11441
29339
26074
17564
10377
16149
11174
12230
30363
22132
20496
13619
30616
25584
10626
2415
9835
27931
1104
28752
32039
29453
20299
1844
9790
11966
30355
1162
19957
27827
24748
4244
10260
19421
16852
7018
32226
25534
14740
21571
22608
5581
28310
9712
6773
3612
7350
23721
8250
14136
18779
22796
13655
9552
4616
29795
30846
15514
18734
31270
32469
5875
21829
23233
19370
27846
1562
31638
28771
1326
21611
18502
26803
29023
16305
26924
1812
5954
15933
17195
1393
20319
29574
9386
3618
6656
8386
17372
20766
12179
947
29253
31084
28753
6084
10618
5851
30493
27988
21800
20467
21423
2898
32343
28715
12273
3850
15344
9821
25769
32318
3197
1910
16729
32633
32049
10610
2915
27808
16936
27272
30833
29642
9199
14497
10260
14929
26183
27919
24748
13866
3110
4220
4999
12657
7423
6944
27725
11336
20291
1336
28571
4322
15400
15283
27886
28123
169
19758
18371
10955
28622
25378
23548
27418
14893
23388
390
4886
11953
5550
29497
9026
30874
18917
7423
24049
32453
31226
5433
27412
18478
21645
17758
28241
2483
7054
1509
17237
16667
25406
12646
21610
342
15702
29436
16204
21510
9349
21485
15416
21567
15392
19597
31559
26251
14358
23647
27642
12850
290
28030
8982
16312
26948
1851
21170
24742
1137
5128
2190
17550
31114
16021
9894
24393
24459
10808
18951
1155
31493
2706
5090
23674
28622
24176
2271
5634
15094
20975
31411
31181
2302
3044
12277
17129
15429
27258
15917
24714
14275
29469
18991
1290
16889
31127
8871
9774
5160
17017
26868
21163
27074
9405
15418
232
9246
28329
6834
15110
22127
4599
27973
19486
19959
23346
29018
21193
27256
14435
29932
23782
23276
21229
6367
28823
4725
182
3476
9869
2455
20615
32187
14726
8101
13750
7016
12051
12409
5890
873
32159
12904
17598
27352
21421
28790
6706
19180
25697
13509
20030
32532
23874
30548
14144
2375
26942
25830
1592
28821
25839
21055
15658
28163
10268
28566
25796
23445
2179
20552
17729
6572
31189
6858
9869
24210
28419
29921
23466
9300
24760
21
7506
10448
7462
31331
30686
13326
17670
22322
20582
6356
6618
25736
17706
9076
374
20606
27952
27369
25278
8945
15151
14370
16305
32635
1964
30622
12455
17313
1635
26937
9430
21838
10984
582
3099
13697
16526
13789
19960
11074
14728
6006
12761
6874
31054
2999
7323
23875
7747
31627
18254
11230
3732
15732
21306
29796
19555
10530
24353
10527
21797
2372
452
24922
4168
24478
19880
24086
4377
12124
16922
18174
12262
16806
19825
13213
15967
6260
17555
21711
23362
932
29627
21109
10552
3146
11385
12653
27898
10823
29946
21954
22199
30749
15497
29983
31418
22785
14678
3466
15688
17714
21366
13390
13767
12426
16684
20793
19750
16210
14439
6664
7032
15707
22923
25120
18658
2890
14196
4735
30136
30260
8377
24049
28131
11627
3629
1415
11142
19095
23212
16709
27873
8200
10260
8475
24949
16714
5521
31255
12904
31226
11038
13272
27180
9945
7752
2630
32604
9503
21557
6016
1766
19474
17638
14870
20847
9430
9145
11129
30707
21639
28978
23215
7084
27781
23034
24395
23862
5391
1832
6301
20208
17940
17344
19750
26277
581
7033
24142
12908
18543
22212
25690
21708
12040
30729
18072
3108
24072
7732
9180
18762
23290
28784
7984
6515
23378
30514
25800
26451
4353
1658
31540
22405
9543
7510
13529
17452
21960
24231
21922
7131
26595
1831
16627
10162
26175
1195
17375
31946
23718
4774
20378
7380
1559
32751
14385
2556
8470
452
19320
21012
24135
14350
21572
21742
7483
18150
24027
18953
27530
10585
19369
18800
31266
8552
6453
23520
31966
26963
22099
22057
10331
2584
13210
982
16903
31542
13080
25872
30330
28598
20805
960
27146
29804
14902
9204
14233
17275
24339
21380
20914
28951
32715
7413
31189
21903
32006
24989
16910
22666
1628
7944
19660
400
30916
9115
16113
29133
335
30327
6182
11026
22550
30369
25969
18461
10096
30047
521
2586
29545
20453
23145
24426
5488
19504
26019
18338
8272
15667
18679
14551
16482
12849
22948
27161
27648
13674
28926
10045
30780
24057
18113
4576
26066
14589
17829
29608
31324
19959
3634
1485
31173
17011
7126
20952
5120
24811
16437
4011
23290
1768
26816
9410
21709
15978
25225
10424
32310
1674
4181
4877
20809
3934
18163
30246
9315
27933
17357
27541
30049
1667
29117
5531
29967
17015
28706
23019
26339
14572
4146
14769
10476
27397
15506
27347
30725
18044
32548
5751
17486
30788
6432
24773
10717
21101
24934
7662
25008
18761
23826
22637
16102
19405
18001
3213
3119
31545
30068
15659
23938
1532
24643
17853
10766
10705
9108
3475
17010
8495
19228
93
30512
32736
19332
28654
863
17135
25279
17215
4001
6088
21148
5815
24917
7835
10647
12713
2574
11265
3573
29983
11075
19938
16144
10198
8776
6038
16623
17289
12412
31050
26137
10098
29637
9894
11179
21519
17209
20653
7081
5154
17438
14052
10642
14075
19221
21430
15671
16377
23954
10263
24524
12111
26511
27240
16192
18436
31106
7322
31690
30526
8844
19863
29637
16575
15091
2525
445
21680
13010
16236
24778
12957
14607
6371
11036
32194
20110
5094
9944
26245
6564
22210
21795
19779
3535
2388
30587
591
15268
13607
32590
18232
23816
28892
7109
30027
29091
23247
23009
27993
32658
9975
2762
13499
19548
17422
25700
25490
8744
23538
4130
18515
29997
13132
7199
25732
32105
11375
619
9920
6294
29059
15010
1537
2138
2530
2500
25119
24766
24258
1088
19859
15073
29461
30290
9345
32750
21165
9871
5366
24651
31908
9919
31854
19219
19707
9962
16025
31175
10625
32438
31070
25664
30198
24816
14881
12520
4977
28008
6209
29994
28415
5378
22757
23079
25485
1034
32761
31147
29448
1736
29299
1887
6850
7252
3547
6720
18200
11180
22794
10831
10834
3844
12850
5770
31434
26973
7710
18204
23633
31321
7355
16337
30926
25678
9944
14028
3112
6297
14634
892
26470
24117
4243
31180
12053
9868
31651
1434
22762
9356
25952
6763
11433
23038
32066
19293
19525
3859
8322
8029
1865
26688
26773
30105
32118
3660
755
3640
21678
7336
13852
2889
1553
18942
14301
32250
1637
32524
14543
21515
19899
20403
18722
14722
591
2635
31384
17055
19121
20794
25556
29202
2850
29381
26837
28524
4673
29478
27838
468
30951
31966
20696
8955
14671
11084
25817
15954
16762
25471
11367
28794
1233
12105
7640
23291
20749
20116
15932
24634
27220
29433
16029
23461
12964
22927
32389
10801
24693
14081
6081
5894
2202
10724
22373
120
32617
10055
18448
18746
21787
5515
12657
27086
29046
2421
12554
13888
4777
22913
20532
11284
13175
31609
15204
23677
7319
24647
32428
18128
9563
16904
27525
14135
26513
6241
3019
32170
27303
10006
17929
4379
2578
23256
5879
29425
6895
26719
1089
26296
5355
25017
11402
21015
16993
13794
6321
22786
15299
20116
12883
2608
12859
16480
913
12240
19858
16638
9235
6264
8528
22498
30540
27742
32037
32015
8192
25290
7303
6704
19716
27595
31133
8677
17222
8746
18268
12635
18701
6556
22256
28703
22145
23867
27741
8756
12141
12855
18022
8291
19012
29385
23982
10962
10338
5481
7965
18904
917
13377
9605
12560
29916
10465
13957
22700
30830
4148
1710
16652
29438
19123
2277
5264
7230
19672
19720
7082
29346
21462
12757
14135
7270
21127
28167
21775
22994
10918
13505
4826
27837
1598
31024
806
6480
25954
5485
18615
9228
13343
22688
31774
28942
31919
16491
3982
10386
2543
24966
9450
1207
3604
17318
2594
11394
8601
13476
20416
16420
11899
22235
11710
31360
7081
28370
10907
3048
19638
13339
14510
4647
18898
10618
15801
20933
9208
16458
14529
5254
26985
19229
31261
20788
15960
931
8654
158
28135
10189
22542
17377
1874
29233
29739
16358
23402
29105
1430
21036
28230
1111
29495
712
12597
31108
9476
22442
6390
8010
27602
27937
25644
16150
7019
30626
9740
19858
2784
4805
26969
20937
28449
400
32658
18317
17354
17400
20586
277
13888
9637
15736
19435
18173
10742
28208
23814
5416
31045
6162
18482
2153
13164
5921
1721
19707
19335
27287
20796
22019
20732
27095
20706
23072
18873
17827
27573
32323
445
10639
12360
8897
29658
4533
9373
1702
12217
10411
31815
13645
24862
16818
31180
29229
23661
17200
32589
5878
21614
5473
4713
6109
7501
26953
22366
8755
8421
27629
18289
2365
26685
14786
9873
30016
24147
9830
31799
2267
12313
11406
5008
28825
28094
6720
18142
4295
20782
19778
6684
17795
19932
5074
26848
26902
19903
1431
11142
5252
16282
26840
6027
20065
23169
30700
7991
7141
15001
6897
5247
10307
15135
27073
29481
30263
12716
2594
5681
20446
28343
15933
23660
26827
10075
14162
107
26199
11354
169
10146
16952
4707
5836
27849
15190
12176
32499
27011
18650
4659
29376
830
17287
21714
29740
32602
14669
29552
24002
8845
7963
1550
17163
24454
21750
1138
13641
22736
12360
30503
16487
14842
122
14789
13361
11253
16836
12915
3521
26813
29252
8873
5433
12859
15694
30011
952
12395
28932
11667
17798
31418
29222
23613
11410
20658
8747
15530
10015
17880
27536
24621
20154
25813
26736
2634
25455
3541
22357
8752
1852
5165
21070
23940
19910
24384
31809
2144
29771
4771
6275
3740
21976
383
16550
10828
28604
28983
11410
23433
2620
28491
16599
3445
22920
15997
22338
3193
10990
7986
30127
12753
29262
30490
26397
26699
19406
7187
27400
28235
17870
17995
28403
30995
1823
28069
1604
7489
9583
5727
5204
8345
16392
20721
23751
6405
12987
28984
28185
31962
29974
16595
6778
2141
31198
12494
29404
7302
8889
20093
30794
31492
7210
32683
30587
896
13762
18933
17063
22054
2709
10608
15769
32610
3564
14994
28678
4327
20537
15183
4637
19446
4176
10114
18271
16605
27859
29839
31665
1982
18926
12358
5807
30353
16197
1803
31044
30828
8747
30004
31095
27138
21
10163
20616
8043
7502
20469
12092
30499
19436
28426
27765
7764
12034
23557
517
27224
15895
2470
19396
27513
7383
20278
15585
7420
6921
14515
32629
22111
28865
8749
12894
25054
2775
8816
14666
23612
31639
2275
21266
16831
25530
29360
27210
19581
26518
15141
21526
2006
1169
19291
28990
15682
23259
3349
25989
7757
16221
1258
22839
20447
10732
22439
30978
15041
21443
16111
10246
17757
6704
12580
6191
23237
31117
16523
15555
25335
13426
30122
19255
4192
31529
10485
15943
9886
10082
8106
3910
7818
24616
28666
6578
19318
14868
28777
23819
26035
10177
13943
4325
7767
20095
26752
16189
8252
4940
26337
22793
8780
29696
4188
30994
28412
199
9662
18694
1303
2516
4286
15561
13757
21844
4649
6157
25515
29089
6972
29218
18365
30649
22097
11279
24240
20974
8895
3297
25645
23263
2043
30787
32515
26790
25603
29519
693
6227
22780
27556
27188
28058
15897
29881
28653
6856
6080
28529
26374
1275
23272
20463
14821
22675
32710
30123
12787
16868
10152
18885
27807
7725
23073
6042
8613
14542
7526
21398
7824
26805
28152
17481
7037
8730
22915
16828
19747
20588
16646
32517
22544
3211
1589
4633
2357
823
10268
11746
30629
8137
4868
17041
29594
20256
10138
30774
26297
28383
15694
14221
2455
15574
9210
13595
4731
23229
26820
12922
16742
14888
25157
27122
27984
1207
18411
22601
30389
21645
22683
22747
17232
20740
21659
18413
10023
927
20144
7998
24263
31041
6275
16607
32465
924
20041
25669
31925
12011
17827
22941
13502
16356
25539
5983
4431
19944
7889
17958
14188
19838
11917
16063
23675
7935
12341
11903
10572
30099
16809
21978
20056
10843
22477
5426
11590
20464
21551
15341
15284
6669
7658
19914
819
28040
16842
12917
25235
11399
23984
857
29794
4848
23352
27573
16047
14113
15770
20210
4115
738
1742
10548
11763
14487
30708
24111
14335
22715
12530
27196
25854
31625
29535
10667
31950
29436
3232
10843
13222
18682
11088
15241
19103
28108
9190
12262
6515
10962
26769
1516
25988
11637
14439
27249
10784
15964
18879
18813
13827
30947
29659
24921
16925
5833
7115
3048
26006
9256
26765
12858
2832
12203
633
7775
19244
19195
25053
8057
20559
28538
28900
13333
10150
6964
1212
11964
9063
14867
29175
2244
12890
12114
16434
22380
20633
4915
16629
5929
30100
30965
3547
16698
9047
20736
12787
24450
31504
15204
613
4759
31435
24193
27225
15895
18561
5639
11796
20283
11857
3618
26980
20910
11277
7918
19775
18079
16888
31793
24743
29205
22734
3401
18640
4738
27397
355
23685
13980
21331
29678
1736
9576
25712
13648
15545
3223
11805
3031
2745
26902
4965
242
31950
24033
5667
3745
26185
27928
31684
16682
19623
18260
12110
8462
31158
9531
1185
31035
30969
24402
16638
19843
1100
14355
3269
5453
9163
3136
12931
3722
1265
23926
20267
15595
19709
27397
22436
26961
27290
19711
6020
13702
10942
17807
3356
6186
5331
15500
18100
21744
21013
6478
9495
17674
9275
28353
10067
993
12121
11703
9146
21514
6917
20867
4652
20597
20153
15043
19353
15848
19832
11389
25281
4268
29876
8046
31294
31367
8816
24478
15301
5354
1698
10296
21673
31594
9179
12697
7072
27252
17193
26023
17354
13885
24381
11876
16623
11769
19145
4803
16649
16205
5676
5562
24322
28166
30801
2968
29374
29707
16084
22937
8796
7568
2407
21431
6329
13709
21621
11460
1334
5743
5893
11446
18620
13069
30688
8514
29693
11229
24054
15532
31484
17512
24574
22237
16847
19707
22365
17590
26275
21664
6729
14756
27906
14156
8494
26484
11857
23642
6992
20585
13213
14648
14003
32652
23703
27745
7992
6980
30684
1163
30984
1574
12410
18465
23093
526
29872
4339
1951
2415
14838
4141
30997
21223
16957
3717
26813
13079
18040
31929
29110
20657
10843
26681
507
24274
7523
10272
9099
20883
19734
22121
24775
16603
3212
26976
18459
28023
5422
342
21216
7276
17598
16025
13185
15499
31896
13220
20189
2631
1591
18322
25837
9668
8442
7385
11431
20272
7464
20532
26402
15702
10291
9185
11770
17008
11833
27405
246
13117
29904
18829
22248
17492
21251
7118
13781
20920
10904
6927
5718
17580
1685
4557
5694
3017
770
13439
15997
22861
25071
29316
24645
7094
29113
21338
19819
25744
10378
13328
28687
12683
6431
30974
1407
19408
9422
1971
89
12693
3783
7471
22000
15855
21658
21587
15089
744
28665
28821
4935
2514
26047
16632
6459
28123
17970
12092
32736
1249
645
20305
5294
2695
15266
786
9325
392
28198
1584
10069
16203
8108
30316
30835
21944
29006
11274
7246
20299
15209
30338
23243
29030
5793
4472
12366
30956
30245
26094
23074
1291
14132
27577
539
9305
18913
16177
19833
14371
22291
16173
21264
8705
1999
18223
15526
28590
20922
23003
6045
30999
27865
20398
6354
9394
22172
24044
22468
17937
1563
2522
17657
19127
13727
23598
24477
10538
25956
26820
28269
17994
31645
32402
16339
17632
9657
5086
13650
29562
24293
17070
7717
19575
16338
27009
9507
15454
31672
17468
21990
8820
11931
4455
32044
16269
24781
6041
26749
1826
25524
7985
18703
1700
27597
13383
15846
22288
3057
17635
18751
19652
30167
28524
13615
22929
9179
5475
11144
21777
20477
1617
1276
7994
23597
22269
4997
20788
4038
14563
27652
28776
20056
26082
29480
22490
11178
29749
12689
19384
255
9892
13109
27443
26521
3323
30211
29837
15484
2236
11207
3955
4468
2577
21326
4494
12121
6404
27850
29013
3474
32498
19831
23333
25304
9277
22143
7315
13116
30274
4892
23041
32620
27019
508
17007
31026
27717
3561
13716
24893
23796
31145
4141
29220
22885
17187
4758
31912
31204
16836
5527
6458
19632
1057
384
4797
9644
12510
15224
28300
5719
28366
32018
13759
8702
6235
18977
25514
561
15913
30926
7591
3955
15606
32743
6166
8757
27333
32634
19617
6
7995
14243
26053
10500
6985
24994
909
6550
5131
7984
15777
21597
25840
29716
1664
18535
11548
32241
21514
26534
23562
24162
12609
417
29046
2888
7504
13930
29818
31075
23501
5584
26103
21792
6715
16085
12854
15794
3795
4963
26063
13924
29828
21562
10698
16942
2104
14637
19205
23942
27481
22926
20693
19064
3987
30951
26352
25337
4060
3050
7819
25977
6834
2475
19135
28599
20900
23821
31793
7129
16916
2682
24562
29628
23355
24024
1444
11913
1390
13496
20703
27785
16031
14544
6611
25914
24614
7851
16686
15266
29122
15519
15168
27875
11738
3584
22108
3344
6921
30355
16514
17983
24282
23109
4156
19935
11728
23837
21702
17484
31914
24432
29041
12961
22244
2644
18505
6862
32385
86
30710
19946
14600
1648
12512
31946
28109
14645
26007
14034
31089
8783
23153
19211
23212
16939
22645
16246
7242
25075
1911
21152
8308
16829
13189
15223
12593
30466
386
7004
31277
3921
22289
22137
20408
19268
31157
18005
26385
1460
10550
31397
25573
6953
14662
31846
24339
26004
28260
18216
19122
8257
8705
27821
22357
18439
29153
5810
16013
19394
32453
23309
5808
8451
32327
5624
5081
4357
9221
16045
23088
20963
9729
27187
17772
16393
24648
28791
18838
19432
23506
26526
20751
28655
15530
27034
15316
17078
23374
22523
25601
31100
3417
4616
19348
28371
24927
20751
22388
410
21017
7929
15282
24620
13506
6945
32014
5079
26304
359
11197
24720
32391
10112
15209
19684
955
25744
7290
26162
29332
5882
31380
5400
3719
15478
17504
5675
18467
20581
24720
27371
14905
25698
13341
22262
575
10010
24019
15739
30710
19805
19216
29426
2123
4469
2505
22282
14203
15542
31693
19171
3707
28502
20302
22398
30615
6783
24733
6258
20057
24739
26933
16096
9900
20496
8187
16552
3905
11204
11972
2013
21298
13954
8472
13943
32486
13349
12342
21064
11316
5429
4183
27954
22987
184
9015
7574
20945
12362
13266
23311
25546
21104
8043
4961
30140
26410
4051
2988
12432
19143
10984
25062
19388
25341
23388
17031
15391
8761
5816
9862
18988
21812
17568
11653
21323
28359
11096
26697
14972
17920
1415
10092
19518
31349
9531
8790
6575
29400
18478
2665
3828
10700
328
24188
18651
15607
23396
4747
28095
29273
6487
24492
3501
10204
14126
20549
19908
24876
4280
23677
25314
26568
20805
10992
8061
12634
4268
18855
6350
68
16787
29511
10037
29307
21738
13448
17881
29336
14009
1513
5519
16172
2076
11683
1789
31828
14987
32219
28671
910
28767
17179
4169
26059
18066
30467
18766
21446
27591
2876
3425
24723
10378
24750
18970
21115
15576
16115
20988
30215
14050
24587
2388
10075
9998
25681
23140
1477
21823
17069
13505
1430
23382
2316
7162
21553
18681
269
2426
16993
13459
3325
9648
10480
23963
20742
7277
31605
17434
31907
4237
32109
22887
18519
29401
19853
11829
31647
16428
15191
16848
3877
27349
6892
22180
16182
29501
2849
28671
8822
29642
25044
23832
6355
9218
12929
30031
9911
5876
8976
27062
4226
14547
753
20433
18999
20453
22635
18842
3957
1179
22577
28360
14250
13570
31543
23377
6787
5978
9923
1838
6311
28675
6855
19294
7332
24225
6766
14381
10281
1656
757
8374
16759
5656
17596
32679
21778
29247
29341
6468
24508
2043
23420
32431
29859
2575
25119
22118
29658
7576
1856
3597
1286
14832
23009
22894
10842
16339
16864
8894
32709
3008
22731
20513
31337
1954
17653
625
15440
32688
19146
12603
20570
16018
2143
18443
25210
13509
3918
10474
18466
12096
20672
14372
27900
24920
4043
21839
30683
17889
19967
25992
15345
7062
26171
21248
19010
187
18885
9656
14168
29184
5018
6536
26937
12457
26115
21862
406
21484
18025
10213
14405
2458
27498
27900
14834
18946
12589
265
24337
787
10226
25877
20246
32448
28909
30810
25577
2217
23892
27394
24980
5879
951
20018
22079
31367
16272
25927
13919
23116
20251
7264
2346
32238
871
18460
14670
11191
13997
4773
24034
7600
31970
14829
3997
20999
17032
823
7750
15028
19913
2010
14955
4188
21958
16193
26454
19574
9261
27191
18749
3756
29961
17249
9145
29060
2271
6412
7289
4671
7414
13354
5688
20482
15862
12438
14316
1587
10421
10912
29761
17958
11597
26053
9541
21497
18546
20670
4197
27324
26370
2749
26264
3029
2014
19955
5338
23971
12281
25429
30940
23906
25774
928
19962
26703
8279
18842
26221
24588
29979
6555
1218
28229
20999
8781
27018
11156
7776
23216
26964
11682
7992
8545
7896
16528
23360
24859
3445
20373
28893
24190
18398
16616
4734
4879
28432
18656
7468
14721
7559
30809
32099
28467
4785
2651
22048
3833
12963
13558
7739
10527
11787
368
10231
15531
26213
28579
18136
5603
25202
26784
1972
30223
26342
17560
12045
26752
1889
26621
29086
26833
17313
15332
6964
15981
1270
1454
6079
12625
4086
25063
4777
31764
15985
26222
8294
7972
5544
12246
9805
31058
3257
24077
29862
18833
5982
17467
18180
32250
18647
20461
7893
29716
8997
27507
11319
3667
26233
24454
14605
17118
29932
30767
19026
1941
7792
28900
27566
16211
26887
27635
22855
3184
10547
31012
31706
11403
32429
28569
27402
16774
2393
7930
27128
11217
27258
7119
4627
23020
26147
11053
8242
12583
14574
4501
6112
29613
30191
18713
12534
18368
235
25280
17264
17478
30918
5932
9593
9861
9787
19066
12232
5419
17104
1898
23599
5265
11272
13760
12913
4160
22234
4074
30549
7605
5986
7138
20984
23649
4311
11094
23399
5876
25021
9991
19565
2523
24667
10607
15786
29447
31600
11430
11749
20209
4898
20358
17060
26331
24119
30222
30457
5208
12167
18692
11422
24078
12209
22750
21316
20923
24334
26595
6697
16246
29667
8078
24553
14904
26843
13619
21654
410
20404
16868
522
14560
15416
20886
11900
3895
23407
28032
19794
15675
2835
9668
29238
31676
1348
24145
31340
22466
29821
25352
24675
1998
967
1822
28042
9827
16172
21441
15972
30149
22639
2558
19679
4353
9210
31714
29922
11821
25112
223
10021
22001
10340
2418
15941
13383
32642
5635
10776
26238
2316
5389
25918
27269
16847
27774
26872
4966
13368
12897
4925
10001
12041
22714
13067
2395
21584
20657
12028
6214
5274
26867
31257
7555
27236
27478
19186
31029
27090
15804
18671
27128
30884
2617
9185
5666
16997
12920
18908
14921
15589
4698
12105
8453
20714
21985
23863
18422
31523
26189
14834
22025
31069
12932
16343
18168
22521
22199
5734
28688
29598
26435
16793
16951
17195
25301
23412
27949
32240
4050
3038
18450
29213
18678
12975
9001
8058
32059
30730
26331
27225
26364
14061
9215
31434
15962
30214
31064
7181
27359
25289
29279
12365
30817
703
17219
3211
21289
3873
1583
20696
3925
11941
24011
4295
16251
408
8453
24610
7823
13357
29713
6108
4359
2837
29358
26439
16700
7759
20396
1415
23316
13890
3499
5959
10974
32521
13605
7338
9085
1550
11183
31620
4041
13786
4219
31179
29490
17451
16930
15432
23975
17991
29088
7570
14006
24465
26272
28989
17396
15962
22779
1871
28319
23289
891
1011
3202
11550
21476
24434
12313
19299
23605
8798
17398
10532
26923
12817
30051
26257
25095
16726
12873
26369
21905
14693
15952
8586
22621
12053
9032
24526
6221
14413
200
24343
18775
13755
32532
1959
20360
25801
26948
11849
19017
19917
12963
5164
25826
25216
27478
6385
4156
24754
26686
21251
2539
19772
8735
551
21611
6965
4097
4180
1194
21353
214
5316
2247
20486
14430
3403
19482
24729
21320
16872
23668
27193
13978
1690
29864
22530
3666
20340
4170
28614
8013
19188
27830
24318
28777
30353
6996
5127
3815
24979
2331
14219
29203
4647
8020
23101
16934
16563
24993
10953
1643
23911
11581
18442
32417
5141
32133
894
11169
16962
22968
10232
19264
4989
20475
6293
19319
14319
8608
23537
30913
26932
1191
26523
27589
12649
7813
16326
31285
10374
7205
16193
12022
7150
2861
7081
3457
21573
22658
31197
9353
28034
6158
9906
13278
30021
31169
18408
27025
17258
4053
6493
31321
16606
19031
2689
6453
4273
19427
20490
4691
20333
31663
15849
3377
23719
30922
32124
14850
25299
21158
29701
28243
4445
10965
27995
29934
15605
9232
24287
5374
23082
17021
22194
5237
1594
8498
27429
14763
4648
8437
15985
4167
17424
29765
27305
30051
17080
11423
27116
12011
24423
11514
20191
4678
12794
9620
24922
32313
15156
31984
29538
11272
342
18975
600
7134
23279
17472
30831
8302
23542
19267
8804
19931
6422
28146
11625
20437
13641
4401
16738
27398
28072
7300
2899
11692
6018
20435
19481
4999
17579
9834
16217
8437
534
27460
28343
14684
25766
25225
17736
13512
22594
11349
30537
30933
25896
17595
4625
6352
24451
17674
18500
16665
13631
19022
20042
29131
19996
9498
23295
19615
12801
13957
8364
31246
27028
7795
21047
27062
19719
7958
2198
29183
13620
22964
7305
4862
17133
18602
18569
24730
12429
6833
9979
22509
25043
21344
24746
9197
9713
21746
8052
5451
24543
14154
6468
20891
2293
4148
18240
32182
16825
4334
7491
26460
25846
7399
21901
29214
20750
15814
9401
19323
23440
6318
27120
10826
8973
18624
12125
7512
13096
17122
3808
11601
12013
9919
20231
21988
30052
8463
19514
6690
29797
17177
565
14375
7597
29558
18876
16381
12850
23575
7817
4541
22452
31114
394
1783
11413
12152
19273
19284
19946
1651
684
10362
978
30446
3038
18736
2055
25997
17293
14275
6834
13472
23126
7080
22916
3818
1149
31330
3330
20390
20962
32679
24608
11212
16944
4286
13842
144
26968
12075
4703
27435
14398
28302
18231
3551
15793
457
24070
9781
29601
9057
28233
22666
27788
23847
22177
21705
30010
29463
3109
14458
32426
30080
29693
20988
25676
15973
31533
10510
25201
24099
24750
28821
20735
15189
26051
17817
30313
27125
22666
24464
1758
32196
11473
5599
9153
23531
5932
24222
28506
20450
24132
10907
2251
26513
22130
17058
1093
23221
15245
2556
13179
390
23808
18998
21079
7831
20511
27684
27628
32765
7355
16932
2989
15283
6131
18343
3804
2877
24910
31214
10821
2700
13831
11794
30763
24098
3752
2119
8835
1142
15066
30817
32096
22170
28540
24472
9647
31771
31474
17288
30756
22057
5056
12924
29812
9719
30039
15595
24773
29285
16174
10307
16738
28893
18965
16102
30900
30074
26567
24946
9070
11888
16574
15686
1287
11944
17483
19522
6253
2986
24293
461
6392
4800
27330
18717
6044
22872
3748
14515
28772
11435
32502
7972
13339
9372
21783
19743
23116
24035
28918
16556
20334
8042
6367
5554
13144
28407
19348
24508
23547
22796
30880
20732
28751
28684
4840
21137
12174
18078
12675
29189
14497
26966
13003
18458
26071
7059
5556
15558
4317
23459
32093
19580
21227
29230
4837
12973
5435
4305
14720
7567
1471
17417
18634
20253
17427
15443
16731
20319
23217
12945
12187
5099
22628
27568
12503
16556
7679
8072
20117
26082
13390
18179
9253
24426
15949
5506
633
14656
23448
8572
1591
15682
3875
104
21515
3638
32299
23006
28482
29711
7020
13817
24213
15724
4757
2815
4930
23138
2041
20036
18018
5243
135
3147
16502
2046
1532
19503
16195
17009
23383
16961
28128
10845
21901
5619
8973
5201
11391
16117
22982
10537
22569
15773
6168
400
19996
12940
14388
6852
13102
6543
18370
2202
21872
11203
29047
2241
608
11517
9450
23370
3424
10344
28835
1128
6759
24688
17013
23413
247
30175
527
2870
23375
2630
14797
26464
5601
24991
16852
15195
4870
18224
8541
30277
14065
14771
6737
22586
28641
8883
4887
1235
3739
7481
21161
7916
792
4008
17134
20907
20859
7398
11588
27326
21318
12476
9563
27107
6348
11136
5706
10670
32490
28913
9692
1415
19698
24162
25131
8434
28392
27675
28017
13331
8177
32252
7194
369
6408
10083
14622
22778
6131
26192
25741
19527
21109
6599
16492
30754
10694
14198
24511
1861
12864
1176
11239
21093
25435
22041
13358
16751
987
7163
7073
21010
9800
15352
6430
26493
18847
32617
15789
18282
29255
6246
29971
26715
20294
559
29861
29987
16309
16586
3163
10665
19569
17390
3621
27881
27156
28960
16258
19515
5924
6428
2382
15320
10890
23670
23003
16538
26181
17281
27972
26371
8799
3440
28670
11137
9248
31419
12208
14320
30083
5829
20037
6753
20710
17595
11071
22810
29957
5055
30542
2014
29993
7750
9761
17006
22941
30910
12924
12367
9314
29557
26763
30158
3619
13238
10870
13890
3947
26677
25397
2961
2582
7340
7078
5877
9990
28871
26076
3840
15383
13886
4794
28382
20052
14912
26049
10971
1131
15896
15143
3620
7518
25355
21545
9682
16252
3455
15778
23844
13200
867
1243
12044
24664
18890
11941
4334
6712
1497
9381
31396
6960
25828
3312
12229
14092
20436
16344
11815
8154
28108
20485
26018
20129
14860
22727
7447
25680
12565
1706
10417
5877
22797
3659
21867
32559
10598
1387
11731
23014
5563
21058
31757
4665
16378
9493
11546
10168
5576
12299
31067
17620
23841
4413
30288
6547
29759
8972
30118
20105
18622
9911
21873
9219
18941
32045
9654
4485
23239
25119
18220
31095
1587
23898
26435
17691
31688
24148
32102
31938
5861
13828
11645
12352
30048
25335
13239
17309
24942
25505
15750
29709
4803
753
21483
10530
2810
21288
15091
26177
4406
19178
27266
28755
4362
14485
1103
31676
24726
32723
27440
30353
12787
21867
24472
17157
13266
27997
17757
30245
9567
20269
30399
28358
24940
17535
18599
22715
9419
5604
9260
28747
5115
2548
22875
6626
17416
23197
3896
8710
19116
5306
29952
14733
6586
5607
6321
525
10684
7316
1740
16021
14299
7769
5978
31898
6912
22665
3117
18740
29753
20234
25704
18059
15966
11620
2370
13707
244
15895
14342
18400
10833
27698
19806
19998
21761
801
21970
5695
31849
8391
1932
3667
25770
3533
2398
32627
14793
28729
11014
29943
10764
3138
29360
9193
32679
1890
9148
26297
32151
25006
8898
8497
975
6499
23251
8364
16018
11457
2050
19587
25888
28188
2851
15049
19348
24112
10963
32056
19469
181
26041
14954
19212
24371
14859
26445
23325
11800
1619
13521
17338
18440
26483
1507
28524
29556
14310
415
1331
9838
5194
5569
12584
15547
2331
32093
24673
21546
19906
8145
29717
17189
12494
23543
12288
23942
6529
5023
26633
31660
17038
2876
12579
30669
4641
29149
6513
5517
13088
9567
11181
2000
21424
1761
16842
2253
11516
29561
27352
14437
14386
13605
26665
13490
13517
5
1458
8418
25626
20423
20915
3654
7669
14690
30619
31654
8916
1287
16934
24280
20232
9300
2248
27792
4927
22732
3150
4730
22092
7812
1731
22406
9259
12062
29328
5764
20031
12539
19688
18160
24799
26285
22371
18447
4625
29355
7401
25147
3477
841
15826
29306
16934
31463
18251
29782
5116
26728
6652
24041
6293
25574
9192
568
16309
9123
29076
28098
3500
23875
23147
29016
19159
18233
19553
20270
19561
20096
31447
15923
14955
21643
29886
14238
30466
2430
26112
17097
2801
13982
2075
13123
15198
3334
1551
3361
11481
19613
22395
916
14234
22340
22275
17857
20746
1108
6132
3532
11910
18503
16171
9782
1375
1205
25395
22890
3109
5251
14253
32658
8485
26711
2037
7855
14896
18254
17666
20713
414
2034
10894
25891
17555
21862
16247
28115
5761
21732
13670
12817
19950
16234
27566
13550
15992
17327
6519
18182
21526
17500
25371
22105
29600
18041
24272
28758
17554
9253
19592
10809
18445
22411
1301
25495
24862
29201
25745
5943
12867
5074
13309
11812
29739
30543
22056
2304
10686
25953
15314
13211
21853
9587
25362
30405
4971
15853
26101
15456
15884
6387
23656
31161
32300
24912
5464
5144
28100
11181
27415
29589
12120
16391
14082
14382
7877
5984
10337
17687
32569
25012
654
5713
19075
10286
1626
5246
1421
24476
2732
23284
15910
32545
2155
9232
5637
28457
7582
20428
32523
25762
19410
14484
3273
31850
30140
19030
32578
11011
24608
4057
27378
21646
14834
10831
8719
8439
28602
26413
17166
24685
20029
26682
4201
5141
14425
4582
30112
28415
29745
13278
23934
25433
21386
8157
15773
4066
15221
8901
31532
8610
20271
5102
3312
32217
16965
28350
32393
18485
5627
10874
14583
6471
17903
17499
13404
31032
10234
12261
30467
29368
855
8564
1442
21048
8967
26392
10460
25945
26483
17314
11274
20132
6996
32767
31035
16763
4048
9925
13945
14927
17381
7692
18511
1812
6923
4991
23944
13298
26389
28339
26680
12350
18777
15799
10241
16296
12048
20460
10639
2998
27904
29462
24421
26993
15960
1716
14300
10078
10971
22925
21608
30639
6208
1420
17950
19131
2777
15821
29555
11692
22900
17144
2887
375
22655
29134
10530
7698
16495
8193
3773
13793
21346
15177
5828
3441
1538
24244
17626
23400
12205
21054
5854
25788
1492
10401
31596
10532
26273
28526
4519
13260
14045
9565
5686
25677
22288
27361
8589
17372
29674
8448
7022
15041
13793
27234
1967
14860
5148
17064
4157
11651
20112
8191
28769
18910
21353
21236
9538
2871
5035
6282
1964
30652
2841
4745
13071
31399
32598
6682
24011
27504
14922
8337
1706
5440
17351
4746
7086
21162
24172
28983
32270
4502
19402
5624
1915
21373
7110
21548
29863
32220
2878
27976
22792
3810
13808
2854
32730
2668
8087
13471
24163
13108
22614
28763
31610
25669
16474
2536
28746
7859
11964
11530
26196
8072
32676
19282
14003
4609
19892
32754
3748
12795
23204
26064
15685
29352
27433
5081
3741
32134
6684
13208
22493
7570
26328
26119
6373
27321
740
27301
22282
18831
8914
15560
5399
4931
22118
6965
3217
31187
11259
11758
3136
31868
8995
15947
8170
117
12942
13644
25954
25052
25901
21550
12994
4337
21142
23356
29172
3970
30379
4840
21879
25254
11382
27418
19039
19630
20568
9416
19358
25433
19811
14791
31363
22087
6660
30433
8320
31152
26597
31783
32304
26966
2833
6024
2968
22456
23642
11683
3502
23945
6904
9434
9495
23904
4466
1704
14901
20401
450
19252
27233
2812
7348
806
23157
23620
2191
21433
4750
963
15095
30993
18192
27100
10770
17104
13034
8273
6378
16100
26395
950
786
1698
13173
4390
27533
25113
3232
17460
4843
13728
4963
4388
22709
28082
8479
20316
19467
23804
32156
10261
12172
16563
8712
23894
29814
24363
11581
32035
28942
29862
27971
21746
22083
25194
8726
14686
10382
21526
23977
30239
16412
20277
9514
31290
5167
24852
14216
5237
21954
24273
7475
21518
7532
27573
25891
25004
12422
14787
13083
25750
8592
14481
815
18467
20433
9815
18052
30066
2622
14150
15703
21850
22941
18203
12864
11940
13802
18675
31416
13432
11002
26977
24794
22806
12382
5822
23142
14535
14474
25536
12555
12562
15159
30798
32742
30770
16133
1171
10822
18632
9829
27218
12210
30158
17334
4217
301
31436
30894
5368
15288
23630
25852
20691
27673
27797
26667
25206
16347
18573
31434
12874
18326
8447
8906
9605
11888
9224
1831
29510
2788
6858
26315
20449
11458
3937
30383
25207
3191
3864
27459
14539
16271
23773
12560
11600
5752
10227
6299
29575
18313
6887
31117
16007
19266
22213
4370
13789
19926
11915
8063
11415
23014
14046
2359
20124
8336
32252
32463
14399
680
32754
28784
11283
16197
11023
20605
23296
27520
2200
26998
29334
6008
23997
19229
26018
17562
22732
4823
8959
4383
7845
4948
11951
15573
19566
8050
20778
27427
16776
31839
20726
17991
17857
16126
27256
26595
24523
6285
31242
10936
28653
22148
3150
18865
25336
6592
18625
28707
4477
2272
27283
8019
7997
496
15286
3385
28385
3909
17973
24707
32235
9127
12231
28125
15597
25014
29604
23152
14328
29318
28311
18344
9048
12173
29012
27707
8318
9151
19725
15975
20286
10231
3648
4987
32571
7833
22995
22680
5535
4725
8290
18617
31503
15599
7128
17393
9694
14173
19260
11252
5248
23473
24782
27097
19522
6232
22099
286
12345
15202
7085
21485
17528
30946
5038
31901
12678
12440
21294
24700
7184
14029
22107
24524
9434
9343
8273
18187
9467
29374
30955
25976
31306
25942
15576
27858
30740
2222
29681
32355
20496
18160
8649
2365
1940
22634
1158
24004
19720
4917
13808
6764
16796
24084
25288
21956
2870
19102
3163
10676
17070
6816
2135
1026
4670
13501
13020
24603
6196
19543
1750
19985
25066
16563
4235
27360
4856
30551
28272
11765
3240
13751
21569
12273
10667
15889
17488
20138
25098
13206
29470
21106
27487
2506
2344
30877
10564
813
14083
1853
524
795
20395
20016
27569
14065
23833
14685
17678
23153
25363
22586
20302
7016
17480
32402
23461
24717
32156
25221
318
30637
11201
23504
28532
28421
3847
10318
12356
7664
373
22975
28418
8386
4888
20681
5964
19443
16539
26940
24637
23168
30744
15258
6114
23438
24622
6103
17138
9040
5460
7517
25785
17196
20844
5203
854
19737
12700
27679
15398
26188
3673
809
31872
27923
6596
7138
12963
13825
14394
8966
2796
9291
18214
11038
3405
8562
17946
16712
12026
14370
5663
32570
11365
22107
17225
32389
16237
31438
3214
4375
1490
20874
7639
25348
11245
983
12376
27014
12190
16226
1309
17218
20357
14491
28134
28108
31349
11356
22581
29806
21285
9419
3749
31781
7209
1409
9341
20717
8225
8940
16261
22590
27185
26865
13337
3287
25265
21718
10107
26554
9253
18016
11374
23160
7279
27704
3584
16046
20035
20371
15527
24272
18140
17170
4495
31781
7149
14567
23603
30227
1499
17466
28203
30365
27177
18891
6468
18474
27188
9176
21462
14472
18976
15681
30546
11568
17426
26602
19739
19660
7071
29281
23959
25078
1413
16577
13701
23363
14233
27862
5521
3200
13569
12673
16421
5435
10915
9566
22915
4230
28637
2213
3601
29175
32631
10830
29427
13299
31958
10361
21727
15148
6514
4108
26925
4969
28298
8094
5422
27014
7958
12692
16319
26299
22013
4489
24862
20769
29832
16628
17660
5489
1302
28420
13011
7695
17938
10191
28793
6984
24867
32428
21238
8408
8866
14301
20883
15536
17745
13682
20275
27382
9802
11113
3558
2892
30005
24346
188
15189
13502
30163
28631
14965
8007
5823
8900
15065
17369
25612
1292
17336
28513
3916
30981
2264
13849
3356
19694
23379
12612
11268
1595
6043
17694
4767
30510
13500
787
26876
21159
22753
31791
12611
12861
5914
6102
5020
17037
14940
17077
8524
2514
16842
2552
21281
31927
29234
30397
18193
21865
8411
15817
286
24815
7038
6010
13181
14014
20882
21501
20982
3720
8908
32705
29838
10326
30439
11308
19812
31446
673
12428
13785
7158
24070
30544
5875
6065
20464
11128
12548
10537
29391
23114
1670
2551
5798
23879
28234
19391
1110
8285
4306
28679
1567
6238
21755
12873
22884
32177
32734
14406
28078
8008
3065
7326
5364
25041
31626
1950
2330
16177
10812
19033
27319
23086
25093
12282
7451
31339
14159
31064
9105
1178
28758
14027
25569
17133
31697
29759
29209
4557
15060
27526
18829
17615
8693
12531
5917
22500
30126
3620
30902
16592
9730
32543
22044
29917
3427
1441
14054
30416
5844
18098
14794
284
3915
9853
4378
8278
9817
22111
10383
20969
25100
2366
22598
31499
2581
16924
18696
19439
20006
28907
28110
25404
11166
20899
13956
17855
22120
16787
24590
32348
10528
32500
1417
31307
24696
1732
22227
30081
9691
1234
6221
2923
11600
2581
20447
16354
27296
32065
17213
5212
8635
31132
11113
32095
22104
4110
16762
19516
24284
7800
2203
24825
7805
12615
31062
14479
10919
9033
29203
11094
24478
28607
4315
28605
10342
27315
23138
13630
32224
21388
21061
27537
24885
30175
26768
2592
21879
19592
24707
27580
7302
23290
5270
4750
15153
12499
15290
26704
2206
19380
5090
20157
19692
19279
5570
5189
13078
11201
5590
8454
4635
31267
30375
28664
20828
14171
20554
10343
27717
23864
12585
27559
22831
14783
23558
11011
22405
5311
10044
6646
26918
21420
24904
4254
31499
4009
24201
29293
298
20967
5188
27938
2458
27182
25835
9207
2807
5049
415
6940
29192
23623
1267
30565
12959
367
10995
26176
24513
14388
19045
16873
3847
4825
29518
17889
2884
30967
22200
26524
6760
26060
23475
10105
23205
24790
1434
28152
31440
25760
3991
18728
21001
10205
24937
7774
6814
31923
16741
9260
21549
14937
26555
14481
4361
25828
22267
26478
13023
1886
7640
13625
23194
29721
26155
501
3971
24386
30011
6242
25005
1977
315
15729
2960
25120
20
21498
22260
31283
21349
26801
18705
32343
30152
14935
23028
10613
3416
4653
15140
32520
1904
174
29062
3445
8629
21117
18046
10908
1110
20893
21591
24236
20882
9952
12773
28987
20091
28578
360
19606
2298
23478
26292
11093
7956
26529
10383
17459
2923
1798
347
26653
6920
21346
25333
18057
28759
4858
12764
19465
14195
11281
15254
20256
28580
22621
27727
32596
28199
11452
1988
19076
32301
18724
26975
11388
16933
17624
4003
7367
14910
10978
30411
3780
5160
6845
1710
14333
10267
24914
6118
4275
18203
7718
21553
17086
15994
18641
30231
31380
13470
10930
11214
20135
17157
8417
8538
12532
29061
14949
30200
7896
30425
1703
8381
806
25177
10279
2171
32376
4873
32622
21220
2498
8149
580
12018
10029
5403
4898
7814
5410
11114
27882
847
14244
23434
30422
29421
11236
29628
5294
5718
14863
4674
18239
6265
6507
10530
12552
26658
15010
28456
21302
20766
3166
25130
5843
12447
28181
16015
30266
18658
17703
4114
23246
30734
26662
16324
747
22112
21620
17232
1053
32645
25108
20867
15760
2887
27066
16396
20168
31084
4388
28288
26258
5339
12717
25249
32315
4609
3360
31199
21759
27763
17610
21535
16324
18389
18131
23484
8457
22522
9678
3787
7449
5196
3726
28068
24196
14959
20539
12958
32463
25633
10918
14105
26475
13413
22234
10690
16100
24544
32244
31250
13915
5251
4660
7448
19254
1130
15955
3961
20758
6148
24343
14517
22537
2933
15142
5035
17154
31544
27928
16480
8838
9225
13263
25340
10151
23042
7435
29717
17206
31492
15929
26160
17717
24664
28556
17541
4235
5014
15695
12035
14075
19142
890
22420
4439
28614
26499
25762
10225
14060
9334
23770
32595
2283
23880
48
7472
17403
26985
12835
22938
6196
20376
22850
20596
827
25339
22511
1835
12065
13935
611
6817
14472
23069
13810
2410
8200
5966
30096
28219
27345
7808
12181
16031
13969
23480
4285
25068
17560
25883
2163
13430
16442
14264
25167
19202
17524
13993
6365
2686
25811
8282
17824
26607
15762
28200
21078
25770
20226
21038
20350
6855
10287
18267
5144
28115
9409
26568
2732
13253
16928
32073
20365
27187
20444
67
1119
19398
32587
30909
31959
23020
5748
30137
10434
11980
18987
3780
24393
11135
894
9164
28531
22141
5200
20274
6635
32341
8004
15904
22532
29858
14045
25373
5114
30010
30691
14046
13947
3496
8968
31583
11621
6365
31179
13619
20434
8994
25245
20249
17234
19025
6210
7119
18039
28229
26747
10795
1175
17807
17890
8039
22221
10858
12565
3005
5697
13298
15638
27955
25513
28560
13042
21689
2064
20153
6305
24945
21206
7384
7982
1614
6393
4488
15384
19936
14738
21255
29175
4206
19363
31975
3170
20550
22799
32519
21265
12369
19178
26818
30783
14570
27379
29798
18002
24304
7775
26344
20670
282
15833
6102
11303
20363
11974
13708
29126
20903
8653
6571
4621
32292
6807
16839
14990
6500
9427
16480
21273
19970
23166
14868
22052
13227
8033
17170
2160
14383
13787
12498
21482
7895
4320
13316
18896
2554
1858
20166
4116
17099
19503
31513
15877
13173
20732
5526
27692
18282
29728
24669
31604
9719
8580
12879
22415
31517
18426
9853
14484
17052
18442
24543
10221
18768
16373
13642
19568
22720
22772
22940
16844
16629
31169
21562
32551
13448
600
23996
4357
11007
29951
29926
10860
15706
12420
16346
20806
12520
8134
3469
10758
9311
630
2936
9870
4908
13087
912
7248
8968
3684
13943
1460
28620
24458
9716
29370
18822
30262
25505
27873
6348
18807
14307
21063
23888
19462
13599
27665
31413
21965
2859
17421
18337
18087
12035
32150
4884
18023
10942
13753
5112
17947
10688
11926
30457
9874
5424
18952
32406
10267
21677
6024
27000
1936
1852
31054
4867
27795
18565
9402
556
3352
22080
499
23178
10788
10730
11982
25519
18899
23228
10481
6840
21152
23517
25400
547
27617
27351
19031
9185
18321
16968
31937
31148
14674
25818
14793
12187
16050
5236
19463
29940
23726
18866
29438
20289
30325
16275
4091
9126
366
26482
6720
27249
14971
22840
7778
16627
16512
5071
19696
19855
14367
8666
23637
10768
23750
30371
16896
18495
8940
5972
1730
1206
20375
25707
14967
23535
10530
5992
19176
30112
9533
18632
16880
31307
14389
4663
11998
26384
10614
8450
16155
21447
4430
19659
18957
24395
25587
1664
21562
13848
11720
13198
19889
26393
25820
18769
4006
31419
29619
15567
23900
70
24906
6823
27720
1389
14933
23364
14195
11300
8139
18262
8736
21169
7844
131
11695
518
13538
601
18113
5710
10190
12168
28061
21958
3972
16206
15826
27086
15281
7986
6430
28224
21916
7413
31119
2816
25443
27846
12008
19412
4231
24501
2886
10870
24491
24170
17155
32488
10649
31767
987
18952
3462
13739
1869
3684
13975
12617
9284
11087
6820
4600
9207
28213
5691
13212
24078
20011
2536
25381
24582
1482
23731
26374
9174
32574
2027
27624
6611
18074
4130
10656
2513
30318
3961
21599
3979
21148
13598
11817
13893
1383
24082
19593
30639
13005
11056
26242
8717
22039
14443
16072
27029
7598
22871
32305
10520
14640
32491
4710
5605
19907
10885
25822
27371
1194
4654
32269
20253
26646
23071
26840
31515
574
1925
27213
25102
29361
4226
24977
25043
28139
11636
25625
15965
23335
20345
27165
27732
1141
24627
8010
28418
3340
11976
11192
19824
8673
11821
2331
25292
6265
26789
14397
3598
28667
19588
27308
1244
26761
13881
29871
19882
9424
23435
7039
9509
2526
31779
5044
21202
20788
31563
17406
12530
285
18165
8213
27562
16190
12287
12275
15200
12653
6069
5952
7784
24775
5784
12558
21984
21244
94
5062
10712
19950
26937
4450
14519
31099
4188
2013
21977
21398
21436
5608
15229
10909
4371
2015
5087
4582
6187
4347
7585
1180
4697
9417
28527
10953
839
1243
7907
29875
18167
22205
20134
108
12549
22058
26585
32165
12589
30592
691
963
8460
3698
17003
3637
7979
19709
10328
4868
6969
11933
8791
26539
30616
9152
22637
26666
25628
4475
32173
5206
22031
31100
10332
6003
16760
24128
30036
28164
30620
14214
31398
7650
20166
2819
19843
13452
30532
32087
8029
32702
8626
28480
13897
13381
23163
31501
17576
30481
16028
26198
25606
31884
28075
23531
14146
12842
23832
522
30703
9793
28852
16597
29435
8732
31855
19714
14478
10827
4966
19157
821
22844
18461
7499
6720
18448
16904
13721
13161
31143
19537
30420
6070
31741
16853
498
4000
13242
31344
32241
23156
1540
7546
12374
13562
21656
32145
31193
13141
25
24985
2911
29226
25767
24322
26408
25348
1204
10569
586
14327
22035
31426
6750
12932
25938
31380
4985
22973
17226
17413
29278
23465
28916
29432
18161
7658
15743
22963
6895
16797
19103
17382
14557
7810
11047
27369
24382
31069
20442
32582
13321
31132
13950
27511
3162
8761
3891
13297
23656
20962
19459
6241
25527
3672
20154
23093
27023
7957
10488
19550
7596
15153
8836
4180
28983
20102
31203
9307
31733
6675
4906
9990
16831
13214
2320
29689
27698
10397
21575
32242
19623
18519
32013
2571
14949
22855
2814
12345
8470
15809
10028
17689
21368
19416
9329
4332
30293
23678
25092
30687
6069
21997
15435
30609
18002
13638
32752
7631
15692
23416
4919
23714
30750
8548
18831
24459
17105
30527
5479
17933
6768
4919
3138
26476
29115
29529
28942
949
11807
14002
14513
1534
28902
4532
15590
15343
172
25052
4423
9857
26386
9362
11946
18438
5814
21841
26801
4970
11618
30471
24989
24760
9859
19647
28771
2783
4573
1405
11522
6839
8830
24425
5907
9023
10736
1584
2722
13097
21427
12456
30524
32664
13546
16819
3401
11304
1109
28773
21917
21551
3711
15209
26441
14658
14905
11168
12215
15099
12614
10764
246
31738
344
27885
23122
22570
18748
16425
7976
4165
18001
11505
12280
20123
22078
17570
6588
26895
16612
4841
20344
1122
24210
31531
8723
31924
28280
1316
27237
14151
12639
23758
6545
16775
7319
2436
9109
24903
14640
8295
30751
31310
877
30209
32163
27922
24181
4904
17066
21187
28748
28965
22893
14987
31234
16662
4514
19477
42
17041
1174
29516
22414
28042
10108
31077
27169
29559
22532
12063
18485
23473
5936
3145
23022
16158
26212
26757
17655
26381
31420
12621
23155
21345
15009
16691
8503
27634
14751
15469
20534
24880
9841
5776
19772
10
24414
9628
992
32014
8393
26169
10420
31441
515
21824
15550
20369
13411
637
25900
19993
14489
16564
27459
5605
32319
5857
30873
11911
8625
22212
25476
29257
15391
31901
8146
3092
31200
15413
10170
3216
27401
24349
28947
23181
16959
22586
17092
674
30153
12418
32380
10771
30441
12544
12963
10488
29549
28190
2192
3996
21889
6179
25340
6948
30151
13563
16566
23921
13226
10039
14233
7239
26607
9812
7100
11182
25996
3136
9960
18328
31934
7194
13391
12485
13398
9785
25722
4324
11603
11633
15748
27131
25782
29073
7046
5384
18322
816
1362
5097
19811
17578
14692
14969
3232
31845
1813
29436
32148
23641
18450
8637
24425
8911
3597
27637
29574
14440
22706
26095
795
28514
26589
27754
25337
18455
32266
11583
27048
24262
9997
9027
2995
26262
22275
2415
4679
21976
30088
2366
8188
10125
10538
10327
30707
22056
30494
14700
15137
29589
2866
21602
4074
633
15363
6578
26610
29884
8048
17679
22576
29509
17230
21321
14148
21252
24157
16241
30218
23350
3451
6974
26223
16612
28952
1711
25731
31661
16106
19186
5584
22470
7138
7301
13035
26943
21086
18587
3912
17544
14496
20929
21330
8243
23423
16321
7355
17403
16732
9926
30993
26886
22872
10690
28307
28519
27332
31757
1858
3303
6362
9807
4667
22789
20138
4767
3907
23099
10070
9196
30884
30851
9858
23708
24376
31002
21767
22644
3267
26500
5607
7608
8325
4048
18310
2451
23056
28189
1303
23480
1624
14173
7252
9546
17161
24409
2930
7930
3101
16374
6996
10863
18349
17846
27135
746
17415
17793
31054
24874
23554
24486
5606
5773
13710
5149
10861
25465
20111
27663
21239
3322
19436
23703
17601
30124
16098
18123
24098
15836
21663
14582
29374
12010
9228
21800
10237
30193
3562
241
30140
29098
25376
17001
8002
6030
17747
28275
14453
13371
30136
3139
2893
2841
1574
4638
29066
6461
8304
24417
30370
32654
22513
6085
22014
22566
14696
17377
10597
31483
3335
23281
23481
30142
32454
6613
13281
15107
8445
19293
3078
19619
32050
26051
2306
25950
10031
8569
26133
26053
1624
27941
10458
2136
18748
25323
20858
8427
14186
8938
23328
27470
21894
14089
8365
11564
3996
25587
31148
12084
23987
2912
9096
20855
5798
919
19196
16145
25903
2096
18892
1292
4933
10271
27827
4225
8104
21742
21916
22528
20922
30538
19989
13362
16272
11457
7680
11197
31305
4810
14987
13928
21662
17158
24931
15232
30651
25797
29733
20346
14925
30668
10262
29913
28125
15446
24083
25683
5724
23640
14027
8239
16383
14857
14123
22257
26445
1954
4378
22841
10102
3170
25703
9961
8934
15062
3071
22406
23066
31831
19300
25057
25778
21972
28762
1782
16584
18898
15588
25620
11393
7088
11630
28734
15841
22576
28492
26834
11492
18227
7011
29032
970
10948
2342
27389
10674
28504
19909
18001
31594
12628
15264
21901
26246
15312
30210
24873
15023
25755
27916
1037
9534
27007
21999
4854
2826
12998
29535
4892
13437
7932
16964
1042
32750
15351
24242
237
3626
4373
13595
31912
7508
24261
21443
7623
1520
30537
28789
32059
3642
5306
30325
19590
1980
20556
12469
10015
27423
7891
25675
4888
26178
30342
28451
29950
4233
515
16113
31489
14712
1172
13418
17236
1408
21425
18100
16855
19736
2502
31515
10484
29200
22070
1285
22982
7970
3743
8744
8065
9675
25952
1786
14862
28249
26968
28521
31733
11844
13041
10189
32640
22721
25181
8731
14110
32149
21280
27483
23813
2599
10447
5468
1563
8410
6423
26790
23575
31385
5888
29360
17123
1716
17267
17491
27973
15594
18171
29823
9407
21959
30920
15149
18612
23856
30457
14484
18635
21308
5147
15520
7833
20293
15852
8864
2682
22847
16741
5439
6079
27977
4088
20149
11279
23938
27159
10558
9735
1566
4853
5067
20260
1977
29072
16120
9443
31722
17135
5695
15654
22556
16808
22891
18906
29337
26278
27215
32727
24040
10025
8887
25863
3673
21518
18079
18891
32222
32337
26275
29082
16924
1232
18103
12012
18626
12114
7448
30294
11802
31431
15747
11510
25054
31442
1188
13841
3660
29828
6097
1019
30076
5739
19704
12343
14578
29131
20182
24288
16240
6443
20842
28999
11533
2067
27306
19422
8587
14357
25460
13141
12518
1802
5319
1282
18985
21150
9523
20102
133
27919
14990
2222
27300
20273
29673
31127
3131
11190
16322
534
32223
18348
25212
23126
18201
15431
16652
451
7868
1505
17396
26151
1398
1087
26229
1555
28326
20502
17920
4737
27501
2509
17903
21431
3080
1413
7026
21871
27485
30807
21964
7732
6355
2780
14015
30223
21607
29939
28484
99
20733
1726
5248
11542
28915
17134
24820
17649
12540
28225
5620
5450
13612
14408
4442
32480
11343
24942
27515
27654
32127
566
12634
29188
29686
22468
3868
8634
23840
14751
32444
19334
19700
7349
20224
14952
31877
18336
5804
10852
30420
7207
26613
32296
2025
6664
22584
30703
8738
32501
12268
31141
11722
10204
22230
4172
30445
5995
20603
20126
11627
17876
23771
15092
11084
7629
4444
21606
30035
19163
32261
29492
10710
15569
13036
2149
20941
1171
14834
173
18472
28192
22701
20116
11110
31696
11942
24533
3427
9946
965
516
21873
2328
23305
31348
2219
21519
7548
21848
27782
14634
29031
12328
14249
10054
4546
839
17663
371
14830
12002
32010
13049
31143
20251
27002
17562
1332
7015
9982
22295
21984
21812
10586
9974
11950
2512
1466
32129
22857
11142
14149
13074
12090
17930
4598
9870
17245
21015
22439
20016
16278
27734
9071
17800
19136
29570
7982
31939
2790
20938
14182
27948
6070
30070
16717
30451
28978
15566
18208
19501
20137
22839
28345
3357
23014
28064
11876
31154
10919
27676
17391
23632
5713
30416
8704
4564
10209
18448
18347
21202
21542
26053
13892
8736
15918
9234
31090
1177
8190
15159
30085
26139
11141
29877
28682
20434
30675
13235
1692
21433
20103
23712
2045
20829
28038
24602
25445
30693
4339
27918
8729
10575
22875
3617
8000
8956
25135
13903
29170
3951
7288
210
15763
25938
16838
10310
23647
14265
29545
30986
6213
23467
23012
17129
26105
1759
22687
3578
22085
19395
10716
5828
12704
5826
30444
21926
29185
4295
16547
5495
3829
2813
11273
23913
20464
22490
1874
12851
6368
13659
6929
29295
25864
11409
7080
21056
25612
2652
20227
14905
27976
21879
14982
3450
15718
26036
27971
6940
12848
137
14961
16080
30882
7884
30745
29890
24900
16315
5651
25796
20151
27967
8497
10408
29325
21874
1722
20973
19550
7518
11290
29343
7959
20744
11991
11640
20630
5293
24775
4427
26484
31563
21633
17315
6946
9827
3601
16039
10808
4861
11248
9792
27401
14318
7219
30846
19067
22870
12802
7480
11542
13676
12108
6387
26202
28286
5817
26373
14934
22067
23008
16123
7542
32276
14267
18743
9885
12618
24407
1758
26483
15273
10960
28913
7937
8686
1661
4793
31355
12101
22632
9065
22620
31759
31745
25343
16824
20961
9747
15979
3534
4304
17654
32499
25566
31212
12551
2262
3898
778
16725
27951
22942
6087
6301
21277
24516
27593
15993
31777
5172
16968
22740
26567
25690
20173
6561
23177
13274
4922
13516
19440
8744
24331
29297
32764
20051
21467
12621
20422
3361
4906
28018
25956
17761
31069
7998
28429
26237
2566
1677
3453
11599
29030
13870
411
11061
16177
29588
23898
17256
16016
16078
15325
4745
3948
5818
17630
29821
25834
19829
32592
7291
3378
277
14147
29539
9845
3227
31497
12370
9518
1315
29591
24435
4008
5982
7213
19224
4800
22850
7482
31497
21484
25600
20090
15899
9340
18999
9313
29189
31264
15975
3260
32112
20651
32168
32406
12365
22806
21148
16728
32363
6600
17570
12085
18505
25620
18252
30405
9769
17156
32276
8176
26981
18261
26698
22542
18438
21698
2385
18764
26259
21638
24843
338
13351
28956
18578
11043
19654
16201
1833
8260
22001
30812
13170
5408
2424
10677
13537
25771
25232
32132
31088
16198
8485
211
13204
16611
6002
2759
13424
12905
30158
10530
13897
31322
2249
13837
11067
179
7543
31509
25642
2579
12
1395
9211
20000
18601
3984
29443
19750
27254
9160
18111
10498
14577
23662
20934
1343
22406
25873
4093
12926
18271
8446
25354
10523
1917
6918
21259
5901
31496
8834
18311
1294
2531
14740
19620
22269
12164
14511
14491
11136
27651
19289
17770
24301
19312
10799
29385
13675
30570
13866
17502
28756
1773
22818
12340
21214
108
20368
20842
23035
16928
16280
13096
11133
17567
16711
18391
126
27568
15385
24722
3839
22878
15806
14551
14031
30539
11805
27267
30127
10823
1178
24061
26291
25633
25236
2737
20715
1981
14130
7104
2371
21351
20576
19701
11176
17767
32020
5116
28524
11990
9430
27086
6892
26800
30847
18544
23152
24362
8257
12509
32338
26437
2791
19777
25699
4771
16990
871
4234
30105
26997
2933
14510
4999
18145
24279
18390
25956
388
4985
7311
11933
29167
30521
1679
5152
11557
32668
18327
10675
11425
25023
7070
27019
14235
26257
3115
18970
29064
20288
4867
26152
12768
24049
20484
27429
2339
22196
22097
16830
5918
3255
21679
9390
5739
20410
7471
6615
16695
19906
20494
401
29511
15634
11737
12354
11581
25175
21716
17967
23832
18211
28061
14737
4091
13468
2829
18156
28975
18038
16735
15260
14954
10782
14484
20144
31058
24120
15893
31740
20029
1612
6555
5482
2107
9916
10572
32401
16982
23802
2343
18057
26136
26615
18849
5117
14158
5343
31120
6017
19724
25603
1865
30758
7153
31255
15621
28236
30124
12701
23690
184
8639
24737
7687
6119
29571
9895
5695
23457
365
22242
18409
3793
24975
21158
25687
23955
3938
26656
32599
20879
24258
2373
14935
24710
8250
28424
10956
18730
23170
31952
32724
12851
15686
30761
11033
16303
12585
26809
4345
4761
10506
13431
997
26286
6278
19479
3847
17020
13246
31688
21544
28092
23642
13346
208
8673
24526
24410
7855
10481
27355
5817
17211
24212
22105
19532
25243
18283
12597
15580
18884
12962
11190
15904
994
6601
18436
15666
12025
13023
29674
320
972
26800
28635
1668
5374
11618
10035
1398
2423
23370
24000
31296
22025
6148
22145
16498
14931
28098
22445
5879
1254
3812
12279
8264
25255
30665
8465
13023
15733
25317
21359
3567
28171
17172
14157
18002
17703
14382
30451
32706
12268
12764
24120
17997
31620
13482
23365
7171
31755
30045
31899
3826
6824
16006
4184
27476
3837
21591
18613
24070
18370
19126
2516
6972
18092
400
17593
23924
29588
15216
918
20648
10965
592
2891
15816
2806
20143
13869
2663
17801
9443
27654
24757
30546
7345
23390
5037
19372
1819
22521
5007
28457
9849
673
1681
5497
11467
7718
22993
5773
29774
13730
24207
26363
9805
30721
18329
28581
17466
27841
6918
2198
18173
26103
27687
6956
18572
21395
29115
12156
27580
23524
19554
26866
30295
23903
4437
13880
20846
15772
27987
14425
25584
10657
29663
9511
31612
11107
28328
10458
14196
14474
16713
2809
10835
7797
13618
6782
9536
28542
16870
9525
25059
21887
9576
32357
32375
28053
24815
22706
32
4387
28129
30530
20351
12314
16127
31263
25476
8312
25053
18908
3716
1807
21654
26236
8588
15752
25533
7567
23028
22951
9367
27550
19767
14801
24455
3273
18178
15051
32457
175
19850
31428
21859
1422
16419
19862
21081
20139
17423
17993
29729
31221
29587
31192
4182
2277
848
24376
17329
24744
20945
28823
7732
5504
5473
29154
24488
1384
7199
137
22602
1527
21076
20614
16834
10630
771
15004
9300
24469
1730
32732
7258
29803
21705
26222
5106
13309
10825
5006
17652
13329
15359
18133
5927
2467
9736
23226
11956
28040
3575
11864
16090
5201
11045
23666
29924
15730
10568
25524
3928
15780
6471
9275
30066
2183
25677
22104
25296
32140
29981
24209
31599
31762
2981
8937
23510
719
28373
17762
31121
24178
28849
26559
26593
11142
30885
23694
21682
12186
2073
26982
20941
19871
27974
32366
15951
6545
6216
1822
25690
20314
18036
14410
7946
12531
30699
32604
7339
4044
25455
30433
4393
1390
23670
1095
27847
8031
24445
740
27412
581
14495
8251
3612
18511
30822
19835
23003
7889
10977
27209
25591
26414
1271
3263
2990
24315
31738
2741
28172
4961
31616
10303
27234
9155
11630
3958
19189
6049
2133
30076
26099
19389
6146
4282
19115
14972
13392
17516
20220
9102
6721
9568
4366
22225
6989
15354
16705
9843
22266
10108
18531
17496
12973
1668
7718
3771
960
18647
25553
4119
8148
20060
5941
13896
18281
30572
29155
1261
7852
2633
18588
18194
10383
4587
32521
1036
30751
6659
25516
15267
3091
27706
2071
11639
2208
12985
26972
12188
17301
9199
31940
22664
22179
7054
29892
47
11260
17623
21036
23660
14625
14872
5538
15523
23540
15731
9551
10405
3605
28384
15064
26323
25195
9077
28048
11655
257
16870
11500
943
5396
18504
16183
5307
24938
24346
6278
31674
28389
7557
7663
18879
2391
25315
10486
19338
32408
27007
24392
21092
21462
30363
12972
1099
25901
19384
7478
30543
9079
15633
28093
7228
25702
4457
14480
15481
30928
3846
16485
3888
32073
23038
27538
10671
6391
1969
6528
20239
7842
2967
27740
25363
17419
24892
23311
1106
25471
6024
8049
4505
31659
8516
21689
7819
25010
3802
23097
7050
22909
5468
20040
13531
2131
1736
13695
11524
30121
8075
8744
13945
3643
19779
28659
4216
23899
21193
26603
27442
28809
28015
24745
22315
6469
24454
11975
17379
289
1060
31128
20918
17434
20516
18454
31489
1320
25709
23068
22662
12564
5496
8662
1298
25482
3084
29045
25693
8815
25420
12583
20785
25460
26612
12614
30414
4076
23776
27855
22926
31451
26830
20503
21189
32079
4452
22457
1003
11507
26485
7123
1277
24801
18560
7026
21024
30904
22905
23626
15496
6638
7884
12971
25240
22376
21920
17840
29514
30536
29272
9146
16594
19207
26720
31516
26238
19907
7974
19224
1505
31962
14438
8459
24368
7863
2987
13796
18668
27628
31507
32730
19137
20097
1362
3167
24495
11148
14585
13903
9063
27394
27897
3182
28408
12749
25186
31761
10410
543
13169
5147
19242
13829
13258
29739
26600
2111
9730
15380
10430
8015
27232
3982
5330
20176
2789
555
7357
777
18569
32652
12781
2754
3528
980
27975
13142
27229
14429
2321
27402
31822
18602
12816
23965
27176
925
29677
16161
21132
7402
17630
14601
21738
8908
29826
11650
6029
31735
524
17671
28376
461
7587
31279
2511
2772
22793
6090
18393
31080
19323
23853
7107
8877
11481
15562
8201
8648
11271
26884
16465
27471
1171
9025
7225
13565
6040
320
1874
1451
3042
7341
19052
379
14674
24818
2581
18007
25476
27473
30300
27802
1968
12591
10203
12
16846
24755
19956
1300
3326
12176
4698
24105
25382
3103
21971
9610
32733
25777
10813
20271
19080
31011
11727
9983
11202
27315
11170
32579
20994
32273
9584
9051
10615
17338
10907
25263
2871
6785
8305
18409
26521
16494
24494
20578
28639
26060
19266
14297
793
30334
17493
11371
25158
3474
8073
32447
28603
18201
32639
8834
32201
25653
14492
4883
28826
30067
8717
28799
14172
32603
30728
26799
24737
19782
13141
16608
19974
26224
31246
4948
19219
22862
3491
5447
2915
20770
23072
31013
21509
10700
2739
16634
21537
30179
18281
5418
28895
11012
56
29538
2180
26730
26946
18894
28895
3007
3160
21133
13539
2098
5053
17250
21909
13258
12845
9644
4649
32506
19486
27288
31591
19061
17990
3989
22100
20291
7517
26376
4623
19733
11044
22849
21753
29398
15526
12718
25880
13698
23998
19535
28606
2363
32217
14186
29797
12442
20989
7552
22238
5699
6155
2943
23723
25788
8001
26425
6569
20607
14850
10773
4082
18509
31962
13317
1793
32710
28349
19128
24087
2103
3727
6416
24030
27571
20970
17110
19788
32357
283
24749
19915
23076
5229
30788
17047
14408
30379
17616
18279
7612
20704
25530
31311
3413
17249
14740
7397
13410
12301
9042
20643
17797
31188
18359
29324
30145
23926
7437
23058
20435
18317
30489
32568
20934
19406
12622
19444
2242
8588
18753
7383
7973
18813
32093
13551
4308
16577
17368
10477
31188
25888
11749
1411
13076
28308
2860
13584
12685
8711
24951
26751
23437
8541
3246
1900
18512
31925
6917
27529
7633
26860
14708
27457
223
16227
17512
30619
19315
11011
20664
20832
32065
9854
16602
6528
6797
12247
14935
16562
27968
21796
3964
6747
23611
32403
29010
5809
19691
6571
32209
26656
17182
2516
32337
6125
13077
538
27201
19993
14810
11310
539
20616
12244
16557
5783
32098
18840
29861
20512
17594
15106
24662
2692
25965
4229
17205
6383
29005
12991
18743
1562
23679
18512
13643
9408
7202
27117
5416
1106
6193
23728
25162
7659
29867
18098
13367
19846
30193
4572
26631
27503
1135
28922
24867
6647
4990
15121
18253
7020
28553
4339
26081
17480
14191
272
4186
23977
1321
7567
12311
3073
2477
14494
24416
3599
8210
15110
13732
26638
7156
18690
10500
20268
22298
10577
10518
26941
16982
8842
22242
13489
32173
17072
32305
11459
15288
17670
13320
32244
29770
2596
15983
24248
10836
22091
10614
24687
18693
18934
11642
19606
23605
18609
19109
25151
10243
16942
15796
1982
25533
4502
12797
17574
7169
26397
21680
6132
34
28633
11613
32393
7885
12244
24502
15838
21997
16992
14999
18163
31179
29866
14403
17800
30586
28306
21489
12176
30322
23994
22663
26851
15739
22237
3237
20275
24269
24931
24549
16961
28533
24882
32097
31824
19962
21190
26486
20186
15425
3460
200
6019
20654
75
9862
331
652
7245
16368
26119
21935
25117
26390
25618
26967
17672
3810
31808
28248
22697
19032
19475
18552
31928
6429
14386
24345
31523
23862
6934
24856
19552
24083
19463
32756
30209
31948
4679
26163
14217
32170
22669
27905
31102
2793
13492
21787
12991
21692
6069
1771
14360
29330
14803
7668
10772
27032
5909
17265
29970
31871
4089
7225
6043
10367
615
19942
8947
29596
28388
24374
10734
28712
32264
30642
4613
6537
31282
17037
31401
28220
4474
30926
11992
27418
29671
22194
21741
19418
8675
75
20668
13528
32491
6510
3038
10772
31883
5324
6218
30590
29066
32351
24869
28273
29026
17672
24028
7293
14322
18294
31599
24425
32119
10313
12304
31352
18105
11639
27884
4332
1410
12015
25161
10697
7508
22653
18897
8411
8283
17134
11053
10490
22689
10356
20182
17293
29057
14412
21288
20813
21854
19869
6073
8268
5013
3492
29416
6965
25263
12558
26041
32213
4828
31909
16864
13018
1181
11567
30235
16091
30656
23187
29893
23705
18065
5694
26793
11909
24911
18629
11284
10626
7645
4812
13870
7403
12218
13606
29321
31704
23603
17470
14075
19357
16087
10933
19369
23444
12844
16204
14693
10781
12448
29189
21050
6882
16834
21637
10308
25184
18354
445
26309
19107
16598
10441
16758
13648
20943
16152
28187
32489
11180
7630
23642
10061
8797
3686
8141
25470
1898
2716
16470
31911
7397
13194
25779
8286
13469
17425
2898
1574
20372
634
17766
3640
20915
30045
10298
15747
7613
24514
26821
15089
11650
18567
21888
12780
31317
4354
8820
15905
18879
24294
15255
17539
12917
23915
4440
23955
28040
6569
4985
13535
18396
32325
19997
457
18395
12880
23842
32138
23402
24428
10672
31351
8732
9009
9746
130
10150
12239
31685
4867
8852
24564
24527
953
2874
16880
338
30475
7916
24087
18017
32148
9074
15462
19218
26335
32438
28010
22229
12655
30400
6750
15364
15363
11748
24724
21947
7192
12090
31766
6121
15790
8015
1420
26023
12367
25882
18272
8649
17742
24370
28193
11699
25421
31038
6181
19055
13057
13740
2163
4092
2362
32678
223
28392
12829
22849
1911
28705
436
14840
6942
9992
19882
12634
7031
2503
13391
8703
26629
9188
21730
10432
31376
22295
23824
1063
202
7769
4024
4133
14642
1854
10481
10755
5945
21892
17230
4251
29347
1260
8801
5320
17969
7496
1661
11803
16765
3286
28096
18384
12837
31948
26193
23040
2091
21556
21991
8984
31132
23802
23179
5513
2416
16196
10398
19905
30130
18177
2589
9307
20705
10181
25380
12434
19093
13012
24497
20220
27493
13181
11947
117
18441
26025
28195
13656
28604
15027
11481
22774
6628
24698
9474
12608
22261
16053
5192
26311
18579
24199
21779
18663
9463
28756
7431
8766
2451
25554
1230
12643
24825
18019
15639
6613
24569
23458
5342
24882
24073
9275
13550
19626
3307
18177
13477
12978
21385
4154
27640
5373
20516
31549
9910
5800
17837
31296
7441
8885
30835
28779
21850
22202
15871
4657
21260
1498
17468
8159
14092
26613
21468
11893
13615
18716
4598
29366
765
19784
1268
17019
9141
7243
24748
16460
13713
2566
24013
25905
9290
3805
8317
23750
25823
9320
29248
26510
7827
23147
21276
14217
25908
14345
9723
31497
26787
15668
31824
2497
15761
6248
17661
26655
9095
25753
25205
5340
27689
874
27677
21713
26555
26527
7929
28940
31460
25557
16772
6947
16818
20848
32479
27592
25567
9174
32046
12190
32339
15323
13120
30283
17897
3963
16750
6095
18294
31183
20933
9236
26888
18234
17255
28869
4203
20964
9518
14692
4850
17001
17299
1431
21107
18642
19918
18883
11156
25028
22079
30172
6469
31735
12813
26236
12686
4586
31757
27698
24459
3029
16101
23836
32437
32224
2673
25784
15202
5778
30821
1527
23696
20876
25652
915
23262
17015
23089
8867
26843
3131
500
31597
20611
22641
2048
19579
18951
25372
19107
1009
12237
28307
19997
29469
13240
13250
15364
24656
31145
8850
29158
27372
15174
1702
25393
30143
22778
25672
21072
2959
31804
8611
9495
29174
12053
20530
22625
24177
3292
10872
22263
435
28741
6642
14260
23871
17050
22858
9959
5941
20551
1741
32505
16492
18076
15135
21584
16578
16079
30765
30834
23984
31296
1124
14446
3874
13313
1569
23160
5765
11158
29544
7891
3105
19705
10712
18420
22185
6626
17118
28132
16656
14404
30762
8422
8863
18971
11359
8026
19781
29285
27663
8929
13870
11118
31462
2242
3222
21073
16677
22924
13024
3004
11602
29693
19938
26099
24110
24355
24196
23576
10472
1985
6537
7849
20368
27892
29100
17738
31694
22
2031
19909
20948
15331
30256
3151
12177
14042
10237
28941
27688
13542
13737
18134
11168
31806
30111
20283
6877
29066
14327
24516
10191
16199
24647
25725
2537
3180
20924
27569
11989
1614
24937
7926
24422
16833
17118
19817
12494
14208
8957
27451
5649
24527
25865
10861
9657
12638
13824
4311
26572
1905
27179
12143
16379
13118
22771
24264
18460
15510
10998
9433
11994
5576
20058
10240
28331
18115
1377
21319
28931
21370
17214
4069
29128
24973
19240
14344
14085
24869
17836
9937
28898
15647
16455
2464
21972
22126
19252
22163
20241
20154
10627
3145
18759
26189
18283
7916
32141
28976
27361
13934
18074
10129
21097
8722
22068
21864
13869
9519
24300
11611
24396
305
1545
17118
18804
24800
12738
28574
691
2277
1968
10272
15754
29065
12162
933
18756
11713
11763
31570
25733
17256
27641
9357
7718
22731
15935
27306
14400
23402
214
3015
16775
1021
6952
23796
22746
23478
45
6552
20248
9926
32481
16912
6964
22562
30453
19864
21644
29319
17860
13167
10102
31419
32650
3894
30748
24343
18640
25753
10123
30786
25643
17970
12038
1855
18470
25514
1440
21674
20861
17186
1034
21822
25996
10705
15017
30619
6406
30702
28139
32582
12010
31696
11484
4338
947
84
13812
21502
14544
6783
7731
19774
13395
31332
28273
22270
18669
17224
10991
23108
6682
12037
31025
11606
4249
172
22544
15228
29471
2670
7691
23047
30540
19133
12766
28306
24286
25774
12630
19080
29989
30626
31331
24551
183
6693
19055
13123
32100
31766
26606
12045
12908
29705
2614
15381
30960
31721
29585
17230
18087
24802
29073
31953
20690
10877
14244
12325
23410
32013
18408
18878
2232
31563
24129
27075
15549
27453
4520
20501
26995
8796
8134
18828
22236
31989
5825
644
15225
25808
20822
25240
14598
11024
31016
21933
4452
14682
855
9779
10199
24121
23381
19623
8817
14529
12277
22620
16334
1907
5829
21884
13570
24161
31134
21577
10192
2195
633
30121
6429
6312
31108
8418
21411
27840
18806
18082
13034
10650
7711
21826
22132
28922
20803
16971
5432
22350
6568
19770
17747
23696
12398
24448
11257
27758
24735
11725
10673
10665
13575
32398
30402
2235
14406
14773
1000
32188
31523
9656
21324
16774
21795
30172
23987
29208
4955
3507
22518
4664
2434
7651
27826
11357
14666
32298
15936
7371
1008
26783
17640
18176
6674
31291
23889
14927
7618
7319
6972
2507
10968
15607
13426
23398
14732
29832
6139
29274
3908
1510
1425
14536
12714
21473
14677
3231
4098
13697
32704
21440
22203
19272
17883
7008
8515
14774
31155
18093
32288
27923
20231
4276
31037
19048
15429
25986
8321
29135
17333
22153
13990
30188
23795
11846
2121
11452
4770
26401
5949
32141
10335
2453
4133
20558
23796
13712
15938
521
7374
23325
29065
686
14514
26176
2809
18
29867
25121
9003
16951
839
22381
32555
7374
16642
27130
18310
6650
17411
31146
13732
16983
5126
19089
11096
9787
7834
30810
26806
3132
15244
14566
21541
26866
21923
12855
2229
1022
2957
26509
7858
28234
23834
462
25209
11667
14504
30507
28042
16677
31967
22017
21983
25574
17054
14077
26492
12182
820
6788
7240
1365
28372
13650
17947
24422
1859
28769
7960
28722
21204
8204
13373
12944
15254
13940
24120
20291
28364
29987
15484
31684
20637
25071
26261
13891
22541
801
18360
744
26412
9943
22687
3678
29581
14759
11156
22930
4858
28805
32459
21176
16486
18919
18676
32656
27939
10791
29713
7399
12886
5928
14981
22368
13991
22332
23150
372
7229
30533
4917
27320
2793
31771
8548
15454
10913
17198
11447
32511
8753
22125
23669
11672
28205
14182
1536
31186
9258
26030
10667
9606
30253
9347
12749
5504
2660
17328
10260
387
31508
28593
21787
25998
4819
19736
32318
6238
6391
25391
13741
11060
16974
6623
28863
30424
6672
20176
22665
31198
30481
17874
2224
27688
20795
30844
12411
11180
2876
2322
18988
26231
1148
23724
23697
9714
1874
8341
31446
8037
26487
16114
30365
28089
25787
1700
30800
6274
9718
2671
29110
3133
24642
31579
7877
26581
32359
602
2232
17261
23703
23852
16225
21593
27740
17024
15551
4717
21710
20828
9939
17019
25353
4030
25520
2583
24286
15492
13266
28829
6089
30857
18096
29046
15907
2833
32148
918
23705
17767
20651
14921
1501
18884
2648
25392
2715
14707
19662
17798
19375
3635
5598
26280
31893
8925
13581
30677
27169
12102
26602
20786
6512
15207
4255
7697
21278
19899
15045
7794
28345
22761
25213
8650
29302
11427
12732
7940
23331
28110
10214
3526
8285
23011
24479
25845
18691
22933
26334
25211
9195
9908
23874
72
30931
2385
19626
14998
17818
28707
28672
2930
23472
26665
23637
16248
29131
14225
16435
2014
32219
8153
11566
28084
27457
2868
8125
2665
315
10543
14664
10642
3491
16020
24706
14311
10202
11406
15353
9102
8191
29455
15084
4509
28260
12911
8284
3290
14146
28758
17509
4549
13995
9179
32719
7128
10433
19693
30177
6157
550
6898
12405
24737
3251
26287
16978
9751
15469
872
25525
27009
20660
11080
15665
27643
5566
2819
21689
14200
23108
12473
20732
9409
28027
25118
1777
698
14662
7640
1458
17127
19626
19496
5261
20272
27266
25293
22360
27873
28788
37
3334
20725
10787
16790
7288
18836
25766
22828
25493
8410
22074
9859
31901
7386
11827
22248
28090
16611
24889
20667
30425
13314
1456
28183
29111
28871
21624
19126
30783
8780
8663
10510
17683
21108
25267
12992
617
19825
4613
6195
31512
24201
2698
21372
25074
18969
10428
4738
9045
10458
18688
3167
29949
2147
30241
17929
6172
29935
23549
2609
429
20577
21118
6251
23813
6789
5324
20368
7339
3737
30913
22368
3433
14860
15006
3436
8099
28805
12540
14644
23272
16679
32005
19340
12231
20756
2787
11588
7140
16175
30329
24839
21579
29991
10321
31876
27139
2481
16086
15564
7399
6164
6084
14843
20657
12523
3548
32283
22616
18470
16092
837
2972
17491
28078
23817
23262
4892
21728
4369
21814
26384
32084
25344
21696
678
27961
6048
17718
13438
17209
29501
14532
26859
4596
30540
16151
29871
4014
9041
12984
32005
28228
15615
28824
8421
28517
25504
11756
18307
2302
29367
24634
14361
11766
30692
27572
24294
3868
16393
3014
25462
26718
16299
10731
29733
11835
23195
5828
27359
12155
20181
22891
12073
32541
18088
2309
31077
14993
22039
25750
23377
39
26496
7450
12754
10696
23419
1489
25584
8164
24581
7898
4897
22699
17118
11779
8394
22400
17199
23008
11523
16554
9840
31514
29339
21837
5257
6154
9307
27545
32567
16006
12175
14146
6322
12283
1987
30256
7565
5052
24523
21879
30173
9114
29702
8841
29085
1717
18915
7339
9297
20114
2211
31397
9194
19053
20321
30910
12010
9424
11344
743
32200
32612
6469
20279
17302
264
8565
31895
8673
2592
5247
2495
5081
815
27309
14433
5297
31145
15990
12451
1353
32514
32584
30931
5387
32267
16773
5462
12819
31358
20428
25826
17554
28375
24953
3310
14708
15462
6767
2662
8256
24995
14357
15010
24640
27329
3998
28825
18659
20614
16782
27218
351
14681
18041
15004
7066
20637
14606
31487
20043
10301
341
23026
6748
22664
17717
22862
24468
21056
16953
20739
9330
5869
29844
2570
5468
19319
12130
1435
32505
22772
2608
17567
18395
4031
18367
9064
11617
202
6661
7584
18395
309
26485
3711
6640
3103
30080
16705
12093
30396
7260
26072
3647
10919
26628
15838
371
23162
19072
5581
31675
25757
17254
24178
7172
22619
8353
31391
5158
20795
15473
5409
30475
7309
23731
4849
12820
23875
5987
30127
13752
8706
24671
16971
4463
8569
9325
16390
1742
4338
5504
9113
22515
18726
3127
31411
21795
11606
8871
27561
28082
2199
27738
7529
18467
21870
28567
23473
9617
9116
17380
19326
5198
4155
31178
17350
13769
1034
12248
7785
7093
11270
30955
5478
103
24634
30636
74
24192
27863
21337
1519
11213
29063
27081
5730
15211
19199
25258
16677
2863
15059
2062
15255
68
16783
2086
11184
22294
24323
1100
2801
19055
11486
4423
13723
13792
1919
3275
31264
14179
14599
27712
15575
5182
23219
26820
1011
25899
24681
11379
32694
19893
656
25830
25314
17125
31269
24313
8049
9502
17163
4050
23429
12614
22691
12063
12962
3366
8349
18078
5915
29460
30734
23267
26570
16591
5826
4438
3588
28074
15571
30587
14284
11245
24186
20342
583
14712
16934
1486
10353
9129
17611
13425
2573
640
14461
22264
7906
28417
4413
5165
10788
14554
21523
16586
16945
8006
31837
32644
126
4401
19302
8776
28112
14493
13882
12485
32431
21828
26041
14378
13335
10879
31979
18481
13426
1126
6547
16732
28867
6201
17159
22654
10788
17407
15166
29566
27506
29036
26155
17240
19271
8200
15177
16228
2600
23182
30072
26075
24832
7058
29959
26007
5069
25959
2066
5402
7322
4416
3342
23250
685
6549
9122
27292
12801
25545
24504
31878
26359
19721
13013
24793
584
32375
32677
5463
22846
19592
3035
16321
22052
9642
17464
12700
31995
21547
1768
22837
10350
5974
26645
17379
4872
22495
9399
5516
165
31617
14249
6506
7206
7141
17666
20495
23913
9414
20386
7847
2937
7507
27915
894
12033
8404
27507
29634
2311
19089
7703
18057
25046
6383
17361
20757
17468
3037
15341
6231
30966
622
32057
15283
22121
7111
859
32003
14483
7996
9831
2526
13632
12214
4273
27162
24705
20056
18144
14223
13658
28770
30276
798
30395
11349
32106
2803
7345
16984
25325
9734
8670
986
11918
2280
17703
24185
22663
18364
5036
3618
17181
14723
20221
14970
29301
8350
907
893
30376
15501
25436
16741
15385
10493
14595
31694
13831
11778
1744
23575
5982
26017
9796
7947
3539
23185
31687
18881
13103
1090
4765
9664
10475
17439
13591
18535
4606
18449
21766
10637
24307
30276
22645
3428
8254
17965
7832
17827
21200
10956
20735
3556
23273
29230
21775
1866
8494
15927
29107
5992
1531
31390
32079
11870
7930
29753
10230
14405
29429
30075
13788
15822
10216
3131
15886
30757
22363
23734
16736
23580
31982
9688
11687
24709
13110
23223
8489
991
12999
30049
594
21814
18322
26327
16297
1092
12402
18521
19458
15580
7425
12772
10996
20873
15792
23034
8589
31090
6679
25249
24389
9600
8585
30638
13105
12483
10732
8771
8569
28690
20679
30103
27916
25842
29341
30965
27026
6074
11386
29448
10659
23796
7115
31317
23862
2565
20594
28425
29788
23825
9498
16885
23086
7193
29128
11479
23555
12134
19635
16347
4327
15147
19798
26721
21833
31846
1475
21761
12020
27911
9786
23244
11585
29524
32506
16341
6538
8332
21591
3825
3041
17098
14605
22714
14338
20013
25300
1498
1671
24886
11573
7814
20059
26737
16027
11080
17009
9560
941
4866
26550
7284
29915
6704
10052
11973
23095
26477
20696
25188
391
12601
8582
7783
6808
30969
8875
24069
11733
30527
29988
7931
24855
7500
23741
3885
32447
20435
8172
15761
29443
16128
4032
21065
13189
32697
19476
4623
17706
18980
6152
12502
21545
361
21170
14254
4706
26809
26640
489
20466
10639
20033
5500
516
3893
25333
23208
11241
7051
15651
30425
24172
22788
18170
20174
16735
3569
13337
29690
23418
13570
10242
298
3174
24329
8396
10857
27924
25090
31257
1056
2643
31057
7240
17794
11682
15178
11244
2599
10306
2038
19836
22263
21648
21780
20812
26186
16786
31583
23483
32590
15568
26895
23982
23720
11877
23970
28990
26206
31573
4828
28334
17140
25121
30477
19872
981
1433
23698
9864
28917
6642
17054
26720
14261
26648
6971
5790
263
6981
12939
9059
13010
3283
6996
14837
24728
591
17595
3439
12118
4558
7504
32695
12459
8324
26443
13489
31037
12178
8725
26034
30297
27424
11531
2360
18137
12204
1918
8920
6987
31137
20990
20343
24911
29484
29912
25021
15937
5195
4061
8903
7448
2343
5989
2844
21390
21155
17044
2019
8834
21813
11996
8275
5530
18933
23747
3946
1580
17907
27111
9698
17759
19406
11327
2145
12685
7042
4771
7664
15084
13442
28303
17070
7022
15879
2852
4805
17893
18855
13679
24990
20587
9257
6638
12625
24065
10392
6992
15968
19318
18838
1661
29604
9099
17651
18390
23175
7764
13694
1470
23412
12257
30491
17497
25228
27166
4374
30355
15515
13816
6839
8293
16458
10177
19991
28244
6038
29398
15665
26170
15744
16511
23868
5448
1030
28182
23609
24396
13907
30316
29896
21296
11059
2664
13375
10435
23497
7409
26365
19389
21124
26126
7932
6141
1615
8524
2214
11028
30216
2913
490
28423
6196
25358
10126
16977
29425
29002
19655
24872
28715
23708
4359
29697
16915
19401
2070
26454
27597
7087
10340
28839
17001
11377
29598
25791
31253
2516
3455
17208
5009
29417
13545
6977
15843
1261
21300
11679
75
3437
5574
28658
16505
18349
17891
21818
30974
2379
21191
32665
13313
8736
16882
16219
7731
29543
31172
819
17925
545
6729
7623
23320
2232
22614
1135
500
19426
3797
27450
4094
14024
31325
25139
17316
616
21254
22498
19675
27703
14459
9493
14795
16395
9296
1504
7112
14649
22166
9186
30853
32506
28845
5578
23428
16404
12890
30746
7121
12726
3353
811
10736
30115
437
17009
31252
11154
31765
20737
24210
12757
8537
16208
26260
22842
17446
1598
5394
4143
29501
11091
1022
18729
22099
31304
18367
8262
19741
30665
9953
1073
1194
29049
31243
26182
30453
20279
18481
13814
2235
2464
29450
11117
14730
27092
1989
9587
6683
30333
2040
7824
31969
12814
16089
32116
5346
3657
30384
17557
30406
14596
8844
25882
12333
9772
20533
14584
26950
31498
30307
26715
17566
16069
29485
15943
28981
29737
20164
12415
8919
166
5729
7846
25769
1180
25468
3236
31235
2262
25407
23627
16765
9556
29242
19003
20045
1357
8280
12802
11216
27764
12562
23944
32614
8571
27618
25515
31875
25045
20731
23078
24323
17089
1591
24247
24510
9092
4177
15233
22365
5365
11348
10927
876
23103
23891
32090
8624
26339
603
10668
21946
32252
2214
1094
3260
22215
3601
10464
21404
27234
2000
22063
21319
20180
16737
16652
26440
17230
18366
8914
665
20913
5335
1800
22200
10575
3903
7232
28926
5878
12838
3134
16941
15915
29063
8029
17480
30643
11938
12079
12967
31064
20653
11364
2122
10985
21959
15341
14446
19587
28717
12129
21854
21007
944
23711
6540
6156
5991
6325
1760
21903
4001
23040
4176
28551
17437
17813
433
4422
18046
11232
6604
11837
27897
14475
2741
20743
30033
22945
21592
23466
21509
8692
11605
7449
968
10940
28174
24573
26929
14464
12797
22196
7860
10042
9036
2202
15569
25014
9375
9352
29323
26683
19765
23707
540
10861
27439
12087
30183
14450
47
16715
8622
3924
27685
11734
17413
1190
14950
28330
23558
5483
17663
17008
1863
7219
8776
13292
31753
12935
4284
9858
29618
16775
21767
3065
6526
1490
15969
10112
20849
2726
17691
494
27536
24649
30583
29518
5968
4519
10429
26011
11087
7484
5771
13512
5442
30004
30829
20483
1582
19153
11693
59
11996
10510
32109
30688
8327
8834
7410
4074
9687
5766
28739
22044
10259
20890
14579
20618
29842
3333
10043
6745
30322
4540
332
15814
14477
645
21730
28521
17321
4444
26397
3771
11503
9238
22157
4055
26783
11332
9099
12925
13569
13914
4816
10844
12703
29713
7744
7313
30385
17929
26631
5739
16601
2227
25575
24945
1296
10350
10960
22694
224
16624
11442
8971
6869
19432
13455
30566
10030
8929
29396
19778
25815
22634
489
7991
18076
11380
6407
8811
23703
8187
24906
5977
29162
27625
8455
6097
12980
24375
12639
1600
28221
26709
29204
562
18804
19916
12188
1557
30108
23074
12148
4672
16194
32509
22199
2356
2418
13196
7919
8481
2346
4643
19755
3756
21775
31013
8018
19695
7519
13095
25526
9921
8231
27218
12012
25912
11702
27401
9180
18285
20817
31180
532
10111
29224
16477
28258
28891
137
5665
10657
19386
852
10184
10707
8683
6575
16945
18800
24786
17658
17543
254
7345
3846
32177
24290
31014
24705
30953
12662
31477
7093
32170
5979
9992
20339
18128
27153
4788
5705
13563
14020
18750
30203
52
14697
10910
21297
11475
3594
10114
19822
18335
3166
32406
5953
11576
413
24323
7871
24754
15506
5173
6704
13699
8178
7906
19721
20639
12012
24392
6427
17633
18433
13494
12297
20141
534
13901
30975
29396
24520
26888
32417
1207
19711
5882
31042
22448
6854
11223
18775
8109
27994
15030
30251
17694
20608
4373
1236
12306
26140
31518
15205
20124
25344
7465
9317
23164
19970
1665
26240
8699
13649
24939
17533
22551
19977
25700
22896
12256
12804
26795
25905
18210
12276
18943
15628
9284
25006
29610
13498
19312
31945
16062
5008
12021
4456
1439
27127
32489
11092
4289
23324
7186
2382
16563
12009
12807
24227
6493
16435
15506
21248
4742
6965
31833
13448
20889
24637
7869
4132
12456
16037
7427
9242
14001
7173
5809
24802
25888
15271
11067
27701
32406
31291
5855
23142
10985
29132
5838
4597
7276
6643
22668
3426
6768
14411
30873
28479
5386
13604
21585
7305
9751
10364
13073
20792
9086
13099
2715
25365
9909
30813
25276
9932
11655
19269
7212
11074
14356
25872
7861
16168
2073
14104
12951
29905
25969
11611
2348
6208
3036
29995
14536
19334
9728
7207
12259
15691
31149
7017
25466
11690
10597
8961
15538
13634
12060
14754
2495
649
29756
1180
30212
356
10988
19466
19835
8437
19602
3917
3928
11188
24982
15801
5097
26050
30314
26509
18881
25978
25031
31529
19989
23112
16441
25211
25702
13758
18653
5307
4448
27364
24425
28760
23811
14288
1902
28978
0
11639
7386
5897
102
27075
30145
4149
381
14310
20829
31896
19186
2797
14419
23762
19253
1688
12855
435
6432
2665
29779
4086
14553
29435
28068
27692
10233
1429
21542
8950
29934
14847
5970
8567
26014
22164
23524
21001
29004
4761
25825
28975
4544
13005
3545
11980
12194
21569
14953
28562
11816
22890
24325
17084
23025
11637
1780
24576
16176
20954
31644
16831
11020
27188
28928
12160
23623
14928
23431
19612
10014
19076
21247
32570
4209
9794
9953
17278
9252
26860
2007
16126
2757
3306
27259
10358
8815
12539
1890
22460
7918
18376
7257
4598
29987
26047
21230
26122
5546
8478
28723
11606
15035
14414
12734
1186
19790
29299
31732
20818
9603
28225
15752
9952
10816
21265
11326
8330
5148
6196
16117
840
22396
22151
2276
15361
31227
22599
23076
3582
22288
23335
18798
1439
6123
14496
2855
845
25247
26761
14745
29359
1158
4583
29316
545
7137
7686
28117
28258
1216
457
29109
13964
3362
12606
18373
19530
13404
29045
6056
5189
31167
31891
19139
19167
32373
11298
23872
8484
32428
7595
16473
9725
26103
1415
12755
20391
752
9202
11464
14692
7715
4193
22442
26993
30759
20246
4997
13111
29454
25841
4228
2501
27392
23945
2999
22142
546
30587
6675
10255
25532
27394
9403
19877
17052
32456
31358
12892
5813
24316
6816
3322
24076
27301
7389
14301
25813
27446
23211
17714
22744
27234
15808
9064
11290
6705
22484
26084
2746
852
10152
1527
26649
28086
12103
12301
26429
14163
16267
28967
8824
3405
7396
22667
5700
15164
24917
25017
13170
1222
16319
15010
23684
15729
3170
14869
21079
4788
11937
6778
21509
15444
24581
19650
30217
1774
23685
30622
29860
27855
26629
30447
1408
12556
19740
28542
27796
12496
14618
19182
22599
24304
6474
12271
18648
7621
23924
19124
1789
27450
17318
31142
28106
4900
4404
12890
3029
23506
23806
12992
24472
24805
20209
21150
13078
4194
30929
2365
23234
32262
11317
31587
23452
218
29139
9600
15517
20231
1533
30252
1877
3050
32364
27857
15315
31851
32061
4261
15301
21899
5433
21468
28896
22845
17241
14107
12930
13687
8585
16687
11926
22920
13997
7935
22969
13740
2018
32703
10906
6366
20230
359
9383
8429
31354
16740
30182
28882
23078
25997
11296
8513
7614
12632
17733
8062
2116
31566
7948
28274
31951
5820
2522
32254
18570
1452
741
3215
19967
1811
22937
18163
30102
21836
17467
6763
1880
10437
10188
27905
20985
21241
5936
12315
17174
1438
19855
337
21691
6687
10236
19836
29736
27980
25172
10767
17877
9041
7017
22699
27315
26596
25696
10477
10933
32451
24408
11403
10383
14430
12621
29087
702
7888
19259
14146
1480
28436
20102
20573
21445
12918
4249
10428
9502
3143
461
8292
1685
4053
31629
12583
14469
12955
14777
4725
4971
11956
839
20341
5542
27030
17968
852
32379
13052
10890
12254
6748
28708
24817
25163
9322
1851
12332
6747
24888
7958
1550
10149
22226
1826
3993
28971
17918
23454
7274
23347
18625
14855
20817
16210
14885
6612
28223
10954
19258
7524
11109
22294
26971
28469
29082
4290
22962
32598
29181
128
11775
13599
24796
2681
30356
26911
22485
14305
21924
15190
9019
24270
22462
6564
32444
31818
13717
2690
1344
29862
25346
4080
22547
11794
3916
13998
16711
14699
31398
9647
21844
32084
17657
16843
22530
6024
6628
14772
26761
26735
24066
3627
14582
31983
16747
27252
21712
19076
23421
24839
15100
29075
13276
24712
20190
31227
23735
29945
25793
15854
589
10543
28025
30463
5040
7298
1350
8571
26825
8393
27132
10749
2461
29830
7265
6461
31438
27997
12503
12841
13157
9931
4923
13879
8142
2324
16908
17401
22052
15485
17616
1010
24496
23740
25011
6056
15276
173
22130
32506
32588
27206
6263
26548
14079
29389
24646
7009
27890
1864
1047
32608
30933
18742
26052
23354
31971
10108
30694
22835
13340
930
7739
29983
30165
14143
27980
19831
4723
3506
3404
2732
28020
1555
17474
20667
30895
29034
27499
28418
29916
16670
21465
16978
6998
6576
24161
32069
5408
32168
19124
19154
25382
9424
460
32542
7110
21409
24458
19093
8591
18171
16285
9018
14153
2073
20901
22587
5429
15555
30872
969
25494
18373
14693
20262
15983
19873
31960
15616
9871
29057
10430
28157
971
24175
21577
5015
7307
28872
7094
1322
9864
5102
22316
11083
21715
10302
14568
13660
1818
1346
5783
19805
32295
27687
25091
15877
14761
32369
5362
16146
25399
3309
5195
23517
27282
21223
20091
10289
14122
29086
6423
14173
4836
16373
4547
2440
12827
17003
1618
25413
31973
24397
10287
17256
32151
9003
3835
27415
6283
10632
20087
11300
28960
32213
9125
29082
8195
2209
32042
13973
7853
23818
25335
24407
3117
31351
296
10393
12072
22153
23084
8479
22814
17230
25639
24975
3822
1464
5524
30339
6813
12366
9519
12509
27219
5666
274
20571
24742
27139
16670
15467
31259
24051
6300
16192
27626
22236
2852
30501
8194
2174
26814
29201
12877
3500
21832
10108
21301
20664
24344
17522
13159
22572
26850
32230
23767
19386
27355
23880
7428
17782
20254
15194
25725
17219
27983
23871
16292
19595
27007
26580
19634
8244
31312
7492
21243
32463
23130
6359
24436
25874
26829
32011
2674
19080
15703
18406
19124
14471
13128
16778
31140
19811
12276
14602
27866
32737
10328
892
18658
14062
10753
29008
28991
2449
27434
11744
14767
15135
9765
15687
15537
18350
17404
3191
31557
5323
6743
18310
10739
6768
16544
27209
20238
6192
16486
16164
5690
10933
9471
16416
32044
21868
11890
3646
15793
21631
11156
29452
6386
19204
16240
8309
26614
8564
5612
8925
5480
10334
19370
14702
25755
21340
3373
2220
10699
8263
12605
23376
22438
32423
21132
25939
1546
19309
11417
15689
22033
13541
16341
32752
22347
6886
261
21001
21066
16204
6119
13414
7268
23207
28952
24133
22708
26933
10037
4572
19042
17422
1856
7989
7204
23199
13382
2364
16645
8281
11839
279
21094
682
16438
11189
3906
31533
6570
26026
24758
4638
5939
31034
1984
25872
32361
31411
22599
1506
12545
16129
9563
17903
6969
8316
17087
16773
24951
1540
16292
16281
4396
24656
16056
14776
22783
4483
3935
8257
3112
29440
27712
11986
29977
28032
772
25856
15204
22370
10586
30539
24793
3394
25407
19536
6638
30924
7804
23105
1381
31186
18288
30867
1832
26013
6927
31222
19064
4225
23083
8842
12102
5556
16883
20048
9953
20833
28089
23519
17362
16631
1528
12120
260
15815
24725
24987
1065
17870
30309
28603
24408
18127
20976
32432
5627
8102
23412
1868
26856
19416
9773
32369
11726
28014
8916
19840
13779
10500
23398
12052
1915
2077
7206
17393
28620
21945
11749
29751
11952
10538
1409
28892
17050
4899
3244
26968
5996
8466
26606
18850
7321
10927
24045
5212
1670
7637
17389
11594
16183
15506
5011
10249
18983
378
3566
28414
8055
7744
4024
22156
16971
18567
31448
28810
5746
18677
22828
13300
14661
137
7302
19680
25041
22575
8180
10420
3128
20114
20037
4759
29780
6194
4552
29733
9118
1462
29015
3687
5710
9347
32404
16130
15300
19853
31091
9646
22055
5741
19705
15850
32076
22709
18755
16623
18649
17280
16073
25570
26026
11085
24292
17997
6771
3085
1422
9424
32679
29050
20585
9236
28313
14763
9988
18433
27618
26085
6233
27441
4354
28085
12698
19108
14666
18491
12845
31157
30201
8137
16629
21068
3493
25517
1747
13654
2780
11338
21100
12146
7692
9582
10541
21997
22176
29407
27021
28657
30572
17207
25234
16377
27211
1266
1175
392
5894
29126
3916
28443
8568
25651
24830
25692
21232
11098
19225
28824
13015
20754
4075
28019
4755
1593
28074
28123
4266
10568
23225
6458
22315
6954
22311
18160
6474
22095
30585
28160
5194
31740
3241
15625
6048
19429
3438
28281
22613
14845
9406
11517
5036
5773
2449
7228
17669
31875
1001
22980
29441
31245
17167
2628
22503
10087
26911
18173
26950
8178
28614
32627
732
4485
19019
9064
14519
22023
26828
10506
5274
19262
203
17260
17058
23778
16105
23859
28969
29942
17904
11154
26603
18008
7959
28024
6759
9622
32642
11015
14729
25603
1801
2377
2181
24842
23610
1566
30982
17859
18849
12409
21128
7876
16455
12492
26882
18490
25464
13761
9929
24632
457
6443
28081
13134
8026
20796
4981
22366
30041
504
32089
26795
2759
17129
7949
7475
19071
27925
24789
8767
14964
1325
12519
30776
14394
5639
17428
16572
24264
3918
18859
13041
31100
31865
5787
10777
10335
10233
3031
615
6571
32439
15359
14353
31882
18365
5180
31911
4385
1075
3180
13987
31181
2958
8831
8001
12716
14340
9504
29329
19552
14147
4504
26058
25359
21346
2288
22497
21166
18456
8278
28762
12160
30764
4291
8287
4569
5932
2522
14863
8232
7010
11282
4632
31284
3076
28183
24456
27046
32683
29038
19936
31688
24326
2648
30058
26764
16336
32506
11725
27344
27647
16826
28383
28128
26943
10988
13242
13373
5278
30126
5138
23453
9865
1040
1990
25138
13047
11897
2228
4399
31204
8774
1746
28809
7169
5043
25211
10234
1962
18175
24838
29004
12824
13515
20381
32724
28888
19908
18508
317
1915
8577
19801
7047
15760
27822
11988
3150
4303
21099
28270
19792
22423
17647
5519
25130
26523
24945
12706
13154
5336
17224
27316
6826
7370
4689
26685
1123
20959
20625
30781
19041
6956
11035
11403
11246
7262
21044
25194
1809
6644
7350
26718
14096
28076
31410
13886
15411
7995
31577
27529
4299
30017
27165
2045
20339
4732
18195
4710
3734
29500
7836
8629
5425
24343
1092
31825
19674
8925
13546
16818
5378
9935
9250
21035
23415
13579
30935
26887
7724
1099
15669
7384
14909
23247
17861
14860
11310
23960
5082
11201
9588
24535
14125
26331
6966
18085
29380
2899
12884
21748
10520
12241
11433
29638
21366
2942
15245
19101
2214
29203
23454
15410
22219
22071
7617
7017
29834
17927
355
11397
3438
5622
17413
18072
11659
11735
18935
10558
4194
11320
1123
23179
22277
21490
30862
8514
27004
30718
19547
28488
1894
22922
31761
20568
19427
11340
7517
12535
10418
13591
21403
4523
7319
13996
22865
31336
10496
8402
17148
16971
19175
13737
24336
32651
31482
6459
22330
13228
30970
32596
30440
2037
26209
27540
15115
11813
29767
14274
3867
14690
10374
21603
23388
882
32285
30603
18529
29229
25810
11764
23502
12594
25628
589
21090
13274
25919
11988
23348
4970
26809
3367
6204
7565
10973
14423
2070
9985
31678
5439
15619
30352
20046
13588
1329
23618
17095
17981
26684
18641
12362
1892
7668
31069
29126
28877
25185
2913
31260
2022
19204
3302
29569
4384
352
23798
28195
5118
1721
28756
25103
25963
25884
20074
2130
11345
29087
23171
20318
5223
1002
15674
28336
9035
18166
562
23984
25552
1813
15880
12761
23449
8499
20614
10265
32487
30555
5914
23931
5807
3709
9094
31491
19696
14702
19160
22745
21315
30000
8349
23723
22452
23156
12882
5964
15312
18525
5915
26017
16895
11399
10168
6333
9492
3144
29364
26955
20003
13109
16607
14892
7314
10984
15871
28258
29811
24577
6595
22061
1809
6251
13560
30579
2505
7905
12031
13669
20252
18352
26495
7008
30210
12990
18519
20241
9088
28363
27607
28125
31356
25079
29487
22912
17873
7044
8487
14324
2207
29406
3345
10900
26852
6104
508
129
10321
30777
24107
26693
8022
7799
1734
25782
28288
28098
17358
2333
23044
24388
6230
16536
924
9384
27377
9405
30353
21465
4711
10112
14873
12
6828
5207
24036
25600
22034
11420
13554
388
3773
25394
12967
23099
27735
31595
7713
9628
25094
3881
4041
10300
14491
16452
27944
4176
2317
6444
22269
31597
15141
24784
15756
2451
23674
26046
3896
8554
25504
1163
13652
18891
13213
28021
21303
15490
29596
27975
31630
5715
3814
15741
20471
18491
28941
8105
16075
11767
21098
18453
21306
28107
10442
23466
19358
1404
4197
1296
27145
10398
16656
25879
13088
21526
25523
25174
3885
15063
23548
7186
367
28655
23125
1121
27061
29127
18964
25998
1067
31398
28658
22208
7027
14968
19647
25559
8439
24014
6228
27799
8062
1573
26824
32520
15358
5995
23015
12572
14513
32447
18655
15763
11883
22137
30781
26652
28715
2922
12312
27837
19696
26469
11916
32372
9166
9469
31851
6431
32320
28817
31278
10905
9408
31366
14642
22310
24981
32468
29985
23825
26093
26052
16813
23443
1323
25080
16517
247
14978
12203
29569
25596
11459
22842
32544
3195
9331
9443
28981
28489
10273
4045
24541
24927
13046
31305
29876
17976
14734
26968
14409
32123
28934
365
12751
21466
3159
7796
12053
31546
25570
11538
18616
19988
15180
10543
30359
25115
6539
26034
18567
11807
26433
395
5960
18225
18249
11767
16824
30984
23952
10751
19015
15779
30759
5954
26795
22576
20118
3061
25557
5933
19314
1576
18467
461
5170
9291
19927
29853
17214
18160
968
29031
2121
32723
4695
9814
8929
29207
10917
28764
27460
2002
30211
23761
23926
8396
6570
28253
23184
7812
8877
10519
5211
29044
28203
10734
22301
2966
25033
19785
9651
23591
2143
10474
23520
14507
26354
23832
19173
22321
7651
253
1106
15832
10853
11853
18203
19346
23604
28712
17134
15912
21381
6466
9668
22911
6968
17729
10167
5145
13141
2406
2323
27870
8118
6256
13999
19997
20225
23997
2174
8654
28122
21427
20065
31514
31318
6494
7999
31005
11186
2906
7768
18154
581
25588
10966
23759
5043
9868
11685
26331
26468
23102
31109
29854
30516
22465
29022
22064
10348
11918
26835
19061
20722
25925
29465
25246
7356
6477
5130
16115
26506
16827
1909
2256
24277
6518
4793
19950
2
29848
5266
8420
18140
1303
18226
8942
8257
21156
26772
23276
29979
27091
15629
32174
24979
1661
8228
2926
27777
15715
6051
26270
21286
26899
7406
18405
15645
24080
4244
13156
27791
10797
3108
21309
16039
25402
1602
23382
4165
18658
31993
23130
23287
15828
6739
7169
7717
23585
1831
146
26763
10469
24627
28070
5612
11050
362
15406
5381
27145
7055
18359
18881
5650
18435
749
24491
25071
3804
13662
8360
20035
4918
18049
9190
27864
22990
14839
26896
24314
24013
16656
13252
4894
26593
1425
15174
1480
23442
4533
630
2475
28372
31089
27647
23313
32728
10492
24274
637
32040
31887
3795
19087
5107
1386
15825
19753
6309
8215
2236
23504
23995
16370
5394
18261
27862
5097
12955
19124
22030
26753
17750
7484
2440
27417
2995
28656
28491
12915
5378
23086
12623
12400
31788
31118
27607
28955
15009
18701
14337
19177
10129
29547
17564
25664
30559
9425
28985
12853
20307
8119
8069
21658
16783
6405
11990
29496
17732
8056
22019
89
32549
4680
20345
1162
28188
27400
2955
22430
20540
24269
23818
27382
21496
6802
21526
2304
27026
7899
15155
11774
18646
32409
27296
24073
32519
1358
26084
7253
6426
2161
30633
26550
15906
26644
16333
24675
19980
708
26551
31483
22668
8369
28903
25797
87
6671
20945
32060
7827
15547
21740
2251
14987
13602
28166
213
10664
32351
31194
9464
27549
7587
7140
12691
5857
11482
11892
24453
26978
30859
30978
4408
20856
13568
8385
20703
791
3752
1910
1019
27978
6585
3211
30756
9180
25881
25695
11526
4440
13439
31201
32682
1333
9686
3677
6903
29258
17890
2966
20856
29064
22565
15380
17503
23783
22020
23999
31690
5793
26918
17069
21574
20639
25885
29753
26001
26672
1096
3157
18085
10753
27639
14625
21233
4682
15313
7868
21738
23877
11379
2905
14786
31716
346
12694
12919
16579
20995
23818
26128
22876
28240
21789
6436
26490
25134
25117
28315
20208
23669
10382
9656
2954
32016
20161
31064
9028
20061
8360
1140
2234
28118
9704
20461
480
10226
24112
28041
26355
2886
6089
17464
19887
14064
5231
29085
29891
26677
28768
25801
898
2921
32690
5706
29147
21519
5609
356
11403
8258
27593
17054
18833
11092
5993
32641
24802
21428
19081
31644
23903
30741
19237
32459
23044
12236
23115
28857
24418
25210
32041
19876
5455
748
23658
22624
15580
28991
11715
11679
1671
18504
23496
7279
6322
6707
24581
26628
23124
24681
842
22200
21999
8888
30790
12880
18626
6574
1111
7553
12863
20549
10913
25267
30655
2246
3422
8196
28789
26855
31092
29840
28064
12598
20557
4848
4869
955
17379
23808
5021
32217
6426
27877
9867
10614
25683
12111
18512
2396
29758
29436
7234
17630
24303
4478
571
14014
25909
5437
13454
25422
8231
191
575
6614
11519
6951
31091
17718
19244
26108
5669
12236
8354
8236
18715
16024
6261
31313
27416
26526
4006
24626
28756
26508
17469
31629
28713
31389
14999
21524
21775
7357
3330
12469
18634
5358
22919
7710
12514
20458
16903
16001
20308
19978
12938
18068
23431
10342
25043
19421
10113
28990
16440
18476
9563
29593
18608
30313
24818
5675
26670
27791
16864
25980
28461
5881
10667
2375
16780
30941
16955
10528
14493
22038
4242
1114
27513
10790
8119
16680
20886
4219
22515
14082
29595
497
22080
14411
7794
2969
22527
7984
19615
25273
3817
8659
14801
31251
29000
12713
21687
31850
23143
27168
789
20547
3911
21126
27671
2281
31635
30502
15589
26803
15062
7604
7031
22665
16876
6379
15275
30885
15543
32628
19093
11927
29715
18954
9238
21644
20491
7388
1712
28111
19021
16434
14744
1168
25819
3156
22797
5349
30980
19624
15593
10510
29331
24090
11638
2813
19270
3264
23170
12054
23169
29886
18614
15411
19780
27240
10531
21739
23131
11687
20254
1556
1748
27806
14414
32390
3766
22925
23299
29730
17904
22517
11977
23059
1424
1277
9022
19540
31029
7956
31008
21618
24775
4312
12714
27540
6757
9014
2081
23992
2207
6867
10666
29247
10470
17579
8030
32172
28224
13817
7840
16553
13377
17238
13230
14411
24118
29476
31351
17302
30371
28461
22957
16964
25328
14728
29722
4290
32607
10429
17463
1404
14145
28456
5627
21338
28010
12707
21233
30090
18658
29023
21645
2177
14813
19731
12480
13372
19181
23897
13514
3020
4727
12372
592
1553
22628
10391
686
29638
17432
17218
9358
5821
9896
2414
6074
15980
13639
12492
31534
3497
18434
12168
12658
19890
28846
18292
20262
29296
32286
19554
22494
13309
16281
10705
15665
24931
7306
27597
21517
20647
21626
20240
13389
4102
31548
7277
13966
15486
1383
21359
1086
8592
30986
26685
28149
1605
5786
6336
31753
19311
3631
7432
27997
16177
5360
14060
6265
18881
28364
25841
25312
22381
16492
15470
17053
9180
15717
12013
32288
19095
1713
16083
7752
16583
19808
26436
18113
7233
3467
15169
26768
19391
30090
19
748
9328
19814
18157
26192
26804
29329
18893
11726
11296
15317
4003
25254
14537
22923
7093
32279
22975
1549
11330
15733
11991
6766
19557
31868
28078
23400
15677
2532
13290
4757
31307
10805
20163
18402
23835
15581
7107
12098
9255
14208
26313
7839
24824
27535
26964
8214
4494
18972
20222
29795
26882
6637
25415
6554
2922
21455
19604
10777
16637
6444
30840
10170
25720
30944
7473
1869
4288
30281
29814
4165
20936
1693
4976
25777
23733
30849
1030
17774
4928
31191
861
26267
22108
12247
2463
26702
27673
5473
32508
18309
31945
5009
16879
23392
27489
2197
25283
12941
3362
12475
14421
25859
1144
9678
12827
11763
17186
26787
2917
25083
30611
10479
17379
5534
27032
16219
360
2033
2620
3547
16109
9622
15081
14907
27865
14318
4047
30459
26240
5259
4489
20060
24809
24804
16894
9147
14036
15949
26758
24350
13819
29222
26959
30477
20889
24146
11262
19619
24105
24043
21913
3556
14960
23091
22948
4689
2493
11214
9866
26042
25456
7215
28991
30036
7097
6993
25636
4875
2466
32167
13611
17177
28240
22101
26427
2008
24965
16800
15062
8148
26474
13219
4601
27173
5004
8004
19267
25852
23844
2407
22618
31355
2203
23650
5003
4042
19021
4016
6320
2663
1678
30697
9559
16317
21226
21233
17440
761
7345
25712
18279
17689
6324
13955
22307
31557
24649
21170
5646
16227
24469
1825
8711
24294
30986
3082
29620
19430
558
7530
24939
9334
32158
23803
18771
17458
13907
4195
9926
5143
8229
4011
5882
3224
8589
30706
4321
7661
10927
30307
21581
29359
15768
16228
21592
16546
19396
1552
8451
7122
3299
2024
5149
32737
13020
197
17767
927
7955
6930
2549
27355
31976
12343
727
2681
25984
27992
32505
12997
28871
12352
13384
5127
22453
12440
5142
20824
3025
18781
16064
13747
26612
30353
23182
16207
24144
23344
20954
29996
18352
25445
15477
15084
14337
22270
30790
5861
31762
28702
13620
7796
9368
18993
30791
31892
17013
15653
23049
18095
14394
30936
1075
5044
17642
29900
12933
2409
11265
2082
15094
21507
7860
15814
24845
15348
19067
14567
30863
19972
12493
15786
7002
18851
11306
12831
30353
18813
18015
11124
29433
23120
17414
23400
15523
29690
2380
29187
28108
2263
15351
18308
24833
8009
18087
25244
28295
10648
8539
11993
6393
4093
824
30565
27955
8441
24966
31216
6511
23531
24572
9707
32686
18914
5693
23543
18266
22704
20130
16797
12841
27712
8762
32063
14404
6697
5647
28238
12201
17282
7595
13758
717
249
9947
8887
14982
5407
4787
22414
24361
22790
16338
15091
29935
22286
2536
2412
6046
2044
25205
6914
31077
26188
26323
12601
18695
19401
6006
24902
17212
19802
5235
28285
29524
2335
831
10505
26397
6844
441
9439
23047
10741
19051
23797
7046
18300
28173
5806
13496
3078
17995
6553
4424
11684
1481
3932
12178
32593
2403
8171
7175
3783
20153
7678
15315
21656
13291
22465
10942
10873
25761
24525
12368
31713
6223
25175
4153
25811
1463
23207
14832
13047
12207
15564
7065
31984
28452
26511
7212
17386
24159
29349
212
21362
2439
11561
16789
21387
2151
24649
4402
16638
25970
10815
7246
16369
30212
1411
17361
31931
2027
20542
22157
3831
2086
26626
3618
4823
1772
11705
21278
27836
15601
1500
3177
27395
30180
10470
32225
14881
1084
22535
31297
24306
8756
18972
27719
11086
25620
25823
31510
24798
8115
5723
19929
30253
27962
25252
12969
12802
9514
31172
11441
4334
32673
27128
11663
10529
14553
16925
32254
129
24305
14437
6578
2302
11504
10574
644
14111
5895
725
20175
26337
27670
28646
30490
706
12402
22552
9975
8473
5606
1943
5418
2984
13559
4961
9998
25972
27500
19894
25397
25301
1038
24265
30543
18377
2989
21948
21837
8333
30563
17867
11206
26735
29
17352
15769
4830
22358
22471
23764
10947
6438
14106
3284
31764
8060
23168
4014
31653
6823
17561
25294
24898
4892
3229
28382
10236
14451
334
28394
26816
8626
30763
21185
17198
25294
7399
8350
18599
7023
21785
6663
7592
25332
3125
10230
17751
13751
31675
21047
19292
18322
17326
17937
16370
24482
26440
12328
14910
8522
492
28066
21727
26235
18524
22665
22726
3891
10796
13168
2632
27204
10103
30810
19569
6999
11984
3799
3740
8752
6011
11632
14400
26420
3038
27205
1805
28968
30770
16117
4920
10299
20862
958
28179
19015
18630
9702
3808
29780
15999
7513
487
25950
2631
26003
3526
24152
27347
32192
17161
17264
12841
13346
10746
25237
527
16564
698
822
11459
29453
19345
9037
3564
30598
387
1437
28625
30623
20260
30007
20681
6559
7597
25155
7410
9083
15438
15357
12326
17657
4550
11262
13355
19733
3122
5821
12074
20132
17186
1365
22115
30775
32754
23689
31006
9026
8280
1285
6117
24190
1849
26854
31728
30603
4033
27261
25313
18394
14002
14416
4786
18634
28156
8802
27115
13073
20111
21685
16408
11614
7277
6924
10874
20029
20739
4597
30973
30010
8121
26887
32618
16201
10440
6761
32478
6757
20043
15252
17275
15480
24474
19289
19037
379
3795
8485
975
29918
25785
24964
1471
2602
9922
7140
17008
18661
25451
30108
5999
28598
6351
1580
18632
21193
10616
18630
15481
31093
4981
18190
2599
16156
7596
24863
13072
31571
28530
22222
5697
30019
18009
30258
29961
9807
15945
4964
7085
4088
24531
11651
605
10493
26817
25851
31335
9670
754
9991
15275
8194
23909
12917
26191
24976
23443
22954
19636
22171
20226
9701
6568
27402
28439
16328
9949
22295
812
16660
6041
7997
29410
21428
2992
19288
12472
16893
32432
6408
13021
23604
10075
11606
28227
22352
27482
2458
2037
2306
15151
18332
12458
9459
27244
24825
24218
24397
22562
1480
22928
6268
31645
18046
19777
30262
10574
5391
21980
3512
9225
24918
15074
851
20081
21687
19512
17192
4272
28931
5499
14128
18027
5787
23443
7807
18676
13785
6283
27081
27074
12203
27039
16677
28959
10625
9111
5905
29985
22634
340
27830
7387
1913
8361
11118
9172
23918
16748
14212
12729
9618
31436
8251
23118
8163
23268
4369
22954
7281
9361
26692
24740
26120
8065
5782
1417
16399
11917
11341
11536
31664
8265
14207
32655
26682
28121
22412
15982
8899
23558
10732
3548
2321
12945
29739
1730
21435
32198
12081
9461
7051
3669
22471
26032
20007
11102
10327
10817
22000
10955
8179
13058
31019
25570
31385
18059
13407
12314
32438
22822
5117
28206
17384
18564
20806
15217
22280
32686
13930
22369
24424
5949
3565
25982
10585
17870
8527
349
14833
13489
2796
22776
20491
3297
24353
16712
30350
20537
28848
30998
3059
21220
13414
3598
25345
26902
2043
6165
24795
7417
24633
16092
15421
235
8800
15797
16899
29158
11466
22950
17131
24127
21195
32188
3739
25748
20443
29090
8166
24320
30199
24178
24139
11920
6980
5579
6334
23291
2806
20260
7596
23181
32112
20320
5177
5733
23468
11938
31436
32480
20958
12386
28365
17493
30036
25025
8621
2051
417
29209
7975
6471
28922
31193
18630
4883
29664
9104
10920
28059
3072
27463
3457
22609
20055
26644
27106
28692
4249
21484
8380
9636
1492
17849
7456
26714
3664
20908
17224
26902
16059
981
20699
2424
25218
26865
4717
19283
32130
6531
4677
21598
4320
31526
9316
23085
10037
11297
29635
2656
27631
19772
29915
17179
20980
7634
24938
12214
3464
7720
8565
7605
25968
11261
17801
7674
8023
19810
30279
17977
2930
7628
32032
9901
29536
4456
19036
18441
28756
686
7265
17842
27765
15929
11314
22571
21381
214
822
25552
14017
7131
24123
24520
26633
13242
16826
10549
20545
19669
9052
5805
1271
6804
19646
24558
24902
17589
23409
11725
9722
5860
582
26224
25844
20108
28616
2493
15313
31468
32265
12818
8646
9069
4002
3383
19662
10291
15861
24977
29192
4338
15541
29592
25946
15875
5801
24459
23643
12215
10156
15202
22640
22507
30713
5380
31797
10716
23717
8378
20510
23613
365
11235
14942
4487
16306
10218
11783
23185
26306
24950
21875
18272
22873
14304
15332
31296
9320
26858
14951
28947
29460
17582
11262
30954
1026
24020
11517
32722
978
2568
27061
14577
28905
18091
16464
18129
27764
21961
14844
24571
7337
10060
8012
8648
1104
25199
11226
1396
29571
9077
9522
11124
30130
16794
22763
28937
24810
12618
17943
1046
27222
22161
30174
26927
25606
23507
18277
10226
2031
24765
13045
4506
29747
5499
18521
21969
15523
5675
27783
22982
13698
6802
6787
1408
23436
19982
11137
31602
32055
25548
27210
28239
2361
15163
30176
2335
9802
10433
14181
7571
30763
13996
28473
3221
13799
29291
7523
7460
30041
6654
18738
13663
20462
15787
27683
10719
17581
10739
1030
5962
31604
11716
4189
31269
19844
4336
32517
30954
14143
20190
19480
5211
5937
27008
22801
12821
24142
26756
16177
13672
5498
22735
8482
6758
23631
24615
16347
18234
17690
14639
22211
1980
12838
11161
793
26434
6206
21655
14995
23736
19053
21394
5445
31987
13064
12063
28357
10050
7662
1583
8845
24646
30735
24965
26528
20228
10283
14702
3953
4153
25820
940
11264
21485
11223
23987
24902
31051
15983
10008
26067
7344
18267
8262
30390
19458
3512
24947
17053
21827
22866
15826
4157
25446
27679
26378
9204
23905
13580
25832
10413
15235
8188
13648
8197
18184
9998
10362
7596
30699
2335
19803
21005
25851
18833
608
10289
31281
23882
32354
31456
26945
10495
26071
9482
2159
13490
16453
29030
5028
14457
25085
11609
961
26242
7685
25369
28723
5716
21590
32530
11976
13655
12359
25737
9664
8343
11082
13695
1064
19397
10198
20952
21603
22911
14500
20924
7434
2256
26654
32574
1014
7163
5141
4923
10138
7284
12722
14725
8854
8240
3503
8257
28042
29726
23750
5774
4904
20470
12394
32360
27278
30513
9142
5579
19410
27480
21667
23323
29406
4994
32125
4291
1150
32025
17048
9245
27063
6620
2111
31634
30043
7978
25837
28674
2010
27261
960
30053
9563
3893
2858
14003
12811
29079
23530
10498
18613
4885
15418
23022
24468
29647
17226
32062
12133
11611
6382
32197
4287
10945
23955
5509
17319
8650
20088
12571
21856
12667
31259
8791
6272
18908
6385
26154
25417
16638
24153
453
2101
14651
21971
15103
15571
15552
8301
12279
25298
12873
9855
4603
26459
3884
4504
1961
11429
27289
8888
31316
12739
22048
14528
21162
27840
8051
6950
26771
2797
24430
23789
10844
2938
31316
27605
16148
26692
30044
8143
10294
16622
17772
24243
9865
15411
31524
10293
26181
4986
28702
7702
13943
31915
22900
23703
20390
26178
25475
14131
28087
14754
15087
11661
16654
6059
9960
11432
31478
17294
6315
28758
31043
12256
21579
6387
21814
25070
5809
18770
22944
8017
23777
24824
9290
6594
12416
9864
30357
3375
7571
30335
31070
1038
13706
18977
30756
13809
17277
10932
22381
13402
5557
25835
19045
22993
110
4261
3017
12085
32219
16600
7683
15184
3947
28615
22167
28845
17483
31612
14525
11694
2348
18034
25423
729
9542
20626
5606
13171
2205
23648
4417
9296
20355
29815
22246
11497
8030
25907
3083
32431
16555
32429
950
5791
6723
13036
13348
27927
29149
25689
7016
22504
5589
30836
22356
21164
21548
710
29852
8538
25295
7190
14649
279
7452
14816
28172
23375
15010
6659
27588
12037
25384
5818
28417
9319
17393
30413
30649
32422
2623
3593
14300
24580
26390
16877
21811
5167
66
18086
654
21709
29340
10302
13342
15448
18824
29712
29472
23340
4034
5759
5307
8926
23899
16615
22572
7120
1790
27604
12320
6402
21112
18802
15201
24107
21623
15429
12469
27657
23442
9754
16900
26357
3210
9022
15032
19386
5072
1517
23913
26279
4167
9741
17594
16611
6986
22813
19326
30721
4593
9832
16416
13268
912
2942
26433
11909
27009
25828
4514
738
3108
20235
18757
13561
14627
4991
22991
10470
12027
30305
14385
31721
25016
30743
3463
29628
31999
24386
26944
30755
18258
7920
24192
19140
19088
27924
4290
28985
26043
7475
29634
1380
11262
4959
17050
24578
13551
25449
29227
20867
16913
28755
8894
23834
23965
8196
21739
10768
22146
30527
26043
8029
15786
12758
5641
23929
18559
11035
8494
2672
15534
10904
9949
9269
18730
26880
27723
19768
28789
24933
14483
18234
26651
17066
20570
4192
4479
5436
21678
22151
28633
26877
2356
13528
16256
8065
17795
28572
4709
9853
5579
8785
5600
13948
20154
5117
26032
27092
6304
9666
4157
16345
13777
4019
12319
24656
2123
24550
16100
13095
6808
28618
1294
8291
12278
17339
19292
3161
8118
2260
12619
25633
32738
9477
19675
20040
25378
3429
30614
21445
11744
22217
27855
5422
18091
13461
7464
24620
9689
22994
23383
14637
2161
28801
17961
11608
19016
6959
5062
198
11113
13514
8760
3311
1210
17075
28967
25442
12253
19732
26854
2234
9813
4468
4788
23501
7146
17289
9787
32038
6222
20557
4189
19126
21504
22356
22320
17350
23665
20060
32583
26928
17254
806
22068
28111
23965
28548
17994
19252
21683
5044
6056
3738
4165
19180
17011
29212
14934
20022
13922
5670
25328
22910
15232
28458
1806
9961
20525
15252
32442
13417
10342
5631
5747
1935
12871
30633
22481
25504
17358
16164
17772
9706
21986
3919
3577
15448
28820
6789
31414
27205
11428
11796
7433
20366
28231
4593
32611
26091
15655
4266
23915
26751
23980
15259
10073
22957
3962
16229
21663
6958
5435
23708
18895
19552
27038
22720
21945
25313
17823
31599
2515
12637
23562
27608
29151
20644
28218
627
28359
7936
7719
25328
14540
18885
8608
29293
19679
5417
15060
32235
18767
22102
6679
9475
32165
21438
3299
23765
12749
32687
7709
8002
26742
16679
2970
6747
8378
16105
13538
29720
23298
24784
26420
30286
25892
31588
10954
14043
12751
22955
30045
4131
16169
6466
26092
32193
20662
3243
28090
12662
124
6121
2710
29797
27493
15178
30302
10371
31972
16517
28614
32329
7643
15876
86
12972
19133
25731
25522
26958
21744
19162
29726
30454
21365
11287
16449
12350
1738
19408
11817
4235
13327
29880
20368
19778
15209
17775
19294
10553
28068
16287
111
7276
25884
19780
17813
9202
26077
12363
27361
20015
2313
4191
24606
22346
14202
6912
9375
27105
14249
27093
25659
22524
21198
9027
26005
24640
21833
2366
11681
21350
28225
27231
31843
11755
12939
10551
1786
31240
18125
19940
4830
3556
29923
21985
22118
31241
12417
13859
17037
15380
20250
17249
6645
2481
30465
29875
31020
18375
2511
13406
13359
496
3588
13038
11564
30252
23537
28806
2188
2262
4565
28789
25137
13527
4934
19209
26620
19481
6098
4520
32147
7231
3303
14620
19809
19347
20208
32303
27358
575
32193
30840
27152
13249
28725
20340
4178
7321
2837
17881
596
18500
32572
3878
4963
13166
13049
9087
6634
24164
23221
1464
27961
25544
1238
12208
28806
26504
7395
6368
20273
29200
10728
2867
20045
3007
19484
14872
22363
11416
15809
20438
8280
21563
23372
25889
5371
24083
30406
5866
25912
26064
31346
11899
23816
20504
7856
4034
26988
19321
14113
25069
28335
23971
23308
9784
21484
20692
27904
12547
26577
5523
17851
14632
674
27809
1611
29067
2433
27949
21875
24819
14060
15175
3152
27672
19591
663
5692
17917
4636
2383
2035
14975
17888
28510
12789
1838
25080
28135
12843
13917
23355
10993
18636
12405
15674
30048
29826
30607
18301
32036
6601
16705
28688
23472
14744
25271
28479
173
31556
17158
14493
22256
3489
18366
1355
13738
9066
28606
21366
29151
3811
4173
32546
9242
16572
26726
22566
30302
11833
32338
22904
3679
25232
31613
26027
26610
16275
31362
11446
13251
12686
31624
7927
3654
23155
29393
4472
8944
30772
9616
30576
4006
2673
18683
21773
7286
31571
6050
20336
7045
20408
20735
32250
1352
8848
22350
24774
9463
28550
24479
8310
26943
28900
26665
31539
11576
5296
26849
751
3478
19739
29259
4333
7715
16413
11920
4740
4973
6745
30930
4896
13499
2374
32444
10121
10822
8336
8285
7784
31654
11964
566
6663
21131
17676
1425
30552
21933
30370
6933
9785
12294
4839
9112
22262
6206
24366
21300
8463
27751
5013
19101
1852
13802
7980
23217
31919
10689
30554
9809
20377
30951
30332
5744
7407
1293
3534
21609
12654
19855
20111
16022
31709
10406
3680
2846
29842
7391
10990
3342
7735
28364
12496
20396
974
14073
27059
31752
22515
5153
5556
15571
6497
19874
21517
5236
24760
31279
32500
22873
15230
32453
32448
19595
14435
31200
22606
32390
2249
28398
31395
30279
23427
17924
4050
20134
21725
29648
21792
15846
18397
24015
15975
15243
5321
20159
26808
14443
20713
3928
8260
7432
7054
30519
32125
541
17492
2587
23928
22391
9891
30035
14742
27910
24188
375
8803
4660
14962
19543
25022
16245
3830
24369
2107
32288
20184
29991
27077
637
3339
1519
19848
11295
19369
26829
21774
24692
15414
9150
24231
29594
21801
15094
26383
4980
24744
5261
11851
26878
26772
17526
9172
25565
9157
21680
24055
25659
18583
24000
8316
14033
26789
862
13958
5957
14804
10607
9146
11447
28820
30003
28835
13463
3938
28352
5717
20409
20369
22191
19793
9643
1867
1045
17321
21062
12499
24245
32357
20867
30476
18803
27172
23952
27455
4364
24327
29475
18457
13061
7114
28687
26099
4321
31796
21
17495
25495
28338
19452
19647
835
27967
7907
12959
22300
32134
30167
5286
422
31819
11681
17217
7465
14343
17121
20578
7265
7890
22625
19583
9079
902
30627
21725
27952
15906
16316
22286
4197
11116
30309
11705
14771
20443
12112
31385
11635
8627
32184
25032
9708
15986
25660
2622
25032
3947
30445
1940
30405
8625
25510
4366
15533
13622
21660
10713
25736
18228
24885
7825
4112
7116
286
31751
32101
2798
13720
25408
6914
5240
23826
24257
6128
32674
25853
7433
17465
2457
19932
13408
21920
26474
13722
21455
25743
7970
23585
1392
13649
31795
22056
26088
8577
8986
25164
30001
13763
2111
5219
25757
22450
19997
19213
1559
2073
20130
9099
16556
5477
21465
24533
11851
21082
17350
29414
18121
9478
17298
10075
15400
499
5608
5180
27673
10145
14494
21530
2751
11827
1432
12890
27318
16233
23273
17104
1620
2766
3644
6032
11823
18995
12147
2304
223
27227
24205
17458
4101
11256
14541
4977
22156
20694
8472
5402
25646
10583
26528
21678
25146
5663
5311
31268
21909
21008
23333
900
16895
6265
30006
15537
4760
31626
29102
27014
27555
32524
13191
22053
18825
19279
10524
16780
4385
3171
32398
22122
29998
20874
20327
9776
21802
238
7037
23146
31042
13200
794
4176
20385
3457
3673
4760
3825
26196
979
25999
25119
21971
4731
22888
351
30961
21191
5844
23665
768
25361
22995
14882
28452
9020
20169
28949
26120
21402
17876
7619
11215
6925
12381
31169
10830
14445
7405
14402
27512
25386
9538
3036
6169
7987
675
14735
20168
2070
15472
23811
26390
22376
9469
16913
29964
10855
6304
30597
8405
19166
13065
32546
9911
32585
28370
16103
4936
9786
25431
6033
4062
8443
5320
17505
21319
20853
2685
26655
2746
12112
8073
27487
20238
14428
16785
4099
31274
16432
4575
24065
28861
25361
7346
19815
13359
8213
6872
20892
20695
24199
29055
10728
31854
25230
25673
6966
30915
29962
11678
30489
3761
17087
28998
5134
13646
14005
15671
6913
14694
21470
3243
19986
31016
20986
374
11416
2078
440
18327
6246
20323
15390
22285
24654
32272
24874
2028
21476
24055
10682
11439
17540
24724
20649
9936
6039
30784
22331
10646
19985
4520
26811
7983
9534
16766
8546
25598
13503
31342
15483
19510
11728
24404
28101
10152
8140
1452
27161
14297
26098
15433
25420
19544
8809
10827
31575
31054
27266
23115
29365
7255
2110
1496
5645
9104
29968
13607
12049
19186
29155
1798
31910
17374
24671
13586
30277
31480
16744
10282
24225
28729
31976
12579
27018
21824
22223
14781
30993
26089
13656
470
13805
12065
7309
15582
1821
14329
781
9099
11471
16633
25613
19918
641
3510
12957
26885
11366
27814
4652
7794
13323
28980
30799
15852
22586
5136
7102
212
5151
11721
21663
31051
8617
32669
21000
418
31539
16016
18623
16402
8292
21691
32580
4782
8787
19687
23313
30613
15087
7258
21280
17772
29599
16113
27566
18444
7973
22895
7999
5495
10952
22037
22754
12049
2738
12147
25526
17165
17815
23933
29613
8741
25495
6369
11152
15758
17510
26776
17475
16683
8362
11707
14667
7681
15012
8601
7821
6379
531
31238
856
12686
12117
10230
1702
30096
6608
25674
159
5125
19856
32489
25951
17706
9265
9235
17657
23126
25856
3058
3260
2605
12381
18546
28085
19735
14948
9555
3188
24049
6348
20093
24083
13058
10254
12435
22133
816
19402
18378
19404
11123
3687
20732
13150
2187
25595
4344
7048
6382
5226
9757
1795
31493
4305
6183
3430
7063
14373
6728
25836
10374
20247
13179
14712
7097
12091
16661
29910
29273
29034
1948
23620
25664
5989
17885
10033
12206
30906
32313
29508
19774
30444
27200
14752
8217
15566
19585
10599
30314
3376
5279
2940
28178
25789
2472
5006
4508
29476
28323
16978
16755
12150
21864
15631
15698
3023
5045
15968
25085
3129
3709
1078
28463
17613
20355
24348
27091
796
6440
18111
28278
9933
27777
6061
2045
28039
13741
24157
24211
13841
4710
21360
21222
32439
26325
27958
22931
8944
13483
10868
10974
7231
26733
31332
6823
19031
4367
26110
11418
1666
13765
24182
14501
1603
15894
21766
13231
20794
8242
32749
28807
20041
18821
28856
27930
11253
30092
24512
32746
10255
26344
20724
31163
31379
14001
30168
3983
26576
11788
28878
8405
15817
24064
23957
11742
16604
27013
17167
4752
19361
13790
21063
22878
9749
29993
5810
14968
22520
16181
31669
6974
31347
11411
19304
8699
19710
10224
2714
12752
4481
27042
22037
25326
29625
20864
9506
19208
32734
4855
5456
10761
27779
26458
9074
20226
15293
14970
30183
18790
30599
1399
7198
14969
3429
19413
26456
23302
3400
28370
16560
2384
20402
19191
8281
29516
18202
21486
2600
12557
146
8851
13138
25472
6055
10573
13686
11097
8585
671
29406
3149
21356
3578
4098
4226
26669
20182
9805
16452
2361
16897
5156
16889
16043
7478
3621
13911
10932
11505
21932
9428
5184
17538
14492
3166
1238
29792
15964
27725
32192
31425
9759
22934
2157
8807
6761
29761
9747
957
15823
20765
25240
23586
29950
11186
3763
28549
4606
29815
25935
10290
17592
3909
8240
26859
29878
22028
16344
17723
26667
13253
2732
5127
23603
27559
1875
4198
29275
24734
30303
31923
5988
28921
3887
31712
18244
14946
1043
5388
21102
23060
4530
5464
2131
32072
7593
17399
27433
22000
10357
7301
20715
18344
5779
922
5537
24810
5349
10654
17121
29825
7256
4063
20630
26432
22724
25568
25344
1523
30484
9461
10748
30614
7846
18444
17798
8133
6645
19918
21372
1396
29301
32487
2724
4576
958
17057
1777
15301
18925
17336
11010
29394
28487
22378
15084
24410
23840
23245
5177
19020
21500
31333
10033
16741
20211
6134
5464
19364
13914
17047
6455
16895
9631
29960
7007
8276
18549
3653
6316
25250
4913
14427
15815
17017
23156
12667
23534
26799
3595
11085
6904
26453
6931
13446
3219
4073
14689
24765
1233
31181
10273
8827
23523
19704
7612
2961
32036
9452
28416
26542
26457
8168
12667
25904
566
28254
23847
16443
27941
30375
12621
9224
11076
24822
24739
13952
20652
8075
18615
522
5369
18217
14481
12705
28423
19401
2708
21289
7673
30096
5542
5123
17280
8703
14737
11231
29530
9578
2728
27089
23576
24747
24749
6056
27941
24343
19698
10107
7684
4273
15295
24452
15065
29854
17652
30769
23083
18393
28655
24697
24552
3112
28336
7277
12713
31567
5179
29199
56
14979
2622
22630
19024
25121
2548
23762
31907
11680
7241
29342
21281
26565
9535
24788
24440
26389
16016
16981
22743
11920
9621
19496
6392
1692
16486
19987
27229
8768
32323
8552
3034
9362
5939
31266
3411
6771
28394
20016
27079
15481
7920
18193
653
3373
27648
29089
24542
10103
10927
8243
23188
20822
22350
13023
4913
9940
25872
14878
23075
28986
2160
10132
27975
32384
205
300
11947
3335
9559
19050
14488
8075
14639
6141
29392
19795
19146
404
3348
25258
8855
26099
745
26003
1249
13638
3228
21177
19190
13749
8580
9893
6025
30264
28551
1843
10837
25517
27615
8519
5891
13352
24862
3772
25422
7306
7792
22685
20581
1109
11297
27032
21392
11198
10591
1199
535
30724
14144
5169
29792
23041
5383
25833
25687
767
20899
8597
2834
23500
13944
8858
438
29201
20322
26101
10644
20447
13303
17269
24472
29067
30221
12583
32484
19900
22909
11282
30392
9154
14630
6437
30613
1065
15668
12910
31650
18318
18082
21645
11854
26546
13309
16487
30519
28365
25451
9503
11339
28965
5613
1602
12076
17630
6113
21057
31193
27668
21195
15653
24204
25895
11348
13182
32478
21846
22163
31132
15921
16784
30092
19202
13135
18822
15862
3608
23887
6405
28994
28704
8121
899
23256
32107
18922
32248
12964
2509
11705
27375
2257
32078
2394
27868
7892
22818
18563
12976
20909
2268
24782
29355
31081
21470
19807
1905
25068
788
28102
25441
16621
3810
19494
20002
19778
26970
3735
8318
23390
14515
6090
29300
8984
5622
6892
28552
4782
9211
9932
17758
21257
4756
27711
24711
24898
25096
17348
27547
24934
31427
13924
17544
3702
27979
3548
23593
27570
28278
12286
13339
6935
25563
18773
28364
32039
5254
2824
9684
32232
20976
0
31369
13103
11566
15693
5325
12318
3176
29126
1067
12780
13453
6384
14115
2532
6981
21794
31937
26801
5415
13542
17525
28376
13357
26529
4126
9862
27236
9591
19560
19084
17640
20073
856
32424
21264
1216
7461
23814
3558
18095
9034
32006
21466
19252
14809
22336
19639
9791
17170
10950
18901
30742
24884
18344
30353
11256
19091
25278
27898
2560
9195
22177
717
8269
21748
30203
25252
18272
2870
21249
17770
17861
24351
8253
24594
22262
20307
3729
22920
6524
1603
19577
23784
10327
7681
2704
7151
25504
22099
10582
21935
11373
28934
29744
13702
6133
10372
3504
7760
24053
29865
28951
13788
1618
4563
11544
17565
6655
32312
15327
15778
23329
24957
7250
712
18545
4740
4247
14639
28642
12165
9686
16874
21637
31840
26944
11003
27561
31537
28240
11390
30022
29477
2640
1572
13212
22925
26912
20707
17943
20785
24371
6380
11126
13287
7386
21470
12076
23140
9925
1849
17926
5713
14278
13077
7695
4770
28633
21780
26033
3619
29794
6037
3612
9299
26037
298
3308
6262
19931
14413
24837
22246
27796
12110
24258
8362
1176
19600
1872
5449
3618
25333
28500
3808
29359
3735
30932
1139
13827
18873
25684
26241
12398
19965
32063
10715
15949
5591
25993
29878
2259
4673
17555
8702
19466
26800
23887
3821
15892
19783
20388
26333
31671
19787
2324
24922
7705
7640
10396
9852
24007
17106
23003
19827
26364
8733
27511
10596
17185
22289
9405
22644
31632
23080
7815
18722
22941
20730
9059
10713
26583
6764
23281
30405
6283
27428
17549
6631
13706
3648
17710
20836
32044
7751
19598
20515
4245
19039
21900
19606
5943
31681
17870
29144
15256
28523
28842
26361
25942
6164
16711
24726
21608
23653
20479
28844
422
1382
26376
2221
26764
28983
14932
25044
7739
24064
22197
16310
22976
24874
3141
16667
20889
24272
22533
13067
4725
5488
4292
6700
13116
4583
23363
26187
2639
8092
10646
1080
18449
2299
18893
16855
6822
15397
18388
14452
16123
10213
9880
12631
8966
25831
13419
14488
32079
32548
32426
21045
32175
29601
10397
1378
31575
13913
10654
12832
17429
21623
13950
25873
28883
1737
23076
7563
25441
18546
375
14827
20852
17887
32383
32300
238
14332
18118
26808
6495
32679
28933
18813
11980
5477
13820
20292
27056
8531
30882
32574
28737
20320
6526
19168
29940
13242
6485
14321
3651
21382
20229
20194
15278
9684
13489
17245
15360
8402
4126
2848
6355
10047
31325
22284
2902
27171
2731
8825
7758
4798
10389
19661
12635
18622
18784
29005
16765
26805
7335
28979
6870
32457
27718
25600
22450
22958
13175
25107
20676
18897
12603
23931
25266
24790
31228
32010
11477
17733
19568
11690
11578
28288
11712
24052
24044
23801
4330
6143
14197
8865
3428
28022
15522
20388
26882
27118
29575
5971
31001
32630
28611
16737
7909
8559
20997
15187
25384
414
24783
24114
29972
9087
7802
15491
4203
14812
123
3193
3813
671
11236
616
10450
5349
23342
12157
10496
21843
20789
14509
6111
1197
32132
31211
8675
7332
13779
27038
15658
28400
10446
20562
21087
15007
28184
10413
27870
11181
22416
15269
13848
30932
26579
19697
16441
5029
4610
27581
25609
7896
9925
15266
13840
7905
4751
18901
22270
6340
20772
17055
9034
4905
14937
6925
1560
11699
3099
744
29536
17038
21939
13031
19789
17991
10312
27428
14563
23009
12454
13773
9701
17189
7742
16924
3574
16185
31597
27529
12030
25460
23297
16702
17615
113
32505
8651
1545
15202
23692
16155
26682
20903
8557
7846
28490
15008
7758
27113
3095
7103
15011
8979
20060
17121
21928
4610
28119
6878
14501
32109
28331
20062
32368
1123
25859
3311
5172
11252
7160
9813
14194
29998
9141
28705
5445
3915
2776
10630
28394
31272
18204
20839
26495
11513
4405
8884
24331
5436
14332
10999
32447
491
11980
12074
23164
20214
23340
21196
19349
25840
26030
13620
26837
24840
4631
31012
16324
31036
25279
27297
13094
28873
2875
14082
8901
12518
30266
27464
16496
22961
25261
11437
13892
24426
23595
24448
554
2015
4755
12335
10913
23591
21747
12966
12478
25235
13224
3031
25456
13538
3527
22938
30729
18100
3516
19640
3066
28738
22833
10562
29662
4427
30770
8488
31675
24658
14222
15622
31876
14854
2688
18241
27362
1282
12174
27987
17203
32182
7346
2915
30420
32421
30392
22041
16027
6354
6119
22192
30376
4212
27107
27981
26462
4593
5842
19855
8108
13066
21950
10599
17553
5203
22074
32298
31199
14055
3913
14308
18495
23129
30075
7920
9333
30446
23641
17349
31717
10249
1795
23827
27222
6886
11288
19471
31991
21899
28886
15114
9887
27132
8067
2633
18777
27055
7435
32529
31008
11583
25066
26881
23527
17508
31308
12709
19165
8739
20851
2631
6382
22850
19546
11272
8845
31999
30616
24112
2737
31234
19590
14019
18717
31631
20900
18773
28133
12544
6713
14366
15918
1907
26938
23377
3637
11200
31597
29354
31891
26798
15566
5446
29375
13670
27954
21432
3796
2087
30762
16473
23188
16700
1066
20959
29613
16939
31979
21554
2364
1328
7437
23419
21136
18665
15105
28029
25392
9299
23846
21800
31
5877
22834
21611
23134
26971
724
10315
21171
29126
11672
4914
10921
4386
1546
24969
18136
31800
1566
7304
26214
9509
2255
24397
29646
22795
16647
556
21216
26118
6079
4167
20490
23906
13671
15198
5333
17931
14984
16872
17842
21316
27560
31586
11511
29596
21614
32487
5925
19486
9734
6145
17516
29641
21703
32191
4977
832
14611
7
18766
19650
14207
7982
6874
20571
13364
16838
23340
16476
21910
31927
29530
10762
23075
8594
1926
5779
1437
1825
27932
14406
26987
16451
22101
30722
3133
13558
22272
30447
13551
20918
9857
22637
23728
16646
17178
26698
3171
25420
23145
28984
10565
30945
6962
22398
29904
12905
21599
19437
17376
7008
1349
11030
12565
4854
17193
23738
20088
18205
6147
18306
6753
26080
16001
11504
15256
30966
24399
406
18618
8087
13206
5510
7902
6798
12483
8457
2937
24208
8585
2452
19839
8396
20521
29431
12747
4547
9713
28888
20161
14938
25602
27744
9010
12077
22871
4660
7295
3623
14851
23719
18434
31312
31674
3630
13225
2533
23443
12308
16868
23214
28940
26990
29890
16524
29263
16978
29783
16978
3508
10052
21600
22741
31878
16625
23850
9287
13066
29728
23471
3008
20925
7653
15618
31518
15326
24599
30958
13071
30508
4613
4058
24428
14577
10597
8176
26569
17471
12173
21887
11850
32122
5862
15005
12472
22294
1181
10768
16339
31650
25243
26991
16618
22790
19896
11908
11690
28937
13355
5109
17972
4886
14405
16675
10610
25407
11104
18771
18346
21122
13586
1548
25427
27723
31398
28863
5160
7483
23244
16302
124
22312
4495
18950
16589
13925
22664
30542
8603
3139
22353
15877
14202
29399
30781
30087
31079
19966
30022
32561
21848
23967
12615
2757
29463
17712
12652
31248
6479
11388
19174
10186
26855
23971
22755
5565
25232
1122
3773
17962
27290
29332
14961
17512
16140
3577
2900
8398
5107
19255
12545
25555
18938
23070
26262
15476
29499
26416
15904
28118
6741
5729
16467
16429
32703
6939
13439
30940
16732
4485
9407
7646
8271
32005
29300
2148
22800
4100
3825
2751
16831
8433
11384
11649
8889
28808
31590
18399
32106
9556
18346
30554
13666
8306
2683
15007
20394
3993
17483
13227
15448
24663
13046
21810
24161
30877
14400
32578
17839
22654
1150
20260
20339
2356
22931
9859
8381
32100
31262
11727
12106
18083
6386
21988
19612
17464
23751
7399
26448
12067
19503
6769
30381
10079
13771
5872
17529
9829
26814
12874
2320
31473
20834
24003
3511
12808
20026
11552
18733
4410
20776
17164
10883
1573
8416
23740
1582
12090
20125
16591
22875
25028
13331
5496
22402
20773
3492
25054
30270
15203
1238
16067
27484
16100
16133
31332
20785
15734
17493
13217
25905
28819
21227
12382
5310
4834
29277
29481
19518
17152
23398
21533
15472
897
2015
8454
2560
31794
32490
2246
7001
24737
12657
22007
30906
8160
31439
15569
29324
16773
6604
16462
499
5109
13775
29325
6051
4067
17487
5236
19701
5395
25227
22682
11065
25700
30587
19812
32078
31501
12806
12910
24433
13095
14197
15660
339
19820
5672
4305
20078
18494
20615
28015
28824
10219
5180
23136
24793
5167
29088
20454
31354
28410
10098
9230
17502
18548
22223
16090
25750
21566
13150
22942
29231
17403
972
19883
6478
11024
1656
13867
17792
20391
3695
26956
17995
3322
27802
3233
8713
10958
31030
18629
2806
20029
20869
24641
10887
26553
7619
11695
14077
16974
29532
19744
1851
6183
10076
29884
6356
20564
9511
16552
15465
18891
7530
30253
23602
22444
8529
534
4314
21193
32251
13913
30864
25701
27691
2810
1115
28220
26688
26157
12205
13252
18023
12219
22076
10419
22287
13222
7181
2241
12189
6160
7121
7343
27489
27225
20341
20616
30921
1928
26357
32551
18133
25580
369
5881
26315
30211
31874
31748
30252
18586
19918
19240
25830
30774
6874
25253
27595
8115
800
21470
18242
30763
20578
8797
2621
12313
317
29718
7531
15806
25089
5872
16046
12484
10176
32641
5327
18210
16805
9497
11121
18751
21639
24323
27459
29018
5310
9991
25210
25129
29238
25907
29055
28864
19138
10460
12260
17845
5810
29407
7581
6530
17319
29996
29805
4138
12710
27526
11678
30752
1644
29060
4085
28772
19201
31196
23013
14831
1936
19168
23555
14417
20854
9289
6074
26009
32665
29236
13888
15733
30971
12650
27592
25498
20879
26852
6906
2406
10571
23695
19616
22212
382
23884
20386
23121
31844
23099
5428
17597
15095
5945
7502
29555
19721
11431
1884
3708
26512
13422
6968
15776
21825
18495
24149
14543
21856
13600
2365
14272
23766
2084
28989
1240
28036
22649
14942
14157
30679
29352
26008
22667
31388
18713
3907
30935
21782
19926
29134
30514
32590
6544
179
128
7339
999
12202
2537
7362
4326
14878
19072
24175
22477
32477
30754
2341
18196
17427
19361
4226
27052
30585
4130
5671
4488
16074
16836
7622
2908
27767
32643
18300
16293
11419
21595
1122
25833
32305
7088
31071
10048
19589
1261
1088
26899
15592
31340
5898
292
1192
28566
23950
6606
23359
23115
24895
5519
23755
23428
8001
7363
28862
23350
17602
14514
2263
7034
1421
8141
19537
1772
16604
5941
858
15952
26734
3453
22214
10620
24026
21169
14341
3954
14883
4503
1362
31180
13196
28212
15918
26461
5550
28050
23565
4629
32711
2753
9039
19493
23893
7452
113
14436
19684
29645
17797
25073
26916
19092
23519
30490
10302
31684
15890
11133
17768
5006
19995
1389
26808
10369
23515
6808
309
7506
28619
32742
1332
12249
11755
28836
3298
31069
25851
28897
31517
17425
7662
28440
10376
23006
16284
10512
17630
12387
6839
22529
25222
5691
29184
26616
24680
17790
21178
15996
9728
32650
20831
21618
26032
5635
32403
10046
22875
1304
10326
17707
11567
776
15229
30989
3266
10469
22883
22821
1633
6297
30172
15684
14501
17446
4458
24627
32326
14898
25524
12371
3124
7106
2611
4993
13796
8006
3887
8764
19432
17622
23786
7690
18627
8123
28955
10007
16379
22833
25757
29984
17264
20587
7017
6031
13035
31704
12482
232
10746
28581
29615
24931
32764
11651
1966
5339
3704
8618
32167
10214
12723
28957
31007
14406
14209
32048
13742
13440
12379
16456
179
16074
22194
26595
31558
14122
131
20440
14446
12509
20268
17119
2964
22262
4478
9299
6968
1095
3091
26423
3043
4740
7137
30328
22365
9382
26384
29297
9247
28814
4105
26548
12555
19435
7888
25352
10587
93
5267
1710
29912
10971
23939
1257
22604
10834
5346
9149
31289
24974
20317
11766
8139
20574
24477
30060
13836
18419
18713
19078
31575
16010
21806
3325
23823
1611
32369
14818
23952
27504
9796
6883
5734
32169
18599
31434
10942
2239
8785
838
15897
120
32000
10222
17224
25532
5645
17027
14228
23285
21315
17525
7741
5564
14833
8617
20518
11185
23614
22650
29646
1194
12477
15102
12674
3089
2113
23946
30673
13191
5619
20088
25665
2253
15777
31527
9280
25317
7257
26180
25181
27252
32567
4936
5048
363
15483
19266
14775
19942
8926
7895
27643
27733
29479
18823
16019
3289
6137
23090
22639
32753
4079
17626
19991
30293
15851
16810
5277
30754
5034
7479
8399
22328
19100
24071
1714
8416
7923
25424
11564
21171
16634
24833
27137
22199
28841
23814
6657
2762
30582
4552
2431
22340
29805
23028
16644
6360
11907
2430
2629
25019
24872
22501
16723
22024
14107
16312
17938
10084
26498
30553
8684
29662
10554
26369
13766
3096
28780
16388
1075
25772
10849
6487
27624
14025
27543
13647
26225
5149
17428
21675
7970
29176
11770
15061
30287
28590
19036
18277
17600
23613
24656
18663
29535
16175
21061
27870
15156
26818
32151
28937
8595
19783
14433
31204
1172
12232
24979
12914
19396
24557
14148
6458
4378
3872
26441
7823
22061
240
3590
30741
6563
6835
6020
19841
24813
5744
14020
8864
2610
23804
26451
8859
31368
19298
11551
12409
31850
26504
1673
24805
25191
18448
17595
16690
16919
13181
15932
3996
23379
14999
4033
18641
32677
21008
24391
11952
3582
12135
21854
11344
22183
27917
16584
15172
31610
14791
6210
11805
8274
5971
20130
1073
32704
27726
11554
10907
14336
27989
10236
20099
25643
8555
24887
9376
21933
1434
19904
18938
506
5085
12476
8693
30845
12606
24861
21899
29905
18236
3443
22489
24884
3183
29189
5085
23865
16495
13601
10110
7357
24305
23984
20428
13083
3635
6157
27274
7844
19611
15640
12522
10313
8603
20358
3991
27547
21975
25467
16376
6902
30346
9306
1716
21496
10277
27868
15217
6200
3130
9567
32226
15925
16025
23681
15360
28301
11705
19950
28055
368
21081
19318
10501
20563
2662
15459
30014
20457
6944
9993
32020
1615
7801
30878
1974
12679
24509
32588
23158
12839
27512
19077
26575
3666
22165
26007
28582
8424
195
8320
29904
18682
22045
23299
11221
11649
21513
1531
18163
26959
21856
20208
17254
13125
27088
10728
7143
22215
15487
11647
1139
4205
19953
30010
4941
8955
1324
32281
31558
14484
23578
12651
15164
25642
11054
4582
26337
22329
22602
16119
27837
8117
27873
16983
32119
577
22361
23519
30800
17569
23475
16285
240
31858
30573
31271
8805
13848
15527
28463
9065
2041
26758
9816
28643
26089
14550
23112
15281
18660
17651
32255
17061
32515
24041
11367
18893
14249
14810
13868
17912
8189
28320
16845
19317
9118
32692
12788
11038
9618
846
17923
24726
17791
8910
10479
13774
1309
31323
25169
16334
25067
7114
23994
6322
14113
14529
31815
31474
31718
14364
25718
8679
12740
14991
1080
5003
5977
21133
31048
14209
29519
29545
21434
24405
2958
23484
26327
9220
7343
32518
7208
15551
26036
12952
31953
13036
7159
8625
25889
5998
23393
19687
5734
7462
26332
6344
6918
15545
19723
12226
12491
17812
17720
15168
11647
46
22670
14358
4537
17805
11144
27167
15862
12300
31657
13092
32235
18779
9582
20736
24090
22983
18049
18178
32676
15548
20527
30355
24158
24200
7708
11033
15654
18273
25909
7451
11384
22442
3815
12453
24380
6514
21646
29422
16866
19262
12081
6968
1969
2056
28524
4856
8796
12423
4525
18743
22487
31153
8868
21816
27240
17535
18420
11355
1793
8944
16687
28481
28109
11856
29953
4657
2313
4794
24235
25786
26133
29660
28595
15514
17611
3834
14810
18399
12559
15925
30031
19020
23207
16654
14114
18942
8014
28198
27643
28496
31491
12871
27404
7163
21159
168
13636
32130
19655
6253
13510
7885
11447
17262
4249
15635
25568
29241
26785
25598
19802
22874
3534
5386
18366
29658
2707
32303
8501
3845
3994
959
2517
17264
6326
8593
46
32571
24089
26463
27679
1428
26055
5229
23535
1916
18762
5739
6040
14798
935
28573
32358
3197
23442
18489
25281
26397
15838
12049
22599
3749
7223
19825
10271
6259
9235
4683
24457
3728
25062
6289
11449
10550
9365
19683
32229
16783
13614
5738
5789
25024
14038
1796
3931
5670
17155
22177
29531
25567
5611
11757
28844
2189
24380
1071
20104
26454
2829
5232
7649
18224
5908
11745
22588
18011
18458
25463
24770
10030
21421
24280
7060
23063
21013
23162
3936
26846
3209
1801
17714
10025
31650
24586
23180
19525
2575
13247
31160
23075
28555
25162
11357
30113
14348
6164
15441
5131
19261
1904
5806
8674
2095
25980
25896
1756
18763
11848
20893
11051
25740
29755
10222
25090
31723
16050
18958
23894
12826
15337
10840
3810
6004
18975
16422
6765
25397
7157
10911
15695
19686
31768
30160
20274
6684
29727
13823
16406
13410
23223
27963
14232
23412
3325
28472
14707
18350
22315
14170
29511
20675
20599
25872
6041
27826
11832
21091
27163
6902
21067
30927
24878
4093
6325
6225
166
13532
10377
21697
20941
20289
19469
15714
7338
26025
5144
29368
18051
13267
19134
24217
31136
17268
31023
12935
31314
32044
1245
8253
19764
17849
10205
136
4785
31595
18576
23640
15302
26583
29826
3095
31753
31184
658
24889
7403
23443
8276
3605
5690
14658
20147
16371
4074
19348
4571
8038
12564
31434
22614
10972
24639
11749
23924
8051
22751
6678
2801
25614
14875
9846
7634
10921
29395
14327
4752
15337
12002
31130
7288
8439
10656
29923
11346
8079
2475
3723
19009
15444
10728
15220
18154
14183
29636
482
2008
14135
11968
6887
29471
5531
26924
18463
15936
798
24114
12702
9293
29849
32023
24615
18254
3848
30142
10142
16610
1430
28270
5568
9770
7674
18132
14610
738
20230
3148
21527
4049
11645
860
20678
10340
6950
27265
2107
17302
27678
23087
12973
29714
30322
26131
5024
13212
16365
25499
13916
32173
15919
31160
20125
32093
23807
24035
4492
21126
16099
25182
6894
12839
27629
14780
12956
26118
25303
5027
1587
28570
16467
30417
11020
21031
28828
31837
31855
18475
8017
20543
10755
26617
22915
6931
2697
31652
5645
14618
1738
4126
6179
25218
12494
32673
24622
10471
23375
31566
7895
28185
17773
22549
24162
14368
11940
8916
22078
1661
26362
16323
7386
3251
12157
6415
11194
30214
32492
8389
27081
5763
32437
10738
12273
11584
21535
23817
31721
7141
2505
19332
17742
14187
11603
26318
10486
5668
30043
24161
24193
32508
939
10539
11312
24062
6064
15927
19707
25114
17711
16521
31965
10277
819
8778
8051
5921
10058
805
13509
20927
8432
19952
4196
24866
2380
22927
1717
31974
23322
4373
1164
5217
26345
26413
17660
32040
22406
6329
6510
27349
23224
696
30705
5128
16941
3949
17361
10412
12469
32446
1131
32124
10158
3546
32319
4293
2239
16926
25159
19565
24522
23354
1928
10548
2331
12431
25318
5946
2022
32220
12604
20418
8432
25370
1964
29749
3468
7076
15924
7786
23241
12443
26754
17956
18666
10889
20746
8156
16150
1604
10837
22721
10065
28950
27292
21502
18091
4122
1429
19771
26039
22249
30861
1126
23871
12662
23735
22195
23350
1335
29636
26849
29678
19846
25267
18112
21388
22342
3819
7152
9144
24521
20871
27115
31129
6897
29937
24389
24576
25750
12466
13363
20963
8488
6024
12363
14606
4502
11193
15754
17685
7790
3496
11419
11917
24133
30886
3670
14971
23385
522
18056
4621
23669
20100
15346
17032
13589
12718
18836
31106
24779
27620
21803
20817
28129
31318
12024
16835
31552
11611
7875
2320
19856
30985
16928
8460
16289
13314
8177
5281
4618
14480
5420
18813
24080
7157
32478
4616
12233
28668
17776
7065
2945
17108
11561
3305
25180
20766
4085
26824
14909
7749
25701
2318
3303
26382
13814
17877
8802
8816
29334
7397
27297
1189
12644
28016
6753
14465
22200
7168
3924
17155
14691
12973
16255
17706
11576
20883
14304
4105
5835
899
28245
16158
27768
19193
27321
19680
18599
31566
2896
21911
29007
12847
26725
31856
30905
1358
6961
9937
23431
14423
27647
490
16372
3878
11150
1677
14941
4151
15287
28479
15105
19294
2895
21647
2309
30904
2383
25510
28347
993
21298
25376
31523
22375
8863
31258
31922
31871
15944
28044
6483
25335
29202
18394
10156
25964
21110
7845
11682
23997
20263
27367
10271
23999
22773
10047
18
24627
7921
10377
20664
1525
9938
25778
25371
13174
17559
7114
728
8811
13678
5979
4132
15303
25045
29690
29457
19943
2815
10523
21518
29453
26489
17194
15789
15376
29453
983
2986
29522
30183
23729
19240
3057
1782
30710
28733
4418
3477
17321
1201
10875
1643
13030
13315
1711
3983
10611
22701
17664
32752
17815
28329
11536
3573
31791
3892
19384
18784
15102
22994
18429
27768
1349
28306
1087
18535
16019
23955
24500
20705
6111
12231
11285
2822
21204
27895
11159
25482
20332
17160
11037
12307
6080
12924
3244
24546
24095
25660
22047
8118
8541
3220
6172
29933
27501
32639
16710
5101
24114
23077
12724
30146
659
26018
8867
28936
3534
5897
13927
23052
4366
20648
17576
28206
18239
18574
14026
3722
29985
14411
2221
3543
3995
14839
16791
5518
7251
30326
31086
26191
123
2297
15915
30594
12782
15304
28043
14906
32379
576
22279
862
23936
21527
14855
24842
32699
19944
29779
24371
4446
15083
29898
32650
25185
27651
18006
26787
26908
32767
18207
4183
21269
281
24575
25959
6167
31683
20535
15457
17284
29348
24928
968
26603
21469
6052
879
28893
21392
12845
11046
18173
20387
4062
13464
31319
8385
19521
7284
26355
31906
10433
14027
1961
19853
5658
25274
27446
8987
29197
8520
32656
8253
19800
5009
10103
2688
19941
9253
20045
24208
322
24491
28199
3579
13137
16586
15396
19000
7489
29513
28414
232
188
21108
21470
27995
866
9922
9589
25430
24183
26294
22856
14100
14040
32515
22347
26250
12596
26099
20402
26608
5752
32265
8964
16764
7307
3046
4209
20081
10044
17257
7781
21848
5497
12314
29021
21389
28353
31945
1274
8702
1243
24178
31571
22320
24009
9828
30352
2691
31224
16290
12469
23734
19129
7050
17851
27053
27893
20916
25573
1906
31771
30493
22097
30331
4446
28805
7630
26411
17182
17429
3053
30874
14499
11845
5211
5273
9745
32253
18541
19697
17560
31738
12541
7660
6892
24948
31349
14871
10741
8702
10025
17221
20935
3245
15338
5335
724
2172
6871
827
3936
28655
119
13491
12598
20471
22277
30552
6042
3606
21515
14430
4478
14787
5171
153
10233
3344
10585
6720
15604
24714
20196
17394
551
5729
14423
5366
23620
16585
11811
30407
1649
1951
27840
22480
2556
4432
31227
31604
24138
29431
25746
2897
17681
27589
8702
19910
14023
28582
32400
9650
29531
17697
21439
16255
2850
14976
30913
3936
29716
13874
8536
1238
32568
9837
7919
6009
16989
5144
14309
4341
18955
23783
2345
14419
10169
22728
9735
17018
12352
28286
27201
11253
32400
23435
12898
24566
3746
13140
28239
20635
1198
22912
16927
25713
29853
31649
10540
23863
15809
19990
20330
7140
20164
4144
5368
26091
26078
7059
28661
4029
8523
735
8341
12431
29693
912
27508
17246
21134
20259
20010
22833
11384
28539
25119
16543
1416
19074
24993
18064
17296
2323
819
29768
1117
25880
7976
28321
4072
8943
21361
23191
15056
14867
6580
27402
19720
28920
926
31680
16589
28726
4473
23978
28124
4330
22273
14440
29921
27225
25203
9486
32562
25303
6632
26153
9917
18408
737
24829
6720
12708
10275
15377
20920
13664
4549
18158
26395
11146
903
3875
26441
3285
30053
18060
12096
10902
31340
24276
10640
18030
2509
32313
16
19754
24112
12687
5582
14567
24394
32648
23884
24186
18866
16690
24297
10767
2288
25537
925
3855
30679
30607
30697
12104
31510
12385
15118
32072
10761
15084
11902
24073
31189
2968
14736
3540
7859
2691
21879
19551
6028
16585
5493
5177
6087
27395
32588
24935
17247
5389
18422
19280
28984
8973
18581
30166
26547
27568
16301
7622
18304
18359
12945
17522
6323
15027
795
16028
11802
6412
3488
10902
21198
20296
25379
4520
30217
11914
29641
14514
18743
25177
15757
25618
1104
29603
21301
4808
17508
32002
20357
29912
14456
29757
2226
8432
4240
11538
6170
19787
25357
31027
2609
4053
31801
2446
19135
27024
19489
29905
8521
8502
26275
1838
20940
12576
18887
16220
13746
19558
24147
7390
24830
16200
26265
9095
10186
11981
20372
14398
6131
31657
6195
15103
15123
19556
17141
546
13487
697
1462
6880
4274
8253
11209
29459
22042
24129
24134
20541
12786
31992
18085
14284
20096
3549
16268
11420
10943
15695
2022
26046
1552
24446
11317
25208
13356
17547
6697
32652
27997
6123
4721
29117
28398
20237
27857
18832
32735
27452
25205
25680
11742
4806
21125
28244
22131
17758
13561
23173
20603
12223
12207
29466
18903
25234
442
26534
11621
28818
14590
31829
9519
14318
26106
15986
3299
23278
16868
25133
26756
11226
31483
11676
13150
4120
6937
5375
6975
7828
15495
27720
31716
32101
278
20955
11954
17069
32619
13970
679
23744
6811
9988
28815
17801
30712
14855
24443
1322
1834
18547
3439
18403
20609
21033
28763
2869
32137
13396
9036
9799
20447
5359
13284
12680
31300
10120
25608
4502
4080
12099
13272
10591
32296
25121
18404
30598
17427
4482
32668
8968
23754
15337
20489
15135
4014
27648
14011
11878
6910
2268
22787
15678
27817
31617
9058
27505
23904
19881
32064
13590
8688
9665
25825
2741
26319
17461
1942
22699
18932
26093
10800
7631
9964
12312
30138
21845
26923
2344
31848
14323
22688
797
2762
6211
5260
15111
6469
24169
12435
20934
29124
26357
10260
25109
23979
18699
7094
6087
28685
18369
3395
19535
16414
29384
3514
19590
10219
14927
4511
11177
23368
31268
24470
18337
27402
16412
19760
25224
2167
20918
15877
30056
7419
13563
6403
8262
2589
16552
10245
23391
9648
30607
5543
19889
17998
13115
32089
27837
29698
25043
16819
18828
4421
23360
7433
12016
4140
4498
8254
29964
2015
8352
5085
11798
15949
239
28517
4188
31262
25046
23269
16773
12521
28383
28361
26394
26024
1135
9716
8261
19305
6058
13839
19672
70
21905
16928
17808
29846
15725
7006
27036
21093
14961
1092
9561
31010
155
10724
22112
24984
12507
18302
12482
32288
2167
10321
2450
27412
8110
31665
10916
902
31644
12122
5013
11826
30557
17412
19467
30386
18549
20535
11070
18161
8815
9569
14520
21730
15813
19238
2649
6258
17920
17655
17309
23995
29472
21990
6690
18298
21054
14008
868
21955
368
29244
28619
17651
25325
23516
14057
22759
2930
21618
6396
26731
28644
20829
31163
15605
5686
22995
14415
6804
19853
28280
18591
1059
12706
3888
29136
4034
32104
21298
22028
24455
28912
18271
10115
4720
20105
1745
11952
16796
13099
16822
1502
23995
19990
9823
11754
196
15286
24724
24650
2022
1994
9003
16974
2496
6853
28633
23974
31956
5748
4423
549
8761
26082
31592
29893
2193
1145
1547
4074
15163
16489
13740
14571
29130
31822
1680
20174
21429
13325
28177
30291
9295
18686
1590
26421
27386
22865
6022
7852
27544
9898
29982
6966
835
20495
24322
1431
15678
25348
24241
27422
13355
2036
20988
27947
4990
19923
6167
2542
19761
22786
5361
25201
22458
31091
32449
8665
2106
27661
10721
27113
23799
19282
18144
26823
19468
29503
18131
31747
27231
23667
23019
1237
32468
12948
15437
20902
21952
10735
17693
16594
26785
22622
27612
173
11788
5487
14325
4292
9702
9666
20114
26725
30167
13747
4788
26209
10748
26425
2947
28176
28124
30478
1251
21910
20894
15633
7751
2405
28537
3048
15306
2307
1387
13289
3452
8462
22318
11579
8441
1661
27752
11576
12609
14120
32546
11030
10435
17291
11899
6087
2491
26054
18845
19741
12478
2537
18161
30770
9619
11119
15247
775
28229
11272
26361
16747
6262
1948
9992
25887
27894
2444
26662
32055
405
26427
26046
1219
7477
25549
20209
17583
8739
24878
9099
3304
29351
598
23861
2240
985
17100
14572
12948
4791
10089
13489
10924
12149
27743
5506
30050
4884
21626
2442
25735
29494
32165
14997
12290
18481
24239
25798
442
14690
21071
17804
30903
9156
21350
30418
26500
28352
20101
2678
20951
9031
11439
31229
28019
31007
31584
16005
10830
20090
21965
9466
1519
15821
29550
12941
11803
17887
32698
11618
14000
14369
7986
7561
26321
24893
17824
23088
24899
8177
16801
30487
11287
24094
8545
9796
23434
8220
21670
25079
25641
7761
12304
29408
22585
7426
13727
9872
5205
30312
18037
18990
8025
2823
8669
15723
16767
3131
21901
12727
5832
21780
808
27062
8350
17763
7943
3309
6839
21269
3129
25538
5948
17856
14792
4003
9771
20604
9534
4997
3066
32244
26216
16528
19325
8893
10330
23320
1801
18918
13235
3024
31962
20432
28195
28986
8882
7999
29482
25954
9411
17586
10786
19404
19407
19440
32127
31659
3726
7140
5974
6739
21072
17578
18204
31217
7907
29674
29873
20602
18871
869
17564
23265
23616
21965
20889
16525
14748
30170
8017
19210
18294
11162
10856
17919
7722
31753
14780
7008
1065
18145
21740
32740
14496
30387
1048
17338
20820
30519
15592
7032
12240
26081
8400
30036
20931
12468
28818
11926
164
5979
22788
15693
9367
17014
32019
8769
16020
25906
24840
14122
19910
7452
6922
11551
9265
1079
27876
20305
28312
10571
11017
24057
29598
25217
5333
5519
20011
11821
534
13885
10001
5611
2507
8083
12784
18413
1580
21628
29015
23187
6634
31601
1579
28220
6839
12012
3661
8541
1289
12832
22135
2768
23835
24039
25447
11886
8501
23036
5696
8159
12590
30314
28717
18353
20271
14660
14663
32424
7609
29847
3769
29525
16106
30877
7201
3562
30972
13875
1082
17997
1038
25997
15545
8299
25895
1321
24948
17103
31352
17665
17097
23411
7393
12805
13118
18134
31415
13768
22629
11598
4037
15994
771
2720
24208
8982
21104
21454
20192
6108
10049
12080
21883
18178
10533
29382
18740
24999
25613
23757
2340
15624
16528
14992
22584
20470
23437
29057
4588
9352
274
7816
7253
4621
20092
16283
15205
21316
16352
7055
10603
19664
11434
23598
6361
6118
30596
3721
842
9545
30074
32144
27075
3192
20571
6879
27193
23333
26722
27099
20052
30954
30997
8446
30579
29496
1390
30063
19440
17808
20281
17622
2469
29173
23997
4462
8623
32161
22430
1116
369
9719
13314
27199
27868
25017
1779
24072
19950
635
27909
5644
7545
2647
23096
1879
18726
2531
20511
21315
15033
6752
16194
13130
25751
18484
6082
22297
30597
411
19771
26853
9650
23961
20974
11266
5880
20275
19744
27058
29279
6366
4285
8251
8419
5176
4673
10300
11639
8694
27352
17472
26185
22045
8900
20116
9032
13430
19456
31062
21988
4411
12323
21711
17940
27159
5510
4099
8350
19278
24489
10117
14995
5431
3795
30352
11800
13811
25337
24148
13420
11097
9697
30606
24871
24880
24712
603
8896
16289
32704
2126
11346
32235
11293
25792
11424
3417
22802
10087
30294
12402
20312
1323
32146
4719
13967
19252
20130
29426
25128
2120
25104
14836
25986
24660
29147
2047
13139
15944
13320
5790
19530
22568
7769
32019
16627
14688
5981
11591
2778
18265
14505
15623
243
29769
1636
20332
27449
5199
16393
12955
31126
2239
11880
1455
8707
13755
4846
31476
10736
30211
7207
2646
24294
269
897
10265
17003
30553
14419
21450
11558
2303
15389
4981
11587
27274
5138
12056
9241
3080
29651
16472
26378
18018
1406
27251
26539
29418
29415
20086
10021
8499
5157
4016
30940
24357
26449
31846
22606
18256
13706
11976
22077
18817
2364
14884
24848
24979
22946
14426
27767
12424
3978
19344
15438
11225
18265
26662
22212
22281
29774
31468
25020
15232
18699
16275
28531
4759
2385
23394
32355
22000
10507
4138
12392
10760
23694
7036
32034
22287
32287
5657
25498
17399
27829
26538
24360
10187
18433
8882
9108
25922
11692
23744
25723
17556
23520
22249
11252
32652
23817
2677
1140
21470
8413
28121
31215
4028
9882
1510
13888
19620
7310
5951
15563
19580
6365
3088
2401
11488
20351
25085
5732
25787
27016
13401
3627
16404
25004
13977
11175
20011
2562
13064
3655
30149
7944
25020
1306
9156
3048
11208
5428
18426
17401
11955
16210
5183
21897
5161
18625
12737
6618
4593
2939
24732
9834
9759
4500
13739
25463
25483
32724
27293
27587
25217
5030
29771
6549
10682
14384
21320
25856
9099
30404
21178
30567
29533
18039
10601
6209
16221
32527
12566
22298
17013
29475
10254
5850
14970
30077
12543
24138
1703
19907
1289
4564
2634
24663
3096
31371
10173
3451
20338
15979
26520
3001
31372
11745
8229
16770
24098
2702
12564
25109
10630
11080
10096
20898
20025
8545
24018
5295
16824
17196
27861
20156
4504
16318
32713
5154
32213
8178
25004
4929
3432
22704
22102
22746
20759
21102
5107
13242
18577
2550
28854
31641
7610
11882
6348
16193
10820
24710
24719
7667
31615
30502
1789
20486
18546
27912
31848
8913
3626
23506
366
27595
18002
10327
12844
14065
27652
17430
20911
13416
17119
10243
27051
10596
5210
27787
4720
26696
22359
8914
30489
5135
30204
21311
27143
13034
9662
17722
7566
21546
1470
29748
21741
19809
30553
21992
8580
21188
25850
21985
65
28372
27443
10813
27484
7486
6157
26032
13380
3327
13468
27340
14809
19915
19670
9343
20187
27824
27045
10205
25762
17399
12602
8991
19984
587
24997
15852
11973
11549
22946
20184
27281
8774
9142
2603
10543
23790
14203
3555
16944
429
25912
28412
9525
30193
8117
11246
4705
1696
6222
10360
14094
25086
24901
5788
703
26832
2653
28907
18518
6850
27556
27138
32648
8710
4752
30037
14989
16958
1357
19755
9244
11932
20566
6634
6550
2887
4675
7829
13698
7681
31201
3731
24121
29192
27272
28850
11490
29497
15017
13163
16545
17531
16551
22120
21004
21851
8680
19779
6879
31476
6187
32657
26096
4114
8476
2591
23397
24727
19493
9595
23844
25629
6792
21942
1931
3036
9643
18281
10850
10190
32690
32246
19981
10002
595
14096
6406
14223
32742
10110
10635
2265
2748
29979
14228
13912
18098
4642
4872
7335
30982
23976
21040
7738
19049
11626
17516
6980
28501
9417
32037
8407
10912
32019
2818
4941
24146
8964
12127
22504
7860
19853
10747
16821
31657
29139
27888
17846
29761
14459
19689
14911
18572
22565
399
9633
7596
31030
2628
24582
10286
1755
19220
3228
20635
4427
30184
11766
1609
9548
5117
22959
13431
15608
17301
20304
3481
11713
32237
30323
8433
14259
31086
2089
28255
6649
31783
26522
27770
20643
12923
28139
13535
24486
24087
11621
19146
20260
28968
28627
12259
15598
27082
29739
15194
10056
451
12145
26421
21740
1649
5337
2025
32337
27905
10540
8744
7212
30434
25964
21243
32568
31353
11451
32272
5426
9239
22905
13909
32552
17192
9645
5318
23796
30637
29350
29058
29188
21484
13282
13093
1884
18021
302
10322
11997
24585
5135
8079
19399
19111
13409
12630
1149
935
22590
28776
392
12026
31521
29797
7647
5713
28747
29338
27749
10381
13414
22810
14004
3447
617
8208
22809
8626
12219
17747
8159
28398
5019
9787
2513
29789
32191
11188
5114
21355
59
31888
29359
13482
4261
10786
23504
30987
17527
2824
17994
2900
11444
14408
17120
26062
5327
24735
21036
8254
10440
26133
23520
6679
18072
31189
11090
5358
32463
10812
5432
21294
2172
5936
10927
3853
11341
16563
7555
23999
27383
9143
14762
21225
25304
6452
6161
30808
14555
11129
28316
28147
2205
21952
8552
17902
8142
25092
31059
28993
2265
22807
9150
20569
10439
14575
24465
15373
29792
25920
31616
6867
148
1617
2445
22068
29210
18952
27598
17533
4183
15174
7793
23224
32641
9083
25341
15066
26116
10865
12506
29246
293
10348
3860
31826
27877
24181
15196
23953
9000
2291
16976
27313
30230
123
27900
4125
2498
23785
10144
11685
4361
20144
17843
23156
20926
8814
18217
9539
13316
8900
754
9421
24826
19556
23235
27779
13470
2155
23576
14720
1771
24818
29306
27583
4165
25567
3837
8076
27927
10241
26894
31544
1211
10333
15467
1297
22426
27074
10355
5521
30868
7844
5280
14806
13730
15655
15954
6738
13241
15225
21454
14788
498
26213
16518
8295
26601
1573
3739
18281
29538
17784
416
22686
2355
3829
20129
5750
32094
21663
5475
45
30333
30137
32494
1601
8291
14044
9545
25385
29184
70
10373
27716
2693
22133
5372
28432
27081
16629
32475
28316
2027
4982
30430
21824
4154
19745
15451
28299
17233
556
20610
15741
17542
940
20195
758
22150
14763
12081
2159
19257
25467
21573
744
10988
12873
3173
8737
22190
29173
26311
8205
10746
13346
593
25732
24471
12681
14755
4408
15805
21906
20567
2538
19833
10277
1415
19678
8530
2493
12176
12172
28461
30143
17686
21400
366
16139
30537
26628
17248
31440
16742
2725
27863
3492
4480
24019
4372
3796
28288
9829
5352
30200
16235
1501
20509
18123
6115
9439
24081
12090
11761
25064
24996
19387
23809
22588
16468
1504
23086
21280
6311
16684
32192
330
30666
18981
17907
31894
4727
15274
30459
31226
1307
20103
31812
13756
24377
18247
28414
28642
32265
30282
26073
3307
31334
32279
29197
11964
11751
21490
28062
23005
4939
11954
32478
31461
1562
22477
30003
24627
9609
4789
25370
31711
24222
3687
6508
496
24982
5440
26593
14032
1668
28435
18130
509
25914
10618
20035
6400
9324
14953
7712
22179
17427
12553
7111
4703
26384
26819
10439
3092
24594
29338
14055
16381
1465
10431
23915
14050
4604
8287
21394
9871
4296
28096
29795
30342
8681
28300
12201
31985
4654
3693
3133
2010
4040
14809
8067
1694
32244
29488
7735
26527
11226
15876
27242
32314
29364
21687
17095
1273
32562
23628
30491
4105
18973
2679
17941
1006
1084
29174
18506
25717
31092
26916
3195
4074
12082
16076
18715
14988
16910
12603
18188
15934
18088
23449
27050
4735
12758
3449
30730
156
3074
16558
2947
26660
29645
8544
18286
10141
13304
23648
15915
32117
28805
10169
10085
30012
12057
14728
19350
13584
16037
8461
18637
16216
16965
13825
5295
31925
25449
4650
24507
8757
28466
18734
15827
18378
25375
21157
14328
17147
11496
23153
11094
6618
8618
27474
6528
8758
28741
10165
19964
8465
4866
1229
32002
32340
1146
15333
16257
24770
15283
26101
4195
17963
13195
30067
12050
27618
346
619
2875
7025
16083
7378
7634
12170
19243
6424
21334
25921
10110
2812
27478
19833
29294
25252
28980
29340
18189
24557
12841
1680
765
20480
21641
11494
14293
18726
29768
13652
19399
22749
26814
23141
3456
22571
6055
22639
16208
23090
31086
28870
23947
26885
12971
11567
9263
1210
26346
30615
6086
6336
10414
23045
5518
23411
10933
31438
11992
19438
5758
10504
21422
16928
11273
3392
4280
17699
3806
21104
25697
7112
25680
23339
28469
19319
9987
22299
909
31030
21420
19629
22639
24839
21272
27403
25520
22391
17776
14411
8027
2420
4795
28645
15959
28255
25764
9579
5187
8290
28029
32628
13477
3844
8325
7898
3396
16378
16230
1573
32722
4672
24834
5446
16078
14185
21871
28041
29097
22324
2880
20933
25640
4447
23047
22229
17673
20928
22040
30796
14313
10897
4495
25957
15973
10508
28308
6713
15488
22584
26333
6453
7236
26114
27765
22730
21677
7823
18364
14694
22466
12753
5808
6052
11269
30552
20842
20160
13581
9323
30699
16205
28530
10328
19737
11818
9193
8968
17157
4018
21936
10710
31855
4915
28717
20129
1932
673
30674
7456
13831
19084
16963
630
13893
15952
31163
21255
20973
27788
28588
25225
30120
6101
677
25182
26149
10155
7033
31265
18017
9643
1438
20095
21285
6919
9939
27208
30672
25140
23045
15813
8278
16610
29044
10317
27785
24113
9234
16403
10391
26914
27179
19522
11988
843
3403
9548
5818
17360
28509
28542
21806
26254
19728
25561
12805
31641
32639
6941
14023
10985
272
3878
31411
24656
14748
18043
28675
29615
21969
24101
5745
8554
11733
26045
14073
26393
32556
16841
3297
6273
32220
2121
32759
16578
207
2956
21530
9169
19832
1864
29179
29737
18106
9194
11557
4286
773
17451
11067
24371
3522
20708
20609
5708
22513
30499
21918
3238
7184
3198
27297
24486
14655
3495
2881
1711
18851
27457
26729
9880
30728
6386
2804
14685
22730
4794
5045
24084
18933
19587
15546
25891
7851
16377
32721
27825
6598
3227
1612
8538
31679
24082
17922
30503
10191
3266
28566
28349
9299
11424
4604
15060
31349
32323
5944
23019
14601
30269
32361
30778
7861
20139
30471
11753
12117
22283
16745
28031
14493
30286
30858
13981
2560
4910
10508
24812
25553
22210
22909
4948
25001
32080
26586
15215
25608
10594
24657
6461
15679
27932
12619
13081
9613
32204
24746
17899
14984
17859
9807
1440
3518
18532
4064
16855
1693
3194
4552
17117
7056
207
10623
29404
9835
3834
29963
10063
22537
20600
25543
7865
3891
6654
25699
1687
5828
20750
13356
7571
3851
16329
13197
17914
1649
23300
25558
7280
1372
11933
29245
26339
4435
25615
29731
28605
27490
5957
14488
8542
3520
28076
21280
30153
11439
9100
17335
3741
16036
920
24596
2376
20392
31940
25131
25463
9214
19030
16373
976
28166
25152
12403
15076
7009
7597
497
20575
32086
20442
9608
28802
20596
16167
5094
3540
26489
13422
28498
2836
32115
5267
1770
16753
29477
14428
7983
14078
31660
30339
9156
6496
31843
5130
9843
20681
9219
3791
20337
16171
32015
30304
8931
32677
32623
18192
16288
14914
25946
31563
31545
24546
18298
18214
32567
25208
17483
12858
19363
15734
14021
947
17100
25222
16442
13476
8772
24187
10625
23710
3372
19079
24404
19584
2993
23982
3575
19344
9175
12922
8218
10955
28534
5361
9473
8826
21377
27844
25058
11782
15502
6089
4751
23053
1171
18603
7508
14517
26094
15841
15907
28737
8105
25820
27886
6114
12027
15749
853
22223
16914
4582
25985
31127
18447
22055
12880
29110
16979
17597
16050
29543
15097
2782
24659
9658
1187
6456
19322
6374
10106
27874
2097
30432
8048
25747
17062
8749
20425
30226
31441
14068
20441
22509
22359
8791
29967
29550
8110
17411
15922
13003
8578
19974
1003
32669
1368
22242
4740
1427
22130
20959
4335
3432
16882
24997
22794
1042
20802
14601
9505
573
9138
32296
14004
26615
27491
25522
23163
24749
12645
27785
28072
25430
9500
3467
18540
750
31464
8619
12732
8998
7684
25671
16469
25946
14767
26038
19710
25027
23946
11808
23053
238
16706
658
5164
2412
27502
81
20573
13772
16315
623
11068
26310
14406
1437
11652
17849
20041
32320
6613
27480
22010
21703
18357
24223
20912
31803
12244
13
72
22295
3476
13581
10951
24155
14792
26549
30016
16092
8892
11954
14073
24798
1399
12675
7625
3556
19516
7398
8388
10439
13911
15248
1563
11270
11542
1825
61
25181
27157
17751
9794
3481
21182
1410
19338
28586
11537
4664
31393
27130
4513
11081
5990
9981
16095
7157
27757
522
12699
349
10145
8553
9928
21816
2606
30381
27264
4295
20382
6467
6216
31755
4161
12108
12436
32053
8915
22696
10126
31838
16729
20563
20755
12152
30028
14325
19966
25221
3833
16820
24234
4103
11304
11341
16050
23991
4604
17763
28155
20857
24090
26135
2805
21136
21261
7640
8733
19214
17386
32636
5831
32143
25391
17552
2330
25383
30961
15085
23900
9625
17463
12428
18544
2506
2977
20892
1436
24181
8525
11473
6544
17183
24058
20990
18084
23374
22382
16102
5730
16886
22038
3664
7236
20788
19949
7513
21950
4670
24222
6926
19327
27035
7917
13882
22517
21391
14163
23933
14095
17626
4072
17822
17222
930
5511
10786
990
3245
23084
31774
28777
22739
5280
29513
3470
5811
17241
13653
18184
11430
30363
1920
10993
5873
1508
15974
27201
30271
13447
24601
17042
25166
2455
11379
13606
21736
24326
32683
12074
16661
27662
17191
1852
10895
20176
24721
29740
20854
22844
27437
24831
17989
9520
29546
16954
31237
13284
14519
20573
7872
7301
11671
19373
27705
3616
504
11574
7386
10434
10177
26897
14062
29150
1450
9699
30224
26606
19536
3494
26851
31069
8585
7084
5892
25253
5620
3040
17213
14261
6357
20304
7676
7317
24096
10728
31747
29004
27348
23936
25952
29954
15242
1562
4256
9314
14670
2916
7744
22338
28845
19333
10340
24966
16143
25365
31435
15169
27208
13933
1795
29726
22121
8226
26841
30207
19932
26828
3860
23267
4016
27660
23651
23053
6193
3789
21651
4195
22460
27337
10757
10260
19409
21327
16224
9085
11882
5956
29059
20302
12171
9321
15806
8168
27931
28635
6209
32266
7410
18400
1748
18093
7475
29408
21449
556
24284
16306
27951
5800
24219
27418
17481
31147
8164
32399
16703
9483
24128
3137
7954
21266
26856
27738
17365
17883
23698
24452
26907
7679
12171
15020
10412
1138
17414
6
16764
11175
29876
2386
10461
27643
20372
10077
15347
32592
29453
23242
9576
8184
16698
2578
19298
3798
23941
22730
22962
17599
10359
1061
15439
21286
11726
26809
7682
14329
14544
5510
16226
10438
736
4148
14851
6434
12367
11932
1003
75
3956
10634
18245
8716
19967
19649
25178
24289
6282
26688
9148
20316
22641
26308
5828
11975
996
11662
29759
22795
13370
10598
2917
24529
30344
11488
14091
31462
2675
990
13081
22500
834
24662
26173
3343
32568
1110
29665
13181
26912
19781
10843
27770
30761
1131
8548
22058
25076
6324
7372
13168
29420
9648
1900
19215
214
27615
6747
16911
27560
7724
1125
30051
8351
10423
9656
5832
21388
21719
13281
4336
25199
28256
23031
30432
5958
20001
10518
663
15399
28081
27919
26352
13709
26732
14686
30921
5872
3512
16989
29541
26008
26765
22199
23567
32178
24628
3358
18688
19876
22094
31297
3971
23454
26137
760
7511
18801
10479
7874
341
19109
9231
7794
26450
16581
17312
19237
2887
29182
1779
29047
26544
3561
16905
11511
9009
29860
6229
2008
383
29735
5314
17129
23422
28629
760
22983
25255
9810
28123
5968
13229
2453
26453
20060
31840
23870
32086
2728
14545
3881
25
19987
19383
32323
32168
11789
30225
9116
5794
25932
29197
20926
4156
11712
13609
32318
18310
30410
7576
18832
27120
19369
3815
14623
5900
32309
16864
22429
20373
27087
19375
12184
21937
25240
8259
21583
25203
9441
5111
27843
21668
22755
8306
29969
15555
32432
28875
10750
27210
22122
30961
21204
24115
6323
7243
23917
18107
4964
10139
141
26726
32386
8744
22645
6211
7534
14876
12724
11121
91
20523
30273
32738
31237
26229
28871
607
7585
30382
23104
21964
22799
29564
26053
32686
32599
31008
16036
15850
22355
29017
11444
27087
681
11909
21221
3159
20733
16906
15387
1962
21348
4596
10813
31204
17435
29152
23432
15640
5753
17176
14890
10389
17186
24575
10764
30568
9342
22192
26863
30754
30569
14050
13498
27099
21548
30479
11282
10870
13228
13525
7468
6695
21730
21660
14047
22579
5771
17529
20478
15607
6433
26194
14564
13612
15625
25923
19280
25193
20750
31297
11380
9449
1294
25597
30024
29327
29939
5643
13604
7975
24549
25412
654
31215
24511
10089
3665
25686
13503
13321
27855
17923
31105
1188
2455
537
21294
32272
31034
20922
29169
15644
7515
10186
30122
14452
20230
501
2791
14788
835
19187
21520
29216
7658
12810
29409
11684
26296
7125
17949
27223
21667
4165
12161
22101
9067
18917
30199
31022
26482
19042
6157
3209
5069
6218
8869
18445
9883
2580
24558
9345
28565
16993
29331
23089
9447
16769
12594
7828
14911
12345
22031
25901
11811
18371
22282
10159
16775
31511
31182
31076
19871
17769
30796
27087
11250
16883
18792
31377
25776
28916
25073
11401
5957
19961
471
26687
20782
7003
24984
17795
18187
1801
21500
30289
9206
3207
12290
22776
25364
14391
5914
30075
26473
12248
27540
27192
17905
9292
2905
3015
30188
4254
8921
15397
23417
27203
11332
15634
24678
9888
28413
439
3911
14797
4940
17292
25797
29337
7763
24185
19257
22478
27203
14396
29818
27318
28367
14090
1522
29405
28129
2937
19192
14105
22668
20893
24922
18376
67
19825
5176
15961
26696
18041
22809
5646
19302
18086
9016
511
10723
16506
287
25699
29617
24684
14455
19211
8932
3470
21535
5423
23145
23917
22651
9837
23796
32569
4623
19215
28730
25126
12876
12685
97
6929
11945
7506
6068
19815
5622
14019
32412
6979
20461
7294
6091
24790
31499
6623
19643
16140
23710
9929
7767
14700
5918
5283
11768
27457
6848
3232
21138
6135
1097
17220
3632
6855
24096
1316
30621
31127
30632
237
27748
7963
18124
29351
7931
65
2012
5179
21820
12492
3991
30515
27412
11070
905
11202
28031
20476
27799
22788
25012
24493
22488
10886
3228
29923
31142
14089
20105
16637
1781
17539
26405
4172
14564
3431
13737
22900
11922
27430
18767
23573
8499
2550
22025
4779
7779
2514
24947
31667
15545
12482
15366
32272
32416
4700
6799
27820
22370
20619
25568
28002
1670
22927
1734
18204
15708
18245
27707
23352
17110
17321
23004
20017
2457
5785
22685
9083
27732
16604
29627
20654
1105
18530
25586
3047
20042
6605
31473
22891
4477
9009
25355
7310
15618
3096
1839
12244
12125
11978
14106
18517
7248
14027
23499
10342
1267
2212
20535
25973
30214
22246
12863
17717
133
2157
16351
30204
8317
21474
5288
9833
1567
13443
23408
16457
29970
7207
18504
19131
11790
1660
28334
14227
5799
20884
18436
8189
4966
32672
32321
13411
18462
17915
20199
25488
12925
3434
6709
32021
21218
18338
29341
21227
22382
15882
16504
7771
32094
15811
19961
11291
7320
17638
20319
5050
4483
5388
15215
32317
31004
20244
2082
16395
29511
31776
8091
18950
24418
10209
8539
13819
18208
28693
17336
29244
27541
11597
27019
20619
10381
6388
16426
31802
8738
5261
31126
7057
28814
30268
30453
8304
15933
32392
30530
3125
3111
23391
7747
10976
4188
23642
26555
2422
25312
15427
23266
11171
27834
9173
4626
17570
19784
18882
27331
30562
10709
21499
29113
25057
7021
24107
24444
30684
12016
18820
14601
28843
11110
14783
26823
19559
4754
25438
25532
13389
4042
3893
12033
14951
18694
30504
22899
15465
17974
24630
15788
28121
25305
5559
8242
19826
32203
10721
32237
2507
23390
8081
7903
6452
28077
24905
16655
2272
30509
10612
28614
18250
15237
16370
23294
28113
12960
12496
17176
19877
29184
24663
19661
17383
16469
8265
20839
6412
1870
10855
32561
28547
6063
9270
24108
1431
29604
4099
3331
20118
4948
20261
19009
10035
22458
6530
7618
10537
8112
3669
13927
25121
13133
16942
20494
29142
31089
28218
13762
21367
11166
9412
13358
22093
31754
12028
4184
2461
25074
30711
22156
8144
48
10488
5525
3281
23056
23278
23092
25527
19040
317
32458
14244
28870
29121
9048
1004
2391
11792
25001
24442
25188
20992
4558
32624
25751
19306
13003
19726
24895
16173
19344
4821
6889
16245
22571
1260
15408
14141
5947
10434
12502
12050
19368
24565
5395
20250
18065
6771
12076
16982
19846
29663
10056
24356
12536
16438
29056
14600
9965
19378
7733
32683
15864
20974
1190
20260
31849
28748
31681
21879
32705
6036
5434
29019
12393
16605
3803
11841
23971
27057
28187
16785
21952
7020
31217
27959
20116
485
1770
27486
12839
21840
18810
18299
9133
7011
8847
18574
20664
952
6764
20645
25261
25459
32181
21921
9332
5156
20678
22332
12404
14831
3401
30283
15039
13546
24072
4417
19337
16838
19711
2549
32223
3506
6070
6309
5782
16764
7630
20538
1921
18425
7641
14285
13031
21416
13423
7531
819
26514
20862
1557
10990
26484
6113
24331
8427
29472
23348
21579
11457
4385
12263
28756
6014
27806
16786
26927
21658
10881
25480
16048
14122
6615
4015
3578
1878
17274
18319
15937
3085
7406
2984
27348
23800
25226
23817
11866
4268
23768
32030
13147
6947
5438
24522
11779
28781
15837
949
8995
16291
20665
9448
8313
23069
10778
32151
18993
6884
8755
2365
25003
25194
27138
32239
10623
31353
12151
28649
19135
30314
19672
21358
8060
25495
1892
20687
1675
24083
8503
7881
9352
23960
17005
22291
13852
20160
32138
31032
22396
19576
29466
4003
25906
3506
22676
11000
23072
23387
26244
10155
20162
8845
29161
29131
32179
30469
13532
15134
29043
6615
2675
22387
16231
22624
8677
13108
29729
22397
27887
6203
5346
7930
19830
13542
23133
31054
18029
6510
2238
31621
13305
8052
2283
18813
20179
28637
9994
27221
32495
6880
6723
16675
16731
30301
14791
32229
9577
13937
785
6843
9488
29767
21868
14675
23696
5937
1717
29860
25941
21495
13666
31455
22558
13935
31683
930
14942
26957
26760
30319
23266
12349
24708
21854
25013
18479
19888
16398
5953
8690
16243
8929
9910
11013
24608
26217
24496
6314
25537
13085
15124
26939
21523
7505
10042
4033
24017
19813
24402
32195
821
30780
20992
32604
22461
15343
23370
7568
10539
13507
21940
31456
14799
24153
18089
24092
28680
5413
10781
24441
7945
19489
8561
27620
19673
19139
2455
4757
6557
1836
15478
20710
11290
28834
400
20582
18294
15936
29154
19241
28222
5612
21259
2659
13998
8074
11697
13109
13356
22639
8993
21959
6677
15129
17973
29335
31676
3869
31611
27153
19888
30048
9363
2655
3134
1162
6873
12162
11063
2488
15685
10658
13044
16754
5519
23970
11926
7388
22678
21496
20370
26416
17922
10684
27246
24427
11048
6142
12485
6727
3375
1373
19601
16490
15985
21973
16554
31965
25380
27865
12937
12223
10554
5538
338
14651
14213
17862
19986
28855
6175
28172
22852
7246
8713
19839
22939
31873
9746
31425
12283
16425
25339
6050
7368
29872
1240
25329
23140
18049
13241
7315
16627
9661
30090
28625
22370
9008
26424
22518
30119
6531
4374
13082
23626
30387
23166
30521
25892
14786
24763
15752
12647
30892
13606
6152
30942
668
18064
25947
24182
29280
31200
5847
28158
17690
13821
7385
10027
18745
26351
27995
14815
31144
15425
22729
22442
6469
9897
8465
16018
8853
22763
1786
24847
24502
20474
16822
20314
16021
9824
5306
17895
13665
14049
30669
1328
19263
21083
1375
22197
6463
3313
8989
25409
22414
26216
6338
15982
19182
20945
2352
19307
9828
24681
447
24317
13616
5053
5077
17092
24834
6930
11447
32192
26731
3
8094
1556
22930
1644
5646
16393
9512
17287
23139
28245
23966
12373
12461
30622
30357
15168
12733
9530
6294
7422
23680
16185
23811
29880
20876
10661
1613
28524
27897
26376
2152
32400
12914
9263
30076
25080
16267
12590
8926
2297
14421
2980
6718
3791
25137
24128
11042
22076
24801
6532
12435
2162
18917
2505
24341
31539
516
3716
11997
16951
6441
22215
13887
28622
6256
18187
2150
18630
30337
27692
27719
28559
9757
8117
32727
19101
29430
16734
7036
10766
8388
10707
2498
28813
149
15031
26448
17270
28772
12265
16154
1594
30958
5638
14040
9478
32193
2607
24502
29343
13206
9996
32589
7569
20704
17168
25810
136
11429
25599
7821
20990
16269
2990
9101
30486
15161
16907
17819
32200
11221
92
32620
575
22513
25036
29467
895
21132
15651
11478
27467
29554
3029
32215
19782
10697
16958
917
8536
23782
32044
12092
32083
20325
10398
24923
4567
14456
971
28125
28275
1919
9830
7227
20748
1497
27425
30704
1155
19194
25456
1324
4754
14014
14479
11724
19703
26109
7622
31370
29141
21856
14316
27761
28503
9843
7722
2709
2710
15099
22529
30720
28093
6793
31886
9711
24939
22095
22285
30271
13656
24371
13469
25122
7228
546
16194
30998
32492
32423
2608
19480
2758
27580
13127
6420
32592
24288
15834
19105
32540
2409
2740
8171
26607
16412
4445
4336
30241
8443
16025
17136
14151
19294
7218
8478
4112
24133
9719
28060
22893
12525
28677
24230
22773
31137
581
7182
6279
22227
3382
12520
24881
28267
23533
17798
23888
5983
10074
13735
9721
16772
11980
22251
16280
4004
14775
906
18903
22480
26294
15686
26306
32247
27596
31902
7464
23736
11247
69
14916
12405
17863
12498
30364
14505
32691
27833
25130
891
13581
20602
23482
6035
10415
20248
6035
28716
24757
11981
31065
32618
28549
15868
17714
10990
19981
21607
27688
30377
11084
29858
30671
20973
21780
8648
22823
15050
7694
15724
7875
11159
25854
466
22059
1743
8520
27743
7296
29983
6324
11343
8798
27068
8814
27046
9990
16634
6993
30825
11965
11547
28516
19469
30831
25956
23717
16176
30360
19319
21254
903
20325
31452
5558
19992
10262
30433
417
5033
16294
27300
7482
27000
7342
12142
21880
24108
21127
3394
3102
24332
8622
27062
23360
32111
30573
22786
12803
10355
4280
17751
11940
12018
17494
8306
22972
7602
14401
21360
9922
19932
1614
24804
24017
14256
5136
27943
21163
23926
8698
8431
3327
25272
21957
6691
17895
9134
17425
24302
24245
24826
15695
1811
13551
21398
25054
3968
30616
15626
16756
3109
25009
18402
2496
11270
32256
19551
2126
17295
22544
19821
938
20776
15993
16853
12232
12298
31329
32180
16803
27985
8259
20524
26149
29522
24048
10585
8263
32558
27091
23686
21113
5288
30584
21153
30532
25651
21840
16621
19758
22351
6062
14327
31198
14102
29974
7883
26752
8466
14263
28263
26475
15954
26678
16752
18689
28861
5549
3108
3031
27302
24308
4240
19991
25760
8479
25347
4130
26003
28487
4802
2681
20751
14222
19197
6877
12257
14685
2
3253
26340
12528
31921
16561
20506
23573
25648
30637
27131
15408
31712
17624
4365
14723
20879
27413
30645
2988
4591
10657
20557
2927
9030
15350
23926
20918
22632
4336
23728
18390
20451
32047
32552
3348
21369
27836
25808
21864
19411
22511
19893
9601
7283
32656
30094
4104
31723
13372
19856
22569
7244
11530
2186
7504
14306
12655
11565
29744
22046
6751
8875
4362
23764
28341
27525
26412
16807
7893
669
25016
28609
9104
3731
6566
13767
1096
24398
11532
20491
2132
27097
7069
25348
6053
13937
19568
31228
3754
29916
8452
24073
2418
11004
14720
22846
27153
12707
20031
14882
7748
29609
17035
11105
26712
9020
21673
13250
12103
22904
3863
29273
6693
21559
24337
27390
31418
17963
29785
30462
19313
27946
20024
11792
17521
25288
6592
23434
19465
23339
17749
21460
18001
17947
28012
15901
2062
1625
1681
9806
28887
13106
26799
27452
28790
6227
8076
23842
31633
26591
9363
8270
13194
21183
26070
10266
17827
31546
15955
24094
17766
30149
17270
18852
1604
19484
3040
19292
14460
13969
21351
16722
19774
32676
8286
10012
26128
17877
19990
1624
21362
4022
8356
19286
26301
26180
17893
21009
6993
26999
26560
16228
23279
4888
13227
31354
24932
7123
31601
23175
872
13965
21298
23733
23749
5624
20651
30306
10684
28772
20407
22408
20388
30168
24598
12668
22740
27745
16494
21980
26563
26282
2703
16834
25966
18637
29947
26942
28410
3945
19878
22276
18075
3317
4602
29793
19380
4435
18462
3444
15936
12200
32120
26010
20848
5740
3697
28714
20885
11709
7032
355
24897
28665
20297
2978
4521
12427
23151
15576
23118
17669
18439
4156
13277
17520
4040
10301
23123
20703
2368
1211
31332
8011
9312
26998
19998
12698
2875
2247
27850
30465
4363
18062
21011
18060
4725
10091
24682
26619
11022
16433
25256
7888
25629
14743
20725
27558
16547
15409
23785
30660
19096
22687
2290
24306
1400
16389
20214
19340
27134
24763
6713
6356
20271
15173
6272
28556
25755
901
9847
4293
8672
25135
23376
17138
20335
27262
30637
5440
3219
6181
15296
27946
30383
27017
26800
4679
21959
27181
28991
11367
29249
16749
7595
26591
30701
6512
9937
13345
2628
29272
3224
20624
28141
13755
11149
7058
27526
7767
21963
22502
20384
18433
29470
23608
11275
31711
27752
24818
15957
3287
26179
24662
8077
22599
3815
15562
8524
16119
847
8562
31735
10828
3991
20740
12862
29118
20137
22232
19944
13451
27928
20031
22995
31661
4940
13334
15670
14346
15072
30363
23594
28908
29512
14207
8553
14000
22967
29756
21845
11714
18495
2216
26172
17865
59
16330
1498
28958
21482
26349
16415
28803
4956
5876
28467
1810
16530
10221
12472
10867
20193
745
16463
850
29079
17930
23389
21008
15841
28381
4623
3001
9196
32490
10651
17207
843
20106
29641
12997
24217
505
16307
31142
29279
21676
18376
25110
13111
12005
16663
17281
30514
14724
28619
21747
20088
25632
25841
976
20270
4438
18818
8901
22685
23905
23197
1278
4496
13035
31508
22937
9725
8739
32298
23387
2024
11792
3995
10402
14213
1061
23773
22427
22173
21013
25510
6837
2866
11753
2478
2390
30054
17487
25014
24780
15513
16693
16841
20870
30674
9878
3778
11396
30048
1428
24846
1292
9665
19912
26291
6815
11714
9942
9873
7979
25576
2116
2280
11650
15631
908
18715
1035
27729
29807
13492
22455
14889
2957
23463
21303
22232
26419
5595
5741
11272
11892
486
18976
29104
25211
24857
7155
2615
23071
29884
13976
27100
7096
16538
2625
3413
2353
22209
31063
17334
4703
4227
15727
20373
24977
22720
6266
9068
13929
27496
9787
15678
25322
11835
25087
25982
7889
1747
13448
21804
9513
20965
7754
1857
20506
24516
20954
14669
9986
6694
21155
24415
4807
14123
27611
3877
11371
7579
5045
9812
23008
24175
3800
12362
11550
26516
26641
20211
14708
21483
4164
10985
21275
31892
15017
11999
27921
12140
18740
4671
2340
11988
23893
30482
28237
24245
24802
7969
6464
17089
6994
31833
6977
12795
10027
8308
23353
25465
23485
20438
27913
14440
32529
15285
29470
26450
21533
10109
15942
27804
22841
32115
8130
25683
19159
5784
8604
12584
15982
14800
6459
5304
27063
5699
18484
7441
27164
15620
32611
2930
8302
24049
30779
6227
29910
19418
22618
14501
5902
3045
4960
18523
3792
29744
7938
15913
12431
7609
11610
19596
19046
11643
24961
5130
7502
14554
12896
19131
30355
18753
28611
32008
32137
17162
7599
19379
2427
13214
6646
19224
5092
19165
16392
26546
6881
960
32524
29664
2023
16444
5680
17129
28337
23658
27453
30014
14461
31974
12142
23040
3960
7285
18050
2498
7799
7402
9232
7824
30951
24394
4891
11568
16135
10030
7142
25511
21077
19817
31753
28928
11845
1515
25797
6728
14649
15589
29589
8413
8622
20270
6405
24041
7091
8678
25031
14121
4768
23897
22020
20723
8964
20261
25328
8567
28895
14240
673
18757
11794
1652
5665
21775
25875
19084
9666
19632
23525
22836
31665
13166
9032
28795
19662
23932
9773
22748
25531
16067
19820
18974
563
5859
3001
6009
27806
7796
26069
26362
21474
6545
19201
30761
4475
29591
20920
15848
27086
18474
11421
20382
18618
32121
27571
30101
11377
21443
24012
21665
12934
3611
9796
32003
31559
6248
23278
24716
22348
20143
15951
29702
29520
18837
27146
32719
30272
21535
32156
25543
17810
28349
9545
21100
25560
903
3414
18244
7573
12230
5497
15484
30799
18102
22670
25550
6117
29066
23691
26280
3619
4273
32438
29066
18580
16984
28694
3759
4247
12848
22055
5105
20917
5745
25554
10215
6706
32287
32411
8784
2530
21644
17437
19380
9022
15902
947
16456
12983
12882
121
31251
16459
30465
3955
17999
16213
24802
26123
10770
28841
32081
11457
31277
10976
2382
10782
10836
31985
22985
6633
6016
24322
6429
1182
20882
25981
32218
11036
10297
10853
24263
23198
32533
24811
18471
15596
11549
18236
30268
30931
27454
27294
22794
14034
5700
29115
1373
24086
18430
24892
14093
7593
2973
3738
18561
5606
12638
13617
17266
13872
1385
24983
28401
8931
28152
10027
32428
14219
13499
21489
18285
31060
32636
5789
7395
3522
15359
19181
15525
2466
812
24636
27252
11329
14191
3669
8640
23259
25184
19589
110
28758
5535
16116
20185
13616
21250
3636
18711
5047
16371
23835
3453
23672
10259
20686
21605
12025
4900
24351
21806
23211
29221
22297
31877
19482
10174
22488
22499
23143
28639
10655
23127
2296
27301
11556
24198
4462
20093
21806
2544
18903
1419
24162
30069
15141
14925
14682
16151
31712
6011
23288
26881
8983
16178
26362
10697
26524
15698
26830
4594
16241
31013
3751
10933
4989
27201
6864
29184
23427
5295
32577
22464
13909
4172
22384
8284
21061
8048
13417
20609
14813
6350
28449
1573
22736
10395
29959
25286
19759
11507
17117
27379
22752
12664
454
32526
1869
20028
31392
20816
23385
28129
21395
32013
6552
16126
19434
9018
703
21701
27170
12332
4697
15075
20545
11938
5564
168
10858
19462
12092
32616
27565
29168
6558
24609
19747
6380
16336
9309
17211
14461
31959
13914
23887
30818
6152
17513
17275
1815
20859
27540
18094
14751
4797
30083
14081
22657
6085
11681
29768
15889
9257
4474
27879
10736
6290
24679
32488
28118
31854
20078
28490
22415
20452
24164
27547
31812
14861
10068
18889
18684
26465
2341
31285
31842
11375
5238
24585
28105
16594
10701
972
17773
9824
5105
21555
2556
4260
8596
26938
10069
24719
565
32116
21135
2154
27205
4511
28477
27663
17033
28284
23024
4441
26303
30942
15358
13529
14212
3072
19586
5834
885
19995
8868
5191
2965
13112
32027
24764
9967
8771
8944
29595
18812
28770
16772
32336
29254
9861
27604
32374
17614
17725
7932
16459
20907
31441
28666
25953
21109
32655
18101
17303
23777
3168
19006
12360
20781
8095
25173
3010
1983
1067
29231
8442
521
20155
12406
11646
8879
17778
16530
9642
12524
26036
28967
2335
11058
31799
17374
23409
11536
861
8809
5408
27737
15297
25793
8394
4483
13071
3250
14494
28493
11546
23194
14356
23972
9000
8046
13787
15304
19856
28669
31251
23979
27528
7545
9405
26778
15672
5939
6256
25374
25619
6566
32077
31781
7526
20151
28725
19805
2865
17211
12857
7393
32567
21946
27729
25111
31825
626
23377
4568
25095
12447
30746
30162
30305
25850
28685
4907
16891
32128
454
25703
29272
23156
4614
27276
13944
6311
3312
22916
18861
16631
26489
25538
8362
4374
21786
26921
27869
16781
1479
3369
27135
27904
37
30763
10729
31923
27640
18479
21161
15949
24794
29875
725
1756
3379
10711
20511
1818
18789
24256
5162
13551
27463
11066
31644
28214
28117
8353
2933
14532
16678
10753
4255
17318
22174
14204
11717
3499
15716
14572
31593
21795
25366
11210
28209
13541
19644
16463
30594
4759
23547
23000
5200
16937
29836
28303
15925
675
5612
2632
29376
14369
15700
30889
17679
1819
9195
23182
11680
13546
11579
10923
3172
29064
6625
30068
4373
28312
21129
18489
32202
26534
24346
7062
30665
32687
24110
15626
23196
6116
4293
31718
16743
939
20026
7529
14968
15847
29814
23593
22816
889
10339
30388
6593
30471
31395
4472
19497
12795
17539
28640
30750
26319
20778
18624
28730
30857
10007
14835
1786
11137
1482
8003
6673
21354
27584
20616
26626
8848
14501
2836
25581
32351
16326
2639
31657
32037
24261
5023
1044
28953
27792
31115
16295
9371
5267
23071
13134
11197
29229
7314
15734
28419
97
29222
9063
21351
12751
24144
2260
9120
17634
2585
1456
7844
10314
26308
20036
20332
941
25521
8575
4599
14489
15233
29069
27025
28606
7291
31403
3157
1626
12334
15417
18417
28660
18008
2064
9129
24653
9991
7191
25503
20884
20478
31249
20817
15065
8538
29113
28003
2756
15734
4369
28319
14983
8203
28407
12858
3345
12444
1017
344
20100
21521
1386
20435
10218
16802
30389
22584
23332
7926
25842
14611
31522
10124
183
30573
29786
25435
2609
2706
31090
12469
17267
21784
10304
9585
23821
12060
31477
2889
4321
26063
22933
31617
24370
21554
24491
24010
8702
31005
10810
20069
27278
11910
16886
12171
23883
26112
30132
27149
32723
3714
14624
8504
11596
1898
23470
24059
9465
17601
11219
30028
26378
2241
23156
11719
21433
22164
12959
26776
16530
607
31097
20892
30738
639
2679
23235
22388
26131
977
1721
32456
5306
5940
18117
18245
15262
21176
28657
29664
2993
30225
2923
20510
11574
10249
1579
12582
3204
8238
982
3354
25606
6343
22754
7335
10119
7437
28668
15067
13484
1944
7846
30519
27842
17688
11557
3590
7098
12101
5530
15085
20594
5145
15983
6594
2615
15676
13300
2465
24455
3008
9546
17981
539
31758
10369
11125
17445
9760
2557
22312
726
3569
11038
7497
6691
22578
13344
566
17865
14143
7487
12101
5006
9297
21279
5536
19146
14581
31340
13140
27943
15549
5821
11940
13477
15157
6335
15267
13025
13848
6031
2
30102
18372
14695
26918
21604
18924
3965
10365
19408
21645
26920
18963
2445
10531
25157
6496
3578
24092
12505
18533
1771
24205
30200
3319
18348
4644
5605
10330
579
16734
23418
3345
9718
2553
27338
5877
1805
30637
18182
2437
13273
5399
28573
18557
6901
2294
22695
32426
26316
5017
17028
9980
12891
152
13504
11229
31545
24771
8250
4289
29908
8280
27782
23038
8445
19833
29839
9951
20903
8924
13953
12787
30699
10949
15078
11179
25680
3633
30479
8996
23626
25684
11957
28994
10496
5702
6368
23038
850
11002
19464
22529
283
3951
13690
18033
26547
12074
8190
23819
1977
28899
3511
12914
1551
27519
26954
14534
13861
26430
21059
26745
27003
32566
2228
3422
22625
30464
15390
27139
2050
6321
16789
9537
20896
12043
29984
13841
28449
28661
19039
16801
12491
27433
20592
8104
16460
20781
11538
30966
5373
9860
21259
13391
32103
14117
30664
9593
25095
24108
3140
12948
9550
30160
15659
25514
17644
917
15934
4231
8270
29890
25849
8395
2149
32534
22131
4669
31914
31159
19591
14690
14687
17003
13873
28751
31511
778
14138
10171
7032
27444
19224
3672
27456
12863
3856
16996
28038
30067
30621
16762
22595
18042
29973
2735
32272
32274
19338
9946
1329
9989
8686
2867
4051
5467
3195
2592
14738
32206
5714
17995
3646
8574
3683
23544
24031
25062
7052
13462
4598
20751
23557
14483
26630
4611
5115
21365
13651
7557
12155
32295
6122
16127
7058
17296
14561
23996
15027
29546
992
26199
30808
30546
30689
26740
16364
32283
30003
15533
23273
29032
11461
18128
31294
27002
5281
10311
28403
4934
1463
30423
22031
15563
26332
19342
15290
31650
2322
15862
31135
8663
6410
8079
21652
29943
18919
2940
7549
23402
7493
7805
22893
29699
27770
27421
13583
19414
5915
32301
18245
9802
31427
1904
26382
2927
6159
31384
6317
4241
2285
15473
22024
3853
11287
12381
13902
15715
10714
14848
14556
24205
13852
1852
14178
31631
13213
13920
17217
23376
7293
11420
29240
11432
21503
12473
24128
5818
17804
7686
23732
9092
29947
17302
12469
14516
25615
17320
15565
4797
28993
1895
30674
30251
5056
6868
10510
2867
6327
1280
12188
6031
17870
28798
22805
2697
1267
14360
2925
3925
32090
11201
17943
6563
15810
8651
15984
8309
23547
10330
7002
31534
11685
27417
5159
5356
32314
8491
30394
27160
26191
5989
22760
1084
10262
10938
31012
26644
13608
18166
4700
10727
16769
15792
10014
7191
1996
2425
2047
19448
8930
20826
6461
16606
8333
16510
7075
12666
12689
1579
31917
9062
6893
4599
29165
10494
19550
24632
25517
12658
16421
27324
27350
7961
2058
4538
26129
6152
11169
4361
27179
17636
15308
21904
4542
29172
16257
18174
28686
18042
24013
22971
11057
1604
26905
32030
371
4478
12205
14816
15864
5834
13682
5328
24739
11155
15100
2505
32055
16029
13767
13025
5564
6369
7617
28644
29733
24729
13321
8705
18223
21143
9975
20418
1676
9690
14172
17730
25153
19811
17163
1178
16717
3141
22680
6812
5003
4092
14431
11204
31449
1279
26312
19819
3962
22937
13258
32574
17337
8948
23470
22767
10959
22647
9494
16426
9991
22865
8253
15051
17184
28758
27520
12622
15091
18955
8478
13702
30550
4348
21052
8594
319
9302
13100
8974
12333
7345
23790
1670
6083
4910
18423
22320
30902
24258
25650
9946
14570
15313
29253
4641
9944
4607
533
21732
3123
19523
14988
760
21451
30525
20122
14621
18097
6601
17273
23089
9372
31700
27702
11428
7051
20334
15981
27692
25260
28705
25684
9146
31869
11393
12282
25516
25649
19973
21457
10308
10837
21269
1131
1113
17587
3940
26497
25676
5495
9856
29753
32062
28048
5288
10408
15488
3673
14813
14486
19275
28281
6971
6530
31410
17928
20106
4070
11220
9715
17425
8637
2134
7841
25258
4673
7953
14806
10780
19193
14599
19416
20388
22003
31388
24529
2261
19791
9475
17269
30883
25597
3062
30180
29370
27590
5034
32210
2324
31889
19202
27365
6090
8415
30211
1630
17194
11161
7304
30460
7179
6923
28982
23581
24157
11568
9395
9255
32260
2352
30995
8742
30183
8743
10643
9911
3395
14120
31370
8228
1862
5250
1436
1488
28889
31297
5681
4822
189
19448
10789
5101
15833
28094
27330
19599
24530
29303
12779
14170
7645
32597
28569
9654
24529
2206
908
696
1409
19375
24378
15686
14408
10817
1036
7548
31461
19179
12745
2383
27529
8936
22866
31856
27695
19739
10129
14195
9516
21072
15532
27185
5639
18117
25470
23915
10378
24809
23879
24496
31257
28003
5538
31104
20291
17494
21176
11441
26007
9187
13748
17170
6073
5104
8055
28751
1973
14120
19852
19220
17298
11587
17246
24949
6187
27272
21416
27790
1594
10384
24110
26470
3510
21580
5547
3354
17247
7498
25098
567
25751
2611
13016
11623
23923
13977
22010
848
29970
7663
9883
18873
5165
6105
10345
5614
23024
27047
25345
2662
29448
4379
4519
6052
26366
11379
31547
17499
20419
9123
1640
16597
12172
30435
24095
18837
22751
22121
14916
7484
7406
26488
8359
2473
13349
23193
12853
21604
5375
14121
22640
573
11549
19
26396
16944
12441
5599
1595
32652
29592
31212
30780
24405
542
22265
4208
11494
27175
29418
28093
31194
27635
28105
19862
29997
1185
29196
2858
15775
1791
14870
7900
13145
13985
3840
12788
3283
6448
9368
6804
13045
29189
30378
21485
10365
7158
2943
18098
160
13680
16292
30157
10484
21191
32492
25426
2701
10953
3768
16817
18022
29081
19830
17711
4355
21947
2920
10647
29013
21355
24743
16428
26334
21043
9319
6627
15126
16572
27004
8655
524
8933
9246
15325
3664
17938
23785
15297
23569
4038
5415
18480
14211
6773
16466
32336
8835
5267
30421
26989
15742
5617
17939
8941
14223
24393
16810
11910
2535
14360
14841
26286
626
24235
15328
3411
25016
15997
15814
21709
4097
24768
7649
29969
11708
19258
21937
8487
801
16722
1742
28894
4886
7019
17636
4798
21839
10352
16636
23102
23482
19888
14845
32311
26394
22765
22130
7065
12017
14511
19341
20573
24740
3806
30060
698
6618
20880
17564
10396
25125
28192
9436
9042
26596
8832
16675
902
1128
208
18660
18803
19285
20783
6800
30034
10571
17873
30557
31765
21958
13649
9286
29784
7235
20297
7250
3989
16549
32545
14362
13207
726
28964
28293
18481
1457
28121
4823
3375
7456
32656
13290
3213
18305
5691
186
31975
22095
7551
22056
10289
2558
14603
23031
10920
9510
6953
18203
7688
15076
10642
20275
1280
15486
25735
13652
2787
2629
17437
1544
27552
3008
32729
4246
6132
4870
29820
1412
27102
3948
7200
24155
32084
21344
19588
29354
308
29077
12197
24141
5245
30049
10894
7407
959
31331
9840
32462
31440
26472
28661
23230
32449
20623
8402
8561
17424
17580
18332
13813
13599
2539
16860
12158
15589
3510
31845
26726
10724
3032
3557
32370
15707
12514
24507
10327
15036
15309
22792
1149
2912
25314
16393
17666
19066
32727
17828
23810
19786
18235
28480
4886
31635
3860
21210
7450
3150
26822
22869
10548
31392
4662
31506
30737
18186
560
10945
27762
22752
5126
25207
13288
5116
5754
1792
27867
30387
16862
5494
28113
21512
22906
20242
4589
32288
31790
22339
11958
29942
26713
30717
5915
27984
14073
84
20403
17394
21011
29001
22601
12561
10837
27876
11927
20490
28666
7043
28242
20308
21230
31601
12903
23731
3634
20154
7045
8623
17027
6974
8155
25669
25654
28933
2083
8156
16487
27346
15839
10875
23890
7419
20194
14904
14849
26231
18963
24308
12584
22585
22894
17477
845
9916
15691
20404
19499
23008
3299
28457
26457
12020
24592
11171
2087
24852
18004
21548
2249
19381
12061
21773
13495
7038
10055
3902
4691
346
4067
17440
28620
7115
12855
26990
14147
2689
21765
31089
20013
24619
14097
4980
1017
26253
4829
120
21490
26834
4023
28713
32358
30756
17397
528
15624
24187
11392
28425
5779
13234
15759
26360
5552
18656
28853
30392
26394
24037
29726
2644
8960
21827
24342
24442
17835
23088
4042
31788
7008
11497
5715
32185
9096
2376
20720
21484
12046
23449
7571
15491
15881
14250
17568
4834
24731
17953
241
18441
7960
7186
18717
5828
11627
12497
15866
18465
28086
26117
25184
7207
1593
22014
48
10949
3701
23625
24213
20745
6033
3201
11658
32403
5116
2919
19101
30536
25172
32309
17138
23883
32647
1072
13962
5929
9272
28285
197
26195
20836
10805
18982
16850
4165
4284
26455
18742
26998
4686
10605
25551
22361
28378
876
24608
14262
28948
10510
10129
164
24518
2752
23140
15533
6502
21230
26602
4653
3566
18560
30455
23035
2792
15013
12947
2379
3528
22991
20210
29395
4223
8703
23207
9005
1101
14914
12308
23677
28375
28027
6949
30035
23929
8292
1854
7891
8925
26832
18801
22035
4813
10803
23285
1220
12357
23395
6099
5397
461
22944
21987
31956
5
27859
26615
982
21122
24851
24918
18842
20184
22893
11628
20009
28152
16357
20415
576
11197
30392
24613
8881
1217
12004
5941
25351
1653
2026
32507
11113
9585
23763
7152
28097
19976
25201
8744
22045
25376
31463
2766
23125
8000
25196
7630
27886
3051
6475
17361
22334
813
12078
13422
32465
28531
21405
21662
6668
15776
20418
22897
6160
13660
19823
768
16353
11183
3938
931
19144
17360
32455
26468
32245
12855
12798
4019
1897
13817
20639
5979
8723
15445
30907
12980
17721
25226
2405
24602
25370
18924
30321
31903
31442
29239
2428
4349
381
3619
13357
27343
26271
1593
22457
22016
14276
7652
9645
2691
10083
28363
32232
8772
31496
11870
28134
11103
9394
29103
13637
10897
2938
25476
29569
8683
18294
8362
25347
28622
21725
11916
17754
6675
620
16388
25800
22922
7944
15472
20224
31142
10916
15625
11566
24694
3685
29808
23864
21207
8196
13450
12355
18665
29813
1678
29306
26303
17862
2396
8202
27995
28745
2577
27505
14297
19189
2776
30969
6378
24330
11267
29567
11396
17140
11098
24185
29144
7282
28082
18744
16773
3575
18114
18282
29707
4945
29491
21218
19586
4488
30966
31388
31628
7689
25050
763
20104
16643
1118
23382
24328
14098
20163
3251
22149
30235
18534
1490
6738
31095
15693
26734
29647
6483
18432
15295
2271
29014
11674
10307
14492
6789
16415
8382
12361
15460
15120
7296
19591
14686
20029
18150
6860
31335
19163
18467
3858
7648
9942
2880
16844
3515
19049
9570
18974
16607
23531
16972
2125
11214
32236
14884
29813
9349
13184
13434
17786
15780
24283
31878
1088
23758
3614
27313
24351
4179
2673
1880
20881
26636
23890
19148
29742
21895
16428
7837
2267
22372
10796
1048
5950
29695
28752
1038
11637
18256
11201
19415
6407
10255
23138
7063
11290
10267
28073
27072
25319
29724
15278
24536
32108
22119
1665
5245
24928
24867
3521
9894
22636
938
24170
7723
32408
3890
21743
13704
29956
28333
1417
28894
11480
5614
32462
9786
24189
27660
6789
23322
270
13579
20665
6957
22025
16057
16652
11355
23883
21719
26190
17413
17723
16505
10318
8590
11077
22192
16368
12826
16522
23141
8576
8597
9941
13704
24902
31992
6609
19819
18011
18887
14458
30312
32699
14046
722
19146
12186
19054
24533
26859
16636
12611
16302
23705
15232
4936
11819
14270
2428
4428
26991
7744
25679
20486
20711
18727
23283
13399
16511
17662
9938
13520
11285
28539
17115
25716
3885
30818
30932
6847
1255
27046
22770
23783
7215
31441
20391
27745
15412
13223
19899
7847
11547
8710
13982
25145
6388
10001
2301
5345
6381
8078
30099
3900
8901
27531
22594
2422
27268
6472
18274
15701
3178
14161
11609
27001
4901
4587
8299
6626
11847
24497
27860
22962
11510
8575
1300
12852
4325
14735
19595
6942
19844
32226
28741
16403
1908
18914
16919
16236
26686
21317
18923
17976
23108
17972
344
11649
16632
27821
28022
31954
331
25894
2800
30197
28265
11379
16474
3585
28323
32489
19141
30613
27820
21700
22673
8798
26889
32198
18051
21471
16323
8225
13079
15729
30303
7831
23576
13192
9743
10720
31341
27193
22058
332
4150
23289
23258
9897
23832
14248
3093
2407
27860
3790
26830
27898
29727
1316
31340
3712
28590
18518
3195
19876
14736
7943
3233
23746
2240
14869
9940
15436
3835
11039
29131
1388
10447
9285
16306
18410
21493
25903
26402
32593
24544
31057
6224
25421
3222
11117
4741
5976
3007
21081
19918
32149
6139
23298
27892
12540
5753
13233
2990
27320
30406
31885
15638
22221
17634
8546
20058
7166
8601
16544
8628
6894
5392
935
13724
10373
28575
19521
11324
18325
11486
23408
26404
9662
3331
21867
2879
24463
22635
18147
261
20461
374
3978
17651
28345
6296
21974
7224
685
18093
26626
434
10887
16781
11863
24344
362
28385
4777
26233
25217
10549
292
8165
4069
23374
26185
32618
16577
26045
20019
5954
23220
692
2335
14922
23158
7193
31019
8886
12223
18393
27998
28931
4196
24191
11753
5934
1731
24581
7596
1060
16226
6889
5372
9081
22995
18820
22948
1372
16603
6552
22569
17099
19923
21032
595
29187
15181
2956
30440
16187
11003
11716
22203
32145
17101
10509
27365
17477
9562
7346
83
27685
18817
24613
7297
328
30032
8782
28548
31999
24612
4899
10062
23561
16402
19321
2094
25862
18054
26393
28310
13102
20522
1303
7713
22851
19466
8799
468
12484
7669
657
16805
10596
38
6927
20793
11451
10276
13396
23538
27194
13030
13703
12841
8036
7227
20047
7096
12347
17769
29418
13244
9209
20244
24185
12697
23041
19042
3998
17214
2837
1373
29513
23722
27337
30361
12751
8366
32056
3094
21053
18165
29941
24935
10219
9027
11589
8468
15956
12794
5259
5438
14116
19938
6915
11137
20115
29481
31155
28703
31218
13225
26015
17498
21635
16490
829
21537
20110
11368
11816
3823
21169
19606
26904
10225
21880
22818
2578
24935
814
13307
30428
10060
32754
30865
1460
15673
28173
14556
22081
903
11906
2975
14026
6068
4071
20462
27046
21511
24436
18926
24308
29303
4186
31964
13964
22218
27989
26192
7733
17402
2181
32451
24600
220
23930
9039
13684
12291
22926
19639
12692
24291
15991
14247
22782
4146
4892
25149
14574
17812
5800
711
4866
19574
27101
23503
28983
21050
25260
4437
13844
917
15874
25435
32037
15158
9188
29095
24491
937
12734
27844
29074
28794
32504
22602
2723
4765
20427
16991
12283
3085
27219
5246
12732
1716
16869
24951
20738
4747
27810
21687
537
12034
5964
9930
7917
930
27481
15134
7617
3057
6982
19210
8228
14998
2350
16910
28193
22461
15259
12125
12727
7869
5276
28824
1673
24312
32536
31197
12757
9219
1633
24320
5802
10504
3084
536
14934
7016
4097
2878
27934
28836
16078
3473
27443
21373
14913
32126
2529
27738
20533
23614
17672
2283
5036
15519
16592
26380
3102
1288
5017
9964
28433
4791
27697
10350
6122
8782
26698
22479
12803
8590
12075
11658
18685
20066
9381
25976
13144
18207
18505
12604
2880
28682
5336
27102
10666
21019
29691
1206
22432
22272
6708
20364
10713
1637
24341
14333
14989
10355
26032
8736
13703
29078
10574
4714
27260
7044
16996
11983
22939
3963
30658
23338
28261
1481
28686
29919
23743
16018
6001
29119
21574
14286
3472
26156
32226
1169
12222
13949
30622
10639
4975
30628
17079
8927
1264
17165
22514
30463
24150
458
22067
31513
19125
29422
32588
11396
18834
28982
30483
17294
1690
15343
30903
25465
22932
18195
30292
3011
660
22198
22212
11947
30321
27040
17849
4336
20346
14140
18952
22236
13925
17585
5704
25217
22408
21838
18332
26435
14412
14891
1741
22166
222
17677
16284
2569
3623
25227
25174
20100
24575
8047
25512
13517
14237
7519
28341
19281
31314
15037
32102
9506
11384
29131
19201
21052
6309
13075
21758
11532
30500
16134
24086
8499
10661
17123
10140
20359
24371
15578
21776
13146
13415
27506
11762
11520
9179
19496
12756
5515
23266
27992
12979
16345
18038
5985
27015
2769
27762
4357
14617
26857
25858
782
4885
235
2135
16183
13152
19450
9375
28233
9643
21712
20532
27013
18761
31817
11283
17218
18237
26405
10897
17111
11928
30985
11849
22459
11010
200
5465
18411
2454
31201
1230
7564
32755
1865
2140
6098
27023
2922
23123
8992
28495
363
26574
7281
19797
31666
25901
25590
11034
27559
1734
768
14780
5819
12760
26913
3225
23722
14784
1166
24604
13052
32112
14792
17111
31186
31004
32380
21714
3551
8246
7079
4387
15285
5021
23293
21951
30786
2066
9100
7568
666
28907
18845
8392
21239
17163
5595
20340
31485
25617
18359
23124
23363
6608
5898
15850
21008
3584
30972
977
18274
14898
11302
11856
14901
20490
20467
559
13057
29096
2892
8905
16261
20071
1652
13411
23491
30666
15408
30908
27724
691
26156
6629
11709
18646
2202
5971
15754
24174
24860
2355
8186
4142
15588
11773
26483
32123
31257
30284
24824
8920
14461
749
27120
26786
32078
18742
21289
2557
20074
20889
29980
26638
2230
17529
22899
7531
30143
14651
7624
26063
25762
31649
29616
11795
18986
15187
25080
24665
11321
22975
11054
16523
23657
18979
32099
27908
17906
14312
20272
22412
21199
26418
3575
19082
11292
949
363
20085
22979
20938
2131
908
1367
30146
4747
17351
25664
17786
31819
8461
3353
22575
11947
5031
15446
18580
10599
27893
19498
23842
23008
25183
25512
2736
25444
17551
8488
1347
15535
14045
17388
21287
18098
31499
6403
5695
16531
9523
12142
32665
15604
19453
6018
8517
31864
2325
12685
4712
20867
24029
20412
6540
28994
20575
12092
20794
21996
21637
3232
31435
5703
21900
22403
29563
22125
29622
18798
32703
13776
19007
25596
24793
24188
20883
6715
26793
6556
12734
10582
32710
3392
6436
25713
20941
1885
27506
30677
5113
31253
23764
26445
6644
3385
19817
19407
11501
26893
30964
5215
22763
7755
20180
20017
9313
20330
1590
14350
26114
32543
17033
9464
11478
10277
23602
29201
28302
570
8577
5049
28693
6250
9188
32247
7271
5263
25947
27674
15782
25625
31276
19360
19563
6667
29400
20054
18778
12870
8781
26561
21753
6666
5213
14781
31170
8634
18543
13412
23670
15327
1141
27953
18101
11632
21534
29029
16332
4945
2124
6058
10190
24857
19144
5367
2278
15640
6709
22707
4843
23961
16962
29725
30005
19300
9252
4331
2735
11655
25412
15153
3118
598
18996
645
15617
27057
31720
13921
17866
25733
17699
16841
12684
11669
8751
27181
16644
3963
19665
30096
2109
23529
26236
31722
2655
26677
4805
26571
18375
13077
5655
27202
29277
6055
19624
26109
15394
12724
3499
5553
29705
22325
20168
29117
25864
19222
7113
6410
11118
3387
13974
16693
29815
27585
29539
29168
23582
14726
9512
4005
23858
19947
11857
31069
1964
12760
2487
15841
28992
7681
24528
11294
5170
11880
31778
17102
4203
28451
14078
17237
716
9824
10090
27625
26306
32678
12639
7414
13851
31838
17461
28097
15128
19857
23899
29771
18627
31475
9035
17528
19842
31521
11453
27248
29677
8487
18459
25670
17885
837
22326
24280
1477
16115
4919
14838
12870
15906
19672
6086
26621
25029
31956
31590
5536
13712
14491
15060
13897
4351
24395
18443
1553
18843
4828
5487
25825
23161
20890
6507
23429
9475
17369
13657
30466
12026
4580
930
28202
444
22070
20774
17773
3779
32749
17886
25842
15727
14715
191
21735
1541
10143
10978
5141
15863
5268
17891
15543
31078
23432
14727
27532
9701
10319
25761
7467
17024
24409
13622
30103
22781
16865
3039
9747
7265
8808
28271
25911
20662
15714
19926
11588
24588
2607
25413
13493
16574
6220
26771
21782
4342
19659
12256
21529
2931
5120
24184
17127
14730
23422
20217
26548
1643
26690
24249
26006
6054
23853
10850
5783
3822
1464
32223
19465
6428
14563
31612
26905
28279
26734
15944
2983
10290
12364
31678
14165
3894
31317
26789
14046
18466
2619
25909
10154
144
1471
13435
25503
411
19748
17151
15673
19358
14308
16547
16861
7997
2467
4558
30314
6058
13153
23498
16914
14881
13555
12395
31592
7861
12980
7410
19385
5711
4984
8240
23712
29172
15041
19439
981
20294
13110
5517
24902
3662
23888
6634
9065
21624
30295
22661
26064
16607
2957
10721
24062
13771
11689
29998
19065
23416
30854
26917
22560
16410
17181
15412
29119
14621
2993
14299
11745
27057
29769
4950
20197
4742
25443
24956
2388
3796
7399
5607
1138
8863
26458
25941
18707
32313
4436
1358
4784
6920
27444
3847
14010
21897
2322
2439
5678
26773
24821
24328
19818
11748
6470
16800
5695
18383
7045
17184
4167
6234
16187
9277
25465
10609
8496
7917
28922
27250
31453
12308
1590
26348
3620
9312
17968
23207
31039
27761
15638
18148
1783
31806
21017
27877
20246
14772
2940
20912
15134
16032
22762
12049
17211
29134
22540
30174
30583
15218
18267
17790
10541
22728
6963
31916
18624
4856
26921
18297
19340
23868
7583
20112
11805
7748
12182
27582
26271
10458
18115
1970
23446
10178
2020
1281
13008
228
31572
23661
3223
29613
16861
20070
32555
30386
3022
19921
26223
6294
1614
2057
23522
26670
13040
11811
27345
10212
23944
25463
21707
20569
9276
30043
31318
9807
17886
16434
15328
26565
10873
26022
26360
21603
23081
14385
958
5401
22064
32738
5784
18180
2119
31838
10791
11665
15410
18469
13690
20452
22423
278
12929
1403
17424
23094
30916
13838
16255
31405
12372
20666
1698
19985
28930
15967
3559
10727
25040
21319
15489
27751
27813
1032
23995
30848
23109
25003
15500
13084
27263
8461
7532
26021
15529
12678
2663
10696
7241
9929
9584
17017
1557
31243
29943
1591
31006
26216
24254
16017
26696
25730
17640
8425
24573
2411
31059
17528
13346
19653
31527
14738
19018
31271
12975
9771
21546
20931
8040
2971
3662
7238
11352
6558
22282
13824
7841
12959
12722
21829
21078
1334
2573
4115
14733
24303
19464
25844
20918
7245
9128
19238
811
23054
31042
3578
7944
19377
32238
30586
28476
23350
23609
3662
3296
30245
24858
27361
28872
11217
12584
26559
29272
222
24073
12610
10393
7169
28718
30829
24972
12295
14525
19736
9151
18201
32719
25421
28189
21310
25308
18419
10762
10273
30579
18601
944
16917
1583
4853
7315
32342
29158
20126
19564
10385
7971
14166
25652
423
28631
31132
10111
9135
10059
22241
28683
26426
19033
21738
12185
11738
20444
31861
17403
13797
13669
27423
20847
23414
19504
15493
5931
27317
21078
3754
29241
26456
11331
9625
645
28010
21099
29259
9781
3915
18233
202
16184
21753
10568
4503
30498
16525
13782
25161
30007
31753
20342
27000
15045
5200
23812
2521
6584
25974
5342
170
31080
7226
2129
4945
23989
28881
850
16448
25686
32486
5231
30491
11374
24286
20741
7197
23648
25696
10674
23224
14821
9749
25357
2939
2140
12972
1685
12601
8545
5922
24552
20840
31648
6720
23094
11207
5099
20837
20980
5444
27787
29317
11989
31260
5844
1906
23030
19268
31485
26202
25688
23304
21038
5009
29076
27890
1753
28817
15050
31981
28494
23616
15835
426
5770
10353
27864
11843
1872
2220
29114
30494
19836
24114
23123
24085
8595
1340
16516
18899
29342
1924
17073
27777
16953
22534
24690
32163
1767
31752
3979
19260
2216
17752
7455
26169
27598
469
12064
28172
24076
17456
31242
16280
6608
10740
32465
2893
13266
17092
25879
5780
26349
31972
17827
11373
21039
15100
30991
342
23852
30488
16064
3696
13975
5874
20508
10205
8467
21876
13302
21100
582
25977
26189
7288
26671
12756
10295
32269
30906
24211
3096
1101
32658
28549
4631
19474
3639
14329
26835
4053
25168
30665
9809
19663
1602
18839
3386
17245
24577
18007
12867
22185
8743
525
5612
3975
21315
17880
1645
18077
24435
11056
24045
14791
26677
31852
28918
4282
18042
32391
16678
5351
29436
2083
18471
8354
18642
2510
28385
2435
22081
27525
1261
2572
12246
25462
19533
28301
31153
10762
27995
2373
6948
12067
26368
12746
20605
13475
20262
21419
3871
29229
30576
20563
28632
9775
18984
14384
4974
14368
29561
7957
13691
20486
10974
4061
24955
1852
12506
25426
32292
5746
21738
32333
8950
9461
6072
15134
27666
7473
15761
557
16463
10868
25881
21986
15755
17396
30269
21955
16191
26900
32106
31964
13142
29411
18172
8036
12608
7909
20218
27549
1858
14103
22784
29180
12816
31533
17532
30858
29341
12062
28957
7562
30258
29410
18313
3420
17598
18298
14927
20385
26989
25906
21276
28576
2427
18211
8241
1001
23883
4091
5652
22839
16307
11265
14726
17563
18330
21587
9654
24791
8134
22386
17076
15112
4335
19201
16424
12937
29208
2762
10308
4115
29471
10498
7927
6185
30098
13262
8548
7347
26564
29702
22930
20969
22048
2360
23141
27250
9918
1776
22477
16077
13108
30518
12093
1009
13487
26201
21599
21808
13890
23531
30214
5473
381
25869
28516
27454
14658
5101
22909
23819
5844
6284
20699
20345
32049
22213
17283
27593
22178
7563
23337
12596
28816
25458
22432
13707
18841
11376
28052
22811
1507
31973
32123
29139
32176
32218
14025
12713
6707
13958
31587
19513
29859
32535
5975
8111
27533
4271
8394
25832
8814
22188
5170
10964
8065
25900
197
8479
31702
14544
22832
30224
22948
9153
15501
19377
5344
3057
19343
2096
25102
24228
24064
1413
20312
23854
11374
25685
23517
9982
16929
1558
6475
9435
19280
29301
2992
14702
5012
11252
15245
23297
18588
14296
11821
31366
21795
23874
14388
23515
26655
24476
24187
17228
31803
14390
14619
7258
29576
4913
3272
32186
7023
5021
3681
11937
11499
8926
1220
4415
7413
20308
15591
5769
20799
32315
1061
7996
3364
29903
7381
28191
10975
31924
24865
3976
29948
10134
2070
23073
13325
30221
16631
27884
17566
26051
6359
20101
18795
10968
24166
4520
19920
6277
30732
8946
27776
32000
24628
9196
20090
29856
15339
30533
5689
30786
16297
25183
2859
10987
22126
26638
6501
10927
16145
16540
31125
26833
5077
4880
5432
19755
28734
21423
31501
10448
10531
27588
30665
15345
19203
3741
9996
21245
21149
24534
4244
16140
21434
20186
9649
11646
590
19366
13048
8927
20927
14544
6716
7438
7813
16072
26810
8351
5619
25695
7572
13693
20564
4229
13441
5844
20794
22871
18626
6702
25107
17497
25688
4572
31485
23551
20340
11927
11740
15987
29743
9319
18345
2450
10875
5828
7181
18487
89
4091
12078
17597
21069
2004
12745
25791
18447
15730
897
29218
2436
26746
12150
30038
16364
1400
5914
1240
14173
16766
16192
11772
13424
18702
29558
23273
21050
32313
13205
23013
31870
23049
8086
27091
23072
32029
21927
28665
15325
13203
30334
15111
25402
28715
17390
30549
13754
680
3512
14445
12372
3450
24739
15305
12068
32411
11215
18654
23905
4023
20550
21081
24975
4495
20180
15528
6646
1695
2073
28092
32082
20734
17116
2573
29644
30599
27810
735
15401
17974
18559
22980
12610
19924
45
15715
948
1751
19291
25463
15320
7044
8519
17435
6134
7510
10383
6724
6837
10659
22853
19855
24022
16765
1345
10557
32034
22743
15035
1147
11681
24808
13593
16359
21773
20949
20485
15441
13702
30602
12483
11966
391
1512
6593
30131
27673
14374
7280
21424
2375
32625
7507
13050
4817
1238
24150
22173
25893
610
864
7346
18570
14216
17707
13790
23199
31938
18004
30235
11268
14971
16046
8891
26199
18221
28892
25002
3682
28871
7711
11763
13970
13649
27756
30085
13739
28370
29378
17464
13755
30322
24506
8203
12109
732
28256
31407
9438
17894
7489
23626
12949
3444
23493
11125
17966
27545
8639
13958
4920
10752
9539
25109
6016
3211
8888
8377
17357
10041
27437
6163
7373
19277
11505
5902
26704
20397
10845
16740
15028
14472
21237
5221
30880
571
29360
10484
8438
4982
27539
22226
29442
6810
11652
7455
17656
23142
24670
29725
7837
10707
29761
27704
27716
11068
3116
15939
24060
32450
30413
12549
18184
29679
10647
30708
4495
32410
29206
28480
6805
29450
20863
22803
2602
19806
13964
24
31713
2091
2438
25402
2948
18024
16035
20142
6662
21639
25235
1587
24249
17637
21846
25752
6337
11108
10064
5247
29897
15446
19615
18018
31477
21150
6828
2003
6423
8465
17408
8200
7461
4899
18010
5526
13291
8383
32510
16765
16381
6518
22863
4965
7408
10972
19360
27431
8905
9775
5704
11151
32182
18746
30964
27233
11772
3705
21058
24985
17457
18558
23947
1527
11691
3219
767
26299
9528
12449
28152
15022
7183
24657
23944
15969
12039
3440
25428
18361
31751
16280
1190
12971
27582
1805
29117
2885
17300
5861
18280
6382
5088
19052
3795
12014
22107
6598
28576
26161
20693
16854
18489
9287
4134
9055
8293
5040
3944
7529
10778
29015
24419
26343
17555
21340
25161
11158
13729
19734
28580
28712
3398
5209
29836
418
26496
3060
25629
29699
99
22398
3112
29734
20074
23635
8745
28905
5903
21465
7289
24463
12697
21256
11205
8035
27702
27433
26815
16542
18249
18397
2579
12939
31493
28258
13981
7401
31547
530
18393
26769
28016
12844
4251
15193
17715
13527
31744
27447
31406
29540
6308
11434
3962
19412
25621
85
21944
2970
27272
9197
11613
1954
3787
2646
11213
30097
3707
7945
25004
27215
5751
22713
13040
8643
31636
24374
30011
29661
27539
18577
18537
6874
10832
12673
23908
11971
12091
13573
8000
31287
14092
1867
29316
3179
7603
14289
32453
11375
5262
24266
13946
4531
2271
14787
4363
1481
20093
31622
11051
21356
25290
21311
16744
9922
23524
28381
14592
17118
22560
31931
10999
12425
436
28800
9574
19010
31411
3908
5910
18819
17727
1780
6477
14662
31738
5367
3048
29128
28349
17
14250
397
30605
27016
27348
10148
7114
14726
17398
17196
19882
10943
7940
23575
25062
14675
22700
10542
3507
30966
23527
14165
244
5710
11727
5649
28846
1948
27568
11591
9660
12447
28513
8263
25540
32182
3541
25096
15465
14916
9197
24245
8898
9816
26000
24169
21259
3982
8958
1336
25243
28976
30817
5230
3094
24481
7078
20763
3044
17148
15498
13263
8418
9464
11000
17826
1367
5647
14226
20087
29737
28127
654
14466
3665
27344
11459
19720
13452
29943
7939
11878
10579
2106
23468
13141
3854
2485
3706
1900
5765
3165
20127
13543
29079
18659
18198
31654
24110
19676
14644
6521
23922
9502
3456
26522
27453
1901
26308
29051
18895
16215
27492
26818
13764
25180
14575
6802
5699
3922
13812
18957
32119
15624
13847
5143
3395
23594
9315
16476
5169
20580
10210
9108
30380
1226
30315
30470
14448
8056
18876
18762
14910
6261
10953
27732
32724
14302
1875
1198
4636
16192
17851
7685
20900
16965
19225
26855
19790
29331
10121
1483
29001
25329
23749
338
8767
1451
29433
26060
6352
27192
20434
1534
4416
32283
984
25891
9068
21767
511
24624
22275
15430
30072
31836
18418
7516
10701
32480
28448
29671
14637
12795
25436
23241
29957
31546
9876
29833
15568
9974
21319
13047
14127
3358
15932
16911
8508
29495
24693
6688
10267
20384
7519
32046
211
21019
14667
25492
12892
21897
5153
7149
17914
7925
31827
8757
20937
3540
11793
29228
4504
8587
21180
22779
506
30770
5276
2586
12699
10904
6869
31601
15569
10631
407
19646
10099
73
8854
15926
2286
8298
16826
31343
16021
6848
29207
14205
6201
27049
18207
29532
13050
12436
9750
20366
30300
5315
19399
20484
26526
4943
23158
322
18247
30828
1045
18879
11521
23534
9403
27274
5546
18188
24913
29491
6057
26468
7823
11497
12670
29504
25639
16608
26269
8984
63
7670
7805
25688
32549
24981
31212
10594
19262
18395
4773
31447
2368
26360
22820
11795
1185
14808
1209
25846
16464
15875
18908
15082
32674
10433
19136
17185
23439
30593
30251
15391
14366
24443
18564
7289
11806
24725
9006
23772
15639
32643
11796
9040
22912
27443
30597
13246
11058
4456
17987
18864
4125
26277
20950
16217
14138
25932
21798
9685
26560
2055
12105
12978
18587
17255
1690
9902
15386
17099
8715
4546
9192
27780
27836
6240
8509
28982
22476
7674
9557
27265
3695
30915
26146
19681
12352
4793
2878
12499
1497
7139
10019
14138
25505
12759
20638
3328
12006
8320
28801
20992
14636
8222
6041
26404
26052
13454
28895
26570
19872
4556
9202
21101
21861
10678
15301
9345
27074
18195
26005
28062
22017
22995
7199
7649
26843
22680
4879
5008
23441
23414
30395
11260
12088
21495
21521
23468
29780
1635
15566
4535
12457
10302
31730
27250
22350
18449
28272
30027
1795
25198
21545
4597
708
18478
11547
10438
6303
14845
30422
16989
27330
23833
24112
17031
20184
27990
14650
19044
14230
20582
23923
1477
23696
28247
9787
26585
5202
29533
16266
6921
5292
24274
2273
10272
3405
891
9345
6319
20627
23821
1756
6320
32418
24303
6729
23401
26292
8258
19195
18323
4784
2335
3892
11964
12541
25887
16310
5098
20632
32545
21627
17793
9060
10823
22949
20070
15042
23618
12472
613
29282
15568
29191
10704
32089
20098
620
4201
18803
5315
12604
31618
11466
23318
29306
19299
4503
415
2379
19436
5193
29413
13994
30844
18388
9942
16477
14097
5196
22284
25640
20144
25522
18510
2880
7431
4366
19802
20994
20305
19901
26337
14309
8826
28941
9428
2990
28291
26119
11486
26595
297
11148
2610
21377
3009
6820
10886
23281
10343
26386
11359
13625
14935
3628
25232
18800
11675
10217
12541
10356
23015
20028
9893
20191
3265
3744
30944
17206
32484
6644
17380
25700
14567
9866
13454
31847
11034
14459
32608
27466
31921
17469
18630
32339
22052
24439
25245
18301
10965
29715
757
2344
17908
10645
22550
2576
7839
30892
7618
25980
14158
7431
6074
11192
3183
22890
5508
26308
22093
16897
25450
22350
8758
244
19654
32222
1757
18747
4989
17489
30717
27572
202
23432
32063
17011
29501
8545
20574
26201
3587
8934
9865
25320
28007
3781
10505
23637
1177
11265
24867
23519
2222
10470
6976
13920
3305
22082
1355
16674
13369
8914
3163
18675
7170
27387
15762
32636
25632
28858
11845
21198
30762
4062
12124
25406
32243
629
20476
2931
3415
18820
29540
11965
5428
3579
32277
16808
4534
3559
24118
16594
30680
27114
29494
2553
31271
26344
6323
19288
2761
30724
22683
32052
16063
9419
2193
6578
30311
8110
22162
1771
28485
8374
2264
26434
8962
22643
29950
17398
6069
3894
29286
17907
1378
17536
19416
28910
29888
25273
29803
5296
15168
23333
937
26802
30794
15893
15598
1515
30666
9050
9745
13030
7659
30463
28998
13847
16418
32312
15939
8815
3951
10389
30370
21038
30688
379
18823
1017
6486
21973
2690
20012
15755
25095
30647
23665
28500
7203
11068
11154
5924
28256
15298
14219
16594
30152
20600
20452
28316
6448
11308
1597
7531
3181
29619
27435
24153
5061
13196
3394
10608
7076
26816
28275
19892
30864
4364
25497
8804
25439
1602
4686
23934
1448
10477
259
13185
10871
7732
27984
9334
26437
9473
23688
6705
20775
18018
6801
15317
4677
25903
6898
6806
29582
28909
28718
7107
11946
16370
19793
17411
7216
21706
17864
18399
4634
4826
16245
1408
1654
9795
19203
19386
19038
8969
22135
4682
28969
8053
28168
1884
14307
19895
32561
5713
251
22736
20996
19390
14396
2223
11457
15032
13054
29082
21927
18255
24734
13008
26378
31320
24363
2157
10662
17008
18530
13453
26931
17981
19165
948
30522
11255
25479
28782
20518
31271
19283
10802
5790
30127
27950
908
22802
8459
30770
2940
21908
16598
25116
22041
12266
2448
28160
14457
19937
23198
2875
31701
19940
10898
8362
19433
19404
2221
6169
25754
26618
22434
15870
17115
17571
9629
18792
23761
28012
17796
8242
9525
23863
3453
11132
24059
5692
24240
20571
32305
91
23118
24784
12073
432
26578
6391
9434
1385
28807
31873
21892
25812
29770
10340
21651
26300
23441
27857
21702
18678
10924
17255
5520
2103
31307
30118
16319
23081
22849
1958
30043
3517
31623
15113
6353
17858
23172
15918
3920
16823
10891
23463
628
10461
18854
15854
25890
2961
2962
6995
16307
3801
1802
24121
1876
30269
18505
7554
1196
32728
3274
31048
3520
18094
27730
12238
5908
8000
4912
32438
24595
8798
29123
9332
16049
23101
1342
5634
20047
17865
7592
15573
1503
9788
17703
20753
31048
19184
11389
9209
18956
20337
16595
28329
2856
32727
20150
30983
7228
22355
22111
11511
16363
19719
30007
27086
29061
25371
2202
11274
15843
11277
28123
23872
9107
14920
905
24661
15926
11769
20465
11761
16677
21790
28900
5425
1371
4575
14523
29852
11919
31522
7319
32601
11168
27482
22510
25247
5686
29087
26947
24428
13735
22788
19508
11386
10519
14885
5306
13423
31972
19199
20397
1107
12097
24837
19590
32328
26656
22896
13417
9333
26710
23510
4707
4164
29689
11006
12528
27085
15373
30707
28864
29586
2912
27479
31930
32364
15027
22778
32578
22981
12314
20907
15543
5128
28070
1870
14144
8022
29504
14127
16329
11899
30680
3734
6216
24096
15808
15772
2885
32321
1618
11324
7321
4066
26841
1453
14198
19198
4271
3567
32167
16577
9890
30117
7193
28151
27036
8226
18587
20931
14980
4038
19682
23700
8031
27787
17104
19285
443
22747
26102
17124
11341
2213
7767
16326
19417
20143
10350
11801
30546
5166
32371
15817
835
28308
26331
18183
9325
18345
19486
21239
9649
19421
16828
7337
13617
4828
23170
7755
3251
13924
13321
32413
31046
19283
23425
29349
1575
28933
28588
26531
20197
27356
9261
2375
15556
30752
2563
30754
13151
24074
16721
17499
28818
22555
30816
163
9111
25266
23526
362
32623
5086
23689
7251
19588
30321
28063
31718
15756
6998
8504
23430
2992
21796
17758
16290
7662
20978
26267
32303
16316
1902
23484
11093
10990
9513
16085
15976
26841
309
30597
795
20153
13042
14971
10992
6480
20517
8761
4851
27600
74
17688
4520
13819
23084
27789
24898
17801
16306
20906
31253
1738
11260
744
29006
14476
10158
22307
12258
5951
22412
4582
5572
17239
22856
7401
23899
26354
25239
31448
21299
24251
22154
22358
13811
27150
17692
22594
21135
9821
2312
5177
12478
22994
30685
21084
25519
20789
22611
30547
21239
21777
4832
17298
4047
31250
20615
18138
2684
20658
31729
11523
15374
14356
22718
18426
6221
22576
9501
31494
23537
1841
31130
27471
2833
7707
23352
6560
13278
177
13248
18796
18833
23702
9304
22799
11170
25522
26199
28503
11579
1495
11864
8771
12524
28069
17806
31498
11424
17579
19799
31583
10704
718
24851
2036
5622
19695
2614
23613
30533
9928
15004
27510
22935
31767
16669
21223
1959
17663
27746
16743
25728
18859
20470
30751
31029
18740
24480
18576
2771
1989
21745
13272
19604
2045
4889
3888
597
29588
31999
20922
10058
30530
29072
28538
27889
5596
25174
26017
9796
14017
14413
23570
29491
29556
31475
31
16465
26762
28063
31891
28366
3527
5907
13046
14501
22916
26452
6668
9494
13139
28602
26015
8535
31206
24899
23422
4487
8237
17708
31174
28131
9663
9155
21088
16444
28283
3447
16331
5545
15727
14897
22300
14457
22265
13031
15171
18027
3627
14702
13711
30498
16756
25231
14197
9939
2685
5726
10637
31041
9554
27335
11229
10475
21186
3178
11098
22147
14856
10665
28844
27811
3499
5118
3122
27580
30626
2962
17222
12879
4284
26892
25282
5471
26431
6567
6850
23846
22735
8584
18348
31239
17298
6222
19566
1476
21138
21482
25095
25841
26979
13745
73
7336
29445
19887
17373
12415
6155
18495
30087
7351
8189
23001
5803
16566
508
7466
5905
19895
26788
5994
6117
3521
11575
22250
24578
5845
3575
24556
25968
15980
9171
23480
4138
24865
23366
15852
6693
21162
29821
21524
12431
2572
20152
29562
14932
24079
754
14656
26599
26096
4548
4267
28735
21079
10375
29634
7968
21128
16825
6680
6299
23005
9377
2534
30168
22900
2102
16220
7955
16933
23870
24121
1765
25271
947
8602
10949
30291
28522
32271
31950
30520
32759
10740
6851
2481
4043
32767
30288
4932
32415
28693
21138
21037
15126
29282
15066
2315
3997
12456
22190
4824
13974
22999
16145
29470
31159
21471
14597
13928
24748
16322
31053
14071
13060
1005
21879
6583
20810
20680
1562
6002
10610
21388
24157
26178
19064
2901
7352
22348
23363
29816
14591
31915
30927
32278
21404
27563
16267
32241
10779
28472
1024
5759
13549
16022
32436
17213
21093
3154
28494
32582
8967
376
31482
14884
31490
30982
18959
3814
3323
4001
10480
29042
12812
23431
12336
17949
29453
24773
14329
6009
14098
5546
6830
24174
15156
2939
2767
4237
14229
3944
29
26784
21918
22463
32767
7558
23435
4448
17701
31550
12586
24945
2667
4673
8671
12114
32000
28949
32748
19155
6599
7199
3311
17061
31229
14265
19372
32527
21277
6276
7949
29922
11776
11775
23143
1199
6473
31577
9983
23095
23296
4740
25293
24611
25981
17803
23680
7158
5000
549
4290
1599
28606
2954
19644
13075
2871
1669
23005
24250
10085
3019
5847
12969
14143
13451
8683
22192
31647
21830
30823
8821
16105
23265
12141
801
29678
32249
10741
26969
15376
16502
28693
21360
6310
26979
2945
18395
19362
29437
3406
21477
11121
7945
8443
25252
28194
9579
20657
43
12235
12533
24266
23809
14376
7805
22673
9682
17286
12850
17992
869
21215
14128
7280
22222
18247
15697
21060
1509
19590
26950
16775
27638
22279
2791
13183
17082
14577
28104
16194
6022
4755
6157
23856
8387
8709
27519
21441
1950
13836
23775
24961
31232
18495
13690
18520
6337
616
4861
7695
5657
13101
6539
1552
6231
30192
3085
14445
13525
4595
16073
31268
5931
21696
6199
27298
10403
27592
5135
19077
19437
330
31911
8102
276
8310
20092
23127
1457
9427
31246
24553
17759
14558
30706
7794
11886
10228
25378
3532
16092
1905
3479
16865
23936
31514
17178
29222
21385
6328
11863
6758
31271
12038
5171
6337
28808
29645
22879
27892
28166
23886
1581
31963
1183
10976
15523
564
26533
24794
21711
1445
2742
15283
4953
2817
11503
24168
11871
21191
9309
16414
5244
21739
32180
7433
10794
22745
17476
28300
29003
20152
1576
11938
20226
19947
26817
27260
25543
23774
24931
26732
10683
26111
26189
25857
19768
32266
11231
11124
29613
24458
16903
3394
25769
16285
9725
32027
18741
24567
7216
20731
30055
553
26240
28567
28724
8227
10925
27898
11654
3576
7439
23152
11918
26850
17288
19875
31836
30598
25784
25348
12461
24441
30575
16236
260
21506
9832
21763
32764
8738
15412
28514
2268
15825
2932
19188
2412
13451
10059
15266
7687
10507
19
9903
13298
15447
14415
21472
9708
2044
17889
23009
1798
3483
13182
10724
4021
16292
5726
32395
24870
1890
3128
12808
4817
27704
21869
16259
15953
16426
24452
29627
32115
30110
21462
4337
3725
612
32394
27138
4881
29685
8644
14547
7265
6392
2330
13297
31461
25611
29000
10105
860
27583
6180
5430
15983
11236
2260
8202
13964
27656
30782
18063
22513
28474
17856
12541
5895
20756
29729
5711
20722
13304
11976
31905
6758
9369
12076
22749
28860
22205
5772
20886
325
8002
4064
10548
31454
20319
19983
4946
7620
21805
14946
31076
32170
17766
26425
29341
10761
12908
6909
29456
12472
29837
1877
30229
11964
18309
157
10222
25441
24900
18836
21162
31114
26098
18260
4682
31557
23857
12680
5155
9122
3234
4825
25987
710
23466
11689
5527
10299
9334
6404
11916
18314
5692
10707
18933
2828
3268
31827
17517
2301
296
12742
21629
3794
30680
13929
2240
14028
4064
9125
28996
31694
5998
4745
30772
16236
18830
29304
11700
30276
6457
14367
2829
28305
11662
30890
28938
25853
29535
17720
26018
23479
26607
23180
21718
26566
250
30981
22749
26781
22006
30928
19839
24047
28313
28252
12991
20420
23195
29454
8892
31949
30397
26167
24281
17140
778
14915
14364
30264
28253
8755
22228
6584
31523
13133
9599
12045
8546
20241
25322
4061
20987
26992
8090
1453
32556
32569
10859
5111
3672
20692
12407
10365
5899
13618
5177
9692
4921
6404
16371
31844
25798
32299
30540
17703
21579
3952
27710
4944
27928
7286
6959
28599
23157
4588
12894
12978
10798
16903
2177
12333
6222
4400
26285
27133
18474
23290
10613
15473
3745
9046
32086
14634
12707
26634
14931
9261
16624
9823
8924
18231
27682
26906
2548
3921
31214
29358
9363
10403
17575
22448
2633
3213
24579
7563
10533
13812
19490
12661
12501
28634
22988
19362
14606
29234
9211
4791
10031
16626
17049
4993
5921
361
6794
24807
19329
14803
28397
28701
26881
12075
6047
1307
267
21824
257
17230
12200
1291
22780
13965
20641
27968
3394
26702
4068
28963
32470
21786
22824
27037
3790
22078
27348
31887
26712
21444
4125
32358
11259
21153
18031
4592
24607
13104
21007
31342
19152
13279
1534
21482
6335
3113
17184
9674
30089
13252
29341
934
31036
10779
32648
12375
3864
20990
5055
30544
14738
13720
7186
12338
22431
18082
22439
8346
20270
28375
30364
12349
16630
1192
3055
9016
10611
30768
22171
20129
4907
19562
9732
31586
15926
12450
23957
27463
24829
20009
23464
13397
26178
7757
18342
26206
19553
23688
2927
11986
2517
26872
31740
28376
6909
12047
30019
30621
7456
25740
27994
24812
6832
13482
17120
11776
27851
11159
19097
13462
22023
30247
24664
31302
14959
18890
32546
31762
6345
2236
9360
5184
10523
30331
885
29285
17517
4222
18881
22979
31183
24356
32165
6612
29854
21227
13816
29991
6148
482
12762
27243
29630
22881
5015
5066
30242
6135
17102
4216
32608
9124
14802
11403
14856
4168
16976
15117
23756
27228
25906
22095
14728
6624
4548
31361
15743
29076
16405
11904
18151
15979
4769
12015
29609
27453
15148
20361
19810
3260
9969
1717
30381
27049
13820
22363
15780
21320
469
3319
14244
25105
30558
32236
19025
27304
18430
18458
17882
16143
30207
15282
29823
4123
53
26697
17232
804
28897
44
26679
20481
21460
1524
10552
31539
22488
30810
10488
97
8011
28748
23676
261
1037
25920
3636
19300
21149
3016
4664
19907
16510
614
4049
18904
8672
16546
1083
23679
8828
31835
25257
11694
1472
31067
30090
23723
12844
30510
25867
31868
3068
12595
1757
13472
25351
9459
23352
23036
30695
4786
23328
5144
23642
27716
31719
25227
13032
9762
3059
5812
4550
7869
19649
5547
3323
4114
28202
30327
11201
16255
20197
20610
19758
24533
9806
20042
16403
22958
31589
22616
4645
28161
3354
27766
23130
26355
4040
29981
662
19184
25599
13613
21639
17915
10886
7136
19917
15682
22944
5377
32607
16630
14223
10585
31786
20569
24151
875
6907
9241
11460
11361
3998
29404
18606
5445
8008
25628
5756
16500
29746
9525
18919
8016
21639
21692
29697
30774
16512
14355
12917
26800
15309
28474
25616
22507
17976
6888
1664
28011
18309
10459
8540
24573
29340
14956
25189
12525
25578
22886
20236
10106
32516
28440
12084
8327
20365
12713
5432
1683
29019
31660
10032
1515
17365
16884
3440
20766
27807
7082
10834
2482
28026
4252
32566
8469
20837
8664
25286
17878
13576
16506
27775
12565
11859
9922
14701
26681
22371
18282
28213
18145
165
18230
6745
25884
20029
13516
24760
11740
17577
29382
2388
14760
2209
2054
24664
16786
22082
19017
1626
15977
29548
5887
5597
2095
8553
3675
16922
2509
20943
1190
21248
23814
8871
7640
8825
25258
26062
18281
32495
11020
14236
1125
5903
17077
26820
16319
21196
14170
16251
6375
15783
26892
21469
24222
26158
31663
2956
11274
22211
31917
30874
23557
2975
4332
8105
18107
2583
16125
26960
32116
32029
10646
17089
30894
31497
20034
12713
27759
22682
7255
24408
14041
11575
30760
24354
7423
27771
32381
13317
18935
14577
7232
22924
17457
21532
20089
21490
19718
20411
7805
2955
24212
25674
11873
30560
15306
4300
27061
23321
18111
26568
11887
7201
4424
11666
550
29188
23497
11211
10113
30236
30283
24107
10222
22124
14287
23678
9623
12236
32738
9709
2450
21319
30322
12671
25175
31425
32224
26592
1656
12508
2902
27232
20364
28701
22875
19262
364
15691
10405
6951
12707
16664
814
28666
17183
9476
13706
18638
18989
14205
29303
29494
27812
6987
21686
21956
4703
1579
13081
17355
31217
21178
31454
15977
1429
27029
1083
18117
21604
17855
5434
9622
31691
6211
1735
19429
30011
20250
16391
12563
5154
846
31724
21021
6171
4704
3335
13855
12129
26344
5021
7191
32138
13435
23036
13804
31346
10961
19215
5295
15733
25639
14129
10784
2273
4835
23359
884
10666
12919
24049
8533
32608
16263
14186
4395
16479
15182
14093
11162
20038
32318
7059
7243
11946
7654
29018
5872
31755
27161
11008
23938
25350
17741
10289
31693
32717
23617
7869
23599
12245
227
6638
6557
11214
11376
1048
13030
32216
27869
28273
828
10228
16758
2851
9200
3768
10949
3488
7037
31816
29109
25910
32200
20353
27127
1507
24998
11127
13221
13162
20383
15138
16421
678
3570
23892
7761
1311
28120
19694
20948
21211
32269
6484
14807
26231
18061
798
19166
32630
29083
4369
8172
32472
1544
29005
9966
29166
5810
31431
27734
16238
2891
25338
18951
10947
26204
31706
32113
8614
11401
3594
26877
2034
20758
9038
1195
30132
19370
21827
16889
7042
15187
29774
26376
16655
15051
6866
9466
4604
18938
166
28062
11504
28859
8902
19535
10474
32483
4936
17945
1238
3456
1426
1310
13663
9566
27339
21304
17669
11984
12943
10208
14959
3756
999
19791
14594
5272
632
24802
4018
7812
29690
12995
10776
5496
23020
18630
6085
10128
21382
2193
7639
25413
23536
19712
1738
6125
14513
27336
9360
8069
11370
26714
14563
30127
16836
27914
14298
16375
17063
11120
6330
11098
12205
19214
10511
17161
19414
5428
5628
9322
4221
26913
8144
13408
7562
15211
11225
14796
31210
9377
10365
340
14396
17198
30598
28259
21453
29824
21182
7536
22983
10602
24252
31620
12965
22983
24573
30454
8170
23393
17975
11641
16915
8209
489
15194
15050
7975
22583
4098
16220
28171
10485
27586
12141
19493
23298
27344
1003
9723
25303
16780
10816
21401
5983
3592
8140
5686
18698
25288
24978
6420
20253
28358
1073
31144
32588
26297
2071
6907
17290
5015
15857
18512
16928
10841
20325
27399
19452
20734
16388
22465
1356
29906
31354
30405
31820
22000
15880
19363
8796
27654
53
8215
23382
2136
5824
22063
5918
22792
15832
9648
10619
12692
20111
18615
21541
15520
14733
23452
14111
31478
6657
29723
6982
13259
29918
13238
19243
14916
30787
22869
28190
11320
20282
5680
6539
3640
23974
10734
3210
26828
30839
2574
18865
19200
28192
6279
812
22047
29515
11691
3344
14015
18379
31057
18925
12029
10194
32563
17827
5642
23908
12949
29302
28903
1547
29992
15460
2156
24781
32045
26293
8335
14427
26333
26581
13539
15755
29961
14175
24159
26120
17662
17018
18017
9032
31147
31336
19186
1471
8710
12636
14412
8275
24235
14732
15258
16399
2758
31368
29438
19483
27700
28874
16088
25068
12005
19342
14406
440
12165
7396
28903
24365
22875
20483
24549
10850
7025
23008
8242
25870
14581
22527
25617
6136
30943
4489
16857
31918
30932
3744
15861
28538
10058
14831
13872
15762
10478
16517
4656
9103
11586
9187
23871
4128
30347
12883
11602
32512
6378
22908
31555
37
13513
1844
20578
16187
12408
3221
27948
8016
13592
14163
19802
16081
29369
5452
11550
30645
28607
5729
29609
12280
26506
133
9968
3659
31830
27155
19632
26378
16479
11877
23727
30062
23113
4258
10310
13572
18624
215
23324
28509
2396
14154
31028
20999
9927
6667
32298
8381
29217
8395
441
22491
27555
10993
1409
21269
7811
31723
20487
19559
29720
20930
30974
18255
16959
18930
2757
15419
6397
2168
23856
6205
4966
21804
3467
25862
12221
9041
14300
11538
29404
14187
21865
28704
23254
24400
25722
15333
25820
28802
15712
15617
10845
188
14518
23602
22897
3275
2791
15304
3192
415
30961
10585
17662
23458
19048
22453
3555
20553
7357
29980
2232
13800
31680
29103
27243
7626
25444
2597
11047
21633
3778
27327
28022
15483
14433
32382
24745
14038
12213
16019
8825
3701
26597
5655
25582
6484
25554
11772
21888
1048
9044
13636
7805
31723
30150
31088
25514
10886
21958
25404
8493
14479
12854
11145
23466
18982
18566
23707
27821
10683
29750
29572
28232
5410
6038
13792
2557
24809
465
4035
11997
26089
30249
3568
29426
27931
14468
18508
9179
3501
17192
20626
19126
12629
2499
31047
10051
13030
28078
2289
26181
19233
18290
11652
5932
16333
10636
17437
9458
2314
16493
18674
22083
24802
29637
905
6368
28961
11521
17193
7237
4966
26386
16271
32650
22395
27505
29153
5767
17378
24672
31208
2619
1200
3186
25465
22639
31903
29517
24628
30358
27742
12207
18802
7160
9259
11951
32376
30479
29604
12358
29425
21041
19418
12557
411
27504
18344
8520
22336
959
3651
3364
2536
26966
17425
6717
12365
343
32191
32355
3471
5297
27022
21406
9513
25668
8941
28015
19236
18503
25677
4953
1162
24295
2865
17568
19486
3633
8836
26961
3914
23858
26416
5250
30553
26717
31468
15323
21222
29997
14677
2134
13204
26891
25409
9282
5120
10097
5200
10894
6644
6992
14020
6980
18654
28591
27026
31060
14464
15253
3256
30099
9192
9514
26578
19203
25763
16409
7912
12373
11822
11064
27019
684
7597
12651
16416
3492
29151
29126
29563
5267
32594
21233
25264
271
13523
17873
17189
23216
17449
7012
12012
27670
17155
29165
27984
14638
22574
32082
10670
10930
18699
11970
3207
4847
31553
32666
27346
28619
16047
25482
32663
3590
29605
9716
25529
29120
24915
13972
14356
10300
20609
10598
13767
26339
16001
28100
6355
7052
15458
207
6374
20986
20071
7953
25713
4774
24503
14689
20992
7871
7766
12550
15307
11632
21332
7967
14728
3681
2885
11074
11396
21888
8945
13667
20978
29697
3148
22263
20355
25251
24488
32602
28215
16694
3369
12142
30578
3930
17017
6278
26706
25225
22718
8834
28480
15704
24265
7483
26565
27641
5008
8481
18591
2565
25823
25378
14357
5496
17994
32718
14983
13054
29798
441
12105
1901
30777
10017
4018
19090
32494
10961
9327
30512
22989
5189
9501
15430
14955
21263
30232
5009
32542
10618
30861
8530
9140
10860
8407
16721
10853
20113
18184
25890
4357
25781
26053
10151
9855
24946
15192
14806
21630
21004
256
3260
12653
30361
11403
23746
28322
18277
28711
560
30422
27028
27766
10991
20697
22281
18656
24979
6787
15751
9773
1433
12270
22806
8019
6380
21218
19881
19596
1710
26257
17405
31916
18230
4997
19908
6322
1365
26582
21763
26013
10462
18336
6841
6273
27237
16820
2241
28889
21574
7310
23289
19743
21738
12168
25508
28058
17989
23629
28429
22904
3747
15503
2670
6684
16037
22525
12815
16569
20614
30319
10930
27168
27811
25188
2607
13526
22331
12207
13148
23914
27507
23149
18735
29957
18333
21050
23847
26179
3769
17829
23783
15425
25404
16865
805
24568
32529
31421
20418
16329
3294
20181
19258
5464
9864
23562
6463
15774
7417
14385
7841
22330
27937
8712
15985
6920
1594
15982
29286
8949
17745
13779
17023
4882
18946
17901
24554
22759
2179
7084
26405
29961
15588
2417
3427
751
9108
28027
15665
29441
6952
23713
26201
10994
4952
25927
1287
80
27978
32395
9258
16729
12564
30655
24349
16401
15484
31772
9863
5009
20225
32436
19584
930
5920
8873
7157
21130
9424
29597
32589
22822
25935
617
31308
10553
3104
14866
31544
10756
3413
249
18235
25367
3338
31313
1545
26982
26674
31702
12482
8863
14998
3004
26650
21179
1562
31462
30135
10196
24386
28505
31963
14390
17142
29424
7746
9912
31106
23121
4942
24909
10977
6175
1121
11734
2107
20594
7818
31034
11948
16516
11365
7353
10055
20141
13884
3453
10331
22161
28018
10866
31732
1432
26402
7256
12197
23454
27139
31767
29061
9196
21391
13138
15992
31335
22628
19262
17840
12552
9194
7605
9587
10636
6966
7302
25886
30573
18222
8976
20586
24080
10734
1551
6126
32576
875
21941
23269
19931
18774
1533
32306
6347
22084
28988
29857
16952
5131
26872
23664
30460
9583
18686
5646
31320
21246
16559
14370
23013
16184
18075
1231
7629
9715
27217
17462
18746
11006
30836
10301
16143
31749
9490
7567
24279
18868
12338
11749
28154
23583
14508
22403
8503
18018
12606
32261
23118
32132
11227
22619
28157
22178
28486
19
1582
12361
2784
1494
29807
19235
23743
12086
2210
5590
15871
16807
16374
28713
18781
32458
24598
10601
28673
13810
21152
15883
20636
3809
21720
6290
1203
29138
20382
22963
22587
12477
27549
27575
8037
21974
13766
25890
7867
15190
26621
32402
14700
20607
10769
8169
23012
12250
24306
18606
18592
27332
21022
22449
25921
11816
22877
30190
30175
9358
16046
10420
159
14677
1665
20231
25480
8508
26150
3650
7826
19496
32390
29185
1024
9249
12049
17213
17136
15773
5367
23225
49
23809
2715
29341
29012
30053
15173
15201
11782
1175
7958
14317
11165
28771
29506
9471
5872
18706
633
28620
108
5425
20902
32746
3684
2708
1244
22637
10665
22682
4237
21585
22619
26545
2814
536
15102
12829
12791
25267
24528
6646
30911
4006
24666
24688
12872
3176
32070
8800
11174
18184
11376
32251
19141
3094
19776
17888
1372
29121
30518
25945
17437
32317
5830
23005
1583
3432
19559
26074
22749
14764
16871
24754
30608
19495
27137
18435
10234
30729
24113
30252
9877
25918
20167
8717
14156
20046
14651
3086
11895
13697
22720
31842
1549
30022
1307
30349
21269
12245
29622
17955
12126
25108
3824
18643
27504
7607
22456
6565
7362
11948
1370
384
23598
12214
22424
20719
18593
21080
20221
1828
8727
24052
16238
27198
4295
10804
28930
29895
27802
6313
17172
15489
6370
20914
1430
13922
18505
18592
31911
31709
15623
19223
17000
30051
22873
8119
31500
3626
5166
30716
3887
21805
9763
14691
24681
12148
689
25039
11298
32661
29093
2858
4264
26235
23761
21071
26750
358
9730
9512
28664
18739
6450
15379
26884
30430
20222
17035
12619
4421
4954
29444
32377
2094
9347
10774
13528
140
24117
13534
3108
13822
9503
24226
30363
5529
9876
435
32339
30183
16515
8088
3280
4143
9641
17512
20694
7927
4613
14712
13948
17864
9100
19254
9602
9777
11039
9813
31204
17934
2490
4139
27311
11019
28142
32343
21268
20323
1425
20902
4539
21486
30644
14392
29274
4954
15061
31454
21893
31416
6998
14791
2760
19259
1582
23644
4339
10557
27615
14440
12469
7299
20392
13436
9580
26050
22267
27026
18492
19810
27953
2032
29022
20353
20349
847
955
18747
5406
19005
22202
2857
2009
3264
29270
29991
24743
22076
20851
32603
15531
32406
7794
21619
24166
13978
7683
24877
3886
13210
15418
32029
13532
15960
28646
4267
28614
10535
26654
23643
21741
29004
14364
17745
6263
4010
30031
19220
15455
15519
31659
2706
5995
11049
19524
29284
18526
32589
14875
3156
26991
953
22839
28
6139
25256
25592
13169
9335
26118
2729
11072
32424
724
24916
4664
12822
13263
24538
2184
1726
26444
10306
8426
6663
1127
1874
12000
1015
19292
25436
19005
23719
5429
3419
11240
13812
13990
10303
18397
23928
2613
6788
18548
31417
26013
15881
20198
23967
32373
16928
7437
4396
525
29665
3179
1639
25753
24773
30318
27545
11153
1904
29170
956
14167
2765
2568
4657
20507
7008
20982
11953
31228
2776
31359
5510
21615
15844
19556
18427
2277
28744
11306
4369
3240
32560
2846
17011
14854
11716
27031
15788
1202
6140
20091
7576
19815
18358
22532
5144
6350
8198
18884
20490
11682
4813
15335
32633
24082
21645
20409
16912
103
635
3432
8149
23270
28374
20234
22548
1784
1912
23777
7320
3976
2731
7902
3361
20141
32317
1893
1811
20105
7383
6992
7532
12657
11658
15158
19704
25933
31147
4589
16584
9794
21729
19533
15072
5263
27516
32311
30000
25013
19208
22742
3782
22747
22818
5669
22849
18032
11403
15794
6793
786
31867
9889
5821
9647
6712
23283
30317
8426
10470
16393
23818
20416
1953
10339
17306
13675
8649
12974
27568
29830
6557
6654
32412
16755
268
23384
11487
21498
5319
21619
25058
7218
11675
16319
24551
16037
23550
12711
22591
7087
25064
31507
21437
26151
32484
5426
32620
3393
16998
31350
12669
32179
22623
4320
14979
32279
1039
2429
22243
10897
15642
22833
21637
21425
8927
11955
16592
17563
14853
2521
13014
13413
10326
22550
1483
26304
25297
14913
6076
16347
506
22423
24701
20356
12405
25092
29924
6033
26579
12190
18996
4478
28588
3442
19932
14167
21230
12164
9570
5080
16244
25105
10906
7636
987
24599
30747
25299
8081
29464
6643
17663
6446
16410
13978
20545
3848
26098
17445
27303
13825
20674
7612
25609
15012
26305
3406
10476
14449
29242
7555
7334
15220
27864
18419
24259
29
4128
21397
32680
25931
20287
30586
26742
17578
7686
5563
31281
9535
10547
8880
10274
31809
25586
3170
4473
28715
3747
13891
24119
21007
6878
23837
25419
16685
4276
30537
20987
11460
22840
25889
30342
10280
4671
1463
18952
17685
20323
968
23453
26691
27726
28395
21705
19514
21557
29966
7448
9832
25250
20515
24833
8817
16759
15383
16
10182
26672
2308
9797
7545
8296
7591
5303
8272
13214
32276
23932
24344
9786
10920
5837
4411
9163
27456
18790
15253
147
23208
7724
14212
29765
18007
3858
12350
29197
13913
7997
2664
16849
12684
24167
27108
16055
4623
15233
18922
24295
32248
27292
23386
26770
22597
25097
7504
30771
15894
12991
25593
15380
25625
16382
16806
2324
26693
6706
1567
11433
27595
282
18490
8225
2377
20777
11692
301
31553
24621
25886
29599
1739
3374
1668
20595
32390
1945
19882
17932
29140
4510
25359
19905
23623
16854
9975
6808
26966
2089
12988
25937
8277
31215
1125
14759
3236
10581
2169
10450
13862
3074
30230
1360
32244
13563
12605
3045
13139
26052
10096
7649
29924
15049
23167
28833
12827
30460
3487
22104
24818
12990
18620
1040
15327
29187
9744
30955
7171
26033
7669
27311
17316
23626
17655
23425
11485
9675
12334
15601
12436
28372
29643
17463
6573
22280
28656
21436
30845
18103
24517
7645
19074
18363
24264
25835
19025
26015
22628
31862
31695
22791
5574
28619
18596
587
24044
29115
16621
30566
23550
31134
21553
10511
16354
12696
5783
25381
19723
6683
26198
11344
19345
1709
1388
18662
3975
22508
31635
25867
2697
5839
21617
10781
7060
21806
3599
17231
4378
30597
19340
5523
4438
19445
8211
11966
23774
4747
1546
12262
8055
23237
22156
14095
17196
23122
21786
3079
31138
8474
9101
5263
28582
20094
12879
21435
24328
11233
203
30876
29356
20583
16930
16412
12510
12796
14880
11816
24550
18329
26222
25109
6364
8386
18441
2620
31934
5716
24818
15080
16320
30845
14888
11379
32483
24076
1491
9387
5065
30955
12738
3962
23240
5097
32279
2759
7997
7613
27713
27031
8739
25928
6699
29304
28388
27419
23987
23839
29294
27705
13406
21328
2186
2590
23370
30974
29545
13312
9060
16308
29056
13652
21978
2355
26007
3476
15572
23901
17692
30016
9311
14161
16572
13347
26537
11736
23349
11479
24180
31488
25189
16779
16069
9990
32423
30212
18140
23161
19552
29410
17257
7069
13269
20005
17917
31502
29504
15599
8127
29605
3874
4747
29792
415
7386
12463
31057
13564
7031
19710
13619
17190
20171
12241
21391
23507
20672
20535
24775
17708
19696
28987
588
815
6767
9317
32530
3666
10219
21891
11329
23913
28152
17320
4654
18121
23461
2934
23945
31918
29011
9881
28888
10458
32199
1172
10787
27519
12669
8384
12529
16735
31807
14737
24692
5426
26871
3356
8705
72
27586
16086
19395
32367
22085
19103
22447
6423
26180
10495
1722
19892
8816
2223
17482
13156
31105
16731
24043
9170
22405
25510
25412
27482
9592
2671
16969
17518
26388
20818
29618
8760
27370
5234
19371
3712
16562
23926
17101
7889
27104
8658
19277
17623
30840
13896
1651
32268
4130
7086
28238
9876
32129
2289
18343
29540
22465
22106
28723
22442
24687
11792
23820
22889
5518
9695
23906
6500
10727
9783
30062
4670
22432
17016
26024
21215
16656
26220
12858
14362
21458
32021
16052
27020
25112
29866
20993
7623
26178
17372
5786
27056
9392
21597
27385
7973
8148
30371
5713
32483
4747
17130
13692
16807
25773
2936
29749
15508
19938
17444
26247
9429
6840
793
5765
13955
18419
32472
6716
17097
26661
11644
17894
26950
1918
26946
20065
178
484
15944
28639
29381
32582
17813
27870
3924
2606
12634
31067
6846
29846
28279
26178
7046
32509
32577
8490
11073
30138
29571
23615
20147
14479
8643
29311
6453
24705
1478
23594
8025
30695
26710
18291
31953
30914
13378
10620
29069
1356
7335
23425
23076
3796
30830
6228
1909
24264
30486
28169
14734
13844
4787
30706
16845
30378
25399
29902
4164
2914
14065
3389
12386
517
5203
24183
30928
2980
2296
7486
29338
22319
27110
25873
15247
31299
26896
1955
26602
23618
9247
28811
10034
22441
4209
28989
12382
1438
26722
2361
14653
26569
32203
32386
32021
25701
5577
23122
5771
18583
12736
7692
12482
17662
27039
17522
21447
6283
15205
25368
20525
23955
29668
24
3572
11554
5316
28680
17072
3219
23500
20521
21222
22877
20317
28897
25274
10032
29759
17516
22983
17473
4257
9678
24143
22498
8282
3084
2964
20309
24181
32155
26501
3298
2029
22553
23453
3367
15285
16443
13577
30384
7163
19975
28681
18375
5294
18755
21144
5773
27454
2605
6735
5962
31651
21100
16775
23810
18080
12871
8126
2121
13641
19989
26940
22615
13763
6132
20981
21087
5451
20926
22450
29469
15225
27449
30572
7855
10950
4238
20984
17061
27213
31997
1002
24155
15566
26062
13491
25991
18680
4491
8460
12558
5864
28524
9368
29212
1773
17171
1732
23411
9614
14457
3827
29955
206
29737
9176
19899
25262
29612
31266
32672
5364
21060
5727
14876
4651
17885
9754
18072
18411
26688
29767
15181
20058
8330
31970
20566
14579
16604
25554
2826
25734
11349
21267
13194
26240
6461
1044
18582
365
17283
30814
26021
17083
9066
9591
20276
11713
31871
6150
6494
6144
22734
21047
7341
6824
17493
26977
11568
15710
23737
9959
18381
15932
2360
12380
10713
6937
28383
31466
1766
16395
29949
3572
20700
32555
28119
22778
17996
13720
14237
8381
15104
16831
27037
18340
20183
11993
25015
30047
1744
14772
17937
25034
31844
4791
20236
18196
5913
289
28022
16160
1108
19345
8449
4139
24942
2507
4851
11440
19467
17337
18720
27272
19623
432
1301
13654
20338
12789
9111
16418
8030
1920
4172
31300
6006
13823
8631
19332
32369
12062
29034
23423
16519
17670
1142
26701
31619
22051
22567
28768
4378
26155
9966
13231
13179
18524
31135
20500
8231
16133
22748
31987
32003
13383
13009
10781
2987
28701
18723
1524
9994
28570
15138
11983
16168
16754
70
5024
18242
3004
26329
18388
18976
7926
27377
20090
6307
14922
31137
8360
18078
25871
29808
29466
27110
403
2314
32541
20397
32024
12598
21163
7179
16668
28424
27608
2014
18910
6488
9069
12500
1565
19571
10962
12230
25635
21263
8497
26952
12290
7045
984
19582
10014
3386
32223
29745
25835
21086
23307
24097
3320
27098
8691
11421
22061
5507
6497
9810
23377
30868
15611
26721
21710
31323
25891
32436
8121
16690
9755
22161
13837
22961
10861
16239
31799
24098
3210
28169
2008
12853
29617
13746
17350
9974
30738
27624
5460
6907
4660
10795
26323
27362
6548
25104
15192
17915
5775
30609
12224
15169
27521
21927
3314
4751
6447
12571
20324
17936
8802
28056
18401
12280
21205
22790
14729
16497
27985
12563
6425
20440
1303
10002
20844
24874
1662
22025
12610
26809
13021
24325
26177
27428
5035
8113
10553
2181
10469
14119
32684
18412
22192
19718
13966
14093
22080
20165
31305
12853
11768
5959
12292
26755
29907
13487
29733
28756
25858
16501
25108
32767
471
32186
2370
7875
21729
12760
13163
25085
1625
27454
24600
2718
21692
10875
6503
5853
12218
8600
1550
7209
31311
32171
23710
32098
14384
28329
7173
20808
10856
24956
11607
3380
8003
8277
21198
18438
31083
19780
2063
10590
12881
27398
14254
22799
23502
26654
27125
720
25867
24615
20705
16949
9886
1896
21870
2782
31221
29865
2580
24815
24568
15685
9874
30143
31466
6017
28906
31957
24464
30492
14253
19728
406
22567
16760
8741
16174
11287
21951
4687
20474
7449
17097
3137
6956
7077
1276
29024
14572
27222
29531
8239
8954
7161
5453
778
22676
14308
1440
30488
31130
30857
1741
8059
7408
22602
11390
30921
26148
24719
15949
16576
7760
28438
14287
1589
21570
25995
2513
30030
18395
30553
225
13297
9397
2495
29969
25212
20488
23078
9975
5303
19919
24242
28152
22279
294
5399
7111
5092
19447
13230
14632
28044
20949
28872
32762
24569
25128
21570
13940
16145
19851
18265
20399
25886
10866
22208
30052
9597
19728
23280
24312
22426
30328
31424
6581
3612
32514
15413
9819
20060
32752
6043
4055
23580
16465
16596
24402
28022
26918
6897
4461
23314
17604
2559
28875
8348
3449
5923
31185
16757
3954
6890
11177
26025
8668
25050
27277
17186
15178
32589
22338
10011
9559
17023
16354
13271
5004
485
3551
9874
8580
12480
21829
14776
31821
29427
26943
30549
15122
8977
6621
4044
10999
32443
32532
2253
4677
27945
29959
22657
11975
5126
11652
16647
29556
11905
31442
36
18765
23201
14250
10038
22409
20696
28803
12138
5872
14812
12819
7727
13445
5810
8466
19947
1895
28427
16193
12012
7673
14804
427
5281
9793
13321
7210
25354
13710
6602
9774
12397
13150
30128
31930
12107
27518
31329
1455
29842
2931
6754
14413
28180
3865
21037
3831
7480
24714
22660
17974
27119
12097
10500
3329
8682
17024
7421
2620
30731
19182
1665
23422
6169
30597
443
28951
8887
20907
28802
27474
9623
9375
21550
23799
25579
29719
31147
5908
796
17960
11212
25085
28607
17509
24545
18322
3781
30795
4235
21184
3825
9949
15055
26699
28304
3979
12650
7370
2404
4696
14948
11251
17121
316
10984
29976
8348
8391
30035
8434
26880
7176
23947
21662
6722
28589
18322
5605
19864
4203
21595
17600
23206
20641
16604
19995
20281
18744
15204
31706
3896
18893
9007
1562
12504
5138
26168
18873
26894
26225
29006
18456
7242
6643
26218
21535
26466
22369
3392
4226
13516
10153
12820
9027
12817
25474
26319
17017
14718
18003
23122
32335
1053
10321
14858
27727
14308
9192
20932
6113
9771
10845
24003
23566
20068
19377
17168
2698
30982
13768
8722
1010
32458
11979
30558
9554
4122
3786
16080
12010
4294
31910
19675
2098
23546
29230
21021
1307
1133
19336
15671
4248
25818
26067
28379
24669
5300
4362
29735
5606
5398
22827
15153
28860
18937
27289
30179
30196
5033
5567
7945
12536
7290
13815
21928
29066
11958
32682
657
11013
9947
31160
31799
22758
22019
9754
7358
3212
26788
7622
32340
2108
9593
9170
20932
2920
6336
29661
840
13361
32678
20395
8607
6698
2048
4111
15200
1631
14395
15630
9870
27798
5014
28993
26220
2516
20110
3195
9107
19491
10138
31148
27201
26515
14361
3077
8948
15487
20873
14173
31032
29457
15097
10196
9405
28680
25281
31926
18604
1721
22640
10914
23867
3156
8966
18667
22400
12393
18276
20030
898
16043
4864
133
17558
11763
32477
7180
12265
8328
16059
30178
13657
14749
20619
7555
19081
27675
8229
16819
19508
9889
4925
23725
2497
201
4499
27517
12056
19886
23915
13483
181
14251
20541
25113
7674
18789
20397
29230
15818
2059
3773
17460
6483
732
28482
17407
31019
31722
6037
30928
6303
3614
4234
31609
21320
29821
32678
6081
20703
22185
20876
7433
9041
16043
26809
8752
2838
7151
9329
16565
21951
30608
21497
2843
2767
15831
27143
17042
23244
16638
1143
4051
1174
22841
7231
17228
9463
17911
29093
24701
9338
13412
2224
30882
14209
3891
18908
6290
9362
31644
6929
19943
17650
10144
1238
1887
29557
19860
14275
21634
23956
4317
1588
18565
27328
6137
9797
1135
11766
1983
20474
11386
5524
17383
3005
19644
19819
6348
17678
28934
1813
12913
30070
29709
7304
1218
31676
18887
16620
2333
29532
18712
13226
29969
8245
14510
10694
20070
17026
9002
24942
93
26379
13952
5075
22072
1949
12960
14647
32509
4023
11094
21319
32376
6534
8558
12716
12159
30483
14109
25821
15226
23484
924
21303
11042
14817
18966
9295
29832
10463
6084
30343
10841
26434
3415
4831
12385
19766
22422
4878
6479
17215
6984
11730
4536
4394
22612
7556
31838
6468
2087
21743
9137
21449
31574
30306
9366
7839
14980
16644
30312
13636
28295
26728
13372
25862
5062
2657
2922
20850
31973
14104
29513
23822
26789
16219
4665
2635
12037
15672
29671
26805
18862
2763
29900
25197
15245
6996
1783
32217
7106
27276
13325
26522
18361
30266
142
22718
150
30209
5209
11575
30679
17788
19571
16012
3892
13453
6660
22223
20426
12785
21154
20431
23673
1048
21970
12942
25483
1076
11212
27382
21398
3985
383
25543
22435
8996
9685
7892
24207
21862
27704
7535
12722
8803
6229
11554
24255
15885
14112
27808
30955
24791
2328
7418
30034
17023
25036
4886
9878
14123
8350
23902
7113
8888
9927
29109
26253
13903
28315
30639
3193
11321
10254
769
10175
30196
32376
21046
31500
4230
27541
26020
31920
29457
15312
671
7423
19368
10177
30444
19447
32353
9972
12408
547
6827
24556
32074
20670
15074
22887
1975
15644
545
20708
25301
27462
11352
23139
15154
23525
25758
11628
32709
16737
21960
17234
5924
12361
10554
10937
29944
12022
26621
13398
9134
26731
29202
23798
5744
1664
6
6338
22356
30528
25287
25537
26067
8591
30134
15262
22908
19728
30461
26284
7401
16709
14883
11303
21747
24568
26846
25021
18466
16090
17960
29260
23143
1131
10132
16878
28942
3097
6371
4915
21230
5548
24018
20909
22755
993
17975
26034
638
28245
2124
30045
17146
2725
5451
14038
6770
12500
7227
14291
20306
32493
12041
15967
23564
24553
15834
9947
25868
31186
23712
25410
19181
18217
1771
32689
11501
24454
22019
20518
28574
13182
23859
11143
7135
16329
8295
22503
10763
31652
22778
3078
3440
1653
31945
10774
5123
22702
15244
6085
28241
31731
26214
22391
29625
3711
30138
18131
30425
5572
8513
9858
15942
25681
15961
20275
30080
5881
22688
14307
10789
27954
14530
12635
10596
187
19855
31482
20917
8322
11089
5300
11463
21188
5468
29275
26042
17014
17894
29725
28559
7140
26649
18511
28637
7320
30823
6761
16837
23165
32542
13137
9511
1604
22844
28380
28182
11527
900
10898
18570
15660
7121
4529
25685
21133
3243
27253
7513
3541
5912
18583
29687
31533
11956
18707
27083
19481
23556
15151
5782
26780
6408
23225
2427
7075
23567
32656
19055
24225
17615
26214
4075
2166
8117
30403
31971
25493
13178
10829
31484
28518
3319
31048
1274
20713
15674
28761
30071
13981
15833
21391
11739
13216
28550
29347
10632
22039
26340
4735
20821
31952
31642
4094
9022
12326
19877
8179
602
549
13554
20588
17165
14831
20268
12088
18302
20062
8147
14758
16459
29675
30350
31120
25980
16847
4034
29592
15286
12904
9059
19122
14769
733
22026
15587
25068
13829
16456
23880
9376
16005
59
12121
7666
5177
2398
1903
1132
14550
9893
21636
23470
28621
25290
14138
16225
11634
19169
2591
23149
349
16179
16176
24172
16
17993
13980
3934
28635
5703
29386
14238
15613
18556
19868
6165
30988
27446
4854
10413
27031
26075
9338
15624
27145
25397
2710
24947
9424
13838
5825
1045
26559
27645
31489
15980
6065
639
31409
21243
1904
29257
6273
13116
13781
1245
26046
8668
14128
10332
22228
17703
19945
13723
16657
15810
30312
23672
26027
5528
27187
10863
11781
6934
24150
24424
32046
31899
264
1235
15018
14378
31371
31479
31350
13155
30036
28807
26182
4017
29036
30839
19473
3780
26390
12813
30159
6978
31922
14139
11906
18873
21473
17708
6259
26073
12778
21277
14526
24544
1885
2926
23568
11861
6902
23289
14512
30713
23491
2722
29116
6651
7817
5935
24502
24171
19045
15195
16959
30449
14511
24613
16161
4031
19491
26478
21139
3780
835
1219
5305
21282
2551
6264
30827
2275
3703
16630
26423
25831
23914
5717
24233
23841
2384
17454
29385
12548
8477
30122
23014
22071
14886
18399
26002
7568
20801
13917
3310
9280
18216
13827
27688
25931
31775
29208
23873
32572
20183
24471
3604
534
657
6857
14228
22925
20614
17177
23125
10102
10375
18725
9294
8829
25825
25361
25565
19734
30083
6944
11275
6326
18019
11397
3602
18754
25885
8822
3100
11464
10717
28035
10574
31597
26496
25382
15109
29606
26358
23451
24415
1707
12779
25073
15614
10537
28838
10850
28680
7223
24369
17120
18546
17036
7610
12784
15743
21999
24633
30651
14979
4334
16723
9570
10477
8403
15486
32403
23428
29652
4967
22874
16113
14218
8849
12345
29566
7077
26942
6778
13341
11485
18578
7876
11948
23596
15862
5101
12663
1594
7355
1039
20991
3865
2815
17886
28922
26162
17877
16440
16282
1663
28832
3070
10770
18171
29632
26659
19287
3927
11889
13314
20003
17647
32751
25589
24384
1020
27615
9251
5379
30987
24042
7577
28695
28334
20651
4509
22907
25457
23499
16190
16846
15375
28010
18224
17867
26086
12993
471
31760
32169
29702
31650
20515
20053
26512
2970
3766
15462
16444
14395
1834
29002
31503
24194
26195
23318
12317
20295
11899
21624
27305
22221
28841
2284
19597
25240
11043
26931
221
14718
28977
17410
16839
31233
16420
22263
30141
21212
9623
27600
10199
10716
6901
21983
24434
9457
14907
25529
6942
18821
12287
6447
29367
9740
3762
17791
9425
14813
26402
18891
4953
3904
19010
9161
29562
15304
6190
4285
13502
15075
16490
23716
25462
22191
22378
12722
2651
4879
9560
31743
22389
20223
4625
13694
2108
4132
4721
11822
24830
11431
31440
9364
13184
18244
23244
17000
14568
20894
17993
20879
17114
2262
12215
15689
2018
8283
14228
13228
3858
3844
5425
31569
32492
12892
31928
20813
21378
15421
9838
25442
16347
7840
23350
14967
16025
27059
10839
10566
5593
20524
11390
4949
21083
17885
30727
8231
32227
27785
10872
11955
5342
17143
11086
7445
32585
19012
3069
14468
4303
5501
10546
27012
21553
30574
29019
28764
9707
17076
29801
17867
25109
20506
8404
29687
10631
16162
20960
31654
576
9441
4896
6576
22281
7440
15672
181
6741
29025
20454
23307
4204
19215
11588
10490
1224
8889
6727
20268
28351
25200
10380
26975
18787
28175
27988
13661
8871
1482
10701
10798
9667
14090
18579
3980
9433
20345
21622
10647
26072
1624
19582
19658
13985
20505
31020
28206
3176
4138
9987
973
12893
7439
27207
18794
19340
19123
20485
15727
11266
28416
8275
27175
19762
5293
5593
20269
24983
20567
11920
32549
19354
27604
31178
17833
31669
23492
1907
27014
31193
13160
23702
24361
7693
2744
4386
32596
15449
2735
31471
5654
18402
5098
2556
24057
12630
13169
14843
15229
1162
22997
15631
19653
2402
2171
17364
8593
27634
26935
1696
12140
12258
1052
29704
22055
29463
1939
10406
2181
17295
22187
5146
27960
3213
20912
28495
3084
24311
3327
26624
23395
6396
27160
9594
16865
12537
18165
2723
24680
10142
14235
22843
14407
25933
32238
6754
430
1730
13257
28762
18022
23801
23374
13711
5310
9292
18811
3284
24265
14045
7934
18160
22982
15923
17227
16729
29152
10280
5611
8767
9752
25346
18967
5580
24703
9440
8325
28843
7848
16984
29570
23495
32349
22622
18753
27989
657
19815
24691
21268
9366
28111
27415
29139
1424
10104
27540
7733
21546
10421
26629
21169
14983
26214
26580
1756
26748
19812
28554
3051
3580
8991
28389
4723
22995
22917
21804
15732
20631
23078
16319
26262
4060
3222
30450
30642
20904
7187
11547
32148
17447
16488
13290
22528
2463
3601
7161
10994
29861
4512
29348
29994
21650
14944
4635
28648
26161
22583
14261
7157
15546
12497
21640
8162
14084
28666
19510
23444
21750
30540
5641
21761
319
20747
29763
25140
9030
19021
13743
13463
3428
30814
13692
10609
6994
11618
3403
942
5341
8252
11655
29407
10465
19375
20469
2945
5236
18627
30860
5250
19042
10347
30854
19969
11994
4196
10167
5462
15206
8032
18462
2642
7968
23652
18362
6599
12068
13679
21662
4427
15169
20828
30536
8250
6900
14601
10031
27130
1686
7097
3483
3459
4308
12983
27321
17950
21600
2109
20719
2412
10726
9619
10861
18091
31298
27771
15621
11061
240
8141
8252
4169
4803
24415
22945
30222
15578
6951
4957
12245
20433
16804
8460
9631
11060
11641
18123
20191
23865
5724
30354
19073
27310
2350
30661
14378
21296
11115
11525
14018
9630
19909
27724
11312
14541
4620
7481
14948
23677
10321
4520
1435
5772
26443
19590
12254
16490
17402
10980
11724
6349
27785
9033
22682
7590
2681
3917
24920
16979
28668
13155
2422
22038
13471
30967
17542
11974
1324
3769
10051
27588
10959
25400
18387
25905
3447
11698
29513
7006
13695
31018
23662
14980
4238
26044
10177
1718
32188
5166
30908
17427
25846
28615
25689
28480
23971
19044
27861
23062
10375
32456
27316
151
232
3380
1797
10791
2288
26167
10983
11001
21843
22472
2124
22983
23602
20626
8189
3526
19262
28047
26847
14553
2336
1496
31860
29188
26137
10428
27812
1060
16357
16911
9918
21726
7398
22724
1978
14294
638
7103
1473
545
2749
12516
4847
29180
32060
31348
7511
16062
28488
18073
20551
25867
12099
7487
31438
843
32584
8230
16252
23130
25358
12597
29033
18049
1295
21266
17016
17574
30441
30703
9949
22463
20740
12967
4573
25229
30069
32265
28629
18822
31266
3699
382
28947
32295
24996
31855
27643
28281
203
5348
28191
32201
10467
21693
22377
21420
19779
25546
27391
14072
10353
9541
1724
14193
20280
20128
28384
6821
31226
23426
518
4116
30791
780
26967
28820
685
4704
6398
3316
24274
20580
13531
20448
2497
20163
11644
14084
23682
19509
10569
26485
24301
3073
3582
24908
15551
18112
15967
5780
4334
6243
24615
26982
31546
3959
15937
21842
13317
16808
6970
18433
4708
2436
2039
27929
14454
20866
4771
29025
23029
4163
25068
294
20746
23063
4207
1501
30054
11203
23664
26377
27022
21122
32719
21087
21110
5449
17463
20264
11602
847
10137
8424
14249
3021
9433
15677
7595
17154
29895
22793
25284
30843
23376
20691
14449
657
21750
28779
14163
25395
14461
24013
11906
10726
8423
11080
32035
14089
13219
21728
10813
17502
5890
11504
11976
22214
11498
31764
9735
32076
26062
22597
22552
357
16349
30534
21194
27766
18042
64
1198
1687
9709
8361
3697
12951
10072
26729
15976
19264
10476
12608
27245
26076
26204
5474
7146
7672
9618
14693
16947
20071
7074
27997
24345
23434
7676
26950
25020
29391
29669
10402
9120
25464
23592
10594
15363
29854
6920
4618
7534
23669
9338
785
12683
15569
13969
6022
26422
18665
30778
22778
26326
30811
28713
10905
24814
27505
26643
28570
10991
25763
4126
28890
7761
31581
30358
17859
28129
27650
10209
17523
25949
10544
2741
15642
18238
4678
19592
1188
15573
29475
29256
4761
3225
12593
24909
13889
2752
18851
29836
9995
30732
1274
29197
29743
17128
974
29855
6035
24243
2251
7626
12268
9564
9210
9221
9765
30511
9025
4393
16900
3310
27694
17702
29195
12324
8944
4340
19100
19894
17062
32205
97
5819
2781
5274
25067
9101
26195
14763
5273
19744
12033
28842
6332
12435
29529
7378
22776
4357
8397
4444
18670
2986
14224
1594
22295
21022
27552
17672
13811
24313
22276
8768
16484
22691
8530
5805
32084
5738
16501
3362
1694
31697
13997
14443
22316
7723
29143
1412
17501
26729
12271
32265
9897
12593
3283
12014
30087
30512
7498
26480
23182
14256
15172
25675
32731
4973
26468
15150
7604
13732
25531
6764
2922
12654
27607
12532
22404
18764
11772
21123
11033
21763
27057
11288
31870
14762
22398
7337
21794
10241
15861
1556
11957
5380
22511
10840
11152
8384
28696
26885
11857
24422
21934
28913
5317
14494
3717
14893
6668
20765
27215
23607
9207
12922
23322
5233
32693
9533
14106
4306
20911
28986
18345
21212
15536
30749
18828
16078
1097
24133
17016
11034
11892
13782
20436
1049
26743
24585
21185
22526
13067
6343
7512
24329
6590
24695
1330
21501
31126
14356
32558
12499
6903
25474
10350
9136
8902
9762
24739
20501
7887
11684
22923
12373
12644
7964
16312
11085
8263
31320
24722
12879
19147
18289
29087
31583
19253
17057
23810
11170
18280
31316
14146
1555
13506
4994
16973
29304
4929
10299
8637
28821
25578
29828
9305
19359
24171
17761
18143
8691
10751
24115
21505
5384
7570
18500
17837
13730
19238
16545
19345
73
23157
14376
6879
32250
30423
6625
27469
23836
21607
19346
17761
5813
4193
7309
1515
29662
28879
5837
15059
1909
18277
26177
15636
28689
31657
19048
11273
30267
87
17950
11752
23259
14339
438
6540
27120
3328
4936
28023
9604
16513
8524
14359
7392
13566
4968
21832
17404
14297
17799
9499
24377
3650
28971
8149
22354
18776
16644
27451
2448
9616
17089
21773
26686
31067
11046
22225
32605
30467
8287
1745
12697
17878
32404
6759
16763
13959
19133
23928
31455
5841
18360
17215
4265
26717
24984
29772
692
32486
25409
32204
8203
18843
10802
1546
31068
19397
19617
10806
22441
2217
26061
26982
2881
26288
31888
16602
9967
19909
14387
23940
31601
1279
22407
1735
26411
4992
7729
9856
19997
10397
11334
4675
19987
20287
29720
31207
795
28808
16975
8004
28732
27066
3131
15163
24677
14677
30824
13303
21412
1920
21875
2163
19608
3498
29469
5436
4649
8561
4510
5753
14710
26307
23356
2856
3087
27971
7195
23978
7781
15598
11351
30082
10879
5630
16464
5722
750
26638
4933
12358
12802
17536
8229
1357
6462
20508
23713
18470
9482
30713
10886
6207
26792
28065
29514
32516
13929
11888
8676
21085
2081
6717
28385
8312
19416
23869
12981
2250
26818
12579
12879
9808
4210
14732
6640
28443
12362
32667
6716
11531
5942
20704
23442
29659
9114
1407
15257
14429
3464
29070
2331
27911
8503
1470
12823
18351
32176
25406
6161
5267
11211
26332
32429
15004
8538
28526
18556
21732
1188
25456
30230
1397
17429
14830
7017
25940
22067
2725
16208
13758
13780
26981
22888
14001
28302
4281
25119
18094
19824
8138
10509
12222
2543
28545
25992
17843
31523
17132
13682
14768
11572
22243
32342
18155
27407
5355
25779
7346
4189
27994
19864
10668
14261
7356
7793
11362
6416
24694
12065
11517
11390
24233
8785
17489
25880
17753
6151
21531
6198
25807
28282
5255
25826
18747
1317
6902
12172
6046
13850
15869
1535
12775
31129
31409
32659
26204
26593
16162
28068
11836
3398
15909
28740
16291
17540
12375
17197
30381
2899
9822
22265
23006
1339
20594
2710
15810
8362
24349
6388
19408
4676
24894
3840
28820
6778
17236
24022
29966
18782
21497
23858
18261
13493
29101
21032
13951
21582
17877
19990
9669
30867
12547
31190
31459
3934
19576
8504
19390
11022
9448
4783
3913
32729
4733
10058
21929
19300
21022
1766
19352
23184
17392
31907
3335
8599
29469
28564
2823
6745
19157
21435
2281
23792
7315
10036
29860
9866
23458
20400
7800
17016
12767
27685
5073
2434
20928
28356
8558
27518
10645
4908
16578
14113
23566
1245
29851
5140
8702
18927
22785
25418
31070
17924
27233
31122
17813
27003
18411
26728
17655
24806
30008
18705
32651
22718
24368
15847
4881
10582
10283
7665
67
32526
32598
32438
23900
21193
1881
4179
4567
18081
4150
32716
32633
15065
10356
21408
15505
12050
18814
30368
17279
17346
9030
25856
15219
28643
19245
12207
15991
16104
21031
18916
16560
10997
1562
21754
31968
26447
25224
24189
2608
12050
29806
17541
32557
27682
13676
13378
17936
19043
8741
30425
1602
2861
4073
110
18207
11514
1426
30082
12283
15202
7083
6784
2402
23370
10200
24978
25508
26456
14193
2745
1681
12458
7537
2589
3714
14279
6031
10402
23193
29141
20138
4795
12361
28173
13930
18819
14360
28525
4133
10762
14243
20140
5375
32492
11491
14451
2902
20521
11952
7114
19293
25904
13955
23761
30470
11581
14208
8112
26918
485
9908
16336
8148
30704
22683
18252
9745
12902
22501
31394
16559
27628
6521
19631
25195
10833
12731
20186
11101
20581
28426
29071
30610
522
32141
10479
16631
3725
30768
18885
22648
21814
2793
12988
14954
22557
2624
5584
550
28992
9230
30211
16631
24019
3461
11601
15415
5079
21104
3813
22196
5614
10684
31117
10585
14702
29496
28268
3850
4788
17049
32751
10191
31675
7105
11522
5941
26861
17473
31875
497
56
19996
27894
3783
9829
16334
3195
28330
30373
32140
19710
12325
22637
22478
26798
25081
10116
25355
27312
18696
8795
31939
12308
11633
4764
8643
29960
765
25605
31141
16971
28858
7543
15254
20197
31717
28746
20572
10774
23053
20964
21911
16780
11894
21386
26182
6104
14012
11381
19598
16163
10936
10793
183
27677
21415
31490
6520
13623
7817
1808
4468
21010
11720
19237
1540
28471
11802
27179
21303
27144
29352
26811
12567
2295
7280
18156
13870
1013
20712
27753
25417
28973
17380
6855
7292
27123
6329
23061
13158
31735
24227
5044
26294
15039
11364
20329
31470
1364
7982
18096
20584
21563
16579
16979
6806
9126
6363
30268
7309
19948
28102
20359
3781
27191
30802
26844
4634
892
3823
6396
21527
15281
3089
20377
18548
12090
29654
13419
7133
11428
7401
15488
17398
5269
24742
10708
20635
30211
5759
10529
25196
15013
24222
504
27273
30631
32715
3345
6042
13986
23697
25824
5139
19147
17308
1128
31158
1643
8038
18516
7769
25743
18707
1604
7657
31488
665
11877
17839
18549
23587
11076
17618
13064
2232
29668
17949
19175
26135
1038
22275
9548
15334
12008
16352
25519
30220
32713
12674
15162
24156
7500
27624
4221
6515
25251
16969
31587
27363
9006
8281
18276
1169
19532
29895
17405
25947
22898
9482
31069
2814
20090
28253
5474
31543
11325
22536
9411
26665
4963
6882
27791
29695
2426
8724
30678
22482
5190
2335
11685
29133
8024
15137
824
32399
24546
5972
7788
464
10954
16087
31859
8776
28925
28593
28875
31948
22022
4371
4209
12987
5343
21725
23890
14232
9991
4708
17922
8696
25044
15986
19888
927
32267
9359
28762
3302
15790
17791
5949
32608
9237
32524
12688
13244
29760
24838
17777
14061
26988
21383
3360
17033
24036
29307
29803
5231
21530
16992
2665
27053
5622
8779
15211
8353
24174
7980
26416
18014
16727
3154
10072
4944
17787
1330
23067
6948
25835
15460
17723
13282
26519
15342
25911
22620
19483
31429
15554
2508
13020
27537
14451
29881
32596
26801
31422
23834
9130
8575
9251
5566
19078
27861
27557
1771
21283
9424
7038
2118
21414
28627
17937
4594
5550
6863
18208
2300
16684
26818
25919
10999
10613
31614
10121
23779
28821
14764
13201
24916
29926
22032
18332
14800
15586
23567
9485
14200
21814
25966
32544
32490
21783
23900
16859
871
31961
29875
17730
15665
8894
11131
16587
7991
25100
5040
4881
4084
16482
12612
12748
27029
15691
7016
22017
17754
20
17160
14454
5694
6107
660
29289
22234
489
23302
22145
20103
27202
545
22021
12739
23161
9718
17996
8662
19145
2477
6773
20405
18786
24450
25944
17958
11265
1038
14267
7973
32707
32456
11978
10374
11067
27595
18113
15325
30402
13018
17900
19867
28430
12193
21457
30585
22023
12093
4268
538
5589
26367
16667
12779
27198
18541
25115
23375
13359
22154
14643
505
11160
24664
13551
1944
25469
17562
12688
11706
21579
8926
30210
28394
24680
7611
32014
29468
1805
4696
24273
9036
14680
26925
28269
8289
1437
25614
24574
8535
3326
3429
2768
31901
30523
11455
7119
24764
22731
25738
19518
58
16171
23836
28844
13502
22390
8440
29732
23924
25398
3661
5029
31923
28537
448
28113
22750
552
7787
15081
9352
12693
22310
16633
29147
23123
7429
22608
30010
26442
22306
5171
23333
24586
1948
25555
13661
12640
16863
16252
17225
25639
22054
13838
6553
13921
22079
28337
27945
19079
22414
29381
1320
24861
5717
21528
6265
20616
24115
860
6745
12068
23530
27352
14915
25490
15461
8541
6928
3919
15609
18812
1379
1931
4331
28918
6468
20536
16434
1140
17163
19809
25471
11128
30592
7869
24955
8340
31552
22916
4431
23002
14691
5249
26218
5523
27995
31337
2430
7988
9247
22123
716
24717
22666
20232
22946
4932
12029
17189
19746
9858
5196
32094
2628
11500
17368
12702
799
26325
30968
30956
19300
15537
20382
16264
7723
15821
6199
22839
28914
30526
8914
12251
14306
14104
17797
16454
16213
4064
8716
22864
16022
12355
28340
20775
2023
25351
18040
9447
31177
19267
17513
13931
5495
12491
28243
7266
24244
28911
12957
14501
26822
26469
32113
2248
13507
25475
10525
25838
17675
32177
19897
8418
2582
24863
13322
17252
3184
23987
28583
18369
30721
22086
25690
7591
27794
24335
15049
23350
14221
8287
2134
21850
23300
20879
11843
4697
1525
24631
13338
19112
25037
6049
8524
27651
22826
23678
6680
21180
15333
20695
17326
11604
25680
29766
13205
15944
16828
5221
28234
28717
27711
8583
14634
28671
9652
15270
17297
16823
27650
2973
27460
795
162
15511
8204
20698
2395
10696
10916
472
11856
5211
23253
11463
22845
30123
24800
11255
31230
16821
22044
4975
29777
11726
14560
19772
6876
20369
24483
20489
23410
10268
10082
9200
146
28540
24899
10640
11312
13413
17271
22368
28600
9254
24932
24898
9553
3805
28420
32348
28255
31719
21384
16675
31563
25243
20290
13752
134
23352
14529
14968
31947
23579
5438
18127
13477
22326
4151
5196
1842
19389
5721
24059
38
8226
6051
10735
19218
22596
13513
20766
27623
31716
23510
14706
24758
16728
6166
30236
4281
20611
6451
16940
11415
12804
13726
2398
25572
16046
27696
29495
5095
9016
10514
9297
21409
19510
20954
10740
266
20040
23798
17381
13214
7826
30798
131
14360
12140
805
24335
31102
17754
24384
27724
31581
6206
23883
3400
18774
5324
18552
27769
32729
21055
21865
15627
21041
4170
30800
18553
12737
20818
26197
31323
31373
25818
17976
24191
18684
30271
21559
17722
23772
29605
32050
512
11686
24881
13581
30771
5123
27769
3158
27193
11408
21560
18727
16081
22494
30791
1870
12455
31678
9672
9132
7206
27067
29604
30427
24461
3815
17209
8980
325
20699
14668
31055
4210
15353
17221
14763
29640
26356
31899
13073
6815
12179
2189
1556
17482
13489
13331
3868
20901
12681
29716
15300
21742
7728
5081
20352
21462
14691
10178
23427
28631
24451
6199
28128
26823
21214
22754
15343
11694
22832
8219
19442
28629
21098
12964
25080
27679
11441
6039
13314
24220
22954
18588
10597
21596
10485
12895
10607
20353
11255
6466
15693
29080
1757
13903
2348
8234
21213
8304
24735
22413
30143
21986
31297
8192
4765
31207
1691
22776
30695
6843
11848
20148
11945
5066
15190
19991
3857
24608
29168
10935
32300
28961
23610
27442
14576
23930
3453
4033
20607
31831
8324
9999
15274
16599
30022
9547
8628
27068
29125
12667
16985
22888
18997
23828
7951
10757
5217
31176
18828
20995
10827
416
31624
27847
8210
17738
23492
31649
20761
21684
5195
13055
18534
21978
7672
10209
2120
15836
25912
29069
30013
8275
11281
4996
26642
2277
19812
17332
11084
4887
17775
24815
26567
13411
9109
11676
17565
27787
18786
8877
15945
20524
6858
28369
30989
8598
945
30186
4753
27611
30385
25793
14028
21542
18711
11512
31783
5454
4142
32065
19168
22955
25537
2510
21421
26409
10715
14601
22947
20890
20433
2180
21333
10065
5250
15923
10048
19436
18398
14809
1895
30065
9125
31424
12346
32669
8561
11693
3772
2424
29175
22291
4581
4397
31114
28039
11077
537
30177
30836
17131
26914
12569
1808
8837
17226
26109
5006
7113
6787
14726
9878
28179
25798
28062
20210
12111
22879
12585
16778
15385
12427
12614
13714
29475
324
20434
20738
16343
12636
9007
14662
14398
11209
9027
7223
21025
20800
10179
17739
29550
22277
7089
4872
25052
2049
2595
24767
21970
7189
26695
14454
13446
6574
16548
24870
13666
30105
9122
7463
30379
25881
333
11496
17764
5687
20566
27107
7280
16986
9818
3536
7928
20247
9575
31257
4620
29002
25277
5007
6541
1638
10961
1627
15434
6153
18072
1591
29545
15828
9729
24286
18697
20857
5060
26816
18981
10517
22106
13819
20411
19393
25164
2951
25390
21603
433
31408
16874
30411
5362
11978
17478
23291
20689
17184
11182
17093
7594
13613
7169
11676
31736
18191
17464
28324
4634
26168
31305
26891
18264
27239
20042
26268
4129
16598
22746
15505
20374
22453
18621
12969
29261
24024
29638
24699
9806
10925
28410
29962
21602
25200
29170
7321
16014
10914
2433
30913
26586
695
23959
24256
10582
5391
3685
20500
6239
5159
27842
24905
8735
30737
4558
783
83
12321
6613
24975
27473
7402
1654
19967
11593
26216
3076
26228
31435
639
20012
28664
13449
32676
20440
5853
30303
26587
6740
2385
6032
20449
24495
8242
83
26282
7269
2595
30862
6414
31802
11487
21473
7615
1641
12493
7910
32126
21758
27349
12727
27534
23425
6259
19377
617
212
8713
7288
14515
4190
22394
24123
8812
18026
23284
25914
21097
31689
11789
18565
28677
13503
5394
2054
21780
5917
17563
21441
18456
2986
3427
22619
9912
3783
31319
13529
5229
29779
5357
32171
383
8909
17335
28905
7728
2488
30520
16348
3638
22340
6390
4544
28783
12586
28880
9160
3793
29912
29842
10851
19104
17102
13767
22462
6371
22856
25039
11146
8984
541
2097
28671
24615
6119
6962
2081
14741
26212
24230
29506
4346
27164
14598
10696
14773
13124
6851
14128
15070
28643
28634
13651
28028
24883
20393
3304
19192
16458
24320
8011
32722
22009
6268
15741
5779
18933
28432
4203
20227
27956
32485
22131
30107
922
16484
6692
20285
20693
29073
17989
27939
27782
10650
15129
32022
8609
19119
18658
27104
23830
17941
13220
24579
28593
26230
9259
2731
10046
5244
10831
7394
754
18846
13431
31491
1798
9529
8284
6257
29605
22498
18704
23944
25352
22779
13886
10708
4832
6788
20659
18049
23796
12084
16413
23827
8971
5832
22035
18008
12812
9372
10838
17818
24676
13432
19543
1048
27560
8620
11769
24760
22907
13407
11159
26614
24499
31012
21833
2080
6071
14030
23907
21957
299
30342
20543
29803
6096
21018
31037
30592
165
31896
6407
20371
4691
14620
20762
6084
15559
13286
26754
22393
5153
29103
19940
3155
717
18749
31426
4193
26351
6966
7163
12435
7941
15410
9105
1905
18888
17683
10159
28684
15698
15769
13035
9525
31110
21809
27080
24814
6573
7694
10623
4126
2397
32379
1023
28297
159
19568
15666
7934
2896
18275
11650
5074
8136
25696
11676
23438
2234
8284
28531
9701
9819
19655
26760
5353
19143
2656
12650
11902
13728
26189
32376
526
29432
19819
5614
22142
8561
18915
26400
29793
25506
16126
9984
24684
189
5946
5606
6698
30831
6301
21137
13041
3592
21321
24169
20757
3804
24145
14086
29531
22505
22219
10486
2225
24250
21798
16315
12316
16779
19646
30484
13553
8877
2478
4478
6984
21292
16613
14329
20654
4272
26237
18191
21786
23201
15944
27923
28707
8846
23211
32167
18031
23504
32175
7808
25455
11882
4181
12654
2889
20788
9258
8086
26902
20281
13084
27138
27982
15453
4492
9053
28800
7491
18084
14071
28231
1645
16107
8464
27769
13989
3350
31826
25249
12444
11554
2207
13744
6098
32159
3853
7151
21685
25423
18223
32056
17421
19183
8599
9062
30103
32085
7064
20234
15856
31163
81
1120
8117
19035
15078
9345
20457
1852
7697
9945
22935
31563
17626
1756
9400
8109
28834
14837
25686
24916
2150
16831
12274
25808
7490
11896
19492
15464
6196
9651
26241
17514
29987
16716
18625
6591
12064
23201
18210
24258
16875
5631
28167
16979
25785
16987
13029
32038
25140
24899
11359
14689
12740
27412
5552
6247
13837
9068
8522
19182
17593
4578
24252
28504
23415
29429
14297
10816
9795
13635
18711
11603
15081
22268
6453
8289
11716
14229
29729
8371
25548
12737
27928
19104
17872
4509
19471
347
14591
15146
27218
26895
173
5377
17003
18222
27988
2882
14149
15622
31961
16078
22161
4245
20497
13494
6761
30622
6532
6643
28211
6396
26993
28503
31433
14391
31506
12739
32215
16213
26400
21147
12420
6898
24474
5239
340
7315
22723
8219
9548
22328
17258
26026
17496
10800
15469
7702
17643
28209
21888
219
31461
30888
23339
493
15801
26958
15378
11246
10703
30204
30073
27301
4391
10432
10503
22956
24384
17456
16330
27496
29752
16894
15996
31806
15156
8141
12037
9732
2
28227
17216
26550
18429
22112
5378
30059
12849
2318
10073
17543
8896
19705
3345
10289
15749
7840
22653
4616
29686
5805
14452
19217
10831
2689
26265
14580
14317
6932
19167
873
18167
9724
30797
11757
22340
19659
26367
31161
26745
1694
3950
9204
3954
28659
19185
21544
31460
19643
7555
20211
11072
28849
19654
16639
25050
489
26696
13875
2890
18860
9989
4395
10514
1923
15918
5862
32386
31378
5417
25279
1241
5415
31449
22175
27309
3731
16415
23408
8845
18233
23457
1493
17636
13028
31434
29464
18720
15710
9234
29284
23060
23870
20095
20020
18843
18689
4715
18955
26495
604
22409
10342
16281
11217
9251
19694
825
23681
29093
20211
8648
26177
10847
4118
21675
16879
13447
11077
8811
5639
11901
20461
7443
2929
16467
23914
24538
25757
9869
21187
4098
2770
23077
26260
25856
1475
31187
23371
31709
4452
22667
25495
31196
17915
21830
11038
16989
1658
24581
22383
17409
10508
20499
5431
8463
3566
28555
1463
14103
6272
24603
8309
18901
16028
15623
23858
21847
8742
7793
14877
19298
26852
25047
29254
16403
18064
23517
30805
18882
27948
22349
2428
6187
22422
1372
27818
1744
8796
17199
12802
11929
26321
22685
1675
15038
19553
5175
28713
1254
17441
26757
1484
15505
8874
28307
30695
7603
3112
29100
32036
31393
26286
26726
30550
7473
18125
32479
25774
17181
2660
5701
28979
14761
5561
23964
15468
23686
26313
26555
10079
31733
29405
25240
16064
28208
606
21446
5474
20485
32490
32316
8945
14532
26535
21848
31459
25947
24536
8484
28588
7872
2990
14295
30257
24463
12128
28831
23936
31989
17534
13213
11966
22220
31106
19249
18784
21255
20392
23161
3999
10321
19199
7444
14117
15345
26816
21548
4621
5873
20447
1203
25610
13951
28641
27372
6118
15251
493
18222
26927
15826
8229
26597
22061
17843
26423
5337
28182
12768
22062
16307
20357
3039
24719
7613
27433
4081
26273
3817
24250
27706
2060
30229
31794
31523
1189
26253
20793
31997
8073
19153
17121
5351
14441
26777
4499
3313
3876
26135
22858
9601
26011
13436
25086
29686
29633
957
21604
5260
25073
9111
9940
13183
15749
30161
22154
12660
7076
21953
16658
26388
24155
6417
12798
19450
20463
3523
30938
1231
2162
6515
7010
7347
20885
24028
30706
28127
31933
1694
27709
32137
24409
9279
21570
20232
26994
14447
30076
29241
2691
22416
10841
20769
22668
885
25070
212
11618
9066
18409
6549
11849
15733
10439
23102
29124
21724
26183
6883
14252
4583
4126
21170
26496
5863
29932
13597
18684
9847
16239
10812
10989
32514
29686
9836
27715
3974
25113
9533
7016
27031
24232
19339
8144
5286
23009
29930
8658
9859
9702
12360
9398
17697
366
28621
1807
30106
15034
28678
23883
23666
32459
6723
23176
21280
10450
26173
15273
30410
9704
32508
26793
5201
16639
12024
16432
5517
27416
22399
16740
21466
21431
30550
2050
29651
26004
1187
20141
11869
31636
7690
27526
10984
25079
22295
31484
20209
30675
9180
11494
9931
1217
10203
26575
19360
5846
27686
13968
27315
31957
16580
13349
20967
12450
19799
27065
9605
17914
5372
21251
9018
12642
29043
31957
5727
31581
18816
29170
24957
13282
1680
27169
16657
14861
3488
28543
11148
11285
16219
28185
29342
4990
17282
25018
2484
8592
9105
5634
5568
4103
30880
11448
10808
31244
12423
24161
22369
16740
11845
10514
28109
21480
18851
24962
6946
25909
29204
23139
17438
28836
30944
5619
16344
6013
18049
13774
22601
12135
32589
7430
13322
5411
23382
30837
3423
6010
13711
8530
23157
3700
5680
3587
19176
29387
15451
17714
16008
2463
27391
1827
6493
30827
31997
8517
6377
21816
1161
8199
3756
1809
31187
21228
9198
2742
15591
22242
2744
28565
28370
6864
16420
8437
26119
4718
17366
20341
16897
2905
26827
3765
25129
22631
9042
31571
17401
18231
30807
32025
3170
5133
29159
31092
16491
20445
15601
2600
28956
27814
21578
3139
24218
25602
23796
6991
22163
11258
6048
19660
20956
28190
2929
16350
5465
13526
19971
21826
23070
755
3244
9094
16595
2441
15106
31610
5213
28673
2717
4322
8123
25194
4126
7021
6957
23056
14703
1003
29852
21584
31053
29114
30518
27562
19460
19585
5721
1816
31098
1569
24498
5022
14447
16617
22694
31779
5891
9738
19184
21375
19577
74
17548
25813
22586
28412
20180
7715
4637
17711
8426
2327
4069
26918
20821
17957
1036
18440
19183
15830
31167
12761
2302
31843
4649
12713
24225
27522
9972
13835
19822
24192
30221
7625
12121
9360
15016
31958
14295
5475
22405
11652
4164
19448
30321
503
4994
950
16655
10714
27876
19384
5848
8272
7754
1128
25697
13870
12685
23375
32732
3175
6429
14635
12002
4808
1000
22082
14704
24293
10366
26871
11823
28499
19315
8859
15352
12055
1285
28293
17559
19807
2559
10085
3279
15728
31710
14037
11679
29408
1073
21297
10948
11781
16198
20393
21119
27821
14850
12948
19096
21263
1809
1543
28323
8450
12096
5799
25474
1901
294
5307
1067
29183
1034
19334
2988
6432
4609
25299
8300
28711
23895
24273
9395
17357
25904
21025
28780
7393
7535
30254
22570
15166
19927
7613
9578
15611
27760
13765
25624
17889
30509
18560
10580
15138
4299
14018
14197
26439
25852
7050
9038
6763
6085
3542
24241
6823
17445
13500
19506
30925
19959
25015
16429
7513
2841
9535
4875
8612
1998
4508
10432
18779
27233
8187
4504
12336
14860
27586
10292
32719
3351
14369
20687
16916
25156
29673
15815
9083
10603
12194
23896
14808
16226
14808
21674
9032
24863
21941
11278
4455
23073
16341
4228
5315
29196
30037
20098
15505
23955
28973
27120
24223
13978
21440
30583
7050
16284
10418
6907
29489
30283
16122
20326
32105
14711
18232
23464
6899
1585
11336
6396
12971
4144
23063
28268
20225
14708
26293
9623
12205
11560
20908
31922
9119
8653
19857
6605
16181
1685
18392
17239
17073
8205
8940
485
17642
22527
22144
3887
30274
17559
27167
13915
4055
10948
32267
2431
17150
32737
22084
4193
15597
11925
7143
21633
4791
8952
18617
28249
10622
25079
28932
30691
28387
12281
24482
2140
30146
2755
14423
7496
19229
31384
5220
5302
5973
32421
19800
7365
24480
6301
27178
15463
31671
15265
25221
22885
5071
8802
11363
24483
15051
20617
18397
28070
30896
17239
15681
10835
22873
5512
16742
10233
21356
6782
29756
30866
7052
13467
28071
22342
14288
27375
3214
2865
26484
531
15407
26470
13007
7252
9141
3124
14213
9492
29708
19880
1278
2926
18420
25426
7447
4121
19028
17740
27927
10895
5841
23161
21220
18798
2208
23563
631
29214
27544
4680
24461
948
17292
20109
8095
8470
7639
18067
18453
1632
8504
13553
23735
19847
20449
25314
21092
26173
12234
32585
6662
17684
19787
26354
22469
3557
19434
16923
6779
15731
31090
6963
10088
5708
5957
21217
11816
21744
19954
5448
30945
28469
32522
13450
27841
25322
26928
3210
28328
22459
21104
21495
33
6228
11474
32390
10391
9930
26926
5246
32454
28726
27713
9082
26223
25507
23041
11370
22096
28714
11054
13020
14931
11867
16682
20858
17926
14559
27658
30675
19275
30812
5869
13662
26961
26265
3724
13755
10178
3299
5651
21053
21054
16815
15920
23718
10249
27008
12905
1841
13312
16139
28850
3542
24786
26265
7999
1225
7532
20654
29847
28740
9653
12264
26090
2438
17276
1577
4004
21788
7086
3321
3138
28255
23501
32037
11620
11326
23453
31148
19236
829
1825
8668
7591
18622
9413
3769
21745
15231
19421
16286
25342
30053
8014
14887
11278
10872
8331
24909
4416
22830
11972
18387
2402
20460
1626
482
15368
11210
21653
14832
21211
13463
13209
3302
30004
14877
8854
29057
8682
22181
20032
12024
23400
15038
15743
9952
23042
26171
13927
30285
14473
29307
28522
12859
20252
20973
24780
17196
12354
10450
19032
9234
31798
9029
16722
2158
32386
27769
23212
11706
18895
11075
17788
23557
17916
10200
27054
23005
25709
32471
24310
22385
28326
1418
20489
5367
8984
17257
7693
18508
5178
9439
22606
1498
32220
19281
23602
12479
1209
7773
12655
13868
5195
607
30331
6154
20195
22586
28997
2788
17400
10837
6178
11009
24767
10979
9994
3280
20221
26472
5380
11402
13850
21880
32223
274
4726
7362
21539
13856
5888
16974
28487
20894
19716
6403
18980
18514
26180
7020
1450
17854
30027
4796
978
11076
32766
12047
11987
2702
8308
29938
16537
7981
10247
9254
7795
2944
30891
31649
7436
23768
2175
32470
16540
6873
17314
8246
19807
26148
16456
29943
15431
27187
30989
22036
26606
9859
393
4757
1486
21241
26916
5904
16308
25471
16427
11888
370
28398
29476
16373
20180
32048
28767
11900
13782
166
19406
15617
12564
32455
21782
7266
3714
11274
21478
1637
11869
32518
24200
2557
11874
32472
32438
27849
21821
20678
6318
17886
21060
18722
18569
13766
9573
880
10696
24520
17245
17867
15664
2154
18987
13188
24792
32053
22981
4877
3712
10680
25865
11029
21540
32208
3830
31477
15057
2342
26652
21067
4024
28664
8273
3044
17281
7453
166
28640
21473
21827
16794
272
29551
3964
4493
14755
25523
14073
24439
31490
13696
14868
15833
13560
25476
2708
29172
2070
31518
29485
826
26454
18287
26183
24322
31998
12980
10753
25727
22215
20947
1396
27891
7487
20019
21308
9248
23148
8657
7477
17663
5042
22929
9602
3765
15094
20946
212
1475
15108
8516
9704
21885
9006
9726
5714
26045
13878
26827
1146
30936
24687
19141
6884
26065
22814
12582
18612
17101
29478
9050
14193
5063
24805
3929
19977
20869
28505
10291
25877
23755
31879
4844
4191
12750
11549
21899
8609
28651
9558
15470
18576
2457
18718
10720
29721
12445
18295
1006
22763
21117
29979
13430
16693
14646
14946
28544
2481
9265
6247
13265
28641
28020
2406
14782
5529
3862
16489
17471
23997
7413
3108
2116
1612
1707
24861
7756
9117
13757
20240
12851
24809
23574
26001
25931
10762
1716
19443
5807
8834
18594
4201
1492
3519
4646
29291
865
3230
2107
11355
9281
21549
28737
105
10998
16821
1012
3252
6960
28664
16795
10929
11166
12727
3201
24017
2564
5495
12713
5470
9614
22149
9406
17830
29540
24376
2377
7260
24958
16502
23591
21563
27578
17017
20793
27628
1835
29395
14685
17450
22452
21424
1181
26916
25558
4188
13479
2851
15047
23301
21373
27244
16580
22465
17006
14952
5543
14547
30021
16386
18876
28714
28096
12113
21713
6698
2884
3191
908
1455
718
5065
20226
32079
4909
27952
21124
13792
18799
11982
21436
1594
27033
29413
4346
19518
20379
1269
18888
8984
23682
27173
13764
20160
17392
18660
23983
199
19913
29648
2753
23120
24624
7127
16447
20317
26034
28060
29520
20300
25536
7708
29965
22177
21859
10897
17111
19973
7723
20375
12525
23183
10601
31629
9021
835
2461
16446
18555
20440
11314
1984
2929
17599
30057
4253
11926
24672
22676
30001
17889
32167
16516
16979
735
16319
23620
24888
1796
27421
9224
22675
12351
20417
10848
10497
5072
10424
3505
18597
7006
5350
7654
527
30788
3330
2659
14947
24877
31458
11322
25271
19936
22009
16546
6332
9565
26910
10149
15009
4648
9614
31512
29236
28901
10037
4560
31563
3365
20009
17171
10594
8320
4472
32333
28805
18404
28451
2820
30065
25388
7530
1294
26870
4852
24906
26882
12959
18604
11845
17644
11925
7404
29537
24901
705
24583
14707
30242
20273
6371
30365
16555
15805
26120
15126
3279
13546
29942
6953
1846
12814
956
31361
27511
3765
8390
7331
25228
13636
7415
7868
9603
2268
25592
16029
14453
1153
11983
4868
20924
21884
17587
6429
16737
29949
15902
15176
27860
1285
32293
13597
13024
29827
22021
30893
19421
11966
1790
30987
31272
23026
5732
32268
7888
26942
10227
25930
1682
1469
21091
29807
776
4852
8764
8368
9245
21100
16108
28567
9668
27295
26134
21766
26090
21785
12590
12921
30376
30679
22851
23435
8382
28147
27931
17340
27197
17283
11653
14705
30083
10430
1003
21052
19564
24672
18215
27742
27591
27984
17047
27018
8967
17280
13172
1772
7227
21
12383
30314
8257
27849
12093
7466
27446
21133
7493
6996
9520
24434
15703
281
21296
9161
16528
21748
21586
27273
19739
20271
16199
28914
26442
28330
13317
16752
28901
19160
30141
13762
12994
18186
24846
25691
9365
2800
4728
32009
26378
25692
20755
22740
9233
30282
4481
16681
18809
22814
9505
12856
20929
4140
27013
7322
3883
30845
3111
27191
11537
5328
13911
19047
23420
23264
13688
2391
22771
26085
29548
30383
20113
12893
21325
8049
12891
18188
18014
24356
9168
28482
11585
3123
30401
27228
22890
17296
24674
13453
17107
6044
31394
19679
17905
9803
4536
7284
32232
23171
28670
25362
3835
23750
7171
19679
30022
30481
15579
5480
11183
28676
6330
23528
16154
8514
25026
3272
8668
19739
17688
1122
21362
30569
28733
20234
12404
17847
156
10831
32452
10921
4447
11134
2571
24728
23431
12136
25702
30588
7228
30565
8028
31247
13665
6041
4372
28207
15468
6774
31172
13444
27509
32130
7533
2916
10380
27483
9670
14579
5968
22264
24693
8335
26814
23601
11653
18283
23878
2434
12821
3193
11556
30476
9037
6030
19181
20188
15767
17345
13416
10864
15371
2324
17824
26999
25642
10582
16951
26073
31184
9287
2301
10487
12132
14078
9665
1588
26194
27272
13672
16052
21435
30162
20540
4708
23915
30408
28294
25146
17163
18111
31582
18366
26519
28176
2498
17865
20243
31494
24550
30348
9338
16379
19659
23253
23544
15549
31763
11918
17752
14135
15380
26246
8896
18253
27179
15221
6044
23047
31058
26170
984
28658
18165
29030
8018
6851
12802
17406
27023
32318
10304
18813
16813
22614
7649
23321
15000
21654
9050
20039
32641
11967
3442
19585
23692
26803
25497
22599
16329
6033
2172
9060
18022
3106
20694
6770
10787
23156
31881
18848
8965
1220
17901
32435
4431
19873
31592
19531
942
30031
22335
21096
28084
26218
2475
28716
8839
5579
10544
17123
26587
6576
32042
5696
13597
15382
22185
10729
29425
3178
27518
28727
20191
13409
26518
10806
30537
5157
10375
1268
21409
27057
22377
7160
3289
1918
21735
1296
31258
24159
11157
18768
17848
24233
31877
28503
24166
29848
6677
31444
2214
9198
17674
1353
9348
1757
16355
21519
31620
13351
11367
3995
10969
20612
26497
32767
32215
20292
22349
29363
19627
9781
24435
11670
13130
30919
28596
4912
13479
32366
24770
23610
7721
10312
4949
2656
16220
18944
1403
30789
18919
18930
21039
10952
28094
7312
20270
18310
1432
3844
15622
21663
26532
9495
15728
9662
11895
3665
991
6739
3657
30305
29785
4387
2658
13504
9350
13571
7887
8082
29447
1760
12889
1485
10504
18691
25784
5276
23065
12179
3331
11270
30265
31324
31851
26315
16948
23502
22825
22926
10800
20809
9653
19769
8834
20632
18489
30878
2758
28347
9797
32090
18222
25577
10436
11263
1050
4309
15407
21362
22505
26929
8448
8081
14095
26480
8298
19225
28264
28113
31047
10439
6093
14489
6482
18366
15588
17823
30358
14121
7228
21774
7462
11553
17561
26471
17679
5329
31372
23749
1163
18392
7239
6501
29303
30446
30640
21349
19719
1483
18100
28108
30905
24133
17886
1227
27527
32440
6440
3907
22625
18346
29457
14726
11994
19631
12783
23906
17186
11403
26503
15196
12852
13463
32475
22841
22096
21350
29763
10691
24492
7847
21439
25033
25959
28749
29068
7784
702
24302
4341
16521
21634
5481
28012
8619
27337
19916
23001
1507
741
29557
27186
28448
7570
12407
23372
13748
17779
27199
11505
2576
6592
29047
8754
17359
28985
26922
7166
8695
10590
10537
500
24699
30177
8110
11638
18180
17500
30272
2815
5360
2112
32214
26038
28315
781
9791
4419
12254
23753
1217
26081
18390
8363
11777
17076
487
29207
26402
2654
24576
3535
29233
19917
27168
27495
31169
6486
5913
4857
24530
6152
12948
31515
29688
314
25685
782
21689
1127
15552
23864
54
10044
27292
32212
22542
18926
32280
25065
7295
17873
23819
17016
8910
23079
19584
2042
19177
23349
13170
4618
30796
22429
31444
10078
4641
10215
11989
8699
20139
7265
17761
11177
19940
15657
11755
7845
18277
20616
3690
24215
20359
7041
20897
15811
30664
4266
27300
17027
20080
24891
29080
24821
372
9317
32186
31985
10394
2277
24739
18494
31454
17624
9930
20741
29460
14289
330
21637
10192
29481
31973
10761
23171
7318
10825
23063
486
24319
7059
13803
21404
23951
23314
804
4371
23817
16205
4028
7083
5979
16455
16957
5146
28021
12801
31282
2319
27483
2113
21724
30997
21113
1938
10791
11194
7736
1932
21980
9713
14030
10837
8472
15798
18010
11624
24573
4336
25648
14229
6055
25499
2673
18505
16482
10534
2528
11280
30746
15642
28656
6744
14611
3837
4898
24696
26842
17782
14733
15857
21371
7346
3518
22003
26356
1029
21955
23075
17130
16085
8323
21147
28827
3252
23889
10034
22292
7372
4544
19966
16291
20608
8632
17176
32400
4432
24009
11679
5128
15869
19392
22016
22874
29422
23928
20852
3686
12755
2547
1738
23377
11400
31913
28774
6782
14140
20256
16266
32442
9682
189
17620
27063
6279
8410
16904
1724
31702
24345
2320
32154
16281
30199
3137
20962
2416
9124
17376
16981
26214
9490
3301
15516
16338
26443
25854
14650
6012
25353
10199
5054
20225
22144
12697
13117
32377
20863
2737
5887
7766
18359
210
7033
2191
7514
20797
2939
5375
25065
18496
20907
21768
11591
31228
24114
12923
21265
30828
5301
30140
24626
10915
22151
30497
5809
10581
32029
32668
23502
17561
22722
7322
19534
5869
1931
27434
27411
18811
14478
7778
7663
28059
12111
17662
27834
3992
7035
4683
13986
26295
6361
11844
20931
18037
27517
20730
18680
13585
19519
11577
11248
19274
22891
28264
9604
16746
32698
19889
19527
19843
28545
610
24927
14073
29225
4499
29076
17216
13279
16650
3239
24551
21900
12635
1765
11734
23304
25427
30971
20948
18827
11415
29196
11852
2660
24457
4097
27216
26093
10859
29217
27102
10942
29127
14817
7010
21793
10766
3581
15997
19142
29823
21447
2053
32440
842
4799
18253
4496
2294
13925
28838
16873
14080
8779
12581
16659
4037
19566
28583
16396
4001
20934
24339
18603
29017
14620
1503
14111
4534
22556
24278
26520
13939
3755
30488
27716
15450
19579
11618
24445
28841
5340
30351
9793
6586
29909
19295
14050
29411
8051
9080
14334
8092
9313
8618
2994
23007
29881
21879
6923
24533
10778
13779
30141
25774
17403
14632
6680
2256
20286
11933
31031
7477
11272
15512
2939
13838
26065
10369
2360
20653
20919
19402
7085
4257
26392
23084
6714
22563
1631
23859
10189
16305
8734
2300
17566
12536
32350
20030
10268
10487
31283
19847
30502
25954
6035
4040
10879
324
13671
10260
14716
17641
12259
8869
23808
11515
23315
25888
32426
27883
2999
25625
10317
28818
8785
20954
1953
8473
19580
10848
23096
28950
28799
16551
21939
29687
30498
12584
24629
1188
26561
23967
11544
16224
2718
22033
4575
21232
1403
21262
10092
27904
9833
9524
2932
17858
20699
15860
22063
3800
16638
13721
6228
18804
6477
29317
30020
18366
28256
21950
11653
23926
17668
4266
11635
986
13969
2071
29746
29898
12152
26750
26343
298
31772
20361
25640
9864
6115
11986
11185
10238
29324
19438
28248
11866
8131
426
6723
13181
9458
9876
14168
15617
22875
15550
26613
10783
3172
20158
25057
6351
26161
7673
29571
9776
13944
1570
26962
3627
9617
14845
26509
28243
31693
15721
3116
12304
29449
16541
27926
24061
18051
16562
18068
26766
29932
4450
28166
7670
26814
13327
23765
22856
31439
8198
26536
11484
807
24582
30171
3060
27662
10492
19757
14239
31594
19985
17848
29406
17992
13798
31271
16902
697
13598
18467
14693
11231
29214
13582
7976
11335
13840
2804
25724
633
20270
16830
14836
5070
26685
2217
17195
8578
31063
1015
11690
5130
13806
4837
12044
4264
7182
12764
11872
3388
2274
19691
7374
22109
30330
5749
16766
15272
18123
13863
31925
22104
16376
25645
17985
7704
7632
17574
27416
16405
23703
5973
20028
27734
8457
3993
12513
3408
24988
26783
17874
7605
13574
2518
5137
4238
27135
20387
27837
32649
19528
19543
30777
5012
15084
5470
7819
23466
29638
28856
20226
1517
14403
30382
27420
12022
12137
31677
22694
15209
10520
22231
32549
28620
9872
22475
13429
15001
19508
513
23728
25745
8334
24426
16722
6996
15506
32695
25498
2607
20775
30665
20019
30005
9699
30057
10771
2705
29974
15162
6820
24090
18699
6379
9505
17192
16010
13233
10051
30886
20641
13045
8478
23401
4517
9546
22085
4800
30067
12705
2613
27469
4347
26816
23537
21523
29440
19184
1257
12751
31257
22006
32544
31884
19452
12101
22158
23410
20987
15986
10692
13023
24271
19432
7630
22713
24981
30685
18781
25346
18966
7557
23334
17580
587
30341
32645
11439
8481
4778
18790
23386
14969
30683
8805
25062
28787
32332
1588
81
10732
15605
3389
5482
4677
6723
2697
21800
18022
21773
16609
14655
21251
6601
29491
24565
26654
30720
21559
19762
26062
19455
6481
16855
9790
28880
13498
7505
10488
20072
31451
32110
868
6178
14073
4207
14987
20332
29463
19806
27169
24256
30488
1698
23747
24791
17189
2768
31101
26649
2382
18372
10895
23127
27252
9201
8561
13500
31334
501
7188
19457
20298
8816
3947
23777
8255
22551
23338
205
14144
16900
27342
23264
14923
80
26589
4373
4035
5860
24943
26040
25108
29324
3309
1306
1685
17486
1049
23433
19378
9977
9294
1919
29258
17152
29449
15386
22102
25737
11177
10188
2764
14274
23155
13140
27843
8052
10457
11501
29143
23002
16124
13253
13775
26547
24175
30640
2941
27030
6718
8478
5350
26502
20527
30027
9891
14022
18247
2741
31367
29166
6032
8659
30082
14143
16154
30212
1221
8500
2112
6854
22055
11609
9516
14632
28616
1376
9374
16770
27380
24178
9192
25955
22090
25283
25150
28107
797
22889
6444
16794
16922
110
15976
12361
21291
19748
4810
21720
3228
1720
8857
9479
32125
28426
6920
201
3911
28092
6400
22006
27330
29066
21792
11328
9253
31705
20739
11624
29311
2706
27073
32178
30295
21552
29624
30870
21391
2584
17292
9656
8847
5417
18540
31258
31903
149
7063
14736
10131
1775
10527
3189
9390
30085
21997
7581
9921
23023
18182
21642
13203
11752
11789
32739
29829
30045
16136
1057
31350
708
13159
25228
30949
21935
32322
11366
15445
18337
5602
13926
24566
31520
30339
8296
1665
16651
16984
1378
6756
26670
8912
26522
22815
11028
20248
11542
11758
12316
23521
16468
8104
20431
14435
10556
21991
5489
31905
12883
31081
11734
27887
28209
29622
14456
22194
12597
20995
11974
10856
21367
20311
21950
30440
20222
18924
28093
10730
3636
10200
5270
14793
32406
28396
3554
7304
15280
5085
26008
12308
26185
17569
8414
30664
31707
12828
28958
21302
16966
7420
7515
4645
7108
10722
5574
2518
22304
16578
25996
3980
20515
31628
30451
31818
29776
26636
23973
7647
32721
8463
6987
14624
1712
711
4702
373
7754
32368
6970
10647
15105
20788
28533
29079
5682
8780
24430
22051
12391
19561
1577
17669
17357
22098
28506
31468
15080
24270
25535
28271
32645
32708
20403
27727
13808
27809
30721
18684
14440
20474
28918
19291
26320
11379
3002
13511
7847
17631
11744
2646
28474
20392
18235
861
24088
31089
23027
16694
20423
31483
18649
13376
26805
17989
24568
21032
31345
3832
19308
359
20763
12801
28792
24076
29978
16512
23762
15292
13580
12769
16449
2295
3075
328
9322
30620
14318
14899
22247
3760
5205
14427
14746
2395
3402
7899
27969
10035
16028
19091
2634
20926
4941
17359
23528
15153
31046
29476
20838
23166
32074
7579
6588
26766
25385
27666
7520
17099
3638
478
19038
22242
19962
26293
26283
31687
25386
18380
23734
23545
20695
21564
13889
21767
19941
14506
14703
28755
27326
32295
23582
22806
16199
20565
374
29604
13588
28363
13762
31218
16856
19899
23679
16725
9759
10706
1203
3468
1087
4960
22401
5377
25483
13497
21753
6732
29643
22491
21301
16121
9449
28497
29601
29579
26349
9815
666
10432
9771
15422
30011
9751
22459
12050
31091
10640
10794
31099
19547
13491
11887
26593
19143
10963
3361
18643
28700
9364
7143
31914
14177
7339
26415
10345
4760
23013
1059
4072
27726
14955
16088
23346
26481
17476
30921
19243
20834
7963
19333
8566
31307
23363
17316
16277
26547
10744
18431
16722
5455
27368
289
5726
14363
13042
21752
24377
14250
12333
19152
4433
20922
3884
27523
9838
7180
17792
29161
23373
22643
25983
24470
16779
20266
24388
18885
10438
9066
21239
29327
8958
22076
22607
609
10305
27533
24404
30124
7559
25984
3690
4830
17115
2568
16779
31890
19643
9909
3796
13315
11458
18126
29763
8135
19844
4001
4799
27322
17850
14103
6744
20280
18079
18571
19409
8847
18841
11228
13147
13491
16668
8897
164
22580
20683
12381
8208
9838
20705
7956
31046
21504
8400
6300
30447
10623
3368
1111
15290
29803
19641
8160
10404
1121
22780
1508
6262
2195
9647
5939
29839
24950
31680
31254
1763
15034
31596
9188
11588
383
2472
8400
20961
2758
11456
3589
19724
32293
7230
31221
5184
22720
2061
7917
23138
7284
23262
11245
1351
32597
31691
4024
7287
12123
21306
31271
5424
32344
5893
1986
8110
2605
8664
19345
22954
13630
23002
11056
2593
803
27279
16674
19030
11681
22013
14695
16410
1496
8461
23633
19787
30141
7989
15251
22683
13771
8532
13723
5010
2806
3037
17186
25047
8417
6200
17153
17835
21584
17765
14406
30134
480
15331
11911
6
11510
10448
14454
7765
4853
21585
15542
8074
32436
30516
1261
2691
28719
5076
17179
24082
27772
22077
298
4677
2561
16273
11974
16107
3301
8363
16750
2899
10180
10241
6859
19287
13479
1743
10561
28057
31283
29042
30405
7949
20768
32529
6638
18360
15853
11395
15694
17591
21202
1645
12546
898
28151
16043
14984
25202
10211
12530
5841
31361
1591
6835
25239
13906
18076
2626
23793
23153
22010
18743
14373
25307
18411
17941
27837
22977
25199
16681
17117
2953
4577
16565
1491
15382
22825
4174
5616
16713
4660
20355
19606
9927
4769
21439
26259
16125
2237
24945
26797
17762
9394
105
12926
30204
25083
28549
13187
15910
1307
31630
30319
27280
8591
15709
30405
30343
15361
834
29861
24695
23742
27046
15078
10158
9834
26350
2918
22370
17651
20131
9630
17142
18627
4048
7034
22393
16954
12972
26727
9840
12635
22905
32429
3541
7621
18604
16127
8543
27365
14926
3664
14596
15467
162
32233
18621
32506
15368
14777
25993
26916
10273
12524
7092
2197
17460
11455
31321
12174
23249
18834
30758
22166
11444
1598
5471
18028
17131
23978
24357
7743
11324
7833
14329
2593
10689
30150
2428
15802
3797
24115
17272
1849
22580
27582
19492
3728
15965
9205
17828
5345
18235
22827
19664
18483
6917
15308
5430
32618
8291
5613
1634
29302
9170
25895
15965
17098
3657
18086
7539
26640
28445
27005
16185
21787
23842
31548
1231
26909
29459
17093
5219
282
27443
23899
29174
15772
7733
20988
5475
20649
26969
28401
8605
26610
16345
9635
8504
1869
27523
22704
27691
26469
16551
20542
6868
11440
18739
18576
10812
2722
11037
20183
13725
10017
19969
24650
26913
21048
1036
32632
4589
26127
14872
13277
28510
25371
29464
10164
10642
7314
4791
22541
4395
2338
15164
2847
3151
3042
17073
223
21747
18825
836
4562
27738
24030
2797
12319
26584
1391
28241
32488
31452
3974
17127
29658
25134
11353
1113
14083
5236
27521
26925
13540
23547
32429
27300
5832
15796
5272
994
5460
20861
24632
27728
22878
28578
8249
20799
24323
22436
15017
21198
3827
13369
16629
18445
528
8339
28692
3682
9016
4837
258
26668
9054
20516
23920
11943
29664
19723
3258
23312
15124
8289
27929
11017
30500
27262
3354
25662
17181
22028
14670
31561
29250
5643
4675
8659
30118
1303
16052
32764
16378
18926
3581
7421
7075
9517
7889
15116
10000
19546
24111
10881
27466
30247
29330
22582
16588
31733
26473
6963
30358
13464
11462
1419
28541
27738
16218
15489
10693
7746
3233
7151
25841
21142
26458
10473
23002
18078
8250
6045
14591
16811
5857
26749
25372
15192
22285
24737
4094
14096
5646
24934
22421
30928
9338
25436
20811
30510
10273
6239
15764
11931
12867
30979
28102
14821
1537
16694
24108
21504
8978
8224
13909
9989
26807
8014
9138
3195
25841
1296
16993
8918
9201
13855
2115
23613
5072
23171
26196
27280
20608
18868
5180
11434
27651
512
14881
227
1754
12076
27840
8409
19649
1118
12220
27249
10649
27963
29237
14872
19110
23116
14749
14927
16378
11430
28359
19558
21041
1226
321
28295
24671
30922
21732
17143
23111
30125
11689
7321
10958
20501
3519
13492
9903
18463
14810
28149
21359
1163
22477
18616
6804
18717
23387
27779
15634
27714
13642
27347
6918
20471
30906
7964
9126
25063
27317
20491
376
26323
12295
30222
22211
5431
3408
19222
7748
17195
27991
1948
1057
11143
8609
28898
19235
3658
4419
7291
4639
12349
18932
3341
3509
32211
10086
3158
2621
21844
1239
26221
18943
15418
11491
27210
5026
988
31644
21385
1256
8521
26332
363
32152
15479
24794
7966
14011
15005
18684
8510
23050
18397
24300
15515
11688
9254
27630
14909
10253
14169
5745
19621
66
12458
5091
19030
3668
13642
11466
29076
4099
25155
18193
6508
9658
9635
27295
29684
7108
13020
29743
17876
21436
5739
27227
14085
25157
11448
10489
8409
13564
61
22187
32060
21675
21227
22706
23353
6080
22217
14595
31936
22781
23007
12957
422
1648
26962
22553
17389
7334
12240
2179
18758
25116
4910
9832
28116
30454
21840
17712
11315
3315
15434
16558
9913
23457
1476
29430
22011
9421
10659
31855
147
23870
12262
21033
24609
19875
7629
1648
6032
16329
15937
32673
24219
3089
18800
4412
1679
6946
12216
11067
15442
12251
3014
5026
11172
3467
32767
24152
26533
20069
798
5941
15511
32302
24607
21084
20198
19769
27997
5835
11109
28565
16119
22320
11483
31877
22647
27902
23230
25136
8630
18881
9534
16794
8954
21167
8838
18131
19554
6783
12606
20847
19588
28030
9300
309
14932
25567
23548
31516
5704
28242
28661
31347
26297
4313
20238
607
29581
16343
30698
17290
25875
4970
12032
2586
18990
17659
21989
18400
18870
11028
18382
3794
795
10097
24401
4028
25163
15193
2411
28978
27350
13871
2503
4809
15952
12868
21565
4231
25080
21487
8090
6807
1942
32480
5535
30017
23978
30129
17484
13594
10946
6078
13406
2936
14380
12599
18710
14121
20429
4467
19772
28005
20817
23431
20836
20224
8837
17688
16240
15844
32512
14189
18262
9919
27401
1736
2339
4857
19893
13303
8256
5865
30288
27686
29684
28744
4350
15095
28971
26854
20130
8917
4470
20891
17407
3973
21330
10625
17438
22269
1965
17760
14831
15482
6310
2922
17714
10701
11669
5929
7832
4853
20555
22965
1830
14323
30619
2602
18139
14554
6937
31321
32402
12326
13345
9150
20778
18254
20507
179
10211
31133
6142
1506
5643
31037
28947
20480
8155
27285
6908
22969
26780
27093
28404
19942
3085
3790
9304
18950
9993
25352
15975
9452
21349
32270
1862
3509
6936
15373
15430
5885
9886
17053
20330
595
10910
18399
25124
24553
22730
20424
23904
22160
22534
21436
19139
10212
1997
2143
21301
17604
4817
13736
1693
1542
5346
21815
20715
23912
22545
27368
16476
4809
27925
19368
249
24985
8942
18055
12642
2702
8648
25615
29897
11672
11553
12244
26177
24
20782
16461
20793
13133
32635
28898
21315
7950
24275
582
19227
1215
21087
5383
14564
32382
31761
12900
29620
28317
15940
22366
22611
853
156
13842
21824
8888
15412
8517
30709
21224
4856
22081
24428
29319
30287
6368
14306
21870
8446
21990
9179
6562
26697
16275
13926
18563
10330
6265
25250
6215
20455
8332
1153
24999
20240
22648
26316
7640
28038
3895
27240
189
19442
28130
13015
859
5269
30151
31745
29325
7979
9405
32053
22009
3094
13236
32107
17218
6840
9104
31948
29056
16161
3128
6004
8429
15082
25065
1398
10976
15712
9425
23584
19968
20198
11993
29825
2737
2964
5058
6953
9171
28964
18291
27952
6060
17423
32401
1658
9506
20467
32081
25912
12590
1848
18570
9906
8333
17907
27919
325
31161
15370
20795
8103
25367
17050
17613
16755
20850
8341
17142
17633
31400
688
6833
32212
24739
10876
29011
32283
2187
6354
21347
13040
12858
14197
18347
31685
9201
17907
6287
7745
24137
3532
18334
15237
19564
8662
24423
10931
17540
11488
6030
23729
27764
5014
32543
11562
22215
28069
8481
17622
27621
6687
22383
28924
29581
29472
16323
5173
21119
25778
1812
5234
20601
27374
32546
27200
31333
15204
12879
13643
29905
7613
27056
31265
21151
14239
22884
27961
17406
20433
26404
28468
12697
19616
16156
7778
6158
29057
11001
8584
14241
8183
24388
4065
27698
8119
13038
6754
16748
12811
29996
23106
5952
29812
21893
26810
27281
22163
4648
9226
5681
10057
24708
17852
8205
32030
17427
11820
26276
32223
18294
2376
17086
18827
19399
12437
29018
3185
25131
28275
23016
31890
25510
1697
1208
17996
15156
10243
21939
11322
5653
11171
24393
24150
28264
17655
25002
19552
9211
1890
19001
30596
5986
25852
18237
1847
31558
2710
17370
9570
20480
15609
24641
26050
15718
7023
14883
15502
16101
27525
6507
18523
21969
21006
21804
29502
13816
7531
1240
12080
8317
1290
20916
20918
24804
557
31880
21185
8297
9709
27547
29394
918
4222
21726
3171
17940
28084
22632
5251
18626
6854
7970
3776
17924
22867
20932
30793
8286
13218
31744
28244
32577
30254
12284
5054
11812
25186
32262
31217
29143
32417
5252
4363
18452
10121
7209
25405
17752
18041
9327
8048
1264
20816
13377
14127
24407
30584
21239
5057
23231
8228
7560
9877
2542
7637
15355
22756
19787
15139
19231
7825
10809
1210
3708
12372
11427
29859
32393
12567
1752
25285
1824
17056
25498
24235
2606
19825
7793
22151
31407
32748
22086
12151
9178
18619
3628
13064
28824
20591
20609
30201
18235
13927
2102
7233
19821
5364
1131
7762
10342
4282
23103
29600
3427
30554
6374
18013
13907
12622
1020
5255
3795
2836
18456
25125
11612
6542
23973
24782
27835
15785
3565
12394
14786
2877
20087
7485
26942
5940
26259
32545
10793
28911
4915
7698
26656
19173
7420
16368
12823
5773
5277
17281
31051
6015
10592
27830
15480
12758
19966
17967
29516
30680
8120
15360
19996
15065
17315
21430
7639
9052
11844
9621
30776
5244
2396
31524
27711
24202
11269
14060
23265
1272
22782
27004
18431
7029
14148
14256
14229
32346
14562
30259
27444
27205
25609
7747
5042
14083
12899
32692
19232
14772
31397
21560
27388
4649
6244
6109
4776
26513
17961
19159
29211
22613
24007
128
11479
8512
29420
24477
26906
16355
31735
30691
24409
5176
32009
4282
32234
17797
26975
21824
29953
28291
11999
401
16093
21696
8176
30022
30787
12098
12175
20283
7468
16493
13216
30358
32187
18215
8577
13572
32625
2873
30949
17990
32420
2296
20704
237
25645
38
15166
31841
17250
27155
29209
22568
5188
6919
939
2149
24057
4836
28768
19359
25980
16648
28463
11716
13459
16241
19499
15470
3329
18724
5461
20580
7165
28623
2485
4196
484
21677
32425
4384
555
26794
12156
13958
28567
30664
11066
14916
10416
961
21699
31628
14451
12782
10527
31764
28487
20583
16401
11874
2098
13932
15087
31046
11853
1027
5552
5288
30325
1251
3655
9091
8516
14993
5680
12082
14655
20937
584
26603
24913
1823
27873
20105
26489
16102
32278
11150
28607
21585
3676
30568
19308
25560
22362
6131
20602
5341
9979
5952
17738
9872
18625
14229
13461
17424
6492
2228
15781
25555
30843
25184
13509
13895
3298
26654
10230
26553
3772
31289
7139
14711
3123
14344
5399
13873
23615
30579
16750
1445
13243
21940
21961
9084
4286
17755
29702
32110
28712
15765
11568
15533
379
28333
29682
16001
19693
8147
4946
47
32699
6685
32156
544
21183
17611
1947
26175
16197
22223
25615
19875
30235
16781
29532
14702
19687
14559
15232
29429
5565
31836
7239
16161
5361
17882
5058
24853
2346
305
9973
12304
31160
12610
17104
17557
16168
9784
10593
202
31253
26894
16199
30751
27713
82
19818
31279
26596
29224
2793
17643
18755
10129
852
8693
11909
5357
11548
29514
25026
19391
17479
29476
10590
22961
15720
11039
29333
6360
25807
26266
2646
21816
32253
9312
22613
27531
30555
19336
20572
17726
1579
10137
3553
21949
16062
28658
19934
31984
31975
24169
15069
29445
12465
6451
16210
8561
25421
29700
21038
3377
2126
19574
29105
13910
28441
1455
16512
4288
26774
26430
30967
31274
29996
25415
10944
20839
3821
2016
30373
4842
25613
8122
15522
7820
5529
17924
28735
2698
20069
29068
1821
10189
17991
15144
13774
7023
1410
25428
28393
12666
31877
23324
22622
19699
17366
21565
11016
6423
6217
7303
12417
24548
26485
18565
21306
10715
104
29024
29899
2821
15514
2561
32391
16692
13600
3958
24660
1931
22562
6295
29114
17216
29327
2281
26937
28065
527
27330
24032
24405
25402
13486
1819
24805
12295
32274
11981
9339
25223
26383
2462
3305
4051
14249
27031
26092
20291
31273
32492
29106
8672
5311
6936
28571
28188
9836
10799
61
25537
11039
22128
2730
23592
11039
2586
1781
2731
31144
17282
20978
4444
18137
28513
28222
19960
2254
15730
22143
29462
9
9021
17645
16804
23318
301
5138
30356
15726
7657
7373
16595
11677
27617
13725
21371
11936
19751
14108
26697
2193
18817
10698
18001
1158
27324
268
8432
8118
13123
1909
25347
31197
25328
24643
14934
738
32289
16941
30560
11191
19215
20316
5421
7810
14683
11959
32155
16890
26602
19043
24009
3091
15603
22410
7885
26589
17494
2908
22181
12969
18480
8532
17776
5231
22444
5821
13023
14188
12316
16244
16358
8975
15432
6127
183
15894
7685
30846
29424
15349
30218
3537
9235
31095
24064
15035
7224
3239
18648
18229
24830
3057
15713
166
9415
20613
7962
12130
30245
14332
31045
1392
911
10558
60
27280
18265
24739
15624
18812
12259
18264
5936
17007
6160
23045
12495
26340
9209
25260
18665
25248
21987
2517
6143
13810
28527
744
23265
25914
29457
22490
32708
16808
22979
6155
10644
12102
20731
28271
32140
3129
5338
25325
28419
7492
15014
19204
32137
9101
32634
11700
6450
32676
28476
7836
8498
1473
30672
21600
12458
26445
15499
32333
11714
21924
15851
7488
20216
16922
10629
25539
2744
24380
26174
24954
9516
18264
12478
32190
20565
27711
23586
1415
4699
13385
2801
20623
26145
26778
29778
16820
18973
22692
2428
9886
12647
22253
3949
15011
2831
29458
223
20711
21428
5389
19576
27080
25938
23987
17217
14201
31068
28800
19289
21996
4363
2711
10987
14838
14325
2821
32605
7086
21729
20550
13514
24598
31962
3850
4531
17917
31874
1593
10993
23075
2985
13364
21486
30367
24350
29022
24341
20862
3269
5083
17031
24237
30186
151
29968
2329
11221
19850
5977
1812
671
22843
15711
19963
17988
31619
27683
26901
17912
13204
8100
14271
10687
30521
27914
22214
17976
1888
5412
14613
25273
28117
6932
13200
9633
2128
13129
63
6890
17586
7854
31919
2302
29324
17953
10133
1996
19937
10791
8629
3610
10029
31454
13826
26909
19621
27699
11527
21063
6337
6740
28549
5984
18936
4713
15454
2264
1994
21375
30129
8796
14596
23492
18759
8615
3904
5626
14382
32667
27563
15142
16803
32656
267
31880
13622
18668
22272
2512
28712
16115
4745
18319
2584
2785
10187
18924
13534
3126
22798
26520
21432
9042
9993
30980
3492
2625
5727
6097
24332
12248
28265
29320
28328
18689
21814
2187
10657
3155
27856
25163
27378
19430
21953
6588
12820
24933
15062
18182
11482
8292
18979
9598
6298
17140
16199
1236
16013
1141
25330
23181
3960
24236
9124
1972
8844
7446
11191
9933
7051
14971
6303
30219
15405
15557
14193
12739
9410
787
27298
29471
2072
14858
7441
26391
22175
27243
26184
29085
9419
21995
17407
4376
20666
5695
3298
5652
11031
12918
149
824
10046
7819
6388
10616
22177
22843
159
21644
13162
7188
21174
7072
32354
20943
2017
10829
13329
18143
13460
5576
23847
18506
31889
4697
15898
9400
24494
7439
10769
17353
17368
28083
32001
18348
24664
17658
277
27886
28245
27390
17236
7311
17050
29167
7038
25691
13466
4358
27446
18807
30385
11195
22630
10555
17325
22840
1760
7231
1421
13
5441
4025
22921
23077
24859
2310
5458
29945
22099
18310
12698
515
19911
14509
15831
2934
16180
29271
16708
24876
19032
10076
11561
20960
23379
19045
17501
1181
28243
21246
7177
1654
13936
22764
6574
24696
11221
31168
4714
18909
17697
15532
28535
19074
24589
26774
31732
24988
7502
107
16360
1190
13245
22966
3204
2718
32437
369
7592
22384
19388
25370
29865
23475
11110
26122
20562
15507
18807
29955
26152
14350
4168
9224
16626
6500
7020
26737
26745
20936
15762
5950
13965
2396
7597
7596
32072
15452
12115
10246
25239
14489
2659
10942
5365
3882
26091
444
15738
20062
14921
6646
21269
6133
20112
22849
13078
26511
13613
14438
8943
7524
31690
17273
7995
8502
4722
29798
7167
12676
11766
7117
6704
13057
10640
19472
13942
5188
11207
31402
5424
6593
4754
19394
20408
9720
27328
15359
18152
20972
30359
7327
32477
27095
1980
5571
26618
8732
12371
8973
14640
6269
3942
15981
16253
30094
15499
11576
18099
17001
5825
9083
32635
18084
31388
12686
1689
640
9122
12268
29042
6499
15604
7489
971
16521
25905
8901
29395
1526
10647
13001
22884
943
15467
30095
16774
21289
27291
30815
26421
21762
5283
21207
6244
8431
11949
13955
22081
12790
3068
7342
7099
8925
31114
1655
27969
3810
27632
807
5581
27308
17543
28865
13602
27010
29133
10971
850
17083
28426
7085
28034
27509
26419
25448
28657
6282
32526
2505
20791
7360
2711
28141
8907
30528
12707
26727
10952
9802
18371
21392
6897
4646
23403
28190
14578
9310
16467
19448
23529
24362
6430
18761
25380
2348
9274
13267
2604
16733
20487
7815
15875
3912
23099
4946
22443
17270
32389
5945
24551
15401
30832
13480
16454
25165
23691
7
1372
29355
3271
19087
5715
26464
19488
30556
1443
5517
13695
9923
24349
21329
6623
11237
5934
14836
2479
132
32610
22629
3448
11030
25639
27111
20928
19224
14292
25863
18990
16293
28393
30417
4079
7239
29080
15939
32599
24589
18053
23554
22732
8926
23243
10828
26848
11532
2879
12590
31677
11564
21240
10999
8134
38
17167
11500
31611
16264
10147
18493
15005
2592
32288
14136
22163
15049
8385
27325
15885
389
19284
3058
8167
4812
23870
17975
23888
24868
31934
27997
26411
5362
32630
21522
2741
13968
15399
26272
29033
16031
10684
24024
22561
159
28554
7752
16765
9149
19158
6069
10120
7659
28055
14533
28825
25910
14974
19195
11128
19284
564
19176
22210
14205
9699
4256
14223
12925
17143
23660
849
30982
19494
7102
24832
2122
13229
31338
1396
22729
2781
5138
28434
15208
15063
23010
1194
3268
14996
126
7072
12997
26152
2617
10570
6262
23367
16776
9114
7188
32520
14262
21757
9061
4329
7129
10114
19018
28435
32260
11071
24472
28640
21182
23537
9252
29851
19123
27106
29
6535
21162
2576
8863
10018
20407
4491
16260
10410
27570
24607
24446
19425
1511
24115
30307
28174
7183
4593
13255
31300
16256
4007
16848
31974
27296
18797
26182
4203
19103
521
14826
1887
20838
26383
27145
30634
9162
5709
14416
2837
14342
4709
11490
14602
14440
27324
11944
19867
32330
6803
30184
25031
14660
25460
3354
10488
5792
9936
21495
14287
32014
742
14546
10276
12441
14054
7211
15945
29402
4695
4738
29583
29548
29622
30825
2572
9376
6752
3293
3483
18545
20402
1494
26147
18874
11118
21277
24349
13734
30560
862
18512
26984
30274
32638
5087
18477
4574
4142
5510
3407
13426
25025
18209
3788
20824
31290
13934
1014
24806
21930
19
9324
21396
7353
31715
13128
16476
10626
32349
19098
21095
20132
21365
31510
14821
5269
22168
5129
9277
24890
19434
10130
32614
15797
24274
7950
3220
11903
27064
29652
1560
20918
27405
24611
23681
14264
19340
7256
20232
10736
22976
31844
25387
21488
7879
382
32663
704
28757
13333
11851
28278
25596
23049
18939
16903
1962
23834
6834
21853
883
30113
9660
19882
2192
28030
13507
6139
12712
3921
22584
29200
14415
5613
26869
30059
9165
12297
19744
22695
21792
27705
1106
23307
5188
8477
16120
3679
689
9688
1274
29438
5926
28356
12187
6701
1701
25189
15009
17067
16062
31387
12469
9098
21777
1563
14092
22844
4111
7711
31815
10481
27904
9309
3736
3617
18250
23862
23847
18020
1264
31281
26804
20362
27737
10407
26493
3048
1875
30912
24674
240
14167
12446
327
25605
24335
24535
13498
27021
17685
18217
15061
2631
5118
26729
18790
13022
7063
21181
30542
4543
14190
32523
30503
30504
32404
20657
25898
31618
8354
3703
11343
24561
5114
26561
18101
23849
31055
23050
23877
21635
22632
2701
2707
5968
6688
26693
17668
14445
25522
10776
13366
7192
14131
32080
30108
14849
32096
30794
5225
17828
23706
9586
14512
12503
303
14959
20937
15519
15067
20378
16374
3144
5007
11189
16710
28341
17264
30682
9658
20980
9763
28593
3751
5397
5448
25062
15707
11325
19524
5338
13571
19190
14660
25497
13261
2249
24447
9997
18249
13327
11963
16241
21
18180
29714
20999
2233
13085
18422
3854
9168
30364
7539
5103
21865
12385
22196
15799
15276
9731
713
32713
23233
28703
10407
4821
24557
16624
17264
4100
8190
31008
21493
19573
21738
32478
11130
2285
24243
2865
21433
18890
2957
24972
14377
27449
11075
9634
29823
17833
29143
17275
27765
30336
28009
7624
4299
8460
4953
30324
30092
15292
10416
17787
7571
15760
2492
29183
8013
16334
5371
8601
1729
26615
15675
4589
6349
11769
1790
12417
23474
21158
29987
25807
2259
6757
10435
16536
19385
8231
14426
2684
29275
21661
551
22216
29340
32169
32213
8847
26902
18962
20826
9468
29974
19835
11552
19174
5607
30870
13154
4261
27988
24981
28378
11812
2920
28897
7321
18744
10104
17935
19766
8752
27236
26896
8490
28334
11801
7079
9339
22197
22106
24352
3480
18434
9921
576
25476
5024
14848
19320
20279
2487
32365
4957
7234
1957
23486
25437
11441
11343
26128
27818
25653
9913
16943
27515
20099
21205
7953
19060
1271
6297
26787
6754
6013
16724
6089
12844
31921
14146
17311
2823
19781
25438
22534
11496
20131
7543
5468
16191
4308
25222
15754
4578
9121
17727
4676
12871
9976
19686
2188
24823
14993
13924
21880
31551
4304
19354
14390
11561
10478
17653
9549
32683
29780
26947
14117
5917
27463
24517
1994
13808
21706
26757
22509
22430
17856
28393
10028
30685
6994
10889
8595
23064
29840
16958
1634
25887
28507
9595
27664
26398
11394
4065
1425
21964
24363
27405
19669
24292
27509
693
13969
23769
22619
16115
21313
966
6364
22752
366
23203
28760
15717
5420
21695
30270
4686
6376
8042
31972
4512
2912
30706
24502
12077
16115
7634
31891
15461
15899
13605
23668
32367
22840
11617
20303
27257
16783
65
32571
31820
21906
23811
16084
23331
610
5076
5857
16573
24210
21897
22324
22193
25134
7055
11986
32258
24571
19493
3924
13555
9217
28360
24461
3868
23367
1263
16749
29630
10462
23289
28453
5716
3104
25956
29580
23914
31802
32319
16834
11186
23784
5858
28691
16213
12416
12764
6686
7047
11058
14637
11830
12382
2958
1206
10760
13540
23622
9453
2686
26475
822
17877
29412
10272
16801
15918
20298
8675
2494
7912
30249
30038
19827
22238
3401
6708
10848
16065
13793
27365
5919
8530
17409
3663
30154
5077
1325
13294
12222
12994
23114
22055
16031
5821
10431
30425
18077
5576
26324
2614
9717
9400
18269
977
7610
27877
18589
14839
30677
27174
10853
4931
20043
9469
3964
12909
22462
23822
20035
5219
23863
14294
13465
21659
15650
18329
17149
2983
8090
32412
8946
31754
16359
25237
23720
330
28485
5216
4056
30022
13543
32755
13296
32714
12092
18580
9072
1121
6769
17738
30356
8810
8247
8593
28979
31598
21702
30289
2023
13233
1314
28433
16494
24839
15005
20328
29008
23529
6045
27829
9410
9928
29087
28688
8907
24481
19580
29825
26277
28626
6891
21871
870
28204
26696
16731
15328
26441
20372
25806
20933
32
25532
16783
20495
9942
27934
1562
21662
17880
8265
31054
7459
11558
12804
20070
23358
9714
27795
29994
5091
25705
10805
14950
3586
19409
22769
19612
5223
14548
27538
30966
3807
17947
23537
13438
13980
16159
8818
17809
27098
13628
18129
8593
25283
27400
28191
21211
21904
2530
2567
31481
14834
21966
3414
17688
17328
21376
18875
23740
20113
5302
23242
15538
16764
7883
16967
27207
11486
8073
6562
28855
10316
25664
31934
12520
13162
18196
4598
22872
7691
1691
21346
6740
15257
15272
32086
27244
26040
24929
17964
28451
4646
9112
17220
24043
32741
26456
8008
26960
16285
16829
1461
3699
6972
20745
26519
22202
8415
11253
32148
25030
21749
23365
11051
19365
20385
4511
10046
17225
18785
5533
3534
25913
23278
4641
16135
11911
29795
16617
12156
7170
20384
9059
3507
18860
25073
15810
24804
9839
4331
2129
1278
4107
11927
2823
10219
27475
211
22364
11285
3225
22516
21596
5161
1127
30896
4346
23579
9328
23868
4262
25450
20677
4529
17954
19621
29004
12212
12433
30254
5999
15702
20177
28734
11281
29497
23818
5161
14790
11765
4231
8419
10051
3769
17861
195
30227
3894
21706
7304
22924
3256
32696
24474
14850
3734
12194
20882
30778
19405
29598
26875
1313
13288
30236
31578
8638
32547
23670
28269
23398
2511
17608
3761
6191
32504
22017
12070
18343
5702
5690
30294
3013
26913
31559
31892
28191
8984
27020
8066
30046
4484
5394
11990
12015
22120
30939
22109
252
17052
22642
26944
22683
6955
32709
29318
2117
19961
13623
11994
27273
22953
4594
21390
7425
27837
13434
18145
26502
32767
392
11645
9120
28704
26389
28996
14400
23200
21941
9548
32178
16877
25638
27432
7629
15567
20777
15722
17517
13571
22416
17253
13347
31015
2201
4664
4906
9686
8314
32520
1181
10771
2365
26252
25064
27371
32718
3535
10365
19030
3923
49
28616
5471
22203
3759
31588
7556
19610
21605
15759
352
30004
25681
24027
26759
16087
1114
6183
14002
30831
6545
1998
31260
5716
10678
13086
6443
14694
5630
27404
851
11356
29459
21285
26936
19289
8797
9672
16402
2496
4224
2195
5206
2634
15654
1307
28563
32086
28670
31200
21913
14720
16133
6016
7393
17012
18948
15914
9769
12805
20313
20310
14175
14201
32251
18355
32192
8487
10425
13665
31553
9285
16066
24161
25390
22267
11626
11082
10769
4283
3883
10813
19669
9429
19434
15898
4907
11078
3708
19956
20781
19409
13161
2243
27713
16210
5360
4441
10049
31566
22603
9880
31193
15310
8244
7137
30512
24430
18599
13775
1994
18865
4074
16166
31405
16279
20683
27142
12738
29298
12841
20837
28031
11509
28597
11964
31683
22158
8186
6143
19969
16630
7067
22995
15009
29702
27100
16892
28067
27596
22116
28180
19590
31966
5186
29315
20840
21230
4653
28075
8558
15775
25616
23395
25190
16279
26054
15527
5035
5077
31521
26509
28233
7493
4402
4987
4194
29842
17604
30104
30673
2108
21034
384
4108
746
12859
8764
22351
27649
2202
32625
24311
13941
18235
8919
11052
12768
11042
4589
13762
4561
30318
12268
6241
32614
2967
31737
8676
26909
19956
32670
23296
1255
27520
379
15910
14462
29661
20537
9898
23545
24729
14784
15140
2718
29361
682
22295
30199
2387
29175
14288
28456
21992
17666
28817
6783
4434
8115
27119
333
5746
19703
28793
30196
1518
25453
5786
32322
22321
8803
28097
14333
31411
6912
23230
27583
29050
31170
2416
16900
32225
1068
17309
20098
20888
7864
12065
26041
23788
28435
14155
28874
9032
28297
9604
13196
14588
190
11569
14557
20030
25248
28379
22838
27502
1433
13965
3971
17055
11017
31102
4145
14930
21491
22256
22152
5508
22775
8280
7227
23788
16000
11455
28477
28030
6462
31592
22999
20531
5847
27059
20728
16140
32473
65
23756
31573
16372
7001
12175
22823
23910
29323
7844
9264
20662
17299
12769
16822
13221
9344
15662
13274
18018
16661
14414
25114
9725
1903
18684
19226
18206
2024
13114
932
2295
3132
9190
9965
29815
10730
2446
7194
31680
21469
28549
21762
19932
12108
3894
27190
4779
12255
3001
14399
8992
16147
2980
25126
4525
29407
9508
23866
5884
6040
20556
27149
14048
4370
21420
7872
12683
22280
24358
26240
5377
4285
18685
6737
717
5092
8495
5898
32242
19133
3845
29857
21796
17794
11496
17065
32056
31489
22134
28185
28634
31882
7381
13391
25214
8459
21831
18261
27033
27514
30207
1890
23568
12403
13620
30116
2800
16163
7795
17468
8545
4452
4665
10123
16597
18217
25537
19628
11653
28957
2331
6465
7966
28295
4478
6259
2487
25201
21983
14644
29447
1033
6082
16839
10197
20039
593
7299
26031
21200
16811
25044
19679
13339
9342
17282
11931
2770
31704
15670
2940
14971
11578
11834
22066
31063
10991
16512
20085
3978
18075
16614
2110
4477
4631
19640
29496
6529
17020
30838
30321
17589
18814
21464
29782
30505
6396
28432
19166
11075
17620
17743
9221
20578
30460
12426
10876
31938
27087
19070
30367
30368
23716
24306
18343
22686
13989
21308
23841
21864
19423
9990
1183
24216
30869
29266
12205
13015
1754
1212
9734
5957
4703
2559
10248
16412
24201
22459
5478
11408
21190
18550
27677
31225
4386
18400
13225
29235
23317
29787
10360
22853
14495
31162
15263
15938
5527
2377
15052
21357
18753
4878
13435
4512
15390
9295
27757
10991
8200
3925
29782
4232
28286
16495
15575
4061
8508
25657
12971
19206
22798
17181
15397
4192
26343
30235
10970
21883
27437
22726
30107
22835
32600
23695
20134
12572
7611
8518
27164
17956
15265
30430
2230
1139
18844
11377
6836
17046
3610
20611
3863
9181
3641
18059
8976
31233
30941
21936
17848
27146
18431
5328
25601
22640
3144
22470
12525
24705
5854
493
15870
23298
30078
25056
30701
14361
29899
31364
23455
12395
7397
23881
30548
4481
23614
31148
3106
10608
21673
1537
25506
5561
32436
25967
11753
31086
5944
12092
31673
24214
2862
15178
10489
18131
21956
22498
19299
12098
1201
3249
31101
2979
22213
3856
32202
31930
10436
19337
19009
17908
9332
10390
16382
17998
26101
26283
7992
30835
2897
16759
13171
15908
25172
13928
4086
31453
10398
5229
28800
16822
4598
14591
4663
6791
2273
7778
6369
8783
23923
7976
21590
2775
22118
4856
31285
15762
22633
10381
10199
9672
6074
8449
16513
26099
2039
20556
31710
31850
32306
1800
14508
6972
14659
18807
26549
14175
17506
30662
8961
4874
26613
19347
17738
18271
7334
20142
5552
4429
13497
12060
23470
26037
12188
5218
28493
4299
27584
23040
6551
25792
10920
21307
22863
15262
6976
31775
24543
20595
24175
15301
23186
13233
14831
7122
23555
24277
27997
6464
31190
11079
23948
29281
29349
12417
2591
5664
28733
19828
343
6283
14859
24871
17961
20622
27601
30370
23700
769
1181
26634
28721
16102
25084
15629
18700
20203
31595
18561
690
25655
29198
18759
14731
24162
18597
4726
8810
21701
22459
32437
16483
17653
21024
13033
11485
2698
28058
29713
9703
1061
984
5229
22224
2481
16295
15334
3825
6120
10857
4010
23246
21785
11714
32023
13150
21289
23956
11226
14246
13017
7726
23384
9357
3142
31424
12109
32491
16566
16402
12210
9187
6545
12150
32741
13171
22702
24060
4356
2377
7632
5092
21401
14296
17777
16473
11389
14764
9406
21852
12534
19706
18146
8190
28195
11644
3975
28882
16282
8315
26266
10402
31055
1838
20815
32097
26808
27458
7270
2913
28974
14778
31660
1734
18327
8185
17092
8507
4418
16157
6951
30691
27154
10639
23402
7570
5599
24280
25536
5438
24857
14775
9151
20656
29870
1136
11623
1919
8494
10086
31072
31295
25902
9708
16515
30198
13034
23897
3740
11215
14638
14938
29294
12563
13174
22669
28408
15188
1364
16459
4599
27884
9490
14021
21420
17830
6552
21586
9183
3002
3985
21767
18468
16639
18890
22409
28509
30812
28890
32287
7808
8063
1544
9739
23195
4306
32105
10523
13333
427
17225
23931
5942
8388
12492
18381
1513
30954
13269
13179
7873
27641
11815
9548
5435
23047
20427
23606
32579
18656
28849
21620
7161
8115
11674
216
30644
19210
19508
11873
4423
23807
10887
17936
25732
32173
15761
24824
32255
16358
25389
25237
31765
11812
2874
3422
8492
9153
31736
17821
23355
18026
13749
30335
25742
13265
14762
19815
25027
14242
14368
16264
8473
7609
27095
3507
24298
29842
6311
14957
13173
21504
7016
9797
3553
31778
18704
18021
24703
24723
10011
10598
25168
29666
22320
15977
2503
18242
2049
4707
9423
21122
28019
30648
12816
30783
1023
19468
24430
6744
9047
20565
20947
21154
9293
18229
6703
9181
7665
19848
31677
14055
32250
8505
26503
30768
104
19033
20780
10606
19047
23154
16609
15250
11381
13848
18102
1274
20423
7362
13083
10216
21225
25304
14498
15667
6566
4621
23302
5948
21543
25583
20333
12580
351
19132
12778
7740
28838
31864
13382
3517
1699
13372
10752
14010
18800
7633
5522
16466
30713
8062
6902
31274
12453
30237
31593
31003
27449
22388
32367
27687
18937
3779
27671
15794
1552
18330
31872
21742
31537
31469
24732
2968
5759
12906
18484
11234
11434
5642
2348
2736
31579
30695
19465
4614
22995
21069
25008
20417
23759
27667
9840
23686
29102
5932
5699
12025
13525
15737
30289
12079
1875
12257
14262
7781
10177
27556
30597
9970
21100
18924
16397
10362
11447
19878
28507
5221
32698
911
26368
28303
1583
10386
26900
17985
20879
2641
18042
15201
2680
22018
16998
25573
4178
18812
20253
9613
15410
31377
2044
22482
19198
10399
3260
16922
13011
19554
8692
18989
26531
23052
15071
26348
21283
27032
20576
11073
996
14683
10563
32082
22463
16092
30662
19962
9591
14821
28760
25721
10650
32218
15776
4714
15016
25930
30145
25590
2167
9156
29917
8264
27350
27116
16600
11840
881
4045
23134
12652
14069
14705
7975
29492
16756
10671
8569
27732
27146
14149
6383
656
6593
6183
20602
20130
22962
30486
13733
32376
31853
1907
27933
10140
30363
2902
4208
7668
10978
32731
30997
8875
11529
25532
15533
32623
16477
19493
16008
25053
5459
15299
31339
2873
2670
28703
27792
10339
29795
6442
15087
26118
12668
12056
956
5395
3130
23154
30001
29550
12606
8807
4749
27879
15465
21860
19037
26731
8515
24548
16890
30075
29337
1416
31315
28126
19819
12394
12780
24467
27397
19119
10279
21258
7787
22107
9667
16788
16634
14185
28322
20503
21069
25628
207
8710
20318
28560
17599
22672
1261
8852
4823
4632
24870
5820
12847
32230
2174
1969
13462
22556
12766
20172
21462
25067
3587
15587
13369
10758
15909
18019
12363
14679
7638
13727
4578
30706
25646
22376
23644
24135
24613
21982
3112
18075
21568
13701
28552
29369
13680
10396
31892
6628
20791
11434
18563
4881
7948
9817
1062
28499
16641
28551
8629
6295
30627
2971
1998
18577
3361
30229
30139
27638
31665
16234
31988
17900
21296
27662
13284
26559
8712
18898
1520
20693
25943
12144
17590
19172
17486
23140
24210
22114
6871
24318
24167
15165
6010
24246
6300
4557
28801
30911
10596
22535
29786
10463
10307
26355
31038
2173
13518
23648
28688
9724
16562
19670
7816
26183
15095
20940
17552
9389
134
18459
12526
1264
13801
21171
2340
11160
28243
30092
18580
20621
17376
23776
15080
24549
17693
9368
30129
7419
23499
13316
5454
31681
4320
462
16656
9303
20943
21553
15004
21724
6921
20838
31888
5508
11204
29791
11369
29418
9979
14776
25508
12968
17846
6379
5155
13862
32395
7619
3027
32687
18021
13843
23436
3530
20100
1959
9528
199
25541
25211
5432
16024
21284
9003
2819
2274
30591
6571
13584
14676
21661
18488
9207
6200
25454
3726
6355
327
29588
5468
4842
19138
17955
3573
24720
8894
17829
6728
14152
22208
32610
28946
5933
14729
16862
4690
32144
6963
1186
8190
10979
1917
32063
12020
32725
15972
1425
9267
13759
6899
14145
29259
30271
23643
24717
19218
5666
1350
13900
6553
30600
17769
26412
22622
22338
8536
29759
6083
2431
19615
29366
18623
27048
27150
6892
8148
392
9812
18598
9281
11184
24784
20633
16248
13594
22179
20268
24786
16908
1034
21632
2434
31295
12267
4525
21704
16449
21933
27471
20583
30744
24909
5442
14680
8488
29102
7081
28864
18263
5425
32053
15648
3950
13446
15012
11211
25282
8130
32647
9886
32277
29105
18505
4587
26551
15725
10605
1718
4336
14895
7191
32036
9891
24934
29646
31536
21803
13062
24960
7072
905
5155
10182
311
18881
31678
25706
2605
9857
25055
4903
22492
14340
9444
11695
32444
31798
22808
3315
29329
23577
13959
28574
739
1639
6417
18914
31663
23929
18110
17016
15964
31847
28753
226
26352
6001
8224
12532
20868
15261
2850
24466
5110
12706
30794
5307
16349
2053
12819
20167
194
2178
13917
17132
27277
7341
6263
1799
3133
26073
18813
2201
6876
3129
15076
29968
18610
2373
3923
30537
7354
29023
19892
28242
24146
183
19084
372
26934
28524
15239
13681
32175
20724
10584
26378
24840
701
13247
20164
25154
28180
23531
29164
5897
8519
18691
9433
25830
1030
15104
625
10933
11023
8125
31983
7770
3851
32337
27619
12976
10930
11420
15225
6594
17462
800
8447
14142
26079
786
30882
5926
18930
8881
12408
15561
15832
13271
25796
24050
16508
6350
4469
24159
24565
15204
31983
8052
6757
31298
16398
30769
17953
121
3944
26978
17682
15198
10707
25109
1883
25240
4136
10321
8507
18039
27206
14853
30773
22664
15705
14911
19311
8806
22364
16030
7001
7890
5084
4362
13454
10502
24063
14754
25087
30279
5062
25846
2638
19898
11919
31351
15480
29304
21726
30508
28599
29668
14684
24742
31399
22589
27424
25653
1447
21871
31534
30300
31874
3119
6973
1667
17231
31046
6590
6892
12949
4397
24345
26856
7859
14811
20538
15691
28287
5851
14924
18717
1326
23457
11204
9874
884
6174
24226
10812
9195
13202
6131
21632
14009
2466
8347
30535
110
23978
15185
25589
43
6228
15339
13727
24841
874
9180
2937
6840
30696
26619
18317
1383
12886
17286
9651
25828
16724
15462
16061
12037
17015
15540
19442
4422
24915
25981
16062
31155
19673
32450
167
9993
5860
10435
28547
1048
12814
12926
27112
21099
456
14706
32741
26667
12458
30376
7151
1345
16647
23796
14366
955
3013
27769
29594
26481
8555
24427
7248
4328
16764
5145
233
6006
23556
22570
7932
3751
20848
31014
386
15072
25762
15929
25483
31042
4933
12084
27440
24273
18526
19669
4297
21206
7460
7752
1632
10370
7186
14317
13157
31699
14906
8028
6306
21948
31452
12455
12402
23424
28983
26847
7982
3423
5279
14809
18409
22644
6864
19249
6493
32734
19586
19600
10020
8478
2110
15659
25388
22464
26479
19596
2917
17470
14780
14485
8124
31265
19093
19650
29773
6505
9484
26286
13268
5935
18919
9177
26213
31113
3059
7336
20574
2734
1691
20653
15769
18266
25272
10281
3302
3188
23979
11983
4024
18415
18090
27595
4638
12526
26199
31491
7925
19243
1175
19357
21597
14745
161
10177
23657
9288
12117
27040
24091
13705
29648
437
31375
29268
17981
12874
10870
29158
7405
9279
4038
14510
27563
14599
4016
14954
11593
15859
18643
18318
11135
25779
14767
27109
30966
9498
11100
29818
20895
27681
13435
19129
21833
15407
26734
8914
20595
8855
1732
18270
1886
9826
16119
7237
14183
5200
23642
27359
17044
19481
28237
14681
14701
29432
16563
12635
14093
12138
14502
23015
17272
21044
26985
10373
12335
4259
30109
11677
8962
13335
4280
24612
17190
25283
13492
19578
15495
26030
24580
10899
3423
4093
28620
8022
21000
11125
27217
11586
783
3644
19887
6231
22921
15839
14026
16692
19882
17305
29830
15229
25491
5587
23355
9087
14956
15079
27747
30487
4531
2345
9878
30159
14547
10280
4537
19531
7417
14129
23410
3812
26915
15637
6110
18322
27770
17708
31367
6927
15073
19866
7056
18745
15310
27345
7475
3257
7000
17496
17774
7650
20882
20170
24568
23771
13336
26401
31866
26369
17895
13108
23804
7047
14706
27519
10397
21343
22770
29219
13960
20574
18685
23341
1315
10139
22874
18971
12682
11032
22548
18589
827
5796
6861
31384
24595
1023
12885
21360
15481
27200
31867
12423
23513
11380
2083
32001
30036
31624
32665
17099
4277
3945
3365
19675
12199
31593
28128
16057
5926
8677
9925
17726
19764
2852
4107
17563
7885
9091
10931
10142
16924
9423
29789
13361
26863
12019
11615
2340
22377
21459
17688
10540
21238
6775
24706
14123
32132
15724
12039
18353
28913
10343
406
27587
11967
31020
22517
22748
14351
1966
22617
21042
25037
14712
25908
14138
14632
9291
17742
23406
3141
17417
4631
2894
27444
18385
24636
25253
13603
14956
22136
22541
1489
2536
9901
8629
5958
12930
7475
22370
27586
4298
14959
30132
21491
7937
2728
9899
9578
8646
12311
29545
13648
2034
21309
17210
27477
448
28026
19409
234
4913
8666
22229
16560
9646
6194
156
23088
23791
3692
21558
7628
13085
5151
26797
13557
8243
9315
25483
10911
20650
4579
1181
22514
12117
31027
7927
2371
18058
11620
9016
28482
15490
21206
7951
12405
28418
7246
22014
12005
29243
24136
22366
22039
30448
27791
13732
1341
23510
30218
17122
27054
28224
21209
30353
23956
7675
30881
24717
7908
10359
2339
19809
29332
32552
12052
32709
2056
27948
15656
9061
12493
16430
17265
23780
16521
30858
3815
6945
10546
17586
18248
3513
10111
19408
7970
25805
5020
2989
18989
15877
10786
19921
11743
25300
24902
30700
59
15358
7761
15220
18666
7768
24400
26768
30860
21711
11532
26677
2640
2988
26940
8590
25538
279
19706
20130
26341
7897
11124
1073
27266
24934
19684
28894
3263
12314
30146
6036
5107
2755
28215
2338
20921
12384
7638
24872
15428
9000
3975
2615
12786
11726
29123
3380
6947
19972
26375
28669
24139
10302
14978
26447
23110
26808
19729
24552
23276
13754
20078
8936
15334
5915
5797
6525
11712
30468
13255
29631
20798
8182
32737
14041
7412
23566
21295
30314
16657
6536
9870
15659
32124
14467
14896
26833
7714
26115
5267
32053
4494
10300
28084
12978
19898
14
23168
17358
30500
17356
19595
15901
32293
5953
14852
23139
9854
9461
489
8185
11572
31916
24695
22386
159
15152
2021
4221
16061
24400
12625
16141
28108
28713
14843
13240
8983
22692
8369
29533
3088
7232
30602
12810
3487
18706
7639
29981
28090
19210
22103
8361
15158
1143
3498
29723
26588
20429
25864
14877
18624
20134
21811
12218
28878
10760
32170
26307
6566
10214
29728
10098
3754
14825
10284
5454
20052
26992
12098
6990
21966
17621
3298
25409
19132
12786
19215
23661
30556
18915
30467
5495
19666
8718
22049
28035
24509
9825
26411
24731
4878
26843
949
29525
25882
2638
13786
432
4846
8291
5677
30016
1506
15582
17906
9867
16241
31267
22927
28082
14151
12537
18237
9812
24476
15247
11779
10927
17345
27069
2277
2568
29944
2699
8793
32333
14729
12023
23546
25850
12818
2547
7808
16185
26911
4526
1520
32077
250
17940
7696
6448
29637
16536
17182
17531
6597
28977
31425
11655
27137
11426
22848
8146
10508
28671
18162
932
31263
32109
14838
242
1642
13865
14371
18818
11948
21964
13634
20048
31490
29389
8571
25649
15612
26695
15374
7094
6134
3324
32324
20563
25510
23451
12964
12992
7409
28734
3177
21152
22787
32567
21300
27489
28318
10508
30463
30819
18866
20416
8274
21596
7471
20820
4281
26619
26391
19342
26485
11211
31447
19705
7794
347
1495
5933
21369
10140
16976
22096
12711
20106
19550
29149
3870
3598
19798
23204
4858
17443
29017
31251
30599
7737
23337
9907
15537
20950
2620
16885
24251
18563
26383
25391
25908
17126
27069
13282
24103
14124
3792
24894
6547
28330
3671
18152
14618
9923
2361
14074
26621
14604
8392
844
20296
3758
11417
11250
6730
25356
660
22277
8008
6566
1351
30119
115
11069
27775
14913
22806
28217
31770
17423
19220
15943
7447
9183
146
18246
3311
7701
30193
30564
5928
19955
8191
23684
3367
3607
17006
28900
28742
19013
2693
6908
550
7783
16917
25769
12103
26322
11951
11658
2005
9675
28948
23722
15045
25162
30957
21856
18209
25598
24764
13172
22432
28816
17939
4739
31866
28204
29188
25765
14202
3902
26072
7244
3669
27513
8195
11632
5946
10782
11608
10729
13226
8571
23162
32028
28042
4018
6547
2777
10871
20667
28744
13700
10585
13740
492
3955
32315
24888
2547
15256
90
19830
23210
16736
24187
24292
13350
22490
19842
10412
1914
27676
1345
17958
31278
26339
32654
28061
15852
30073
11672
8278
4219
23004
6011
7118
30706
1564
6673
28740
3877
1797
14091
24695
30308
510
11073
28337
15461
18993
16199
15108
21374
20716
1601
5844
26391
30023
32504
29078
9568
30472
19245
726
20799
4291
28973
21887
12429
32070
23461
6231
10881
27700
3000
22473
10860
10735
12623
1255
6823
32443
7600
28079
3018
2337
17491
2701
23583
6034
15856
17698
29527
17741
477
7236
26235
24195
18839
18758
6181
20408
21151
19065
10479
9324
29319
30450
19500
22779
12620
32654
21718
962
24038
308
3784
6531
20766
3162
14381
20746
21152
17867
12089
27153
21585
1191
10263
23394
30690
4523
32546
11323
4774
27570
31575
31990
9120
13692
5386
745
28641
12463
5337
31628
14609
27163
7903
23257
16971
31554
32298
14585
5934
1304
17518
17180
18736
18439
4602
13225
5942
32054
6636
5527
13154
21771
13985
22298
6956
16111
8816
28547
13749
24145
10392
7265
11351
20717
25206
31213
12673
10830
21756
31397
10690
18577
606
566
27427
26221
17422
10143
1722
3696
235
25236
20604
21387
5046
10272
6483
29393
30149
14991
20337
17020
507
12427
30947
4657
25591
30597
15465
24709
1932
21847
27781
2495
7281
11559
18642
21471
570
2958
27031
31712
12423
15865
2460
10299
28540
31056
8764
25772
29809
21462
3516
2872
14058
5713
9179
15983
4553
10346
1194
22767
1218
7254
1438
30249
10768
7606
29924
30824
13414
18364
9972
12303
2345
9872
617
2081
19164
26610
32272
23559
26588
32544
17727
23182
333
16378
30312
6704
15956
13668
12269
17044
24454
14060
24374
28504
9889
429
1538
12301
26234
22642
27130
18819
20279
28447
25228
7239
19134
9549
14582
21611
32110
21557
20129
18053
16140
13263
32177
7674
8192
6971
26586
16509
20161
8287
10101
2770
29070
23250
5843
19160
18527
19960
8657
6854
11035
15983
21932
437
14347
30378
8983
32095
18063
16092
1675
22822
29199
3096
2783
30296
20789
10934
23064
27057
11609
26616
20610
4641
20029
32494
17920
3280
11771
19606
416
10848
10555
3912
2930
18802
32681
13649
20635
14955
14503
32479
19877
4216
16446
30493
13081
975
20571
2206
14416
18744
31288
12543
4230
716
25624
6088
13872
11773
3895
3220
143
13015
14849
12402
14214
30854
12930
20106
6569
8983
11550
10244
2198
24195
29570
14117
20360
23273
32730
11707
14377
24091
22596
12988
25000
3676
16005
9002
3596
23144
2044
23097
22984
8885
12756
17588
4495
2041
1405
17309
6761
748
24924
8724
8199
10575
31169
8825
32083
17453
9754
26325
4940
7009
3687
14454
529
6744
19694
29402
30779
12824
22576
5583
3184
7297
18715
17111
21814
25811
20865
10705
13060
22897
30409
10454
159
19173
25829
9058
7588
15395
28036
21684
1888
26642
1928
8567
29672
16456
25274
11425
9062
18709
25532
13212
23474
30404
7232
30116
16930
28701
4984
10864
1954
23087
29389
19476
6919
4428
27348
14374
21920
29524
25726
27679
22030
7991
21135
24837
32086
19893
14161
19015
16949
10088
12937
15337
20148
15365
11178
31712
7163
32479
27721
704
106
27820
16081
28564
25574
16012
25976
29453
3697
20039
32113
30176
17662
4054
8803
32361
10371
17446
26139
6548
2895
18712
28798
19197
12446
10956
23489
18518
10859
23071
8412
1034
18821
11378
10299
19231
21477
2222
21175
31329
30015
25988
3782
3773
7639
31994
19950
5355
17302
22819
28288
15440
14685
7725
28034
4386
4249
13730
29933
8653
14616
16103
6681
5013
21275
26889
24693
27261
26540
6584
21627
2152
31537
1428
21219
10111
11842
7592
20503
21458
24760
30260
13288
10306
2822
2736
7551
21150
16845
781
9110
8972
6058
24126
25832
10923
20819
9719
31973
11638
8162
4021
12459
27500
21872
12030
26674
1262
18406
7402
18374
32360
22032
14562
32187
10035
17139
26280
6236
26554
23393
28055
30756
15068
6602
23853
12849
22162
15445
6854
30453
18386
303
31914
20783
1459
32035
5706
20761
16337
16492
6599
30691
27635
15815
29364
30561
22251
10188
32285
6657
15550
14461
968
26367
11269
5920
21690
22236
14483
20554
13053
11276
16728
5181
26273
17391
19845
12147
9217
29698
17649
29051
10056
18263
1980
30212
10547
12354
10546
1080
4376
598
20978
30795
2087
18575
3407
27475
20976
19409
1526
3418
3621
23953
30161
26033
18337
15058
19756
28040
29866
6996
21783
14524
19571
16648
20747
8432
5605
7110
25552
9951
21407
21826
15261
32240
28988
22845
18818
30220
21972
11768
2051
14252
32709
12526
5382
1590
3507
3010
8943
31881
22733
30071
1289
30678
1106
5087
23336
9395
9812
4438
8332
25194
28093
15024
8713
28823
27023
14703
8037
6898
21872
15929
7170
22377
3941
12170
8892
2674
6878
12455
277
26015
21747
5331
15760
5234
15853
4804
19802
11124
31752
19544
19759
3457
31607
32389
16764
15206
20393
28046
8641
16814
14795
24957
13114
14520
30862
18125
30398
2829
17706
18279
11751
30193
8611
28624
15219
30776
23626
13472
25322
9051
27784
27702
11137
715
3287
4266
27199
3461
13841
24067
14174
21991
24557
8362
21236
27586
10950
18463
15571
9392
22175
4587
941
16040
11109
24790
3964
4303
13939
5209
27424
16017
348
29782
20810
8433
9700
1287
154
23069
25423
22325
6916
18246
6367
10410
5240
17582
18840
26856
29890
30723
3398
30235
28847
5355
4801
9805
7793
20448
6000
28889
18756
29502
30732
19490
10322
19098
16038
4996
31956
22614
20972
2443
23419
2418
10664
19043
9486
23461
11401
17040
29268
10669
6950
32223
30516
4579
11328
25245
8475
11026
15943
11526
29854
31625
16928
16128
28257
26223
17190
6154
27447
855
12399
2415
23434
5140
19280
31423
17918
3279
24355
21119
23889
25175
9799
22304
11654
4791
105
7214
9282
7182
24066
20426
30838
21915
1313
31834
13630
24344
4971
4735
27657
6729
24928
20296
20987
25300
10976
21157
19599
30803
8429
31262
12673
20136
18610
21444
15851
14480
19396
15720
2222
8316
7593
1036
29715
17308
6807
6039
25266
9020
893
9933
13203
8275
31560
14205
18836
30041
26975
3836
8714
602
25967
32467
16043
8009
4206
27061
26284
26774
32474
5300
806
14850
6210
6324
6846
19379
4104
2079
12421
9603
23397
7386
2589
23710
18605
632
8478
20300
7125
4270
17335
21259
21554
2567
10393
2273
32643
13017
31248
19440
15922
21624
7283
28235
23767
169
13247
14344
9982
10586
11391
23703
22314
24720
19439
23122
18458
21664
2912
30804
19274
23714
17118
22159
18621
10531
26385
17433
3066
27930
24161
20423
25173
4893
12637
18173
28271
21205
6750
5828
21760
15024
14439
17181
9940
469
26960
26774
11284
13917
3876
31770
29895
7104
17607
15629
21144
19853
17884
3481
8154
31327
3557
9538
30665
19212
29356
20929
17427
18975
15843
14863
17303
24457
2567
22464
28268
13459
26250
6802
23333
5143
1840
27206
2387
6896
698
31406
13644
19631
25794
9736
6443
24719
5862
16778
16152
23212
25896
8254
18634
17775
8597
14352
20553
8013
11045
7462
17913
20657
23523
18287
28628
15926
8781
22143
28151
19226
18942
18330
26720
24560
14218
21006
18934
18836
7082
24006
11465
1124
24985
18461
23452
18349
23741
27376
3233
25956
31114
6647
14723
21015
30116
2645
14505
26914
25411
22637
31674
16678
31708
8184
5980
9399
1534
23124
30786
853
21114
30495
26981
28318
5318
25349
20369
30657
6819
28886
15908
310
9982
22748
18707
22701
29716
17003
14381
11588
8410
3001
32676
13820
3484
17392
8649
7278
27620
2946
24087
32698
1437
20157
20851
9153
32632
3743
27570
8340
6799
11243
24156
9771
14665
26748
26799
10331
11133
4826
9447
1794
1498
4107
15037
1669
2182
14252
6958
11388
22789
13888
10621
21675
4957
27079
30075
4661
30327
27795
27398
12556
12233
16983
6864
27564
2610
23425
98
10505
1061
25289
26976
22213
4362
2314
25102
13223
2529
17233
19219
7753
4393
12084
31869
15376
28160
4454
6662
3169
8843
8840
31893
15378
16792
7745
21768
19743
18306
18576
27697
26271
31317
23905
9246
24822
5427
7775
7838
25163
17143
29450
11520
7997
11287
20233
27934
5073
7119
21185
14235
18607
124
23078
17256
30863
19270
28113
8845
10734
29441
19028
31782
4357
7765
29130
10155
19963
14621
31666
3445
23386
30990
5885
28798
16576
5529
29285
1385
24023
14098
32513
31426
24966
24849
16662
22150
16745
23577
9009
19686
17791
25207
32626
29768
31779
5229
21291
31375
10814
30608
20650
16284
3002
1391
17234
30996
30778
3445
31217
17252
16392
28177
11085
17411
21838
26899
2304
16631
5514
5978
29830
20891
18236
16300
2709
3231
8161
5349
30892
22352
26149
8020
20719
14874
1109
21858
20530
24139
7955
10100
19028
6425
1101
787
12494
10215
1648
4427
26507
452
6104
13392
23547
25141
14988
2152
4707
28980
6184
27652
7543
11384
22042
21296
13354
30199
31249
27182
22981
27562
29363
19294
19510
27792
6287
19554
11435
28405
15186
9854
5728
3060
3901
32325
6069
25659
3798
3698
16772
16910
9438
31252
16561
7311
12932
2542
13827
24636
17880
22813
16434
8377
5250
13563
27713
6096
3764
13380
13
5558
7773
18807
21287
18063
26272
21631
10719
28981
6020
30611
18081
4917
10733
13147
9605
32283
6091
3668
5665
23024
25745
19317
10146
12544
2537
29715
6939
26849
7333
14594
20508
19632
15865
28413
24455
3230
11496
10823
22687
22187
3069
15763
21602
27826
12091
8226
21273
23462
1622
32555
6189
14363
30500
32383
30780
1032
15438
27757
19820
8651
7243
27875
1535
30829
3215
24535
296
11560
5375
1765
11805
5670
1961
11834
8558
19084
24754
23728
5269
29623
25231
20282
974
17349
17016
17283
24105
13656
31002
21970
31709
30870
2957
30257
20191
12661
24709
14542
435
27445
30156
1441
30851
25902
2544
27471
26734
7371
3641
6479
31010
14551
29917
17739
9389
14839
12151
32713
18832
5240
29110
15370
8981
5963
3154
3890
7139
17486
29765
27306
11984
32206
18999
21955
18934
11593
30266
27292
26633
18296
11191
6725
21480
20876
27048
31780
19057
19385
19208
11416
28314
9457
15240
32477
17341
7154
25732
1584
8756
12674
26165
14899
23078
4089
12584
14994
30880
3073
5103
30183
25320
8858
20758
14299
15374
6241
20825
25230
18627
7697
17939
22330
17774
7754
20474
21011
25213
6289
32266
15729
23289
11673
14527
16432
22878
16576
28039
2903
7849
21213
3703
11001
8114
31289
14909
24153
3260
7131
8278
15185
30539
18953
30081
8437
2614
27659
3187
15731
2044
4914
26316
11070
859
8473
21066
26987
1567
9003
26172
13147
6713
1893
30010
31642
26896
3677
18196
3591
25884
7812
12040
7477
12720
23720
21048
16146
15639
11709
12891
7366
16611
1500
20658
23006
7298
10380
32061
30378
15890
15937
9776
12771
3446
25378
15265
11665
3498
4879
31619
23340
10323
5859
14807
29442
22427
22262
31009
31448
8763
14055
26393
8148
7641
24216
4516
26523
27541
5241
26626
31926
25311
3338
23625
6714
24203
21403
14610
23208
24615
12374
32626
28178
32140
12160
24876
31615
19635
11772
11044
12689
16842
3857
13335
19045
13191
32621
9098
1723
31165
26985
9472
25687
23085
32398
23408
5031
14238
31320
10486
28837
14128
571
7881
767
20461
18148
10605
18805
30881
19137
19754
21635
26603
29123
1724
29761
6805
15971
9292
32135
5153
24547
10911
27220
3492
30166
6798
22897
1752
11490
10934
12625
28012
6341
18800
27196
20126
28566
31492
17325
18188
2637
26649
26872
9415
20102
12400
18735
28586
25986
21970
9799
19434
25711
21319
8055
27373
18921
13449
15073
32352
29888
16824
12916
24964
30716
4943
2065
27848
28702
8791
9452
10141
15785
10459
2102
19590
18657
26267
18681
21358
13011
7684
28483
30271
6037
23904
26758
25520
17871
26699
6975
5215
3962
21862
24022
30239
6120
13391
21701
24979
17157
20432
31741
3580
10716
24662
24453
30543
14429
17061
18277
27275
22621
1739
23234
11337
19934
27474
32330
28052
10385
6330
29139
764
28313
12583
28990
4582
25746
2134
23714
10278
5842
6101
11175
29136
2030
884
12335
330
10368
16887
27708
23974
31784
15885
32526
19247
4049
902
28043
578
9526
19648
18916
18528
14244
1122
32374
8064
15873
3917
16366
32682
19981
29392
27313
20161
1256
11035
20347
2721
22741
17911
13125
22890
14397
5556
1645
29722
6647
4194
5905
8034
25286
12100
17083
9906
17443
25217
27460
3479
30781
27933
13042
27462
32575
15656
17380
9337
16849
5173
9904
30585
15585
5134
27722
3708
6819
934
12072
3122
23766
24655
12195
18075
31818
3885
4001
9243
8607
17131
29041
20176
23375
27052
32246
12835
29935
14149
5640
30365
21425
8105
13079
28669
31790
21924
15121
12679
9570
8653
19334
15518
31992
9654
16395
32149
200
24421
30684
2755
4511
264
7877
22997
9022
28900
32066
24424
11685
1423
5093
19672
17297
21087
1528
24658
29251
6178
5988
31537
20099
11791
16849
29319
21221
30461
9487
19961
29515
14035
22196
26833
2475
23616
21767
10574
18
4780
8477
16958
23529
12398
17474
13007
3704
21823
17563
30883
11944
19694
19721
10274
13
2646
3151
24340
27427
20110
3960
17775
19160
20575
7027
4205
13131
30715
18945
15330
5588
747
28113
28109
26180
9290
488
14381
9582
30001
10311
11542
29926
18802
31688
30979
6152
15497
14666
30574
1596
2767
1037
30110
29305
2801
18783
6081
27656
23457
1913
5178
31883
6539
31652
14652
26429
12683
31648
28824
28027
8989
32325
13779
15492
18197
5995
12924
26749
28304
27400
29884
6328
28202
23448
29743
18741
26993
30658
22770
17769
29338
27448
14590
16447
21107
30431
16308
11613
3225
13360
29624
16296
29675
10206
3843
12554
25406
26552
7476
14195
28243
22482
21543
19229
7942
17119
23241
8725
4807
20962
29227
1271
3150
9990
13525
24824
19851
8137
24668
15146
19932
608
23863
26876
8323
6743
30926
12800
8023
2169
1492
16114
11705
18927
22231
31221
10186
15020
18197
17439
20956
5896
17810
9272
23590
16554
5735
21183
20155
19116
15965
18222
29117
4346
19642
10880
1485
24315
30555
21231
24775
26996
15619
11522
17068
8105
499
13767
30432
6085
23227
27229
5526
6779
31055
20662
31112
4590
28765
32155
15851
24526
16606
15345
22690
24260
26092
14650
9394
4881
21203
23391
28918
20082
5994
9132
26388
19270
7844
17180
24239
754
15202
17367
28894
17285
30603
27641
24541
18584
22879
15765
9987
23417
4872
14330
18164
16008
20594
15924
8728
26592
5981
18134
32076
20282
28081
14583
30935
21263
14865
6779
5535
30973
4786
29588
6813
3436
28270
2951
28302
26225
27668
25268
14827
19955
9219
3537
25884
22284
14327
22134
18153
8881
5410
17630
5937
22422
7295
30444
31198
20812
9571
26732
13848
19116
3669
4252
28089
1913
20511
30954
26881
16705
18213
12544
19084
23428
9974
17406
16256
8985
19489
4870
11
7372
24650
14590
13325
10060
1148
23441
4113
29765
30145
3447
16002
7369
24560
9719
26908
21748
21191
12714
30368
720
3385
24705
20684
15478
4873
5385
18058
29046
16536
30958
24168
17273
20732
15039
11592
21029
2641
22768
1368
32321
1108
7717
4421
26650
15662
12974
12204
11557
28813
26445
8914
10469
25849
7488
26772
15631
9062
28539
20129
25837
19717
310
5862
6144
864
5543
16458
16361
5798
21777
18332
17802
28227
25341
29897
31080
24500
10695
2131
23379
26522
32605
23806
1354
30989
1860
20941
15769
22322
30172
4140
29764
11536
6372
623
12200
22431
18752
3707
11360
5666
10746
26819
13414
5303
22664
4983
29050
1325
29261
24055
16072
14869
4962
30862
15813
30748
12949
28765
12890
29080
32434
10133
27204
8288
8450
7658
13243
29153
2322
7492
10065
31086
9653
7863
18718
7384
12108
31669
17690
28479
26437
16258
19146
11815
28898
11497
19487
5326
10044
19502
9115
31166
5255
5443
26037
27294
28311
2622
24959
14925
15523
22027
5254
13618
2634
17246
5625
28621
19411
8172
15630
25490
22457
24539
1698
19960
6503
5495
32288
1485
24896
4390
11683
15052
30178
15774
22879
21361
19116
3157
2621
23820
32638
1593
11205
16917
3519
21666
16705
15039
18085
22149
30239
11215
1712
5610
3480
26543
17016
12704
30095
1470
20649
3887
188
17387
5452
26894
3081
9858
29256
3350
4924
19013
8488
24375
30935
7359
23070
29802
1340
28373
27720
23014
24853
5534
11059
23703
3827
3445
21918
25804
10293
21324
22912
14896
24876
26691
6476
17403
6269
13177
5747
6505
30150
13857
9514
30316
23428
17881
3439
26781
12340
16696
15686
18553
17080
29350
28745
21194
19965
5489
28767
30307
24539
12573
21452
10768
10044
16123
23658
24269
28033
19965
23605
25142
16161
6344
17165
17727
1939
16907
14776
6949
9327
11023
28199
9381
13264
6288
29946
15211
8700
6604
25670
4557
14919
26073
2965
6841
16180
9019
27950
11756
19934
19894
23703
15461
4246
11873
26201
10522
1230
6652
25859
6633
22582
27011
26481
21713
8484
24835
19534
32098
30265
30893
14040
18034
10562
15401
16611
27666
10588
13357
3617
2497
20572
3661
9376
8415
8045
30485
11924
25444
12027
23125
2391
5841
21968
32188
17838
9063
19325
10664
32078
9111
18940
21565
8607
1979
29331
693
10175
8707
31227
21750
13770
11954
24514
28522
13657
11402
13550
14091
28488
6532
13795
5053
5309
26565
15239
11489
22885
16078
18339
21543
769
23795
12429
4771
4642
11534
12292
3108
26672
25716
22875
11457
3761
15656
15066
21684
968
8271
11873
30316
12284
21732
7502
23261
26939
1709
15265
27
10015
14702
32350
17959
19568
31836
20787
24072
10729
29140
20315
12062
7743
32589
962
9908
30559
14732
29802
9684
30967
24855
32013
351
11321
747
15620
18525
23772
4465
7271
17553
26467
2479
11382
26960
15521
30907
26423
9364
15997
30070
4705
17997
23027
25206
18809
29175
603
3140
29499
20081
29166
30664
9787
26637
21382
29953
16588
30948
14757
18938
14369
2924
1721
2553
25266
11084
10910
27897
16865
6254
22885
15194
3806
12374
8020
8664
3784
435
30253
442
29205
15924
16308
4427
17203
32413
18795
24718
10351
3354
15776
5678
32023
10707
9641
30900
1499
32192
24943
6140
17529
12223
14377
10986
11930
20452
26218
30041
19446
3344
19806
19028
32703
26821
10064
32393
317
23864
25968
24314
18358
10664
6868
32758
28048
14575
6332
30792
20153
22103
8218
23726
26183
9390
19538
3981
12124
2973
6974
14562
3405
3893
13941
31356
32515
17867
25037
13417
8609
24582
13086
28078
18022
30518
30537
13627
8150
5607
26745
3869
18964
11959
6569
16886
12947
30052
15207
6314
8941
20009
7639
27740
29459
18251
5114
2713
9895
20719
7216
19410
31142
10030
29180
28176
8266
8811
27912
2019
15919
25060
20841
10139
22708
1160
29987
29371
18596
25609
24304
22955
28438
1585
16957
13229
12689
14457
31862
22290
372
2520
30595
430
29333
5849
5523
9609
9513
23536
2584
28119
1764
526
17426
4139
12129
22899
19857
15847
23491
30404
17525
18935
19869
9821
20601
22207
4367
10728
14960
8273
28210
29742
2254
14052
2486
22318
17769
15746
30922
22636
20609
256
19516
8076
25854
31539
22242
13087
12794
5729
13112
30653
11647
17654
19530
9556
1170
16760
28117
9919
19568
2749
8105
6043
22807
28764
20561
21590
23816
17249
4854
20616
13900
32581
29825
10119
3253
32541
11264
6966
9574
4881
10827
29981
3989
2576
19687
32191
3728
962
14378
32295
25854
7870
7328
32709
25960
22270
27566
15992
27640
10383
16245
236
9600
19085
31225
19238
18365
5711
24451
8029
7902
28383
12356
16652
5184
15533
1338
11845
4732
20868
29784
17224
27299
18620
16353
15444
7880
14258
5397
2493
13759
17013
7695
10815
31781
26818
27374
32658
22176
7987
30259
20798
2408
2227
18538
29105
6407
25653
32525
14735
10333
678
15013
19785
30694
22815
14386
24817
27200
864
6605
28237
12775
19066
8844
4394
3140
971
27046
32242
11750
23599
18647
18049
17423
25461
2566
24885
12146
27664
6182
9796
23611
4879
14170
14163
23376
1104
2140
1348
8406
20208
23327
26703
3064
24069
5299
32340
7139
27024
11370
17263
30229
29613
1081
6350
8664
9741
8288
11711
7433
9126
589
32525
11806
8873
10942
24717
5992
25269
1831
17652
3988
21322
20051
14315
9080
32384
4173
15974
25869
3065
32129
4401
2999
28692
10527
26059
27085
7011
19136
14712
23381
15968
17228
21138
4623
30043
26907
27680
25270
28855
24410
16298
30594
27990
31921
24907
3057
4434
1314
8711
5575
238
15157
27743
32595
16332
3154
20259
22261
12896
23662
10888
6109
21412
13546
13178
28693
29453
23223
16691
10178
3774
4031
6413
3495
7677
896
11412
3306
24547
14074
32224
20507
599
22476
7714
5490
13629
22170
31356
6232
32234
15537
27414
13353
24283
1262
14446
9273
10151
31708
2799
1301
307
27420
30918
31499
2597
5130
9713
8684
6043
15773
10904
10768
28188
22927
13217
18075
1743
1214
4479
20735
13546
26323
10570
17858
16238
13601
31765
32386
17170
23760
14460
19766
28796
6202
2684
23734
31415
29589
7560
31358
18914
1235
1240
11694
17957
23238
32261
16214
20202
26504
16851
6129
12873
27162
22349
5679
14531
6987
7448
17144
6452
8667
32001
1709
26883
4577
32216
17329
23708
31594
10113
31272
27680
19555
27976
22782
12378
2489
4725
24619
3062
9150
15648
30774
29933
27087
11079
8952
29252
24884
15902
10659
8694
839
20390
27651
23343
9944
1665
13571
16570
6353
7173
14450
22461
10262
18575
7687
30372
10415
18970
15779
8283
12841
14608
28887
8128
7481
8031
7590
30552
1187
1488
24204
31040
19802
27541
27583
7015
31209
23584
10676
23547
19729
5948
229
18977
32692
32598
25298
1769
3570
16923
8261
21121
24465
28489
29915
31145
20386
29118
27584
14182
22369
7894
442
24315
24670
20467
10345
25109
474
14941
3789
1862
11636
31053
21256
25780
3845
32324
357
29459
9160
23457
1178
19664
19646
7539
27466
28047
24656
9356
9934
1496
32567
14295
10037
14093
12441
16363
30857
19360
2420
24799
17748
16258
25408
26208
25187
11487
26064
13826
18378
28936
26746
15316
6953
7601
28279
1335
12077
2652
17036
32240
7257
6677
30186
891
22278
2400
18004
17058
26280
22640
12159
4943
8788
9625
11198
18079
5759
3080
26591
6967
30729
23218
28239
19419
18554
14218
3461
27709
3979
759
32158
2066
19944
3973
2373
14443
3380
475
15830
9027
12621
27885
26307
6484
28370
32370
22582
17968
2787
20377
19704
9868
18472
11767
23441
14559
9493
28868
18097
7212
20332
11848
11470
4379
28931
26000
23311
4431
14791
28773
18281
28916
19201
20863
30216
16023
26584
13045
19952
21819
3863
10488
8420
21673
25137
3265
27270
29703
32131
968
2753
25260
9688
1847
32612
11059
28466
32670
24847
19662
16584
18664
10067
32477
23115
12942
30741
21184
15981
20490
1587
10217
9892
11663
17259
9781
25643
15607
27000
12924
21067
3837
7805
4455
15832
11436
14503
11393
26110
9495
25870
11665
31294
9035
13789
25640
14771
8322
23475
10614
6042
1689
3657
13921
2321
22212
26708
8153
24607
10369
15021
28005
22517
5322
6831
32258
13939
24975
12256
12078
9966
355
1236
31296
12849
15222
24399
31738
30657
4035
25514
6753
3174
11146
1912
15564
8678
513
5993
19004
23572
23879
21614
25067
30473
31641
27677
552
8882
3272
20568
4449
14219
9194
12841
32130
10409
29008
9201
25982
22270
22713
9922
298
10713
14277
9993
15186
4268
28845
11376
12807
21010
3376
16642
4406
19472
3537
21392
31615
2459
14655
6484
30019
20827
21
13013
1535
4527
18627
6154
985
19953
14284
4034
15737
28923
18483
13892
30234
10474
18479
22322
26593
12322
3622
7859
16493
10130
31193
26064
19375
26169
5597
7711
16636
25064
27978
8351
26208
5450
27063
25572
32310
1827
19813
23924
13045
22229
7610
4720
30029
29224
4593
7031
115
22602
23057
8135
30905
3605
21019
2981
22625
10129
30088
1536
7859
2746
9970
26961
30029
20355
8210
17349
16315
24858
7658
8862
18759
17518
7491
11478
1298
10223
15194
20742
5220
8340
3799
2695
1857
14371
3326
471
2877
12461
20265
3134
31889
8535
19574
20145
3437
20577
23485
2038
30608
28256
4549
17929
27671
5838
20407
2751
13714
14789
5586
9129
16477
21256
28257
14651
32046
4675
1258
22829
20970
22676
15785
34
3261
12105
24892
26248
3433
7148
12448
5311
6366
30077
30044
637
2828
7934
25084
17777
23285
19253
22209
4902
9478
11693
24215
6699
12199
15614
30791
30321
7697
27214
32750
17652
17759
29208
19630
6813
22504
10796
22179
25191
23245
28919
31001
26306
6606
8709
9468
2613
3426
13252
6031
29510
26374
25227
26977
12190
14293
3290
2430
4713
25945
9444
30946
20988
24737
23370
23091
10426
21395
26410
10671
32056
14468
3928
12643
21919
4102
22763
3485
6738
10497
32508
21925
27601
12038
6058
15528
4062
29407
2657
16117
14814
8555
15197
12140
12929
23721
4201
14642
8869
27410
13037
10666
1400
28972
13095
5793
1501
26972
28857
13513
19218
19963
27748
29289
30863
10669
26387
10834
25905
494
29211
789
19863
20462
21697
20083
1485
31647
27389
32021
28199
3340
24957
31358
12144
2028
29421
1341
580
9591
2678
22375
1467
24696
28548
13124
26952
1956
24269
10313
28128
18986
13455
9286
606
29323
3096
9441
32550
17324
30860
7491
17672
11306
15075
25617
17256
17389
6449
15774
10652
18432
15146
22111
18326
2207
12261
16799
25027
32146
224
20595
31794
29882
30277
21745
24825
3818
28779
9629
26069
32504
31392
29988
13584
16147
31526
21069
7592
12374
9339
25644
11949
22686
3037
13977
8683
12953
2318
10976
22985
17440
17237
24762
30321
28359
4037
11132
17969
11954
1217
26511
5409
15274
26304
17440
8199
16495
21070
21784
11895
7248
18260
335
6207
25338
31128
8444
14850
3726
2695
24689
7458
6134
4147
15109
22243
27000
3480
8785
25294
24459
16419
9631
31828
19434
26229
11679
15284
12008
25700
8284
31263
6915
26690
367
16665
30395
30050
25202
18722
4261
30681
14264
19350
14779
17794
25915
11218
23030
12357
6102
15256
13087
3480
16053
7861
17890
22341
14601
4576
3364
18798
3072
6374
918
8655
13556
22532
10122
25668
27619
7316
28934
18571
27167
22765
28183
13642
2374
6020
31080
27732
20085
10583
16147
19496
13753
5003
951
19131
20934
83
25035
3447
5100
14101
28978
17027
20550
24520
3343
8005
21045
5537
11226
10277
5388
3310
32180
9620
29965
20546
17655
27213
27797
22738
7442
20187
12691
1567
9108
1628
18238
14549
14214
12420
22536
5363
17150
19685
27597
12077
17137
29549
20049
10639
329
30256
14825
866
13623
20583
6776
8275
32203
1721
31901
19154
27330
23738
32043
13753
1951
946
19674
16686
7421
9887
7228
1738
7203
30589
1010
28923
26841
8644
15647
24998
30074
17971
15901
11281
25931
25548
3951
26113
10507
21024
27895
21535
18891
12492
1897
30112
22016
28740
31232
29477
9431
22479
18544
29920
25544
11475
31003
9209
8814
24403
8071
23344
20630
24502
27408
19139
25238
458
3546
5010
4064
4360
4106
7553
24534
31258
25398
11550
30944
11674
18969
31876
26044
8221
26764
23423
17686
2928
4018
6896
5977
21793
6770
18291
7876
15937
28202
30528
1472
16489
29601
12111
16241
15355
7230
9152
22155
23466
18296
22393
7783
20797
7310
24337
31318
20367
11384
19181
12085
26075
28701
31912
29505
8246
30406
27576
12333
4445
22739
7503
11122
10673
17069
21376
2279
32640
11259
14243
23441
27782
3865
1018
14524
9396
13509
28821
330
10800
26652
26482
21836
17052
9926
17385
26063
20891
8557
8519
6392
15505
8307
31930
13396
15275
8420
11885
361
15392
15785
32243
8337
14262
14591
21993
32264
9607
14888
23255
7491
26629
4960
26968
11907
23612
9235
16251
8875
28247
11085
21864
12622
22374
7794
10567
1293
26718
22575
605
544
1633
13232
28536
23346
15424
26644
1166
26738
1343
14366
7073
29927
13592
18989
7397
30211
8514
15470
4645
24956
28530
18768
2403
5463
11619
4152
2751
1606
5587
22135
9626
10291
9934
21625
22778
17693
27950
25406
23344
13859
10595
7694
1209
13022
12656
19561
25187
10996
13366
10302
12976
24042
16885
21597
21119
9530
15888
5933
23785
9382
7696
11682
618
21707
6636
19050
23361
7161
12680
5479
14617
26946
11131
16226
15336
1489
28949
32254
11800
4222
27553
1002
27621
22431
18151
18779
23046
1312
15605
14522
12175
20694
20255
5017
5910
11536
4165
9196
27412
8559
25684
3446
4495
18424
22799
21377
15094
8296
31760
26322
2125
11719
21001
20444
23689
4672
21328
18740
23870
7472
4507
24133
26231
32637
27400
25157
30181
6697
28256
21352
20797
6951
21660
32339
27611
23661
13224
30163
20395
14666
20072
13007
3401
19962
9721
28795
30567
21880
12345
6351
11632
6547
22409
21816
14698
10564
10193
6029
17697
18751
19653
12100
10882
21192
17767
16102
25413
29896
28877
9664
7119
2848
22565
12764
27990
61
23030
11823
838
27884
6825
8468
12259
27248
24135
20217
13360
19155
12164
21848
16144
11129
30717
29162
26540
5627
28094
18967
10004
9010
31239
18096
5417
21649
32080
22496
27834
6072
5258
13664
6893
10311
17320
28395
24033
17392
10590
24818
13969
25809
8232
24976
12796
30208
28815
14784
19843
13927
30888
16078
31378
15826
27869
8203
1410
22598
5615
15557
25534
11157
12348
5750
11557
23343
20542
13116
17584
7739
28757
1161
29781
31718
3014
9756
43
8699
27395
2352
29902
2485
1325
24563
13573
24273
6871
23865
2722
23782
28173
7282
16042
5881
15252
17881
31926
23884
22900
17135
1433
13688
7860
5928
30019
6331
30821
12516
8166
27795
20450
18080
19031
27020
9813
5230
16822
25686
2429
3490
5713
11546
17839
22223
32198
30990
31003
7154
8296
2632
27729
5868
21988
2512
21508
23094
5413
18424
24589
13264
7028
22256
15282
15482
3812
13205
25385
26407
8173
28810
29272
9391
28247
6026
20703
28612
13657
13564
24408
21799
771
16840
2525
19483
32473
24426
25547
29467
961
6725
12486
1224
4383
9785
32510
6437
22334
18807
14000
1798
25330
27028
17135
31174
11387
28381
14244
3897
3501
29163
6356
4577
25422
26487
10017
9061
24000
15983
21908
27454
17631
9288
19609
7604
13101
25495
7755
28425
3117
4315
4082
18164
12812
31133
7370
18513
16006
2492
5639
278
17160
6914
1045
22153
21522
25338
11556
432
25568
29446
25828
12297
12361
32428
2445
7292
18407
23601
21027
13454
27256
29545
20984
7639
18564
3789
21874
12214
26177
17102
31758
13635
9651
24425
13221
2949
15383
8188
30959
28646
5762
3416
325
4835
29126
17943
12715
17160
10645
8496
1805
17436

