100000

30183
15041
20242
15603
14463
25919
29701
28432
5260
31279
14643
5587
13979
25914
18345
12775
26942
8443
24749
11339
11009
17691
17230
30110
24735
16314
4160
10907
30582
15889
8167
25056
3129
2134
32434
1779
27109
21728
938
26246
29942
22156
13643
20474
22234
2655
28818
28707
32166
2157
1623
18763
17416
23545
17117
27769
21884
9949
5032
22515
8899
5165
16270
7937
31378
24087
25873
16116
6791
27405
13036
17767
19552
17959
3820
11205
25455
30402
7937
3083
11849
31598
26773
4815
12479
27655
31260
21122
14863
1825
21229
23538
11099
11945
32080
16402
601
6090
3800
24318
31821
12814
755
10298
25908
2502
9151
12346
26434
10667
29983
16168
28303
16325
22031
15585
29966
2444
19508
7745
19134
19278
11703
14240
11812
22224
7508
6300
18680
25912
3246
21785
25887
18474
14566
24455
28121
13874
21867
22628
4412
13922
22804
30465
5601
28476
8556
28552
14557
23762
24653
31294
10226
12843
1968
24582
27655
27113
10179
12327
22486
18985
29500
846
20197
24491
24045
28631
30903
13363
2457
4936
13379
17454
29959
21790
24485
30617
8532
18125
18452
8735
8589
17666
22036
20097
18558
15915
18924
22843
26820
16953
7259
7781
23338
16292
22407
16087
16178
4528
31798
16528
10737
17392
18240
3673
14112
12040
27461
6821
12401
21174
4763
10684
16159
4372
15754
1816
23497
12055
20668
10767
28800
15964
26607
3507
24863
21540
16621
16375
28122
12701
21182
27667
9242
16739
25884
25641
20873
3654
15399
28200
11624
5966
11354
22513
11305
9468
10942
5816
12602
979
11613
30125
4895
18455
28666
6108
9667
32469
28927
20818
16144
28707
15031
7042
27069
22185
19645
10471
14951
12384
14773
23530
31460
3226
19769
9477
8148
31555
19990
3113
15480
358
12473
26973
26824
14066
19940
4265
19903
29119
29094
30002
19450
8652
22153
1958
28801
17099
24845
21466
11237
1759
12117
8626
32651
7844
20769
7490
5447
17008
15356
18994
29996
24792
20407
18023
19875
5750
32533
8159
443
21226
28872
16861
29120
20255
11420
15687
12815
14544
10483
28748
9256
14154
19569
20809
9733
11635
14328
24814
19371
23819
27863
1949
22270
20274
9022
25106
25049
9770
25846
16713
28254
15455
16462
24988
20875
13476
10073
7469
11278
24512
20310
7555
25947
6953
9328
20600
23803
3343
9640
9298
17959
24988
15631
20272
24981
28027
26680
9640
2450
22935
17645
17582
17489
15397
22049
4791
20611
17124
5414
23583
24615
21155
8992
3784
30116
16389
11962
22789
5909
1409
25111
12214
19428
6828
27916
32692
6298
20667
32652
3695
27893
22595
18531
19925
14396
21572
19495
10102
6095
7782
10348
742
21506
8322
5944
2915
7979
26468
18103
30904
19194
21200
22831
24417
26633
1730
8501
19440
948
506
28194
11696
30763
32184
31937
21639
709
31429
24650
1569
5272
8114
30612
28234
4422
19556
17030
28316
28697
1745
11215
4443
29523
9476
6870
9117
27071
22631
25076
15022
11916
32321
23778
10418
23387
22910
21357
9356
24727
6575
29809
10495
30725
21329
32004
20243
9628
19794
24562
10171
14998
18385
362
22708
3783
8230
23286
176
25646
30242
7088
9908
10442
13975
6324
14527
2734
12059
8657
23980
4696
3850
3716
7769
14143
31178
5926
10761
8875
3667
20068
14855
5321
2030
20208
22669
8191
23612
29046
3811
11901
31355
7890
16075
1557
4101
4736
11037
15948
30233
8531
29615
23729
11486
22634
2167
2925
1957
2145
22516
7708
28271
4292
15561
22747
22703
32713
28332
11682
25937
23102
31358
25557
13306
8128
1467
24085
25490
24366
24853
29276
23040
28509
11868
2121
14644
8205
7585
29112
9579
30492
1435
12694
16558
19962
23370
9460
32668
25437
19673
16985
15210
13622
969
25437
9512
14051
21068
19571
32326
14246
20463
26375
14934
3414
10620
25033
28179
22356
10271
11080
12195
28097
13255
31426
19481
20718
21711
23354
30270
11540
30942
27852
21137
17990
32524
20542
1164
24739
20294
28887
8489
30928
243
8308
10917
24742
21719
14808
31108
5159
1592
15684
14037
23223
14144
6983
19383
2185
31907
8664
27164
29783
19586
16290
4813
30038
21646
4511
15535
32105
31600
28392
324
9108
4457
26316
29300
12980
29749
25887
32142
4206
10806
28884
32650
4198
14542
14543
28305
1969
14861
25332
15551
13452
30092
20868
22567
20046
152
21161
27671
20891
10643
28239
18334
23771
12952
17974
3404
12522
8030
15429
4153
10769
6751
21282
584
17718
13625
31999
22445
1359
2132
19639
941
19741
30149
15641
29349
278
4978
643
25934
1443
119
6836
4415
28043
10697
3803
10932
27823
16921
7155
15245
25337
28924
13651
27546
5007
32072
5505
7701
23628
30401
20808
2160
368
8949
8458
9810
24982
12644
21591
11996
9703
31460
9149
28464
17038
20548
21730
11828
23403
7216
25809
32147
24844
23636
11410
7173
31193
13765
13309
19665
2958
10396
9935
18576
30959
9956
8190
11059
26551
4790
16202
839
8913
26530
15637
26232
27850
4945
28788
12116
22151
16745
31622
18514
28211
7857
4613
10259
23164
22390
3610
25319
13823
21805
18294
30099
16128
32601
24734
11602
12127
943
32390
20761
20679
27000
7778
28703
8489
29752
32185
31133
7017
6541
18619
466
30807
3673
724
22603
31712
12067
23937
21345
8838
18363
29027
29955
17165
32285
3474
19638
30839
25752
4403
15065
26675
30512
845
31022
14482
2112
23768
3222
19322
24676
14615
1052
4446
5525
24616
10549
2157
23958
24538
1350
15370
24464
9918
24679
22653
18681
21889
7527
9960
10681
14968
5904
1404
23440
11133
25260
12268
30898
12794
7112
27682
9653
15683
7479
28466
12973
20265
19290
3724
22422
22220
21407
4469
4082
11696
1352
14008
22962
27411
10094
17048
23386
382
28741
10506
13665
23195
417
10273
726
25926
3769
26314
19786
18918
3883
27577
30697
14590
9025
163
26090
2047
3443
21934
24618
4193
25901
31014
32275
1265
26322
30577
5571
12653
1280
14149
30570
22606
7958
26136
30708
8933
243
2264
3817
22441
4097
1245
2961
19152
18803
13596
9563
15644
30154
24477
27519
7416
13726
7983
22499
24003
19355
5466
2364
22892
18378
30869
26741
28735
30737
21177
15700
23294
16894
950
30299
25396
18880
23684
10220
30150
2678
26205
1713
17355
17325
10794
24891
26013
24611
3131
23785
13360
14801
4154
31244
19619
24361
6498
9032
29205
15773
31468
19518
16826
21856
27850
25447
27950
23152
14488
6979
28425
26324
13008
20148
28083
8738
21565
1188
16506
581
1970
22254
19169
2429
32763
16508
8763
9639
10772
5805
12665
5311
3993
12793
20289
29347
15742
2519
31296
21530
768
18398
12224
4884
7387
5675
4221
12340
8382
11524
18356
28043
15612
25530
26750
1703
8324
18644
13660
10700
7955
1385
1555
5761
26024
4046
16314
1358
21305
29042
4881
15557
18852
9221
29972
30655
2792
18912
1488
232
30357
17825
22902
10110
15233
29973
22446
29013
20925
4956
9517
11807
20679
1607
19338
20458
30209
6917
4941
11498
28514
30207
17482
3705
15980
14848
16429
12636
18270
10905
11093
6984
24746
19908
6118
27044
30377
20679
26393
32145
6030
13403
21719
10536
31641
1038
24967
16898
23949
7398
3620
15614
14179
18247
7826
14142
14144
10262
22066
4211
165
19743
25268
31323
3557
22708
26924
8584
17885
4247
26984
21346
6623
21531
27521
17775
16367
15749
11185
25042
23858
29368
14436
15634
13475
26898
13970
6429
11784
8337
16459
6541
18725
6714
4500
3369
20783
3515
30577
28847
25731
8783
13635
3793
9368
12002
21588
24957
8754
17782
4529
6241
23001
3525
24120
26799
21642
13095
9457
2589
16556
27063
19362
1329
5957
20145
8605
14011
8558
10271
12509
11427
29189
18357
9553
16356
10145
5369
15992
4057
2763
679
32558
17080
23659
29523
4038
12124
26752
20816
1624
21575
12564
24017
2396
16359
17776
31566
120
19992
6540
30505
18327
24299
29129
5778
6203
27301
14050
27304
7444
5899
17952
12256
25553
12765
4558
15531
8502
13473
9709
17235
31599
13729
25897
27430
20132
27191
4619
1239
8141
7752
30831
24097
12744
17679
19257
30893
28840
1820
2628
10294
10065
29084
1179
23531
13122
10970
19180
5909
10929
20486
9785
23801
10461
24630
26321
5120
13472
22698
8063
9237
30019
26196
8449
21583
10647
20631
18875
11216
5441
336
32173
23021
22614
19987
23203
27023
25896
26295
31915
17368
2143
3348
26316
17930
14155
31243
25589
28325
6264
5063
29748
26064
31363
22851
6696
25850
11565
9996
7353
16833
28846
14665
4358
8211
28492
3832
16543
3987
29995
4730
16373
6206
23143
11090
18703
31310
21344
7466
11902
9566
6997
22550
31378
10960
11573
7709
3790
12140
32433
8694
22426
8265
29078
783
26680
12017
28506
19156
4857
22720
25332
20269
20913
32141
1265
7752
4712
18829
11717
22426
15442
30323
8799
5664
258
10204
3840
20459
19930
26347
9292
20187
29126
304
2722
9899
19242
20175
8105
19501
4632
9182
12843
12759
4807
28942
12327
3455
27712
22414
31521
11107
10075
13356
22205
29292
14826
26046
9612
32180
18996
21184
26662
28485
18085
29246
12921
24612
9667
23541
2912
4494
25188
9141
27256
17281
2078
1033
18479
21630
25600
7194
29725
3726
11647
17617
9624
17795
15283
16700
31362
10880
6852
20019
22630
30907
5535
21819
25539
24450
2029
18090
424
19836
3141
24332
6017
306
23200
23494
32049
717
27406
25337
21857
27425
12456
8873
16407
7147
198
27423
7050
19799
31346
18571
18229
5318
540
24558
7466
18637
9615
4919
5545
26241
31779
12460
18673
23538
22324
12684
17238
23541
22228
19443
24468
7975
14013
23549
7011
13870
26505
26670
6731
20802
18470
17682
19130
8429
4996
7200
24916
13326
22160
23012
7818
30500
614
18270
4718
14537
28354
21157
21189
22397
24760
19151
22366
31909
27046
4885
28835
2259
12902
4403
3182
5448
1736
23310
15646
11960
13631
26521
14057
11597
5850
18169
14196
19950
21366
9704
2976
28864
13875
8279
10151
8429
9764
10071
1385
18853
5963
32313
15616
15459
1988
4852
2970
27762
23872
13768
15496
943
14005
29729
10386
13456
1620
6846
16270
28005
1980
8978
20529
20702
26221
4075
548
6094
10367
32081
13914
16430
12692
26545
16802
11621
29195
28219
13688
7623
5750
5256
11041
6491
19278
18304
17655
15841
26854
10619
23041
3091
7070
27046
32710
6700
23641
10921
26211
20391
19761
15494
15068
3657
20073
11716
944
27745
24482
30670
11184
25679
8530
19094
12048
7491
2675
15229
7871
12615
9848
23415
28148
5248
28549
30826
15882
432
6367
3544
7309
4096
23970
10430
26517
22013
10162
17084
19538
15840
8947
22645
5097
28434
4285
16185
12926
28911
28554
32226
19602
27339
19186
11515
9872
9522
18394
8744
12962
12404
16616
27329
12489
21601
1850
22977
5421
11602
6999
11487
10418
6761
29285
3322
6091
24857
7069
28090
25491
10728
23037
4213
26906
14963
1596
11855
29436
4275
19715
3494
2361
17280
7514
1709
29504
19539
23393
15190
8269
7760
11072
1654
27125
11908
26720
26148
25856
20843
7388
25953
13430
4533
3378
18687
4860
25673
11327
955
1633
23947
2922
13741
29045
19418
6943
15074
30746
23389
20351
3399
27037
9984
32085
32200
9542
23225
844
2234
11565
19216
4960
18806
23376
9694
12435
20807
27875
8277
13537
25991
22503
17984
29557
26884
7934
20108
19229
29865
6014
6408
15612
25434
21956
14697
23423
21791
13259
13201
9618
28037
9725
19729
8723
20801
21064
6124
20358
10007
7541
6814
15371
8186
8885
14684
22926
19061
18813
17566
25150
13641
28052
20699
24896
9560
19819
15251
13220
25281
12972
403
5528
24909
2325
19061
4059
18442
22407
19814
22901
7221
20314
29484
422
4957
26100
22887
30236
20678
11418
6934
14696
4620
23173
606
23987
3848
15673
1927
6061
4343
786
16712
32199
1241
5152
10820
18338
3352
27957
24532
8647
22122
12603
15879
27032
13304
25803
31975
25991
18112
2044
13054
19845
13368
633
24857
14269
12340
5591
27468
15747
24073
18981
9014
27783
19699
2244
18310
22607
5044
22905
7358
24548
20350
30144
824
31691
2579
9827
11878
10294
19243
8012
24925
16252
22806
19863
21653
22727
27810
19436
10474
32524
23615
28940
3047
21569
609
11433
28996
29898
25382
9851
1453
12084
21817
21392
16070
25637
12790
30180
11371
8851
20687
14897
28476
21557
20974
26632
30809
3639
31771
22561
30314
23090
12769
9456
5091
2907
16876
18808
27270
29691
5814
8804
20521
3871
2403
1364
24761
29328
23529
25205
27007
7429
7795
9300
6562
29848
1032
16884
7149
2423
27239
14110
32211
28892
6454
22264
1968
19519
31836
11481
27218
20682
23980
24412
26040
25357
25027
18867
19737
6899
19507
16190
3113
17396
20193
11612
4503
11661
26795
3970
17114
24557
5966
27018
23853
2290
24711
15437
26584
13651
30329
10355
7090
10783
31567
13194
25572
29286
10274
25430
23535
30005
23325
9064
28401
10184
20703
10482
31780
12284
3360
18650
9383
2819
13976
29709
9857
3163
27164
19990
26851
18689
18699
4591
7597
17122
18152
14615
7220
26770
31304
6372
22850
15680
29935
27163
8287
15594
26422
28350
29263
20685
4784
10789
11484
26656
20492
24400
24534
2305
11325
18812
29527
28080
24793
17140
843
507
11199
20010
5168
21753
18941
13574
1307
21243
6641
12926
25340
23488
10414
23143
290
2280
11936
13195
31490
14507
16244
14331
820
12491
12594
12199
9150
28103
32428
6443
21397
29266
10524
5356
1377
11011
23817
1636
4993
14926
24170
24506
11599
16563
14
19350
10661
30005
10811
10547
25248
8718
13462
3766
32419
22945
5954
17854
19103
30640
14156
30268
2450
17103
21063
29573
23886
16921
19763
24485
11388
6945
27300
6390
10720
3116
11296
9714
24799
22173
25288
4934
27454
11696
13114
30759
13356
32107
4279
5353
27779
7634
29569
16334
5195
18011
20103
5148
15744
21921
2116
6002
27668
16732
31461
18779
14136
17041
16298
20772
4056
4614
18830
15851
20580
18681
4906
3321
31190
14865
25559
27218
16881
22165
28691
24457
22214
29660
22822
25817
31613
1285
20485
2162
25170
7400
24438
8209
26590
19531
8565
14547
5016
12378
25558
14667
411
17745
45
27090
6570
20860
27371
22302
14193
31841
15817
17175
10253
26172
16746
6117
8399
21419
14907
4430
4925
16811
31903
4159
602
30147
3145
19624
15656
24191
19176
22925
8810
22560
31242
12123
20910
10642
5178
12408
28043
19870
16748
23581
21288
23649
27292
9064
27389
10493
12465
5293
30430
26510
19111
20750
309
28512
3821
75
20879
27999
11276
14043
2650
6862
21642
571
21484
19516
25102
3974
14536
27828
13252
8262
5917
14645
19459
16777
19344
20577
28974
31032
31035
27257
21976
23973
4854
19849
3115
19299
2517
20960
18570
11610
17650
2755
14197
2842
18028
26467
27309
20848
8623
24588
8601
2359
9974
926
28905
28785
26639
31041
3449
10647
31326
19029
15992
29997
6693
2216
15049
10648
4867
9452
30121
23860
4538
2408
7827
30370
17205
19693
22624
5983
25801
4620
27571
5275
10683
26246
30868
29256
6658
14084
27483
5233
20047
11016
14544
6861
11595
32036
9616
6804
3615
9066
7347
10897
25658
23587
22955
30073
22606
29380
26991
18043
29340
20765
18138
17432
14962
12500
5709
19765
28402
274
17564
11374
15636
21628
3368
5550
5871
27493
11080
8700
4148
11841
15086
15768
25595
11357
3207
15431
1986
29390
28706
2027
28594
20392
15317
7510
26661
21872
4444
19296
10342
13011
9988
26679
695
12951
6088
28919
21913
30675
32441
18299
8775
19035
24995
626
27780
1919
12013
949
18326
2805
21185
18648
13459
9235
10093
10750
13787
27457
17673
31474
15334
2991
29786
17012
20288
21827
18679
31697
7121
10966
9898
5815
16738
8351
13849
10566
3421
24303
3238
2154
468
7455
2963
14953
19909
18631
14954
30648
6813
11569
8348
11795
21242
12046
25192
14796
18101
28775
9470
18788
20512
28886
32229
8024
24204
32245
29082
9789
2575
2071
17786
2831
5252
12086
10465
20935
31698
7213
31124
6187
370
31271
10076
31466
19243
9304
31476
20712
288
23531
17445
12503
3341
6715
13104
29959
24270
21317
24940
12671
23073
15454
19760
20556
20908
27425
19699
18457
13122
24748
15794
8448
18786
21772
28819
15264
13824
22261
7111
3696
2696
5046
21172
19794
8481
23405
18772
12140
6959
13687
26328
18227
10523
6443
27538
8392
32598
7880
11793
6792
7323
15531
13198
11231
17781
25798
10119
3676
22786
5709
30377
32011
25334
14258
4339
32255
3810
19668
5913
27182
24759
23924
30502
10114
22150
8168
15462
18732
22409
15379
5763
2620
5223
14996
23534
22126
15540
29758
2944
21831
11703
5576
4450
11105
32369
3014
21290
26116
3290
27352
18246
17653
28782
10274
7070
22163
30184
13820
12149
6687
2126
22762
25744
7260
11053
18638
2971
16984
27174
29276
28616
13961
25001
27855
17849
11291
17665
30682
416
27785
1425
5602
22693
25451
32605
5738
29064
7311
20172
9423
2183
26698
13228
12085
2690
6672
9590
14785
27485
5443
31955
29193
15270
7241
22112
5832
16759
5601
4782
2007
6302
15543
6030
4696
7676
27958
13963
19764
10795
1437
23735
6601
24420
3157
28587
7388
3743
4226
31689
17365
30715
30936
6084
10795
27233
13487
8547
29469
1636
858
14209
27555
10348
17845
5465
2212
15892
3582
13056
5481
2768
25062
20275
9810
8147
25319
18003
9159
2864
20695
23214
370
575
6846
20992
30123
2882
29157
3130
17716
27208
4911
30593
30503
21842
15020
1402
1324
13237
30060
1477
23535
27839
17809
2503
16338
2461
19624
13741
27103
11900
28730
8877
28928
12015
11421
13967
21362
16785
2576
5229
13431
5867
26632
2743
8779
22424
4804
8825
30810
19878
22311
13281
12720
15680
2247
9212
16305
12426
11842
12224
14602
15053
18385
26703
29927
30420
25631
17530
26215
17558
30555
27524
19532
2581
10379
7465
2296
31621
2340
23263
13973
11953
27352
13916
19347
32155
18352
26968
25431
31842
28762
6804
32561
1641
29892
29723
21391
9910
31466
28360
30065
24472
30700
30472
31773
5517
32611
20193
27412
8546
7413
20788
30788
19868
27687
31295
639
17175
25203
22885
19500
10477
32667
20530
20029
31641
22588
17050
14177
24413
11942
7297
27514
29153
3563
20609
5969
24348
6966
13287
11400
15735
4446
23550
22993
30000
6843
24721
21342
14077
32057
10155
32665
17907
19626
7841
23572
6309
5985
1106
11971
5520
16636
10414
22377
28343
32641
17781
21840
24714
11949
21569
21821
22540
28040
1479
23459
17461
14909
15962
24343
5781
41
15281
26372
14139
19506
18409
672
28629
7002
7629
11294
4633
30611
25174
27686
23907
22230
22382
20866
26527
28783
11257
4378
3433
31899
3350
25122
11635
4692
23714
27282
13095
5996
12543
20438
13454
30425
531
16327
10097
4432
10131
1499
29118
7189
3201
152
22828
25105
15347
2895
5666
6949
11031
12294
3542
19902
25716
13750
30642
28329
30834
24247
29179
13097
22301
27512
18868
18759
30502
13683
31168
27242
28202
30304
9544
31783
24119
4009
4444
13146
23693
26143
25053
28022
13729
9707
7578
13337
12904
711
15801
7908
17105
18542
19545
1929
12692
20304
22133
17445
17706
10635
13579
23505
29212
7191
29054
26995
641
14400
18746
8411
22210
10586
5270
10763
9121
2736
5374
18133
20858
22973
28241
30380
24776
22687
20360
3252
30698
29896
3737
27675
32296
1527
15258
24236
26609
31078
28458
14753
6246
15685
22541
17593
31773
104
19478
6027
16670
6717
24650
24858
20530
12032
19522
19881
27486
25650
7377
32465
5546
14663
31207
18896
10278
22687
949
12324
14383
29879
2834
18009
13039
1441
10526
32031
21027
31409
31269
159
20001
13434
32710
8719
28953
23288
28244
32644
28571
25615
27004
24072
10841
24116
29736
27117
15663
21355
6052
20833
32608
22641
1535
27970
22819
7226
15285
27699
4702
2974
25738
13295
32433
23887
1977
27869
10934
6670
16206
27621
28295
29982
32465
28291
2433
2297
11556
23833
11080
19523
5550
1930
3595
21244
29882
4100
1546
12281
8985
30749
10837
2709
9487
1058
31446
15524
8301
26795
10129
3240
32250
30323
23851
22600
14871
14439
15017
17149
10403
14333
21627
15631
12317
23495
26809
30400
16392
5192
10412
5062
1684
19206
15248
13055
10618
18400
24216
7777
1576
162
17971
14128
15646
1751
9358
29299
3224
2015
31066
31144
15981
4929
3791
17335
11575
6978
18417
14885
9396
25526
9234
16010
8556
21270
7064
9285
13204
22995
14848
29294
2355
25578
6435
524
25475
2233
8632
19592
31642
27920
13595
32354
6729
2956
9293
8739
26437
22304
6203
30611
13188
27637
20291
19243
17130
17012
21492
25037
22821
6305
4373
19635
3542
1450
26345
14758
11249
27583
9650
4976
8294
15397
4468
1683
15361
16774
21243
15931
19598
25740
31263
28018
20802
7854
30023
30867
20054
3913
8748
21249
1013
26354
23520
25880
3160
7435
10766
3684
9520
9108
30083
6161
10308
3396
26093
11171
30555
23000
19683
8680
24412
23724
16934
15914
14004
29064
21799
10664
15096
29628
30665
17224
29131
11119
1639
6022
4355
9524
4377
5296
12807
10206
18995
20309
21627
15510
15887
27387
29728
32042
14349
31504
13813
7336
30935
28707
28835
24108
8682
25940
5143
28150
31314
25097
13425
20671
28852
25571
15389
23885
32402
17649
2367
29766
20683
21027
31317
27202
22881
9729
11800
22563
11903
7068
31394
17833
23227
28101
24534
25153
664
22142
30973
16414
847
17070
12717
17803
28367
28185
16879
18560
2306
31630
13728
2163
10834
23906
792
31344
11116
8734
29962
7020
15939
31093
27563
15575
22616
1401
14615
32624
4666
19470
7408
28765
8264
23710
9032
31867
18622
32270
27329
11763
31472
30961
5618
26638
27600
20988
27661
5450
23478
2234
27839
31661
26977
11905
23384
11097
5689
27045
1324
15201
24534
14571
18233
18651
4806
2881
5898
27702
14987
32684
4827
6350
21220
24961
23805
6846
7758
13528
18044
9973
17865
26430
3328
12685
9695
30890
12273
32344
27875
12467
8414
8123
28279
13311
21280
22463
20560
3583
28346
3941
29758
729
10884
22586
17254
15782
4489
11308
16082
11998
14253
24476
31021
12048
8595
31156
24007
14807
25533
26363
26848
21769
15605
14886
13602
30769
12268
28466
623
2112
24610
25775
6621
15231
13829
32607
13055
31176
3677
11263
15975
3318
30951
13157
14696
13722
19008
5323
28449
30704
1285
23147
19126
13585
24121
7244
7905
25705
24807
9563
1706
364
29960
28349
17266
389
19878
25956
15414
26191
578
11744
530
16392
22388
23160
32260
13379
31441
18298
11251
23772
13841
4559
1776
4913
23922
23506
2747
31631
32087
21603
28297
25835
2869
13366
32004
20691
7599
9585
11668
14244
28672
18807
25309
23804
13466
20734
29321
18546
31500
23144
23111
13957
11561
2640
17939
5587
26471
4707
19385
25740
12421
6769
32660
549
21617
16323
18076
18769
26216
7856
2464
1581
11871
6763
11727
7354
1442
22303
30333
29585
26299
6718
13348
30418
13461
1302
25769
18270
31969
23973
10465
27206
14777
22958
13140
3203
22147
8204
5185
12007
31769
29767
1762
20051
26663
16485
9200
23595
21460
28930
7530
6919
11684
22435
26515
13227
10908
1864
29498
5690
29352
24384
23869
31654
27707
14401
14160
7019
27445
26552
19963
27005
18185
3422
4066
28798
7199
24332
31305
7221
15479
26320
11991
2108
5008
26432
5786
9976
392
23054
13900
21710
29060
15581
6101
11156
12114
8275
27920
10822
16461
11632
20434
1275
17281
5406
17193
12567
7440
7689
23009
449
28885
17584
9805
26776
12358
8637
22340
11937
16287
2705
9833
14724
30269
8228
31663
12537
32327
16396
27165
6269
22420
3035
27087
12617
457
31406
29502
14468
4546
10499
24513
21944
13876
23243
13139
19843
28560
25537
13206
19599
32554
27129
28696
24259
20890
14012
8149
26299
26722
2451
30718
10614
1746
8610
24569
16975
9769
28983
9897
4911
29949
12195
7407
1280
26077
15689
14705
11365
4404
3572
10650
9896
28272
3438
29666
17140
10340
12878
3919
19396
4331
13073
5179
1179
30671
4460
27225
12278
26857
28641
6131
12670
5513
26001
5749
8323
27928
17489
20527
24230
10491
1279
11095
1749
20411
19991
17997
18557
29539
18561
18723
762
12074
13997
28765
13651
10322
482
13557
5668
5712
12755
13731
26587
5677
628
17755
23847
19756
3083
17174
8622
7853
12682
7893
23295
31057
18716
12259
13767
32607
13054
16475
21319
3687
21136
29163
11013
27173
7596
24535
13506
3751
13878
8769
28333
28082
16884
5799
5078
7011
29856
4525
5861
11794
60
24093
13580
21883
24486
11564
13626
27936
12140
23551
10130
3561
2273
12909
14619
25358
4977
32519
28601
17974
16433
13397
25180
26337
25530
27491
16759
259
8760
28540
17332
26353
25022
14134
19174
25217
14045
28335
21822
12653
32628
30485
3779
8441
8137
32620
5884
3286
5593
6795
20207
17733
22253
30312
17232
8320
11118
6294
1778
15189
31994
17420
4481
11540
19127
27688
30323
12971
14312
22772
2108
5392
26814
24743
15297
20191
8560
23151
24592
13637
23438
11885
32334
10268
17810
9985
30192
3415
24760
26441
10543
7073
12559
10980
19893
14401
13264
13052
13725
27713
4079
1155
9370
13519
13553
23484
1398
13027
23549
30974
5055
32290
7989
10933
19901
7939
6983
14505
17062
29744
20286
5251
4373
1839
11935
29581
10681
5185
6577
13753
10826
18826
12316
15845
25794
371
12725
8029
26313
31821
24985
17569
5489
23863
8057
29545
12579
28225
11060
20967
21978
28625
18091
20812
19342
30534
10705
8589
15092
8412
32001
4711
6756
6351
19861
1441
26394
16324
12468
22161
32418
28260
2155
23265
11406
7242
7935
24723
16490
28191
3202
19779
16370
28419
6821
17068
2434
31023
6861
27758
31437
4569
25193
23311
28626
15448
24962
4159
11788
2185
1939
8288
4073
24689
27292
3397
1150
22820
25714
15930
14201
2789
6745
14661
30039
13454
8916
428
8151
11827
15804
16311
18094
28418
21136
5559
14460
10861
10508
17991
8191
18572
4093
4050
390
15804
26195
24918
11433
1421
14968
19559
30264
17627
29664
22646
20081
22330
15074
6995
1910
19352
4806
15089
24574
5149
23071
15466
9802
27990
9563
17474
1883
16531
10136
11248
24162
1421
7609
4250
6264
26444
28601
16161
143
12360
31808
8541
1960
16847
17012
4266
23879
6822
24082
12707
27684
12531
2493
15661
3876
9050
7062
23224
4743
1383
12300
28609
21859
19244
30454
2203
8017
6187
22239
15984
32358
30070
23200
16003
16741
13076
7477
22199
25138
30887
10185
11093
29834
18764
30227
31242
27890
32451
5349
3631
21485
32720
3842
19021
14706
13792
7217
27361
31901
1520
18063
26204
15269
20651
31273
3694
14
15826
13002
22148
31520
22241
15378
25488
26263
13552
14280
18696
23964
17879
24177
5937
16884
27797
11810
7837
376
243
31634
3314
20421
29284
6515
18158
10292
4656
2563
9128
11277
18641
28382
27929
12535
15005
11030
18906
5043
8102
27525
29743
8970
21215
2402
25157
14084
23680
31507
17336
18523
31659
18242
30808
7215
29519
11827
25645
22523
7757
32085
17593
4552
3801
16663
27516
12449
15651
18684
446
12614
2359
12786
14728
8997
5154
27360
4084
29061
13399
26494
1190
19717
2385
30057
27291
18757
29305
26487
13858
739
27977
2887
27687
25001
7858
7453
5815
19204
3003
11757
25281
22712
17772
12214
19226
26579
3050
7186
29892
5087
11491
26890
8304
29276
8492
16430
21825
8814
11689
11238
10451
1234
2926
12035
18556
12310
23331
31385
10194
29962
26541
13841
30829
1906
31755
3450
20206
7933
20605
31264
6463
9339
21228
31072
18973
16202
20102
9658
24020
22289
13993
26152
7242
23985
6402
10158
15423
30073
31478
21811
19411
18330
9792
399
585
7898
10460
30693
24330
6796
3108
9779
14829
3519
1850
5671
10421
24246
12453
26677
24028
31384
29503
1254
25743
12649
19022
30835
24057
3641
2289
11410
9156
32667
12478
29840
29661
25689
7081
8096
2424
20582
32039
1395
18261
7700
32404
16648
22337
8071
31442
3526
25311
1130
7476
31432
18856
18400
26522
26744
30769
15038
25565
1119
17580
32247
1133
14139
29874
344
30776
14674
20544
23157
30158
16647
26111
2019
16835
32683
25800
29863
29781
24725
11879
20463
16975
15989
1951
3328
19758
741
2415
8048
16001
25665
14228
18325
12950
13753
24655
829
13906
32164
10600
30367
23649
17943
28275
24978
11664
23479
21586
29949
30838
28363
13819
7311
17498
19094
20092
4272
27473
5859
17468
17591
8103
22497
31107
1373
24704
8241
17980
23409
8639
10558
32506
1742
11047
17869
27962
9611
29376
25301
7400
23409
30333
2704
8996
3506
22811
7634
16965
1751
17996
14234
3870
5883
25109
28390
31617
1079
18293
27340
27138
24413
23111
31943
12029
4329
28777
13647
8923
12852
5662
9900
10640
1771
29105
18955
21352
10944
2652
15058
31492
18271
30311
15409
1183
26276
13460
15609
8855
13579
13499
19890
17192
18536
21426
15592
2938
16088
20079
19909
990
18935
28785
15589
22868
31315
348
1893
22610
24353
13795
10301
1216
20015
10218
16336
29511
26650
6636
22978
18379
11457
2459
17674
32054
13305
21959
12872
23160
24195
31617
3160
14540
4923
11904
16167
32572
23697
20676
24773
30567
31293
3448
28860
24450
15151
6941
8609
23965
13253
26853
24808
14375
9281
15197
4348
30645
9082
31823
10640
22015
25042
16871
12847
7723
6247
20756
19227
25167
30862
7985
14420
10801
12157
5861
8951
32593
21063
9288
1225
31273
17934
19527
29204
13491
30835
21321
13746
17964
31826
14099
29543
11288
24237
32744
17524
17542
18405
11509
616
15765
15664
16365
13370
7735
5703
11249
20885
19509
31583
11186
20595
13171
32603
17113
12525
29302
10816
28327
31569
12323
2025
18904
25718
32457
3836
10190
3148
28770
29724
27371
2743
16406
15712
6719
16030
13569
10756
31331
4927
8758
16991
11684
12229
10244
9237
8036
17692
6776
24206
16062
28164
12578
29607
19561
21860
25628
20647
16351
5857
6729
21364
1982
3504
3291
12295
10606
1448
1048
18973
1028
668
20829
22319
14950
4583
10851
23717
2224
23112
18881
24135
2263
24049
30898
20724
10893
8922
26137
9622
25188
13659
28354
85
21557
14586
15083
28683
31939
31618
21763
14840
7836
15957
7601
3512
30272
10754
16664
13681
31109
8218
4442
5713
9786
24384
27226
5432
9227
11648
711
13233
15780
31970
20054
31015
29978
15934
21838
31830
14214
22097
9546
8447
29683
26897
16186
24032
6522
28478
9900
7907
16555
19002
30282
6038
1071
18970
7587
6619
19628
23037
11310
17633
5097
18076
19851
8274
25395
21283
23309
30670
4351
4160
9846
2713
464
10617
25089
25488
28763
7362
18854
28002
233
4175
29081
5884
9214
15015
24084
7237
3128
4346
18518
18188
15225
12212
13548
15422
27465
12626
16175
10589
21621
26484
15886
26157
6652
10804
9741
24241
23340
12727
19598
22869
12553
11777
28751
28013
6894
4366
11061
15838
7799
16158
12616
19483
7837
6480
254
30548
11811
5746
26812
31722
24882
24088
1434
1829
25152
6635
8039
13097
20022
28996
1517
32550
7121
25338
21365
6096
4680
29048
14478
1039
4912
21778
13579
2551
15261
10393
25163
24570
8331
17452
12989
32348
10876
14930
19106
9448
21602
11078
22037
26850
20926
25234
73
24380
24586
29407
28691
14092
18261
17420
28072
22590
20013
18301
5543
23174
9409
18102
15706
26777
2887
40
27705
25501
14236
1610
3759
23262
15914
5356
17953
11202
527
20681
31277
24063
28796
9563
3887
4107
2906
13555
26122
2005
1844
3848
2341
15282
81
8399
10931
26522
2848
5133
22584
660
9178
4138
1864
10351
16738
4486
24466
19379
3952
19216
26142
17367
5102
17940
28115
2996
17314
13396
28988
17466
18958
10331
14732
20322
2196
10254
30431
5987
4318
19844
11714
22057
7805
27159
7670
28931
21456
24507
1649
15516
15912
9359
27302
15660
25897
9394
15622
14063
26996
30296
4807
8919
30339
5149
17636
23422
3027
4505
8805
5726
24905
32308
6112
32068
27343
27195
28736
31746
16190
16948
4805
5732
26240
29807
25164
23142
21238
5342
8657
17060
2583
29478
562
7442
16474
22262
15669
18925
27734
22168
25037
26354
5416
31686
13721
15053
24598
10942
20398
29908
8562
32665
20630
5365
29888
5592
23448
4077
8219
28224
13626
955
18132
26344
11013
4181
12125
31120
10376
10393
8293
13364
7584
28550
6469
8161
6646
30124
27035
2504
16840
27361
27700
25233
32749
6198
26928
10225
6419
13866
25440
3199
1100
29469
21747
20931
11465
15879
8018
2192
228
10601
12872
11156
29284
31364
11878
18478
19453
14538
1702
10623
23
20882
25934
14788
21713
9231
22551
3555
4420
2435
1935
20291
4108
11696
32188
30689
23301
19343
16386
5281
13394
8773
16454
482
12452
13907
26964
22100
18104
13069
19070
28686
30754
77
9862
22491
30538
24680
27071
28373
28340
10849
19310
6710
19844
29789
7798
24938
15681
16983
5429
12905
9433
3349
31913
16451
23781
13659
13015
12284
31023
14174
23661
1947
19313
12923
7590
4990
864
6441
23150
13808
4073
7469
16839
21758
9659
11277
10347
23174
3845
4038
30386
31376
10369
1985
11703
13281
12209
28164
18358
16078
18025
15526
30649
24143
20365
1925
3188
18260
2332
15931
31341
4700
1901
19021
20832
27459
30137
23974
8417
29531
16346
1348
4163
2495
2386
21554
11705
28132
5519
15030
14523
28785
1390
24011
27563
9809
3581
721
2233
20998
3205
25476
11780
30528
7112
32299
13569
19630
3719
13841
8481
20
29511
22585
25006
158
1365
22606
27382
17268
12040
23001
27308
13966
326
22967
7051
21962
17481
3017
31804
5691
1443
16621
28026
7108
18304
26925
31604
27878
13612
1591
22131
6359
213
8717
16060
980
20113
7678
26552
19895
20643
28117
5714
1740
30970
4944
32417
9953
25594
28116
9415
31388
24703
12894
17689
31506
14623
8125
1920
17300
8880
17151
542
6604
29706
24617
20277
15370
2830
21291
14917
27096
744
32018
18549
23252
8080
4480
8244
6079
4759
22617
5152
27089
32032
14272
21799
21583
21293
6722
4076
19552
1052
1360
31084
8989
3185
29683
3809
21991
21717
18875
3303
14589
607
29177
25053
12365
7187
32557
8078
27275
10664
24258
12304
21121
12175
29945
20973
10918
11312
13604
8065
1777
31351
2580
9635
6383
15759
8916
19848
532
14829
30616
7651
8271
16273
6896
5969
2272
2440
11073
12277
9582
14006
30838
12895
10068
16338
12787
947
17725
3762
12490
5383
30448
6857
12850
1036
9069
12014
5685
12017
30008
15454
30376
16260
18677
24325
10848
29083
27189
30457
2211
6322
4752
31560
221
10453
24308
27123
23188
18113
12092
31034
12702
9030
9220
28186
658
9711
11964
15381
23420
10981
26620
21041
1237
22545
8215
14659
14002
19841
24051
26477
11835
13581
16408
27878
14175
30010
29702
24057
32454
2910
14284
7761
16391
20741
6614
29043
9244
12436
27399
29836
25619
3372
5896
25965
1029
25041
22239
23252
14924
23500
29123
20973
22257
29773
46
13592
16228
19797
25909
16365
21104
21971
29205
25725
18541
30990
26638
5595
25528
23874
19572
7132
1376
30094
17155
21530
31266
27405
25203
1087
5016
8516
14156
8576
25005
22972
26876
12647
8276
15087
13606
10198
11642
15977
13630
26185
6968
18983
8787
16475
12878
31043
2859
10636
30925
22483
12437
28737
4371
5646
31739
10764
1276
30384
17463
13614
20823
31904
21671
29530
17815
7120
27268
8636
3019
29029
7279
29242
27857
18201
24653
18938
9414
26077
9045
18724
23488
31682
10343
32745
5824
6425
8352
29892
13538
2265
12843
24575
19671
2114
24922
16506
32405
8640
4085
11688
3405
12050
1746
2778
21918
18091
15781
32704
29704
6233
21786
23084
12195
32036
30497
15642
32017
15993
4489
16622
11697
22664
7889
26876
7957
15338
28987
4685
32439
21127
13345
16288
30183
19383
6028
26288
21000
29607
23043
8885
31996
6655
9377
28717
23005
19393
28011
21980
23022
25716
21472
7954
24017
14979
11217
2860
14074
27360
10866
5725
23907
2028
27058
16303
11649
12187
13768
28740
17016
19667
22798
26594
16523
2070
23059
21167
9174
11105
24555
27704
26431
32084
12490
21432
6058
22418
32466
30104
10092
31851
30504
11826
5634
28601
18253
2522
16388
22279
3244
17951
27476
9465
25199
30798
25499
5096
407
32056
15094
13260
10060
5685
748
3935
13681
22377
4516
11391
16764
19270
10068
27604
1413
28498
2045
2996
26524
28203
23894
21059
2912
15048
29957
8927
8654
28929
12053
699
27478
8018
12453
20681
8244
24028
11997
13534
13053
22188
26151
2577
8568
9024
4507
18532
18352
9031
30394
12710
26951
12457
22880
17815
25869
21703
27636
16718
18129
25348
4066
11736
11128
7300
31307
16930
11084
16692
4347
7192
16022
12810
5019
5391
20590
2190
25895
13664
29650
18329
2467
2902
28406
2396
11274
26955
4315
20133
16520
20237
1315
21342
5864
647
6692
3158
29008
7069
11579
12869
29484
1879
12642
32266
31848
17986
1029
31286
17634
27155
1042
3534
19487
5774
8016
9293
28989
2470
18929
5865
18216
28390
5226
15127
30993
527
21378
14929
21276
17667
3753
5911
17241
19681
10380
820
26358
27250
30182
27458
30643
12740
13977
23408
11669
9492
9469
8579
26847
1777
3960
20507
14398
6047
12367
1848
3908
16826
14267
9724
16663
31259
15424
18867
4971
22272
1338
15888
32173
8806
25529
17081
26753
27578
3470
18951
367
23729
11942
5382
30425
21877
9367
20676
12337
5121
6265
6344
22121
27342
27383
736
16554
19119
9893
6176
6472
9209
27797
24359
20214
25320
3877
23460
9782
2878
20250
10009
32532
14125
28403
1759
8980
32119
4215
9067
12137
724
4241
17615
28519
14996
21853
14467
15163
6789
17027
17510
11994
17943
18372
19200
19767
29886
15826
1290
25529
6040
1381
29744
16876
592
7307
29461
6519
6978
7743
1688
6734
22240
24638
21590
7976
596
8982
25199
32308
8551
2176
1166
20999
25505
17391
6691
20185
29873
14697
499
30706
11280
32406
26323
18783
24546
29207
18864
10729
24349
23832
27859
14664
22252
21289
1123
20115
10070
17481
20524
15099
27419
30020
670
9401
14046
21056
6425
3653
21385
20370
2408
24009
30702
19670
26763
30933
17834
11838
28345
18516
3407
8234
31909
14527
7618
14585
1537
2704
8929
27935
1344
1786
22377
2424
23713
27863
3607
10205
18537
10722
22030
20980
18031
13350
15993
17996
5854
6070
32113
5033
14903
3231
32289
32412
4245
10523
6696
25943
32309
1031
574
5568
14645
23447
6683
18884
9372
5193
19349
15854
23707
9239
5384
5688
22547
15857
22266
1313
17238
20842
9471
26879
30770
12978
7643
21399
14124
32452
3815
12267
1545
4064
26294
31315
22419
5692
15095
16079
24729
10487
26013
20892
15928
25422
32062
30213
20825
25106
11449
26492
29563
13657
11804
30953
26803
6773
27845
15938
13040
4642
4807
29788
10884
9987
1423
6913
32736
30800
5575
30018
2719
23753
26234
25614
2503
12782
20345
20228
14667
11121
16126
3974
24788
14060
24208
4623
16320
18384
32550
8646
31339
8093
4239
4691
27822
26201
10257
15345
1446
10043
23121
32196
4279
1447
27762
14958
4048
15967
8321
733
2800
18679
8465
25446
30953
11657
20514
1816
9572
25259
32072
9546
14373
18334
18185
28023
16784
3784
11142
25932
28780
11364
3166
27902
21736
7545
10703
24033
21723
6920
22814
30519
13648
3466
31289
3397
23874
21658
28828
11949
13732
14062
9073
13303
19109
3723
18683
28017
4657
1337
308
25401
31675
30005
949
23448
11578
16935
25815
7057
4465
15955
13848
5562
7028
28691
1472
31563
25448
19333
452
25461
138
13441
16874
31989
17523
23758
32046
32232
15258
21141
11876
17889
5914
21269
27680
26169
25525
13721
30675
1190
12825
679
18486
19471
5219
2939
4844
24479
5346
5556
6499
1049
2589
28492
15611
29547
27671
32461
7786
3717
3793
9154
19551
24939
26129
31596
17765
11657
13922
23991
20746
28232
22364
9836
29761
3038
27429
7848
1286
12394
12088
6797
8512
29504
19045
7991
3307
20097
15385
9458
15222
4848
20704
18858
2154
19968
16424
1955
25421
22066
22344
17514
29382
29085
21953
19467
29442
19150
24259
3204
21333
10195
9203
9594
22309
6035
11627
8235
15876
2401
25346
25508
14108
720
15054
14643
9168
26568
12520
29984
28064
2265
27759
6040
29517
27600
13776
31210
20798
648
8772
23542
2339
17411
6298
26081
19672
23481
4918
29198
28812
25392
17242
13130
18466
22989
31140
2887
29655
20202
30680
9548
24614
29225
4064
10538
31977
32263
13329
6770
28608
12468
23728
14309
17846
18210
26293
28460
26658
11867
20430
14538
22732
24345
29607
28750
31057
6032
11881
31949
25033
26511
2177
23951
2726
17095
20386
28425
19935
3434
16653
31755
847
22265
10512
28475
15448
14167
7116
14530
25291
545
11068
15429
16140
17474
15987
23319
10609
16321
28197
28333
27372
23006
2665
18258
4330
12126
11709
795
14458
17187
331
20766
5298
31487
5739
29919
13390
24266
31080
7691
19099
19890
24967
26729
32660
7635
8773
6157
2890
23048
16865
26063
8329
4608
22810
28667
27320
28820
8250
9034
8961
3159
19795
12305
178
9839
10185
24505
2275
19364
29968
24175
346
2999
8887
19740
2731
15093
20902
12184
9635
29195
9892
2843
10215
16412
1052
18676
25561
17169
4384
12669
1979
6705
12718
4942
30743
26353
21554
27313
10590
20493
14413
7510
15567
15063
4821
7752
25754
11983
13085
3616
21318
6005
3446
11129
14928
22619
20213
10147
7189
26494
24183
13212
29937
25046
28387
22843
32681
20012
1711
29871
6406
556
8358
25128
1731
23995
18920
13268
9642
20619
24882
1037
17145
24044
23391
14289
9482
4837
12591
17778
1843
8835
23112
21390
3308
7281
31098
17474
28719
29129
7751
155
28453
15402
16291
6221
15614
31499
21496
2472
31264
15182
10861
17863
30597
23832
26984
17675
18782
27617
22097
16328
27901
15559
19098
24381
1521
18216
31228
31434
30323
27503
28163
13661
22273
7214
23244
3886
4424
7534
12558
16300
8775
20035
4439
27574
18354
12451
1176
3087
7316
9079
7652
6156
26937
755
26997
18576
10827
8995
19696
1850
4923
22727
15593
24029
4066
1121
27562
31281
2409
21388
21808
6600
29286
11407
19575
29251
24135
30770
28152
27077
10228
15825
7023
13224
27568
17838
25825
9583
22592
13707
734
22524
6992
23417
17924
26884
27922
6891
8132
28863
32552
12302
10345
32740
21188
15709
18005
14804
14862
22384
23182
24341
2246
788
5754
23555
14378
22945
24295
12226
538
18312
24654
16247
14202
6444
14425
27064
21976
18931
22690
28225
8270
18844
1726
32232
16298
11219
7546
1747
11725
30210
29540
4328
28753
32619
2702
16005
26223
6004
28046
17777
11807
26177
24009
29715
25728
15240
14066
5858
17787
16289
11213
21021
28323
15069
16441
17340
18784
26393
9325
422
24653
32659
21890
18468
9182
764
10034
27798
25158
23502
6879
26725
30360
25311
10198
4152
29484
28727
22742
19307
19268
28190
25292
24509
16367
8826
6369
9544
5166
8792
25014
14007
19542
9161
4590
29107
31925
8687
20462
23454
27512
1879
25824
16004
2508
21129
7934
4686
2116
26846
10509
1593
2683
2962
31527
16007
15866
8986
18622
6773
22620
21688
4062
5740
16560
5708
11698
7803
26654
13421
7242
25861
5582
32440
15771
4535
10757
3688
22472
23741
7313
23336
9888
27190
14952
4645
9831
31205
26252
25446
31705
16169
25137
14688
7532
29999
24610
3781
8662
870
26465
22174
22479
17971
18701
10905
2840
20455
11657
13220
6844
13806
31963
186
17558
15944
9810
16381
18963
318
2924
3590
21049
21325
4598
20345
11496
2919
8565
18652
23392
31067
4037
26793
516
8337
16640
30625
10078
2810
32418
9060
25698
18503
18922
5951
27127
27993
11651
5957
32691
10233
21091
20897
24550
15050
23540
23082
5339
30075
20337
1080
15194
32065
2707
3766
20081
31109
3438
22137
24693
30938
7061
720
25923
8753
30853
24669
29131
1616
17217
24099
5328
9600
13625
24799
11497
32134
18544
24732
24524
13269
2270
1154
5835
12290
5396
12527
9375
14968
4638
15305
30821
29549
5805
15122
486
13845
20854
8636
11035
15381
28373
7871
2801
5434
438
29290
13641
18283
29621
11766
19523
10972
16516
4449
14012
22149
141
31610
8213
12499
1753
8248
9526
30877
5681
31055
21203
23129
29059
9477
22766
26000
19335
10050
6046
30351
22945
16615
26894
26720
3594
20833
19656
8952
15659
30334
22580
22962
12873
24191
4187
3580
30567
110
4337
10832
21608
11954
9363
18791
18805
14304
12877
32169
2206
2516
9311
11495
12996
2817
11329
21580
23478
7685
2020
18577
6554
896
11323
18033
9103
3623
30970
26461
17296
23828
22942
20080
8091
4192
30637
8613
7699
11252
25151
9032
26980
7324
20157
32682
22245
4958
22249
8985
13570
11017
22558
11279
17562
3088
22489
19882
24998
665
4473
13916
7964
15058
4419
20196
23059
6020
169
25981
2087
22250
1996
6485
17695
31171
26687
6720
25549
8358
13582
4270
1590
21398
19455
16859
243
26582
29719
17477
3543
30718
17760
22627
4562
8783
15850
14740
31253
324
10256
31574
29815
4713
13820
18104
1816
32624
30318
3090
19268
32130
1720
31987
20378
14035
9742
25179
25965
29305
3580
9002
23914
28286
13368
3801
30587
8244
22938
16488
2540
20168
2665
11671
9165
15386
29656
13913
11927
20428
13008
18566
21266
30874
32752
27600
9589
14313
23763
18936
23759
2978
9873
1858
6567
10816
12680
32550
32735
17704
21084
14664
10207
17721
30780
10922
10991
13733
15463
5920
20195
20735
2799
9989
5374
25749
18621
1325
12305
32255
6870
6426
9699
5880
13021
12659
8149
13165
17624
12977
11974
9684
2615
7708
1589
28095
30226
1270
29349
25777
32434
15350
3910
11568
8275
25336
32465
6171
32040
5362
11188
29758
16032
21546
21359
31780
7144
1702
24894
22060
10673
5860
23544
23263
22323
3276
27447
5505
15473
13027
14265
13030
7615
7105
11014
21128
18562
7109
21075
28118
11576
2823
26791
18894
23224
25486
19516
9933
16058
4036
25384
8870
20377
32038
13116
242
856
18240
12589
19880
14308
3801
2801
3566
28824
20843
29036
29486
3334
21718
9548
17515
23797
31572
19250
29142
13734
5040
19218
1692
27740
31155
16092
27907
23066
6880
13404
14517
19631
13153
18015
27483
2288
22336
20759
26478
16965
7130
17856
1354
11111
30097
24964
32389
1127
7618
19356
9086
18931
5367
24249
3897
27093
5469
8610
19818
8380
2424
13086
9935
25919
23317
11540
1987
1055
11904
17137
13585
20940
24056
8010
17158
5419
18784
17603
714
3991
20023
30255
23024
17958
31690
27128
14411
28717
22440
19649
8195
12038
18007
22347
29673
29456
27717
31637
8
12792
6913
27976
28796
21047
7851
2385
10888
28636
32682
24784
15330
24204
3228
27441
21585
3271
16531
9112
32122
11372
22910
5507
1271
17536
13029
7339
19626
4139
14554
23595
30033
20227
1836
12515
5978
27278
2269
8991
32248
5377
11222
7028
6262
17742
31962
24299
5580
13406
16313
5730
24176
16283
22470
25902
24686
21682
5258
21253
25019
19095
14010
3356
19654
19401
16743
17036
11089
13783
27509
8186
17279
4643
17742
11895
2862
3046
26327
6565
25990
1908
14756
8475
24274
16066
13160
14603
23183
1829
5295
7714
26563
9308
32719
24752
12177
19665
31771
11017
12809
17180
14683
18219
17733
10441
10105
10145
2737
28251
13949
30631
20138
1168
21179
30350
1611
13031
29003
8802
24451
14176
16570
30155
5995
4995
20991
15665
2775
10915
19889
18211
13612
5476
2423
29690
4465
20091
4543
26809
4520
7349
31667
26936
8286
24123
4968
7554
24705
6420
14937
18043
8050
29931
2581
9670
11611
531
3892
7397
4035
29128
12431
18338
16991
9144
5809
5550
31275
11458
10120
10121
7866
15101
27232
29345
28106
31484
26643
28862
32028
25168
23417
24221
3715
847
17958
19931
27194
19988
15701
3606
13178
25287
799
12622
27468
22815
16369
12177
5533
8484
28732
28119
13456
24890
23150
11307
3608
30043
8482
7947
28613
29604
17811
14354
25822
23059
11863
25044
4785
18831
1610
13066
12071
29224
1992
23791
17819
5281
2079
22761
15852
15659
22339
6508
22993
7028
18372
16923
7277
7136
29438
11057
20516
9750
3472
13344
7852
9407
24591
10616
28519
14986
14331
16905
32752
18548
25841
30540
27380
10566
5667
15615
4419
18015
11270
23568
6438
27059
21066
29884
30708
28948
30223
27640
14816
18097
27734
18448
31765
17116
23733
16526
19717
23312
17488
1373
26365
16946
9476
302
30973
24087
13541
6939
29128
13895
8683
15242
311
16384
15848
6229
17362
11134
9917
3112
19617
5754
16078
32042
320
18417
2483
5855
31794
22822
16689
23373
26999
28650
13928
20317
4449
28187
21325
18053
1443
14955
20571
4516
9387
1634
29318
5421
26418
13735
25969
2696
11281
19067
1504
28853
30294
31622
12400
28723
20887
22230
26758
13856
20614
5669
27525
2721
22982
2138
1092
9860
14077
13395
12991
3108
6699
6370
31756
26509
3386
11797
30353
14817
32726
3003
26229
21499
26494
22819
32340
25681
9691
27175
6199
7199
10577
11625
31427
12226
31701
20445
32432
13921
13310
14728
10365
11475
31838
18311
2658
8125
9490
26450
647
16635
29592
30530
10611
27714
9441
4177
1223
24323
21927
7458
21036
10130
17665
25153
32394
3975
9525
23467
7547
1381
28365
5009
29951
18809
27117
22105
29041
25093
25059
26598
5561
6814
14080
7705
15300
4819
17062
1175
14641
8207
16803
28109
15437
1729
14525
5426
30018
20153
1934
14028
24459
14037
7571
16374
16299
3038
1407
32096
10527
26285
15061
27223
8337
5522
32181
1351
11854
13558
6390
19838
29946
15166
20086
20018
8323
31731
23982
23238
16723
26144
22666
24649
26570
508
14967
28736
5099
29129
30141
26789
19797
31228
27407
23855
30581
21662
32608
9684
13819
21490
17401
13965
30090
6232
25801
9305
27828
23921
20732
31620
10533
8836
20943
19241
32030
12833
930
2550
24870
19716
25934
14383
7676
31803
29114
25333
21199
20108
30633
27849
11185
1297
9174
16204
23626
29477
28995
19016
13001
5508
29646
29684
22304
9389
12549
24180
2673
9867
31547
9888
31427
17237
732
6
32506
25011
4605
21042
20230
20002
9783
15149
3162
29081
23734
6979
11936
23405
25741
3593
10411
8818
27468
29855
22957
24931
14293
30003
7850
21123
26475
5062
6188
20101
268
18483
30777
12969
21249
13677
27778
29225
20147
26120
30941
22227
22208
12795
22005
13559
13134
12708
10304
5763
8352
25100
9010
8557
11239
24173
27825
15697
21082
21233
21704
15452
5768
3261
13727
2920
32749
19246
4011
11624
14532
13922
13858
1543
15901
7931
8114
14220
22063
27423
12146
6145
16623
21699
2585
404
22242
23850
19310
573
2607
6568
12287
11937
32248
15788
1814
7223
10218
1534
233
18089
12307
26948
11537
25725
756
12747
15677
28404
18904
25732
24616
24882
15716
6477
18632
29344
1646
10354
13769
20623
8467
20852
3385
6942
30211
16137
24709
10589
7712
3171
27812
22706
1096
12213
27282
27516
22894
28148
17408
15095
3824
15323
74
16480
19236
12337
32169
14681
3124
27470
19114
27534
27949
6108
13278
19353
16722
26843
22995
2851
31158
14567
25412
21068
2314
11966
8077
10317
14771
2813
11617
20316
10784
810
31167
6097
25434
19959
11042
28294
15836
17605
19705
10883
2214
15976
20310
24027
9869
1834
12010
11729
5589
6674
22833
30271
5633
32614
8426
15417
24554
29806
22218
13293
9231
16507
23153
24013
17196
23336
14237
32497
29966
18400
9118
30902
20901
19104
28426
17324
28763
23038
16305
4527
4516
29291
9939
23379
1750
11957
26513
23686
19516
18896
418
17520
2405
28117
21575
7326
27586
29771
28033
11104
3953
31654
22913
21871
27219
30221
1632
17107
28004
5472
4112
19204
20556
14458
2195
27728
15153
15795
4202
21116
17104
24233
21329
12462
27340
31041
15657
29323
8773
27112
31542
2204
28333
23327
7562
21494
14551
11830
27841
29978
28753
24919
18415
538
30964
5831
7895
26621
5817
8553
23646
31589
19407
14980
21823
31855
23786
17605
3839
4571
28637
16520
29476
32621
30827
21843
17058
7058
26458
5283
23958
18503
20426
23020
13110
29495
30405
27611
28168
24867
279
17118
12371
18567
13152
6374
29908
32635
30823
9836
26545
16599
8625
12466
19379
19610
5715
19787
16303
26509
25604
32477
30789
32291
26230
3878
16845
28324
30951
19005
24207
16010
26099
32538
5426
16172
2476
26969
888
26009
23020
26683
2344
22983
18666
9966
24395
237
13836
6670
12186
1837
24828
30315
16440
11382
4862
1293
1949
22697
29313
30837
15570
15098
13555
10022
14308
30874
8922
20324
13971
11923
8737
18492
22858
19187
15023
17348
27732
300
18751
1700
20812
23995
21611
14549
7381
15624
14345
13225
15500
10637
6843
28940
14651
25915
25026
9
26960
8729
5907
8848
10125
11823
30125
30838
25088
5794
4137
23485
5430
1568
17811
21014
1964
25214
30840
14244
22918
28064
15424
1795
15491
28058
27838
25225
26673
8212
25606
17099
7773
31987
17023
28259
21454
3126
32057
7921
20787
21277
9856
30560
24665
7313
9393
12139
22945
8384
19276
6239
9650
20488
2635
24354
1899
17686
10162
12148
16923
8783
14184
7285
28661
24174
17733
29287
7358
17519
25964
21942
30921
10925
7899
21301
14373
9543
25664
17835
29205
14279
3854
13454
5312
18950
4305
4110
16682
25674
20159
28246
9059
30386
23439
11790
6911
12244
910
8740
18373
9892
24303
10956
20140
23448
24162
24517
27395
21769
1513
12254
8175
23261
18919
6586
7706
5475
17018
25040
12714
4990
10507
27061
19568
31750
21540
3230
98
28267
9601
9505
32332
22171
7785
8251
27842
14374
3647
16791
11097
13472
3924
32013
22039
20808
17919
2410
7463
16358
5616
4207
17617
12026
16833
8220
25002
25874
10446
16686
9480
11132
5959
22246
19897
19485
23683
11276
4341
9889
7063
20788
3984
8405
2600
12352
11124
30288
4477
31014
20815
11097
1496
19443
2697
9989
26631
17424
27513
14496
25910
18628
12760
3150
2311
18171
10102
21234
21989
14406
7467
8527
14229
6946
4625
19054
1037
16509
23280
14655
32394
4726
24058
3458
4317
14437
14009
32744
12037
15387
22085
20854
6403
5227
29626
18987
28394
14569
24809
2786
19254
8945
5966
13946
22366
24555
4419
13875
3757
6350
17266
7515
9037
13027
19088
28715
14757
28108
8521
20972
28133
8900
29302
24157
22494
2344
23446
12889
280
9271
13180
26549
286
15894
10565
2152
13341
5142
20365
15598
16301
6202
26595
14830
23023
27636
633
12570
1752
30768
17952
18774
16332
18067
29812
25117
14703
5
32340
9761
15288
13421
15510
12594
16455
20411
8440
19809
19192
24620
29529
2917
12472
4553
28457
14910
16535
818
21790
536
799
22425
17704
9841
996
10769
29864
13182
22877
17929
5341
6859
24306
18707
32158
803
21846
4587
28751
20399
23831
8372
1806
8801
32628
19588
9261
23956
14702
29219
30181
26860
15650
16
25160
15748
23893
965
28536
32072
22353
7228
31767
6559
28400
30130
23550
19790
4342
12971
11570
28057
28579
26166
30995
22186
19849
882
30167
30519
27292
26193
31799
16224
18312
22940
1384
30422
13127
15928
17741
15938
22258
14247
13547
16357
13271
465
8477
21371
18381
21509
4489
6502
19396
30011
7122
20744
16544
26012
30480
28273
15944
16708
25469
13114
14585
16454
14960
20144
12513
30704
14992
18742
32745
16721
25665
16100
14802
26873
31331
11636
21123
3072
31548
22879
32417
17994
9650
3651
609
5640
24254
16008
25242
6274
2845
17987
11295
1045
12617
21850
17739
887
30631
17642
32221
22083
21250
23525
20742
23217
31032
18176
3521
25764
27699
18380
22883
1515
12571
24354
16499
11200
1994
30405
18875
13717
13953
20035
16287
26897
15833
12060
9134
26453
2300
11302
119
1923
28180
28720
3486
14977
4868
24550
23087
23546
2647
4853
28977
5286
15477
26735
11391
12748
28957
14960
10707
5637
3343
29954
5668
10050
22537
5182
17202
24080
24309
19892
15199
23067
18017
26893
18368
8177
8495
3055
7284
25609
8078
32033
7988
1796
10793
8944
31788
10034
15774
16593
32009
27480
6705
14407
22100
27313
7106
20743
24318
22066
19964
19547
26172
18194
4304
18372
7061
22154
24865
13027
15672
25306
6593
23705
148
9612
16541
23406
26915
32508
13364
21807
390
6936
19790
27099
10967
21349
18666
17857
30267
29251
3704
7906
15542
15217
9800
8604
26948
24019
29763
4234
10533
12915
2777
7078
30328
27847
10810
12976
12555
8242
16329
22228
14706
16076
31181
12167
16982
30054
17258
26290
19472
2249
15569
4114
32374
6207
947
8158
21749
26965
24571
13483
20705
8414
10428
14478
9736
3387
30056
7552
5517
26074
28484
14598
27380
9213
22296
785
20345
22717
4907
15394
26534
9294
22894
16051
28452
12932
18936
32723
18130
24726
3506
784
10516
28707
19796
17817
30830
27506
5264
25764
23633
7934
30092
782
8244
19506
150
12865
2279
31089
25620
25179
5156
857
18617
7565
22120
21321
15871
4800
27392
24352
19153
13183
10855
22088
30343
26897
6863
8180
24088
9445
20222
3749
10635
20532
10075
27891
30127
24289
10569
18314
1548
2468
24755
6259
21273
29543
32744
14229
18608
15856
12714
13435
18622
20929
20865
32087
17983
23868
32342
30535
3178
20235
15164
27608
1576
20415
4753
28617
6603
32439
28486
10001
27901
30276
8315
2594
9462
23306
15183
4208
30451
31402
20214
25645
7395
15774
7948
855
611
28772
22568
29173
15852
10206
29365
24990
10827
17657
14333
29242
13394
23437
7559
28685
12494
132
27299
13041
20153
17215
23619
738
31152
22069
15116
9664
16551
10973
6061
31313
5339
1231
8560
17542
29960
18470
19214
3839
22748
1832
12744
17872
28844
4905
31411
28294
3431
5292
6740
8549
17608
28364
14956
10228
9679
29146
12821
25788
4465
8520
17422
26700
2959
4293
5972
22400
6181
7338
7666
1795
30916
405
24089
28691
24130
5971
20851
25220
25264
13060
20149
6152
24460
29817
12660
3245
29752
737
13369
16551
20651
31909
12503
18256
6247
7824
15100
18285
29098
26163
18695
20659
5353
13192
24345
10890
28794
11733
28783
16
13457
28627
27375
3425
23405
16144
8448
12822
467
21138
1439
3339
9148
27837
28336
1382
4427
19575
20881
25812
12289
14729
11765
26390
23604
12360
6896
25277
32445
28790
10830
28465
10994
29539
5673
11256
22740
3415
27835
3381
3977
15924
11888
20847
5132
30040
4671
1172
28707
19649
25659
13374
26001
32628
12901
14644
8589
7967
15301
14900
17524
19709
21945
19440
4539
31226
15244
21078
23591
29208
31818
1812
576
14097
31443
18780
3843
28222
13359
6884
21207
26039
16417
28210
2242
29884
16383
10774
23517
15187
12224
1656
24837
1331
19799
9811
22740
21473
2624
4866
19919
21529
15192
31931
25313
17007
31473
25689
26121
822
28966
4702
31567
29089
30316
32568
29692
10792
17514
4291
9738
21549
10507
20752
22490
12000
28625
613
5157
25952
30060
13444
31285
28195
6539
16176
24149
31127
754
17902
20102
13321
27084
10505
20339
24263
23619
2008
26023
1153
12623
14403
16126
19701
7627
22404
4185
13260
8142
22571
31638
9918
13368
12645
4544
20221
2699
4989
17794
2513
11005
17827
25058
21631
17099
4333
22828
12144
2767
23707
43
15503
31829
24479
2463
7411
18475
2909
21996
20926
17399
5039
27408
9285
16845
14380
10455
22897
1537
12970
3410
13413
20282
28417
7557
3168
9416
28690
18016
31205
24376
1544
18929
24346
7973
14814
3287
20335
9809
4642
22522
6783
18164
5368
25209
32315
23891
11105
14308
17477
1941
18877
20140
20122
4050
399
25303
22388
15470
24705
26872
26735
31397
16552
11615
19690
5990
28168
29581
944
31333
17755
10731
29656
5996
12302
1467
26857
2545
8589
6990
6722
3822
31168
18039
16825
20717
28885
30529
1411
14946
28737
14045
14676
16958
32001
30942
15046
26305
5926
3241
27903
19088
12944
17190
6030
10247
11514
7356
11415
3792
25911
4989
14896
8117
22458
21917
2826
15026
25692
1065
14932
21327
8538
18933
16092
24365
24477
24279
12664
4830
17471
19218
21156
24825
6986
32533
4972
28526
18371
4966
9613
30488
29927
17625
22231
16785
27828
261
15317
14666
14251
5880
28080
16347
27093
24618
24401
16023
16644
30128
3526
9572
30811
17842
4071
19402
29968
7455
18745
26697
12401
31135
17426
4592
805
14282
30462
43
13749
29079
31074
31965
31307
8471
27487
15534
13241
23395
5369
4519
11708
14291
121
11260
10882
14192
5135
23848
26987
16556
28348
4415
2829
849
3183
29312
30330
22712
30063
27434
9157
29755
31992
31122
28610
30700
21289
2673
23822
16776
28190
19842
26191
934
3673
14413
17853
32564
25190
11069
21986
28964
3518
27897
28573
2147
5869
28657
26989
30731
240
5687
7148
31193
5089
26513
3994
21729
6358
28108
14300
15488
3334
11091
24389
7059
4141
24576
10515
8166
4658
4145
19453
6640
1031
543
27180
1213
4050
9579
10887
18987
7242
6394
30515
5977
8035
17155
1370
21853
1069
12134
2604
6709
10233
10304
16676
9728
12991
15548
10125
16495
20156
10796
4420
2678
863
23384
31423
6215
14182
29205
15438
26496
7749
3866
673
1443
5319
19472
12427
31432
12535
7144
3589
19598
2369
1393
26742
11607
30421
27690
2098
11189
22348
23381
8000
30239
4494
1868
5472
1769
25075
31000
21836
19571
12712
6208
32575
8608
32085
1759
9396
10889
3836
1017
29040
26995
3877
18447
26050
8191
12600
4081
1546
20641
32554
18900
9080
29779
2139
6308
8726
14475
30655
8604
24585
22890
21821
22547
8724
27702
30292
15257
10589
11786
25092
15426
22132
10956
11244
14658
32145
20576
2736
19898
20509
16923
11677
24530
32628
123
5520
9736
31978
14613
29971
5832
31500
21198
23498
30268
5160
2638
12558
30309
14863
12978
16855
7531
21273
28289
26079
26161
10346
29922
4
20269
2420
14092
24046
19319
18621
31229
15091
18975
30178
14447
27191
18372
30941
24840
27672
7778
29315
17617
29385
1900
1616
18921
6716
1051
29031
13947
22342
8197
4821
10221
25086
16881
18710
2650
8038
32490
18650
9283
20045
9106
20745
2689
31603
26553
24580
4222
239
46
20014
2213
5326
725
29099
26903
11005
20730
12135
10400
11881
31717
7514
26601
21860
22447
6667
15087
5451
12372
32083
9907
31077
21768
18020
10036
24847
28111
27401
20890
26902
20296
11312
26292
1125
16585
5029
27044
2016
26801
32544
3801
11663
21242
23682
5950
21247
17934
31580
27569
30437
23004
6065
3255
14853
1322
509
10862
26450
5421
2165
30915
18263
17239
1425
5092
17109
23920
14280
2297
6318
13288
18074
22287
11009
17004
6356
31828
10135
18103
24592
25482
3966
14763
32123
17846
25075
24224
9179
21528
28294
23804
23248
15968
4728
6147
18265
26911
25960
14577
23963
26748
6446
8006
24542
4904
4360
11106
20185
16788
29684
5969
12079
3425
15964
20968
18489
9496
5880
4113
16390
2075
27377
2147
14496
16091
5442
3318
21137
25420
5476
30581
14502
3478
6442
7028
6387
30990
24042
13060
12055
30052
11485
31109
17346
30749
30408
26812
17780
25156
21212
19494
24199
20061
25819
7819
11375
31387
28285
26069
31809
9043
4114
291
12402
25007
31848
7450
13281
25255
9199
17019
7704
2605
6939
13051
27855
22184
16394
2127
30386
6308
25447
18822
31589
21192
30862
27291
29892
22024
4337
27211
3439
28188
9914
548
24710
12848
31410
7391
26289
19933
2401
1775
13412
22104
23415
3418
28001
32745
13674
32456
4478
18335
27233
17113
1704
25923
22097
31676
1064
6538
17253
26110
17189
11406
16036
27295
6250
12415
8142
5995
23402
23702
18566
29063
16001
5195
24246
22091
31869
28360
1584
24143
32605
21149
23953
30409
25689
31157
17003
9494
290
29065
8355
10390
20074
27539
20759
28349
23463
29190
19332
3431
12308
21692
12200
14188
15609
25200
27043
24437
17709
16941
30115
32014
24025
262
1728
10236
27774
10248
5413
32208
17978
28269
6001
1468
21575
23570
27485
1702
25028
28716
12702
891
30392
8246
8461
20934
25684
17198
5381
32385
26232
15616
23308
29994
32377
32323
950
7450
27426
11299
15047
24851
25080
1182
27288
21784
28098
21236
11964
28289
5705
2136
23010
590
13661
19692
4861
32188
7448
7404
19875
3350
29543
17961
8627
9422
26309
22970
17979
8396
8266
26094
13209
28166
5861
3205
12512
29265
10214
18719
20605
9846
6335
31732
8218
5769
26123
3270
4034
15478
975
14868
21574
26845
29440
26769
18656
11808
20550
1748
5143
442
16384
22865
5090
2002
23432
17032
21776
15631
952
23420
6631
29359
15533
28775
13324
20691
30410
13740
13731
21277
26880
18701
15798
29565
24653
21278
25563
30536
10371
23801
1809
4747
29259
11828
1004
21918
23145
18192
5618
6396
30274
19187
26692
23377
2459
28441
6529
17877
18851
16774
14055
19161
20788
23615
29371
4767
10838
22713
6635
10863
4357
6034
3315
10727
21300
12415
16381
17043
29201
7814
1612
28094
26763
31853
11482
11399
15121
25970
10304
3639
13469
20028
22999
28881
29938
27154
12317
12267
13346
28747
9818
13757
24402
22021
26499
8824
29377
20506
6238
32217
13575
12624
3303
9981
14235
30928
27891
30327
16536
9434
3091
18080
449
7606
30907
22062
16578
19694
1699
14600
21689
13498
22638
19289
7412
7100
11402
23267
21756
8429
29015
31383
27091
19416
25739
13410
13435
27910
16853
3401
15799
25273
17600
4024
28438
5597
475
20503
21804
17211
23319
8095
22307
25840
4976
24940
1907
20509
17871
13779
29165
23265
17199
28661
2814
7812
7167
2452
9266
10741
22728
2342
2551
14455
9744
3624
11940
16535
30590
30645
1721
28513
26175
22871
31336
25555
20135
12829
4181
16018
28956
6638
13723
23004
6704
22812
18191
15806
5645
7740
16328
9351
29462
17974
12511
9084
22475
27288
26227
19405
28653
10800
24048
22472
13539
24537
29073
14413
5469
15253
23844
5762
16439
29148
14
7623
5792
30004
142
8685
2427
28162
13382
30114
26117
25760
29175
1328
21945
20911
12428
2408
5489
2223
5978
26328
10189
12493
25510
3397
1752
16379
18279
27477
6377
11334
9550
19083
27848
18276
19972
10104
274
30861
8883
23088
6879
18573
16583
8956
28577
29718
6902
28494
9808
30810
9085
27386
29636
19929
27565
12706
22114
17784
23719
13426
13562
15316
28004
10254
25840
5845
31224
3785
23450
16774
8215
13080
3818
6692
17624
9798
18765
1653
10169
5993
29906
8794
9955
5780
8591
15528
6320
6222
19265
5684
24171
19779
8754
5933
5207
8762
23392
28335
754
31815
19419
20628
13690
1346
21359
17806
22961
7287
23171
16755
19678
16287
26433
29655
31252
16
3575
1760
28086
22576
16573
16470
16955
29999
16985
14586
18991
18678
16479
7705
7034
30810
22685
12640
24549
31126
3509
31474
3802
30456
28428
25016
29803
18906
30691
7672
10647
8660
27076
14890
25032
11312
9760
5639
12703
20382
19254
8162
13044
20521
6198
14395
10777
28522
23719
29586
4191
23804
30470
11897
10204
2864
9904
10221
31851
15361
13570
5606
30195
23114
14782
26669
24557
29494
32432
11630
2592
25592
18066
20110
26287
4029
31534
5182
18774
12767
1730
10961
11249
8284
23720
6218
7230
4742
30006
22714
14051
16380
16612
5321
21427
27608
22188
9874
18221
12330
25015
24756
23877
7590
4661
19365
29032
921
5517
19786
18362
29730
22966
28357
2978
22686
8164
13455
6024
10852
8808
15558
27101
9139
20945
6088
27484
31976
27992
3840
27280
2548
31355
19968
28823
19470
24551
8656
21285
19365
10139
17030
10188
20121
11339
23319
31866
16042
13826
17261
31043
21553
18956
8378
20320
22798
12819
24587
6520
6113
32392
16160
4383
19325
2117
22395
15773
8857
13680
24503
32752
11209
1442
5915
8212
15789
10568
3951
16257
12136
10314
18702
21750
30036
23531
21821
5493
30197
16369
29371
28302
11051
24325
22682
30177
25515
24156
9036
29151
14511
27799
6145
24528
3053
6120
12849
6938
8646
20343
12148
2496
11201
5124
3482
29225
22327
7117
12024
24099
13392
28082
6400
12071
2350
14231
277
18399
25959
25610
7069
28389
2489
13093
24919
20174
30713
23222
16110
14183
16205
29086
25295
1086
22683
10871
7480
19556
10049
8570
1682
16242
29191
16799
24577
21450
26705
1285
25145
10783
1946
5269
28307
19000
29981
2787
22112
7408
8149
24148
11389
18306
16040
13958
21800
19459
32480
12524
18449
4912
30426
22713
14516
17258
12546
22016
6375
2303
25343
6169
10671
13227
9514
32582
3672
19807
15941
18838
5573
3648
22378
18186
11780
20979
11329
6391
13861
29208
2934
171
8781
10772
15210
339
9734
26644
5929
22813
22745
12111
30621
5529
2335
28555
15617
18277
12564
30178
3223
6409
16941
23238
5790
19744
15020
4419
30847
26553
14705
31620
3911
1788
1043
10393
20057
12049
13103
8055
28261
3389
30976
23360
2196
30286
13872
23749
29189
9274
20718
30026
27517
30467
577
11913
31066
15581
3484
29689
30665
17811
5810
24911
16185
17703
2443
23109
27920
18873
18648
20379
9372
18601
5764
21852
23628
1792
27275
28259
2848
24844
11279
12573
19038
13643
169
10641
16263
30347
9725
7325
25225
10574
2449
4226
29750
20595
4831
16035
14581
3347
21416
21129
19383
30122
4748
6699
7469
26743
25560
2924
29497
23845
17567
17126
31906
31146
27660
24550
19723
28272
18166
25015
21798
23986
20917
27172
11045
21034
17460
2360
14193
2281
17480
30280
6559
4742
4672
23092
22944
3962
25534
3817
14647
3019
24773
30762
14768
15848
30482
22929
10704
11476
30640
19920
20488
391
12999
17213
1261
1938
1461
8590
20973
8449
3935
31968
26682
12677
32457
31231
1035
17619
12261
18401
4100
29767
2729
21107
7410
20429
22628
4761
444
19969
850
8047
14231
1941
29806
25814
18040
16883
903
9004
21967
3364
11670
7258
13682
30961
1359
4628
29399
9544
4598
31068
20103
12769
4212
1864
9679
20768
19114
31494
9401
574
30981
18717
21563
13988
25171
3061
22701
26263
11733
23962
29824
22810
7061
32445
9006
8976
5881
28412
24685
8610
22425
23139
28584
29664
1102
50
14255
14251
3211
30432
1710
3538
11249
29025
21084
10619
19485
27045
18548
28357
14533
21601
17257
25771
23043
16913
30550
32300
26864
4414
27443
32424
21109
5628
4687
32142
15454
23224
6650
19764
24752
24112
16258
18694
13117
29379
16994
20195
1397
8939
18101
26564
7295
16136
15345
25503
28041
30815
7121
27787
29788
11618
5523
21796
22579
19250
31076
9777
21197
26722
30745
12164
3521
31998
2847
8226
27154
23499
6325
27044
26115
20689
10328
29405
5420
2327
15231
23997
24270
10158
7817
25717
30308
11248
17908
4572
17018
3338
3023
22802
9666
11960
24946
20579
24165
4944
18796
4974
28567
28418
11709
4230
18798
94
26182
17752
8948
21014
893
11982
14971
18950
12645
28724
28720
10609
18110
30106
28403
25230
21624
5497
22374
26435
18798
30105
8516
21808
32337
14129
9973
8943
15842
11857
3935
12954
7525
10365
2558
28046
14674
1690
4407
19823
10829
11791
9961
30317
18008
5412
16198
18117
584
28333
19937
32650
1909
14573
10503
27301
20918
13237
14163
8731
27021
460
7037
23694
3742
31123
21107
25351
26214
26857
30635
5106
809
20557
9143
5994
22316
22850
6426
10423
26661
3064
13146
6421
22256
2088
19542
28599
3971
17728
3034
19212
13604
7616
21873
26433
7898
10724
18554
28167
30753
11651
1662
29590
23009
7479
13249
17650
28577
32446
26135
27501
31992
10400
30201
2413
22341
9490
26072
29807
10144
15387
21425
12364
2321
26869
10466
12219
22271
16054
31804
32280
16363
48
23129
13924
28766
28437
26672
27532
27167
5727
5094
26094
23466
5102
18408
23065
3038
9587
21558
31956
11766
31886
514
6243
12730
7731
1401
1797
25590
20818
16865
14017
29484
24759
5092
6754
11398
13359
5675
11201
1294
1260
5167
25410
17185
12586
8012
18593
23585
29459
31256
239
23147
32480
19954
32215
24457
19522
24286
12838
5800
3840
12688
28555
11084
8929
22470
20890
6210
28364
22235
23063
25303
814
23705
8818
5703
30620
13904
18062
4984
19386
15908
27846
2280
20315
12971
3890
9956
21993
11448
27174
25596
14600
10097
13308
26035
28278
20136
532
24955
13621
1896
32536
2528
7661
26317
22149
23555
29324
2841
31079
24906
16687
2821
8292
14678
3653
28501
12027
53
29169
27311
23566
25817
9393
17325
17310
969
16190
9521
17879
23063
12723
18681
22348
25746
13808
12403
9859
16188
16705
24530
15028
22783
14651
20321
28622
3995
28647
1815
29627
18403
11043
6252
10469
22057
15172
27244
4601
19191
25856
3082
10987
30720
8844
182
21306
16725
1
15154
11637
3804
5892
15009
6142
29183
28070
32225
8974
21409
15497
16666
10233
15958
24645
14743
26035
6355
31241
17365
18067
25763
902
14298
13144
21788
23048
22472
5994
21138
1254
3250
31330
15818
15133
26030
21195
1969
27704
3372
30250
29006
20595
10374
19005
2038
17439
21976
7041
12735
29256
15377
15606
24119
4758
24906
21798
12117
15985
15191
31844
11951
8552
11932
4178
25326
2260
28450
24742
22911
5816
30699
6445
30860
7148
3202
3344
11563
23931
30933
18262
18901
18761
839
1194
10521
24057
17666
31326
26769
18957
23690
3761
20502
1615
11928
26189
14640
28528
10533
27412
2768
8944
15557
12316
7490
9021
54
22264
6749
1823
12857
23098
11773
14419
3488
24885
6835
1399
9129
264
1722
2854
12426
3800
5421
14435
7757
26460
8056
29243
10718
20383
8973
6822
24163
21249
14168
32431
23243
17023
8180
28628
5546
14645
20255
3248
4932
18977
27755
31959
16871
15146
13239
9218
28799
29025
16478
4204
4964
29318
6318
10363
19318
8142
3484
23459
25452
3555
17077
23176
14185
7725
29272
6754
15056
15696
16931
10150
4186
27382
15275
3043
26726
28366
15728
19177
6544
24277
30736
15153
10116
23252
19386
15737
11285
8489
6630
6063
22153
24779
24387
30480
30007
27785
10737
23953
15701
13202
16369
32382
17675
9018
2522
20065
25547
22011
5581
18981
27877
13242
18090
14715
30806
26444
900
28797
11745
19769
31571
21649
18018
16320
20713
10385
14174
25627
17192
25641
15582
23812
9585
6784
13694
1655
15455
13338
1217
7866
21174
32765
28583
155
6806
24594
10114
21241
12021
5327
30469
20869
18764
27667
17822
4810
32655
22353
25862
28523
7779
11505
23830
28332
29580
6387
10716
23604
7332
214
8174
27410
11795
24248
27390
2557
17979
22462
23215
19680
24819
4534
29095
3990
32567
3067
27365
13809
30493
32665
10581
11522
11
2738
17826
4500
20264
11041
11852
8186
22544
19548
3578
20747
1484
27807
27665
18538
1
7495
15237
30731
20583
25212
19440
7410
31869
13842
20705
31038
26492
12721
29558
28519
4233
9268
8749
25284
302
5712
4855
336
11
630
11150
23213
23497
17402
17417
26729
25168
372
30638
27521
22586
5735
30727
17187
1159
16416
5688
8376
9362
4577
30351
15650
23619
29759
8797
29506
30343
13257
27652
25534
2557
25322
22866
1537
22003
4881
2061
19075
27536
10510
16591
12874
30546
20672
11284
32689
16060
21485
23954
25704
9800
22641
10697
20668
21411
18843
31194
18456
16409
28884
4508
24268
20302
385
31725
17678
15920
7211
4422
830
32297
3293
19603
19311
20633
18638
25153
1058
13955
28480
19864
28756
2183
20904
18507
6332
19216
18191
24653
23118
4814
20152
8167
15875
3431
17923
31752
32220
617
13713
31964
23333
24708
31145
21663
10743
10998
18907
22708
13824
23366
25571
4337
25734
2869
24016
20798
14250
31474
25445
4446
5866
18317
25279
30476
234
26030
27704
17994
2676
13447
18828
11254
20157
15623
4154
5790
13546
29008
13101
4501
11986
108
22428
22086
21766
4667
28975
1993
1039
32688
26979
19636
24310
23357
22063
15156
23306
23948
1000
19292
14557
2672
22114
17340
3728
8731
17752
21558
18256
12945
30733
21261
15393
23901
17460
20543
18906
9602
5133
29461
2161
22964
30674
22008
1913
28360
26193
21638
13289
24170
28890
32741
19231
24078
28251
11607
32549
553
25034
21263
12338
8608
8131
10052
24436
3456
30579
13699
16140
28913
25268
24137
859
28005
377
29905
22908
18197
25709
28459
10001
13742
27351
23694
30531
11591
14273
5615
14596
13207
601
23762
12951
5477
17815
23649
20051
4159
4896
16571
9380
17519
3435
22670
26450
811
19746
29928
4614
19724
13771
31562
1034
5314
32167
24063
26448
6661
27866
28331
2230
28878
6093
16167
1416
2248
6353
1164
29254
18689
3333
12430
24232
5094
22649
13580
23264
18286
30099
9700
25119
3477
21426
11532
20058
4364
2322
1247
14670
27183
23536
27828
28354
22583
26350
19381
21516
6833
23736
30191
26838
32559
12008
18341
17698
30525
7207
2794
14476
19094
27029
23407
28367
14744
19308
31897
15755
9206
16608
21974
32582
1965
26441
2354
8112
27705
2179
22565
15659
3592
26773
19119
906
24111
5778
19623
9241
10844
17597
13649
3806
267
27632
27950
20767
9725
15935
9752
15653
10982
11480
22926
16191
103
1325
332
1033
4923
26966
15902
21485
18869
10160
24823
18411
30058
13771
2621
15254
3371
21123
21352
8287
17206
4972
14027
5654
19372
24948
10673
27822
26438
10435
7340
29505
1604
16358
22058
14419
6055
18989
23369
8027
22688
6481
23277
28544
14408
21082
20239
16288
9105
22976
18520
25494
19837
19153
6126
16061
18318
32338
19342
8112
32381
25705
12251
2388
28463
13755
19701
3353
10212
16337
4430
6780
27058
20672
7865
26577
32306
1545
28100
22591
5497
702
15176
780
16457
20710
29758
16410
23177
29219
5076
23986
31219
25490
10177
25473
13581
6387
28373
1760
22106
13066
17876
13401
20433
30020
22148
21094
654
16030
15621
8571
11976
2499
5985
23879
8195
14452
13156
824
27014
11821
20142
25149
18192
32262
7430
22479
30151
12247
2289
24114
6513
24735
25219
20472
486
16935
28790
1224
25797
15842
6009
11101
24423
16152
3018
1233
21777
26691
16647
25884
32110
14266
3138
7384
14140
24460
11347
12359
29509
21679
11378
32662
19345
22874
21765
17507
6874
1711
7862
2174
10304
6557
23497
31212
15166
1797
2988
16434
11229
6939
3280
14032
17191
10256
8376
12555
32735
2030
30288
10991
4975
30147
11903
2965
11042
513
3839
23714
22931
9765
22381
6928
13414
15255
27804
1329
31285
22993
20015
2544
21709
24516
2663
15707
2971
11383
9273
30302
14945
19186
8100
31185
24621
5466
10305
22198
23180
4957
1564
22459
8443
6097
21698
11783
21662
24983
12443
14642
30773
17350
20090
4245
25675
6405
12659
12741
19376
1593
29421
30810
25642
20577
20727
17141
1896
18877
30432
27009
24631
6710
13313
26808
30713
26362
5342
26345
14418
7527
4718
30201
13604
25898
19382
13993
21182
32168
32157
16662
7248
2717
11515
30342
24226
5122
14067
8289
23302
15669
15235
126
9868
30548
5721
13984
2420
13033
23016
8001
29417
21709
188
3982
21740
29254
18698
4786
31886
6259
28300
3159
14946
8938
13963
25706
28466
26015
574
8223
20721
11784
23378
3126
31729
24446
11978
23676
9302
12007
10761
25748
31691
16786
28205
19959
8051
13154
3487
28474
8738
18479
2024
10384
1742
19561
14279
27023
16192
26878
26496
17463
783
28286
32630
12592
4815
23422
764
26963
15238
8762
20329
30828
11871
29054
20842
27966
163
1222
9373
19144
26596
16292
20827
7879
1660
6242
7381
24956
23606
5608
8034
687
12106
25825
5399
18420
399
18458
7321
24621
26092
26666
22575
20560
18959
18008
9499
7531
2146
22201
23851
22501
22075
1433
22155
27654
25172
11292
5597
23481
14202
14373
26251
17809
14217
2935
19804
23819
17047
22043
2374
14355
24176
28673
5764
5577
29251
30186
26600
644
27290
11652
19057
32023
22927
29911
10016
340
26429
16609
5896
7119
9846
28541
32165
27365
8628
28810
7534
12540
13393
2632
23213
23563
1018
15621
8335
9822
11873
2554
7287
13459
32562
8560
17304
21737
16969
15399
22211
17338
1570
9207
22653
6469
25232
12216
10581
17585
6066
13920
15989
14415
6435
15723
9846
11040
22898
26240
20601
5015
27090
24657
18803
16287
16914
24259
25544
11744
17615
24143
32028
3134
21480
13991
22117
32675
2354
16541
12869
6399
26477
4929
11672
7053
6007
7242
1609
30807
1472
6072
17513
8956
29694
10935
31106
9137
21282
9669
2600
2694
31114
12823
13778
10219
2424
28217
20712
11890
7107
15862
25885
8662
716
20855
11263
14141
14772
10159
6092
2746
21452
4086
24200
19990
77
28403
15180
21712
30282
19136
23009
8546
23778
25161
8334
22470
954
21493
19501
14649
32683
6025
4740
3391
32695
20297
16083
7143
28226
13408
31914
7504
12926
8833
17661
17004
9768
1743
8570
15108
4978
13818
14874
23804
20288
28075
24823
20697
17302
1315
4189
26496
32337
4383
3875
32064
6166
32510
12092
3603
1929
27429
23177
24353
13503
13987
25073
24966
24821
8209
17076
12885
13954
25532
22012
23517
5386
9991
7862
15403
28149
13066
10655
13520
17695
17023
13218
2020
10705
26335
2657
1610
15345
18632
23314
29494
4469
18338
25484
16621
4125
15490
14753
2764
3938
25678
7343
28812
22186
13603
1394
14020
19389
8947
26652
20655
25980
6003
23720
14128
14033
8500
8555
12563
9698
7695
11244
28822
9098
25799
15349
10792
30473
12778
9450
2160
29178
23544
16730
8593
8326
4807
17620
20909
18904
11814
24572
7848
21712
20417
27357
2350
25852
23621
2433
28407
17348
4036
32447
25161
27108
12634
8533
6847
15648
10769
10039
25418
22066
770
15142
10613
25352
3773
4227
4589
31020
16875
26982
13888
27780
32562
17131
28645
32315
23129
7116
21629
30719
5805
2357
18264
1901
25763
3539
17467
28105
8894
26415
18272
22515
9651
17722
30399
29334
19404
8232
28812
3747
24458
8322
25345
27134
3470
19831
20829
28791
29113
30068
10797
2299
32659
1268
4810
17163
18921
16280
3107
30830
28091
3962
21692
14115
9301
24255
11255
1946
16571
12139
23187
25380
7242
25977
9330
28327
13981
30508
1951
19862
3246
30624
27791
8480
27453
12196
11175
1960
16502
14540
3071
12406
12494
20161
8038
22444
29486
19164
8102
15995
14419
32243
12553
29590
8565
23667
11803
32743
2598
12463
24754
19330
10622
18296
19500
20183
20085
19182
27896
25643
15248
16277
4440
19785
26048
22444
12132
16756
6791
4282
23635
6049
20828
20329
18678
24803
11345
28055
26501
1831
27635
28331
7838
17441
23153
20005
11659
1158
29185
7290
9668
2940
17024
24094
7604
27215
23128
24802
192
8293
13991
31616
8326
30580
32414
27508
27490
28658
3623
17678
27703
20941
5066
10694
30572
13661
17873
14543
10548
6295
29354
28143
6419
21635
28814
25229
26270
1776
12384
9484
898
17510
30680
6743
24263
9820
1760
7613
21846
2475
11326
21248
3001
4419
3444
24232
5411
16668
9700
30877
2992
17776
16696
3317
32237
14888
29953
24331
21915
1684
23966
25297
7088
8542
8800
16487
15775
20673
1260
13804
14297
15094
32736
19348
18836
23279
14521
3578
5579
11592
18676
17080
21894
10619
8819
19254
32603
23379
4899
10687
2101
12451
11228
23770
8532
20279
3720
1239
6037
1803
26504
1960
14324
13499
5715
9970
23887
10299
18784
15460
2925
25544
4423
4168
15166
18206
12067
32343
15460
31468
8762
23762
20467
12421
14560
22990
24693
2520
10392
17104
31538
15778
29053
27289
28334
19426
4320
8515
12914
22158
18227
29325
31759
29316
29989
7796
9569
1219
21519
3
18449
32731
3471
22123
12893
5538
30322
9302
6428
12585
28888
6521
11004
19694
14738
14952
26895
31059
9423
15023
26758
10063
3576
15646
25020
2916
32472
28260
12406
11473
20992
11744
10601
29960
21610
14515
26876
21346
10844
2842
32592
18706
31631
27643
7549
29016
10897
22205
10271
23031
7016
14173
21266
16360
19832
11454
10873
1104
19623
17729
11525
28080
15806
27030
23412
2395
2578
27090
24919
16686
28261
24769
15129
31099
28935
24957
32061
19270
832
9023
8423
11956
20979
8054
31134
10688
2427
22038
14416
22320
4313
11315
8086
22983
17
6350
19770
4029
21969
5103
15607
6764
12372
31732
26751
3660
3462
25896
10435
24353
22121
1943
15470
23667
14775
16161
6066
21055
6601
20942
24904
8684
4535
28769
16562
26496
21953
9520
25028
32532
29421
9522
20834
32390
12786
14170
6027
30573
8533
9763
12951
5458
2770
28525
22460
27677
22525
9863
7383
2765
10793
15501
28521
9836
10633
8948
31968
28994
20373
31843
28697
29258
12463
20420
10274
28898
2311
29084
19524
18630
4284
6039
24897
14911
23364
19048
17370
2712
17933
10703
11412
2258
14948
14075
8380
19097
18071
6419
29865
13686
21078
4112
17217
10309
29279
2509
32447
22762
8027
3425
32435
14912
21506
28844
12105
32338
22150
3120
17871
2254
12591
24866
7794
26038
7746
26049
10056
6233
27432
27623
31892
22146
5836
21982
6725
1007
12101
3444
18111
516
12981
29010
6878
10177
30577
11401
19256
30194
24418
11374
5795
23461
23211
10408
32248
7905
32139
29063
10518
15765
11653
30872
7465
23247
10687
18294
10284
3118
29353
22754
9644
7066
21726
2070
207
4402
6991
2647
6038
6534
11422
9930
25439
7175
6088
8328
2734
5564
21511
1780
16428
3126
14327
24653
4848
11461
27639
25215
5118
27628
23506
11839
29965
14611
27551
16470
1166
6780
29669
3389
10985
17784
18691
31467
19722
1755
20943
11499
14364
4013
29054
22193
31380
31266
18628
2094
20082
6860
4667
10402
30915
29200
7689
5042
17003
20951
12478
3258
28193
2949
18811
31844
20411
14895
4953
11386
26796
32009
1544
30200
11723
13853
31159
5478
23126
8515
12852
6500
29750
22349
9557
8071
25988
4482
150
21347
20301
16718
12803
25577
31122
20535
30809
25332
1171
7187
15976
17182
16206
888
17851
26584
18242
5749
25723
31674
21880
16255
23185
279
23748
30894
523
20693
23881
24874
24257
31611
4411
18144
20792
16524
22249
30841
28870
4116
31738
29580
20727
19072
19958
17170
13872
12978
5129
8731
32146
18005
22020
14016
15393
28782
5285
31065
22822
18996
22296
7152
10194
24098
12733
1525
17443
8522
10796
14386
14092
5868
7287
11522
9680
21063
1455
2238
4271
19119
22441
11897
25796
13792
14849
3309
25902
23698
23648
14260
12142
7502
15867
8380
24336
4479
3676
1525
5262
2252
2917
26444
25457
20133
146
6365
27577
28188
19326
17764
8831
26615
2473
29941
3545
3843
21368
27630
30718
32427
10365
30249
23978
24520
28921
29302
7108
28603
14495
12872
8255
32186
1691
430
8766
21095
30419
27525
9595
13735
30829
3565
19689
1713
21905
4857
16536
6757
26736
8619
10969
21472
8581
23327
4260
11085
17178
14342
2358
5885
30223
23126
6398
2747
7127
10048
13242
345
451
15715
10718
17551
22915
6975
1333
26374
6890
2540
6346
9391
13041
8203
18441
7513
9215
28926
18722
7555
31591
15444
26286
26990
16434
12679
1173
15991
16160
7146
27695
32420
22505
2781
9129
14973
12232
19011
21675
3357
27962
16182
1591
32392
24836
31993
11733
24639
16499
9773
23533
22546
21735
28232
1908
3382
17555
20292
15562
11159
22654
18324
13283
12655
25549
13404
4518
15128
12357
7137
22674
16671
5132
31807
19623
31897
5295
29274
20100
26042
15209
19734
29133
163
32419
24779
21199
27772
25783
12019
28519
26819
17401
13862
1823
17635
17400
32329
18075
28169
1025
13570
16948
3891
2789
28270
994
30602
25596
24087
12383
15089
3434
7200
1929
16606
7073
19139
17417
13672
13864
12286
7730
4258
20890
6024
30251
10280
19185
4362
26961
32503
18436
24204
22231
18306
335
10029
6063
19458
22771
16920
28078
12557
25341
11699
28139
18026
17131
1818
27240
23076
621
5579
7924
16861
17768
16291
9551
3685
32576
30985
29840
7563
3415
1385
28612
32307
23249
7140
18392
23209
29083
17477
13497
23861
7339
55
18873
17136
32649
5302
26933
4309
18190
1988
7028
7963
22379
9821
19667
28355
7022
9900
14111
32109
22785
14975
31299
2927
12020
9721
10275
2088
8188
11910
18375
6290
20219
30228
5052
27671
20609
5761
30647
21414
13715
4431
4476
20229
13228
26527
14590
1129
3586
28253
21448
22084
9226
12984
30619
2910
18750
725
8281
15655
18974
28356
32033
76
17013
21939
6332
31624
10461
21345
24888
24765
13189
8662
21202
31811
31282
17234
18970
20095
31108
2179
16721
25528
23419
18170
32022
24103
10553
21472
27714
26189
18954
5861
16144
30090
29601
18810
31105
12010
28581
13888
1278
14914
23148
3264
1343
21884
16134
7516
29805
4143
13437
4485
19075
25971
24667
29743
13306
10227
621
7810
7077
29763
28103
23763
3034
7540
4872
24530
10962
18406
32735
19973
22098
9822
30670
2421
8843
3416
2606
32167
16448
20639
18804
2509
3622
7962
1970
23358
22928
20713
15457
19492
4683
23473
30557
6772
30151
24883
1329
2852
30072
3108
10389
19864
23676
12088
3381
13149
30846
23169
22452
4121
18906
23287
30449
21954
32514
22616
6793
16655
16160
1330
29341
10796
2045
5437
7381
19890
8993
28143
25252
8662
30268
17739
11470
3041
12996
8954
20520
2528
10464
30620
6047
9372
16773
15968
12156
15820
25566
23762
21991
3722
18930
13557
29865
27140
2177
7570
2102
6260
20014
13519
30698
24146
7652
16643
17299
967
2162
5065
10800
28774
10616
9044
11768
12055
27527
19970
6558
28243
22404
31795
27348
20631
29517
5211
17934
8466
29599
30038
22408
16545
17720
27388
17802
24318
12600
20726
6123
21557
8397
22480
14548
11863
17423
8270
29382
18289
8233
8452
4062
30655
18618
2593
32344
14366
18555
7052
7763
18624
32033
8498
7379
12323
27269
2462
12
9796
18690
19146
18654
16400
21278
2356
19868
28443
5741
13621
12817
10644
19379
4750
8389
20089
31305
24132
10620
6663
27330
1711
26880
15989
11469
10701
24096
29921
13405
19932
4089
6795
21000
2087
26996
11841
2733
1568
28176
16922
4698
11439
11234
13671
28269
16842
3802
19175
761
21574
31047
28474
3947
21996
17821
17304
24173
7120
5494
16579
11530
14558
4568
1594
3347
26294
182
10672
18114
28858
21433
6844
32158
21860
5184
28370
7326
4574
20645
10610
19857
19404
28354
21663
32701
19820
1971
32147
16839
2018
12510
27057
29395
4045
22065
6075
3819
18462
2475
24901
6821
12074
27678
20586
29184
510
4915
32189
32400
10738
4270
2690
6363
10369
32499
2847
6402
30039
14025
30157
23204
684
4703
27027
14335
23505
24973
24949
16472
4616
29531
10217
11677
27545
22727
7818
23882
2338
17603
11792
20617
29999
11646
29312
30621
21002
4836
30624
19584
6613
3688
6574
203
9429
4097
24145
17111
27153
27762
22992
24098
11804
8399
29826
15092
5167
28477
9350
322
17786
14585
28595
25298
8892
14748
18898
20640
13330
1949
8971
8065
19212
32279
15006
24582
2822
29644
2516
28067
19382
25451
23348
30992
2561
26894
25081
4592
23315
14599
26052
29617
5550
29660
22159
6579
9666
31632
23778
24236
15935
11812
14921
11083
23847
10590
3589
30747
21991
31689
20994
9899
21991
26365
9225
30188
5984
5920
12087
5594
13934
29613
18862
7774
23654
28020
6794
28019
13673
28131
23575
12425
25657
19331
3649
7462
26700
26565
11595
7379
10783
23039
16580
28726
8653
19378
22199
3452
19424
27150
16163
15866
24679
4280
7082
16147
73
4554
6029
27228
19672
16156
23512
10494
7593
6338
5082
13916
18596
17621
5592
30198
12375
13431
1027
24717
3215
6673
31142
19593
8490
5343
6308
5527
22311
13743
2850
26518
27647
16613
19841
12468
11064
20931
21647
32468
26167
17127
25598
19508
7766
21
10517
32588
5430
9527
28069
8697
14167
3746
30527
5082
5349
16027
26276
15354
23765
15386
11133
32176
3633
20174
24652
29892
21424
15456
8867
15571
15754
27388
15252
18421
19850
3342
11368
2204
2405
14921
29587
29376
1866
6638
7656
6201
10426
587
30730
25708
30618
12674
29731
15145
22919
907
6104
32468
3433
18812
1660
16835
10059
9736
31619
9960
32362
4934
18746
13744
16779
30132
12214
9514
9618
24700
8202
25196
25169
28406
16318
22067
29086
22381
16508
11721
17576
6950
24587
11052
25483
30622
9346
16492
11041
32020
10421
31317
7451
28231
3316
32334
30289
19841
24565
8065
32599
15060
5134
20284
19281
1956
21671
27799
22792
9062
20464
14168
19005
17830
18639
27155
9533
31055
1309
16278
21685
27943
27665
26500
22984
11673
26876
11839
25695
11191
26167
23563
17856
13695
29786
3953
29027
17245
29103
5858
0
16114
17895
3485
26861
10004
1547
16339
26023
13590
5301
6664
13231
26441
4735
10172
10391
5314
12988
25931
19548
28254
18534
26898
28150
4356
8024
10195
26158
3370
30141
22618
31920
1947
10697
14945
9057
22391
28583
17586
31730
17787
9138
32395
23478
20610
3303
2118
16816
6988
9114
5945
29425
26495
12393
26844
12577
16875
22383
28969
16219
17426
25530
18505
10558
3816
26366
7020
64
25303
394
9465
838
30982
26236
28647
25714
475
28721
27242
8508
27839
22784
3027
8389
23841
27688
4529
3175
28861
17158
6205
5777
15134
25228
4597
9170
6753
19694
25222
2611
18749
23454
8431
23242
21056
30075
17636
27020
18523
30022
17264
1891
26785
21589
24287
8833
2380
28043
11739
16627
31233
27783
7637
2425
14677
15644
29863
20117
9103
3841
5495
20450
32431
16842
3294
9639
1968
19735
10313
2732
25867
30988
7328
30796
8828
31489
38
18636
6664
19066
7073
21483
28223
16985
22202
14778
31167
25170
17318
20398
22521
17568
3590
25588
27448
7158
20748
19204
991
19897
6368
27513
3313
31852
4930
15392
25047
5740
13168
26703
12638
15581
19786
3704
4608
5860
27572
19709
11108
25878
26172
4422
6440
26929
31229
23826
27357
30218
27074
30218
25939
15303
26991
13212
26903
9294
22685
24326
8763
21502
4229
22961
25941
8860
18719
32193
24010
8336
22923
27882
29005
31825
22447
16773
31906
23582
23330
21987
19880
32751
26440
5601
32406
16299
16575
3772
5765
14747
12794
12583
4911
17695
812
31131
16374
32159
10600
29423
32296
31173
28934
18216
25217
745
10056
21138
19441
24781
1854
27920
22432
3467
28134
23984
22064
26059
6552
11394
9794
10553
30881
18091
6203
24375
19247
10421
16200
29646
7277
809
21407
8427
22254
3424
2568
30664
30799
31382
1180
7848
10264
17728
16589
5831
13796
17567
9895
7825
17090
16534
7510
1042
6618
30649
18663
31662
31828
19366
21843
20242
25717
1944
29369
30826
1035
30009
26347
32212
524
13240
22572
8469
15226
1308
13624
14220
2953
1496
24197
15972
24324
671
29897
32525
5869
24697
28860
22508
32356
19223
26655
32081
22473
7523
9213
18090
17701
14428
27697
23543
4038
15393
11304
22398
4906
22347
21736
12224
20255
8320
8273
32171
25895
11846
6563
29457
1313
24852
3905
5465
3366
5039
20917
4213
24754
9652
25587
13844
15108
5232
226
32024
199
5624
6680
5450
21745
27254
13285
25420
29932
22466
17044
30928
8180
818
27885
23816
3520
7602
22527
14685
14436
5655
24604
15972
32118
17840
25380
21774
23151
19230
7
28703
18517
1894
28549
4577
31383
28997
23096
23065
1337
12996
20437
12346
11824
17675
17327
24025
28176
32378
12924
11617
25572
18166
21852
24840
16477
26241
1559
5633
27696
8718
14502
26611
28089
6803
11766
26795
20964
8799
17384
16398
7245
31918
1692
2129
678
15227
26351
14956
30554
12181
14914
16075
18287
7925
26494
30279
20401
13647
25940
20310
3341
25319
28106
15230
3131
7590
2803
6416
31904
14445
24829
25874
27250
17577
22898
18813
25629
12840
5047
23465
3813
8491
16089
7941
28365
6844
16520
8203
26040
9025
19812
15219
11727
23378
22136
26023
21282
8904
28676
1656
28818
29206
5504
15631
13294
24029
28381
8230
27996
30906
31502
20088
11771
1891
17351
25461
14790
15090
32389
9275
20668
25984
16078
30914
4926
23798
7610
1366
1464
32
31410
30795
30595
4611
14712
24556
20746
24433
8551
7348
3372
25306
16893
17345
25058
23141
150
1413
23586
1087
13178
27839
29443
30003
28186
2473
22049
15740
25239
23923
31555
20439
31876
6641
12091
24284
6381
2449
11790
9357
32664
13199
1621
18480
394
4204
19427
22106
24781
25244
23976
32589
25969
1919
17109
3971
17361
21650
25409
22155
14360
21735
7948
28692
31491
31442
2434
9032
29672
6630
19266
19547
19447
15647
28575
1123
18112
11617
8518
31594
1013
15393
6689
14529
3697
9826
19068
13720
23674
9188
31591
1484
9539
30360
28763
768
12213
3670
19488
11759
32367
5330
15597
14848
32012
30157
13266
30492
4772
14216
11091
3516
15765
14206
16726
16710
7299
8018
10303
11417
2205
9735
13145
11494
9506
29039
632
28355
2084
11238
4316
20858
24717
8768
11097
5287
15711
32255
4533
1026
23104
28617
18258
5497
5429
24090
22284
11650
29102
27703
3685
32175
19651
28003
29664
12674
9917
6228
31914
23940
9688
3816
17791
25745
13895
3605
21196
18294
27513
23070
7185
4798
1691
15117
26250
24264
18014
7517
13070
5661
25594
10999
17207
30209
24947
28768
31171
32072
3354
25136
6714
15723
24152
22214
11217
16859
4007
18490
911
405
6625
29331
14766
3831
29885
8762
3652
31186
16534
18095
291
6080
15727
7547
8445
9912
13109
2406
21964
32223
12099
27113
10864
16545
15148
1766
22938
18433
28852
25751
8682
13869
3871
5061
9556
26710
30127
21050
22472
15038
10088
3960
16658
21267
15382
10667
5631
25851
25233
30429
27841
9456
22592
28265
4244
23886
31196
1714
14498
22954
20854
6932
9764
7270
17852
28187
28107
4738
20088
7155
28766
14773
21081
4384
18084
27837
4598
22895
9348
18931
17424
23341
30571
26658
18199
21142
17390
19865
3056
8592
1713
23935
7670
18330
7303
12135
27711
5631
30170
1316
14368
29775
6478
21215
19699
18703
14753
3431
25879
23216
25302
12999
24633
15550
658
16670
11986
7514
20422
4011
5873
1770
21902
15912
13883
27151
9561
11865
25904
984
29771
15332
24496
29749
10207
9827
22205
6318
5585
25016
20354
32596
31547
16544
29588
1528
28414
11660
13945
31132
21347
26028
29799
18983
2818
27212
28237
9821
29923
7267
18200
5133
29668
13929
26159
22668
1370
6250
25407
17763
11003
6745
24382
15685
11260
22694
28330
1348
29046
12050
30994
13892
526
21955
12760
25263
24789
21651
3637
17514
21357
16558
23677
1800
21358
30812
24741
574
12039
20763
6658
30871
7401
27633
5715
11881
18272
9216
30210
27912
4803
19291
1447
17977
8975
10776
4302
11242
25807
29607
20986
12320
7487
9826
9194
304
17840
2404
22554
30258
13870
15519
22157
16307
25441
3881
27338
4266
13233
4055
25125
21421
12205
3085
24383
16485
4526
28884
1744
25920
30903
16941
27044
31077
17056
7334
20452
2797
20852
29994
18839
23888
16407
2845
10344
3101
18988
16553
18090
17903
27445
19794
16281
13212
30972
32465
31971
24495
15667
31775
15719
12825
21079
16080
31036
21539
18394
13986
18165
4263
20864
19286
9763
1152
1546
12478
21276
13119
28946
16664
2043
21535
31798
20890
20200
27452
29560
13646
18842
767
10469
25120
4633
6621
31605
27702
6345
6209
17715
19327
9124
25286
29853
8079
21191
23722
21838
26026
20016
28288
19418
21790
198
25892
2298
21974
1177
15604
30697
17709
9324
11581
27661
32000
5745
2036
20954
20743
21587
16807
26356
30309
13433
13746
15763
2429
10378
31414
3884
9736
17708
23367
8782
17764
30482
18149
18378
22319
2357
20270
13078
18453
24673
1361
12787
27366
4084
19398
1870
30700
11235
28733
28004
5755
31741
8660
810
9417
29812
6028
10476
12800
6041
31486
4148
24210
9447
27466
749
5837
14659
11345
9672
23471
17538
22052
14815
3579
30764
6331
8601
28556
4991
26603
11469
20202
12471
9106
28714
4379
30605
4117
11222
3516
22782
13068
1365
29008
14413
26683
6317
6615
9547
17093
9415
8611
3030
3740
22297
3175
31904
1596
31362
19089
29490
4249
3445
1753
15664
6997
858
29210
26334
25911
13617
353
20707
19673
17785
21060
21325
30624
31568
10614
4566
25841
22747
16280
25957
16802
28904
20561
32472
4015
16338
8096
9985
30255
2981
26993
16366
19846
3971
28527
27502
15323
30279
6426
31440
30157
26727
23065
3054
30561
12575
21201
30571
18751
16076
24374
29752
9759
662
2017
5213
5246
29521
2404
32502
18581
14245
26074
2939
25227
15213
13506
8773
23786
13406
9485
1614
16208
23017
25973
27705
26983
21602
26385
658
2582
10081
11814
20310
5881
7017
9537
1718
22543
27335
9858
16152
23475
13757
12091
9823
26318
480
29114
7276
13642
18623
14690
22244
7882
22981
21761
29236
29592
4961
31581
5075
9694
14179
24080
455
4890
24234
24214
21355
460
20476
6565
8047
10097
15925
15548
19232
19125
12708
23039
24298
21989
8370
11842
1051
28067
31684
3428
4073
24541
12387
26846
16311
32512
26523
9371
2708
15720
928
11787
11269
7452
8376
2419
19460
18360
7508
18823
26696
25258
28032
9530
25287
29601
15742
8149
22906
26947
10158
30534
11104
7199
434
19643
20165
23522
1230
15216
23748
23757
21909
20933
30219
6502
11970
8340
25822
31854
13156
21697
8287
26388
11326
3859
5388
26472
13421
28226
22153
13074
6475
32593
7840
14916
29076
2077
15750
26349
12231
24631
24415
23600
13263
19439
19205
18964
8163
3505
32261
10621
29867
8597
18923
29787
14500
22321
22208
11809
11973
15794
11984
20601
24675
5675
14257
28725
32338
16428
15488
11913
23885
21655
28014
19064
4503
25263
30843
26253
28131
882
8066
22219
26994
14121
28534
2790
12667
16701
31979
26804
27087
30284
18904
10974
24765
12412
14491
6107
14899
24079
12349
9503
22055
24120
22008
23183
30261
8237
32758
2617
26250
14462
17756
12354
11776
24741
20359
3871
2442
5342
20629
23560
14035
17465
17192
4010
21026
18157
22374
12061
19329
3823
12613
8469
14110
18115
23557
25436
31985
21139
5886
13440
11167
26494
24475
1481
29343
11570
23719
18797
1947
7613
3783
28935
31513
6048
27208
12358
16474
22053
15899
22498
27778
17395
3102
23765
28922
23520
13982
24519
21779
3078
10009
18634
13036
20249
21064
19271
31637
28664
15708
26168
18036
11137
26761
13464
12264
9386
17089
8728
2861
24269
2754
22548
27520
12868
16722
30405
18563
28470
4297
28344
16866
8880
19921
3711
17975
12792
30058
6310
8491
16414
19505
30185
13534
4563
737
22435
25226
25470
1050
24202
26211
25997
20321
6554
10945
21257
1385
29007
22144
22126
2448
21271
6823
12473
23725
12551
841
22210
5385
10701
20393
30924
6059
27878
5537
10331
30425
12049
13381
4166
6619
17155
22979
29452
4610
10844
8334
25451
16617
13018
1979
27439
13307
29644
19115
5193
22837
16330
23530
2080
28973
24228
1879
14636
25172
9112
32645
19136
20856
13256
23138
11047
9101
4331
16662
5107
19628
15426
22318
25746
4188
1485
7418
2850
5905
23488
20787
28550
31986
11825
5601
5306
15839
15123
23676
25699
8883
22119
23890
22699
5062
689
7720
30795
29879
28073
19492
22761
28008
9524
27883
7077
17481
6290
11014
6127
11738
14809
16778
10395
13675
21410
19192
20279
8998
26370
30562
8604
848
9660
28111
13763
13004
23732
23777
32730
5345
25255
32437
22167
22077
24346
5131
4557
24889
32144
6823
30525
26462
24832
17143
27054
9256
27526
26869
3648
15627
11865
5199
23549
25268
5629
17349
18865
6033
9914
2003
3579
16275
23884
12433
9637
23859
2012
4823
5169
8115
11055
10404
4788
9894
18462
4289
8424
7858
5446
12705
11388
7061
256
908
17070
21350
3988
17917
28
7965
27049
9288
13015
25686
12032
3455
25274
19538
24930
17303
13306
27711
31703
26055
22525
17081
2585
31281
112
11920
21576
15044
2196
17100
29407
10593
18648
7150
24295
12092
18605
6777
21099
19334
17046
9905
3371
5449
11902
24995
20884
5267
17999
26469
11760
14038
14528
1695
26075
25231
32367
4426
4086
28198
1327
10936
15327
32277
9635
14037
13408
3661
5900
20140
12774
10965
21855
24109
4405
7093
11675
20269
25179
2066
25689
26030
25570
21658
10916
12641
15946
16675
21772
14441
5047
2446
2294
16226
14310
3570
21558
21154
9317
17911
25312
29886
32004
895
18266
5712
14471
18572
2230
15096
16797
13406
27455
28577
9238
19419
10066
30214
6736
8500
624
18804
3826
7878
32400
24785
26333
31038
5050
20957
10080
3329
10193
14776
19627
10955
14513
3749
25735
6037
27770
16141
16708
17341
31786
16839
22770
32097
11378
31638
9428
8715
18626
7667
5393
5012
21671
25357
27821
29762
26454
19215
6584
28212
25993
16033
24005
2560
3465
15025
23198
22682
2444
26995
22326
29816
31810
19622
20703
7667
15275
23834
11453
30449
11819
17263
7547
8641
32224
3615
4412
18246
5683
2239
15317
18520
8109
6273
4409
7783
28173
16894
17460
12129
5271
15410
7517
6358
5294
13512
15942
13915
23205
10648
9461
26412
31955
31599
920
22293
28901
7694
16500
20114
11128
2421
12831
20021
24040
20577
27631
31048
18018
19
11954
5044
17985
11603
20895
5921
12951
21173
14221
9055
4873
25627
9315
19972
17121
15227
1744
5463
10334
17122
2620
31341
30286
32697
1278
1682
11231
25416
5839
16363
18099
1144
2942
20825
23346
9949
21990
27039
1828
13043
14110
5576
29311
936
26095
6851
21117
11547
19083
4689
8946
8356
8827
20257
2525
21012
8410
19512
6461
16958
24257
11159
25382
4790
12290
2072
5139
1752
12313
7834
1918
5644
7007
4701
2734
29513
18561
20655
16849
11736
22065
22473
25418
20315
24859
25844
15692
6925
22043
19952
14760
21067
13485
2453
21475
8788
21925
11195
13708
8013
2592
22616
27852
28808
9914
29160
28991
4613
20225
1810
27394
20281
5418
17288
28686
23311
16899
26671
11204
10541
22825
3712
9416
27768
11643
15150
5395
24282
6606
1032
2116
13891
12771
19746
13367
27373
32662
24879
16345
13029
8279
26930
27707
22215
22238
1878
21477
17352
25883
6425
13420
32506
17004
25776
30279
24012
531
13735
26334
10192
32231
11465
22756
1474
6473
18239
7911
25029
12378
24828
5157
7407
1900
13912
10146
15880
20150
10490
7543
32143
3659
19452
31341
21246
3661
31562
19914
26448
3933
587
19819
4287
26455
5572
30739
15314
22076
9465
12803
26007
10096
17941
4043
2861
29478
16843
17247
12934
5144
574
24429
28779
9595
26910
25838
4033
7474
20756
20220
15882
22082
15969
4323
24879
8070
706
14970
31356
8868
22678
14004
15084
14143
14658
22642
11431
30318
29397
10651
5577
8813
16616
12399
30821
13971
27849
7960
21450
13188
14552
8578
2820
31656
6960
15725
5286
21468
2954
30913
22471
23655
26719
14881
23115
5679
14157
6082
9316
18477
17596
2174
32087
22814
26305
11044
25988
29051
26435
6163
29089
31148
22876
28935
27462
18553
24065
9010
23214
5569
7142
3983
23996
1390
28316
3443
28732
24232
4348
31589
2412
17225
18121
21039
12986
31633
18833
28213
31696
10780
31956
774
28622
31760
11625
27953
28630
10651
24604
22106
5838
23197
29596
24460
2657
17313
6549
17873
23879
3858
27417
13568
26311
26284
7236
15575
13178
12592
4896
7241
29521
22620
26054
22297
2265
11034
966
18856
7614
12280
3785
12044
24719
31704
9845
19809
20416
24808
11153
15460
13813
2517
15978
31294
15230
21820
31861
17053
12573
1378
16693
23561
30736
6180
28255
20342
11083
23345
32573
15893
28166
4214
27472
18800
887
14042
7225
16822
5089
19244
31450
3667
17101
5465
22456
1220
31383
21987
12963
8618
4397
26510
9626
22557
10772
10589
30441
27458
31148
17596
5780
1568
19892
9215
2808
1455
32528
11531
4272
10546
12490
5203
29110
7367
88
23559
22474
4669
2845
21383
7704
23589
27954
11038
26133
16172
7525
28653
29610
28072
19074
1061
5268
24944
7634
26490
5899
2033
1762
25556
5025
29822
29829
29255
3694
3304
7964
27717
13162
25679
18453
23826
12826
14391
4786
1913
31855
17374
23052
29630
27883
24014
10327
6611
6149
5038
13159
31694
19663
14429
627
17563
2262
6210
8474
16110
25417
18397
931
14460
13150
16546
137
9579
30194
16392
823
6151
13936
7389
23568
24758
32499
1756
20914
27182
5039
25729
22396
9701
32141
17180
3406
7369
10261
3365
27791
30770
5777
31439
18037
5909
29807
28895
30592
890
1256
16831
29768
23600
13791
1230
4985
1727
23052
30715
14620
15774
20057
8082
18200
20134
3724
6229
30456
7623
32039
20431
238
16378
25228
5861
13336
17014
26469
17070
25603
29223
3651
20357
20334
14172
28805
14940
25680
22976
17020
1107
1308
16523
25293
5257
13123
761
30998
27697
17146
23804
26580
24809
31807
23597
5508
20808
19734
22793
20744
1974
28953
4186
21837
16257
12847
28915
12331
45
9884
29088
4236
17163
4154
861
16337
5901
16645
29638
19057
14040
10461
21455
7139
17691
28808
14005
4543
8991
17911
23861
18976
5536
15818
8443
12620
11228
28182
13405
4759
7401
9829
2633
12420
3915
26878
31356
10286
32454
2407
30197
9190
13425
5161
24490
8478
1292
25555
23929
19846
18835
1857
13665
16244
17939
23838
2802
3465
29373
2216
4354
2450
23353
9139
930
8876
2109
20977
32337
12972
10077
6512
623
15037
25893
9316
16884
21323
11621
20519
609
21280
17868
11646
11255
29133
30392
22046
22823
26956
13901
15215
31307
23267
2501
21135
24979
31563
4358
16794
19266
18962
28794
29225
13850
22590
3355
11544
8212
25139
20173
9101
31573
16599
23793
2357
28510
30195
2359
9169
14979
22493
23731
29682
18334
8276
31540
23296
19460
25259
20689
25217
440
11562
15812
2200
20959
22961
13436
13772
884
20894
32237
16395
16957
18673
6187
7919
4606
13486
25399
13632
492
131
4120
21433
13412
18347
1582
22799
3805
5394
12996
4911
9756
28346
30436
17863
15015
12381
10095
31241
22907
31060
21357
31660
29953
12727
17569
10035
2623
27334
28256
28017
9803
7815
16036
12365
24582
4785
1373
23747
6662
25289
26119
26155
8404
30091
1921
1726
31064
24971
30237
26966
29585
1308
27636
8309
21898
21873
29564
3721
12937
10498
6236
9070
17033
305
6782
4917
19946
5934
22374
27172
360
12312
24003
8701
15946
31845
24388
7300
15067
1667
29869
10043
1822
29887
26666
27760
18878
8807
31203
30073
18756
21547
21200
8767
5516
3017
6607
14841
25978
16106
24308
31034
31977
30022
20768
16686
12004
4623
29141
19488
20505
19597
15176
2880
11658
7174
27832
4516
23430
6880
28927
12428
28888
9481
4967
10474
574
13719
30398
5666
29213
18348
685
30222
26738
16029
15173
29253
1804
6483
14043
20125
11769
29937
9750
8430
25662
8886
8774
13849
14539
21798
13815
18505
12205
10340
21447
27257
3974
2531
12148
19767
9018
17213
11577
16551
17388
11363
23387
6090
16169
18679
10751
20736
28002
21750
21822
10188
3232
1178
13691
29656
13171
31615
27124
31033
28715
16132
4504
3571
26699
10228
1561
14528
3131
5990
19777
11533
13117
29409
13449
18502
13218
11204
19176
29779
19262
21989
11497
4963
27673
4473
22272
22760
16743
19508
29214
13282
187
7601
20099
11873
23415
17171
212
26181
9351
32237
21869
841
32335
23135
3576
20032
9441
8322
7486
19870
10356
29958
21822
2873
11282
27930
15228
26449
31888
6540
30620
7374
5059
19762
4143
23242
23537
8840
27085
5967
18310
1178
15460
32610
4360
16165
29391
10304
14157
23033
10411
26087
2540
17313
14950
27352
23025
3910
7064
5404
8917
18897
26519
3205
16301
10832
24646
5686
161
8603
20269
16741
13472
3383
31951
20832
31570
4474
12855
2254
29518
24304
30933
14904
6286
26366
3208
16840
26399
17349
13308
19536
5661
22345
29494
3981
32479
26067
19565
22446
1135
12180
796
3600
3901
19850
5461
7500
28948
21928
24408
22131
17740
2609
7524
15256
8514
6245
16333
21391
10501
10847
17743
27381
23634
20542
4002
26224
12227
1155
26190
2616
17987
20410
7105
23255
24261
20317
2207
31533
18998
9205
20825
11190
32175
2690
10753
20240
5360
9501
3165
6071
22794
14044
5178
17172
8027
22262
30210
1462
5311
24359
17297
3295
18693
6486
29509
14658
3744
28790
23892
30475
671
10410
9059
22304
20704
25260
13908
19878
2176
28271
28255
14792
5269
12547
26980
6835
11552
8634
9087
5605
21565
8841
32222
12968
13213
14256
10191
28377
28214
25245
7709
4334
14905
9230
13469
23352
22341
26999
24068
1124
13530
27043
9723
6472
23824
13469
4470
11229
30601
31441
22849
29575
30884
20335
13019
17053
20723
27152
7048
29989
12528
11164
22946
15583
13547
27243
10288
28294
3399
18858
16570
13394
30438
8193
14171
18881
6114
12658
23831
9367
5246
16517
7279
12067
28764
15010
1075
30661
4080
958
29848
31149
28212
9530
8842
25317
23197
25607
25923
31634
21326
527
541
4727
20365
11984
27300
4794
3699
27466
8432
9963
15847
25884
13874
3394
3533
3306
6028
296
890
27649
7462
24057
8555
32062
3966
24329
14135
3372
5887
8421
28099
25964
18902
18395
25525
18266
19457
28604
28203
31213
13736
18656
20908
28383
13233
1643
1887
17166
5775
463
25210
7715
17242
14226
10750
13681
15141
338
31394
30240
11404
12550
1292
6794
17292
29062
31815
12005
11160
4174
18546
18723
30696
5246
20917
30742
26133
18214
30586
11736
12003
4289
2009
10602
22877
20479
19283
9115
17448
3528
30916
17195
22801
12925
9619
7217
7912
8321
1580
16058
7569
22520
4784
6323
18520
1998
25578
12041
25221
12283
23686
29198
4656
14598
29309
12575
5463
9416
11476
29060
19758
15475
10630
11415
5046
24531
16319
14632
3985
22995
4682
25633
31253
24130
9805
31846
2975
5335
21044
22015
554
21875
6379
2169
30240
31143
17744
27785
29039
26486
23016
7411
31968
14684
10448
32426
6053
10127
10231
5177
19760
5764
21899
8289
23884
28341
16561
23556
10854
8610
2681
17218
25131
21
29457
15841
5209
17835
18233
9970
11214
32144
16886
30641
32230
9354
13963
6574
25603
11321
5797
9258
4973
17309
10454
2244
10077
2264
836
29525
4436
2101
7843
24856
25521
11370
5472
13070
10883
1050
25375
16288
18076
158
14440
10119
32487
4613
13981
29161
15355
17497
10288
13252
8687
16932
2322
18064
31856
24627
29551
21024
12562
5786
17560
11722
11236
2809
3649
23751
31303
4093
10220
10716
2048
15913
29861
9786
12939
2518
12528
4004
9906
31352
23808
25039
15455
26404
5929
5902
17583
23631
31384
23599
32327
3801
22082
15263
9195
74
20506
981
18765
14427
18567
27886
31266
14264
4629
16789
20347
2052
20843
3878
28499
3357
6525
8467
10852
31650
6146
19334
11328
6323
26153
18760
29084
9976
20871
12513
30959
9445
12628
17665
24892
16444
7128
9246
27435
8915
4128
7007
4191
31895
26613
8377
9476
28369
9743
14424
14247
15528
29829
18752
9035
25831
26504
9524
1977
2305
22609
18390
7191
17747
27736
4369
4028
24232
7367
32436
27971
26882
21038
10591
13278
19352
26744
2211
6893
17947
12062
16997
13264
23357
14746
2435
24057
17524
5151
20411
16709
21243
12423
20168
17036
25115
8077
11469
9847
16040
27196
16375
22161
10190
8103
13662
31905
19726
27355
7981
26680
28035
17682
11779
29318
31850
6185
6553
21617
28385
25940
31908
8937
5871
17425
10237
25973
12229
19802
12543
31506
32579
18207
16176
16702
12478
9203
23844
12624
19713
11014
20639
26634
29585
23635
15866
19313
14646
25882
6856
17116
20406
14481
13241
13644
23268
8407
18878
16891
5849
23593
2669
26424
13186
6744
26536
2929
2395
28282
4729
7314
2937
2272
7489
14734
6862
19785
2322
6714
7849
6485
16985
10594
1660
20285
20672
1303
6370
30912
15954
22854
13280
5729
31200
18575
25195
28367
14500
22355
27435
29349
6949
3343
15487
2131
6490
16361
22977
21596
31250
16009
11723
20931
22932
19498
26298
20159
898
8945
16114
8630
9219
28797
22370
10857
5152
191
1801
29549
17775
2828
17336
2010
4335
21872
2074
20807
27956
8774
23283
4597
20420
7173
23461
20298
15808
13149
30712
16513
20423
9091
12058
5537
11543
4297
1509
10923
16885
30065
4193
31512
13648
20675
13450
27010
24993
19549
2643
12194
21781
19403
31978
2682
7406
6743
4414
30419
24614
11042
30143
4586
3414
8052
16228
29287
8151
1873
30707
3470
16423
4173
24957
31929
17294
5793
4903
14086
20225
19581
21297
4941
8518
27552
21040
9813
18521
9511
11166
20807
17935
17314
20373
5218
26617
13165
14808
31217
22155
25918
6675
11642
8061
16122
20836
4921
16242
3789
26905
29644
28376
13433
26300
4144
13839
29934
8525
12780
3277
11292
31694
2956
2241
20741
10501
32081
24438
22
23677
4647
16251
32695
3278
18647
17601
29473
11038
32126
3140
12143
29672
1854
10989
26360
15612
24115
2999
7901
25799
23977
30994
8926
18133
30348
21893
27506
22932
26143
18326
10774
22875
17649
23790
28645
9386
526
26809
8809
11700
7794
8524
12977
9498
15555
16650
19107
16890
22847
11912
25748
19240
15859
28655
278
17851
1837
28066
28433
27852
19509
18465
23062
22138
16440
17710
4847
27185
24453
6190
18043
3117
31996
2513
5817
8761
17346
17141
18978
21949
314
16072
1340
14071
19249
10285
17004
9609
22105
9826
31755
8756
4345
23775
15549
28131
21986
8833
2558
6635
19365
13287
23806
28049
17411
25885
7599
17613
12197
5751
21532
19533
31246
28864
1020
16061
25037
11412
26247
1862
8439
26891
30344
27988
31188
21912
692
11677
31705
13104
14906
9311
5334
28846
26523
27880
17009
26230
19900
6748
30675
30040
23354
28083
2977
3256
10237
11521
16942
23532
28944
32762
18415
13030
1711
30133
12335
22035
24738
6064
19459
18818
19658
11797
28033
22345
27642
6459
27437
21797
28936
25712
30644
28000
22051
30198
8669
28408
31846
75
4284
26877
27054
6317
20521
5435
6313
5854
16752
22041
3888
8741
1098
19393
11991
3989
27660
17537
29634
30097
21791
3185
5562
6288
28336
24663
16255
5406
19624
1991
20576
27428
21983
23183
23562
20072
25228
13650
23710
24663
7937
8562
19206
14083
1685
13363
4488
21864
2785
26910
3227
30963
15151
31652
3578
24645
47
1028
5624
28468
16364
23407
14099
21522
32255
2921
22475
4658
19458
19570
18101
5545
7752
22502
21707
13394
22731
4386
27142
16405
10342
18920
18479
3688
31813
9733
28658
6421
13209
25136
23604
7230
21392
566
1958
21919
22916
10836
28826
18708
32115
10212
3862
11867
30895
27965
28967
27674
9430
1236
29048
17444
1797
16295
15395
5368
6985
8923
5575
21643
29782
22691
6363
10311
892
10341
23874
15955
7382
14872
15903
19477
3013
10481
12778
22005
19356
10558
26820
9316
14493
17810
9479
2589
19749
30498
546
24491
16163
7535
7588
22572
4558
6437
22166
4948
28568
3651
5902
4277
24669
4477
23553
26685
12257
17631
28505
27648
6265
10162
2119
5943
1544
7587
17883
28297
1325
28962
14290
13706
12987
21769
27055
7554
16234
10622
9229
20847
23500
2074
22579
845
8322
23371
27113
24212
18095
1270
19338
1027
17581
22625
8283
29340
8959
27473
22811
496
7559
623
32475
20892
25849
7408
8208
21012
5264
25461
5095
19103
12288
32304
2008
163
15787
5705
2942
25635
20759
1664
3750
25990
6560
32531
1446
22682
18794
8418
10224
2264
26778
21457
31974
25322
26822
23662
10992
22378
3241
29908
15564
23277
30748
27855
20774
10048
31810
5440
26729
8689
29698
31427
17620
3089
17594
13200
4304
24377
22321
17567
16257
31691
7374
25104
23451
3194
29960
3785
14455
17165
1822
24417
14694
21087
25608
25661
9029
18859
1197
32504
11345
13574
30806
9992
15933
10029
22371
24991
7810
4225
20029
28880
28919
1872
21643
32243
18593
25942
25769
17226
15052
24196
18261
30949
10330
29952
18348
2242
12636
28268
25430
20025
1759
11883
19197
25751
3848
6753
18179
18698
3940
27259
21620
21437
20857
3056
3641
19523
30113
30854
13967
7481
26648
10071
29880
27431
11347
31445
6896
4776
29331
20492
2211
20939
11195
4903
31965
8376
3934
32054
27906
32151
18461
24366
13247
12205
14896
7729
11328
17864
6210
17680
3492
21470
14978
20239
6830
13297
27639
4072
31165
20021
8723
23826
18686
11381
21132
23618
17120
23731
23399
6963
1736
26383
12630
21667
23047
23274
18499
1694
29961
14154
27181
15870
12494
12928
28723
15155
10398
9481
4590
21568
9209
7091
16132
14342
23758
21760
14074
30405
30189
11727
21322
29664
13757
16697
14262
9440
22834
16314
23771
16828
4858
16785
10505
19032
2807
6249
2898
1355
29170
25656
19681
23525
32142
28520
3214
14193
24698
5685
6319
17335
4843
15702
6960
15045
32586
7135
19430
7663
26409
23654
7456
21
5244
22884
5759
17700
11014
30943
21000
31455
11793
27462
20344
12000
3682
20893
4567
26073
21612
3801
15184
6176
15044
18574
6976
22379
19669
23239
25229
472
24021
17205
29241
9776
27640
18317
30775
32108
17379
23339
20093
7544
30819
2043
20570
18744
607
24217
6666
457
7435
12727
26248
15625
12895
8384
32675
25945
27592
13754
29780
1697
15133
6769
2383
19605
28628
10450
6104
13879
11382
23189
20184
8861
20560
23583
2608
6901
10604
18086
13389
32198
703
17814
26108
28537
25252
11059
14464
13335
3465
14464
32227
22100
8424
7264
21385
16333
23162
28156
17163
9870
24487
9828
25922
29655
6464
23929
15265
2080
30576
19978
13256
90
12784
25917
2391
24696
22651
24881
31232
18222
18306
17121
32737
3832
21792
5964
1552
95
19024
23507
19319
31096
31838
482
26594
11949
6811
21970
10070
26815
1109
19726
12197
25612
15110
32629
9279
13582
17612
20480
15435
22053
4889
2213
32502
17046
16812
28027
6667
17107
16832
2846
1733
19965
17795
17493
28897
9383
32713
25330
5110
2269
3074
12282
777
14180
4713
22278
3676
1604
31871
6377
15240
19588
19896
4499
971
30517
29812
5430
19619
28594
10032
26791
20124
14117
8702
22790
24166
23373
22578
30369
19498
10367
28255
30486
19742
15595
4226
696
9048
24865
30844
28980
30688
18900
14534
14709
6920
9949
8032
6340
7936
9090
17674
13620
165
15353
7351
16189
21146
3112
5951
22183
7834
31663
12116
13993
28940
27432
29111
27987
17112
18093
21931
8745
13690
8603
31147
12305
21845
16278
6232
5743
22089
11982
18869
1422
32391
22400
25750
2626
13220
9407
5206
7371
24045
10868
30409
5885
5627
27812
22129
21918
20615
11249
21749
2320
31871
23396
6606
31023
18264
9065
22852
16509
31655
5659
18329
17021
11755
30914
19588
24924
11181
18074
2785
14038
24780
20695
4262
21592
10002
8165
17177
20066
13322
31220
23360
5936
6422
12980
1689
27801
2492
10333
12
23863
23617
4595
13598
10440
30841
712
19303
32724
10461
18242
6726
26257
478
32478
27859
16131
21369
6005
8213
15975
22796
3519
29046
20946
7016
5909
4467
13846
14631
6267
20120
18149
2368
3805
27820
18745
19416
19609
31785
13554
23899
12350
17903
16833
8140
14483
7992
15174
3673
6620
14799
24693
12083
14424
17533
21054
22428
11278
28612
21869
30274
12746
10960
27599
22475
11618
11435
2198
6577
8509
7600
25598
16208
16150
30018
12849
7485
30206
24510
16744
3802
8608
16557
17236
10791
16073
9535
17852
26075
18728
15093
7783
26036
9810
7837
20028
24843
16904
6019
8104
22443
16317
4838
1088
2275
25939
29609
30120
24794
8998
2635
23987
20515
23883
18713
18891
16785
23066
2210
28052
8781
31209
28780
14540
12325
7195
22501
1142
551
21850
13212
6967
32623
23328
25265
8448
14397
18556
28811
7661
21835
8211
7880
12397
4445
12133
19322
10916
28953
14161
1936
7949
11545
32219
29074
8292
575
11566
10386
14531
23624
9181
27487
23563
3748
6766
14331
22917
3973
16921
32591
4297
26935
16589
16670
28127
21935
11892
9272
28837
14438
30584
24304
17264
27240
18566
975
9462
3239
26514
1674
10604
21654
7707
3378
5867
1779
6320
25003
24856
5348
24499
5983
2052
3910
19805
14643
24145
25666
9474
5051
31383
6945
12182
28585
22533
609
369
20620
27212
1032
19791
2999
10424
5176
26779
19326
21664
28164
25837
21161
32513
4738
25297
5154
4454
15905
458
29425
24075
18493
4502
15978
31553
8433
26804
16037
28180
24877
1060
25903
26668
8456
21614
30207
7409
2135
23525
15532
29171
19838
557
8669
3720
5766
16635
13568
3767
28784
3612
32319
23892
20681
9913
11439
31085
21887
8153
29899
10981
14067
24615
13090
27231
8271
26358
10060
93
25114
1154
23330
8105
13066
26488
2607
32501
29465
9145
7521
13758
9434
5723
3844
24694
4366
19185
19185
20449
18547
17933
24323
18368
30684
22787
4043
4269
17030
25327
9605
24902
5802
8953
1354
25229
12367
32727
27271
21391
15970
26772
21677
4164
24072
12944
32042
32695
24627
6345
27033
11622
3444
16472
28213
4588
23568
26175
13460
20189
19541
6753
6802
25074
24366
11218
32139
4966
23286
10833
17869
9119
21130
8467
17996
31761
8866
28355
17560
26464
22881
24262
15629
5316
15402
26563
14153
27314
24502
13155
16100
27833
1635
21333
21595
14506
14543
18326
27212
24315
19622
14831
17129
6765
19896
4799
16807
10989
32079
19194
1334
22456
23487
8050
23990
23747
28734
2389
29480
18266
17142
8183
12322
1543
15705
18386
17607
12213
25781
21196
22007
17941
8968
30136
11459
30529
4629
14110
31268
8864
31927
15167
748
9481
2678
4436
18428
12331
18776
26135
32440
12588
2553
16260
28088
2704
16862
9697
448
9565
26631
24060
12019
7548
32707
6324
29251
3427
17865
15290
1836
15601
13187
10137
9634
14233
19629
7924
23624
3523
27423
13071
23266
17775
31975
22930
16653
15900
26779
3977
17710
3048
3054
11694
18344
3576
2176
20971
9810
17434
21243
539
25640
10153
14427
27665
31040
2994
19853
26331
24320
18516
32060
6471
11407
13677
10216
27047
22409
14451
2616
6866
27895
27039
23953
14955
22142
5201
26343
17510
32726
5808
26579
8135
28798
25744
9702
22701
11694
12698
31806
15248
30862
1702
11094
13767
15525
18028
23330
8013
17044
25948
860
20932
31492
22730
11801
12474
30173
334
18591
1836
22968
5227
30330
24136
28568
18798
6861
12663
5844
19865
3047
9115
13656
17281
9494
6549
30734
20917
10944
24075
30614
1184
13487
12904
5437
1969
4781
28964
9261
31161
24401
9541
13025
24724
13592
15142
2268
11
14775
11895
11419
6137
29616
22917
1480
19885
7716
18875
28592
17552
28392
15721
20471
10759
731
11973
1418
14491
25718
4144
17366
30296
24740
7610
11832
12914
7636
26599
18356
1583
10573
31668
2793
23808
28354
19413
15940
18417
20007
16193
22645
8260
17347
2288
2335
15705
22149
11491
14804
16850
16539
22118
6976
17396
1601
25490
4772
21839
28375
18965
7047
11681
5175
14646
29096
31992
31813
7443
5942
10519
28872
26413
2883
31259
2424
16423
17527
31326
7255
1739
17409
3484
2117
16462
21715
852
3535
24021
19215
10353
10825
31543
22460
7210
10524
31493
17598
27687
24416
9160
11525
15333
17838
8841
1284
31579
25647
5783
1893
28894
17657
2692
23035
6722
24732
32369
32504
10562
14583
26507
26208
7969
5713
18646
13245
19346
6821
18730
3093
13014
7996
27259
25
7972
4225
18013
26271
24909
15378
29638
15186
1184
17683
31254
21928
31243
12999
30038
3093
32388
19809
20413
6015
16551
15639
13433
19185
2465
8057
8108
29587
27980
1793
12212
29914
17819
6379
7087
29948
32057
15686
29502
11687
28013
5452
2954
13554
21313
11247
15749
21140
8163
5300
22899
13651
10315
27844
29608
7360
30750
29249
28307
19234
19411
9686
26107
21424
30228
10898
24457
6403
13415
22518
25735
4042
14093
12876
26855
6592
24618
15675
9095
3291
32295
23705
15283
15046
1365
14208
28652
3218
3283
20900
6631
1705
4785
20195
13273
18691
19285
5406
17138
24476
30
16456
19239
30501
16712
7356
12341
18937
28432
7124
10211
22868
24088
30391
8583
18111
6924
29554
18123
25039
4486
75
31153
15887
6703
6481
29653
25915
13352
11320
27379
31151
28072
28260
24232
23838
16358
22852
29565
12167
25145
16609
32545
14949
22653
14519
10742
7207
16570
15043
18895
18399
9216
17629
23033
11582
20117
24648
13432
7360
29523
18312
28818
15396
7755
7795
2706
7967
15022
28811
14534
22609
12270
27019
4554
5752
23072
31808
26632
8676
24997
27546
32384
20011
13833
27139
31429
13341
12331
17135
14408
18426
8094
17077
24793
8163
18256
20637
28267
32399
3433
28474
31256
30271
25206
5882
31845
14324
9159
7931
25286
25311
32021
10272
7781
26649
3433
15973
4127
22164
21304
9327
30159
9042
9171
32104
15568
16852
12799
18697
23997
8406
26591
26104
9595
24377
6171
3669
3962
19777
19003
655
5431
3584
9812
22141
5894
27922
17383
5290
16910
15499
24582
11248
6037
20270
16056
23368
31102
25312
15263
4064
24591
3932
19928
26990
7416
3367
803
22725
20369
26823
13892
3237
28260
30256
1193
8408
2539
6271
18252
17274
11419
12778
4827
17561
31777
20471
791
17406
32747
26605
21882
29001
12522
14216
5916
4676
13974
7665
27095
17265
30003
237
9385
9957
20819
4693
21339
30041
19613
2502
22880
9599
24524
9881
15360
7570
13819
3606
22454
9009
11551
23012
1238
32109
16341
27332
28530
32033
15454
21376
9855
24450
27879
28701
9780
16118
5390
32088
25011
1578
26787
17489
4075
6494
24491
11905
16317
10756
2987
22001
30557
26762
21027
26030
25340
2164
12376
24184
22180
19117
27734
5050
10083
543
22326
29887
8107
18049
1181
30242
4857
18800
7045
12166
21685
450
9280
392
5721
8471
30649
22514
28886
1968
13310
23601
7476
10885
23035
11274
8312
8081
30856
26760
28362
17521
2215
12601
18903
13101
24326
24474
24181
31062
22220
5839
25989
17745
6546
31639
19486
32242
10414
10368
9960
30797
3000
12887
29893
16328
18503
20707
29879
9333
1788
32723
4862
927
2498
11252
12672
32419
22355
16551
20334
5121
16383
10643
21541
20147
8105
7319
338
32702
274
16386
20570
13830
1626
263
16121
26726
15043
11883
20265
1536
12729
11137
15941
24786
5903
20312
14190
9867
5260
17459
1326
23452
12454
31545
1627
3217
2701
2158
27198
10658
5995
31458
30709
16517
17642
1321
25878
2183
9464
2570
32661
29915
1735
24955
12008
16690
8471
27086
4200
11404
12727
14629
13051
22093
13897
811
13808
29075
8775
1798
20266
17095
13891
6535
31873
7026
23667
8100
25701
18514
11884
3369
10692
9646
2094
15274
14126
19942
19553
11708
17720
5710
15838
4709
8222
20028
4721
7376
28844
29792
8925
1093
3166
22100
23585
16473
4294
20084
22010
21858
20014
5104
12969
17710
17791
20768
11254
30709
15713
29719
29045
12683
12964
28026
15368
26330
10207
20883
15013
1936
6230
4001
15450
4117
4641
13170
15246
30656
15243
25908
11913
20298
18361
7049
16695
9091
7820
13273
23592
30787
15303
25836
7388
28580
2421
16312
9022
29038
14725
12919
22638
26323
25272
16893
4803
24157
25789
27977
15121
11300
22426
28506
22311
23108
2637
21316
7580
32142
21683
3714
30412
17022
16554
5518
3869
18029
20082
7855
24199
4360
22618
1810
18771
16897
22936
3613
15906
18181
7288
23296
30002
11757
5049
141
13533
26424
25395
29513
16226
3257
23486
9667
19944
141
28240
16164
15552
30800
23141
8200
19691
18576
7076
10636
7900
1154
23231
31400
19070
17908
26011
6080
14457
12675
29361
12405
8370
2830
13236
30657
21008
28267
31603
16963
10118
88
31490
24279
20046
11188
23060
23914
16754
16111
11948
14349
7825
32191
6133
4679
14304
31508
109
688
1903
20303
19273
6843
26542
32430
28950
8404
13615
9227
20380
12459
15789
13255
12551
13775
8270
27393
20041
29822
805
16139
20666
5308
16891
24862
5889
25506
31311
10828
16696
16121
6299
951
18507
24327
19161
7937
9377
29353
31814
4867
18431
16802
15974
12482
28329
18739
17224
9374
3018
1772
19723
14285
21781
26049
13985
17928
12717
352
31187
15236
4162
13250
22149
12068
26749
8448
32572
27885
27551
13673
28381
1210
10341
18897
19384
12593
9774
25131
31684
10997
15199
14939
20012
15389
8967
5445
24075
10214
5567
554
4724
15012
27093
3124
24502
5631
32425
2127
11742
3419
30550
30011
2173
9880
2197
8671
31659
4860
24031
3553
16971
13421
22994
14451
10641
740
13782
20848
19906
26142
17664
167
5179
22421
24119
14199
1717
24750
12693
16540
29639
18740
3343
584
30892
2565
21593
9845
22599
22539
12292
7546
17252
23406
14314
11997
30273
26376
7371
3177
20301
17434
5432
7040
17199
26173
4528
26802
21002
7067
31754
31118
25088
3422
1554
28855
8949
9321
19319
14395
24469
9798
19173
9761
24472
7776
31342
20289
16196
26483
31534
31833
24628
26944
12335
30044
22361
24197
15498
5901
31806
14124
11471
26317
32144
27331
20391
6321
7901
20268
440
15320
924
18326
28873
252
11118
24492
6695
20294
931
9995
2119
7015
12800
24826
5036
13540
31935
23637
11019
32177
29656
1995
26286
16386
16255
5706
27414
5726
14318
18358
24292
6645
10852
10721
30714
19251
28526
26040
25565
26773
13925
27834
3933
10172
10808
6831
4473
1216
21355
8086
15741
7110
23392
17887
8301
16597
5334
26842
28070
18917
28079
12144
7875
16185
11766
24337
19134
26095
10272
23277
30807
22742
16018
9063
28602
9087
25188
27078
20316
5015
28517
3118
26662
13427
2399
3536
9429
10477
24220
24413
161
22383
29608
3008
20764
7245
23641
7436
26462
30296
1549
19891
19551
25008
30515
23034
7332
21721
10253
1449
18206
5137
22707
10759
13135
20193
2140
24581
4782
15347
29145
6842
24909
10019
12642
17935
22969
9688
30613
15804
24609
26005
28092
12403
10427
18635
12111
17242
7524
17906
31930
2495
18055
15575
2911
9480
15167
13880
5855
8424
23744
16782
6037
24537
24819
25898
16996
11206
28768
21635
13747
16135
23377
24783
30645
22931
10804
22480
10734
13937
3394
17649
5619
30064
28510
18577
30577
19736
12352
31135
10096
6368
18898
1383
3289
6050
25818
427
30262
28235
8410
9462
16570
17111
4916
22829
28801
893
16786
23655
7704
11814
7045
25598
23872
11300
14189
30183
239
5665
22168
27710
24728
29781
29870
22309
684
20221
26188
12495
20577
8968
19183
6104
14002
3859
22036
984
22695
19607
13213
10295
14038
18785
2935
31043
28714
30019
26746
1919
32739
6154
1680
9534
7390
17327
19482
2673
7703
14034
29327
27326
2156
17251
8806
12754
10660
3491
1591
23031
25775
14155
6429
4329
4911
19210
13406
7909
8248
31797
8270
17412
16468
3771
11376
32711
27339
31575
4831
30451
30753
9225
10988
27551
2527
11462
12041
31627
8087
19567
6630
6323
32034
10752
24281
28708
17964
6666
387
13071
29427
20579
20657
30236
587
23067
18560
6912
3302
29619
24517
30802
7634
3978
17579
13210
29763
8344
19614
428
4755
32094
7016
16692
16007
28445
17818
9105
22228
16711
29230
22503
8673
25907
16234
27759
31183
32276
28424
23058
31159
26924
7571
28215
4146
5693
2324
1753
6943
17473
10990
21724
28832
30298
10503
6305
31078
13580
25128
3288
16431
28586
6567
29589
6796
4622
1603
31142
20200
8845
18511
25637
23494
31787
2835
15433
17482
30986
21871
28033
1531
8489
19905
2500
7111
12619
29961
10274
12872
3636
7499
4512
28997
30747
7989
12354
32380
4701
4866
29801
7582
4975
4254
9311
4508
12566
15115
18993
8993
7386
6915
13245
28767
9400
3295
14603
27151
19479
17847
15585
8627
28925
13259
7057
19743
20867
15905
31766
9015
1414
10096
14175
30202
16544
6205
18923
11712
28758
5188
918
2495
2707
24345
27059
18900
8278
5135
32602
9601
2215
30041
26627
13362
14287
13935
6228
10948
5832
17844
2360
4679
28403
22869
8497
23555
15881
17268
18415
30394
1620
20870
22561
18733
28447
15097
25483
13793
18795
25370
32089
3107
19683
29239
32435
2634
8466
2560
31121
21820
1748
6451
19921
2356
13834
4729
5255
18370
17298
2699
21908
26387
9079
408
15226
9842
7012
23531
14702
3087
14687
19913
22447
20479
8883
16024
6679
30853
20270
26439
13551
2960
1165
12265
1032
31108
9781
4259
30727
9533
11556
31177
28161
11602
23590
1860
9544
23190
1100
823
18308
22501
28058
31714
14085
5917
14336
28870
5975
1898
18572
23305
17431
199
5853
5405
10758
2241
28379
26013
13916
21630
31397
12663
20575
11263
10443
6480
4403
4770
17086
1572
11764
22763
18308
26925
18434
31619
24240
13063
6044
29569
30610
17937
9393
23529
26795
26646
498
4210
9059
30509
15916
10637
20479
26077
32725
31138
26061
17029
32485
28573
5025
19963
20711
681
3205
25972
15183
2875
3245
17316
14
11603
10921
23846
22628
14335
18654
23581
4597
7712
15159
32540
544
27760
29976
24387
17292
24772
21396
25003
29187
1679
22495
22533
22660
31912
26118
5245
17811
18509
23517
29925
31188
22887
5177
10511
25816
9231
10848
14458
9271
29522
4542
2865
30943
22833
21978
31217
9899
24556
5768
10634
29240
24705
5215
13703
12532
8815
24941
28177
8055
10431
2602
11537
29207
20549
19115
1685
21430
8996
9240
22645
18143
1424
26208
32054
7442
8152
555
9774
30811
10659
14097
8425
2857
31353
29193
3020
2654
902
28708
15864
1443
5787
31099
26226
6654
7798
18533
9856
12966
11331
28910
11094
19478
32355
23685
2801
28000
25707
11765
26692
19396
9328
8599
8850
19585
17794
15813
5147
22763
25462
26513
9210
14526
28649
12215
12110
26290
1153
27601
3480
4943
10870
28618
13412
18947
15185
31637
15916
27762
16116
12575
22649
30733
27355
9858
23883
18918
9889
26747
7099
21698
14790
286
5087
32112
1711
22216
10734
4442
30446
30550
5284
2906
31940
9108
2792
6863
19940
12024
29869
8431
15226
1937
8982
6239
19308
31290
21469
6913
30432
1811
1013
31245
12798
23090
21870
7267
8439
15509
3226
5919
7750
4443
26734
13422
30262
13108
23082
23713
31652
17943
24637
5504
23046
20787
2146
3041
18604
13607
23824
23417
838
21109
16913
2289
11175
29748
1136
25148
30920
21254
8601
14633
22288
17482
2492
11316
24018
27027
24946
29090
15896
29784
1699
22733
3743
20973
23719
30140
6434
21425
9131
10998
3291
10122
24407
1432
14920
13454
4270
8102
15403
12291
18229
31903
12756
32394
19799
5204
28322
13719
29704
32761
17096
20772
16809
32125
16717
29095
2091
15639
10071
13889
9848
11554
18600
1848
30990
14378
9577
25767
15853
10567
3366
3444
28596
10921
29467
4739
23559
4725
22446
10793
31027
29136
27452
22500
16149
6712
19992
15433
1848
3355
4561
8509
14397
2466
24500
5736
16512
11470
26770
12775
9208
22471
452
18753
8543
20593
4971
13981
12947
20543
15356
32306
27709
30028
19709
26622
176
18856
1289
25019
27156
21743
11034
15631
32707
27681
28424
7683
31475
13229
13132
11702
11926
1999
9226
25939
30334
16156
16207
1344
8645
31580
12951
3224
23660
31895
12690
17628
23618
10867
10791
13797
21767
18365
31162
5661
30674
1093
1962
2799
432
24815
26910
19836
7566
6663
29186
1936
7513
3029
22348
31956
20067
17777
18052
21573
27913
15833
5763
5604
31635
24385
30075
12463
91
23722
14391
7377
28466
1462
11940
28182
16895
3259
8593
27297
1193
29462
23987
31201
22583
4034
28652
32705
12598
25641
30412
30751
21851
13113
11609
26240
23658
3771
4875
28162
14422
20192
21787
9618
2218
10269
23806
31838
15655
21305
10284
17037
19375
31653
19749
10798
32098
26635
20918
21615
5894
4393
13944
16144
24748
6880
23451
9751
20624
25480
8929
11716
23874
7559
29421
26823
15107
10018
32702
3761
2162
5267
31863
30377
11880
8283
6753
10848
30496
30169
31026
9543
8347
2588
27792
5119
28226
30454
15057
10256
32206
3153
14597
21471
25445
3014
26678
730
20741
17004
30702
8694
19750
29934
20986
3163
15515
20961
4974
12381
17338
24148
5865
175
17084
4264
29722
1491
29031
3490
6275
9173
24042
15294
23933
26681
21256
8390
16253
29746
27000
15780
6805
22293
18572
23669
4158
27916
23058
1246
31316
5647
30072
2723
3938
22800
17971
27253
7200
18294
29024
26892
30266
13517
16044
10358
3155
5820
18546
10159
14154
8503
30500
24689
12476
29429
19436
30541
21194
26149
16019
12795
1308
22877
12961
10223
31525
1235
18374
24876
10153
12239
2424
22365
2429
23136
16862
3362
13711
12111
29677
12200
16934
21073
16593
30332
30570
24192
15502
13729
26918
10508
30183
21984
24013
7214
13695
10079
9915
15966
14398
17013
19902
14790
26870
27325
15317
30710
23878
10345
15671
9689
6591
3033
1687
13288
24902
20333
8103
9885
5049
19351
22235
19243
24534
28980
8815
9324
19544
15900
4779
9243
23650
24567
14694
1091
21281
31059
10953
21751
23214
15604
31573
4676
4657
21355
24359
22116
18252
16107
20091
31796
24247
12631
21360
17897
12327
2207
25867
23550
22901
25933
29565
14448
19708
3931
2473
21038
8003
7496
10209
7371
22492
4459
15344
12407
18827
24966
23134
11821
13739
7326
7407
13358
16078
8970
19053
30381
28324
9419
11175
20684
21278
23067
12730
25031
30418
10824
20879
2671
14498
13507
14501
24283
18072
28788
16145
24666
16405
21841
15043
5035
17195
17455
6154
18289
26951
8408
23387
7905
30483
21085
28750
13502
17306
7598
27113
27271
6830
3687
6177
14319
7814
25069
5790
3725
27820
10426
14527
9685
2583
4597
30430
17223
23187
5446
16597
21222
10090
28392
22976
25580
31037
8704
8453
23996
18739
29997
27794
280
19798
7520
22630
2452
25657
2798
12115
842
25566
3299
20738
10448
20440
16026
14647
23911
15021
29578
3158
6005
22142
5475
19751
20278
30954
10330
8150
17838
5679
27072
15934
14306
30610
15578
358
21063
12546
23021
9292
30843
6648
29592
9186
13619
19873
18022
24663
26229
30271
18084
25495
31239
26573
24688
28949
20007
19937
32275
17096
2684
28887
18577
6003
1357
22060
22142
30250
2289
16424
15634
19218
3462
20672
14208
16744
15078
21434
22660
32453
18135
29714
31291
9120
898
24733
24632
13588
12839
9196
16340
21475
28174
13171
8901
25788
17345
31210
22515
3513
18552
24820
26247
11564
17877
7679
14148
11675
19921
18027
26650
23305
19191
28398
32248
7543
24784
23095
26851
15531
12446
31441
3653
4400
22092
19531
19847
18078
12710
18326
13025
4892
20422
30382
19569
2082
2254
27516
21899
24708
9693
7676
11345
28588
9019
30107
17795
5670
25303
483
4760
24419
25332
9817
3597
11446
19743
15782
25085
4515
29028
30710
23794
17753
449
30878
10491
19837
8667
30465
30974
17961
7920
26292
8272
27445
25613
27360
18563
18101
32385
6376
14719
10434
18065
20044
26580
19582
109
7630
15695
20050
2403
6099
20428
22394
25939
29195
31306
8900
16483
21076
3141
16020
14579
16604
832
12332
1492
1414
673
23594
19636
29840
32193
22610
15581
28274
18500
2702
16928
5897
166
14643
25611
2036
2327
28806
9571
575
649
24959
30670
25406
32263
7629
6095
24764
22600
21785
25847
20566
29572
30607
2650
32289
17286
24987
2881
22163
24579
29936
2078
26528
4394
17103
20421
32035
2684
11142
4312
23680
18398
5943
16259
25479
16620
11226
874
3740
26257
9349
16864
10773
7892
11755
6234
13028
13045
27684
23331
10870
25529
3500
27729
25051
6146
4013
32503
38
22946
6017
6812
18455
5233
1394
29420
24823
19358
9413
26542
9924
14658
7416
16630
17806
3131
2119
31644
9249
14391
21365
14828
25060
3087
19144
11423
27649
599
30806
2059
28102
51
14207
22934
8268
30315
8635
20848
15702
6338
14486
21634
6523
8068
28920
27297
10632
18271
938
23816
30496
883
10006
6405
18597
5548
5710
10994
92
336
2384
25959
30411
3028
649
2222
21606
16372
5527
32375
11883
9987
2899
32205
27403
11391
1807
11081
12490
24552
4380
2438
25896
2258
10896
19924
32385
16698
20037
27953
11570
2582
805
30069
8189
3631
25509
1740
26543
1843
16016
361
15871
30982
13574
15225
13242
14170
31172
21334
2589
27007
5542
29182
15234
124
21865
4547
30528
21342
17590
7492
5324
21968
23132
31387
16932
7404
14814
22232
29037
9809
11821
17839
18906
5494
16822
2413
8145
23358
6047
5936
14409
31692
27214
11096
23415
26264
21292
569
31401
5314
16296
2322
28018
24999
14206
6979
2567
20915
22585
8122
7401
15222
10742
6831
964
1785
12652
1937
28567
30546
25385
3904
4630
12918
23582
28284
14925
31567
862
8350
9349
21006
31011
8837
363
28355
30482
25044
30831
18986
1472
11355
10603
10440
11124
13266
29061
23607
30767
31181
30550
11967
4841
14316
16972
11558
11294
6226
24908
17096
31113
21081
25756
23530
7984
32644
12033
587
10656
15542
25124
10236
32122
27553
27194
5234
24622
10368
27876
10202
32263
18441
8020
26796
4456
29085
18354
3971
3925
10691
28094
1324
32052
24788
32438
1788
21461
23032
26746
25959
5041
32336
28654
4303
28271
28789
18080
26778
10669
29730
9131
135
7932
32301
25563
20546
32044
188
29969
310
11979
18357
4329
20130
2536
31094
2715
11247
11548
4039
13343
9537
11724
23820
7829
11852
31656
29120
14819
21353
7543
30238
6048
232
11031
19489
21809
21672
10431
3503
28977
11750
10120
15121
4119
28499
20268
11687
29714
10089
13581
8922
11320
4862
9337
29521
16096
11802
15404
19048
21324
18182
1302
29150
7820
18341
26207
1485
6046
10503
6825
9440
14042
17724
2709
28864
17550
31590
12424
29391
31461
23058
27055
14617
32525
17353
22592
16264
30104
16865
15107
31063
13859
31129
24082
3784
25142
30566
2269
8986
25452
17543
3440
14005
5332
31455
23801
31145
7062
19204
17796
8790
13018
10388
15626
7276
28389
4296
23978
9239
15237
8011
30518
8563
6576
25932
23025
22598
24680
14034
16023
16366
1249
25167
28574
6040
11750
1657
6076
2739
5753
31317
22953
31141
954
31636
5414
15036
21002
5923
32062
26471
23919
32766
25548
2470
18746
18501
24125
15807
27368
12433
10135
7219
23623
392
25530
32752
30938
9135
10215
31944
19069
27008
27774
6690
10572
16317
19468
9711
4802
14339
13188
13280
31774
8610
26573
7382
9227
9388
1149
4763
10111
4940
22501
7119
24036
25945
16461
3109
16502
4651
28288
19663
24812
15534
12684
2358
13146
26036
12227
5103
12118
6288
12549
6122
3162
17888
24130
27117
7529
16554
6714
3649
4085
4523
22407
18092
4609
5355
4062
15519
9091
5525
16530
7087
5900
23558
4185
12361
1450
25124
595
24226
14862
8689
23112
1518
22250
12896
5682
9170
15517
9831
8443
19483
29202
25173
8839
18608
5349
23398
4341
30149
5320
30100
26402
11858
15910
29617
9327
23748
22534
11699
31173
1010
22833
335
18390
21586
30871
12489
21157
8557
7407
9226
20040
19344
28574
16371
10476
29125
5850
18417
13851
1
23311
32209
7994
28063
15233
29654
15702
16397
13876
17673
16416
9670
18185
10193
17973
15744
25129
3779
19107
23974
28070
19387
2985
28680
32352
26924
20159
13778
23590
11700
9686
1978
4382
32244
6625
26238
2151
4254
24212
28558
32764
10447
29548
2565
20956
19104
21999
24542
22632
7672
10549
30565
29196
29604
30375
235
26657
8361
27655
11454
15634
9176
15025
7513
9662
18852
31776
18903
12830
16945
16307
25774
26920
23981
9649
6809
23539
25315
11148
15830
29723
13325
3426
12690
359
13802
24777
10658
19113
11537
19660
4723
9702
1413
817
13636
23479
14473
24318
27794
23023
17590
19515
31956
31102
27722
23800
25961
23446
11715
12178
15823
8716
10925
2611
29461
1792
28856
20376
31123
6080
22797
12567
18136
5866
29154
16864
10212
18897
9804
20355
18328
13602
6229
9138
31082
3272
24911
4936
7261
23308
11368
32395
10801
8961
24446
9902
18134
543
17972
31899
25639
5422
29509
19695
19925
9318
19480
27973
12705
23252
29333
20151
30671
3327
312
6562
32727
21196
19811
13994
5469
30879
9209
26878
12643
3011
13352
24029
23486
1548
7302
21850
16582
23738
20064
18524
20306
30369
15182
12264
29412
19847
267
20899
15904
16078
1924
13714
6531
20307
17711
10533
19025
26261
7582
29556
26063
17690
3668
7880
1203
14862
7639
31581
19161
23598
16647
16230
5943
18916
10925
26706
28691
13491
14679
16718
32627
15318
30564
13067
13270
23076
24923
16577
22817
27447
26241
22132
15836
3021
22442
19574
14494
22894
14415
17453
8646
21840
9697
16918
5484
28279
18781
10506
4504
30496
1825
31424
17585
2400
24830
404
8248
7945
16014
18310
950
24781
4039
32390
5106
28838
32209
15855
4712
13173
7701
14673
18679
24041
23447
21619
24026
18594
2693
14488
9177
20374
23056
20226
15040
16564
6266
17589
5137
7624
32112
31613
12278
13727
28315
3122
9849
22635
29298
15931
20727
11112
17746
6225
10194
24512
17616
28293
10343
20653
9550
4485
22336
19677
9676
795
12938
3866
13825
21494
10441
10794
17066
3757
26570
27636
7203
21505
6105
31717
11060
3171
22325
14482
26669
21174
2497
6303
18485
31829
20732
4831
5343
25176
16435
20924
25086
20499
8438
13786
5563
15072
23496
27639
14052
10015
22810
6678
30087
24186
28283
26588
8640
23406
11273
26170
1231
3590
7723
6732
20589
24042
22402
12161
6241
3481
22300
5373
2638
25331
7915
2619
22479
14586
3702
24311
1733
24281
21967
27211
7152
26662
5317
32024
21437
21092
31322
21415
23903
9164
30840
19088
19489
26445
24543
23259
13051
10705
30818
8550
7779
23746
26963
30086
24677
16844
1596
21233
25334
17381
21455
6876
29830
24971
22816
28768
17108
3149
4370
13346
30726
8589
4111
25395
11769
24708
12797
23861
11222
391
25709
21952
8678
21128
24853
29956
22439
31967
27776
27567
31
22603
27908
32273
10352
28467
28149
19069
29869
6194
25368
20211
7916
18643
16474
29181
27804
1433
14786
4823
3609
4931
16293
25810
7294
19789
2841
6650
10683
17850
20139
8439
5863
4625
24405
31281
9431
27046
27050
26680
29423
31002
1876
32610
24632
3877
18624
22710
691
1683
1816
27656
10477
4493
4722
21862
6612
18970
4167
2483
1737
11238
7718
16018
25590
23361
3241
2438
6882
23914
18089
31319
19266
9742
14510
13495
3603
7692
19625
19749
28389
1915
19942
27922
3962
25326
18748
578
10639
14838
15751
32118
25338
29417
12376
25672
10229
4578
31466
14934
32698
2825
25432
1442
3920
2581
22030
29241
16036
21263
21373
22803
13275
8280
26132
11835
6375
8685
13419
6703
24408
490
961
17034
30325
4685
16040
1504
10124
2045
21503
12010
3206
26379
545
25315
21694
1079
25180
20273
19476
16310
18597
23112
22589
23858
19337
23500
24669
7443
2151
8181
21207
31485
30685
14904
15715
13721
26240
27428
11106
921
26064
7562
15983
6646
18795
16096
13623
26492
1152
30439
21642
10633
31623
652
26290
15890
7727
13836
17667
22246
23960
27228
8115
29239
21187
22984
30700
15446
10567
12250
32
16062
8773
20605
22173
84
17309
6754
20065
31469
1890
10403
14895
2577
8076
22439
28130
14079
8685
4421
27138
1520
12391
9260
26005
10400
29019
10882
10807
14859
27748
17355
30317
26484
8006
9741
23095
10924
24353
18993
16868
31121
23019
14253
9002
3797
19484
13152
118
12289
16043
21949
13953
5305
24890
19500
18468
21313
21646
18861
7277
30272
31041
27327
25330
8132
5819
4224
4709
23943
28254
30485
13673
4721
3841
2892
31140
6493
31904
17280
13590
1312
81
32702
21929
8647
13434
13605
28425
6945
8514
26771
23221
27774
32069
15486
7767
32181
26252
5663
3153
4460
10172
7638
21144
26771
23949
7882
27589
16178
4222
2512
9833
1637
5832
8078
13985
32676
21136
1504
1515
7496
8288
19578
13624
19531
2520
9423
1347
2896
4257
20786
6432
29411
9635
3899
18200
4865
8312
365
27572
18907
19232
23573
29464
30679
22006
22901
3218
13528
18402
14626
15475
27327
16081
20139
16414
31026
5218
25467
30814
18076
15074
28673
19965
25204
26235
28686
17554
7363
22184
22142
12186
14048
21484
25626
15818
4478
13764
26045
20132
31721
1242
7606
17993
2189
3451
23662
21390
2744
30283
3147
23633
8609
12088
13523
1038
29864
19628
14613
173
1247
8967
21828
12702
14282
13900
8102
11560
32611
21018
4268
14334
17249
24031
22115
23316
28602
16712
30475
2992
19559
27900
1796
6596
615
23433
30194
22651
29190
7838
14105
13586
15967
19580
18697
12265
12832
24999
24704
27610
24973
27361
14988
18377
11720
2904
23024
13948
3407
13087
13257
18605
15814
6619
3953
7518
17143
20927
7588
11373
22295
1722
2785
8040
12362
15854
4371
11426
16234
10597
19569
10375
19460
25599
22435
16684
4516
10671
29478
6187
16979
24551
15345
11949
4701
593
13657
22472
12632
18368
10802
9484
21601
4966
10551
344
13737
1607
8364
28146
11569
17645
23873
5591
18129
17758
28730
11088
31103
14667
16589
17350
25550
26762
19659
9687
12725
4039
23683
15786
3986
6006
11748
11135
20078
14091
23265
8330
7555
22638
32538
32257
31995
20393
24760
27252
19963
15076
8344
20829
9184
7828
13741
248
15049
4591
14239
23124
14165
4003
15544
18346
5038
16071
20225
27887
24006
18450
15528
18085
10976
2891
18341
10998
25683
18688
30877
24835
20874
5243
6407
17018
848
8690
6285
7014
1098
17662
25013
15436
29381
13134
25024
29299
26547
24477
18387
23171
20207
225
16212
16722
5321
6598
10647
1786
19646
5210
6842
14383
13703
17930
7629
20943
15958
28621
1078
25275
29020
3743
17492
32742
26510
4145
11107
16043
10665
16351
26272
10596
8819
32738
10157
25144
1604
8903
26678
26676
21446
31007
4309
12957
20985
26489
1843
5765
12154
6285
26481
10909
9988
8122
27846
7498
19767
8115
19817
12539
27544
18805
3505
21177
3290
18300
3706
32512
7772
26934
23244
26829
19186
8888
30903
5880
29416
13488
16769
27588
25924
4250
1284
19125
15948
19767
31825
20641
3912
16187
20377
21002
13193
2630
13134
5035
30378
15894
24709
29009
28694
21499
27807
26348
14282
8331
17448
12262
22621
3478
19711
28851
8765
12381
29623
7850
17467
4094
10302
6675
19786
12339
3516
11905
31619
13372
25022
28002
31853
11802
24212
5844
636
28158
7415
1210
21463
26113
14576
19471
13918
30229
15861
2171
23788
13372
7764
1572
14809
1272
14805
15815
23236
6146
14234
22279
12687
7486
14155
9477
28330
17903
7536
20784
20629
26152
32542
10335
3232
19075
28886
15901
13558
5652
15530
23107
16345
15520
17313
25805
5167
27915
3677
17382
16190
16
20731
24645
14260
16181
26171
17340
20970
6141
1505
1550
18793
3935
14939
31746
942
2423
22947
23733
28714
14716
1383
20788
10637
19954
30312
8778
15428
11552
5920
30871
13888
21957
12711
25314
25594
14343
13527
5809
24244
6828
21679
7958
20481
24716
2549
28107
3719
16966
13599
641
30724
20531
26740
7286
11407
20632
7535
10822
3873
20000
22884
27651
12115
27273
1381
31623
105
18845
32103
12041
400
10340
6817
2543
15204
29848
15669
12259
14005
30809
6418
3625
20619
28194
18969
12080
3943
4348
29567
27751
24012
31985
28274
29265
19966
29636
19455
19164
19210
23007
11827
25071
23302
32653
15488
14402
22170
2665
14179
14450
14784
4887
28484
25173
29127
19249
8862
16523
19614
16260
1887
23637
27983
2685
914
9130
27082
2782
22843
30088
30180
29365
18818
18569
16287
17039
29460
8118
24748
1257
28615
16799
2350
24039
30077
26028
18369
17225
32330
19374
4795
28826
15321
29113
30386
27562
23051
23606
3646
11583
21730
9268
9983
16904
26014
16383
14306
30674
19237
14836
3233
27390
29096
18835
19081
2099
15748
726
12928
22096
32102
4033
17478
7333
18355
10299
9979
14690
18215
15388
31458
15439
15036
903
30820
6590
11469
27002
88
2495
9595
1187
385
26514
23632
4726
22360
9570
11554
10364
1548
10288
21562
4078
30664
8205
13750
32642
7988
12428
13356
10117
9022
32119
23184
17450
30746
28609
23896
10786
2439
18108
14045
364
23125
18828
25349
8815
15652
11484
32287
18758
2670
207
19214
4955
30664
15161
25770
31543
29796
12816
7779
18072
11995
6685
22568
6852
10281
24055
18823
11038
30713
24882
2069
13815
9764
980
19728
17318
15732
31240
15939
23515
31661
19479
15914
9520
17102
4755
1879
8961
12180
17110
5908
1406
31040
8107
11082
16382
32410
8778
22433
22935
9270
28554
30185
11243
26614
11602
30137
1092
19920
19536
20309
23268
2513
6638
7637
5270
2914
11906
9348
649
19915
3013
17287
5214
4597
32647
8127
28800
25972
7841
496
26292
6852
27690
12578
28913
5843
238
19527
13937
6080
18203
26399
17672
22755
7742
28249
29877
14349
31598
5883
10615
16401
22983
23811
26465
15491
3867
21838
27889
15039
22755
22202
18334
7213
13692
16008
5808
7620
23952
21508
28756
30925
29138
3943
7408
234
12526
18428
7348
25430
18879
3458
11122
27502
7619
12498
13999
28785
1997
16321
31226
20612
31482
30792
13692
7417
3558
30434
13009
23504
17952
9270
3094
638
14299
9718
26947
3566
19942
22279
10171
23494
19934
2786
8226
10475
27810
8250
32367
22855
1799
9951
24642
27850
21197
7394
11639
17838
7122
1786
24315
9216
24966
26662
10206
31324
26783
23700
13482
32760
5390
23490
29940
9187
8241
26083
9008
17807
32586
8324
32458
22158
3632
9839
27762
18841
21060
3791
28855
29398
27047
28566
14551
15707
31402
24348
9685
23022
14214
14600
3533
19214
19022
10868
10117
29240
15649
18764
21572
611
12964
15095
15335
31693
687
11834
28465
5369
3911
11353
1123
13560
26061
1407
25100
25321
116
23647
11299
20156
15353
5404
1875
22331
21902
11110
9878
12618
1303
13287
22277
5229
1944
3293
32239
4236
11758
520
15656
28915
17342
26566
12707
20637
25260
29053
67
17330
1485
18233
9455
14926
29022
7830
14309
132
17078
23265
7504
32675
15481
30842
21276
9399
8975
18300
20745
4179
15700
14752
12030
29582
19857
18271
1441
15948
5804
12375
15652
703
16795
6896
15969
12845
14110
22335
14890
5875
16814
18731
31450
12234
2992
15822
29744
20553
19951
12318
1374
10923
16969
16588
8540
9939
11945
25964
20866
10893
7221
4823
18006
14103
3784
26317
27299
32736
20642
5343
11467
24207
9822
6796
29277
18503
32549
32427
27114
10281
29986
8201
12053
17179
12853
22354
29930
2248
3308
28725
10865
30184
29103
15811
19842
27586
27706
19992
24538
8431
25937
318
12911
3936
26798
1870
31489
931
1855
2520
26610
12641
10638
1157
9815
28972
26241
4347
3663
2935
12867
10753
27028
13542
31106
10724
2127
8137
31963
2073
6193
18147
146
6691
29119
21871
9351
23480
20461
20581
30821
543
9711
25849
8221
24284
1868
100
7315
21903
22068
5352
3222
26906
11283
12302
31254
9218
12390
17971
1937
24600
20942
22338
4559
12632
5474
20675
6607
30737
28746
20757
2817
24134
24458
12279
12726
17492
12827
28750
30164
24790
14656
32546
11726
6086
21271
25577
7635
19685
878
17928
30534
13660
3801
27543
27759
27811
19457
5476
11376
20642
7999
23611
23418
26902
21610
29541
23360
24119
19181
29807
30636
17048
10268
6189
19409
13390
968
253
29474
6484
17168
31312
23265
31534
5499
20839
18394
17869
18500
11099
25680
28083
25589
31840
27192
16727
18487
1098
15781
27083
14825
29777
2948
24220
5999
8721
16521
20730
10061
27605
27753
21016
13556
12820
25930
14550
28635
2620
16247
2718
16594
3759
27993
27531
2452
28683
7075
22993
667
11183
7628
14425
11064
2939
32450
27819
32738
21206
2525
5137
27343
15606
24593
5113
8897
12380
28009
2460
27683
19357
21168
23773
28756
12136
6001
31348
8003
10693
14371
31051
20284
9883
25757
12072
3841
2421
720
30861
24093
21637
18868
14301
16245
16618
2179
20415
23072
11310
28198
7367
7288
32531
25836
12884
5489
29071
22146
24244
30762
20501
27680
14991
32194
9750
7936
18306
6509
29128
11540
25098
12999
17702
17912
2724
23144
30776
1062
18994
11448
20628
1641
13729
22276
16933
15764
21705
29394
11563
17011
28820
11122
15747
18434
3171
25046
20265
32221
3757
17060
31739
30456
23785
648
14015
26768
28335
13519
5992
21857
7194
28722
15509
31002
11120
13807
26203
2062
25093
20255
11844
5932
7260
5187
151
16433
12688
21280
15066
22044
9714
18125
5014
15842
28916
22026
12122
16228
23110
3027
1794
25246
12862
32309
825
11553
27005
5985
28989
21443
19408
29951
13539
13461
25172
20932
23514
11541
16606
11591
30259
8357
17049
9744
22561
17212
31217
14834
10494
31836
22448
24732
25487
30276
19815
13418
11145
11622
28432
7553
7252
5147
22513
13082
29966
7830
22212
18206
17875
19222
9492
20468
572
31328
11754
9366
7461
11373
10153
16107
4532
30048
1335
30801
32151
16059
605
29816
12428
10449
20337
11895
21799
8319
8242
23577
5840
32023
8691
7032
26891
15005
7420
7886
21500
9270
17709
19079
27178
733
32228
31131
19331
9304
5409
23578
22944
20074
14824
9225
331
29259
12775
29804
15678
13397
4697
18084
13870
7168
42
14843
9224
16
15196
382
21627
781
31145
25611
31414
13300
21610
682
11379
10028
19895
22816
12340
7099
12496
11458
204
186
20923
23944
10786
28422
28719
19810
25394
27449
16817
20943
2388
985
26365
25515
24769
8143
20647
328
15955
4378
22274
30401
32396
16324
2369
139
28122
277
30684
31821
1561
28424
32310
7154
9562
21499
20348
20220
8675
32426
19152
22043
24439
4702
23207
13566
18903
10082
25455
30313
22664
20407
1398
30344
32727
21512
13831
10115
13083
15584
29654
1106
23610
31771
6813
9683
27758
19099
6664
11801
27209
3644
5071
32263
8439
23561
9505
26910
21700
27312
24393
23444
8413
2355
13196
9894
25179
28129
22096
26415
21629
29061
23940
14968
16949
2781
7739
13650
28903
7757
3482
20834
10349
30165
10485
17597
31838
30017
10549
30645
14992
24223
1405
3314
8923
15094
2317
12228
19488
15157
102
7351
23178
9578
16814
6248
27412
8756
5207
18584
22604
32379
15356
9087
15446
13662
10891
26978
21555
22125
7593
23656
10308
7193
11090
10922
7689
18024
448
16009
22319
3566
24207
26948
458
17144
286
7114
32223
27914
7224
8652
31781
32396
2804
4887
31244
28864
19673
28449
16127
23543
3398
5857
16102
24581
14865
6372
1520
28914
28015
926
4495
23538
12052
12798
15044
6295
20635
17989
5532
14918
26919
18199
27131
5608
13387
4818
10648
28641
22567
7456
1865
17990
22228
10952
4993
2890
12035
32714
534
25594
28640
13226
32072
16171
17469
8204
10752
22704
14572
7553
16725
31952
17004
673
25428
8183
17865
6490
1793
7851
10429
32391
11161
14786
11547
8132
12058
8914
7021
19329
28165
11498
220
1878
4195
30079
1105
8342
10246
6569
5850
11047
1041
19344
847
25233
23995
23584
8501
8532
16975
3333
12002
25215
24183
16083
5858
382
3771
20356
9370
11316
22853
15656
27691
15178
13543
24792
27034
25798
16735
21996
6957
31967
21721
24942
6936
14607
693
28110
31832
10603
32651
28374
28384
23600
1644
16865
28403
24478
9067
24136
977
5641
1884
27166
20885
4141
18652
1821
606
25026
13970
27615
19117
9296
7860
7506
3342
7237
12236
23654
24827
13381
22204
7176
253
17089
15871
4948
25620
19915
21043
16390
1625
16680
28628
27954
9442
19111
7755
4662
28902
20658
31783
7660
32289
14115
16554
548
28794
26201
30343
4945
11492
18570
21482
4226
4482
12634
21433
26516
30990
25517
29721
2470
3451
10682
15925
25550
11737
13154
31547
20490
27514
11967
15014
4730
25171
20223
3523
14028
28836
13683
7278
25079
4572
28899
30493
27692
24759
1829
18977
22281
1193
15597
22056
29713
3711
4071
20997
20313
2116
5891
6580
12931
15457
15633
20120
21488
30729
2445
19720
1586
19668
27580
6922
31680
5546
15352
13406
29422
17123
26439
22463
24092
12716
31027
14693
23597
4781
30678
16078
5435
9193
17973
10174
20360
16869
207
18565
20664
5132
2165
14720
24382
22610
12123
8162
30741
4632
15472
29620
3248
8271
14571
26395
23859
32481
15398
21210
17123
14156
10672
19479
32475
17552
5534
18274
24834
28236
17185
27891
23353
24356
29022
563
21721
31333
27257
3199
21084
13548
2291
4392
17754
30020
10039
5822
6328
16142
11631
19342
19740
11686
12700
30057
14755
515
24038
3751
17623
18399
4400
13420
10715
22040
28144
18986
7657
11863
19262
30311
27135
32751
15403
23745
19668
21000
8531
14639
14609
6396
30902
16521
17342
15105
24515
27211
22266
18441
31670
1942
31984
26854
15396
19319
22278
18866
11220
10348
5463
878
17361
10020
612
18665
29885
6791
30470
23267
23144
21750
19112
1907
19874
17108
5042
14502
18509
3653
19528
22121
20406
12341
12085
32681
22821
4765
24866
24248
23730
10241
14860
7411
2651
7230
17141
14754
21844
642
15321
18463
18846
9372
15843
22843
24539
22390
19937
5085
17249
30943
29430
16620
16013
31374
9614
20079
16729
7780
10903
3571
13873
18418
12015
12845
6403
1851
14104
20449
1174
16571
14131
26115
10780
5800
26412
12571
26378
30583
10034
19950
27943
30114
2154
28506
12515
19625
19940
11138
4587
14167
31182
9259
29178
31558
15079
3686
11762
19877
20023
23920
11563
30009
10494
5334
31499
19874
32490
1500
7895
4064
30860
31776
9672
1045
11789
7547
4962
140
14877
296
11265
23035
31021
16936
19893
10501
18654
4324
19279
2307
23481
2069
32188
13316
29984
18657
32658
8210
8580
8774
18153
440
16089
18364
4460
22465
26951
23318
22192
25665
8227
19882
13508
14042
14109
23729
2825
11320
26555
11505
14147
1758
5894
18841
10481
1317
9091
2668
16090
6273
20324
9505
8937
8711
6912
28170
6202
22572
9089
3061
28533
14800
23004
9040
5467
12923
9735
15504
28574
21478
19046
27091
31734
18621
7046
28611
25969
25763
24589
30142
1035
30071
27889
309
31358
14805
20969
16466
26203
8416
10785
26590
22106
14143
25906
10337
31470
25958
7249
32395
17693
25367
18374
25298
26511
1064
26785
7261
28133
17030
31400
15137
24140
10618
17043
32074
6481
1579
19580
9180
27639
357
11921
31386
2054
1688
25612
5927
22183
7204
21605
4971
22830
4307
23237
18232
3127
8871
25023
17709
244
727
26427
7899
8389
23316
31922
13351
20233
14352
6049
4591
23861
32065
17975
9201
1315
17891
7249
15848
23980
22332
27817
16375
32120
2083
8778
23115
16405
16835
20040
13309
24903
32157
15789
31029
25247
25804
11190
5269
28495
29837
25664
6101
12861
19454
27261
6058
21078
1830
30699
32493
2341
19254
26503
7417
1956
26638
24894
29525
7506
13059
22948
1683
21893
32480
14824
13943
32514
21802
17416
24924
20939
21673
1857
22228
10040
22819
30922
23951
30793
20587
1217
20606
5691
24731
11110
5943
20825
17309
32391
32156
533
31728
4923
11959
10327
18088
15315
22249
5397
28343
7694
12612
21028
25964
31116
1077
15438
17465
12933
20838
932
7097
29883
15586
1557
13297
685
28539
14400
8663
1294
30825
4231
22032
28277
29235
10341
2302
18262
28371
2049
10234
30257
28437
20483
10206
22537
26944
13734
24775
15640
8952
1294
22297
7617
25187
7645
5571
7110
14987
7681
32196
9147
30467
11983
12014
17083
27342
10326
28137
1113
9852
32493
11132
27865
22934
12047
4360
25505
25404
7017
13909
8682
22029
4400
25745
31163
29511
26296
2710
2328
24879
26691
18028
11639
8372
1815
10255
19315
1615
32467
4466
16068
14893
25858
22467
1647
912
22257
2545
314
25459
14782
108
20067
17005
16562
6700
9873
13783
11728
19188
16651
8241
174
24280
6440
12482
1924
5885
10247
1663
1667
928
26239
31278
26984
16217
11097
21451
13136
28577
14781
28459
8398
11923
5099
5087
12347
16879
26156
1115
1101
17252
7687
2136
21739
7695
439
30326
25152
1343
23517
294
7695
18555
3955
19143
32582
10438
10241
1295
13269
4897
14867
8109
9408
25682
10218
18988
115
6628
7794
19739
16215
5231
24180
32363
22178
20249
9741
21784
3443
12381
20063
24588
10270
22539
29062
9280
24004
3728
11469
9764
19496
14712
21282
8769
23997
31025
9160
14620
22020
21522
22860
4702
30740
4763
9402
15155
31610
12543
26896
17392
17220
2527
19187
24824
2905
7769
26785
4832
12
8001
20007
6609
29680
7086
31188
14382
10221
30905
1261
2167
22931
5761
17570
27246
2991
18035
30529
19320
15644
30408
20906
20037
476
14158
259
5555
12903
31596
29869
14064
9539
15712
1142
5855
9941
26316
18192
14014
9079
8817
11458
13317
14283
31546
12893
32657
6990
27772
16498
4097
6448
18300
2754
4961
2915
4658
1014
25606
3058
17228
14736
17592
20628
32630
11298
10263
25729
15321
30653
1847
13444
27105
24749
2958
8529
4164
6243
4112
3098
30016
20147
15768
4445
15908
25408
18058
26112
10257
19252
1462
2719
15874
32564
1152
18725
12298
1427
11326
12441
12253
27845
9954
827
30354
18967
13017
19152
22439
4254
28211
1850
1350
21613
23811
11083
27078
19979
12041
23515
14965
12837
2190
9496
10133
12671
21136
6686
19876
13616
22047
4808
19425
11023
9991
31685
9227
30313
8623
27886
18284
22773
65
31190
29974
26633
19211
28835
19821
25101
10278
31517
16101
30769
20053
22021
12301
24667
7983
4776
2765
17251
11393
5812
3307
23427
11502
20041
468
22281
9176
17491
18842
21327
16516
5400
20793
1005
14456
28429
24606
23085
8488
5614
24298
16576
3282
7181
31603
16303
28327
17899
19979
7316
2603
19461
25606
19209
29150
28400
21366
16737
22812
4520
15417
1430
15682
20006
23094
1667
10770
14384
3299
5459
7513
17013
30731
4922
19918
31193
8654
10083
22846
2830
12777
4393
7654
18020
13879
27273
17185
5602
4216
28375
13635
6549
29010
6577
6340
24104
1173
12850
30881
25013
12995
5735
13311
23259
7120
23303
28433
30225
12070
4958
2877
32057
1260
21899
27258
7545
23688
20203
509
16198
25698
31957
20
9409
12011
23944
2386
16967
30943
11617
20716
1347
9415
1106
4195
32071
4033
26511
8803
7004
9091
9098
17644
31638
18846
546
18095
27883
9216
12567
9147
11076
11965
27842
21848
32725
12047
17155
22835
15274
5019
634
13244
16515
10741
10746
29133
3042
19815
27706
28044
30818
29422
7118
23186
10570
13958
4950
23885
21602
19879
28150
12706
24070
784
9222
9431
31608
8131
24586
26289
20347
25937
8164
30169
13597
32087
30280
11140
11476
585
113
10835
8140
1390
25618
13432
28032
13868
27024
11547
30600
3718
1646
18684
8113
10467
27657
12889
27731
8977
28293
9234
18143
12937
22535
16395
2232
19957
31780
9426
19012
4079
8090
1666
10306
14092
2110
20199
29534
26393
18742
2274
32258
4004
8040
6927
31856
7103
29234
5542
11022
20224
19548
6047
12032
29644
24907
3866
25852
16085
29303
22781
4698
3042
10527
991
11371
22479
14395
14885
10764
7124
23218
5994
4987
28170
461
27941
17513
2858
18411
14981
5200
11672
31607
23456
22790
21921
22040
13261
30611
26369
13351
22350
30528
16297
24678
30771
19184
11199
18415
6778
17587
23269
10858
21371
26521
15038
6787
6276
3012
23214
25244
24768
2241
15586
8638
7773
23065
14481
13526
21229
29218
20865
16414
17165
12059
10444
27865
3397
9848
27364
12099
10288
14971
24277
10440
3037
11780
31434
31348
2676
10922
8659
7083
7197
27914
28389
2330
8733
2911
12579
24557
25922
2644
32091
14658
21378
13334
30932
23006
16607
26028
16711
2591
12174
18059
5675
10802
25431
7781
10037
22150
17471
15683
11296
12417
21605
10707
10666
8049
15658
2563
2015
7621
14228
31182
23961
26237
21493
17494
5448
5855
25799
13108
20207
6252
4315
26636
9071
26386
20659
29796
11528
1955
23340
9142
31005
17030
17759
11203
18231
30381
22986
14123
14669
6342
27307
32315
22851
12982
9133
25094
6064
30531
7878
15799
10212
15888
16480
25125
23850
31695
7863
28584
27978
2738
30850
556
15442
22306
32469
25475
5526
17588
30278
14336
30198
24409
29519
22849
19295
11477
13811
21324
19861
12914
26788
14302
21551
757
18021
15359
19939
26833
27692
21466
15619
155
22922
16588
23880
22462
25741
17851
22223
25456
9446
30121
8801
25572
6727
20616
759
1985
4623
8784
14461
25556
4137
22608
20439
4865
16177
16577
13346
4736
11225
26785
25916
11846
20364
3007
30598
4544
11857
19218
16616
20679
3057
7502
22294
31953
31836
11705
17170
6756
21321
7483
3571
2769
14109
22965
2788
15902
23310
32660
623
16708
9352
31142
8956
31899
16335
21292
23188
13970
26599
28720
32235
11939
26033
8217
24734
25734
2646
15996
17081
24485
10472
22069
14204
2769
21319
31415
26975
30771
24130
19360
24403
8581
28927
22161
10059
30850
9117
19260
2555
23450
28951
13758
11231
17131
108
13104
16256
14701
2301
21624
11507
30316
22070
9061
21154
11068
11888
32252
17231
22824
8470
15372
9557
17323
7
21257
5937
21219
2108
27670
15682
31298
32171
8292
23757
30599
15979
20411
10308
32236
4376
17750
8392
8609
12921
7924
12524
6010
26208
10796
25788
7397
4050
11265
25342
7198
5224
18102
2999
24742
3829
29156
24561
28657
5481
14537
5820
23134
5622
13027
883
6253
3953
27325
12608
18477
10490
9994
22498
24307
27871
18928
3502
9041
10942
15014
23252
838
17642
3393
4580
6835
27920
23755
4497
32270
5147
2966
21428
7514
4436
24015
28052
21335
17614
8790
25956
29942
14593
24013
269
29967
1973
11248
29230
28758
1570
19236
865
13708
31829
1618
10945
7666
27605
28917
9641
18947
10631
10610
446
5730
20175
5545
14127
23826
17912
19913
14395
22245
30166
10600
6644
12599
20649
8915
14915
11227
19013
1186
1837
21334
31088
5520
19284
11083
26764
13962
9153
23863
22902
9990
736
16223
173
25494
25804
18438
31671
21181
6349
16610
1728
13313
17440
20177
13701
1345
502
8649
13168
21065
17598
24845
20228
8868
23719
10151
21628
31153
18273
9490
31663
7418
11556
13879
27959
5312
12020
2715
8914
6875
27171
10710
9992
27585
21783
27975
30735
11748
22862
16902
4587
25409
20126
18202
25561
6453
15298
7148
13550
19091
18
29436
15356
10229
19090
15571
28341
14927
558
32569
19475
5066
836
11431
9719
719
22115
4095
11792
31585
17491
8315
18942
10929
27477
20963
29367
26860
14763
13572
9002
32088
29019
31837
6691
26783
6449
14619
29551
10603
32515
25672
23616
12082
12088
2111
26323
28500
1419
7779
16719
20579
15117
29968
21489
24513
5481
12754
2662
1393
7020
17365
19576
10791
29381
23197
27117
929
19209
13559
32172
31546
31226
23600
3106
25277
11528
8068
24804
27511
21528
25561
28566
5008
10629
7086
15371
32155
31588
31566
3501
26219
6669
15689
29216
11560
4055
2852
21282
8611
1570
24144
9142
3303
31643
27993
26753
10257
12219
31072
8052
30049
26513
4043
19115
12176
28610
5179
8853
17252
32718
9918
13142
1923
25236
14919
26985
9861
2073
28507
20874
28492
25733
1804
4051
32664
16494
555
21029
31958
24153
16570
16841
20281
6526
13728
14423
4876
25036
672
15319
13383
14637
4236
1575
26720
5643
30646
7069
31331
20243
19624
13548
7493
29753
9493
76
14454
14588
26895
32213
25269
21483
17529
31532
32552
30568
19648
29282
12460
18348
11974
20505
5994
29195
31007
25833
3243
18809
22144
1538
20717
3150
19572
8466
24629
14150
21073
18281
24744
2508
21611
29787
24405
8056
30599
4837
20310
17110
12435
1684
32535
23913
1172
15267
30709
10479
1247
611
31755
1511
23436
14816
5704
6993
31784
3522
28869
9141
19626
19313
25942
2918
23208
4733
31840
17416
28875
25660
19946
29008
8321
22197
30966
21259
5105
28348
9489
4194
15412
25951
16937
18524
12226
23681
31391
2980
19754
18117
2973
9101
30215
1710
30634
19027
30255
2308
18299
14500
27437
24185
19724
11358
16370
6284
7408
19611
4295
28078
12774
3819
2950
26787
28332
480
8202
10028
29208
8400
5348
27619
29028
5334
21583
1894
3274
1818
1383
23735
21072
26706
17813
1251
25318
20873
5710
21986
28078
25119
21245
20671
30107
16146
17213
15097
5437
6011
7500
26408
13531
21084
3260
28899
26307
18840
4460
28642
24030
13891
19127
26208
12935
12828
747
28355
27037
29272
3837
27775
29143
8098
22139
17464
2904
28511
6081
24359
19844
25142
15472
32190
16145
19408
21020
7567
13409
2012
31557
30314
26639
87
27785
21189
456
26890
18967
18273
32604
21588
31079
3627
13332
1321
15145
2145
21063
8795
8571
11253
13096
12056
13918
24630
20706
27829
26219
3501
9959
2473
962
25925
27780
16861
30020
8880
23994
21539
26114
19973
1609
28931
2292
16558
17165
1726
17647
29057
28045
3725
23761
19501
26066
16170
26623
6104
28277
18577
12049
12550
3836
32008
16587
6845
28775
2909
21327
10983
26629
11887
17810
22007
9356
30191
21773
24015
12649
3176
23477
26593
17493
7805
10796
16021
2345
18291
21049
16875
24563
9967
30070
19298
16713
1024
27720
2328
15581
8543
22804
5170
18002
9974
31664
18046
17486
17568
22808
4951
5585
29232
2915
26570
453
28852
19957
22007
17622
28923
6645
4025
12675
852
26370
29833
5749
13465
25633
13983
24336
31852
15610
23387
8777
24769
16197
6884
5047
29341
29823
25359
2796
2076
993
386
5381
22457
28818
14617
17536
22730
2076
18056
13134
3402
5405
6210
27433
6363
10815
15770
10280
18699
6505
20776
10641
29399
27447
25199
1262
18798
27304
8892
12131
4663
6423
22865
12606
23060
7789
25283
14288
4073
2452
16289
31100
10328
29999
30294
8205
11983
25736
19537
11596
26565
27849
6755
3539
26688
32368
16488
19996
18075
25341
31785
9693
18566
17133
10113
19864
12878
18412
8639
21101
7007
12103
26700
23604
27655
24736
8846
6600
26748
23781
9483
18341
27937
6531
12242
1206
16389
7126
27671
26984
7084
26852
27933
5379
22291
7500
14425
9530
20206
16761
6356
19457
29748
11803
16849
30622
9181
5336
1200
16643
11243
318
7698
5211
8615
26109
24126
18403
27949
2643
12483
5371
11818
27591
18271
10109
24037
26650
27680
14157
21116
17275
16073
24625
1904
24314
24951
11235
20324
13119
22660
613
21282
25468
8620
29845
479
31904
18030
5377
22208
13518
28085
21244
6045
16141
12472
3058
28932
1857
14111
18168
4993
27226
24167
20135
13852
16075
28807
7467
8740
16701
11732
20119
11307
14725
11810
3451
15954
27604
23852
11705
22471
10798
5686
27028
9611
6686
8944
29962
6265
679
8606
23396
7300
13949
5750
23307
21824
28278
11337
13213
932
10299
26726
6720
30990
23875
21948
18487
15239
9730
27454
22451
16200
7517
12684
25323
22910
6242
27599
6510
20555
1590
18404
16312
11277
3150
22974
19716
11746
13026
26117
7010
3948
13727
16387
24073
28625
19613
16065
20974
4614
400
3437
23702
20558
25922
23295
3368
26877
14657
11549
13254
2178
25044
23099
797
13476
13364
28422
28731
32012
29945
771
17569
5380
6867
16499
5786
14974
10618
9083
7115
3672
14568
13441
2570
16862
31941
16857
31348
15761
24611
23713
697
9511
2411
7401
30907
23762
23191
28952
5208
29637
16802
31882
25475
6133
27965
18814
17562
30492
14788
21040
23283
12548
27248
9538
12729
16130
718
10592
246
29888
21616
17444
18672
32320
5346
26679
14265
32542
4063
20154
3330
14102
18885
24548
28720
20421
9799
3820
27826
14260
26466
11561
2193
11922
6290
30840
10568
26305
14917
26846
15063
24597
16784
366
19731
24536
16417
10349
6976
10769
18549
19125
12769
24581
25163
20055
9935
10239
9048
6276
6025
589
16444
10926
25035
28555
10677
6890
19042
19492
2578
27545
1598
1301
14059
1607
22985
2548
27408
24019
17015
8241
23743
31696
24222
31645
1050
32044
1929
16424
9687
16911
20936
20719
30266
21766
26569
4214
26688
19809
29357
30257
32030
12506
1364
7498
10217
6263
15802
12446
6551
7345
4231
22537
2342
19669
29409
2787
19483
13739
22149
27594
21294
15190
11286
4514
24388
19067
24500
25051
669
9381
977
24562
16975
19432
7744
5691
27635
20933
19343
31709
29598
3406
11415
31774
28179
31882
21073
737
31542
21787
7148
12908
13508
2078
15132
9839
30018
15699
21172
26690
2867
2430
25463
30831
11406
25613
31531
4464
15983
8186
23024
1978
17677
27635
464
27386
4076
7609
25751
19614
30292
19654
9189
20375
14337
50
6017
25949
22044
29655
3568
23604
30826
14516
31559
8879
12996
13455
2621
25714
16071
17630
17284
25659
32204
2280
16218
14116
22298
5928
5467
17698
18011
8690
32409
13010
11853
20313
24046
6261
17338
18511
8849
10808
9386
17166
14568
13754
28631
3255
32157
6344
28769
22073
26356
5483
12739
18549
22620
10020
4102
9120
21572
15734
6197
28136
47
32677
19728
30042
12043
32190
9220
10499
26046
29399
20059
3413
3587
31896
8881
20429
19316
27642
15015
15827
9959
4943
6363
8930
1022
13699
27415
20968
5370
31393
15560
24048
16592
3480
11698
17918
12159
18240
227
6202
28832
2712
6117
20561
28735
13906
11832
29977
11753
20369
26879
14708
27142
18929
3834
9334
15722
4296
31924
1226
20262
13739
10494
13137
7332
26676
19867
26893
2035
6915
2109
11326
8287
31235
1969
6346
22853
5614
6486
2018
8997
26900
10963
23267
6905
6488
5129
28026
17349
7035
15687
29452
32368
7069
30141
17237
13266
20224
3636
23119
25870
4880
3068
3925
5666
32160
2085
18312
18108
17015
3826
10098
27984
4619
5002
2025
10343
21900
19441
12854
6714
27684
2359
10103
8831
19838
24559
30530
27267
13701
13539
27019
30585
15726
518
32712
14097
1528
26538
4434
14925
22258
24051
1807
4753
22526
6796
31310
1273
18070
32408
15090
2030
19788
8428
211
16124
24662
18555
19553
26846
17225
27409
14987
29659
7205
1093
20447
11350
14226
22697
32498
14752
25193
31043
28162
23824
31862
6977
16346
10070
10365
6120
25590
6156
15738
10446
12776
23438
23853
13385
21498
6924
21462
15911
17685
4829
9534
20639
26081
25366
27382
29064
27950
20060
26595
30665
14227
23286
29947
21777
14932
2598
11081
10184
7561
6586
28471
10565
16765
990
16652
19521
13141
12596
30388
8075
21746
4391
17088
18686
15384
3196
11437
11441
3279
1577
24169
5229
21257
24171
27411
27492
8070
11283
29442
25119
27637
8224
18698
3769
2652
18323
31994
23883
9145
8063
28521
25767
2538
12128
21171
29513
24778
7597
15678
26762
25245
29361
12546
11799
17326
32150
15432
26018
31030
4035
6065
7895
26496
616
25979
10642
15179
14934
30208
22607
29296
7701
13695
18146
22468
12848
10015
31080
30272
20436
4401
26493
18271
10649
16054
18351
8392
4768
31265
12083
9517
15326
9566
22999
15475
23479
4882
11832
22291
29647
1317
21045
192
10525
29822
25507
1610
25153
1549
10562
12994
8215
20751
20464
26591
17548
23181
2077
5536
15280
27174
6015
21811
15117
7183
13063
11030
2872
21592
13587
13436
4005
30577
997
17394
191
3052
15444
12610
3128
10628
29889
24727
20382
22879
11341
17635
24880
19344
14921
24958
23279
1504
20975
3856
7160
28622
28239
1968
13328
24532
14987
32333
11649
3564
19015
17741
10533
3923
13916
18549
192
16269
29132
24073
25490
15017
27387
13108
8493
19654
19740
22441
5765
31446
30185
11403
28998
2210
29591
14987
15722
8207
7945
13136
28938
32159
9796
8731
27252
17978
6947
4011
5247
27183
23115
7518
9499
14710
24162
23450
10796
3384
21372
24427
22681
10896
32470
23405
20895
17044
20167
16365
21100
13199
9971
9803
489
28561
15554
2978
20695
11306
6161
7851
8221
16242
3111
9439
8544
20044
15594
15068
9685
12268
1106
29706
20307
10903
19487
7550
22445
28074
12231
10271
25150
27870
31411
32263
3013
202
22186
18220
11380
28842
16014
24895
67
18782
2374
3796
10634
9654
8443
8644
16847
19436
14983
9423
27868
17522
8490
18566
8725
19950
27263
5993
8201
21124
9903
13644
15943
16979
24805
11775
4467
30530
1026
5933
5529
1532
30609
2437
21184
8249
2301
13592
12227
27712
29953
5378
26460
30121
9569
1613
21378
7016
30424
17938
757
7943
6993
6881
19735
14643
27738
11619
22525
22394
16853
21566
17606
26451
8432
22329
30251
21087
22360
28065
9560
4078
22186
31723
14586
28613
25643
21658
4762
543
28856
100
17961
16625
11520
20880
28636
24178
11760
18082
7226
23771
13679
58
30323
21355
29516
20026
12531
1199
21108
6183
23607
10752
9833
9426
8159
6221
19695
1335
2565
8731
6153
9893
26830
23241
5155
20511
25150
7961
32401
3843
15953
1772
56
22249
5959
9293
139
22734
25663
13233
9402
21874
4615
8573
20261
28414
7731
2249
13079
15850
26732
3940
20657
11550
11787
17176
27940
24919
25575
23599
23332
12237
25194
2357
10137
26643
6123
10240
32407
30014
13623
4078
23696
6729
2161
20846
24520
19896
31261
3778
19978
30844
24695
20995
8858
7191
7433
1125
14442
9216
14460
27324
25744
26185
28847
19263
5368
6015
27910
8332
18262
13778
3333
32237
27743
12149
1309
2266
2873
18504
15813
11199
14640
693
10445
26111
14762
4055
239
23864
23133
2786
10152
5065
24511
959
5446
26769
5566
7414
3905
17402
22706
16593
6350
5686
10896
12735
20914
2761
10336
31222
14164
5448
29681
32348
31767
15200
26059
14504
26854
16409
7013
23748
32017
5212
13720
28022
16471
12468
23380
1088
31556
15441
21650
20613
18877
9554
20873
4588
15321
3652
12837
4618
30962
13541
25013
24891
6396
13870
6884
23248
10262
21393
10218
13424
2143
7552
29443
7352
9739
10030
31520
11557
12726
10137
221
13108
21751
11208
32692
5319
5433
15953
18288
21451
22726
10271
18916
29976
16933
11890
28892
20120
21926
29223
4180
172
7483
21562
18664
7883
16009
905
28300
19309
14143
6107
18301
19239
13223
24096
14200
21271
13179
14843
11049
5762
28921
16509
22502
22460
15929
28724
9117
72
19647
10852
18699
1089
4941
20884
3119
5368
17914
12620
4863
26335
5256
4894
13913
3750
8947
9443
24380
14755
28742
5191
17464
17783
8114
904
6947
31471
22497
15226
4878
28712
11400
16079
10871
22007
17980
8853
13761
13447
15494
20480
10721
23364
22073
4970
32601
2040
9219
7320
16746
2356
10563
21567
7557
24562
1818
10950
1796
9336
24005
17486
17175
12928
22570
9712
28929
24725
5552
18501
25220
18112
26196
13100
22681
22628
3322
1735
30821
21863
31744
5575
3177
22162
16409
29930
26105
31035
3417
9153
29423
28193
8844
12983
23456
28567
30412
2639
15631
25317
25939
14253
21345
10475
19341
25176
10385
25095
19825
20286
7013
10553
13330
5369
21153
2693
6769
25936
28794
14489
23702
4097
6733
17840
31967
8894
10385
25526
29591
19061
4875
28589
7370
22996
27968
19535
14424
6413
1840
20469
12361
17110
1601
18871
6496
21172
2682
25045
8691
2170
13297
22870
25338
17676
7303
27886
18277
9321
6610
24357
32179
30953
23387
28086
10176
3011
14602
13877
15582
18129
17886
19957
21032
11160
31457
4393
15635
15235
3676
27977
17478
13679
19271
10936
21164
19564
32003
31139
24775
15298
17228
17964
2119
23603
25193
6088
30171
7808
25509
32741
11591
3887
6659
23505
21431
18314
24366
28119
29778
28651
7343
4523
29459
14135
30050
4104
8660
25513
9003
21911
11180
24785
23781
4371
19067
28380
22683
31915
31427
22293
15867
22183
8634
18860
7431
19791
22941
18614
15630
25096
22598
17526
22491
1985
9217
19675
5420
141
2716
31817
23142
16017
3773
32669
17030
19489
16248
24427
21083
32550
11809
28297
15603
31683
30303
466
19539
19000
3202
21796
17002
1030
17943
16811
17992
23636
20665
10594
12684
1937
2858
15318
21019
18011
29858
30766
29720
6047
9830
4200
18448
22018
2973
4581
31092
17536
19295
30504
2381
20051
6416
1755
16683
32279
24300
9234
21086
28715
30434
29652
30057
17498
26022
31704
7604
21179
19458
7820
5505
10197
621
6235
5665
3079
4830
25136
12392
6696
1250
7478
6494
10602
12269
27619
12087
3716
2029
23604
19078
30736
6181
18234
12205
27185
8249
18901
13464
7546
1925
15040
28331
17675
6835
16845
31992
32765
18317
29810
17078
31233
19215
7045
9710
32579
1473
1604
9848
1941
27204
3736
24870
31945
14890
12955
21311
16478
1291
26455
29231
13408
7636
2257
27516
19337
31331
2886
8444
25772
12625
20916
13638
30036
2575
19868
15462
18344
21301
19462
25813
20369
29462
5063
11432
23327
26264
14591
30471
8745
8771
18917
5601
31028
2455
14535
7134
11158
28835
10060
2709
16604
23507
30461
12544
12648
29194
17155
20012
20063
21744
10034
19509
24770
21390
30791
10098
17370
11032
20846
21997
32474
18953
6920
17174
8640
18805
28330
13240
27004
4251
31849
9771
28500
22203
21845
716
26503
30503
16195
12458
13104
19355
30160
25218
18798
209
31906
12270
15298
6481
26353
20185
22968
4743
14406
310
14282
24599
17027
2801
7553
12661
9508
17446
7901
13744
20932
7058
25847
20878
14819
7495
27109
31710
2534
20899
11230
13322
5471
2178
7070
18156
22671
25779
18956
21986
13098
15273
6427
21541
16473
7539
29678
28246
28677
6383
21055
4186
17747
4154
2817
32104
24171
12650
14916
11872
10622
26496
15962
27231
27399
22424
4152
19856
31057
15971
31518
12869
20793
16855
30587
12358
26677
2853
11531
9832
24469
15596
24642
610
32009
6572
20205
15069
3172
28285
16407
12234
3743
5633
19241
25848
23073
10135
6742
19174
4157
9937
11318
2518
3069
18217
22705
802
11806
6127
7455
31955
10843
11398
29613
11120
14831
5328
14851
3604
22357
14823
27428
20675
26450
29454
12437
10494
29493
26343
3777
24725
22622
3302
12444
701
4349
25349
5767
24418
31260
11193
11380
22719
15072
18469
2890
12075
12555
654
27019
16182
1734
23824
32564
26100
21918
14479
24804
32665
31436
26608
5697
13382
185
904
28567
1827
16833
4308
24259
23470
10295
21099
22352
25939
12202
21554
31199
13628
2919
1999
3788
23146
5695
1376
5134
18437
28555
17516
25183
30192
26989
24857
11678
28577
11352
16800
25713
17712
13266
12287
13102
4781
2168
15342
11772
4535
23363
30995
26165
26954
26123
28025
28431
12249
13641
17471
5500
21405
16161
6285
20302
23852
27552
27852
9631
16461
29250
8727
7792
12043
12471
1004
27024
8968
24294
15400
21696
4372
17459
17202
19220
31486
20989
8310
25500
21418
18283
3861
17220
26980
17001
23258
22009
19060
25069
2417
8973
22515
23935
9171
16605
31453
13816
13317
11185
12135
25482
19202
995
23186
9472
8950
30532
7680
21575
12716
22971
7686
25646
16202
12591
28164
27498
21820
14503
5873
24797
6510
7856
27706
27928
27070
768
8909
29982
19377
30552
24176
17002
1124
1967
10584
27700
27846
3468
2551
26097
22021
21172
11029
22297
4678
18181
18978
8236
30105
19874
24523
12535
25388
25936
14027
5140
15039
12320
25860
21424
14935
7759
23246
7056
10295
16490
31887
15446
22796
1205
31372
29697
26216
25550
23294
8116
10609
16526
27241
15032
19931
32560
1577
20163
4371
6069
30029
14715
445
10118
17321
27446
21345
18012
21287
772
6753
8797
5982
27631
1071
10120
12134
24449
24508
13906
20970
29063
2612
11665
16254
2325
5096
19354
12083
27338
12684
10918
26985
14421
19874
23675
1253
2360
20022
26952
31268
204
25292
13776
238
1414
28311
5322
27694
32120
25323
1928
30720
13339
7669
29144
15884
19787
8618
17704
17427
27027
14077
26349
22727
24491
20821
22085
13024
12095
17982
21722
1644
4338
11614
5898
1126
18339
31916
16198
30859
5871
13532
10424
31081
759
12829
17705
24249
15715
29959
4641
29166
25511
30671
26960
3342
29316
25534
12332
7105
4818
15073
10972
12968
9086
18945
30293
12527
9423
30421
28099
8230
26861
15991
32554
17996
11683
30741
13133
7725
868
12265
27855
10735
9612
11883
8856
21479
10217
32709
6522
20913
7546
3975
24852
15743
7286
11420
6135
22961
17296
2429
15112
12966
9338
3236
1062
4818
14248
1348
7180
32017
15702
6199
9080
8507
12236
31031
22413
32505
10977
17490
21877
10967
27838
2968
16716
27034
21476
27927
21561
5587
32369
17673
5598
948
28318
20555
17651
22307
22669
21265
13101
13
32066
6105
6245
20733
14063
23197
8438
25581
6772
29773
15207
16732
21030
23164
26954
32160
5583
18266
5987
16510
25591
7650
16653
27384
24674
24148
25306
20326
31706
16102
122
12232
18735
15542
16862
30299
9083
14596
27548
23658
2474
30366
13974
29543
21306
2971
19159
17466
8768
6988
25021
30937
13996
27760
21341
17433
1741
12199
4899
31684
16664
2602
24505
6379
6949
14520
10794
4733
4602
24276
30792
17945
32652
22061
17995
25377
10627
4702
11194
3088
11582
27863
18319
8717
27927
27931
14230
28352
25320
24877
7958
8292
31694
23108
179
19485
24876
25030
28563
27276
21235
31348
23488
673
30497
16866
32205
30385
17032
17963
9661
10185
24273
25570
28960
25409
12736
16460
11391
20116
27066
13260
25594
17775
13188
14494
26416
24071
32077
12744
17503
1968
27375
7758
32460
30636
24434
3238
1126
22592
16337
25195
9894
28173
21249
19542
6841
10142
25392
27241
17633
19262
1099
3181
21273
14092
9154
4767
27384
26449
17807
18087
28375
14096
4725
16585
7734
3807
7045
11615
5468
30198
30439
1671
28734
14726
6615
5657
5282
7756
5102
21468
26500
20581
4003
29689
29113
1380
15377
14767
14290
1186
1019
25161
18755
2517
13837
15437
19141
13796
612
16119
32760
506
29009
13797
6221
26842
14170
21780
17187
14962
2690
18699
20272
19890
23755
5974
22819
1182
8184
25398
19847
22178
30359
27287
16875
21798
30271
20290
26944
24163
24343
84
10114
29301
27799
22511
2203
24241
9107
16687
7812
13112
16757
31328
2733
14028
12490
18286
13983
19683
9984
10396
32736
506
20333
27001
23318
12844
10132
7185
12912
32259
28836
21600
834
398
23106
14348
32495
436
19080
13907
13068
967
26446
31809
31938
861
17576
31015
19316
14939
23727
1866
30370
12114
13445
3288
11022
32271
21139
10528
13085
3693
27157
16897
7807
11630
24537
1443
3346
15498
3139
13414
8452
27463
24213
18200
23609
12042
17773
17771
27884
27949
144
24742
11672
2897
16357
9882
23577
23030
13253
24792
19470
3401
29298
29729
6275
14396
22244
21534
6349
32220
15564
24401
7348
27872
15827
14156
13272
14717
21538
26913
1101
18818
1576
31257
29833
18080
32663
11433
11392
11017
15280
4513
12813
31806
9409
14759
9364
10273
19692
6884
23526
14418
9257
32509
28260
20408
20366
3397
25192
9822
1487
17713
3808
30593
5377
32012
28476
5607
30115
14571
28299
6770
3806
28132
28128
24820
4108
1403
2555
18245
888
13661
25637
25235
32356
32593
29276
7930
4689
28011
6832
32084
25466
24194
7661
25427
2210
30437
5498
12749
6159
2378
2177
5462
1495
3079
23632
17684
14170
28293
9216
9167
28688
25329
4948
30536
31621
28724
6371
10700
14497
24614
25466
18952
27181
24062
22204
15647
28819
22798
13067
22266
20709
32685
29868
19680
11553
26228
11813
13894
4532
12205
25066
4072
15420
18184
7993
29976
16274
1424
26179
854
10504
20958
6028
7202
2799
4236
29332
30990
4189
30957
26551
17943
32301
8699
16722
13877
17734
23441
26663
17969
2593
10203
18179
8631
17797
26890
4510
24236
25237
5964
29378
705
32269
4859
26031
1865
10953
26388
16063
20296
24455
4076
10054
17356
29165
6686
4284
2688
17102
11720
25374
2686
32681
23031
27281
13157
7538
13407
18505
15019
28821
8528
27305
17205
1593
22501
20651
8997
8897
30335
7299
15348
2457
15217
14719
6336
29231
13821
6450
18151
20031
896
19409
7380
17748
27881
30685
25369
2444
30831
29954
5054
27035
17284
3648
9177
17426
14596
12104
2911
16354
30643
297
32570
28187
31974
14891
4508
14586
26496
9467
11410
17443
26400
8969
6876
8747
11161
11823
4860
857
26787
7571
30861
16814
16848
12750
18390
28194
12993
11342
24479
17201
18329
30200
7491
8342
14770
6418
32519
29783
17551
4705
16554
13569
18194
15758
9790
20789
1263
24783
26934
14435
7265
7107
31679
24790
1052
15773
5716
28401
9602
18052
17292
25016
26393
6202
24119
26770
15165
6652
13738
17996
1810
21418
19543
25954
30141
17448
25761
378
3028
30468
20462
2610
3858
7513
13309
8987
5712
11763
14970
25861
21936
20659
24271
17534
31516
6453
20030
16789
12015
21681
3628
17636
3313
28447
23744
19917
10633
13215
32685
22019
30510
27671
30028
3660
8223
9246
15342
22662
10324
4889
9072
8936
27572
29091
23824
2187
19592
15923
15742
23337
9776
13560
25911
31268
22548
32520
17166
6858
31966
23738
9483
26071
8679
20304
19321
3643
4846
1498
12859
17694
3600
4439
1119
12066
29684
9244
28150
16104
18503
24698
16418
6357
5736
31387
7024
25622
3684
12717
5224
11489
28196
25666
1635
15358
2789
17399
2205
1927
3817
27732
14731
8428
16236
24820
21615
17465
24282
14054
17705
27804
32575
27986
11856
4642
22783
14688
5505
29889
31175
18773
10743
6299
24515
17152
22876
22401
21778
340
9951
11190
8055
21846
30855
6134
22609
20026
20167
20663
205
19656
6738
2735
9818
26117
9264
4758
11101
22800
15378
4653
2086
7242
8419
9855
6179
17849
22431
11111
18260
21167
25704
24658
13311
4774
6615
19014
6309
14703
29328
30500
4660
23692
10521
1578
5758
24538
492
6587
12010
5491
31690
5731
19306
5330
23123
21270
16813
3384
16084
7864
19605
5967
17248
16099
8171
18957
19490
19428
25682
5852
753
3590
12153
12536
12581
16404
19605
1048
27561
23321
26895
32336
17746
20330
31097
12598
31599
20198
27335
3652
20642
3197
29628
17021
2542
5359
6818
30035
16912
9430
17214
28361
1811
8167
22787
26837
30239
3445
27014
4104
18834
15926
17202
30576
3409
32586
27709
958
28001
32377
1498
4516
21169
17341
28593
23425
16954
25600
16268
25152
12874
20774
24915
23933
18973
27470
29498
30442
16302
14165
12857
21746
18380
24220
2749
14492
19568
23564
8605
12977
23886
31319
26959
13345
3754
1920
5980
32163
14957
24989
3601
12956
22392
16604
3703
4930
23352
25284
18054
8705
22907
31421
3990
14366
22146
3027
28950
19866
32599
4023
15232
30809
15457
3846
20364
26243
21045
3790
26021
22571
1199
30543
27033
23598
28738
22526
16020
21598
3468
11472
32591
1248
4909
2228
3717
13011
10714
18785
2983
5682
9901
14419
32720
8956
16319
15632
22267
28050
28409
1200
31092
11872
30503
17052
6540
10431
16206
28310
2449
31002
30784
9210
11773
3664
16493
1603
24558
21082
14844
20176
21462
17966
18203
26601
22644
5347
24723
14589
515
25109
15007
2093
5553
22411
11262
5391
18770
13847
2887
20651
11094
28094
30333
22218
18168
281
14563
3185
22713
14331
17169
1960
9997
25941
26952
9343
21332
17494
23555
27475
14091
12502
3790
11342
8516
16116
347
29741
2131
30206
7891
15942
971
12946
10090
1993
8873
29699
22582
10310
29134
6398
17729
4975
18099
20334
6621
26656
8792
15260
13111
28828
16509
6811
18735
30746
10005
25571
6503
6528
18936
11836
18586
27502
5848
23518
28208
11646
32118
20950
32271
23242
18453
16043
1203
17839
22575
13378
27009
8401
7016
6399
11096
6495
19648
13357
19306
26265
22028
22944
23114
29327
26023
30872
23365
43
3173
4585
29174
29297
30664
22873
3605
6406
7287
1610
2448
9711
25835
6041
27869
12444
14444
3781
19854
27173
28220
26196
31526
26323
274
18290
28203
8418
5833
17116
11644
6277
12378
4348
7653
13611
5640
7509
28657
19457
21466
24866
8191
28600
23118
20794
15512
28040
5964
25399
26368
7029
7001
28119
16907
23505
7949
26787
17202
31234
31943
20174
6630
17541
29343
10591
8485
2099
16540
1171
3914
20675
30504
21628
22569
4753
2496
3311
30043
8605
31216
28829
2263
6615
11903
23424
3522
7322
19175
3193
2953
1910
6919
12855
32556
2098
26396
16218
28381
12817
17390
18904
23497
30805
13127
31136
1590
12802
10409
19070
14286
2788
17984
9535
2106
1491
26134
5141
20467
29750
17286
5693
15701
1734
22771
22238
16374
23445
17850
19253
15925
11598
20580
31727
18710
1982
22817
32214
16973
9619
20594
23984
10392
23396
1573
868
32338
13298
25734
20575
32326
8622
27604
32054
4801
27003
498
31373
17131
10932
27231
22839
2646
10353
31336
32159
20184
14342
23964
8806
26774
30925
32385
28237
28770
14630
26501
8534
18503
11451
12343
7462
4705
22537
19127
19630
2546
21788
17771
12042
29363
21913
21748
2473
4712
1538
14945
1455
26807
13878
22946
15511
6458
27447
5183
30749
15315
15920
15434
10587
1856
11447
13202
23346
2543
15951
2841
9195
25875
9009
14024
23070
15863
12364
10594
4307
22930
23690
27831
7912
5725
9045
2586
13747
14433
28762
22292
19175
15252
30860
31322
22972
8293
9324
15613
16202
26262
28552
31713
13878
10826
24898
19824
13713
5983
723
12175
14077
9981
30352
20945
10258
23407
5227
20459
2816
28210
12220
28777
2677
9292
27202
15263
1217
15583
14436
32481
21048
11774
31421
4087
19159
9151
20696
25803
20267
30098
2360
21349
22639
1489
21148
3609
21493
16280
4737
12287
19911
9942
1255
28068
11917
11940
2392
15871
4273
18902
16679
4007
28866
27088
25334
24131
15638
24476
26490
15425
2228
21305
29571
9419
25968
17717
9014
10742
10584
20094
6813
21309
9039
4725
32611
16431
760
5956
16344
25444
30678
30833
19259
27061
19377
10164
7993
8620
31803
12294
20145
30522
6131
12027
26042
22440
25162
30801
20199
4560
772
6089
7626
1677
17634
9525
25270
15728
10110
7891
27593
12725
18550
15833
5930
27509
26572
31057
6800
14621
2957
11047
25604
7454
1713
2945
30695
17382
26435
30286
28726
5648
4034
12066
269
15063
32710
5953
9834
7889
4070
2554
24372
21210
9434
21302
6524
22349
7645
29776
13314
10107
597
11047
14587
6485
12982
28530
13841
25964
8356
23124
21932
27420
21080
11313
7536
1283
13636
25791
30215
440
1018
8544
24608
5306
17226
13743
31415
21415
6826
12888
16023
5039
3036
20014
4894
15175
19914
25975
8257
23586
20149
906
463
10589
8590
10909
16378
7674
23204
19928
12563
26511
8064
12718
10389
26943
28173
9836
5989
27370
24317
20754
344
18593
26471
30307
27638
13917
23989
31800
10878
27632
17853
5401
11050
19771
10286
18958
10675
25250
31022
22195
27416
13757
21057
2955
26268
26192
877
10902
13
2942
16284
29222
14156
13625
26689
18926
28938
8701
15422
18012
15568
31934
28166
30249
15426
14111
25854
11822
4004
21476
11818
18297
27549
13738
24581
928
15419
17877
30128
2901
31032
1995
25935
15163
3964
27744
30129
13048
994
31120
5935
23180
13119
6772
17366
20961
21409
11119
10952
32418
6868
5801
10975
11345
11819
5310
24724
29332
16252
26039
19231
21968
31597
5689
19680
22009
11502
9468
2814
24489
14855
7295
28750
21359
24020
29946
22390
5993
17358
21141
8274
26389
26699
29655
13462
21860
25161
25697
16309
13584
31335
18396
7682
23344
13108
20784
18197
28682
9900
14838
14193
16936
23808
20017
7524
20398
150
24632
19758
31210
4945
14583
16485
5933
2322
22615
9367
22233
27519
6651
15666
11196
27395
4653
7329
12444
277
14104
30904
15123
1982
10807
7762
4254
27221
13837
18488
29168
21390
21527
23877
28812
31923
20223
22984
17042
560
21778
26666
2265
24917
3828
27857
15167
856
3730
2371
12093
31129
10841
23183
27839
20266
6310
30441
17714
5007
24445
28308
24798
706
27773
21509
13942
28283
26899
3909
8429
19629
7919
151
1932
3924
180
13915
19522
10606
10996
14898
29755
25927
29019
14691
16051
28666
19498
3197
7693
15925
14823
25150
18207
11836
26963
4532
19153
2865
16285
22434
28134
21906
3797
805
13081
29955
4259
21911
19308
14158
31033
6580
24765
16552
13958
13819
28314
20790
12205
15959
7510
975
6325
18687
21340
27140
11906
2715
28868
10589
28420
32168
26916
32230
8622
6429
12201
17898
17450
23119
10598
31487
12107
9746
6635
15426
2115
17697
15898
19940
21014
32704
2358
12774
13134
7327
14397
15904
17393
18178
12152
21384
30640
8223
22096
6833
30817
32711
25955
27026
1199
10313
23255
13961
10000
29076
2286
15520
22776
12187
29403
13582
26189
22526
27605
18945
9498
10982
11369
9882
21895
25392
21012
18489
15881
12751
32017
29948
22486
2155
112
31618
8092
30542
22632
8181
24178
8833
23278
23111
32527
4658
22150
18875
17209
25177
4954
424
28033
5532
27273
4986
13102
3951
26561
31225
2679
31103
10512
18894
10485
6225
28919
19266
18007
21286
7873
24906
30552
29475
274
25025
13550
23982
14019
17140
25540
19995
4589
16995
28651
21128
12612
26822
20685
4101
17319
3919
2402
4601
10741
18991
30886
10433
27425
23643
3658
7065
11913
6288
14249
12736
12419
21396
6399
22231
25913
19392
26325
24202
15800
10683
29632
11123
17219
32392
17995
15675
31981
25283
19250
27139
21351
6951
30673
18178
26390
26196
28891
1135
3176
22479
2383
16545
25193
25675
11688
5749
14225
807
3925
27376
12512
2359
9320
15909
26414
8391
20370
857
28348
733
17487
17510
32014
21951
31582
5213
8445
21685
19316
5487
16648
9488
31281
5646
21483
31851
22867
2383
1907
31793
17450
24211
18832
26208
4428
31846
26540
3980
19593
25255
14395
12838
19745
14314
659
1790
31797
17946
6398
18183
24444
10851
22798
31322
15415
15438
1585
14462
26215
28718
12933
15847
4157
14524
10734
31420
11730
11262
4965
32478
16664
28525
15507
26405
8721
12118
17310
12269
5950
9601
4931
4305
21083
29457
25893
17846
9545
20907
15972
26892
844
24538
6770
17232
8822
3250
14370
13269
20835
26292
15618
5829
21799
20978
8939
19554
25477
26996
9174
17810
3426
4057
6129
14747
11640
29505
31219
26923
12111
2155
1452
4763
17001
16667
9440
31604
19901
447
7765
13107
14184
6737
15147
29513
21662
18047
22124
16486
5606
30986
2788
12535
17287
30316
29491
31982
24125
701
12320
15041
30769
9943
10544
28085
6696
20665
15224
18780
2299
21289
19119
20060
32583
2206
26759
9331
12133
7516
1597
21944
8605
17633
25711
20260
17046
24192
13615
19024
13841
19788
9301
1152
16855
1847
14873
26337
25840
8059
19425
1039
28438
20537
28503
3802
11370
18272
9151
11850
31077
15057
9608
21217
21264
1985
8224
28959
14200
24926
12813
17740
27228
21173
30522
1137
29226
6099
3470
7848
24874
4650
18371
30357
16120
23607
630
12853
9783
16482
20346
2262
27268
5926
27506
12903
23209
20593
12703
23538
29459
11342
502
17767
5255
26305
19830
27803
4880
23282
15544
27024
12604
24974
9416
24567
23431
28267
15923
10739
14360
12651
21089
8224
24235
16034
21285
8916
19663
443
4243
18597
27217
151
274
22059
12792
12600
20402
25351
21106
26334
9407
20515
23439
6767
23702
29500
19373
4636
8375
7070
4468
11330
5916
21551
21955
20878
7113
1711
8681
21093
14501
25662
13849
13187
20360
14111
9240
11746
10901
443
569
26077
26314
3817
19083
7573
27861
22380
14929
26260
27689
24765
17842
5808
3154
30988
29618
1074
18565
29825
13921
19768
10620
20423
4946
11864
20865
23499
12367
11398
3784
22209
6219
5688
26625
5737
19608
8136
22318
10128
30299
7961
9906
1753
19516
10877
9387
22205
98
7894
8322
14033
19102
20732
26305
8263
25318
28255
12068
27576
6
20718
12530
25633
11922
18999
20877
2859
5151
10703
8520
29359
29362
756
6778
20345
121
30065
22225
10572
26553
32194
12008
19495
776
4217
30747
24263
10684
1248
21658
17005
8355
4832
18876
8161
757
26657
4246
17847
14214
6259
21709
15313
17984
28013
21928
12325
8657
22867
7529
8384
14753
4413
17118
26379
26631
4726
26931
2126
4284
5923
29194
28530
912
15909
5581
29707
30555
27200
22083
21142
12599
7292
32610
31230
11244
19915
10853
21094
21420
3053
30494
24866
10753
23953
28556
28166
26115
12733
18864
3556
25806
24175
31645
13904
32307
29317
21967
16038
4526
24282
6077
29263
24472
15026
12977
6207
670
10072
11992
5058
7538
5893
26261
633
4288
31492
3099
31647
19812
7444
11579
21649
5850
10254
10618
3726
18934
9159
20071
20923
31701
26680
3628
6506
1299
19420
1122
30107
19774
4442
15658
1475
27275
22628
29305
4301
27080
5599
13235
24159
21138
22340
11132
13662
15304
21830
30667
9140
1088
6581
18495
29521
952
15522
14007
28783
18447
31940
3613
25883
12981
14106
29570
28145
2656
466
9584
3111
21760
28266
17787
6349
3574
14101
24602
32082
3200
23392
9909
21835
11896
28693
4095
23920
6975
9823
21126
21479
13044
20016
28041
11718
32233
22496
13321
17875
12375
6423
3618
26766
5712
22764
25756
24945
31734
26446
27326
28022
26091
17315
14946
14042
11784
5808
30287
15904
22610
953
26306
21594
13353
5353
17486
2724
7619
18164
9446
15089
29657
30714
16185
3594
5536
15791
30782
8915
31995
26297
28431
15056
18671
11097
31482
4073
19543
20814
20437
14186
29913
18166
15507
13902
7704
31159
14357
10941
9515
27549
12354
11987
20559
19524
20314
22691
24280
6393
11143
31612
21870
2076
5302
3691
23157
17352
29860
23552
14029
14263
30012
24405
20156
30303
24864
29261
10024
31073
29318
12570
19210
16676
1093
14082
9503
6077
22831
6242
8673
31507
28066
15859
11701
29248
1882
1356
25446
21050
30601
19112
32466
13746
17194
16362
26595
11324
9618
13534
27073
25777
8520
13506
27206
22225
4886
7429
13747
12333
31584
4430
12961
2117
29109
28864
4666
8173
30372
12413
20648
12277
6097
16232
6606
2824
6728
22320
26166
5845
7952
24202
25675
24685
30212
16573
457
20460
4830
24164
10609
16220
22677
31599
2305
30934
12009
20076
29539
24554
5691
5381
13093
19010
11683
20937
24873
19329
24381
5935
5022
30833
9923
983
31022
25950
9825
21524
13433
25533
32196
11432
3011
17170
6005
718
16617
6416
24677
17790
9626
21761
7625
11244
16323
8808
21799
19794
4683
24293
31409
26095
24065
10074
22995
27983
28371
16460
27656
25038
18752
23948
4593
27992
19472
3350
25256
18290
6722
18745
1362
30846
24902
30200
18675
25146
20332
19889
28295
12683
20125
252
22862
7545
22345
3542
6503
6010
28576
4607
1184
20723
11013
7328
20877
14844
15807
17201
26839
23908
30962
32154
24791
15860
17102
3480
22371
6392
24327
30051
7656
12796
7045
16782
27577
3028
13660
10798
2727
13023
2558
20286
12754
31884
26800
5186
703
24604
6202
24363
23722
19626
25827
15995
31261
8297
19100
15017
3265
9518
3964
22215
19317
13870
25196
1122
9885
29448
21028
3754
5820
9222
12374
16594
14662
13215
13608
19386
12207
24897
30440
11980
29896
4430
2555
10276
7243
24165
23831
28659
12468
20450
9651
17189
9043
22952
28859
321
672
2334
11143
24977
27342
887
14606
900
25763
14647
26455
24144
9862
29426
22833
21467
27610
6999
14372
27356
22154
27246
17063
29757
3813
22046
2707
8133
5549
27634
30680
17395
31850
30749
25455
23853
30724
7611
24208
2074
401
17497
31268
31564
31084
32440
8829
17442
135
20174
25413
19180
31746
27406
10164
25169
30460
26857
19206
26094
22185
28821
3373
11328
5284
24077
16323
20420
29575
29529
16194
4956
25018
15
3191
26101
32392
8730
6708
18791
30072
954
9030
8348
9178
15052
7334
10485
15520
11596
6132
8937
24175
7960
10784
28144
20470
19702
10859
7071
22143
14553
23950
15892
23235
2912
24888
30100
20483
11936
27582
371
4436
1571
13326
22580
10555
26672
5606
2802
14201
15437
17987
30719
26920
25347
11291
4298
14087
19169
12622
14086
24083
22212
8155
29960
18007
31061
24399
5489
19460
10706
9860
24078
7876
5650
30087
29180
11084
13763
27610
7952
17200
8951
20188
6773
30460
23519
21637
28823
22144
20949
1622
11328
2923
27040
20624
30977
540
20724
4517
17620
5300
19769
15852
9471
27760
26509
27544
572
3382
6668
23275
20502
16237
25167
20135
21398
19474
23858
18630
15647
16136
20443
32618
6551
9136
16888
7703
24263
28602
3399
10016
5893
4155
1628
2399
28688
19711
8863
15913
12603
30240
16276
897
23758
4055
28511
1676
169
28819
28295
4678
31274
1352
9978
5746
12625
12298
25681
6871
3874
29914
7510
29353
13131
26816
30403
17478
11527
5914
25421
14627
15170
20787
1249
27141
22526
7191
13102
23412
4853
12454
19299
7788
32640
16872
11578
26967
14775
32160
2357
15672
18138
31524
25639
27433
21744
3179
29687
3591
7597
9576
14753
19564
28825
19862
31869
30429
10351
20437
2756
22085
4035
7284
25424
16034
30952
4495
11427
14847
3345
7579
7467
24482
5814
28735
14533
11142
19258
11621
1919
27148
22474
22162
10658
3053
13704
24178
27888
30323
2281
6840
18218
9193
4187
2085
22997
10320
26156
5349
25406
28243
6567
25890
16572
16509
25472
17876
26165
29354
31090
16854
28387
16315
17702
3391
11096
12174
599
15087
20672
6446
2100
28776
11623
5446
16901
3040
1659
29916
6930
28820
786
4155
25024
27998
18542
561
26110
29066
11136
9083
22239
998
7084
23166
9096
12312
10956
4920
25421
24116
22135
29557
2327
18574
30339
8006
26121
973
29896
8623
16227
19777
12839
19872
31654
4983
15564
11046
11001
27914
15279
17635
28363
29115
13153
27068
1210
10692
2053
14033
30899
1898
24732
32178
16987
7890
20359
23248
20910
4117
25670
4145
20198
22422
2694
30824
4511
30868
23131
9669
4920
13819
15818
457
24700
19840
3978
220
20098
26860
5899
15938
30417
14776
1464
5196
16072
29403
22906
1227
28222
5344
18557
1482
6501
16443
6710
1661
25076
477
4517
16500
21381
19974
19671
10516
24379
7515
15792
5960
15017
24632
8167
29044
9711
15431
4178
30635
23846
18514
10596
32289
14591
14933
18676
11235
17062
15320
25407
4549
16109
22651
1841
11676
29862
15059
30688
11694
12880
11124
32602
2151
22263
1615
24224
15438
25173
6719
32498
19511
20541
9950
18509
19385
17210
27805
16691
4066
17011
788
23466
22570
3793
27030
4999
934
21348
1545
16876
9854
13571
1524
18960
5025
1331
21978
830
11959
7243
8903
1057
6744
7893
6696
13118
5755
12854
23519
16578
9009
25746
21143
28030
15251
19434
26197
17200
15608
8327
15696
8708
20076
22172
32515
18266
23646
31527
19840
12746
31897
22552
26887
1637
20086
9141
12759
23358
11087
16189
31812
2858
15158
18635
27402
30403
16871
1150
17377
22195
14332
24791
29266
815
1120
6754
11464
21697
27142
17049
28650
587
32219
11781
17448
8265
14585
3494
404
9558
31517
14229
1524
6130
4443
25320
4373
18818
5392
23254
15202
17048
14105
27932
15028
17525
19266
6046
26988
972
10241
14674
17344
201
11877
19034
20306
8274
3657
24432
8455
27277
6861
31879
29974
4770
17159
31407
3423
11202
757
1338
18943
12136
24758
29213
12321
14558
18938
31129
21270
6660
26040
4378
21417
11597
11807
27999
27052
2314
26318
28635
11223
30699
17223
859
2515
23234
20897
11242
11409
22411
32126
19953
12512
31146
16189
28835
28735
10099
19313
32664
19439
4335
22161
20408
11853
31709
16625
27483
13919
4344
16112
27055
16813
3704
20851
21849
18514
987
8851
26207
16210
31461
6803
4933
29998
12774
16661
15734
7350
19259
16013
31974
31263
5655
4597
20214
26197
21636
20163
11416
7314
8868
30488
19379
1584
25405
17978
4041
30908
21876
32580
28119
6731
14297
5148
18300
24593
7332
14502
350
23343
21310
13879
22730
18381
2820
4941
15514
4713
4935
25469
11612
18286
23703
21420
26800
8457
8001
18050
25586
10040
19222
5404
23065
5668
9326
18433
28895
32432
12909
23640
14627
21842
25221
26968
3723
25378
1340
14847
6765
19760
2096
12039
32240
9755
4440
32022
26478
15839
24460
6965
5917
9199
5192
30083
5871
3972
19117
14378
10678
8756
8136
18067
13708
14534
4119
13014
11634
15941
20041
18805
15927
13651
30534
1353
17052
27584
18287
32700
17077
3163
13607
12601
658
776
5266
5601
25631
26387
10396
2688
8265
24516
17726
30143
7010
14132
26365
4507
22727
3934
25523
26901
20928
28025
6289
24107
13223
3974
14693
19464
18765
16421
9497
6520
5017
7340
25468
20382
21874
378
12358
2281
5855
4233
14166
19524
25453
1603
26173
10381
18386
20631
30464
9289
21199
7243
6170
21910
7515
19604
21953
13920
7677
4324
10346
2264
19322
3331
19599
24610
21168
18273
18352
8526
25538
20907
16024
4234
23157
24476
225
16022
17882
16406
28090
27256
4910
27761
5608
11120
24574
8723
16139
30510
14222
14912
11299
22595
16252
13364
20306
26838
6049
9583
18660
26008
28984
1105
22412
27898
8514
230
7664
16029
12841
24579
24936
3849
14499
3218
9731
17315
28633
21290
19404
10969
24777
31715
4427
1184
6376
13928
8014
28448
13324
3149
489
2989
15754
19875
12987
28666
11419
11210
6259
14217
5
30343
8083
18790
15607
12118
20596
9749
21812
26370
1674
20937
14451
6514
11498
11991
5382
31686
9225
23657
3003
28835
13511
28023
23296
5834
13484
3059
17738
9712
16241
23620
14007
3530
10690
13558
28146
2919
4418
32432
11351
10434
11728
20582
12631
23192
18441
7119
1310
12407
30989
32282
22132
19224
6022
2269
28641
3310
30183
5966
2069
14591
22002
949
29062
29683
13693
20769
27995
23402
22645
7514
9609
10131
13347
28440
4668
2811
8110
13426
20088
17570
28130
1433
8192
6228
21551
32710
13943
8502
17141
19569
26053
12960
4863
10436
24508
15146
11341
335
12540
24074
2582
30205
1299
13981
16397
23111
30185
31299
25828
1447
27228
27760
1550
2128
18471
22784
2250
6172
32008
2251
7261
18886
8994
25722
8606
27225
17568
14745
11192
3304
667
21997
32300
8320
9021
27911
11285
8795
19239
31769
15536
16470
26129
8201
31003
32677
688
4548
18269
15302
9693
15573
13991
4531
22771
9270
8410
2908
30585
2405
1352
8020
1
2491
191
22731
27727
9722
1732
15292
21694
26661
16412
14695
25312
7060
12945
18690
22373
19271
5618
30892
10046
31355
31324
2722
29698
19323
9144
29365
25488
2233
16005
18428
6902
17437
20952
32454
24721
157
4768
32466
10614
6670
31791
27075
5649
24377
20982
9678
8716
4658
28304
182
2930
17125
1027
32506
13589
14322
12610
11085
2093
22971
4342
31302
6465
21434
9597
5721
5195
24601
17971
10246
13335
29052
29169
28240
18668
12066
10964
15217
4718
30508
16192
10700
28867
23356
9252
7459
12533
19266
17535
25610
30871
25235
27171
3483
5292
2876
9145
18284
12228
27541
19461
22462
13160
21017
5739
2039
22712
4980
17586
4947
11347
3806
27145
28118
2423
19624
24391
30597
20586
27412
19575
28629
23576
19818
27540
15716
31485
16712
26769
24039
28485
3642
668
4707
14898
9098
21156
7073
14015
22618
23321
6876
18307
29167
17651
27324
7127
25680
28149
1160
20539
272
11315
17815
28150
2152
27346
10503
3581
20617
1039
18866
8982
30511
31874
16478
12093
20858
932
12852
26695
3578
23952
9076
4037
15624
6662
25190
555
13149
15541
7828
16690
31453
15034
54
32122
17844
29028
21486
25460
6052
31290
7861
12159
6557
63
11797
19793
19343
31348
30874
1689
2172
28575
25219
1250
4305
10059
15036
10939
3830
27664
1041
2069
18980
17172
24220
28140
31607
15570
9599
25898
31044
17178
5337
3272
11436
2137
3058
9014
1393
31771
16313
16125
24585
26830
29041
31395
4593
7881
32167
6094
4164
20621
22375
23981
25740
1098
17327
13972
25560
16037
26916
20710
23567
19128
2052
18232
11139
17242
28252
5043
30409
16801
31867
21178
28873
21670
19878
6349
26897
9864
22797
24494
5231
29364
7934
20162
17342
12643
13913
25273
32000
7268
20036
14450
10925
28955
30751
32536
21835
5066
19899
21906
6975
30735
18374
5914
23267
29358
22666
23339
17112
22673
7896
11425
15518
3853
17726
15388
25953
29031
24960
4517
2326
12183
26694
404
21447
2635
2323
26800
11563
4143
1654
29593
29306
16492
24196
30051
639
13934
22405
4484
20463
17131
17646
15600
28153
5665
6288
23170
19230
24415
5134
30366
3651
1478
11924
26133
18949
24145
710
19528
31308
787
22775
19601
35
12224
8604
27358
4039
18287
29696
24479
17661
26526
25913
25315
20905
11383
19290
12989
31389
2642
16618
22765
22191
24698
31893
29628
1038
10548
20770
1576
18390
27389
27045
4929
19425
20244
5622
2259
28385
312
15201
15685
23211
15539
15775
1217
21718
10903
29701
8598
32133
30024
32508
5082
28801
13626
4529
3155
31883
6908
1038
1688
25840
31350
16616
20083
24925
7023
25722
29834
20469
29522
7954
30270
19873
11313
12298
7380
10407
7434
3322
22482
24959
5961
2348
5804
11746
11663
4432
26016
12835
22450
20337
20959
25794
6149
19240
22765
20543
1497
23056
26442
10028
24899
29817
10834
24198
5152
16993
14690
16965
17495
29856
23100
14386
23390
15970
25773
9465
9984
730
2413
10111
30557
2869
70
7797
24114
22733
24952
11310
29530
26528
11869
11437
17045
29952
19785
20995
18057
7820
31924
23256
5382
27998
411
5959
8334
8582
5411
12271
13077
20919
21888
25414
1541
13121
15893
11569
7045
7743
27356
3282
15611
8722
11017
23713
17103
15886
9962
28863
2419
4722
7442
28551
14240
7582
31414
6245
14818
22912
21335
27883
5974
19792
31649
28705
946
26493
19348
28701
21127
13287
19425
3540
12227
16974
21143
30512
16762
20746
21246
1891
5862
4093
25795
16762
2220
4039
18006
22837
28256
12600
24209
15894
19788
10507
410
23736
25709
27601
32010
2658
14783
5675
12111
20188
3259
9532
11855
129
21021
4958
16717
26262
7402
11540
12817
21978
6322
12865
14659
31582
30994
6039
2585
18839
638
31825
16690
15282
4157
10277
15041
25383
15285
9588
5101
29585
2281
19397
23416
16573
15424
20081
13727
25345
15752
9119
30530
30159
11322
22387
31813
9353
2304
8067
15670
31127
6260
17035
26672
9144
25387
10337
255
9621
30450
9771
19588
9116
19799
23247
2907
17419
31596
12203
18364
21835
3783
20871
15007
11904
15309
13767
3108
32350
16689
32741
29489
31806
9399
23327
30813
12145
11582
7277
24589
16596
15869
16566
32732
2724
30477
6979
833
23188
16167
18548
25452
6685
6832
14514
5744
20758
29682
26532
14759
13956
14509
5030
15186
17331
28878
2423
18305
32134
12926
22577
31795
26635
5982
383
10429
22610
5905
31242
7280
6272
27388
3636
18550
4639
24393
32521
14589
29368
13618
27506
10648
32420
31356
22956
14561
1567
31297
29945
32612
12446
10995
21398
3512
4707
15774
22764
5615
16462
12909
2058
17457
22006
5744
23123
2723
8696
20124
28276
25741
27791
5140
9114
21693
3173
1447
29921
8998
15785
29337
10511
7629
28514
17062
10882
24806
31491
8004
7015
27193
31295
16937
31277
31691
12062
3341
27193
4539
12881
20145
29916
28522
23491
22816
22146
2014
6512
19764
11308
17769
10362
16221
5408
29829
25721
6558
7390
22019
8467
24280
343
7269
16846
13131
10586
22664
1057
20058
24399
6534
12241
14734
9255
17370
8571
222
11923
25541
25452
14382
27252
32497
18617
31253
3219
10581
16013
17379
3731
24920
18365
21219
10020
30521
22178
26333
4729
942
31015
3551
16123
12747
2849
23869
12863
24614
25311
15319
14901
23865
11266
8602
16035
17159
25743
28746
18130
13827
12355
18814
1928
2861
30247
1516
3381
6526
31844
12774
22129
14982
30295
13093
29350
15956
14568
31686
30986
22166
2328
28306
27601
15617
14554
22658
23456
6387
1572
9090
24388
26711
28741
9846
13220
28618
30585
13947
6132
30203
31419
23919
14892
20056
10202
22963
18361
30439
12751
19247
30322
19825
16718
12695
6605
8166
21403
8173
6227
7165
31647
18760
21841
25115
14651
19155
25297
16246
23260
22296
4040
21370
7504
9855
9873
9324
32216
20753
28570
26445
29310
30082
19550
32513
31912
20847
32403
30384
18926
12004
28580
31597
22313
19233
3169
6421
18892
6814
2294
15994
29560
3660
8473
19649
13258
15902
10376
13833
11384
7368
32691
28494
31644
6343
16565
14732
28751
20129
14473
1575
28026
12398
123
31370
28393
18071
19420
22286
25761
28126
15866
17694
22644
13982
23632
20634
4562
18772
28921
4216
11234
29791
29035
17073
20945
18180
15713
24411
5483
23989
18969
26386
5096
17299
3520
28829
23816
3377
16171
14799
20578
4251
15815
16298
25848
24215
13779
8651
3856
24874
21708
21762
14399
17246
8745
26944
32199
1603
20553
26294
10531
26420
6570
1595
5855
31579
32347
18670
32685
9336
30132
13085
22454
17117
26692
11878
14382
18621
1547
22300
1835
4775
19689
14573
20919
10574
21335
16065
3107
20619
11093
23012
11423
1957
29091
9320
21512
24271
23860
709
30977
17906
25312
2243
18757
14509
16729
9626
13628
27547
2400
23383
22988
24276
30265
1409
15473
31158
10844
29437
3472
5093
9325
22319
25864
3984
110
22114
11531
26870
22836
12650
12076
24361
24087
21639
30648
6674
28910
19853
842
29110
24635
27970
27290
15031
4514
6152
150
15390
12448
2492
5812
12887
13689
4317
23430
893
22642
1265
1935
2265
17729
31780
19541
4517
8898
1075
14775
789
17131
25224
3457
14744
3842
8103
8510
3931
1037
25032
27213
11278
21387
23237
16439
492
31841
19767
23872
7157
28695
27868
19772
8574
6212
7741
16036
13036
20551
22925
27113
957
10040
13523
776
21960
32287
22860
26975
14789
22115
26634
2495
14607
25733
4578
9922
19625
15117
26245
31583
17791
8645
7917
27579
2543
27942
26363
14402
19592
27152
27230
26359
8210
12734
10422
22280
3278
31224
21753
12966
2815
13706
17430
13075
1704
6390
11993
27389
20632
22374
19215
2826
8356
11236
32746
21684
3380
717
14759
12119
7169
22403
8301
5000
20508
6755
13945
16553
22835
13047
8568
28858
18448
29292
9012
32370
27746
2630
1395
12687
16320
23378
32028
9578
491
12508
18588
32206
27219
15395
3464
24074
4829
25610
14724
22085
32740
15632
27235
15122
27006
15746
8592
6981
10752
496
18092
18436
30148
13789
15736
8993
16425
29882
4854
10151
29148
14102
1483
24754
21590
8207
28136
17028
22182
16140
18281
6614
3953
6574
25789
1388
8247
4611
3080
11756
24023
31997
965
12272
25174
32035
21168
27738
27612
30087
14051
13032
11519
10488
6207
31496
29252
22904
31245
7917
16611
31729
12261
19682
21195
21539
22991
8926
5094
3297
27561
10329
1182
8317
17353
6751
9632
9601
5347
15843
20704
21407
10028
11349
9181
21739
13503
20087
24358
14152
25920
31084
24349
4640
11456
25105
4603
13401
4577
23185
3860
28292
7995
3636
13149
19799
1022
12152
26411
22621
10200
19555
28989
10476
13849
15639
31485
27992
25621
24743
10755
11366
30409
7209
29403
23811
19394
20493
2312
9782
26939
14253
4168
23380
22918
26404
29466
2163
21933
23396
638
8992
856
20611
17148
13141
18929
21078
2791
2213
775
15169
21987
20410
2544
5453
29093
7169
28339
4475
26618
14756
20517
2393
18955
23481
8529
16082
16607
31417
24093
20042
1825
30515
29483
1771
12324
21697
23806
7481
24612
8508
16990
27629
22991
23596
3581
14080
1283
29314
19290
9478
21210
8842
19174
25277
8932
23579
20838
9446
3507
28945
22168
31827
14493
10748
5913
12354
5821
4890
32134
4841
15163
5507
9953
1106
8397
12452
1591
5993
2686
26606
27520
3412
25007
14543
29127
6914
13659
11490
6283
11527
16031
23651
3172
7591
3705
29925
25322
4400
18640
6215
19922
27790
4276
10212
2394
6681
2536
20490
2536
4273
5021
26542
11501
20749
8321
30813
28944
19792
20472
630
31113
28381
11433
20887
24778
11885
13373
30037
7781
29279
3171
12848
1066
10063
2328
32453
5775
18153
26661
24902
17494
16639
26089
16680
16745
31450
3928
283
2313
22734
30020
30015
19239
1553
9436
2453
18706
28366
2418
11444
25939
8308
7041
21181
27349
1108
238
9360
20298
10347
654
12096
29897
2684
31465
10181
11964
6499
8765
5873
3577
24741
23494
422
14383
4683
26685
24901
20100
25329
8607
105
10108
27674
9263
4054
24605
2246
2238
1964
2129
24647
5162
10465
28299
4944
37
13037
20141
16207
16695
8647
26666
19452
28166
2065
16231
14130
11222
22927
3688
21247
17484
14814
10408
10743
18551
9059
22088
32205
25873
31361
27244
5156
19457
24847
6371
17826
22309
24073
20230
838
18511
11653
5090
17916
19085
19689
13209
7279
6318
5980
14853
19231
27905
1658
159
12979
7776
27468
21407
28816
3693
13175
29285
28074
19740
3763
28440
20378
5490
2175
12685
32754
1932
27156
8554
15821
17378
30871
15243
28074
19405
25490
5796
7034
19271
30629
6952
25335
12274
27001
29290
12856
12637
19702
28931
6786
11906
3254
115
9058
1171
30137
19467
21496
17142
11098
13578
26262
24718
6017
20998
23178
22076
11035
32141
22583
17061
711
14349
7019
31542
17362
24817
22508
11878
17766
2829
19540
31547
23038
28732
30495
8720
19741
18503
8707
12949
26944
1801
14208
23319
6673
17873
5815
15618
32477
23560
22911
27300
328
27412
16566
29235
17472
24955
15061
6674
32559
14668
14535
12880
6517
30139
17660
8050
6677
9227
4281
626
16302
25521
27570
8711
21678
14774
23002
31015
5058
13149
15226
3786
12433
7174
15232
31474
22697
19026
30746
15592
16569
18568
6532
18120
4610
23607
19231
25151
19464
12573
19138
21140
28301
11080
596
22501
32703
9339
24475
30644
17073
6355
24143
11938
12808
1706
30835
28537
4855
1468
28901
4976
13421
22920
11315
8107
11916
762
2992
1026
13918
5446
32455
14083
22979
21015
16016
21306
14254
20713
26529
6576
2193
13747
26151
32177
2838
15050
26677
7634
10512
4610
19035
20019
26801
24854
12923
6146
32253
23882
19672
21056
4222
19022
24432
14280
2362
24678
10124
7821
31970
24008
13717
13347
1612
18245
15145
25473
9507
7212
32622
18437
29918
364
28070
20920
20462
10232
29188
32468
13116
29296
6334
20099
30162
7677
9060
20714
10456
29309
2160
30822
13251
15840
4382
4117
201
7889
2430
31641
19864
25241
14023
9240
29767
31297
2030
13959
16525
19191
13431
5929
9521
23988
15756
11858
26049
12827
1356
29297
2183
14499
28773
21325
9401
14328
17893
27279
24816
8607
16717
5505
13787
6617
2791
23573
18741
14027
2650
18729
29940
15067
18300
6153
20164
20061
19815
23350
17331
31855
17359
102
7214
30497
12947
21963
31788
26330
9105
29848
13225
18679
5823
13506
29526
8628
31864
3587
14735
1360
10771
2597
2957
15468
31930
11389
20189
1973
7801
29366
22288
18114
8598
21200
31669
1599
26145
23143
19076
14668
32203
21305
10716
8736
508
4323
32624
11762
4127
19435
12093
18457
24641
11779
1727
26738
10714
29580
26724
24834
19178
18010
19265
11996
25928
13751
25347
21061
26167
28586
1065
29207
11323
8057
6257
20067
16171
5484
14224
18010
20102
7124
14374
30062
27146
7500
19697
11188
10371
63
577
17805
12514
23466
12204
9861
22926
26915
12802
23419
20991
22555
388
10243
2696
26208
30800
776
20084
25061
23840
18102
17493
30662
1588
6038
18585
29831
10381
18171
22110
22941
10076
13470
29320
27695
30650
29573
19728
8477
27801
13865
3230
2626
32507
17879
30811
10486
26210
2391
29696
18903
5511
24268
564
19914
28494
19675
16660
1084
18426
20239
5395
31406
1693
16764
30212
25968
31443
12195
4725
1452
15024
2710
15679
12455
7415
2653
22875
23620
9101
16023
14327
21706
27181
4708
7369
32742
27996
18307
23716
20724
15776
11448
19017
21114
29421
4977
25983
26869
29792
18600
102
13017
26672
5387
20232
10707
24545
2139
5425
26961
5306
5138
26241
15940
18554
14664
11455
25636
7751
19927
26736
4917
32743
7358
24488
17418
25394
26051
12065
19527
967
93
29066
14507
25855
9680
28961
2125
12319
9882
6020
11557
17106
3854
4036
30159
470
32575
20156
17548
17397
14879
30113
14218
26935
12264
17114
9829
29270
1979
1297
6381
11378
27783
17546
6954
17670
8493
5811
4765
23067
8162
20477
30921
23227
18644
2027
7922
19369
25616
9064
24357
17487
31395
22878
24184
14328
19199
25988
17555
24383
23713
23928
3183
21959
30449
23565
21086
16429
32618
30438
17228
3643
762
12868
4420
11615
28332
26396
4406
16219
15236
20333
26103
10557
4522
11472
23689
3730
9932
15697
23965
3287
23485
29309
6230
19248
23906
7868
19024
12893
19662
3297
18657
24809
12972
13824
12190
12196
16861
2431
22561
23124
11619
31600
32522
8360
5502
19742
14916
29549
20500
17382
9354
516
4182
16969
25129
15380
12705
30527
25351
7036
10658
6093
1508
19084
26046
22233
224
31348
6065
3902
13117
32252
13685
21532
17511
31862
12389
23409
13361
20721
10146
30446
16482
27056
6582
3843
17264
15323
22903
21565
28811
8051
18990
6865
4317
10123
9977
5241
9745
19126
22894
23678
5650
28604
9089
2582
17429
12945
8360
15601
15065
30087
25149
22543
19501
4802
11043
24276
18868
16876
3756
10334
15077
1579
30394
23830
13397
14416
21797
29317
13369
338
1117
6506
10278
22778
6993
21001
28
23775
14479
6853
29379
5013
2220
27889
22260
28706
3046
31716
13947
10673
24328
27211
32284
15243
2958
27076
28372
8514
8970
30888
13408
9007
10694
12839
17668
18207
5291
25755
28293
14666
24161
25110
13431
16773
30648
16189
25535
6328
5959
29786
32592
12945
11347
5292
27192
20346
30962
4098
29408
27337
5999
12936
9103
22839
28401
22240
31793
11156
23384
32372
31063
10681
3176
17419
3198
31165
24617
23707
27028
18284
15501
6750
19896
32756
11348
9768
9026
30178
17197
25336
9987
333
3358
12237
29390
28753
3365
31675
4406
23488
3872
24637
32410
13331
20714
13773
15199
6823
18119
22194
21373
23334
32514
1050
32573
6466
26836
8552
16705
1706
648
14799
9668
13622
13021
1056
1827
22885
20908
22752
31644
4362
9162
20126
20566
578
20016
28803
13730
26281
1113
17195
129
22222
30188
2995
9574
27108
16283
3348
20541
32186
25419
12207
15787
15085
2933
18217
14744
10588
7628
27256
26347
26844
24864
4670
13460
25133
14978
29014
9168
1069
17833
15277
17320
24908
19604
20308
1467
16704
25201
29651
20542
31482
9662
9151
28993
10968
28078
5263
22324
6428
26318
28843
12969
25757
25320
30662
25948
17852
24615
31086
25200
32154
2941
24033
25595
17800
16962
12579
6597
21183
22302
25677
13645
16978
7720
14632
30477
352
1103
3066
8447
1422
13818
28576
29280
27060
6379
20445
4276
17111
7529
3570
522
16728
10910
19311
7297
29290
10814
22344
3851
13769
30569
28971
26481
15274
13523
22289
14744
7917
20002
20756
19458
28570
10391
12160
28055
16779
18161
28460
22694
4966
25742
30731
18215
8655
19412
10750
7235
31451
27599
11244
18198
26055
28955
12565
17075
29418
26117
10403
22376
18408
7661
2946
324
31785
28655
15474
8151
6537
1218
11867
21305
5457
15327
17632
10830
21863
27622
9014
1607
5569
574
23863
22380
16927
17916
16050
5913
6138
16903
7430
8967
9399
6777
26351
24013
29729
20808
26271
14503
790
15909
27153
2677
19072
15780
17818
22535
30344
23454
25793
29079
7686
31956
23888
2455
3643
19412
14507
10414
32450
27937
26465
8957
16836
16014
4865
29350
17516
9707
16943
7055
29594
13027
758
31843
22748
6181
3936
12506
922
16322
8260
26939
4752
32470
25184
23327
29057
11371
16807
12151
7978
8090
32476
4560
3958
22771
17248
17622
32240
23328
10057
24599
17533
30404
23987
6922
2635
3497
31579
18768
24325
4379
2922
27705
5705
16271
26254
32138
30555
25993
79
22398
5403
9660
7841
24074
25140
3186
12213
19813
21911
29230
12821
20936
13096
29072
25328
19571
19638
29818
9906
27120
20273
7281
24536
28059
28695
2630
10243
22114
3888
18677
8011
16586
8315
24525
17877
10802
29288
20433
5032
31068
9287
95
17084
28713
24833
24335
32596
27300
12806
14046
29326
3906
32390
652
23353
21609
2788
15938
10470
32558
3176
31864
19778
32611
9524
16918
14243
19665
23673
28121
12000
10690
26346
12025
32102
28355
21361
20233
9096
17319
28705
21278
1047
27087
31597
14387
16179
31657
30103
20172
12128
17783
9835
31194
15581
6994
11052
21727
31537
20590
8399
1362
17670
13215
15975
15173
19002
13596
29665
9541
17460
6532
24817
23426
17524
24094
14412
1584
20846
12901
25368
17196
17817
10948
30880
3811
9411
4254
24141
13424
23463
29585
9170
2308
7617
24572
28582
30347
21857
24254
4023
6540
23039
8769
605
30289
24782
1208
2956
2377
23443
15268
10831
13994
14776
25757
625
23898
16284
20303
3709
4368
26670
10435
11754
16311
1210
27616
25487
17939
3843
15153
22621
14246
24977
2024
30284
24021
19020
10787
12182
12871
11082
20079
17956
22670
7654
23690
10053
23305
19474
15214
12198
12040
29678
5770
27519
17458
18841
2131
9994
8996
11078
19963
25401
24411
23443
26752
680
24660
13847
20201
17105
17905
4666
5581
21887
27679
18506
12308
11909
20918
3275
11521
22959
26273
5646
6001
27897
1342
16389
23133
27391
6919
8789
20134
10677
17523
19629
22034
4440
24599
7510
10129
18340
23825
26124
12486
6984
18598
21261
12482
17303
24362
18543
28691
18560
9248
10678
14845
9920
17827
16294
31495
1110
20229
12374
10426
2359
28341
15750
22181
12356
21350
15666
7332
9337
25709
104
12898
32359
22891
7254
25629
30180
29997
18855
17577
23553
26576
19984
16568
28988
7209
9253
30552
27639
29796
21874
31677
17193
14826
15047
25665
4436
17545
5843
19113
9143
7375
16116
8618
2500
7606
17998
940
14548
22919
24347
24269
6170
17912
26177
8745
2261
29591
19754
20569
16074
21612
21968
6969
31986
21978
21783
27886
2672
20935
28512
552
29637
6909
859
31141
27719
10447
14108
31991
25552
9727
23410
26246
9395
26335
6516
2264
3572
2743
7772
31504
15800
19559
14745
3765
16378
17997
8479
21173
5504
11625
20482
18346
9997
18367
13123
10587
30937
8701
6378
29062
12862
18526
5460
30685
19892
1742
21199
21326
1279
29775
32612
24711
19879
19867
19700
4538
31145
25355
14215
27549
20588
7607
1504
21430
13302
24543
14421
5077
9824
17546
23005
14050
17287
620
26475
8920
773
30221
16762
5138
22112
5928
23529
24006
30592
23889
8202
5071
31591
22491
13558
431
32028
31993
8739
4820
29928
29731
56
4122
4037
24508
11295
22162
6932
27121
12380
27522
22670
6372
22686
4524
20093
11786
9108
17363
26668
5329
1794
14460
31388
9351
14868
21234
376
14711
31218
9612
10315
26965
31892
26930
29681
22236
1496
3614
8268
26805
21202
18912
1592
26523
20323
18085
7616
18365
18957
22456
28818
8547
6661
22345
4272
7381
27530
4462
26473
21881
9846
24679
28808
30779
8979
24102
13771
8497
8495
20239
7830
15487
13683
10748
26601
28281
8432
24964
22672
18184
18171
21117
1433
17487
13627
31679
15115
26766
29184
25387
23765
26438
1238
19436
21509
11678
27995
8701
23610
18949
31821
16107
17756
30489
17127
27613
32138
19911
3182
17617
30548
25268
5639
24872
16427
21212
30923
25957
23317
890
31261
25138
13222
6439
13883
9380
15659
27205
22804
23487
4648
28830
22874
14141
10245
32329
27095
25483
27396
14798
5380
1813
22134
9609
14040
9411
23855
13908
18654
1987
13879
15712
13450
7306
25026
10596
8141
23317
31330
25338
26599
9845
9852
18501
15997
17802
15865
3032
7403
22799
30781
31443
475
29398
13917
28239
11543
12885
15756
27645
19867
2658
30167
14857
21999
5179
275
27205
27315
5065
15891
8323
8059
4390
3102
6210
30174
11100
25247
11662
21194
2160
4383
27937
24090
1695
15217
28622
107
4839
26156
1312
29483
18633
10079
28990
5874
16206
20351
16913
1046
10056
7844
32681
2426
7898
23029
15325
3494
24122
21857
17714
1565
8630
17809
255
30954
29941
28186
12494
15485
17280
32758
9988
27061
21120
15413
11973
13374
1994
12016
11026
7453
8728
5759
12596
13193
18073
19179
8798
22525
1965
14758
2190
13707
18665
18810
15028
25971
9314
15040
3094
28916
13608
22482
2803
9570
27408
2499
4710
28281
19383
9549
13198
10993
17603
1034
14828
12114
29548
15847
20236
27402
1340
5847
360
25533
5650
29892
12937
31452
12141
29131
12399
12665
19687
24232
32307
24154
2560
18799
4075
2636
23837
23678
32206
26297
977
10671
29337
4733
1114
13778
22833
8438
26735
22618
3465
5978
5433
17238
5318
21582
25759
18339
8353
5556
25542
10592
25101
4292
23256
6307
28442
20574
517
8810
16410
19870
1992
11733
2050
30386
19564
22930
27667
6120
30414
19864
24249
23307
18020
21784
8627
20720
18046
21680
13172
14668
18124
28899
11209
31944
15649
30918
19389
3416
29814
26875
17594
8392
11570
6883
31472
31128
4777
29712
18170
12809
10722
10745
31423
15736
7581
28146
11671
5099
2964
5467
5040
15338
14082
4631
25775
9872
17506
20288
5530
4577
25209
17944
27125
25950
1174
24387
8235
15575
4633
29748
15664
5505
12082
1254
15205
20808
747
30156
8380
1126
7785
27146
16412
16693
26990
3557
10759
22081
14371
25976
4218
12962
28181
29609
8724
25737
21117
19804
8315
26136
31172
27879
13820
11383
26694
22981
20081
11556
21079
30862
30568
19850
7555
5926
2945
28886
1818
2357
11544
6150
5101
26840
21540
18498
11602
20375
29535
11120
3950
7062
30888
7939
27827
5391
11429
9491
27303
2047
13740
27571
23527
9760
16868
24191
23404
17688
7335
30324
11534
19696
13099
15365
1862
27335
19554
12138
10808
23496
30750
2876
26609
25689
31097
5439
493
18325
12404
29055
32732
21245
18142
11166
25509
21098
9336
27244
24236
71
28246
440
27729
17916
5512
22118
30137
24749
14586
18626
25296
15909
24217
6420
15502
9741
18359
31349
17530
866
25777
18400
9581
25126
11215
3980
8601
30037
22379
26745
25033
14618
20310
17993
18922
1347
16759
16210
30411
9203
11701
30961
18721
16534
26904
11809
8654
17178
23594
1100
13155
27485
164
8801
3299
16609
25158
15910
16842
10951
9991
5072
21325
17403
25198
31697
16100
16300
14400
4849
22022
29183
4699
10400
17203
20740
28130
26506
24632
489
922
27757
16815
18029
20372
16167
7109
24216
15373
25108
25664
12969
29586
27542
21952
22865
7784
24053
14404
19998
3882
12650
4849
27706
8884
17526
11023
341
22336
9848
29781
3296
24271
28799
22118
32636
12491
8285
27547
3762
24298
10749
7427
28900
12629
13046
16296
5507
19978
11359
5908
11651
28542
16102
24852
6156
28295
15644
20156
1907
9082
4115
3755
29288
25232
21035
19601
9585
6031
3113
18926
2199
17574
18569
29724
27998
26776
28950
7055
30971
4125
10935
12380
32450
5765
9100
10232
24286
22942
1849
28738
15684
25816
3458
5060
9450
22439
22297
29494
27443
2857
3251
14404
26542
15113
29793
26002
21505
13731
28958
10236
26656
22376
8356
19746
1731
21892
2949
804
3606
7103
7030
17834
8370
16801
19438
7208
31436
23258
18672
3424
10156
9953
28708
27688
11105
25562
26669
24941
29876
18621
16951
22392
11098
27317
22991
10864
11886
4550
26360
16928
22302
16563
30331
30971
21412
29727
15486
29789
11896
23794
30040
21012
21955
6654
18596
20255
14103
13539
25236
19381
17246
26159
14217
20618
28433
25802
9696
31053
683
17554
27150
26741
20316
10306
6383
10301
7169
19096
5211
7405
24148
8887
11771
27740
5216
10186
27738
32435
21049
30698
9791
31859
22505
26178
26683
28090
17325
13424
22654
24258
13410
31535
3310
11690
28730
1587
1915
25977
25523
10069
19628
19040
3274
17648
18558
31551
9835
10123
30063
19563
10285
19128
31190
16303
28220
13627
12149
15760
7574
7279
18769
29653
6267
22246
3010
32071
5918
25168
19142
14006
14497
158
8858
25916
8256
12391
7820
4550
29389
1162
16907
15823
18524
7957
10240
21871
26175
21349
11361
661
21813
13199
21506
17808
10206
3327
26287
30421
1394
6239
28537
5628
19635
24763
5965
2571
25376
9698
3531
14071
1132
15887
29780
3176
9774
15048
32613
29117
17370
21767
16932
13136
9968
25752
22585
21755
32627
26306
25055
28123
24733
22569
1595
29011
30161
26099
28652
2388
977
14890
30691
26076
2609
26465
29301
9661
6412
14235
21166
15520
12021
25192
6121
31305
13104
28241
14749
5917
24611
16758
1402
27105
12807
9590
9141
10948
11747
17039
13728
26528
5307
22023
17021
3453
22276
10186
26260
11095
23644
852
30851
21025
29560
14289
6358
13833
32350
25475
24535
29950
11988
3685
7591
9839
26392
22542
24718
6230
4817
15575
13712
23926
3142
13888
22337
4320
25038
14992
16090
29372
3975
24508
19339
16966
331
9610
29715
30999
28896
10998
13967
19366
29807
21205
14991
4878
20792
7096
22895
1042
26243
12051
229
22366
17626
27551
9174
18191
17781
28412
11630
1398
13814
25243
10863
4377
27735
4059
7369
2555
22304
32626
11628
27678
24029
10255
12378
21317
9679
28734
12032
11262
3810
1931
27846
30176
31967
23274
6629
31506
16611
10326
10360
8461
14096
30137
30679
13986
27778
28428
18976
25406
24964
28607
14358
7021
15364
15195
5935
16029
32325
10598
1512
16933
5588
18567
4700
3461
22205
15594
12053
27631
14078
24038
27170
14087
24124
22237
6761
7912
23989
20324
30527
13159
9334
24228
20022
4763
974
19968
19254
24733
22530
28409
1744
27788
10562
2126
20174
9940
22748
7783
23823
19632
11952
6899
28818
27886
23268
6097
31952
10739
16345
20780
25423
23806
6237
747
27508
32433
20002
13640
27801
30925
5230
15550
24159
17725
6933
28969
17221
32342
28069
24617
8570
17501
21216
32455
32240
7241
16495
7771
3506
11211
14036
10413
4471
30348
6561
26458
3959
182
22503
23161
24445
31413
30962
25215
15678
23103
24883
16736
21737
1169
25470
14071
32255
28156
29302
15528
6245
21153
1605
9284
16312
27769
2704
7724
18656
19096
26793
27322
15848
11698
519
15068
19468
3550
12020
1026
22548
11674
5510
19259
11489
24079
27856
11162
30790
22679
89
7135
2585
20861
1998
14163
2441
10244
9971
3572
5297
22442
10719
16338
32366
3757
20841
26553
7790
3535
17374
6416
26506
13654
30197
29953
14422
25432
8196
6875
6646
1845
4979
30644
24883
3685
1137
14674
26062
3700
7143
26700
17427
20554
26026
28012
23730
8368
28405
1624
1739
2576
10518
28017
10312
23420
25703
14588
10351
8434
30592
13696
28855
28895
26283
16238
28635
13025
8089
24583
21294
17361
7507
12667
27182
6913
2162
20046
26715
21698
10131
20480
31050
17962
13318
8429
23285
32276
26310
9586
29269
22375
20910
81
3635
156
22761
30295
19515
7290
24747
13628
21586
24612
798
458
24105
21078
25248
4417
13586
4076
27691
4603
11795
14756
7700
10060
17465
28452
9977
23724
20271
31551
28917
21528
2063
5492
27925
13237
20600
23735
13072
5815
28641
28533
18738
1409
15149
17618
10394
14605
23167
11061
20901
11663
8527
4102
1194
18517
11454
29878
29416
5362
15398
13568
31676
23963
30710
623
18968
8913
6845
14625
26160
13889
12420
29130
3958
31976
24673
29947
29385
7290
29769
29605
4329
6149
4902
10457
26927
8145
24873
18641
15483
6284
31330
24884
31853
7587
31630
3734
15064
755
3376
11070
11635
6561
9443
23341
6610
15430
28910
6492
15765
26192
8729
10820
1760
23205
1983
6051
12555
7561
12837
6526
6554
17857
3850
4194
24943
26872
13439
29936
11838
10083
19961
24729
8258
6817
24485
5029
20526
11237
21499
7290
26983
5462
1942
1051
13424
4790
18243
9199
9637
1346
29784
2244
17453
3802
17223
1811
32042
26722
18546
25733
14130
30568
18241
15031
14851
26375
30578
30522
15986
18443
13489
7391
15013
31829
19561
10801
16002
29058
24025
18754
29799
28359
106
11435
6684
31263
9280
15822
1542
6313
24847
94
3229
28235
10032
20258
23072
156
1780
22005
5255
8449
568
27922
22969
16918
7225
14734
28159
15439
7082
14118
11960
17887
13060
3899
7503
8664
798
24859
5739
19092
11261
24450
2405
6997
24557
26465
17407
15656
11472
29661
9811
23311
28599
5019
21257
24926
9903
17211
12237
19558
5342
20770
18944
19025
27854
11901
29614
13389
29960
20866
11457
8941
23269
3321
11380
8651
10145
252
7946
18035
2993
2299
27583
11900
29782
19203
5887
10488
8051
19519
5334
3855
8604
11967
8104
4070
4719
31864
26402
29638
21287
9100
11120
6778
9070
1996
6320
14584
30835
19835
30375
6724
19005
16725
179
26514
19263
464
31233
15275
15916
19874
20992
1425
24076
7043
27926
32358
3216
24372
26001
13962
15010
8128
22752
32260
16193
17154
5379
11299
4236
12903
14912
2660
4892
15606
9496
26263
29591
23181
13433
4158
16002
13421
16437
17718
10839
5880
21427
20889
18392
12474
229
26338
3234
17063
24441
28242
27653
9635
3156
23187
29203
18760
15676
15516
5367
4067
15572
8148
12425
11199
25294
29050
24607
24999
23644
30532
10917
21670
22759
6470
13552
16145
28420
790
28239
15559
19876
24622
27491
2744
3466
14225
25393
24484
14083
10930
630
16933
20433
7057
2362
32752
1384
32295
26280
10840
18269
22788
18205
15380
26139
14647
18559
19521
2520
7534
18640
29355
5575
7262
771
16712
19343
19045
28174
30469
17149
8814
4672
20421
2549
30230
18645
5543
175
10509
6600
22408
17952
15294
11240
26826
18613
26930
31534
3667
20295
23601
18766
31960
3660
16299
31884
3163
7498
11863
24785
17650
24722
17818
32510
10443
15146
24490
32384
24429
7435
14579
17701
9792
16780
1210
18733
10832
12831
13568
18853
12110
24891
31145
24816
10200
29081
15069
9639
8953
32163
4783
19875
13044
29482
2556
1879
12605
22359
7318
32099
969
1764
18594
14439
18311
18059
11583
21269
1071
14271
31849
13451
19770
1435
17436
17631
29745
24088
21180
20475
12331
2946
15028
2731
24210
16941
14686
28148
16677
30308
1315
23720
23875
20130
18147
18231
24678
1541
17046
16840
11758
21247
29492
16520
31264
9807
7635
28226
5742
22063
8207
20785
21240
2511
32175
12818
6484
30979
29062
31100
9354
21560
1430
30580
31331
26797
30332
18749
2532
21728
26120
20845
4885
24902
8491
30278
15367
20798
32022
6722
30484
16456
4000
752
7785
24434
18152
8703
26818
10004
9276
29848
7029
20669
7738
27890
7602
11629
28213
6688
20745
11269
19675
557
21292
9211
25108
25194
3319
14418
27693
18951
12973
26314
25141
17121
6533
5972
5543
31899
1637
16328
5962
11760
23021
28634
25430
8263
15799
22859
6360
6536
14045
10332
16471
6191
16828
16520
26040
5535
23288
12658
2399
17080
6593
30749
11415
29355
16212
24667
32052
10253
24516
6792
25719
30763
2042
22903
32049
14494
1274
3245
13611
11039
12393
2765
7622
7068
26188
16468
12255
9355
2067
13958
1781
3454
12502
1705
22414
30711
32478
3440
9430
20094
5735
29370
31114
10738
16804
22909
10260
8477
20996
19452
22008
13962
9908
14401
22126
22683
31845
4295
6224
10198
27215
25975
11063
30592
12406
2261
8162
15469
15148
5500
18391
24086
32727
26568
6220
7660
5876
24530
13383
2284
14172
32673
25093
10100
30406
14750
28569
24405
29582
841
19157
15401
19381
43
20589
4583
1320
22795
5722
11700
19269
4965
13693
2300
9627
32024
22149
12994
3057
95
1554
25396
31626
29698
5146
28035
29096
15310
653
1009
28495
19778
18228
556
27211
27787
25823
12762
20341
13747
8127
15733
31281
17941
20753
17753
17723
6676
7676
19227
6308
29452
5565
26397
6423
22921
31489
31839
23649
4023
15506
24216
18224
2074
24886
7814
30747
13439
27349
28802
25571
16691
29913
24919
1785
4210
4570
19796
20544
2594
11387
19872
10515
5058
28559
4046
16010
17565
31105
19377
28665
10819
24306
19314
1722
12601
16547
14815
6957
1520
30870
11014
19196
500
8816
4867
9380
31078
802
7958
27697
31916
5064
9465
7496
25191
13265
7280
20075
11685
18017
22305
22905
9305
16115
27302
28020
10760
24899
225
28039
12996
14443
655
16712
25182
2380
20512
31290
11224
17455
31943
29334
1305
14764
16333
18763
740
5836
4138
24387
28939
27754
7766
14824
15072
17887
8285
28391
14317
4830
9266
32051
12517
26780
23621
14158
12506
24116
6743
8900
30383
2123
27789
28920
6865
22511
4292
29986
15650
24773
12837
15257
20278
19044
9465
9806
20162
28924
5310
12953
1105
31035
22650
19513
6713
23409
24911
20886
8142
10738
30544
11592
19669
5820
14483
10461
6460
31833
3719
23767
32008
28167
3464
25077
27790
4887
29361
10164
25830
20883
13298
5140
7325
3107
22114
20639
11434
30513
32470
26792
17827
18764
28850
7377
17713
19146
28415
4048
16322
2226
13246
12402
21117
11993
29052
1247
20859
19786
4903
15137
9780
3307
11808
8928
29239
5982
23185
29807
18975
13862
26113
2317
7362
27915
5158
26724
6827
5055
25082
20310
12747
12993
32529
5113
29035
10114
28969
2784
27237
21447
5635
20893
24468
23630
30577
8835
23177
15028
9649
5553
30847
9878
3065
29516
913
6647
29523
31499
11307
29921
10155
17657
30399
1103
29478
8054
12729
28747
25526
3711
1972
21844
3820
20528
494
3330
18445
2695
3833
27117
31847
1643
25012
27338
10725
7149
15482
10455
9186
13261
31897
1402
6715
576
31238
23332
5800
24304
3919
13692
25676
24133
24016
21690
5514
4067
8746
80
7195
1652
11505
27856
10077
3239
21413
14602
15598
11128
28132
18036
16250
26035
13021
28880
22481
19635
2824
26888
29757
21104
10773
14173
21010
31929
1314
10432
17798
23997
31024
11136
13251
30160
13784
24358
29499
25196
16442
23454
1596
32374
8759
29591
25540
22467
6624
30251
17046
7643
23853
13251
6797
28157
17907
18997
20529
8291
31248
31792
16008
31430
25576
6106
4911
27685
3862
12471
12456
13763
15707
12493
2806
9583
18394
1286
12903
17671
8328
26837
178
9023
2014
5404
7233
6559
19153
22094
17872
13259
7427
19921
9271
7175
25403
25254
644
12538
531
9547
13389
10418
1264
10976
5189
25833
12599
9098
20748
23687
22974
12309
31820
15976
1665
15069
4097
12638
17559
22510
24088
21882
12900
28778
7740
27271
7183
15659
3565
16344
15414
21674
22226
20804
29921
20511
12112
13678
5301
19434
26971
16714
31851
18226
25484
1244
14464
9932
4212
1347
25389
24414
2097
22519
25241
2756
22590
847
22350
27826
1424
18502
20201
10907
29918
14718
3862
15058
11584
17285
3260
20208
10491
2648
25461
15733
10395
16421
24897
11954
15427
22869
31355
4326
30530
16842
14860
6055
486
30565
478
19075
32149
11724
12180
26344
28441
24426
31096
6465
9020
28599
6068
20834
16789
17081
3526
13862
417
28107
10286
31830
13846
26013
617
9421
8819
19836
10531
26074
20188
19411
11433
17382
20005
2034
14237
7511
10797
13583
32237
11700
27245
20106
6149
19465
26832
26998
7748
26765
26821
16212
6317
3458
9363
22049
5856
26461
17646
27028
1096
6183
30407
31137
3221
23075
4968
8769
9325
13745
3775
8309
2654
20082
8186
10376
21528
2989
22613
29077
23513
8177
7216
6730
8744
13308
12901
19179
30662
14556
24024
14490
994
9556
13648
28117
31372
8833
11653
31808
5996
27581
2426
31653
12468
26052
9484
31289
30291
12566
19915
16929
12652
15260
7690
6196
6150
5517
3634
22531
2309
3475
12380
4374
17497
22570
18974
2425
29557
17993
16548
18808
5634
20293
2819
5286
9941
29170
7883
29732
3359
12555
2779
13855
11748
11988
13434
1691
12719
11261
27299
1391
21123
28106
17311
32145
17940
20337
30938
8596
6199
708
13551
29039
2456
17423
2053
11648
18091
1348
30302
31441
2789
21589
21805
7321
1067
226
27048
26374
2699
17684
32351
20281
42
30153
25292
15507
28029
32241
2347
32559
11708
10551
13964
4015
16276
485
31014
31804
3613
17921
22766
9928
17931
14268
30312
14486
2856
19726
3005
28413
8706
666
1039
9577
25056
21975
7433
16546
763
10865
18106
24401
7403
7917
13731
29632
26976
5261
23310
10977
7954
28275
14242
17554
30971
19464
15413
16671
15811
17055
11489
2056
23420
23126
14938
27653
27535
21053
17790
12360
13046
28603
302
29442
29356
23853
26205
8488
7266
23503
11878
22391
16244
19680
18339
21686
16923
22017
30779
24891
15076
9439
9019
20400
32353
5649
25577
31511
13598
17220
29525
26124
3542
15509
3120
24394
24551
28990
16609
20337
20996
2933
30678
5127
22826
17297
536
3004
9173
28271
35
14322
17779
19220
2292
6012
13849
21395
18275
7846
31349
5425
435
28790
2052
21448
16232
15666
14724
31849
344
27170
26541
11077
16389
26263
31260
18638
9258
21037
1168
537
11668
22604
17496
8327
15411
25845
4620
1188
12145
5819
7036
18511
4034
4623
31206
19484
30333
6593
30828
13302
10218
4292
7876
5897
5020
18738
21554
26335
12033
17551
11955
20936
24119
18770
17019
9344
24353
29089
1442
28428
27323
5981
7195
28901
170
16734
8165
4184
4376
30208
14725
24877
30910
5854
7347
32391
834
10717
15700
15371
26564
13165
20648
29252
29620
1547
28357
27206
22502
11018
26692
11410
19432
18580
9274
14138
31635
10476
6762
24390
29408
18165
15800
24917
31741
1016
27361
25992
9120
27298
12138
31387
22428
9036
31958
19541
21426
32128
7196
6435
20649
12984
30040
11008
10656
18024
32705
22423
27556
10047
28123
19372
894
30122
27118
9656
32206
5019
30390
9171
3422
24968
18524
26839
19376
19638
10661
7363
26585
4791
16746
27741
14226
24114
19528
11292
24205
8418
7832
8772
5
20193
673
15443
11929
24359
18189
13212
3674
13645
4506
25906
23843
22679
18962
24839
21801
7218
12669
29781
7634
7354
31125
13117
16075
14080
28794
17839
18773
23561
5287
31625
11231
26202
9509
27651
25562
21618
510
9290
457
3225
28917
10603
13207
3544
6772
20851
18734
12873
21190
14292
26437
26257
902
20747
23673
31402
18776
24960
19616
28646
6615
23470
9818
26672
1486
27011
5864
6805
27562
9482
28738
28932
11823
17479
13667
13138
17259
15459
16616
25473
12264
8201
14809
12098
16934
15631
19143
6840
8776
15705
20247
18559
2574
20218
27293
749
14595
6045
16237
27288
30968
30500
13805
28184
18096
23950
2863
28430
29405
14366
6526
14437
20299
14777
3895
10711
15452
657
2011
15539
10932
27392
15201
17886
25909
30134
14289
6424
14126
11543
22798
29057
17103
28639
29427
17244
7137
28936
24994
23314
31412
28397
29721
28026
7000
26031
25863
32087
7439
16600
21981
14883
30211
20542
39
15371
20277
1067
4381
16698
23734
13498
25461
20570
1561
30852
2940
25688
29480
20092
26981
1384
20694
7960
13793
29514
25205
22706
15600
17611
13097
11053
15094
8334
31645
9947
4113
29452
4084
17054
15786
17882
27139
3406
25162
7211
9149
3675
10159
30869
30190
6580
22304
28696
3885
6887
2045
28252
22283
7049
7322
3898
29073
2264
333
12670
5866
31903
25030
9963
4956
3418
18591
9600
893
27035
23860
24058
8355
17068
13237
23450
12700
19062
25466
4392
29599
18593
22422
14136
3971
2813
3502
24492
28463
13601
14092
25210
1874
13138
28655
1968
26964
21670
293
4789
12684
20584
24540
4817
9651
15039
24502
7407
6040
11403
19227
21154
24598
8848
21971
23143
1603
22486
7636
11562
26347
8015
11864
23819
28733
187
14643
14689
17859
7369
31332
29695
24728
7295
31210
11191
32725
12251
8153
29
32076
24507
20140
4749
23161
14074
30685
6256
6581
1756
24243
25274
14253
19116
32092
32439
22803
28323
16443
21512
147
32268
2947
25577
24841
31910
16133
3509
8177
28490
11334
31915
7198
22477
13013
8946
3248
10280
30427
26075
3136
28886
26100
24423
25693
20094
32317
22793
11580
23250
2991
25516
5547
9399
20395
12536
26439
29606
18133
4561
6895
23122
294
15905
4472
23691
16445
18904
17570
11362
20470
27441
1099
17038
19774
30262
5091
22030
20262
12678
15392
30480
9782
26710
9459
20754
9731
23990
3002
22599
11523
1301
10679
26172
24225
9224
24257
2491
17293
16711
29753
3568
17494
1272
3136
31946
12858
28209
4391
8356
21053
440
14631
18725
7800
22029
29267
22372
12724
8362
19146
21840
4407
10377
10545
7248
18654
16871
26977
20262
3436
14152
12636
11033
22818
17339
4742
29779
13968
607
19218
392
11690
30502
15290
10968
1822
5337
26035
8183
23013
25692
1248
27019
5912
12596
6726
6613
2054
24390
31424
28820
29315
19937
13811
30246
22403
27647
27013
20977
32743
25032
21642
24577
19350
29528
16191
18930
30416
194
2811
10001
18879
18261
32354
26558
26191
18462
8668
4117
10304
30637
16454
1485
19322
6940
24551
30047
19616
30286
18341
4715
14311
12149
25720
14168
23081
3031
8992
10300
2101
27089
4627
31995
28778
7196
24506
30386
10884
2639
2268
17494
31157
15013
19291
31384
29944
10497
12574
17164
2466
3887
18254
1675
3129
621
21957
5846
19338
2602
10947
7035
23030
5133
20195
17917
269
26937
13646
4399
4958
2256
15407
4065
4236
2997
4455
3774
20389
30103
20353
3445
9136
5931
26344
21271
11909
26040
10071
8640
21986
27609
32146
19834
3770
14207
14676
14942
29392
26933
28552
1533
21637
18600
19643
24574
17646
614
27602
22024
16426
29414
1272
5858
29683
8905
2267
28888
21618
22623
31768
3937
29528
25197
9971
15360
19754
45
27980
9832
220
2711
25295
30691
9634
17119
28522
13812
13059
27199
6148
14395
12079
1782
16236
13722
6034
31377
29583
11414
14249
19817
6895
11008
25109
21357
5712
14548
16366
3617
10932
27233
10841
28647
18314
23978
16989
25726
32035
9997
15090
17096
14181
28962
2395
3024
4291
21478
28598
6923
20845
10009
5586
11230
28355
21476
9280
22625
7952
27071
5549
30051
21877
31378
12911
28590
14883
538
27229
3723
29389
23695
228
16265
20318
4228
16215
20347
12007
28686
8583
13504
12507
21800
12436
20167
1662
32086
2
16081
30875
18569
271
15865
30069
24387
8260
5234
15105
1019
24907
5649
29010
5059
27904
18443
18773
31272
17866
5119
29630
7258
5676
11319
1090
32653
19863
1323
5383
11934
32643
2118
15961
8954
14526
25581
13982
13500
16131
7358
11916
22037
28366
17429
15769
7665
11119
30677
29363
26071
5469
3941
23858
32529
31438
6648
8715
17166
13956
4626
28998
772
28906
27208
28594
6873
30559
22343
26839
11076
7634
31511
23852
16176
24207
21921
16522
24673
11352
7791
31969
24409
10936
27572
3370
21117
16532
19084
17564
4212
14595
11396
5667
10704
26208
20061
28686
9712
31645
31757
7
1828
4057
22023
29513
23059
53
31676
1805
21594
9188
16226
32069
18038
1666
18164
18829
25828
7335
15994
2655
11398
9915
32650
8838
26185
13836
21007
1749
3589
2077
10825
5144
8357
11330
2069
331
5511
10089
23407
16906
1830
2619
4661
27977
20214
11620
13101
31813
6287
2094
10826
30138
12302
21845
10795
22871
4024
31255
18149
24431
28897
25482
11778
24817
25613
20018
8138
31642
13396
11219
3521
18025
6667
7044
624
10836
160
10245
13928
13113
25542
16466
30341
27927
2002
7800
16240
8574
4453
4264
12903
2372
16460
22666
18241
18042
20900
5331
24492
15006
19778
26906
8122
3346
16978
22504
12188
30157
14141
782
19117
8273
20689
17979
16306
15069
29852
24525
18015
1507
27288
7144
19998
30652
16910
13765
10765
18587
32180
25421
15941
31424
19224
16103
4706
13038
18754
910
27968
29982
8853
20262
24066
6517
32247
24336
22105
3444
2866
31484
14851
13679
11929
510
1937
576
4078
19941
32366
3900
4227
24776
26141
23654
27808
4321
23234
30947
3109
9886
17124
12718
18032
8438
21105
6285
7553
5114
16130
30532
13404
21932
2401
776
1199
27923
73
25654
6069
30607
24684
26181
18010
30827
13754
25594
17568
18097
25057
17370
31809
3394
27664
6373
31382
4389
32257
15233
30135
12832
12854
28341
11492
22917
6019
26007
10276
19279
3532
15624
6955
3437
24592
15774
28545
22878
16294
31202
14817
19454
1223
7356
7904
18336
22605
31787
27343
15452
10938
17465
24801
19115
7292
20015
1425
29745
15216
30725
26686
20185
14756
4124
12312
28199
353
10544
28736
30410
19049
27272
1835
4209
5245
12399
3400
10720
11042
4328
5858
17219
5797
6302
19783
12994
7773
21530
9002
5973
16432
31032
10310
28122
16728
17628
16452
31845
15463
24801
16607
2007
20617
26194
15174
1970
22026
20445
29889
19499
15384
28804
21144
19073
29641
17046
15665
910
3168
8926
15992
14492
25804
19482
24451
25209
5745
9903
2423
7886
32043
16538
28069
1964
144
426
14585
10600
630
28652
5781
2729
5814
6247
17849
31423
26671
28682
18150
6710
28429
16611
25667
20907
23627
30610
6463
10975
24182
25852
7544
16394
9140
18500
5852
13682
15622
13559
14093
28987
18122
10630
18442
1409
31364
27130
27661
164
3549
29411
5295
6115
748
6289
30034
24621
19893
9863
29888
2355
29423
4909
25104
20162
1035
7109
28874
5200
7281
23712
16459
24277
17421
14738
29290
8412
23306
10915
5467
3289
29405
16647
25812
25021
14470
30801
9839
26056
21522
10211
9552
926
24933
10409
4359
15774
26166
775
17335
27503
26971
14607
13176
30171
3911
248
4859
1249
24529
971
25965
21509
6455
29792
2461
8427
13410
4745
96
26660
32363
28301
29237
25672
27487
216
14373
837
1599
27120
27629
17910
8779
28331
17247
15864
12672
1184
15110
7609
25696
731
21513
3793
30449
19157
26961
17046
20232
32163
24558
28906
20423
4461
14007
14680
1637
23330
14641
6752
5165
24682
22963
29454
31178
1500
30407
17106
10177
28018
4050
7051
30783
6457
11512
31205
30229
9805
32314
30693
5377
13317
30177
3522
16175
19307
25120
21751
23551
23279
18933
406
13321
6748
4432
1503
22111
27402
10359
5137
25361
2134
19113
29312
24311
7247
4097
21992
29866
3250
22174
13825
18132
5145
18177
20563
14250
31599
30646
19788
18870
1959
29751
15248
32218
28589
11021
21904
21138
28317
1848
17758
18553
17972
14545
23232
4111
17796
28910
26499
17593
10219
5318
13841
22793
24645
11286
20038
6208
9313
3779
31872
24849
19634
5568
20213
32168
23623
21298
32074
15595
17661
5586
28257
12544
15348
15251
20594
14095
12863
6022
30557
11337
17888
28410
30014
29737
16115
20967
8514
13305
27945
21133
186
26521
31096
24664
18030
13180
17
18951
23604
6131
1683
11021
10945
27054
8830
18487
5054
13183
25578
8080
21023
25954
22649
12162
13488
29883
14986
14653
26352
20958
8367
605
15395
22228
16738
22982
12451
4957
7923
25555
5495
6705
12229
29105
6694
13195
22202
26629
10445
6376
16364
30933
18544
7692
30110
13477
31118
27463
16754
14048
16632
11510
11740
29050
21731
23628
15318
23508
8251
1363
8405
2272
4154
11821
8444
26757
24634
17312
22928
14405
22471
11986
4013
26397
12025
30800
22327
28844
3328
7253
9746
29592
21761
29770
10134
1838
13601
22921
25661
5192
11231
25958
4511
13684
30630
29296
7841
25170
9378
17140
20457
27198
11476
28867
149
559
24161
2613
23340
27103
31792
110
7892
27693
19635
19168
17606
16063
2821
25617
6656
1259
28214
927
8505
31192
15075
14721
20762
1504
4873
20111
683
17209
30746
3653
9228
13781
13137
24004
869
14982
6211
17433
17951
29030
21944
18370
24661
10102
18616
17774
8325
901
1513
9221
9100
31316
3352
2536
17617
19959
23317
30586
24256
7294
19908
27359
28538
16853
3697
28932
30154
4329
30308
18399
6748
10252
8629
30200
31017
25755
9314
31528
7990
14814
5535
32416
4222
28463
25965
7726
27180
2399
12398
17084
29966
25429
1528
7706
15431
14840
21608
13821
31812
12112
28601
8263
32241
2279
26197
21640
12844
11638
6186
14021
8570
9661
17409
16249
1016
9395
32523
25818
5525
23263
19133
10589
31359
6406
15582
29564
18395
1542
28127
4791
1209
27650
8554
5593
14151
24767
23869
22140
21060
19790
25145
24015
5816
6380
15286
1687
15843
31526
22810
116
32627
14657
26026
6246
18426
21208
21152
27279
13214
25031
18301
24891
8467
12616
27808
9501
28870
20572
17432
25307
17499
9069
1207
2510
21082
14641
11111
26627
8741
26321
14017
18309
17454
28491
16604
28894
23142
14869
27491
14043
1273
23811
20971
28560
1848
32106
30339
32412
14550
19590
23692
21678
5976
8985
17867
2120
3015
85
17852
27587
14504
28668
7977
17556
25646
7110
8188
1997
21165
3075
28498
16359
9554
23425
464
32702
4370
25264
10298
1757
480
7684
27713
31484
32291
21403
12189
23239
24167
15392
16732
3553
11602
13039
23930
13865
17370
12665
19121
9788
30134
6634
2706
8507
25106
5386
20437
18382
15495
1889
12014
22120
8778
24991
15585
6349
20388
20539
4182
14034
18850
3673
22768
15972
20493
24561
219
3788
11164
30510
3236
2353
11369
18708
11598
10847
27810
5478
14498
29127
11137
9671
31686
14790
21630
2079
7185
25898
1731
18496
31262
1522
12512
27850
19231
24917
5312
15179
23668
29958
18395
1963
13693
25015
942
4808
2988
24284
23144
15453
15582
7089
9191
3112
17387
12670
14050
22092
23419
2841
17000
32500
17180
26029
23433
8505
23186
20155
4947
7494
1902
17246
10496
20921
6371
21715
11373
1101
7636
30264
9422
15798
24881
22420
4001
7373
132
29208
19424
25837
20679
10661
17787
19357
1401
10126
29957
18799
19953
21150
1965
29224
23793
2141
17265
6176
3710
31631
31630
16108
8175
23550
10555
8507
11845
11129
31894
19966
28346
25629
31199
8396
21917
21459
30436
6532
8028
20762
3260
22324
28643
11527
20920
14905
31780
1673
28567
29096
29175
25330
27129
30701
4645
12211
10519
17074
12479
4455
7344
10755
4021
9236
2887
19119
18339
4269
24971
26609
13038
7131
5655
4175
3856
4604
30043
2499
18480
13421
27098
18713
8950
3076
5271
30872
14493
17633
18889
20964
31050
30567
17878
20259
10396
645
11903
30559
2180
23354
13400
18987
9815
30040
26748
3722
32289
10632
6782
2316
26685
15502
21155
23866
1314
27598
15438
7732
7040
8975
5307
21145
7308
16256
29168
28583
17047
1016
30193
4004
32230
8834
16948
26492
9150
32537
16212
16299
5054
4016
3337
29789
18290
32118
11864
16596
36
27479
17927
23051
1781
1478
30548
7321
13101
16314
16103
20951
10960
24822
22532
20549
4466
18830
517
31530
6475
3751
14856
25979
10894
21630
15589
7166
5367
2476
25955
23215
32675
26536
15019
12643
2853
23693
17148
23467
22998
16925
28321
20475
29292
1542
12064
18956
12495
10085
3765
21630
14632
11657
23550
5570
8506
31737
15864
25655
17397
10168
17450
26003
29512
12743
18208
15749
31800
19180
11547
3993
12591
1202
26375
22619
28310
5041
14765
25023
19877
1807
10026
22208
31098
6471
3232
14920
23145
32297
18475
17744
2964
21027
31511
28744
20155
3774
15440
11193
29269
10347
20249
3113
24031
14720
12801
27967
14452
24190
6675
20519
23966
10133
11854
31032
5228
17258
5973
4308
15556
18199
14183
19344
26363
14195
7824
23957
2467
14229
3873
15687
18852
147
9823
31012
2191
1679
32120
9454
11566
28405
22203
8716
23136
15358
11015
18222
2083
20857
11140
11056
13043
14026
2962
5953
5459
14899
9983
25668
8105
22866
22653
18294
8782
4843
5203
21073
24038
1512
6994
10673
28141
414
23051
14390
16787
27474
18495
24553
5834
7420
23703
28450
11165
8522
26773
23721
6595
28904
28875
3867
4212
5375
21835
13199
24699
21244
24158
26490
3725
17810
377
14800
24537
1794
29292
18284
5344
20634
21725
30386
18055
13179
8693
5747
6506
20128
5721
25616
15220
9756
15452
15587
24493
32675
26227
32474
11346
26700
11753
23653
20267
18325
18899
10131
11289
9128
21063
22648
23023
31453
17353
21201
24962
22143
22278
12011
29444
31443
197
2496
1421
22614
11802
8291
5371
8775
4316
15007
29180
11877
4186
10459
22633
506
12874
22849
16342
12312
4098
18464
6759
27939
11243
20366
30181
31631
15154
6737
13072
21995
14272
15872
18231
14879
20077
16485
15367
31218
32112
3110
24993
13519
30490
6308
26351
24264
7365
18724
19511
14555
9735
18221
25584
7796
18475
23600
21973
19508
29153
3695
22585
1009
28468
1303
5018
12798
2493
30639
25720
30636
30998
11446
28519
16144
14226
19336
15204
15367
3883
1410
18021
32376
29372
23142
18484
31193
30577
31745
6012
9717
635
5387
25892
7404
32520
30542
16861
23163
12402
29963
8695
125
29878
27033
21369
17586
2857
13647
6768
27584
13158
12452
26503
30071
14475
23189
23768
24153
15525
17991
5378
6746
22632
3054
24700
11492
25380
16621
27945
542
30452
15167
3116
28014
1337
9237
2557
28989
3910
7616
19644
13306
22365
210
11462
18017
7643
29824
15239
7933
16047
26187
27791
28395
17168
9440
21735
13282
15216
8764
29861
11120
30123
8467
16062
2950
25477
20851
21276
9271
17747
8357
7920
20157
27896
16468
22346
19901
11539
10480
487
716
18551
6997
73
7473
30172
26024
20749
9708
19412
28546
31610
3320
10496
20817
22870
7118
27779
31483
13053
28970
4791
11716
25012
27153
2591
19825
27706
7187
21661
19629
20896
17614
18661
14509
30299
21171
2098
10256
26520
27405
31800
4361
26831
4414
29017
19135
32667
21324
8475
15860
29129
8093
16602
2277
27054
10239
26810
6770
13502
30188
26336
2175
20571
5131
21218
9626
14571
28921
30075
6622
12077
24394
22660
791
26573
22219
4895
24615
22838
23306
9782
19368
7079
11033
32036
18898
3977
7822
26289
11679
15872
21454
6724
22830
10176
5004
7508
23909
30242
3468
7456
15579
17014
21165
4256
22005
26523
12326
14011
14415
4558
20496
17594
26973
192
17189
22781
23634
12267
22471
1516
8512
22821
25156
2353
3969
1398
23128
805
28503
8231
29171
17031
26319
16411
2365
30836
11755
7011
9175
26771
19967
22796
17252
27025
28764
13627
19273
18893
44
11133
20912
27732
9117
7000
467
12815
20546
6950
29559
827
32438
27939
7094
3354
16770
19140
15106
2024
17216
31306
27751
6417
28673
25240
14864
9633
19949
4417
23309
10492
18729
26342
32340
25551
30462
23999
18181
30534
5175
7799
24050
16512
17098
22333
15454
2112
19131
2328
5125
23269
25150
16250
30813
7324
16668
26137
11548
11732
855
12538
15866
13298
7953
19150
17336
23110
29098
15746
31329
7998
10281
18706
3280
474
1757
7326
14706
9056
21572
9663
13389
12625
27435
27163
27201
11163
14359
7991
2446
23312
9700
29837
29591
3095
15788
17375
31718
24994
32234
7114
6255
21600
11487
22686
26393
12851
10805
16237
11386
12772
995
20322
12258
28438
21072
15700
6300
25208
8123
19867
12400
10815
24282
35
12140
14036
13505
17087
29925
12233
6662
7615
20920
9490
5923
3780
18389
24690
8219
1491
25343
27443
21345
14505
3789
7194
8181
16462
3573
16794
5840
13549
30409
15432
27522
15331
22786
7567
26650
15382
28861
7845
22598
11400
2755
957
12219
12588
32269
16255
28631
31224
24200
27317
4229
6203
19733
25671
28770
15921
2260
11625
4126
7380
9634
22035
7460
21494
3040
3505
3965
10381
9591
11293
24305
30030
23576
18122
4976
2429
19657
9794
13489
27139
21661
12242
23833
10433
23234
6019
29662
17956
31681
28237
21100
20729
31234
24712
22792
14467
6031
14499
14003
1227
15641
31256
26705
26936
4672
10399
13066
25951
27407
4003
7665
26652
11974
7666
12003
10466
7133
10680
28338
11087
3397
12462
30851
8452
9457
26767
6261
7603
32661
13260
15748
20857
21934
20096
17068
15727
11714
18342
21329
5756
1001
6794
28382
19053
2700
31869
20397
23367
26733
13005
14631
1243
6119
1268
28972
24732
19320
7952
26805
31662
31612
30867
22455
4927
315
4924
20555
27418
25382
9798
3341
29305
13918
2527
32449
11035
14710
30427
23869
1687
3194
28330
16259
11760
10800
24455
32557
26473
1693
22771
27406
3739
30411
25698
3350
21188
17866
22068
1910
12130
6901
10982
19717
21249
5494
17546
14562
26705
16653
7284
18779
30075
18445
15671
526
17845
1703
6352
14670
4373
25450
3872
21705
22178
4363
14496
14695
7345
7522
18768
29301
2927
29110
8176
21506
5562
10298
21875
7305
9269
23255
24753
22993
30363
20268
8796
5394
12115
9172
27957
2649
15685
25319
24191
28461
6125
7619
6836
3187
429
30220
17016
12175
17512
14321
13259
14028
7244
27057
27522
15614
17647
29790
6904
10342
23710
18914
17921
8405
4594
11327
32031
12564
20387
31259
2041
6020
23201
9339
5128
2562
5729
12751
15252
28941
25461
29231
30943
24107
19552
18660
22944
16776
29864
12074
1714
8929
32301
21556
29710
24992
22712
32369
19703
16457
12247
4622
28788
16148
27369
24764
4611
2524
29557
9907
21132
32055
13760
22774
26004
1767
3998
10457
5811
25969
8584
24769
17224
2827
13807
32300
7275
10171
13008
11505
17699
7870
18825
1992
8409
27431
22763
16908
26125
14280
13712
7872
18760
11861
19566
22737
21586
16839
21421
24730
15780
30719
32182
4781
21536
30380
25229
19409
21248
22382
4960
32327
12813
1852
3168
11346
17937
13571
30927
27638
17806
5007
32090
22527
1456
29359
31914
4677
897
29588
2614
15151
3420
23675
32603
630
8356
20364
26286
13611
20405
26881
12689
27900
17435
2186
27652
17587
12547
18928
25278
13823
18926
28921
28541
1143
4525
19597
24474
23004
5513
21782
10464
30622
26818
2605
24734
8610
29755
21362
10491
9795
28275
26811
2186
10135
4023
1394
24606
2547
22166
27448
29408
11185
28822
30670
13470
18992
6949
21046
21094
14365
4306
29461
10580
18673
22205
3164
8104
5563
32332
5159
5147
32544
12064
30438
22388
4256
3400
13498
25686
10523
20404
28194
18780
3219
6892
9174
31080
17203
29698
11763
30263
27024
24516
11865
2361
22064
567
593
32416
14409
21057
30580
5815
5066
13734
18376
8566
16031
6454
8491
30803
17201
22852
15349
19034
19501
3673
17625
28288
32135
4650
7692
12341
24254
20680
15273
19000
14945
14871
8021
943
5842
26497
14111
9079
11338
18923
9129
11705
31773
29672
10637
8126
27968
21549
20986
7684
4616
29766
32414
18577
31540
3975
29897
10631
15406
5700
9167
29177
1166
28997
10926
30973
29408
6516
24816
12546
1191
22489
26323
1892
18338
16840
168
25150
12365
17753
16761
12416
14763
23065
18670
16449
12867
10751
6257
20310
23144
18082
17297
2595
14270
16040
32676
27825
16890
10114
22193
14849
19689
28503
397
32160
21428
2877
11587
19324
2402
21935
12217
12790
21150
12604
28561
4664
3259
17276
846
21193
17909
23624
19384
8286
19194
23850
3457
12532
11689
13587
20008
15643
10521
17484
30750
9109
1757
15535
2600
27423
27014
21015
22020
5775
8298
20245
4687
32543
26788
25061
17318
10505
16220
13728
16652
18004
10569
11186
22411
23533
4979
18831
20766
15609
12606
11938
25295
20586
31652
9862
17949
21712
13762
11129
416
5746
6806
27918
9456
19358
6151
12066
31682
2877
15141
5392
31828
4522
12723
11561
29964
18373
1251
20574
15708
16451
29024
10816
28136
8008
145
32043
25579
8247
18205
30397
5078
11721
27818
10381
28475
16476
24811
31002
25066
30350
25049
8450
10842
7179
14144
2165
4426
4771
18302
6376
17575
20896
27015
22286
22961
28502
6189
22788
14938
26875
27295
27852
494
7353
30255
764
3321
10754
32088
12727
16486
11300
4095
25565
19428
797
249
2175
27534
7856
21710
22166
27850
32696
3516
30964
31345
25533
30975
13946
29745
20165
24912
27276
21808
26476
19116
25026
28146
22839
6998
28384
30077
12582
22047
19465
13755
26760
18917
7215
22303
4627
23130
8398
3979
23860
17926
30682
14450
25508
3472
30198
4154
30012
24633
28902
10980
22026
12713
3655
21998
8868
23790
27261
29560
20156
30914
11246
4263
29173
16652
22126
15175
22261
14762
29433
23220
188
28270
24488
4090
6708
29798
23518
24891
1033
4193
9410
13393
29882
9902
13811
23733
24305
22567
631
16543
4624
28783
14836
22895
18700
2423
28194
4940
7038
2119
11392
20491
1271
22267
24646
4434
30356
11
4251
3581
9939
3792
20233
14016
5029
22852
27182
28174
27333
5898
14516
30522
19527
27054
4227
24797
7028
14893
15924
28279
20949
4024
4297
17753
2190
17333
19868
24770
11246
14087
8342
4424
3395
27791
23713
2937
18163
11506
8288
18883
9928
6045
13085
17809
4748
17671
11779
19383
6870
24118
17805
28688
12323
19845
18238
25701
11816
27812
8083
13969
12647
21472
31798
14819
27393
11941
24180
8132
26315
14657
12785
922
30627
19434
15258
28140
15877
5891
29916
4806
31961
29851
10003
20319
12431
29495
23366
11001
7278
32209
29201
24329
16937
17696
30690
10904
30644
19994
2409
29929
3925
18872
23625
860
17918
6649
16404
18066
27610
10281
11126
722
31526
28771
10672
22443
4418
26197
15432
27355
32264
5955
1279
14960
23900
11598
19460
23085
28420
14327
13927
8239
8379
24031
16592
1233
32384
23504
21105
14796
32052
29953
31801
15523
21348
14486
14411
26686
21604
16487
15790
18900
413
19714
15430
15631
17959
25331
5379
4971
4251
19779
25176
19168
16162
10558
25839
6080
4562
24441
10395
17890
5947
11796
30094
13568
18236
10301
25036
29790
16412
20213
5855
16812
22997
10007
8140
28462
947
28822
21319
29978
8222
25350
11811
12866
21172
4958
12812
8178
29852
26364
7288
32028
8982
14313
2523
13490
7254
3679
22810
852
24210
5000
25411
8235
15706
8585
23419
27925
24872
5311
27448
29186
25912
16968
24240
10142
1945
14278
30097
21808
8069
10335
11250
1473
19950
11017
3977
22658
7257
11780
29983
12392
32239
17319
8770
1817
26321
11360
16186
26379
28077
16887
9534
20714
11151
10258
23783
4155
19961
26110
24804
17216
3893
19884
30960
6683
2282
21498
16641
4405
5358
15924
12482
10977
12379
18651
14148
27709
5349
11173
16112
8537
31850
7876
11713
11420
17099
17771
13744
25955
23035
8591
2415
18922
17493
29931
18777
2160
2355
13126
15530
9110
22460
27128
10987
13833
19453
16555
27057
6496
2620
30559
29319
29768
9352
1457
5417
29662
32405
16220
6643
13404
9159
8704
26776
7416
17293
12322
1815
13065
18416
32116
1259
10348
14956
20567
9858
10534
27390
31903
25841
11338
3454
23446
5606
19486
16687
1347
20446
27001
13973
12012
24216
7791
26502
21209
23497
17456
5508
1371
16401
4142
586
6925
46
3198
5797
1114
2672
28545
27525
575
14444
5827
26964
6226
2293
10531
29062
24580
13896
9269
18034
8483
31879
22756
9568
21411
9321
7004
18147
28317
9775
10791
14697
10392
30938
4245
18960
3336
24987
2146
28603
2836
22411
7827
27750
24988
20380
8097
6326
3195
1231
3801
3540
5897
4264
11523
8572
30692
26592
21058
26705
23025
3929
7995
12916
30365
7511
18809
13908
25961
23276
1808
24008
1189
6580
23937
26971
24443
4547
22494
24038
13616
23516
26671
28773
1447
23523
30739
25603
18215
12181
27819
3703
10589
30071
8627
30355
2469
12
8178
16666
31877
18763
4821
24531
4218
14928
16727
14043
11768
6994
3619
11327
14508
16341
17149
21962
22020
17185
11102
14620
31985
26866
16990
20988
13036
30321
30679
21232
6711
5987
20680
21514
13669
9121
26359
25604
1052
22728
3035
12176
23834
23601
4792
13033
10614
6436
1548
10670
25896
20296
19498
12528
2252
25950
32549
20362
16547
21551
31727
22704
5339
15811
27842
23755
26384
1236
21183
7300
26898
30850
21206
12831
28905
26697
18917
25867
19990
13359
27684
23479
1052
11586
29632
8103
3647
23105
8902
10182
4236
29850
7235
23806
6681
12692
22698
19718
23694
11214
14709
32635
31972
232
15
8499
24941
30592
11250
31182
8469
16736
1036
24461
30695
11765
20328
7528
25811
24836
266
32602
21678
24984
23323
30976
32378
5439
19782
6754
21736
31605
4705
18193
12571
15713
20816
25458
6831
26047
17702
27737
20730
21790
12430
11481
31121
17995
8298
1627
6158
30477
16825
32494
13073
18706
20158
2526
19077
28458
22367
16008
805
31411
26827
29036
11070
23892
22623
25476
31926
13039
13771
31701
16461
26576
10352
16195
13859
3883
15373
31401
26491
32197
24731
21289
17854
31985
8565
12481
15043
10686
22460
14111
3661
21615
23546
16567
17621
29739
31493
4114
23434
758
12839
11113
1431
21984
30331
5746
20132
17788
2970
24186
18079
14996
11639
11444
6844
29467
4488
21201
16314
4963
807
1488
4457
22417
7991
15128
2921
31053
29450
23492
32564
7614
642
16958
27486
24501
31095
13839
22556
18984
3161
23029
23812
22243
19479
16438
13331
17786
28991
6453
32244
24194
25190
12355
7039
30464
31178
10935
16513
18466
20022
15681
9147
28461
806
19323
28717
10679
25644
9665
23444
8726
20370
22851
1585
24600
13377
18008
1996
12789
9953
28950
19961
8577
21058
16415
12186
18854
18171
7613
22949
8210
28241
12082
31015
1837
9306
5705
18057
15438
15714
28977
22034
30254
31373
3211
20910
18333
12734
31682
32750
6771
11448
2971
15439
22218
899
17165
17599
2666
30226
26194
93
9349
2338
12350
9089
6565
27237
13776
21756
994
24544
10247
14497
4952
18065
26614
772
25304
25686
8475
31361
1246
4362
24045
2432
23747
31473
19124
17912
6196
2646
6813
4658
23779
10354
17166
15056
32380
28048
311
13837
20699
31343
24042
26694
27260
232
9132
4538
27443
16336
31500
18830
6941
30240
8499
10772
30166
4435
27837
4684
30188
6928
5319
8363
13460
10761
28233
19228
12700
23075
5031
14405
22433
4055
10882
15883
4226
2776
15316
10584
32276
3062
21052
13083
11032
4674
21142
18065
18538
29555
17103
31940
19067
21384
29431
29009
31488
16303
15512
21613
21228
28774
19527
24106
12444
30432
10616
1783
15954
22954
28823
10598
7397
25742
29524
28979
9911
12216
13118
15233
24294
8727
27283
19558
24775
29446
5974
32170
25488
28460
15523
19148
9812
1184
20032
24134
22581
23121
31348
1042
20693
30374
17948
9581
11533
14689
12027
12763
9186
11465
18514
6507
10164
29192
1456
15420
10169
19666
10252
29504
1450
4679
273
5696
5052
32539
185
8993
11986
14580
16669
27237
18673
32531
1164
25845
30708
20023
23002
5917
23681
31678
23290
9432
30011
3086
14799
31566
12857
18483
3904
13211
23736
22217
8331
4818
9996
23581
3803
19265
30941
25999
9500
25335
19343
9275
14350
25476
11010
15064
19608
14080
11900
8927
30816
22095
32227
27888
12440
11426
14128
24691
31515
21569
18464
15995
13752
4233
4140
11247
26573
10544
24252
1771
21016
2769
8600
11108
12491
20644
22431
27403
25566
7052
7099
15476
29097
23128
23572
25976
6066
26434
4484
9432
24004
7868
2892
7970
24385
21357
8965
4825
16056
17270
27865
6096
30650
29433
14322
28119
746
4060
29491
7833
84
17098
18982
30405
23552
4475
3638
6764
8390
13878
16415
14507
28003
4244
19874
8841
16333
4998
22397
18722
2756
21657
5018
26374
18858
8313
8071
22748
1684
14516
22310
26955
1697
7873
934
5146
4235
4161
30385
1173
379
6276
26087
21299
9250
23375
6796
18039
32261
31965
18813
6932
1816
19235
10089
5972
32655
3161
3389
28090
22513
5813
16608
13031
24430
5498
13857
27322
11378
7985
23534
28859
29562
310
18886
16314
16423
25719
24944
23731
17552
12153
14574
26869
13021
18844
24749
8067
21778
9119
23038
16827
22312
10598
20938
14133
30562
251
29568
25838
4318
15060
26707
32678
13419
22356
22179
23942
17306
17811
30136
2822
16920
16226
2486
9998
20794
9866
23501
19035
2522
18261
689
32293
10338
9296
3914
1535
16166
12110
29100
254
25335
5040
10825
9757
1524
30180
7013
8160
29860
19500
3787
19256
10562
13473
17343
23975
26968
27767
6451
13988
24976
19586
10302
24641
13254
28409
25289
779
11105
25211
2700
20786
3044
3663
5177
11498
11712
11248
19190
3600
23917
31177
18449
27409
12472
2877
4847
10504
18015
23018
32070
22310
9179
31791
3980
14679
9597
9451
6576
26146
13500
20616
15367
31697
14542
17209
31881
12499
30069
15487
15421
17246
19484
1010
8434
3161
4898
13118
18224
14712
30582
24940
20590
29353
7268
4963
8581
28335
28078
5550
25957
15116
22495
9087
10247
15141
23260
32500
7587
8865
10940
24218
27170
28434
21209
21552
31958
9431
3879
4269
21609
21313
20421
10628
16147
9204
6866
17190
27408
31120
16514
17608
23378
24977
5489
31079
5235
23924
10039
16906
5613
18204
7996
15688
29581
21619
18382
2057
8997
32340
26480
31633
21122
20137
26229
3258
22941
22992
29390
12416
7445
26436
5665
27075
29917
3449
29211
25673
27442
17671
5894
16643
26577
14091
10398
30609
7014
19146
17696
28935
16199
13976
25253
16370
32098
6137
5806
6550
5237
22277
31744
29818
3197
22801
10930
28711
3952
18059
30340
27180
14894
26662
26482
25701
31157
24375
8329
8317
18581
15711
10490
5298
24741
16235
19309
7640
13555
12152
32663
4769
18433
12891
4623
7195
12846
1088
32349
30586
27762
26768
12116
1304
13134
20761
6563
18618
5635
105
25766
16149
1539
11130
5506
11409
31397
24213
28784
18764
32028
10608
1113
28258
12458
22170
5284
10348
11025
12824
21836
21318
12619
9041
11573
8982
11386
7719
29376
16009
27426
12135
22173
20064
662
10339
28896
9772
25776
11741
9303
27221
32197
11815
19483
22369
28376
649
26470
3699
14350
16355
14244
2834
26466
31379
1229
9772
8090
409
31729
19035
2938
21753
23573
15718
4407
23393
25917
8971
23087
6924
15818
7420
726
31206
16902
11303
1780
18673
29182
14138
15886
7911
29072
23143
31777
17953
20164
25701
10903
16823
608
9399
28019
11753
24246
28464
10447
32702
24769
30903
31368
26602
6000
29000
31800
23797
5442
32571
24932
4250
8211
32713
17911
21614
4918
12492
16623
12738
10179
10182
3927
14537
5938
14885
27509
19198
19497
15045
25668
25792
5523
12471
18725
10815
4082
27457
32209
15260
14582
5925
19090
5196
24910
14630
31923
31166
28862
12745
27444
15677
12402
11865
13251
21783
3986
11053
17384
4351
5654
27438
640
28080
31196
2195
11628
19411
2551
751
16266
3619
25675
28270
29412
25295
10583
10331
13096
15391
8785
13542
5209
15451
3448
10789
8643
6377
1190
19544
6452
14517
12836
16241
26217
4566
18371
29140
29383
2670
27688
9307
7500
24785
4712
13213
28356
24298
28629
1648
24128
23771
1047
17836
14788
22244
26494
16690
1856
6790
21398
9773
29121
20200
6652
27288
5865
23673
32113
4609
18589
30679
8493
12172
5885
21488
629
18746
13977
16231
12400
107
5857
12601
13879
9122
15582
2208
27435
3465
13856
1079
7563
30005
14328
13407
19270
5034
16103
27874
23821
17058
16981
31191
6061
30858
20614
7110
14236
17870
9931
3852
27345
14166
6645
8832
7385
16977
25359
8534
18728
7473
9293
5188
18349
10742
14911
7652
18345
21936
11594
30298
27840
4415
22361
18998
16977
18270
4560
156
30979
29664
32706
11426
8864
16440
18531
11769
24615
18751
21952
17616
13852
29234
27565
7413
31523
26874
11007
5181
5325
16305
21756
16423
30386
16225
25360
30396
6080
22543
18114
24249
20946
20984
26085
19184
24452
9242
10003
25836
27718
5110
8791
27348
27312
661
18986
1169
9494
2761
8353
29747
15451
21685
19684
9617
2314
17039
9442
24880
4770
23205
32579
9831
4402
4766
24990
28864
11558
24579
24301
27808
29025
12798
14910
24363
9100
14433
8619
17762
30381
7145
5515
28302
19451
3013
20458
5602
30193
17490
16439
16220
12705
29481
28477
23532
19019
7259
24405
30936
6958
25851
15577
32351
25502
26333
29403
16797
8535
29086
30743
28078
25873
23780
26663
2070
21844
20455
15606
5216
21390
8753
15479
6918
30563
14754
28311
6033
21572
2486
12144
4609
15683
6155
12735
26479
31525
10781
1432
1521
10425
84
30552
8126
10601
16962
23260
6547
28175
37
5872
14421
31754
28084
1290
20983
27280
14872
31033
1438
19013
10552
1624
16131
11021
21049
21127
2329
13343
10053
4060
29681
604
10892
27989
4570
16606
29833
5137
20428
12243
28551
1216
11527
3468
27747
26969
5623
5585
29843
12043
26203
2936
32103
31861
22182
54
24719
22553
22693
20148
15838
4878
10083
31461
10830
19446
3658
27800
20547
7728
11146
14409
25876
20815
12735
27197
6087
7370
27854
1998
23836
21492
3599
15107
15566
3631
946
23651
1045
8029
24411
20235
367
29848
4112
25343
11680
10531
29525
12734
26103
26528
405
10521
7124
27523
6596
14404
7527
14022
12355
21294
23482
20447
25860
16398
20978
7151
17646
25406
29138
10556
14979
32077
14720
32225
29120
3920
22156
16068
13124
22904
31278
17097
31413
10218
17103
26181
19552
25034
24267
12982
3615
3737
19574
11953
26496
17858
23389
27163
27939
15471
21198
6812
7012
26017
24986
23633
25658
22656
15129
27329
21599
28912
1391
26131
5042
24164
32014
30846
17625
5367
29052
28672
2090
21689
32599
8275
9676
15174
11158
8477
8985
5022
17425
15463
18247
22576
10564
8528
21320
6968
25935
12034
28910
18763
13378
27622
7507
31280
24984
32020
4728
17394
7937
12814
29740
17459
14437
30893
17456
21443
18725
19803
24984
6258
22180
31619
6004
26914
29702
16966
32432
14368
21303
12656
14137
30644
26415
21162
15457
11510
31605
29425
22661
9444
25826
8262
31725
32690
12200
12199
31475
1633
28307
24383
30568
32403
3982
26842
31027
28830
22888
6299
31291
5087
30424
15345
27016
21841
12991
31943
27045
11357
18862
31995
20040
12788
29864
17938
7476
11740
4393
24874
5727
3655
2662
11055
1872
32170
26583
14674
28108
2764
9459
25015
11697
5918
13883
15470
24098
32586
24441
12453
29156
12814
16202
25116
16136
10571
13274
4825
10699
31065
31983
19740
30394
27294
16169
27029
2074
20831
19592
17877
2694
6101
22062
16131
21722
11908
27494
17616
32592
22216
27110
6316
30185
31665
17233
3387
2575
3344
15360
23042
18296
4306
1794
22375
4173
24205
25441
14040
17548
14681
7847
2890
30891
15329
8353
13797
32638
19130
25699
2813
19290
243
652
17221
27259
19181
12492
3391
8867
9068
23203
21239
28676
9967
14187
2033
27488
28989
408
4960
23407
31041
13119
10904
30081
24343
27605
12230
4452
24679
25402
26847
21640
26354
3573
8918
6241
25962
22210
5394
4109
30343
4426
6431
28983
29271
2609
2724
9275
28118
22613
25493
16266
22718
21333
26793
21073
11680
21329
31247
16981
26676
7665
23645
16673
13806
9385
3529
7268
5329
30779
31643
28053
21640
5501
11234
27864
11699
28508
12134
27429
25471
23073
28639
14247
9081
15347
11876
29794
6052
9885
17958
7705
24264
16018
1886
19311
24334
4910
16004
26444
9930
19519
15298
27266
20376
20676
28328
22705
6058
19189
27169
1128
9568
11651
25766
24204
10521
7712
2225
21758
20810
26946
10613
1144
17613
25380
12236
16824
6011
23054
21361
15841
27900
32215
29807
18974
15838
24744
10457
32392
29413
29954
21180
18506
19106
11523
21074
8962
15687
7909
10360
363
21178
21191
7522
10554
7912
7600
16270
1605
22620
11729
20214
14570
15632
11274
26762
25519
14723
5808
1501
31782
1547
14734
9503
8980
11885
26409
11595
18385
14251
22345
25249
6898
22557
20148
32599
5158
30147
29757
17548
3934
24282
30461
6013
17713
28845
27105
32507
8830
8366
30821
5405
17235
7109
22686
16690
5389
28648
7806
19961
25537
29676
21588
12309
22235
24987
31890
4283
8453
22022
24787
28846
26443
11293
21020
30573
9084
25980
15970
17066
1491
5512
16205
18943
6614
699
1596
10973
12927
29244
18825
28869
24986
20915
5902
11706
32366
13147
12264
30454
32671
20569
20858
6620
11347
1356
4021
7470
26772
32037
9367
25216
8438
32313
22770
31724
6521
3476
27247
2568
9136
23696
4818
13845
35
13479
5248
7289
28403
21894
28734
15216
13244
31074
10299
14846
4287
29583
13393
6952
32065
7503
2952
12643
6958
1256
26332
26189
12290
4857
8512
10907
9449
6669
22754
8786
21029
1137
13745
24891
6577
5187
31005
19344
5412
27084
15133
28412
23255
17424
30839
26563
7754
12194
22076
9788
12228
6077
16017
10376
7994
28049
15029
31870
1650
23003
11840
7653
15977
11448
22441
1254
1009
32699
14859
30912
20382
15933
21545
31422
25827
2036
18607
23911
23673
8648
23483
23540
11776
26849
27035
17927
31977
31749
15065
5017
11411
3873
22900
30004
32692
7461
19313
13411
18171
27669
22162
30824
25332
5981
12646
17196
7467
5222
17794
14972
7316
25958
26381
4465
31018
28284
9602
9776
13015
8444
6577
10196
3988
28936
21767
22697
9425
18784
22032
16539
4119
29050
9786
25582
8940
6614
1244
21039
1527
652
17270
8554
5988
28711
14139
10653
2186
25269
25548
5229
32459
17183
17223
5400
15292
31415
20352
23723
4230
10512
12430
7797
8333
27666
13450
14523
14159
28237
29843
21933
13710
12174
19221
6297
22961
15280
32587
11103
26472
17333
18947
16421
29327
19734
6050
23371
20821
27478
11111
31137
31133
14301
2036
26328
19876
31748
16650
22583
7140
16749
6804
8079
22073
15509
6375
2673
17475
17836
26184
16798
13579
21412
12718
15551
29673
11656
27338
7767
1189
17935
32581
3061
27356
30065
32073
22190
165
1401
16194
1994
8309
17371
1254
9662
9792
3785
7539
17755
3041
4033
1847
15172
9404
6313
10326
421
15522
22301
1224
9762
7669
21000
5537
21518
17164
25969
9621
20190
14040
12440
22203
28893
26824
10818
13713
545
30699
20305
32065
31677
14677
8087
28962
2872
32195
23788
28546
27198
23170
16510
8611
24214
31116
6761
27907
30292
13557
3976
2528
21584
389
27018
25340
8406
27815
11592
8862
29343
12673
27477
4313
17408
10597
32471
10000
18530
7016
11926
31930
13810
12112
25683
29027
22426
1972
28251
14323
31535
18270
32604
10035
4076
1524
24694
29581
2335
30680
2453
13844
22818
19788
5119
25796
6285
3290
15145
8202
11690
27891
24527
31111
2089
28886
16707
6161
17685
19635
24838
23802
20231
21776
17557
28309
20122
32109
2437
19447
32542
10787
32722
19963
15249
22930
15989
14729
22475
26747
26164
18199
6648
30123
1726
17263
26699
10458
23031
11699
32497
24786
18833
30367
16964
3284
29404
17679
322
13623
7391
25537
15421
30546
21671
15451
17363
30876
9183
944
17441
5394
5537
31551
4148
19673
32140
27644
16832
13605
13591
15956
277
28761
17188
21355
2382
29040
8665
936
15564
3739
5803
26227
24035
10027
20667
18237
16338
24754
16742
27585
1017
16229
25367
3978
14150
7621
25184
14518
25585
18303
23882
18937
27497
15248
11497
30181
15502
22956
27955
30568
14880
32481
14098
13206
25975
21880
16567
10408
8565
23580
22578
20037
8634
26686
27711
19201
23062
10167
5987
8996
580
26031
24888
17580
469
5822
10757
5269
22634
28754
29842
24919
22054
3921
571
24241
14435
29183
30018
3749
32420
18721
28010
15300
3019
25699
21185
26795
26509
15863
17085
22734
13346
27007
21386
5748
11329
27181
8611
6659
15691
13352
23456
30334
4551
23858
16462
12108
8206
16521
17157
6971
4423
6666
18998
30916
5270
23708
15428
6033
29329
18380
20117
15164
29940
181
19176
7002
30357
12835
16105
9400
12186
30712
18946
24548
4585
6606
32117
8431
18912
22749
680
25714
14151
21791
31679
32207
29314
19891
21104
31417
12811
16512
26899
24567
9248
11546
25081
9060
4281
32489
28927
1851
22461
25224
27491
14993
8053
2667
2518
25379
18241
9925
4306
29778
29322
5288
21293
30572
16375
2158
17135
10541
228
14169
1121
4230
1296
17526
14182
29340
20117
29895
27406
18452
16926
28320
28521
6030
10068
2130
31129
22895
3481
27143
20011
18660
26873
1773
26024
17956
31581
12695
16230
11765
24066
20384
22180
19057
16170
28817
28118
16650
10258
19460
9278
8652
24355
27402
2492
31714
14956
203
9447
7004
30288
13932
8028
21551
25724
28214
3159
32381
1821
16884
32128
2071
27727
16540
23047
16193
24024
12082
11250
15029
14614
20714
22454
746
822
31373
29189
24725
3495
29981
10216
29809
16078
29628
27917
31803
21244
8394
25698
26881
10653
1614
14051
10909
29362
21911
19631
21629
20609
21027
7266
32677
16778
25535
1183
3574
26302
5104
25580
12976
31212
31378
25283
25654
2172
23999
9189
6929
18015
2290
20210
568
3398
8044
10551
31886
23570
28119
12487
9133
27276
32554
28109
9186
9559
30924
28192
6520
9763
508
7960
21306
31778
14960
31137
7731
22720
1084
13453
32440
29839
9462
28975
31401
16512
536
5669
22771
14169
31909
19573
31321
25443
12304
21212
12149
27747
6233
7010
12281
16844
25465
26418
5947
13619
29184
21673
2545
6403
19197
5037
26936
14194
1822
13376
14044
13748
30488
17236
3795
14190
2377
10721
23050
22125
12956
566
7781
17048
24238
22413
4097
7715
11055
993
18364
27142
29322
8196
17143
5806
27080
14828
4250
3314
21937
17741
20313
17224
6965
31342
24886
13113
12043
5941
30791
17170
10392
13955
24762
30685
31762
12744
11286
911
8165
16590
8643
899
8534
19417
6349
807
27750
9202
7909
5878
19193
5504
4265
9126
24375
2328
1829
9634
7475
9878
16025
3258
1994
11885
23164
25
13519
32059
10946
7800
23653
28065
22107
3730
30635
3153
3836
29656
12959
21096
12833
7013
13628
23039
31571
30004
2022
16636
11174
11665
5896
11822
19079
31437
6652
11418
25524
29494
24875
20751
26252
32582
20341
24065
2697
15387
723
22932
23819
25127
28730
18934
23639
1065
30403
3058
17375
14940
11786
30658
28100
3566
29651
18469
28057
14515
31988
30642
18538
3355
28015
2156
28156
6754
15326
27030
22359
24838
25620
28617
28290
11134
11521
4931
9102
24361
1494
26754
21205
22917
15978
1810
24708
11681
7900
21155
11607
21973
8827
23134
18596
11696
23010
17017
923
18482
14439
27657
18892
30267
20663
20248
25322
4420
17594
15096
462
24141
27837
28886
17598
7446
31183
19602
2800
6034
5995
28623
17226
17817
20568
9030
6252
22749
15054
25183
7664
17695
12250
17666
25328
6307
4611
15274
3529
14561
26414
20924
25887
22397
18879
27160
27170
13177
29953
10733
26639
31402
28872
1489
7417
24424
8277
9489
24521
13962
14457
3909
26500
12690
24830
22568
6092
2340
1346
15783
30378
11197
6181
27704
12170
17569
20261
23917
18311
12053
6344
1225
26345
10703
21051
16082
23532
24235
56
13927
15044
4767
3884
13396
16093
4593
24218
3364
20839
11431
7098
8503
22802
22336
12135
8980
14102
17313
17208
6143
5495
1618
8684
18127
27271
7146
30475
2298
21932
25288
12746
12786
14691
23812
3887
180
13957
20133
3959
20381
27850
3093
23221
30336
9355
3282
22715
4855
17868
5733
61
10998
16505
5016
8500
23974
18928
27620
11905
5744
5056
28457
19155
30295
24496
10658
7370
26508
5380
13335
11869
3900
15099
21588
23417
4525
31900
475
5098
23689
6578
8918
29823
27514
26902
5455
31593
15094
20524
22691
23525
23901
21424
27444
13595
26177
9651
12383
12357
8196
21728
29358
18963
16297
260
22094
19278
2788
14542
20419
13501
9331
25811
29402
8773
29361
25556
11743
26963
21609
15428
17681
30335
6120
1797
8787
11881
26710
30579
19748
21991
9542
9379
7889
17763
22667
30700
1769
27518
15949
25767
29682
25337
4957
19764
13402
8150
7622
14654
25521
30650
9125
16703
14357
2454
17466
21318
17389
18566
26430
13560
32730
11770
13943
26324
12522
22291
21899
19644
32527
4432
19474
16305
20432
6761
21998
27871
14655
6011
3551
9689
8491
1894
9810
1573
23702
13427
9338
4603
25449
26939
20898
12874
27751
27844
22210
12796
1376
2540
13904
8315
31655
9739
6232
15732
10438
10964
7375
20955
30575
18300
10277
6703
13494
19743
24089
9727
382
10847
16081
20653
30769
19022
6698
14194
23221
23182
19789
20642
23707
15542
32387
2097
23961
9976
19274
1399
10298
14337
7336
32304
2260
545
5567
15047
20667
20908
20642
12244
6580
12960
23911
20707
23980
31111
14205
119
13994
21407
9536
16718
23299
8761
13771
3303
10701
9567
20749
29506
23445
14777
3616
26599
11093
11698
17365
24617
2976
29142
1940
9900
15392
10366
3683
2085
21314
22704
9284
15713
4144
18497
11716
13961
2304
16700
26577
11172
2346
18056
22988
5725
13376
31684
11743
30982
16601
17526
25489
5854
24527
24165
4247
399
9130
31555
9197
8187
31835
7567
24358
4664
6958
15546
31233
5849
21242
29833
9276
21872
18586
17338
22957
12881
1953
7658
15502
3992
20298
21686
27161
8045
11182
7201
32085
11142
12090
11829
13359
30190
24671
20974
27340
5893
12171
18771
24862
31945
2393
27366
32437
28499
22789
27198
2264
16036
3874
5107
32469
32162
143
186
4245
28254
12711
977
25459
920
25016
22686
6478
7045
27318
21395
19933
22480
18737
6740
32323
14046
24709
10012
3812
21078
20305
7005
25462
26337
26666
9638
15707
2350
8848
32458
21550
11322
6176
16959
23708
23758
25100
9668
29045
22089
27337
21574
4866
21663
2055
28677
12442
18338
28902
32755
28784
19328
25703
19548
10671
2701
5152
28364
17609
27715
10037
6446
30219
13703
27011
22577
1654
32302
31518
21744
7882
8128
5118
22993
18659
380
12277
7853
6984
26012
14052
8242
17154
7130
29999
1670
24490
15666
30830
24365
26054
21738
9318
11821
31574
6864
5175
6768
681
8899
7126
14697
18293
9588
32190
15867
551
18030
10467
3734
9592
31572
4840
1699
10817
30826
657
26402
19856
18007
24187
14993
29947
25898
21515
12304
11572
8346
27300
12740
30430
31122
22301
14969
21919
18669
9074
11915
21879
32638
32441
15366
31312
10067
18776
1548
19926
2618
12662
8055
32648
8581
29615
6336
19215
13067
5132
9504
6351
16239
9010
6900
3261
9637
25561
21350
30576
8113
25728
11594
23930
31922
24927
14150
2296
15392
670
17718
22888
28242
19140
29902
17851
32323
18802
25985
17579
18581
26193
10146
3919
9174
22601
9930
29165
15875
7412
4985
7951
29514
1106
4096
14553
532
9406
9374
1177
16451
19232
16105
31904
13752
15205
16495
13393
16409
21804
24734
17015
9169
28866
26081
9692
11864
2129
31244
22551
19892
340
7674
677
16704
10830
116
2619
18348
16572
15445
25691
28229
4936
16876
27430
25974
5183
28578
9073
32399
28741
7645
10522
14022
32072
8740
13724
29564
5554
3459
29922
21441
13283
10801
7257
15129
25054
31856
30793
31104
20802
19125
25445
13485
12157
28937
23713
30356
2620
943
12099
1326
22565
1287
24893
26492
31177
12978
23482
15306
18132
11767
503
17201
31623
869
10836
18015
6761
21946
11691
14235
5689
12292
224
13827
22566
17158
3257
22040
30275
4573
14320
21373
11829
20964
22407
4092
30766
468
31068
970
17952
31792
15613
780
17194
2272
11965
31897
10071
12827
22792
5634
29575
24715
32755
18640
10669
684
15127
25868
21819
17270
24992
7429
30683
5179
31905
32333
11872
3538
13227
31749
8700
27893
26525
28250
6579
11752
28605
11088
16399
2907
11528
7359
28950
25746
26567
30618
9337
20163
11107
30839
18446
21952
5242
18764
7808
12245
17714
29815
30278
26868
29646
2306
19665
18703
18303
21540
12810
31174
30588
21515
32763
12098
24660
18392
15052
22625
899
236
11506
6675
9540
22882
5027
6660
31911
29660
28557
23675
10723
10371
19911
14722
26349
17225
7432
11591
9802
30578
25367
1986
5153
11346
26242
16280
11668
1880
8339
27711
25168
22347
2944
11107
29795
17620
8418
30089
2639
27709
7272
9715
10076
17528
22221
14787
32306
30563
19719
2659
20902
3914
10178
1827
22485
7597
22284
12836
21359
16196
5714
25718
22358
8513
27787
7549
26728
27605
31923
24985
29080
13813
14971
27653
15940
26206
22335
14336
28355
9687
31544
9515
6973
18102
7923
15155
6335
17829
6401
20655
5262
18342
13297
6476
31164
14677
24699
24359
21754
29549
22526
27514
10925
2190
17197
25211
29508
8254
14596
5761
12744
813
10754
5737
22708
15549
2962
31544
28936
30145
22474
14593
14233
27781
13655
30474
9387
11792
23480
13098
4545
29861
1963
13429
29108
20368
5093
4380
20227
30751
2566
19342
1130
30702
16332
19171
25526
1127
21639
12923
16087
13194
8909
23778
1847
28138
31342
32247
30538
16888
13994
12366
31335
31876
1186
29138
18134
10881
28173
21423
24106
26633
31788
24943
26576
8353
1792
866
6633
9405
1210
24644
9301
14471
28019
538
21008
32732
1821
16989
21698
27543
11706
16730
28305
3091
27596
27865
28218
27883
30476
23037
12640
24068
25950
30315
8484
19918
11781
21678
23797
6342
19219
6107
1961
29248
3876
17008
27341
19043
844
27778
25658
21877
24910
9496
20969
6233
32271
722
28681
7765
14410
10190
23886
15385
16260
15563
14731
1021
18243
10127
4739
20363
31355
135
4861
573
17225
2990
10262
27015
15075
14511
4315
24088
21968
28238
3095
2654
8276
9476
6250
31304
7983
5353
31387
22607
10375
31448
32303
31671
18722
14541
9275
11282
2520
21905
13430
15879
10568
8090
25746
27985
7627
30508
2509
6154
29606
965
2243
16170
23428
22712
30598
28747
32035
19736
9712
31919
25165
2775
56
8579
3594
6447
32708
1381
5140
26177
7742
12069
17547
5117
32490
22984
16362
3137
16951
18899
1850
8261
14228
1990
23685
14134
24964
9190
1934
20513
32757
26431
21183
23315
5326
5610
21603
11647
5831
9868
22549
5599
18045
4895
31864
21150
22982
9973
22825
28726
28993
28153
16626
21142
3122
10553
29761
28102
28301
27809
22488
29133
11601
18953
965
28115
21783
11635
16021
11907
24299
20109
14533
23475
26458
23422
7289
6471
23500
16606
17776
12114
4629
13062
13624
32127
32326
23691
6046
15792
31433
22021
27497
23012
22189
19221
9032
22878
7742
28838
21256
10500
20953
12402
15626
17157
32510
11720
21493
31166
28583
1933
1192
27103
25560
31618
23667
22473
2424
20164
24454
31803
9823
8089
9129
1070
10416
1129
814
18429
4457
7179
31780
32201
27960
29507
4046
27420
20369
25480
13908
22988
1021
20234
15031
21539
27061
24051
4874
27708
11631
8429
2272
4784
21880
15589
17921
16499
21507
1039
6497
30712
5057
8235
2130
24988
12977
12806
32760
1857
24378
2627
15101
29497
2935
24411
12167
13927
27346
9443
6503
6560
28116
26638
29844
32343
12347
21874
31703
12922
3405
19471
32711
15255
20077
8589
10744
23875
10220
31685
112
24252
30753
25475
15706
21453
31932
29834
20223
27890
29271
20185
5105
4797
21070
11565
10121
20600
8913
17607
21140
21004
3383
21103
29770
31010
11925
30905
30592
19847
22160
21383
10270
19669
10351
25807
31954
23888
21109
16031
10502
26638
20333
3678
2832
24155
26246
27988
19113
11867
23905
6765
15265
27377
4201
313
22737
10976
25955
12856
27472
25392
19525
12373
12778
16596
16972
14256
7373
17801
2889
24992
29062
11265
5436
18937
27436
22337
14883
6538
10971
20808
21524
6634
3172
7409
22410
13941
13123
24346
26621
3729
25554
8966
6837
32054
31932
15872
23519
14765
9395
5697
10721
30103
102
20756
6891
7218
1197
11320
24782
5848
14599
1670
16146
15048
32327
23507
10050
17449
11658
14360
28555
588
9068
26065
22406
6450
2940
23458
20305
31822
32749
11584
13540
1675
20878
911
31650
21393
3068
24584
29231
15940
2581
12126
6786
10382
11953
28513
18491
28767
5517
27682
31030
13810
20616
22616
7264
22353
1298
17666
15049
17691
32225
15438
14075
5253
1253
954
5771
29343
6527
18809
2541
23769
22254
16664
9868
17093
7946
29537
1818
29982
23860
17792
17957
1546
30093
31588
1772
32412
13414
14696
112
3485
20984
18739
16078
5004
24149
9692
3787
12259
10655
4946
18353
13212
31864
17660
26458
7412
13497
22428
13450
111
6759
8825
23426
796
227
9149
14545
18970
2144
3100
18030
859
5018
11702
24324
27560
17862
21055
19341
30181
7364
15453
20258
30615
31644
22609
9489
32419
14632
24538
9521
13400
1806
30038
626
29104
17650
31275
22456
26835
5097
9317
30442
2013
15920
6049
11845
30945
18206
1321
30711
25390
14167
5984
18409
20945
31043
11361
27612
25435
22974
9187
12727
9956
273
17504
18463
19023
30753
31606
3401
32208
3559
32141
16396
12460
12576
2234
18235
2880
4678
20195
817
19013
8638
19236
23981
24402
15955
1650
3041
31394
10211
3966
14021
25112
2648
10716
32177
14720
13530
30821
1835
8216
20804
9946
5118
18255
12244
22218
18572
26316
31526
21429
8292
12722
26723
21105
16407
12579
14262
16333
6472
10243
6399
25205
5379
25598
18636
21525
14416
8140
31109
5569
30471
23219
23782
17301
10469
18766
25010
11160
21728
17294
31142
19430
18104
21502
31660
31759
8911
19531
30290
17850
27706
771
1658
12430
12568
7837
1619
1362
20770
4538
10376
19538
4740
11434
21431
2821
30956
26674
21028
1262
4832
19852
10671
960
12628
8112
12291
27333
15740
10706
12049
6528
8415
22316
11709
24978
29613
30717
12502
5082
25938
22482
2124
26848
4939
2308
31901
18548
16952
2434
28817
13458
11571
9424
19239
23433
24417
14160
15823
5468
19398
14017
15065
20585
5982
9221
12334
12616
18793
18983
23102
27126
22022
28316
17209
3123
14083
22217
17026
23336
1780
18118
4193
24653
21122
23906
16888
18314
5126
29031
16760
18077
3415
21535
5780
5051
29663
7446
4918
12154
8949
25378
14449
1518
18535
1697
26552
11026
16213
28930
13389
13930
3398
28039
26875
487
13685
32584
5640
20491
22124
22652
15206
7501
17876
22260
25385
8383
7820
10728
16446
16366
29944
1270
9561
31242
9628
1128
26671
3655
29161
9910
1254
24962
24406
32587
5577
26408
3251
1676
29505
4436
29114
11031
4096
3127
15592
2120
25984
18621
17291
26114
1196
6765
14363
26028
7901
27794
6861
121
6919
21144
6246
15085
2869
30648
19277
12701
5682
12760
4837
25398
10633
15276
29977
23488
1968
23074
15929
9508
1665
28925
21252
8428
4585
19135
26886
12107
18148
6093
6436
18269
15017
26830
117
25775
16929
10324
25427
28162
19870
22462
1714
31052
11466
4957
13233
4352
20190
8661
6511
24207
21268
4806
288
24111
32094
12460
2144
32731
25432
18948
21958
22939
25979
5553
31677
20229
18580
13981
32143
20996
885
8867
10947
8408
5355
28845
17577
9566
30192
21017
8755
22930
31777
15202
17926
21842
16498
32764
6865
26981
24096
25983
18910
27579
7655
29192
24551
6390
24950
31196
13354
12074
25376
12367
17855
9697
7636
16357
810
10083
29007
11702
12333
12084
22160
3095
24032
29149
14476
16502
10499
29167
17700
24710
12946
26182
19028
27293
1690
21899
29613
23898
25932
2812
31749
29322
8783
18544
10093
332
3675
22933
6499
19316
7940
27773
23369
14894
18643
21337
10006
19940
16283
4996
19020
17761
4362
26051
13610
16438
19839
3019
2594
24668
13083
7939
16781
12060
3867
15500
13726
18732
18789
12927
10900
5659
20064
4725
10036
3822
19209
19789
12663
22540
28484
15401
17280
12887
10863
15034
3280
1948
5693
14014
21437
5677
962
22726
2848
32716
24266
10813
28751
16331
23407
23718
17739
19570
8683
5669
31546
26529
27818
26433
24855
25270
19620
19944
10920
22961
2025
27059
25520
10647
18045
17772
9063
9748
359
22990
5159
21091
26629
11659
9064
8563
12194
13972
28142
322
330
24724
15425
13709
31197
23741
9054
17836
28771
7880
7596
440
30367
11063
12337
25326
18407
6878
28678
19288
6707
30625
31752
26794
1395
22143
16081
15978
29990
21200
3303
6995
22568
20170
29490
32252
715
7498
18868
11445
30506
30930
24180
1201
1978
27597
19643
17515
2082
3611
21635
21826
77
15305
17965
22630
5565
10528
22130
31480
7970
30690
28316
21869
5675
12752
19702
23092
23452
19567
2433
6040
417
6668
21224
20711
4193
19454
30646
13012
30935
27179
4039
10010
10717
25550
23036
2914
31626
7543
8755
20327
25790
8275
17271
15960
12027
20141
6771
30590
7287
16821
31789
23070
13423
13440
1265
26785
10685
8273
21386
26354
4013
28183
1209
14376
20749
24886
735
16229
7555
8074
32253
18429
16676
31401
8158
14555
6721
24169
20627
5921
8580
2211
7968
7183
14396
28214
8821
25126
12534
29006
26272
28045
17997
19686
14912
5043
29699
22923
28733
1590
26192
3939
27062
1284
29561
26991
31803
31680
21413
3597
2109
3687
2797
24769
21442
22835
14770
24884
32093
26559
18227
31613
7006
10093
6750
11680
23366
22789
21735
9812
13694
17822
17560
16650
2376
15042
32488
810
13557
4557
23246
32416
32345
18070
15575
15767
24444
24913
26999
7044
2962
14260
20892
12135
16429
18777
3465
11086
14002
15204
31202
21786
18953
14181
11011
31877
9369
12672
10902
4708
2676
22987
13157
17706
5070
15607
24428
18094
27572
22579
31795
7982
26363
9293
31067
12691
1910
23578
9590
21750
16236
537
11548
10084
2376
26963
4155
32222
10131
17797
430
5540
8480
1665
25873
27316
19846
722
24276
22413
1491
13727
10895
25144
19839
5074
11157
23177
1951
15480
27596
11683
3163
2155
31932
4794
12962
15663
28389
29981
8733
26395
21334
16243
353
7865
31611
27716
21608
15727
27447
32700
8002
17758
12594
20140
8456
138
6517
14034
15122
6971
28212
11354
22633
15780
15082
16548
27007
26819
17836
1608
18462
6792
12982
30296
6047
32057
1611
15077
30044
9749
30908
708
3432
10040
20678
17041
26493
30910
14368
1781
53
32043
15957
15397
637
9483
32208
3755
13639
30165
5941
18793
29056
30741
30456
21723
13378
20682
6440
15260
8522
2573
16267
22572
2476
20212
19952
4080
19141
7862
16577
16250
6514
15120
29144
15371
3455
21991
8083
3670
355
16942
27179
19079
6698
11274
15169
10628
2994
7220
19386
18291
27930
19104
15309
11132
12664
1116
29018
31952
6346
10426
12414
2282
11568
433
8804
32533
8280
31617
15966
1326
7481
32662
18740
2475
25092
30383
24252
30428
13911
13887
14762
11121
4532
23827
11690
23613
1587
25398
1964
17209
17267
24850
18559
16332
17878
20951
28066
19529
1518
21793
15447
27834
15410
13269
17144
31452
3318
11339
1166
29546
12442
18867
672
10398
27649
19121
6473
32246
27972
23371
24973
4404
24744
9733
3565
29864
20942
74
30009
24241
11562
13838
16294
29314
30134
14514
27169
1570
744
13608
5090
2486
23265
21847
19011
29699
31975
12481
18131
22575
12309
12387
21414
2247
10833
27100
18928
27655
9087
13778
24274
25941
10484
1426
12916
30734
17710
15350
21844
1925
20418
3468
14302
22601
31125
11252
14396
13991
26959
16522
17007
26224
31757
31302
13983
16381
32343
13024
2479
7791
29009
28471
21525
827
12341
16115
17129
4839
2560
16233
7995
20238
9068
17856
24490
12714
13599
29778
30770
3475
31266
16213
23622
22594
25236
9403
26399
16603
24224
6998
7763
14443
21932
32064
681
20333
7635
29050
25388
3220
1942
6355
26238
8388
20942
524
15983
7265
6629
10553
14798
2509
7238
1642
10368
4396
22802
28555
17870
2411
28949
20873
7427
6784
20216
1207
7223
21747
28856
16495
18790
25245
25943
29180
19909
13488
21201
31415
19285
21239
6225
6513
12472
12383
24741
785
32580
10423
14575
28286
14166
2996
32670
6080
24296
22840
16285
32354
22118
4819
19402
25370
28606
18059
11946
18604
31671
14040
16987
31755
16771
17395
1226
26561
5271
31312
31782
13970
31930
27241
16276
2396
9308
11710
30756
17474
298
15642
28163
14089
27359
31767
30195
9410
5213
7652
21241
28330
6908
18246
24661
26190
8226
4573
6071
2803
8468
21673
18352
13876
267
21965
3687
31725
31115
18834
27789
16728
25840
17070
1171
20342
5962
30663
23066
25777
14698
563
9643
2495
23101
31234
4264
11721
10841
4926
28034
19917
5590
8305
16429
11073
12383
7784
10961
22009
10120
11575
4803
3402
12130
6781
4531
15472
7502
24809
1831
5677
9486
16637
24104
5043
27682
22290
23354
23236
26449
21149
1682
20248
13958
12976
1668
21247
29405
11204
32315
31559
8958
6837
17580
14944
18858
10510
1996
18110
17043
1671
12289
16511
24945
23500
6103
23118
1874
23168
27637
2439
8753
3714
18255
411
19147
21615
24477
32439
29870
6504
22027
9120
25747
18453
50
28386
24813
1769
15687
2857
20674
11176
11154
32495
15546
2087
21026
32599
26230
29780
4800
27225
27170
14709
30753
11296
7758
17077
13408
5040
9721
14044
25515
23244
26863
24414
26428
25879
26198
151
27786
31353
5507
1877
29889
196
18706
12183
28784
30872
18485
2196
17282
16772
4684
31231
17776
26989
182
11914
4533
2868
15079
1961
15489
147
12475
32408
16305
27464
3850
5791
13311
22902
25213
17557
10870
2376
23712
28579
14890
4055
28472
28490
5669
26446
12758
10919
16292
10316
17836
15606
10372
29321
11168
17238
23031
18621
16543
14283
29563
25533
21556
32137
5645
16615
3417
624
3993
28609
4493
6611
23222
25309
8742
29821
18064
18432
9193
23030
23333
11138
17624
1794
19893
27384
13387
21867
6515
15121
8514
4352
4225
17598
29434
7646
31003
7574
28606
21486
2835
8056
17920
13231
24957
25458
11176
22582
13483
25569
1964
19059
28764
2522
23009
6581
31280
10697
21777
23920
15455
13144
24397
1087
18603
6291
27780
5157
10131
12361
26453
16408
10186
6069
7202
30400
16871
22365
23142
20092
25694
20283
16456
29350
15279
11803
25712
30232
19165
30788
21017
12014
26658
24922
2919
32654
29153
32131
1531
12518
20444
3529
21958
16885
5287
27584
31258
20621
21341
22632
263
32599
32145
12884
29924
32023
23943
22284
18476
4401
164
13233
13196
20845
9764
18655
14905
25847
1547
9687
18567
30890
1118
7902
8376
18573
9362
17120
2577
25246
20805
21593
30260
1743
19500
18806
4265
18511
23117
6007
27838
21514
110
19799
17809
115
25549
16815
1131
2689
8977
22488
335
9207
15233
8271
12755
14057
20084
22622
14895
636
23304
3321
5268
29933
16407
25831
17087
26325
6759
22050
15821
7083
21281
19071
6225
11146
29317
30609
1700
14900
2779
28107
16764
8024
20397
8934
30400
25616
11571
31618
15515
14766
29711
6160
15056
19896
27963
26863
32333
7985
27199
19925
11010
14618
9639
17521
32755
30265
1972
27215
24972
12825
9042
22011
24117
2898
32586
2921
24871
6922
32697
3988
1918
17852
961
24422
19343
2361
2942
19928
31355
27628
31291
3418
10245
29025
18662
26741
5280
14345
15554
28079
14796
9271
30300
4783
28835
15471
27840
4769
26287
6880
10476
3036
21759
6191
21893
8386
11642
4982
30409
8168
12915
31629
24261
30584
11389
32136
12744
30675
12928
31872
3863
10618
14348
13975
12770
14894
21998
15158
7799
17750
257
5785
12214
31650
9031
22158
6341
28142
19256
19577
12037
32617
25946
12444
4164
17142
13330
2709
31028
18386
31162
808
24603
6519
2291
831
10189
30401
12093
17455
32472
1104
11717
13629
16126
32301
13437
23137
24808
11440
4978
2122
22552
8353
5723
8609
27424
31389
15981
14738
23569
16827
20087
16265
30007
3440
23850
6201
19971
1712
25016
18403
23625
1110
28322
4565
9644
18118
3786
12593
9558
5841
30928
3823
14828
19417
3227
6437
12224
32053
20278
8070
15177
25302
22750
22825
30673
10539
26969
30605
15982
15427
5769
27353
26931
20018
18752
15208
22183
7349
31830
7300
16758
14873
29177
7282
16487
23896
21317
5552
654
32134
28180
17786
7107
15467
1304
11154
30035
25714
26151
5953
14069
32194
15061
1433
15359
16042
18248
13566
26841
23362
2888
4581
29874
30799
31126
24794
31603
17768
14719
18888
27633
599
9904
10357
9831
29634
844
17996
24355
2827
4156
24927
6527
17780
32711
9388
20243
1671
30306
30111
5929
29109
3529
15065
25201
1853
3662
48
7927
2127
21105
7159
22609
26225
2226
14719
10269
16931
18339
27869
2731
15550
10305
13294
27638
8610
23172
2201
217
10896
26677
26708
16511
25429
6656
29930
4636
28841
13002
4731
730
15958
30021
9924
6167
22685
10177
23968
4557
29909
2629
5839
12625
27989
29406
24823
22593
13460
1079
9704
5047
911
12906
27684
26563
18283
2582
20895
28441
4700
28082
9155
8966
5061
15648
14519
24489
23457
7045
28129
30815
27937
18265
28586
28799
25750
14522
11905
11336
13458
31238
9506
11799
15946
28328
21528
13277
18751
31794
5760
18641
7710
18861
13329
8034
18660
2348
21593
18288
17989
32680
14153
5307
8271
16135
22260
18844
15947
18046
22164
23027
27620
32025
25294
23136
23435
15000
26423
28598
10265
21117
15638
21164
6582
21859
14188
15318
12794
31889
12337
19412
17235
29647
31457
17354
6055
30073
24631
8720
27194
27857
1848
30506
14545
4761
28532
1786
12312
14306
24713
2612
14145
13087
29416
9235
24302
9085
5596
24650
14161
32375
14024
19774
20881
7076
28080
1650
28784
13012
21242
17218
11308
92
25206
15829
3490
942
3997
1613
25785
3117
28438
5696
24062
2111
6527
14444
7052
19107
11113
6310
21807
14853
1700
4116
17353
7887
14526
412
23540
835
10950
23196
7144
22983
32341
3036
28832
23935
15312
3777
30264
24865
13799
19139
6042
5
18017
28448
20825
25980
18460
5330
7133
7779
29263
15551
16577
10488
30995
32305
8057
14060
5922
31109
9528
21945
25822
25383
31760
28981
8341
15038
13660
25703
19459
675
29531
3226
17176
2968
22045
4785
12284
10423
12195
24250
81
24488
17218
27078
16312
26903
5192
25079
31638
5477
2018
21722
5144
27038
24125
21495
7796
2220
18156
18343
15474
15562
5258
25638
3372
13627
21408
29929
6929
19515
18632
29234
27440
26934
6675
5345
4532
21304
10153
23693
28586
1957
22447
15315
32267
26922
22894
24302
18934
23283
9137
16520
1597
7198
12910
208
22051
30576
18345
13005
13668
6983
13206
5106
8566
11728
26622
25074
26639
29050
23267
17110
16103
3499
31847
29516
2239
20401
17386
12098
27554
30715
6259
2227
7275
26505
6225
8385
903
16801
1026
30469
7932
21956
20563
17187
17834
26080
9161
3233
12241
7367
17216
29945
26836
18656
12754
26604
3645
12060
2042
9754
0
2604
17913
24016
26116
2546
9593
17953
11999
26421
11889
28728
27618
24472
4936
17132
11861
11725
6205
21653
18947
20998
2566
5918
8442
16044
1975
2652
23692
15700
9190
26782
14233
8175
8461
390
15889
4672
19759
14103
9652
8084
16575
20750
9244
16557
1213
6774
26110
1535
25634
32119
2989
12831
27774
4463
20191
22648
25056
20292
13748
21568
10742
24568
30452
11178
29301
14717
29592
13149
5819
32203
27021
1574
2228
20529
17332
9449
16634
5352
11053
21214
31296
20206
15829
505
15344
4113
3597
25514
30739
12106
20414
29127
16498
14669
22170
967
22266
20318
18852
17456
7525
26726
12274
6738
10263
10310
15025
23606
30790
16747
28779
23762
8542
5283
7557
10878
23972
815
11788
4524
22041
10009
21681
14291
8609
26056
8977
25260
16228
4305
30522
16289
4213
2320
25195
16259
5298
6136
27932
23163
28395
29479
23614
20547
29766
7741
23492
14485
19169
7919
12898
30692
23482
14167
25237
27723
7116
6798
23779
26307
28795
20349
10084
17560
13106
13808
7809
15646
6219
25068
13052
14240
32047
16707
18737
15769
25022
16229
7579
23846
4337
23417
21145
4028
15549
25773
2930
30998
4411
20682
14487
4722
775
24843
31017
5629
23782
2351
13755
16012
20651
19661
22617
12172
3931
1768
17865
6460
11407
20419
31760
27930
20762
29942
31289
13978
236
14274
21841
27678
30774
17826
7862
19491
25551
7970
32658
6840
30935
24820
11682
21301
12186
9025
7484
8745
9654
25405
5264
15252
27521
11006
1070
24919
16549
27534
18632
11752
1037
15679
14905
30538
23301
31294
11207
24125
21404
26475
16805
23986
1613
24424
16316
28289
31455
13296
13740
4958
21642
14699
11277
24842
2395
12479
14074
22214
10458
872
4560
6925
30185
1483
10291
28802
22511
13255
12370
30504
26422
7054
14956
3537
6290
27315
22932
26585
19524
20868
18865
11027
17437
12441
14024
10756
17639
17581
2430
3663
26368
17581
23768
1905
23112
9743
326
20910
8509
31589
12512
10571
1893
8498
22767
32254
22253
11516
7343
31395
4495
21154
30035
13616
12473
13296
4938
6891
12523
20081
25793
27867
27744
31620
25961
24700
2290
14002
7034
14519
32056
7743
26104
27408
28913
25087
53
9506
31909
5227
24215
17992
3209
4596
18587
8606
27300
29336
21530
7208
13360
14770
9675
31568
15939
14358
6922
30614
11694
21597
16599
26499
17957
11646
15394
5854
13473
19359
1862
7715
22787
21290
10451
20017
21242
28194
18320
1091
22054
24504
16320
31265
2430
30233
7589
26264
30191
20107
8515
551
18501
8120
12134
17403
27215
32329
21478
27422
14142
20407
14634
10219
20303
24414
14571
31173
20138
18900
27194
5384
27529
12920
20677
25920
16284
30542
4438
32665
16557
22282
20380
6551
11392
15722
6446
22535
27645
10697
461
2614
12688
25586
21737
9568
22225
29490
103
5227
15712
2993
7330
12245
14099
26113
13744
29164
14676
13560
14822
15165
24516
11707
12702
15182
549
22044
9271
20880
24950
3366
20062
31375
12383
501
3468
7532
31440
3276
9424
19853
12518
7777
16079
21651
22798
14715
20745
6284
11628
10943
17502
12906
10366
29383
1744
18613
17660
5749
27274
636
29955
18823
30242
9873
5235
10091
2587
15094
23190
28244
32686
14482
3842
28813
9417
10024
1472
12302
14681
13706
9901
22605
20933
8714
1057
2646
17082
1842
17615
12062
31278
24757
25836
17428
27039
23716
4756
22010
26012
19685
10601
7667
7815
19682
4477
29917
5785
28542
1394
4320
14630
2381
991
16711
30499
27396
28662
7311
3301
8238
9572
21694
21803
1569
889
9719
19807
20273
13193
4938
12057
17955
11922
26064
17125
26085
17950
8696
20550
6524
13419
26396
20219
14397
30666
27992
15744
4672
32069
5531
16600
8466
24196
16382
29066
12458
14066
23637
31210
5278
21531
26884
27033
15767
17752
21525
25167
17155
3759
29319
472
13577
757
488
11613
19138
2357
26662
8677
16550
20822
9634
28187
31556
15351
11654
14674
16951
31134
6233
31686
10069
9490
25808
3109
28201
23813
15079
9806
1956
8438
25905
20312
30223
30038
29804
15062
11588
4842
16729
5465
17182
9584
16587
22583
1070
23941
24061
2699
16559
22982
20264
4989
26044
11062
6229
452
14017
30944
12400
27753
15152
1725
31903
20685
13429
9175
5586
4589
12331
17327
3226
31973
2704
18140
7998
30387
30006
14070
5644
14142
22012
31154
14829
13719
4669
16206
6460
10622
6727
12336
3800
17960
18703
7626
16248
4671
27683
15040
319
299
2015
7757
24977
12688
11236
5859
15652
29975
27590
4113
7770
1394
20485
4010
21966
2714
21311
3620
300
22107
16291
11838
29767
30995
169
6117
14437
5047
15616
31321
5597
2838
19656
31116
23525
98
24578
2763
23205
13036
26949
1183
17296
12079
8370
26102
25587
28432
13098
6270
28110
20324
29118
12882
17124
32435
5478
31448
30222
18747
27382
14057
30420
26168
31567
51
6974
10851
978
11228
31720
17337
21275
1128
22101
25213
24043
23261
27013
29568
8293
13093
202
20384
8062
4019
8407
1167
7855
8298
2842
6870
24044
22714
2892
32025
29658
12556
17222
25756
6205
5984
26902
28422
29359
21300
11090
16741
16792
24744
12204
23667
27994
1761
24519
1560
23500
11691
30793
27695
6122
13922
3634
25741
8651
23570
32364
28223
31443
24285
31650
22548
16937
32413
11862
12380
30059
2251
6958
25070
10657
32160
17295
8816
20592
4217
13421
5586
23953
1920
30562
19228
24705
16009
6653
30314
26233
20794
16220
3124
14496
12399
28669
8659
19072
9948
7121
14145
27830
4341
658
20001
6126
19466
30295
29183
25615
8375
11366
5592
32691
11387
4169
27357
15322
3751
19748
5236
32735
23674
325
23936
14763
8330
20477
21218
7720
26981
17838
26432
19960
11129
16934
1028
12904
31281
23851
11176
9887
23649
31063
4402
16668
16356
31015
18682
20831
20612
19022
30387
26085
13849
15183
7337
28250
32245
20298
28744
19979
13184
1046
22494
29338
27680
16017
30114
17141
19036
20788
25588
31368
15424
20715
1766
17586
30979
11299
5884
11382
487
14372
18736
13428
10849
10401
14393
11031
27514
9613
29453
3855
1653
29489
21669
6146
15026
24700
2304
14206
4818
28570
25450
9779
3356
27848
27134
20831
8991
26470
14954
15497
29849
16717
11250
11122
6552
18532
21176
10313
24543
3694
18490
14878
30603
29478
23836
24473
21239
5262
6184
8684
15836
6532
9875
21510
28605
2710
8577
21001
7554
11543
19660
21759
20067
5234
13057
11977
30727
23999
17068
599
9709
18836
20694
19487
12300
10270
9419
20167
17590
19312
28961
14373
18882
29722
24053
4714
22762
27646
2168
21914
23410
17247
7083
11584
2315
25659
26214
18015
19958
28635
4767
14763
23660
6824
25065
26105
27966
31296
4923
20213
29625
31177
22003
21523
18636
26758
28186
21448
4461
22183
28138
3833
25656
13414
10381
24756
29273
26447
16936
7710
14253
18911
280
12972
30244
18769
17532
19606
106
5557
17395
11657
6086
6210
31911
29597
24898
9197
28554
28294
13836
5179
5343
21774
21276
20051
10493
28355
11287
22615
13903
1516
25971
31476
160
13762
14813
8504
13717
26845
20183
27300
1659
7149
15526
9091
3907
14506
19819
6010
11979
7438
14224
29279
13408
8897
22373
9038
1664
15061
11275
30202
9956
29107
7058
22082
14270
28501
16990
29189
26175
18358
20943
11574
24156
12167
16929
7219
11218
26916
23440
30802
11367
32198
23232
17085
30579
5882
13405
2433
24224
3154
15358
737
27630
31066
12880
29424
250
28621
32368
3935
31615
6665
5784
21907
797
25025
23550
1786
25689
28402
28153
16288
7398
4888
14438
23293
32035
29857
16714
6930
740
3746
31161
17844
20853
22729
5622
11303
27356
11155
12507
20718
3679
13502
15995
8162
24646
4098
4615
27778
16098
22524
31470
10890
26830
17259
15688
5319
22645
8862
26997
13865
30932
20781
22273
2330
6018
28648
18123
8462
14317
31501
28775
4699
11238
4286
32448
3148
5472
31665
16386
22896
13684
22058
3255
14904
11433
22822
10800
19905
4211
11225
11302
31983
31225
18267
6561
7099
29211
17055
22809
13518
24244
6820
10203
13134
21788
19183
8367
24312
30194
19000
5560
24175
13848
16228
16795
13267
14590
691
5092
26518
8228
16187
7333
21899
29658
18581
23391
20544
2379
30934
29990
3726
2489
10944
5633
5998
32522
9274
400
8206
2436
1278
5873
4133
8917
3474
19427
8323
4694
21113
25388
18412
30352
12202
25145
27174
2048
4161
2565
32081
30999
24181
22332
6519
6021
12234
19871
9828
4791
391
4778
7096
2974
6507
7028
1850
20915
24220
29144
19823
28984
16096
21714
22636
30400
29711
14379
10472
3057
15817
26457
32149
20873
25444
20385
1201
6815
4648
13694
19415
27948
27583
22854
25116
27593
22759
20235
24663
3258
29802
3519
19392
16940
8784
31132
1725
30651
10067
28099
17400
2359
21651
2340
12213
5800
7051
17053
17251
22927
7748
2150
30576
24431
4040
28332
18274
19852
30938
12668
15396
4595
13540
3555
28829
9658
15153
13908
17543
17545
2140
26185
12671
15706
15369
22829
30296
16508
16082
10362
3253
20190
1157
21791
7383
11914
16012
36
25523
2160
4780
5776
16200
4965
10739
29835
21807
28779
11243
17344
1908
7219
31252
6405
11172
6624
16273
5438
14375
15118
10530
3454
23504
10515
22866
32368
13235
4996
27890
20214
4919
10236
9157
9743
4716
14104
381
22526
22174
10950
31462
11945
18730
12736
866
4415
12432
17491
3733
20253
24522
26213
23137
4595
28636
19126
5397
15138
14253
15206
13281
12393
30229
27576
3470
23489
25143
5909
3435
25221
5649
4436
4747
22486
1873
11320
20269
28222
618
5690
15484
27795
23528
5769
30329
27167
19456
19024
5173
5629
10348
18231
20547
3526
28790
18220
5485
1902
24402
16739
17318
21096
30896
5275
16704
29713
17298
9892
11359
25419
10075
7454
16558
10088
7977
4995
17744
24139
14181
29288
5914
28105
2457
19455
8959
25685
10881
25057
25803
19677
15972
14346
15893
31215
10148
22821
14702
3104
917
12299
3551
14254
27019
6790
30355
3428
8247
6490
13008
19134
15667
16774
16940
30030
25307
21191
12541
17758
4191
5982
2321
9175
14358
28947
15007
16226
4117
14202
4478
31948
20737
19317
2709
18095
22305
1018
7571
79
22967
22550
20192
8130
11409
27186
7635
13140
16347
22678
8997
22057
21047
30507
29605
22564
2320
22149
6958
7432
25386
15392
17366
30429
14718
28650
23913
32662
16966
770
22806
13808
19028
29632
19815
24989
6311
21237
5751
674
12352
20084
18015
20478
25650
17617
31217
2444
29177
18024
26025
8490
5644
10145
12000
32539
20150
2163
25923
26026
16673
29991
12420
14352
29876
1119
1615
10392
22686
5718
31872
4609
18355
6505
2963
36
32376
30679
21851
11223
14201
4805
17399
28176
25059
28293
5379
28238
9806
29719
9483
4148
11739
27632
3909
25719
24447
5627
30079
8443
1950
734
1110
25657
7644
4734
1961
18404
7472
15301
9037
1740
8762
419
1026
14850
17366
14674
7334
28989
23025
1503
17321
10876
9883
11494
17601
27885
5470
10397
15071
2830
1230
6931
18017
20498
20066
1722
29577
7302
130
28708
25902
13876
32481
19722
6065
20296
32013
25746
20531
2225
1861
1233
3077
29642
3466
12687
1120
22330
9464
12363
6743
15129
29527
5503
16137
84
30958
14118
11291
1874
11415
10362
102
10711
7705
8962
5356
3113
4785
204
7697
2418
20466
11256
27912
16230
2256
10102
25995
32037
8439
5391
31695
6499
14945
23722
20151
29638
16679
22728
12872
9615
27031
11346
15965
9597
21640
9620
13723
25326
19946
21129
22696
7240
22945
10841
31128
29847
660
28704
25512
3192
8192
13041
27439
8757
1299
3867
14801
32049
20150
5290
10998
10375
17322
30513
19578
16622
31446
27335
22439
23008
15327
21072
13920
15867
19962
8958
26782
3751
10494
8471
24097
1785
15550
23032
6239
26071
17045
32602
10433
17245
19778
2004
24334
21888
2806
14497
15399
26609
28076
31908
31990
2884
11705
11433
20897
16210
23204
11502
5379
7388
28215
994
6236
17009
5590
20012
22343
2193
9744
13295
10221
16658
27764
17228
15225
1475
21414
21545
716
23120
3506
22833
19313
9573
14495
16924
10451
17686
12616
21297
32173
17023
2151
5641
14787
26791
19955
18325
8144
17067
9900
26467
10175
17688
24564
19484
20765
9880
30176
24914
31183
11217
16271
29304
3328
27274
13754
10034
7774
18447
1933
5328
17798
14039
29109
2324
19900
30565
3003
29244
3552
24684
32656
2108
31901
29238
24425
6988
21732
14662
3532
11170
24217
17469
27627
11905
12172
12538
16946
9330
30890
5381
5916
25810
13173
17710
26698
17036
17329
16497
31190
28200
24928
16925
12261
14597
24305
16182
9851
7650
8117
21271
31636
12963
21138
24411
32624
26450
17659
25342
16174
13925
25119
19648
7580
10815
12897
19658
28238
23545
28425
27028
18157
20321
32313
23558
31442
20547
27426
30430
29907
13544
11895
7505
25437
10717
23330
3317
27332
27381
823
32478
20950
3473
26918
25607
23734
16415
20788
16628
18920
8929
1836
27798
9640
7664
27729
13935
26496
22656
8600
14327
3609
13669
8724
21821
11602
30935
25010
12497
8847
31602
17446
5858
25427
3712
37
9124
6674
30075
17109
10484
1344
6350
10114
5951
19630
21980
22418
28064
16662
4163
26299
30024
14837
26722
16243
19491
1432
15129
13224
697
8058
20175
1458
20818
8397
20922
32134
10333
8023
3418
24108
8210
28287
29511
20339
2903
30376
26413
4067
12768
5821
27157
755
30107
17421
2790
28540
26443
23642
16427
622
3698
24108
3862
27074
26741
31595
9157
7087
25339
14893
16069
7713
21910
6093
7125
25191
16037
25149
13804
2347
18297
15261
3197
8872
21430
31756
19961
16151
8188
26046
2966
25450
13255
24398
23119
13885
10900
10326
1323
30986
6214
15422
13507
8604
3271
22353
12286
10182
31474
21014
6688
23380
1713
18141
20995
22082
32354
13720
22179
24364
896
6636
21729
20486
9855
10120
17024
21773
31223
8374
10868
6141
24837
31535
3676
11141
7407
18228
333
19192
24070
3290
24529
16965
23505
5030
18735
4649
14439
18521
15853
9379
13085
13581
1940
9641
28257
16257
19891
21529
19686
8626
31782
24306
10754
20651
24216
8900
29012
17821
5447
23397
22953
23858
18183
7654
18208
16671
13450
11973
6285
4089
4318
2148
25628
14153
17207
9658
26423
13282
30191
25929
11689
11378
5835
6224
13315
6744
11392
4673
2366
29877
9590
19573
13219
4550
971
29215
23784
12913
2715
26751
2460
27677
20607
10072
24517
25799
23379
30115
16583
5458
10557
24197
14983
1567
19178
29311
5073
14814
29467
10469
30711
15012
8033
30097
1467
32061
15908
26328
17775
3779
30186
24509
19035
16495
29142
16997
863
17840
22383
7883
32474
30842
18852
14773
9674
14305
7436
32743
12852
5350
8562
14742
25798
16785
9360
4639
15803
30272
4635
18425
15615
16702
21760
6376
28051
29847
24046
15988
16436
9771
29460
3738
31031
30210
11564
5313
13752
3807
17848
14064
19443
5400
6795
15165
2802
30628
2700
16777
7529
22390
4023
1386
5086
30985
14948
31849
23052
29757
29132
9326
7050
5729
7625
5752
23464
10897
7645
12689
17562
7234
12662
29186
29144
10267
13680
18627
14788
3847
23260
1845
14989
32648
15104
13075
11860
10574
27806
22182
19086
12040
32378
8505
11946
27258
31510
27597
9715
14031
22976
30222
16567
13617
206
28549
2217
16280
15657
8462
21636
32223
21256
19085
32497
20765
3070
2269
1195
2354
26167
22537
19937
6304
18687
1471
9948
15005
25219
10241
11233
16230
4828
27678
11353
29397
2121
20961
18735
20790
28860
9992
21114
32343
25753
22263
10332
13022
28346
25262
9001
5087
21942
5369
18124
10414
2659
18150
17767
25330
24473
18556
5434
27899
28473
16810
7622
12886
20590
8062
16434
22174
819
24984
16109
3732
13590
23517
18581
3954
17211
16496
10776
2173
7587
1502
27673
23258
28590
32152
24469
930
12767
11943
24006
27705
2272
18587
16199
5339
5574
17092
20090
19831
7061
31653
14631
28865
7687
27814
17765
21891
23945
17929
19902
27187
21639
1823
18574
11979
6633
26300
24236
213
19678
8168
21836
28101
28120
30423
20260
32652
18648
2588
10446
14186
21739
17433
29806
11012
11508
186
22676
30646
1453
15203
22116
42
17641
22822
15092
10282
7708
25402
16373
690
22556
17832
8086
9802
8233
26184
8101
7058
3628
10220
22519
6687
15932
11739
14347
1925
9062
29569
4074
27829
30638
3172
8273
21898
27985
8282
30226
20126
1357
30714
5304
30050
12067
11600
13418
20078
5596
21717
5906
22037
15946
12957
14526
32573
23184
20435
24390
5229
30437
1123
19759
12072
25492
18678
7119
14714
71
25891
178
11728
19590
19939
573
2317
24955
18502
24465
8921
14584
9317
12210
24636
26043
9368
31721
29805
8432
25833
22886
9188
20727
22216
17962
15798
28008
9472
19748
16162
25684
5097
13722
21863
25806
12767
16843
12761
12970
27636
16595
25652
26501
23266
30670
12080
17670
23620
9792
2902
31842
19461
10677
19473
3878
29208
1188
6920
11569
30825
19609
15787
13311
32020
17299
22796
13102
5334
8363
10225
6714
20928
19447
22311
29580
8755
4526
31769
20659
7176
4237
22945
19441
2063
26489
26397
17145
16827
26213
19910
12023
16155
18038
20541
15825
21772
11621
20583
4268
2990
38
26491
17331
5908
18631
17497
8979
18496
13210
17438
12618
2638
26518
30965
25250
16367
15867
4912
12792
5401
7477
24727
29378
6397
31491
22015
1105
13370
18904
22303
19027
20304
21890
12448
3739
15703
21257
30835
12325
16113
10202
18535
17236
12669
11300
1787
1919
16013
27779
12912
21932
8090
11996
25123
27803
18935
16008
29210
15879
5892
17332
3293
8488
15524
10759
1927
3708
10737
23174
17436
18631
7214
19637
3613
5977
32764
13055
9562
30095
29393
18008
27400
23452
30887
29985
25875
1161
14833
31052
2998
21883
24019
6592
5448
18997
21650
6911
13401
2781
9802
8966
31741
3843
6623
5237
24168
29151
18485
9455
31163
23514
28580
12996
10014
9553
7078
7629
15
5781
29907
10136
19961
26934
19728
7877
6153
28289
15363
22960
17213
32583
24522
17489
30910
6368
5612
1376
18031
19312
16527
32444
11718
23913
27628
11533
5339
18513
26625
10920
19902
29382
10885
22964
10254
19391
3361
31115
16583
11028
15325
11107
1116
6977
26585
10798
5894
28775
4669
14783
5979
20627
882
4397
28450
4419
17043
17532
9830
3622
8478
29050
27849
23844
12016
13288
19739
926
10864
9434
16171
4343
16650
26977
3037
16979
13279
5222
14205
5022
13498
24537
26195
25041
3910
268
28536
624
29311
7257
4584
29783
28263
7179
32727
3511
31226
28284
13385
19292
5475
28538
18141
9521
23664
239
12777
3077
7492
5825
16076
29839
18252
14840
3200
5040
18036
18207
25711
12281
7834
27628
20872
11373
23362
10275
11665
12424
10124
21943
6335
4480
8804
31794
3972
24778
17145
29528
4776
17376
24944
6407
5531
31042
14297
7778
9994
11962
28514
12335
1968
3301
3530
32380
9071
7151
22297
26505
8351
26014
30607
18914
31142
30866
2522
16844
21704
12491
19852
21986
3649
26987
8651
22272
10385
31677
6218
30560
5912
12151
13433
23811
5858
60
11001
13139
2500
23653
13651
6
1960
16641
19945
16197
6693
22298
26669
2830
22099
30267
30992
20951
18653
12334
25534
24692
26711
18954
7816
17210
466
18030
9249
16997
21422
25863
1294
32183
19120
15192
11608
27490
5460
19130
12932
15912
357
14241
15812
30401
22474
1570
26223
9341
10915
32690
4271
6442
18837
9777
9338
5176
20577
22567
12483
10523
956
2637
20209
25841
28763
14927
23184
30565
77
32464
20806
25299
31373
22702
28425
30637
8408
10632
23184
7965
24508
29566
30215
14571
17650
17976
10247
4258
12269
32042
12485
11758
28851
13078
24458
1097
18668
3794
15459
17878
824
19787
31257
23949
5318
11466
17507
21657
32035
7542
15963
9982
22607
23323
17711
19327
22294
21545
19225
29375
4509
512
24209
16806
26684
5738
12737
2822
26251
8809
13881
19583
23744
6708
8420
29344
9016
23164
27194
10318
15443
4851
7864
13674
18565
14863
5005
12462
170
28171
21399
2264
10906
26416
22669
10507
15358
24402
25726
15474
8034
4765
3962
21798
20363
15762
23951
31314
15626
15436
28919
24981
12817
12040
11407
22439
10374
18404
23179
7232
18006
9703
11112
13621
29708
24898
8483
31972
16802
11477
15017
28627
3478
12533
29582
32148
8769
877
27649
24812
15717
24770
19712
17204
13829
2748
15560
12030
13433
28705
30608
5628
12481
452
24694
28190
11034
22718
7866
10747
21199
4604
6954
4210
3922
762
29149
14225
8075
11213
11300
9909
17264
2663
22206
25587
9174
13079
18507
28855
27782
21071
11267
31147
19604
31658
9384
15835
20716
27181
7097
28950
19758
5582
4329
7575
18108
16946
32208
18661
5649
27323
8671
24567
12884
12226
19097
11932
23340
10529
27648
26138
5335
16885
7502
30485
10870
418
19942
17075
10923
26135
18058
26366
4710
13139
19150
10890
6652
23591
28365
19287
22650
26686
29978
13560
12600
31580
18682
25077
16305
25059
26832
27759
13713
18075
21720
4610
24336
30130
22040
12016
16767
20738
12692
29819
2080
22931
7106
24210
13115
29281
61
11440
15726
16479
29117
25090
11077
19387
22087
4296
14603
18020
9121
29949
6879
7114
16393
8762
778
11749
23334
18648
25231
25464
21311
22101
6148
27543
31403
29944
161
23143
20873
11960
8087
805
1969
14171
20386
13161
23274
8667
13026
13228
9565
1293
21735
12552
12361
21380
13067
29760
7929
27316
7940
2560
1523
7507
12217
16486
627
15621
13397
7616
26135
26423
23962
13464
19164
6475
4473
30958
9033
20470
7391
31428
6890
13799
14289
10720
23296
9642
4027
1741
1911
715
19461
25891
2072
11838
16616
8968
29184
6654
17536
31223
9553
16373
23074
19648
29479
28
10223
5840
24526
10723
27305
24755
21810
13523
23494
24023
22934
27762
15811
6035
7817
4967
699
18791
31766
16862
16696
21126
11324
814
27465
24721
23198
30393
31701
14246
23674
30740
3630
15257
9439
4713
5097
7809
18715
17177
7406
22647
10611
20389
26059
19610
4632
13006
8270
16215
26710
25851
10834
487
14349
988
9945
30488
13669
7501
11611
21841
1726
8573
862
18896
27366
16463
5191
24887
3983
13824
7024
22855
11264
19211
13434
16363
13322
2889
17893
888
14142
30813
31197
22579
16477
15183
14679
5908
18704
6519
23901
31177
5593
12445
2726
22526
3658
15966
27498
18908
25973
30417
15220
21455
9891
11883
23161
32653
31305
23328
22696
1620
14135
12491
12674
28786
5139
23760
10476
19979
3334
9472
32387
27927
20917
28093
27439
12458
20339
27486
7419
28024
11188
725
9508
28568
17093
7566
3183
3464
32443
29851
448
27762
6826
5903
22249
22957
9751
12199
16320
23943
23727
19888
1908
27458
9785
13604
12321
21084
21193
31255
12449
21780
26422
27473
17574
2089
3535
4157
773
24549
32586
15874
11861
3674
30717
2031
29625
5868
3409
3868
3066
15119
30579
30030
29401
9298
9036
30492
10403
28573
8372
29008
12805
32182
16610
21904
18978
11530
31015
21054
31459
24747
24029
12700
3982
30869
18842
13364
5531
7989
1193
27255
24515
4140
186
20900
16217
15440
31960
14315
26589
28403
9628
11219
12495
22633
1440
31449
10689
8644
23095
857
13488
28130
8283
23986
6804
27562
28135
8358
20022
23954
27399
17663
20802
14948
32748
27768
28573
19267
2756
4058
17656
27369
12777
22630
16550
18994
9816
10355
7082
24030
27238
5976
29973
22930
28846
25740
2191
23585
10062
9740
13107
12554
17235
13821
15008
19266
24689
9107
2636
23859
18680
11057
23324
12804
31235
31186
31026
11291
14322
16295
7175
3296
18203
22017
1209
27076
7357
31858
22182
29315
7221
28975
24121
27813
13429
26809
14852
2123
29105
10429
6671
29224
22363
19000
2416
18126
5714
26334
30236
19243
29527
13757
27389
3667
29120
23326
12357
22656
5744
28588
17921
2902
22278
728
27889
22380
2389
7291
12695
27401
26389
445
11662
32299
31191
16695
29469
24526
831
19028
22284
26730
13677
5117
3254
30142
20412
5749
18528
21452
29615
7297
23497
14117
17960
12237
258
11366
12507
9355
18304
8451
22531
2141
22384
26947
6227
30837
32586
26508
8496
8954
16297
14561
32541
30638
18778
2729
10871
19407
8627
32178
28258
30011
24870
14965
15363
8407
16406
6812
15856
26672
26088
3009
16356
27235
11870
3961
16056
27707
22816
31889
13454
17306
22428
26007
30032
4634
11536
18588
12121
4851
5349
27705
25713
32
25407
3536
28415
21181
21458
17684
26490
25268
15095
16588
32289
10648
19711
16596
7404
11473
28615
29028
26050
21242
19084
2964
24812
10375
2049
24352
28618
22443
32415
10601
22468
22393
13117
23997
31108
5705
27104
17112
2146
9053
14548
2475
22048
7108
20988
16732
1752
24191
30310
19597
16690
19427
18466
15329
11994
5182
28245
12732
24882
22973
16265
13131
28228
10637
26183
2757
23034
4161
13288
7920
8081
19828
5544
25574
28491
27311
24572
18713
29796
14733
25638
18581
14152
32028
1030
31621
28675
17031
14387
22521
23801
11506
15434
31718
29143
14502
21894
10606
29385
14702
26513
22626
20462
6208
19354
262
21769
5152
7592
1044
377
2626
29742
21507
7275
2415
13791
17288
22862
13481
451
7518
8327
14610
23947
26947
20582
23306
7714
579
2649
24216
16004
25144
24672
20235
6355
18066
30401
27105
13736
4692
28157
12519
9639
4447
10498
26530
6486
243
17314
32750
11055
371
19780
14821
4083
21864
7130
31490
8514
4553
19219
8326
30313
9082
15313
20763
32635
19986
10205
4536
22179
2017
7642
8644
15288
22322
31095
25214
28178
5325
11241
19868
22684
14272
26777
16178
17451
3679
2585
5846
1038
2186
17245
29698
20711
30510
28968
4538
17849
25870
8132
1390
13121
27844
6390
25889
15754
12290
3633
6347
30652
21534
13066
23292
29236
10190
23532
11459
28378
22064
29965
16590
12207
19213
26016
8658
5030
11358
13133
6190
30133
3343
31198
4811
555
15620
2875
5958
30276
23130
19352
32081
32251
2031
7661
31062
9247
27940
29862
14942
2217
25313
23196
7986
20813
29146
2117
18111
2127
1553
22823
32703
23960
31644
13715
23446
32265
26793
17551
26746
29967
18623
31252
22231
19576
27975
21882
3570
24197
22346
25648
29644
3648
24188
23728
27721
23055
18810
26034
21393
31882
15184
23968
30647
3978
6718
13899
21913
25986
21436
14556
7431
3347
8635
17933
16423
13018
13614
26265
4631
21901
27081
16368
14549
70
26376
16688
30300
32542
21108
7249
3344
16894
30498
24479
17244
25010
1660
17262
19098
31551
22083
9
3379
21879
16341
16363
10247
1226
1196
562
4879
351
23592
336
15680
25444
3726
29188
8115
14754
16720
11913
3076
11860
22671
8717
14840
28217
4574
2148
22626
1512
15433
22014
9543
10596
12694
23574
20800
6640
29898
32045
12832
7716
6639
1463
2263
16449
23317
32020
24214
18114
32407
705
15668
6963
29343
3024
18129
4934
16876
5269
28857
20516
17875
6819
25994
10241
14724
29431
21146
19955
4751
20594
9363
11268
17063
3725
30560
9094
18085
5192
15693
10150
9936
25443
24937
26180
19547
10193
26927
29442
20527
23402
22886
10395
9963
20960
25158
13431
20009
16628
5852
124
24324
6377
13232
28454
10711
16697
14500
7642
16198
3464
23071
8567
2691
32470
3435
28975
24778
9464
13404
29589
10798
13385
11315
25078
1944
9117
17345
30189
6669
26230
23760
5426
20271
6011
15550
28595
22279
10021
20587
17382
9985
25276
26454
15709
11832
26498
10754
8603
7924
22062
20383
16166
29041
23195
22246
21213
995
23490
17989
22412
31670
26598
14140
29630
19482
12558
12551
31186
1471
11704
5757
11857
21469
12748
11064
18559
19064
5071
29686
24880
27106
12889
30271
17373
31617
28105
6984
22007
11218
27191
14872
2171
1454
11690
3305
1991
13005
28299
5585
7596
9608
9818
13985
31172
4067
15520
14
21510
19402
24101
31758
7575
6299
21602
30597
13283
20965
28985
3873
18925
880
25316
898
31715
32381
1068
6303
16630
21582
31963
1125
12137
23017
18035
12449
18151
6426
26912
21535
13593
21175
1260
10003
18552
30247
31538
14009
1376
12837
19541
7225
4454
706
32177
6861
26860
24745
7122
26917
4851
30119
11492
10763
18224
31339
10091
22595
14945
8586
16693
10677
1249
13254
10892
11726
22394
16783
2480
11043
29307
3530
19076
87
4875
5586
5767
3135
19133
23228
2310
24901
30053
20448
29584
18442
16681
4756
18091
21840
31963
20283
29381
5910
8326
30591
21869
7428
17478
11738
1731
24586
31069
2651
6957
19781
14724
7335
11596
30754
24703
20286
17455
14277
25588
4095
27078
13228
15741
25071
1433
9103
15100
15414
20409
18059
10543
23146
28663
21888
3204
25104
7509
29880
23598
352
20922
26825
29560
27465
26090
4796
11609
21685
10676
30574
24137
22286
19566
22071
8276
23553
10654
4810
9581
30338
19962
30300
1028
19728
18579
3081
12763
31034
7245
7283
8469
98
26002
3244
13200
18881
2119
9302
30836
13739
31231
32520
26636
14868
31855
11508
4565
10324
23587
18119
28885
39
1903
30929
23086
29688
4519
18790
14835
607
30354
7812
4666
18664
12829
18101
28787
29718
77
2359
19704
28839
22903
347
2277
16922
32435
18731
32297
8815
10894
14159
21981
20270
14847
13362
6357
10154
24989
27232
11893
135
17166
22067
15814
20602
30403
30894
9417
6736
24034
12713
31244
14386
20612
1326
19578
27687
31777
20516
5495
23002
1608
12330
4397
19870
18324
8902
28960
29871
13019
8127
7433
27322
15528
12999
30177
16544
22252
22621
20284
24696
21744
8690
4824
29395
19342
25931
17014
10563
16801
31526
19432
4638
17594
20768
25452
22911
13845
21206
22584
7054
25547
28235
5974
11265
16968
14218
20658
30435
23040
28556
29298
24212
15710
29275
28293
15122
6909
20600
32383
24182
16411
6010
22948
17090
8011
3577
4418
17625
12137
26282
1861
4303
14035
11979
13061
9059
22230
31682
10338
1226
27495
7169
5395
8367
4884
20268
10299
24439
29498
18814
6205
25801
3191
1641
15058
5966
13154
11900
25433
21941
378
5258
31598
31995
21085
3593
2493
9193
8507
10936
6936
12254
23177
3973
16840
9934
30202
30893
7969
25227
27819
10021
11098
2371
24477
15673
12187
28490
617
20083
9814
17946
7727
9918
30171
15513
16592
3275
14631
29850
27741
948
2813
29093
23247
20447
1849
25851
10744
17190
30304
31445
953
5172
22395
3309
5750
17714
15398
24127
29127
23972
10980
17425
7024
31629
31669
24625
28820
32730
25323
20606
10021
23037
7737
30633
927
14041
30733
17213
5878
5854
5407
4829
6348
3957
16458
9421
12776
15262
10396
11189
19172
8151
17833
29089
13093
1345
22052
11339
13329
4094
11440
26269
25723
5341
16115
9074
20578
29241
10988
7581
18652
28702
9863
18732
28749
27566
3439
31214
22236
20931
292
21298
15144
11478
20301
25810
17206
18976
4687
6512
16815
14846
16414
23040
23368
12186
6996
2694
8321
968
14976
17441
28562
24366
6592
28745
12962
20392
27282
10581
20027
19691
5607
1088
21499
28776
9337
10156
19852
25715
351
21543
13270
20132
19166
16814
26226
14717
9603
30319
14178
16718
17774
31443
24320
2134
8689
3772
27701
13867
1882
17420
1259
1628
31500
8806
2757
10836
9685
14392
30733
641
14459
15609
2286
29366
32408
10415
1251
21966
5032
25781
15471
21651
28257
31163
3855
9182
13891
24334
3437
28159
5999
20250
3030
27486
2236
17709
14574
28259
14344
2173
3234
26260
4300
26733
9055
7933
4339
3596
22913
15317
24557
1758
15119
15198
23551
27872
7077
32269
4573
20422
27313
6635
21114
17287
6114
32059
23327
14363
7134
9309
17339
32387
31028
26354
10106
7947
18833
8257
15256
25804
11062
14042
18552
17012
8873
18296
14576
29770
17579
30508
13287
876
15467
12472
29731
3675
505
20793
21084
31418
21757
2058
13717
29779
20393
28132
23980
23899
9708
5962
15407
5111
25833
9764
20337
12543
18087
7850
13277
9217
28170
899
24459
20617
7938
32046
15377
4255
18178
4258
4764
16530
27060
10545
32319
14324
17899
31154
22666
21478
18137
30943
21599
30358
5506
31996
15105
8197
24176
15034
32622
1038
8104
11098
7151
16804
4830
7701
28141
8027
2021
30908
1030
28969
17257
27548
4704
2926
13792
7332
317
26419
7870
3530
18896
23471
28648
17066
5456
4368
1388
26992
21066
4216
1391
2809
13371
5445
31847
1589
20830
917
2442
23248
21187
10249
12165
1809
27297
9418
7538
32002
1261
12234
1028
29393
26155
1613
19205
4726
11397
14759
15107
19606
26394
14663
28486
21159
14232
15860
9221
31830
12813
31319
13529
7205
28410
13498
24433
1881
938
11791
7816
21779
21697
31284
12564
6333
30488
11637
8640
7079
4808
851
25245
23026
31877
25219
20756
18094
31022
25146
13856
6975
24481
13480
5818
13829
3284
6850
26772
19516
24098
17733
32521
29472
9698
18168
17492
17493
20030
31793
4865
8583
7747
2970
17314
23374
21812
25653
17091
16212
4132
23710
17184
20921
11715
22417
24597
13750
9337
4523
17493
2433
32433
31861
10463
14705
29048
19102
16430
3683
16710
4488
25008
31580
26907
9223
2426
28272
14286
2661
58
10466
22434
15273
16237
25228
29723
31768
26066
15489
29200
1277
20510
18162
28160
22950
10737
7758
29866
28079
2825
25517
10711
131
29878
5231
20859
21023
17293
1312
28412
5401
26977
927
28370
16865
879
25728
3664
12104
8409
32686
30145
5182
19798
24661
14519
22240
13351
11263
12448
19634
28493
1277
26010
20520
22265
27656
31113
20332
25924
25896
18790
14427
544
25557
14554
26064
19342
16988
23563
29222
11794
18565
29622
4856
24932
1395
28542
25131
7529
203
27267
14383
7009
1817
22071
31617
14178
5487
18285
2421
17925
10319
6579
7218
29279
29130
23778
20990
14387
15082
16627
14780
20069
29774
29716
2226
5554
14868
9979
23952
24479
20220
11131
13486
8623
21193
24917
29078
26841
14315
25936
8642
8505
15452
13964
23719
1542
27080
17939
25842
19908
24816
9393
28433
26299
29776
17158
12533
22439
22015
30681
7958
6321
23768
16559
31416
30878
9431
28828
5485
25159
3781
16730
28124
5705
25368
31384
2496
11517
7189
9108
12596
29867
6967
29420
28461
32762
19924
28850
31560
30891
1278
32446
28870
2695
1192
15176
30420
31382
3593
29110
15888
16018
26950
3506
30538
10395
12875
17536
10119
31532
27897
26766
32076
31054
9351
6989
2841
18188
6690
20800
2867
11814
18135
23635
4262
6922
13491
28781
18827
26111
29481
22088
13959
15524
10931
16513
31636
16281
5052
30443
11780
10364
21694
19497
17347
3095
2984
4476
2012
3287
1666
31961
14398
4480
28499
13631
12481
21536
28483
31047
18276
23874
3325
5117
15832
16227
19031
5102
27715
9898
17717
30850
2366
4307
24490
18828
13087
16749
13153
19744
7806
17989
21564
20389
3570
8226
9786
12842
30492
25522
19102
13054
30951
26309
26702
9338
1805
19897
21369
1570
28382
3381
22652
13293
6461
13339
11783
8160
11755
4535
21115
18913
31752
3133
22679
27083
19414
15218
26452
32702
32193
7081
28941
16057
6812
27889
26083
1386
14638
4749
25952
22852
23789
1700
13147
6099
12809
13882
29723
21068
19116
22879
29631
1897
16769
7078
31964
12147
25971
10457
617
20128
21175
29163
8408
416
7436
15918
14982
14451
28481
23750
13141
4989
17400
2654
3991
5852
7083
24346
31279
10233
21484
22732
30194
2397
1009
21866
15956
18631
591
4544
6976
21371
30726
98
11335
9436
9406
3301
28413
17213
14416
8014
1184
32501
25992
29643
31483
10161
4650
6817
7306
11279
18482
13414
3039
22376
19552
15984
11844
8684
32244
909
10658
18165
25527
1268
31138
5525
2618
28540
24593
12145
5986
28940
13449
10707
14116
595
22350
17658
17806
30905
19318
11701
23047
29845
15437
32048
6103
32672
29175
27405
26602
28586
31063
26038
32720
24971
816
1266
23049
24669
16010
2743
896
3304
12888
26176
25173
22878
23127
27998
23007
11593
2873
16403
28658
1473
25091
2653
22365
26082
17076
6224
951
11133
10791
28775
10844
7182
22330
26652
21682
15854
3888
26294
26545
20938
340
19043
17570
84
3551
9094
26406
4152
29724
14930
9339
14418
11210
4760
28667
25118
28098
25053
18661
28784
12250
11184
13664
24165
6152
30779
28349
19097
10955
22807
8957
17050
14534
12389
28563
25245
20398
28186
31083
7536
12903
14234
17962
16560
7274
11657
15032
2364
21610
17373
25340
23529
21047
24632
26342
30328
31714
12918
20659
11461
15906
31617
2156
1600
1014
13933
10416
20385
20876
22465
4276
29912
1634
5906
22408
14147
2731
30423
1180
5156
27636
32376
12674
28498
11527
23208
30965
22063
19728
22517
22299
28377
18942
27549
24327
26533
8748
16036
27010
31433
6465
28451
8459
23128
17493
31715
3868
6260
8533
3626
3759
24511
15784
5589
18433
4114
12306
27559
6550
4978
27097
28129
4733
32575
8999
19219
25045
21935
26288
28465
24464
31611
148
18153
4727
13784
21639
19764
22382
17577
24367
5932
3578
27891
26317
21021
28160
1937
7968
26590
27344
26665
17543
15714
18273
12382
29285
16266
16350
25415
14537
12861
27746
19744
13647
30139
16641
4928
13121
13870
20231
75
5890
14723
11140
24745
6317
16247
7944
823
4601
10229
683
12860
25440
21407
28240
14494
13440
29355
7211
18262
5057
13808
9601
20257
14648
5696
31919
8824
28875
9721
18542
29635
28566
8407
1109
970
6286
11788
2720
5228
29796
2195
27439
29587
24749
449
13266
12903
14911
4637
3523
23746
1758
27761
21620
17636
25112
18209
2443
14185
12653
20412
18987
11128
25523
31953
10614
17212
16313
12804
5200
12440
1579
27232
8805
21014
27317
23791
30829
7201
10347
20360
8111
8821
13673
3049
30403
21971
22966
11014
8093
18937
11631
10912
3783
6097
16929
280
8174
12265
31606
9094
21408
12579
23316
12806
6740
6062
17346
15954
20651
22580
30668
24726
20725
15189
22185
3711
15863
3413
7644
26773
27372
30225
12568
29132
1225
3384
11687
25941
24773
32439
19725
7866
5145
21365
23272
18474
14596
12865
16922
17170
1299
11529
29994
32493
5279
28236
13800
12892
3991
23249
80
10873
2944
31642
7345
9320
20153
17428
7439
25904
22788
2192
18885
969
21826
14582
16750
6519
22654
13240
20486
19542
4653
17670
16717
26677
20916
9793
12908
31143
1323
4529
9947
8024
5473
15994
25730
1438
17184
22732
23327
16464
27058
19035
6887
30427
19107
26383
7792
5778
18121
20988
27598
32582
10370
11924
20733
24087
25405
29211
16255
10889
27708
26972
2885
31195
4248
18075
4307
7316
27781
19402
1696
14942
26583
25856
32187
24599
23493
18214
21940
13350
17901
26356
10170
17675
11417
23580
27905
9786
6209
1220
25703
20266
18001
32058
31574
28841
31019
16355
15852
13426
2416
373
4697
6913
7292
7526
17289
27558
9263
9893
7940
27353
3059
28807
10770
19149
14074
9220
12834
2632
13256
13603
15468
13745
18674
19635
6358
15979
16165
31292
7188
23649
3177
16949
17684
11746
17575
23671
20889
2480
29545
14066
1574
14163
17122
4255
11549
435
5166
16565
4392
22502
27867
32288
30424
28743
23975
15151
22924
8648
18059
27021
28565
26505
7161
14962
14743
17065
4451
12058
8498
28252
19708
3447
27362
6717
2242
3363
32548
7910
17596
20632
20187
24766
28288
32419
22257
21779
8697
4118
1857
23913
26471
9662
4277
27921
4775
31380
24235
11517
10165
17975
16286
4562
26735
9114
258
6207
28572
20474
623
7054
32044
22036
1026
31352
22465
31124
13313
32318
26479
30416
16317
14325
28096
27318
27581
18465
32508
30467
30488
17542
8359
30391
20003
12347
12618
22213
20556
14848
32119
26382
11590
13521
9735
14224
7527
32444
15270
21979
31054
18927
13202
32453
29896
31765
6559
6239
245
6115
9087
2088
6566
25837
2368
14720
522
18879
18198
26719
13450
3113
11355
1094
2545
27610
23508
16246
23504
19248
8502
7777
9761
23119
16360
7006
27690
30833
7947
12960
25764
16253
30392
27241
12573
28122
25224
11131
9371
8837
32090
32208
23938
8033
27216
32138
14007
1487
28443
7213
21510
16767
889
524
19905
5510
31227
9217
16298
32688
9740
24929
16147
26135
9007
15919
31812
17140
8584
3472
4893
17078
23454
8319
20221
2129
6495
19650
26082
3033
25701
24605
28369
18255
20855
21445
6008
9659
851
21527
23826
26746
19114
28810
19595
30426
1901
2019
3556
19428
12103
17576
16090
30329
7531
15830
24770
24481
3983
4054
23992
19231
29752
430
26872
17993
28217
2677
16012
30998
12662
19209
1576
3449
7406
20484
23890
8429
13817
12267
19653
29777
26829
22953
11544
19959
12871
10044
16027
16888
5865
2223
30850
21706
2847
23368
21317
11284
12486
16642
4678
16832
3566
3133
20661
19794
8415
5045
21936
22393
30043
689
29615
11236
7971
31101
30496
7511
15805
4633
26702
20478
28019
7475
9351
32257
18847
11091
4734
27224
25638
13910
30190
30177
22083
32541
9856
2736
20102
29574
11759
20902
16412
12443
4458
26181
5968
29962
19002
31938
5970
6102
12708
11868
17719
22347
25617
24557
1090
5175
24428
30399
18274
19799
24780
20384
31739
28432
17747
11321
4585
19295
29270
2715
17603
19987
2237
6939
2652
16698
26541
18528
19088
13785
16997
1466
17469
25824
19814
22453
17295
7260
18135
19183
3457
3311
24103
19750
9376
2941
16116
7317
19218
6953
17196
16769
26072
21376
4210
17935
9552
30451
9411
8280
5886
19851
5721
703
1163
6104
2767
1667
17422
11819
10631
25744
23947
8197
3401
12443
10681
26574
31020
19053
19977
1738
21690
31103
14819
7498
13135
26312
2355
21279
27330
26835
28708
9300
32071
22036
5163
26141
23188
20860
30280
6154
15427
17739
21129
21888
8568
38
6351
31594
11715
10345
25300
22060
28488
31166
2925
27608
20509
239
19213
13989
14067
18936
32139
25501
6905
13409
29989
27029
3837
25034
32452
3170
2004
29384
31618
8266
25085
1519
13161
8633
27265
11568
17789
30005
28445
19814
22781
25492
6563
7211
29671
9837
6814
12272
6842
6348
26421
22093
7551
24618
3666
9365
13834
8604
26883
30382
23422
5962
10784
20511
28431
6691
4398
21355
9740
29647
17539
17310
21788
3301
5803
17445
200
19295
15115
19170
22329
13643
11716
30848
30531
11203
21210
19204
10403
21022
4246
24229
27013
30056
26920
12510
30026
2064
22417
6593
10375
1505
29632
28558
26193
21555
8699
2180
25272
29283
20865
3831
30353
3712
3694
23459
24697
21063
27358
19008
5910
31826
853
15447
4256
6540
8799
15955
9120
29416
18291
731
25848
851
5405
10335
10020
2535
27229
31985
32447
3169
11082
13399
28745
24021
31994
17502
11047
32160
30886
23409
30187
25247
6666
9577
12246
1694
27915
21159
2971
17939
16028
5472
26470
26637
21730
2361
26141
25191
29334
14612
11750
11841
10668
14121
28649
16560
16690
31576
7511
31669
12922
31677
28075
11116
379
13190
6704
25478
29813
3073
29379
20729
28372
23545
12250
21494
29527
28995
9669
30236
4465
22676
15668
4331
16880
22422
21754
14459
30428
19770
28944
15982
25250
27727
23261
24867
14961
1108
5812
31532
30693
19594
21151
18179
24035
25934
12891
2808
17604
934
7331
16750
29109
31514
28082
4423
32093
6597
13059
10909
3521
2731
21595
23475
26469
12877
19977
29227
6580
14715
24684
15481
19106
14954
22711
16279
26000
17414
22257
29946
12656
10121
13632
9414
4649
17485
29798
12350
31037
17886
20876
24702
18857
2132
26943
3436
13069
5856
3000
12524
18444
30884
9824
14931
21494
16328
26259
13855
13220
3786
31140
7653
13732
2069
3618
25738
17815
23510
31322
4790
26326
26635
11293
1926
16988
7900
17860
12673
19424
10031
3184
21454
16961
27511
2967
11172
3879
2764
4540
2561
18920
24641
27261
13727
25000
5234
31187
10532
12997
27996
7318
408
2930
20594
29247
12573
25505
10989
29682
18906
19495
13411
31932
30009
22810
16283
10009
27474
2942
3488
9145
32423
32289
22292
28035
4113
22980
32711
32475
32506
21627
10376
27680
27085
16471
4923
1913
21163
27969
3372
29138
31840
25129
21411
15649
5013
12641
9913
1006
30790
27715
32361
6674
15223
31258
5610
15039
9507
22080
16700
22464
22134
31107
16642
28162
23612
29389
2191
852
17816
29445
10819
12651
4857
20528
24088
25129
4426
17372
22136
8479
30057
26814
22354
9808
19419
15258
17260
32311
4286
9059
5115
29452
1022
17572
28273
6980
3532
9246
19606
12631
18252
23730
27354
6341
31630
27778
28905
13403
13504
23892
2177
29106
10658
19511
22144
11770
7994
5224
2626
22517
4808
8566
30505
29510
16380
11429
27773
24812
22375
27024
16247
4362
31024
26131
15256
489
18440
8552
27967
12351
10335
7824
31355
23730
32728
30197
32286
19096
2299
10829
6419
23553
3883
17601
11761
12023
9943
31823
31439
8196
13812
27757
1371
22005
24746
7919
3366
15070
11853
27946
30786
1630
31376
31834
28175
15652
1781
22849
5202
18866
16520
30481
8839
4705
3533
5516
16249
12454
14583
21098
23823
11667
19034
27131
1641
26529
26403
27405
21547
1452
2119
25104
31513
6975
7609
16248
10469
25106
29152
32099
9028
11473
24904
18556
23879
30495
15000
12319
30441
14043
23236
8638
23269
21154
22915
13187
28362
24981
23044
566
2384
6236
21468
9826
8941
1899
26692
1203
29860
3715
6017
32163
31006
10620
27299
16469
1019
31299
25970
17601
25450
13343
21670
12562
16375
19512
19542
11852
11941
4953
27315
28722
10557
7413
13046
29799
24805
5992
5271
15571
7924
31104
29376
2376
10245
10556
16385
21606
21835
32723
581
6076
22564
20216
21253
6959
23536
19293
12219
21408
31267
118
11930
5321
13465
12671
27516
6760
27178
19392
16668
11424
31103
19984
8837
25500
1571
18840
10442
20085
5085
24537
10488
342
27710
25073
26185
20190
630
29977
13466
12485
18796
24691
7967
9155
12301
26627
26454
31405
14307
22778
28729
27874
23018
11067
27064
25573
11680
23576
20582
19531
1628
26204
5491
28120
31456
31631
730
3813
2865
25205
12251
26372
22695
7896
6572
9447
9280
18055
13420
2942
1849
10143
2136
27232
6624
9225
12097
30060
31908
26180
17982
16304
30574
21349
10142
23946
9012
24156
288
29196
20939
8312
6759
11173
10236
23342
24488
29694
7643
18198
1190
22307
22868
21558
21472
26083
5895
16259
32264
6009
5462
8613
32184
28268
13755
23291
25441
25779
18527
223
7556
25373
13801
12331
4388
18416
31636
26875
5755
16592
11653
22453
11756
31715
29531
12103
313
29747
13063
30896
1270
23892
24030
31682
20029
29254
5100
9510
28836
11164
4492
3488
30828
8414
6966
1684
21755
6445
23447
20426
18316
3877
26599
23150
10790
11272
24183
15707
8906
32280
21385
16025
5873
28228
101
5667
29494
14599
26793
19950
6991
28302
27105
25384
5697
15897
26967
3261
19156
4259
5165
19232
24645
14021
26024
9544
5948
11736
26575
14073
12029
16474
25141
29764
10978
1426
27411
18001
3081
1143
3737
25948
21322
32207
134
5118
24428
8596
3063
8110
31640
13211
13692
19079
12813
25464
17265
588
14102
23452
8332
2217
57
19392
19634
28859
23474
29319
20495
5587
7200
27230
25701
28535
11389
15783
18596
26282
8275
1560
29372
4206
5165
7005
5039
29062
29260
5381
8682
12160
28572
9115
24021
21235
21735
1299
1193
32518
26695
6249
9602
16945
2785
21636
19637
25672
24272
9824
31075
21941
2400
31340
4430
9220
25981
30001
18156
6054
14955
7989
9658
24302
19127
2079
14547
27232
20333
9499
32705
24107
13195
28288
9619
15604
9142
177
11823
12245
17964
17473
3562
4006
12026
24922
24406
4987
25711
607
11099
18541
2000
10704
30602
13982
30285
8046
3757
22391
30260
14496
14243
16692
17509
22
20075
11171
5638
172
29566
12840
25207
14225
17762
30469
2440
29096
22652
3032
10730
6190
24870
17253
15332
12446
17409
20630
17479
5073
140
22208
13220
8298
10742
20264
17852
27761
25137
26566
30008
14910
2888
16201
22427
13465
8946
8795
30068
13855
31847
11813
29400
8168
19570
31766
7183
870
15304
15072
10894
9104
29592
22724
22053
4416
22627
8976
1658
26330
26382
32486
14518
26415
26678
7998
28030
929
28099
23598
13093
3463
20160
3946
8224
5843
5482
6663
20922
17906
4998
30596
17161
8435
4344
522
4128
5100
18578
19443
31110
13977
10026
12938
15335
5447
239
3601
4106
240
12541
8969
26371
10920
22318
14509
13994
3639
10291
30912
27211
28680
996
31880
19359
29250
17877
11035
30715
1332
1066
19673
13768
14070
12460
30778
15923
9805
20508
15306
20261
7376
15303
10609
6518
5193
8538
9976
24414
11102
13560
10185
22316
19825
18826
13302
9786
4548
17238
24701
2080
5601
6356
7371
30248
22329
21948
31102
25346
20491
21604
19567
24249
23431
8521
22000
14054
9524
15595
19282
26404
10127
12255
27307
28099
32245
9503
31701
22721
3522
32420
25274
7925
19131
6199
9935
6542
6825
11396
5087
12732
7239
4208
22538
5805
21854
14508
17165
4027
3119
15754
2756
16100
20497
20752
14573
26490
30043
23372
9774
3355
2180
12518
9818
32484
31881
6140
18928
8930
6287
3881
22756
5577
26826
2791
27298
29417
13981
7448
16209
22621
19459
15071
15956
31622
1581
5300
15895
25016
31597
13496
30984
4402
14418
22341
21475
20052
22549
12746
22835
14604
31795
7126
3606
24210
26460
20082
1088
4949
16268
11700
19778
10549
15224
20625
13068
22002
16171
15091
22961
24036
11249
32267
11883
22253
26484
13033
18399
6061
24101
842
7074
9972
1245
13489
11515
16253
7620
27065
6379
15321
17523
3497
9066
32425
1365
7753
10740
11024
1107
18420
8004
16744
30384
2031
29792
29748
29745
18681
4821
18774
25474
11811
19524
23427
1493
32738
25373
20467
26060
28515
4267
21597
11673
9246
11345
14626
10340
18350
22547
31689
29420
992
22103
21931
8050
9994
27885
8943
20691
25246
31054
13753
4340
22526
6689
27039
26210
26514
4612
2909
27962
30233
18312
26825
30535
7228
1661
7433
30571
29801
26225
27907
15424
31454
31347
18453
15870
13316
11805
16646
928
3327
29649
4925
25410
10883
10306
2097
8654
6633
20278
20769
13783
6274
3467
10501
12741
25899
1144
21188
6451
20513
29206
18343
9621
32023
15135
10766
15902
2950
16885
20578
9953
6469
12006
31818
11062
21337
3502
4642
18271
2318
25661
25769
5483
30023
9915
26873
347
12818
11466
26301
2180
2687
3083
30878
2100
7859
31715
28926
24472
3640
9855
30441
26845
7319
2837
28488
3478
1065
21869
1624
31326
27434
20129
27995
13758
12047
19233
8334
7761
31257
14841
18778
5157
22315
14679
4302
20837
14297
21575
30285
13877
8385
19906
32388
3038
28702
7399
20127
811
29338
32392
1981
29203
14948
16360
30369
5271
27779
9923
27562
21742
30826
6799
20229
24288
28108
29442
17697
624
25777
4052
30563
10685
11210
7622
21788
26154
12545
11491
24760
22717
22613
31750
23864
31173
13541
7580
28642
960
22602
22955
2614
1403
11306
28948
12325
24443
2570
9749
28286
12444
1380
11793
5545
30200
7162
28820
3223
25098
16489
14226
20473
12052
29441
13551
29104
28861
23764
324
11397
10495
8461
30689
24603
9280
22660
5134
2337
24767
27535
13207
2508
1330
15898
25223
22149
10926
25082
5171
23263
32198
17278
28026
10955
31479
1095
1100
21519
19012
30810
14441
25588
32285
31092
2411
30015
14725
1182
3591
23139
372
22016
28816
14325
15738
30458
5308
9056
11174
29297
19115
6618
19366
9063
13093
25495
1327
20943
14628
14140
3488
4511
17554
12694
20706
6182
2643
30092
24978
31648
7558
2130
13410
4360
9736
15840
10940
23597
24634
18851
12457
17928
18949
18290
29170
3405
8475
20675
27269
9536
5759
29215
22041
30410
23367
5331
17173
14284
27297
12521
19630
19635
13588
23382
16464
26701
4360
1141
12864
24027
5257
31412
17791
22887
15432
1422
10993
29271
994
11449
7102
19523
21349
32672
21241
14852
26129
28947
19072
5901
3675
6973
16163
19199
31544
32727
16392
11127
25239
6300
19789
12330
13615
19453
18928
11573
16252
6677
17644
1966
23556
5599
23973
6271
6879
32423
18310
12660
630
3518
12521
30866
19851
19570
4407
3499
19066
1597
8784
11823
16318
11069
2349
19269
31158
14052
29124
17946
26025
28401
8747
18041
24073
3743
18689
24477
3060
12828
2826
30531
512
5692
5145
8963
29752
111
12083
28639
12642
25329
10737
18461
16772
4416
1830
27474
19878
6355
17602
11456
13528
4617
14582
27617
29303
32096
19097
31556
14765
231
2251
27032
27191
6646
26072
24839
17003
5916
6495
4293
29305
28249
28083
21736
29937
17293
31873
4218
20613
13105
7859
28108
10001
13637
5013
30990
13784
11401
9014
18717
11024
30192
16402
10908
29858
3154
27629
326
27691
5217
25602
21378
1094
25822
22621
13368
23309
24333
12934
32484
21981
11110
12127
6633
10842
11917
20559
13095
30899
19076
26528
10959
23336
16416
17446
8310
3785
17593
16418
22121
6528
8230
14181
24385
4433
26344
10425
18871
26849
9382
1660
16057
25909
2778
31374
17853
8381
30665
8558
9045
16273
27064
159
1539
14586
12893
15441
30031
23092
32404
20541
14104
26226
1619
20433
7976
30755
30944
29069
32011
1908
31041
27053
7200
14870
16117
22536
2544
24641
12001
19768
5823
17145
141
11003
17505
10128
17296
25561
5967
11372
22857
24071
32250
25354
14032
32140
16991
19267
812
6562
14812
5070
26055
24927
10050
17415
6431
29588
811
13038
5565
11766
7822
28531
26987
30587
21392
32241
3746
2567
14493
3832
22594
32584
2488
4943
17797
9438
15375
20793
21046
23488
28627
24312
5918
1755
13382
9872
20160
19708
21014
22221
4678
12783
4073
25991
25274
19177
9529
1829
21113
4643
20322
16224
25317
7624
15609
28490
27227
15889
17248
1166
5733
18094
4759
11769
24112
1897
23381
14649
31040
14342
7000
32229
11874
23405
1017
31166
3810
24075
12035
565
29183
29557
5573
12077
17564
30542
32358
25345
312
21868
21369
5065
25632
15670
6609
14809
12259
9296
30871
1931
5639
23675
1945
20031
6138
16566
22501
13471
29771
15785
27287
8744
29722
14660
2543
998
11470
7588
14503
20094
2566
2870
11139
24946
13265
30238
297
12193
9505
13018
11315
20749
1661
13858
17283
25057
8439
3091
11478
21171
32094
19085
21916
3590
948
730
28168
5907
12002
30352
23139
1481
10411
5048
20133
1042
25055
31791
18502
12376
31441
7245
23122
2376
4106
5317
32700
18133
16191
31692
26612
17536
30849
14718
29115
24791
28596
893
18487
30268
16962
15323
22082
20712
9489
14138
1032
17968
11954
11825
29393
20742
4571
24050
11035
22466
23575
7210
28908
32547
3260
25129
12902
11920
6173
4931
17564
10660
11010
630
25252
25322
16981
31565
8942
27621
27422
20995
22227
9812
16050
16108
2161
6835
28454
2321
2743
6149
30730
17434
20412
209
18260
9586
31061
26987
29339
13477
22502
27508
19590
23309
19320
21156
28291
5805
15116
1735
2748
21597
5679
22278
6727
13608
5327
2664
15260
17138
10573
22937
21837
22621
22739
13801
20721
16366
28136
407
609
20076
14658
7504
3880
31881
21723
28403
27188
17349
7495
17815
14290
17038
21828
16079
11737
27564
10131
4397
17444
17628
31494
24580
18758
30907
19675
31858
12154
16358
1352
14238
9689
25952
31319
10815
20944
27188
5364
5470
15568
3163
19524
16476
19015
13535
27449
30774
18896
4417
21604
5128
31142
23577
14346
8912
3423
6396
28793
9845
3287
18338
30876
8
8042
21064
12494
29001
5990
15188
26092
22381
20927
20024
20142
798
15877
22424
29495
20932
8852
10415
13034
27651
28939
27119
23680
19844
16127
231
3159
31225
14064
3434
17677
859
5499
16878
30286
17782
1746
6962
26090
31400
30826
15140
12075
3558
13043
27393
19557
19967
20621
2238
24270
26149
25401
25511
10384
16297
24461
19526
27933
12550
8109
23430
11203
7713
4726
13592
26752
28111
27388
18710
30487
30872
25655
22758
31843
21691
27897
17250
6636
9073
20515
23605
30648
17270
11545
21128
8292
3270
21619
27359
25459
31140
23798
4157
12773
24801
1218
143
10507
9563
13004
6215
16283
32452
11407
328
18688
16293
21503
18690
17139
15522
447
8670
8527
14591
20371
21468
3105
31843
26392
8314
17407
30172
10419
7641
8348
4132
16071
19739
23961
6947
28971
28687
10653
28340
19675
25104
11175
10924
29677
30762
29347
14361
10695
11391
828
28615
28560
6377
30706
2569
17636
1249
26476
15285
24780
2720
1295
9329
30445
6019
12239
29229
23807
19380
25413
24049
9345
32007
16130
26073
31915
24866
6180
26718
28837
8929
18727
1238
22006
26361
13309
25918
32575
987
10848
21816
1833
28891
12391
19024
18332
12433
19799
16771
20786
14975
24252
5634
30443
10229
8633
13619
16930
10290
26269
21497
25279
32716
8886
2357
28591
5970
21610
29069
2961
23855
28035
16492
16818
32465
14283
25161
12092
15627
26585
5165
19626
24504
21034
5231
27519
3234
30324
20674
15416
1442
21814
13683
28799
4616
17300
491
19873
5948
12642
18043
17218
9382
5503
28505
23120
30412
29796
229
4149
13754
13564
26929
29265
29351
14263
2753
3495
10453
25562
25743
1750
17849
7961
31570
28236
31836
25447
26624
9398
26625
26381
12178
25530
16904
2809
18439
16105
12050
857
28331
12527
26470
28265
13209
2317
16020
19849
24191
19658
20056
5267
4257
25061
18624
17259
18465
5261
13713
15832
10365
19924
7912
21906
11353
3682
28957
15004
9343
358
4588
17875
10276
15315
29399
20936
23149
31688
8902
5579
10545
31823
8945
14152
26881
12619
767
1367
29285
32684
2159
4750
9321
17893
25912
8473
28760
18592
16812
5389
21192
22448
7586
24826
24022
16199
19668
8384
14515
22889
4742
22179
14432
21408
8297
32417
30133
31986
31934
27650
1192
12304
5054
9522
12492
11728
30778
12748
25368
31709
6015
3831
5354
7085
25724
15861
29771
11700
15911
8441
7541
21720
5404
6713
3475
28196
5255
8517
12999
28864
21061
17047
15729
2593
19014
15723
5807
19069
10550
13265
8224
30082
10844
8448
8430
19271
3266
2541
1035
23939
25494
7196
19386
17661
17872
11958
24146
19267
8469
23005
4158
23711
13275
6204
3913
22087
29391
9954
4889
1236
23923
5968
30456
26357
1548
18384
8411
2149
20667
13833
22940
2330
11754
24529
31371
9408
21481
9794
5157
20069
15321
26384
29219
13430
26058
16409
8375
16618
10272
12606
22290
27069
3643
4210
27433
26016
2647
1040
12985
6383
32432
30578
30088
20195
25066
15807
21743
4873
689
22276
19605
16114
11933
2951
12413
4140
16472
20824
19523
23154
22786
12328
1954
10784
18644
5982
13370
27370
27396
23144
26768
26316
30953
18255
3159
12612
6240
2959
31214
21184
10606
23333
22825
18514
5927
3561
5972
11179
12238
10014
8309
5959
18493
31560
15826
6885
11911
26685
15795
21562
12253
21375
18537
32742
13742
25289
1679
5799
15890
8936
31888
19149
13161
4300
16234
31214
26431
14559
26289
26330
13428
24726
24534
20433
3225
28229
1705
13556
29852
823
10013
25338
13480
31742
19531
5668
16199
19208
186
18803
5066
24947
25566
1560
8170
6690
14558
18220
25775
23313
21147
17825
25233
24805
237
16505
4318
26824
25391
5429
25691
11379
17407
15505
10542
25740
25151
32622
13307
17715
19295
30736
11854
10456
10975
13193
569
23887
13071
1909
10558
18214
794
28648
25198
20278
11842
2469
5075
20088
18541
31889
23308
27674
7137
27239
4407
8658
27724
13740
17940
23155
27399
13542
30310
24254
16539
9737
413
1146
20357
30258
8883
21447
5174
12695
28756
5807
18014
12222
10305
1790
8042
20462
18934
3667
27211
23012
17547
19576
16506
22214
15320
22511
6201
30301
10460
27853
2075
21630
22880
32204
25542
13001
4823
23451
5624
31383
23689
26232
23496
6957
13552
32257
17711
6198
13922
9031
7878
23664
28401
293
10449
9381
28560
20176
16253
5853
22135
16558
22630
22994
22728
31596
31068
16548
3954
15691
3175
24270
2901
12730
13576
6233
29864
9002
2754
591
14744
32542
23769
10099
4146
24705
25434
1327
20355
5181
347
21710
25598
19465
31876
29931
25374
29570
19919
1833
588
23422
28555
5669
29954
12189
19623
22441
30257
27169
13613
24355
224
14847
31757
21589
31766
3893
8732
589
24059
16735
12892
21144
2618
1157
13182
2227
28585
8248
21157
20930
10540
7389
11117
31876
9687
23368
20780
28039
7250
19085
32120
9112
19842
12306
2025
24702
23141
13801
2847
18920
12606
13149
23303
5795
22003
25547
12379
7184
2483
32692
11624
20438
5595
27663
8212
4564
15899
29668
9503
21082
7637
16406
4265
26776
29893
385
16373
11606
9959
324
14444
11750
29589
2912
14309
2903
10224
26499
6691
23020
20610
21534
14239
5324
11810
14269
8584
31227
29207
31896
24329
25225
1408
19045
4042
27402
24563
4721
6073
70
12644
8687
14346
9265
25416
11920
14716
32541
13563
4436
3039
4398
30559
9119
32467
6158
11207
29327
30674
31971
2579
15501
18801
24190
12828
27938
4066
3029
3154
2828
14014
692
7587
19602
3073
18095
21151
17940
1111
9307
1498
26342
5270
13502
17810
14431
17547
13571
7314
4908
24313
1650
25174
16106
25311
27296
22128
12277
6650
20451
2859
22394
30859
16905
25453
14804
10842
21322
10210
16149
28923
4474
30550
29154
14160
23428
5731
8325
32335
11027
25165
5181
1797
9874
27434
21208
24027
3927
31046
7812
11033
24603
453
10211
27816
12206
20106
9821
32028
11240
23896
19130
3058
16611
14903
16368
27413
16487
22810
11833
21927
7590
12990
29801
5119
4394
10453
2943
8430
14603
30052
18554
13383
2405
10602
28782
22174
8457
32450
21206
25167
22131
330
24108
5571
4349
21317
25271
6894
16978
4350
30629
10268
5156
6063
13913
7662
7714
13216
16390
18079
14372
31123
16765
6796
15529
20320
26947
11764
20356
26589
999
11260
31954
13824
12946
758
17455
6984
28640
9698
25642
21848
22254
1845
31222
28390
24757
12506
18786
14291
2966
7543
16650
2203
8501
14065
3791
21744
3723
7730
22662
20898
567
8234
27885
12738
17685
31763
227
16135
274
24314
19672
20848
27199
14459
7810
27179
32292
19660
13009
30134
19798
10237
27686
31044
844
22141
14528
12130
8302
1761
15734
22490
6767
30945
6316
16088
22237
23971
20864
16203
13302
3389
18244
17550
5054
13685
13617
3912
7502
26058
7769
16785
10351
7353
13790
30294
1895
14905
5986
26622
8979
31624
25534
27213
7478
25641
5623
15241
27921
14382
9326
28892
10804
27571
16982
506
31123
11179
21867
14339
20700
25567
29665
939
1032
26163
32411
32408
20785
5931
11166
7180
24227
17327
5317
19651
24373
1035
7862
6687
20698
20538
19476
31874
2419
10596
20727
28923
1511
31909
31385
4646
12150
8976
16210
14413
2890
8948
2758
25811
2127
5725
6749
31955
24389
23262
32243
5892
14612
28302
4305
24800
3935
7761
32476
24325
31579
26969
10765
3291
26338
15852
1057
8055
21443
29543
12434
28607
11613
9603
709
20431
22636
21719
11397
20380
29986
28830
12464
13527
1914
11707
28208
10773
31177
20218
22317
26924
11669
17049
10369
25824
3755
14599
13677
13759
23660
6379
7050
20041
7528
29800
29442
14932
28974
25503
20223
28079
13409
26742
8804
26118
11023
16280
23740
9221
9535
17086
21359
16320
20937
16428
19260
7251
13163
27518
13795
32453
27672
19364
30754
3123
21139
18988
19427
29482
1597
18367
4788
17492
29996
23023
11383
15959
2172
5680
9819
4346
27370
3619
22027
23434
7582
24859
13605
27260
20297
1754
4333
30803
10608
14235
25155
30148
2056
5462
25042
7448
20290
31295
11403
21715
21416
4239
3154
9619
2153
6024
14582
18234
26609
31155
9575
2383
19133
6253
11555
6818
8302
28833
13810
29743
16156
31959
6611
27461
15596
30830
27958
12008
2021
26661
30059
13427
12287
3041
25435
22402
6013
7594
9846
12558
32125
502
27628
27098
5838
19754
7712
3086
10497
16990
30810
6178
23491
12128
699
24830
13418
18940
2679
29536
28621
29307
27198
3197
11865
32618
14075
25579
9825
30365
9409
19646
20662
22387
14338
29170
17272
23130
5891
12809
12075
18838
3980
24052
12813
22335
9444
24375
30119
5257
14845
2377
19107
28233
11243
6713
14045
21172
28826
11927
10685
25705
3521
11410
19139
24242
31762
27230
5731
3846
19124
5081
15636
2003
5874
4973
30884
28795
11317
568
19406
5788
24623
25450
24590
9365
32602
12015
30132
8518
23969
28495
6712
7447
24412
30418
6349
12347
3714
28647
22840
11830
4122
19654
8419
12956
3571
23125
27181
27420
26773
31304
17925
17086
17783
18573
31671
21097
19827
12263
23301
15016
12150
12761
29818
19117
15228
26053
11259
6295
10684
29525
22943
28400
25119
3098
27841
13178
22519
10355
17747
11051
19950
2993
14196
16246
5692
21368
27973
10444
8990
5736
6905
8803
31619
22013
14636
2870
26632
18356
14710
6221
27686
14704
26943
31806
24490
5403
30421
10228
15462
18320
19643
2223
29735
3769
14149
26444
25319
29428
2145
19655
12611
28604
11704
4094
15151
3973
27894
28855
20200
32487
14949
25573
22570
23295
24001
29991
19364
16147
22856
24978
26281
21876
18192
20400
5928
28585
8349
18632
8158
27081
9395
22368
19658
23849
20329
28417
19425
26167
6271
314
32260
422
27633
25575
21551
17612
4300
27828
3315
30024
29249
26076
26150
17383
32504
16439
5849
11977
4775
9843
9610
20159
7650
21921
28315
5112
53
24308
28419
13789
18544
14022
10052
23097
20290
13532
10909
14237
24585
27115
11904
14083
25577
28251
11846
22705
17179
3658
30498
24672
28808
30420
12371
3230
21399
18578
13214
23921
1091
13152
18940
11837
3440
32612
8336
9959
10623
10060
2523
18491
11552
26582
24371
6027
5223
26774
5745
11673
26147
25076
24555
11448
24939
25716
24738
25133
10617
9530
23740
5851
25532
29645
26164
21280
31784
15643
25552
6650
977
16317
1107
24430
23992
21885
29172
15914
11748
30229
23056
12393
16053
22330
7452
20503
20598
19929
15069
25141
1841
21665
20187
12672
27335
23489
12563
31821
11583
17907
3820
31160
11103
14009
4204
14845
23417
5606
23980
26150
7816
27745
6281
8935
10108
32294
7837
6854
27857
17805
10094
29566
22630
13263
4836
12966
10637
23238
31745
21902
15710
25588
25548
8298
12626
30919
2190
26802
5133
27
15681
24264
6266
21761
21830
6876
32541
23231
30806
28941
10661
4632
29371
20688
3265
5069
21952
13206
29749
5219
31846
24233
19757
21799
18520
31831
27345
9840
11041
20563
31001
24356
20381
2904
4579
28029
30637
527
10307
25869
25135
19251
15898
11776
19758
2291
6122
14754
26709
24984
25320
24609
19370
27495
339
19347
18041
4041
28933
5178
6797
10665
72
29191
30630
25374
17642
10078
19240
5706
2452
2329
14353
13698
9559
18383
19245
32430
29064
24150
16269
32243
20942
18822
26421
9104
633
27968
3093
28934
8469
19119
23867
380
9023
27598
15430
29025
12216
10283
32542
26963
3512
9962
31202
20544
7813
16908
25890
26827
5443
12018
29775
24049
24846
4124
12399
748
32070
21559
27413
19031
7210
1623
23953
14484
24489
29569
18532
21867
5236
18796
9975
24819
9048
4744
19340
20406
11467
13120
30580
21008
709
19580
17282
27352
29905
10091
27841
22850
8803
3711
22882
23044
18284
14265
27128
952
14124
9254
27368
17026
31047
6314
14874
14066
15644
5116
29941
31788
5970
26098
17035
6470
15795
19455
3600
8689
13630
14074
17809
19036
9847
7712
28898
29269
19458
861
13529
27570
12144
3271
5817
32751
10329
22379
5105
31000
20907
26445
25095
12777
26945
22698
27343
28981
19896
13952
22752
5252
3710
6737
18504
19968
16939
31011
28543
31122
5909
16843
21658
19784
21022
12395
25281
26874
12241
31546
29667
2349
23470
15491
8872
24887
29121
15857
30888
24740
15994
2313
19674
26585
12472
24824
26191
12279
12839
2447
14112
27138
22988
32652
17317
22851
11486
1563
2535
27882
25048
11676
32088
7416
22988
14247
27330
3676
17402
31821
22654
16988
8097
13473
14054
21815
4117
20088
29964
4105
14098
11628
19885
20974
2384
32039
24672
5226
20823
30942
27411
3849
21653
19483
14264
15938
20142
28864
4668
20897
14099
11849
23225
17702
1238
7761
2028
10728
25789
23127
11753
25085
5525
14019
23821
21406
24264
12068
27957
22407
21810
26556
2349
26269
25137
26686
3692
19155
16635
29654
5374
22350
26165
8810
13249
27592
1473
7968
21716
18226
10967
12320
11853
28061
5719
27547
13098
9562
22365
15884
4235
20320
21014
9661
2846
7919
10451
18317
20698
29811
15196
16626
4848
24491
12423
23354
31742
3338
15881
1046
22150
8798
8843
12120
30624
20143
1537
1532
16875
4458
13367
1637
21705
31935
26028
31210
15308
30535
2724
25489
12907
16618
19577
19482
20474
16128
14642
3904
12249
21430
19798
3643
27115
17587
20483
27529
28489
29948
13626
13294
7992
30229
31357
6330
10329
13418
12700
8010
2592
17133
11724
27089
19079
2559
1785
32089
13316
23956
26461
10500
12216
16018
22354
29336
4073
19323
31588
11322
24242
9292
30891
6010
1273
17829
29528
14736
23970
7977
23437
17637
2306
26920
31858
15318
5271
32124
389
12468
19190
14256
26161
18191
16388
8296
931
23092
28009
26620
12505
27892
29506
29799
10491
18087
20758
1632
11247
24945
11020
14790
3368
3524
28507
25921
9406
28454
28673
7463
22212
13877
17592
23964
9430
15336
2342
8190
32241
25111
19284
24448
16519
23870
15969
20756
8915
19326
1400
21135
30059
15588
11007
21767
29716
4334
6161
18048
6361
19787
8239
16072
9567
20963
30002
29600
22131
3607
6020
14364
30181
6986
5776
2893
16025
24736
13687
31261
18139
9221
18437
22649
25843
11378
23523
5558
16889
22891
526
12333
3819
21453
19591
3113
4093
15302
21581
12804
29232
30757
23432
14220
7974
2772
24583
22699
821
3746
12780
840
31162
16966
25254
23144
21424
17569
8224
29849
11393
26180
20536
22928
283
13362
115
785
15687
8167
32239
25871
13110
26777
10649
16661
12637
10685
23711
18660
10884
13005
28969
21598
9241
3145
17220
11938
24265
19964
15902
15993
27986
10880
18809
3569
11666
21508
11098
30023
22500
7757
12801
27914
6317
507
14878
19326
26674
25870
25922
28991
5293
19624
5268
10534
12959
23572
31685
16240
26471
17672
24646
5149
16916
3367
22712
11415
5752
19658
8356
2196
3709
19200
21612
15933
26045
6868
10625
8592
844
7630
30423
31491
26072
4028
8598
4458
5621
32689
16915
2842
4786
23119
5374
27215
27760
26946
3293
10443
500
27661
6072
14016
5050
11785
27926
24816
8588
15786
30761
25107
18004
10501
12870
9081
1583
25487
408
28912
17090
14632
28692
9192
18897
29272
20143
2517
12813
3544
6351
2517
31278
13140
11264
19859
7746
17263
10217
29035
5957
10504
2686
32719
30961
20411
23671
15337
8663
25515
512
32641
12719
15999
946
12322
14829
9643
25538
3960
23701
15857
21368
27389
19791
22567
23779
28373
26814
31546
21708
8181
22030
20339
10472
16779
26316
20217
24145
10650
10491
24472
21559
18661
24420
14784
7891
27151
21549
16593
3741
27648
14765
12437
14271
31627
3455
17422
3529
4173
12757
14707
26534
12504
12559
22389
32719
16913
24461
22470
17598
26070
20417
23260
3494
11492
19592
18675
1889
8184
19898
17489
28074
25653
6911
4301
25740
32454
4325
5266
1562
31684
15408
22049
30817
31834
16242
7061
8091
28711
14043
3883
16550
32227
3665
3329
10164
24390
32195
32286
10051
13349
8123
25779
848
4319
22067
32160
7367
19447
29098
6970
28991
20226
20087
7500
17124
28356
23644
10844
31924
3734
17502
3631
9967
4874
8404
24975
32712
26578
31679
24395
3169
7390
1881
2688
13814
24261
17649
2583
18265
20070
3573
23951
24222
31695
13137
20220
10007
2142
9975
18000
28547
13349
25535
25050
28802
23187
1906
30732
22348
8785
21281
26241
26787
25707
1468
21055
20486
3760
17632
15673
28456
1371
2031
5400
16800
18419
14694
7994
10466
23919
619
26107
13422
19358
29862
2868
14919
7622
1618
9218
21415
16012
5268
457
4593
10515
24587
3192
32743
13672
14248
4622
17181
1054
17856
12125
29101
19765
13151
13837
28717
5697
5600
13285
27614
5063
23226
32582
17702
14827
9629
27896
32321
16456
21694
4906
563
7456
8047
15795
22529
15285
754
30622
5664
29174
29071
19942
10798
31070
30692
12158
18656
28442
19581
3732
6716
8042
32164
10007
30216
8265
12666
3703
17538
32592
11335
28844
22353
1752
4367
7801
20156
24159
4198
20722
24346
2605
31108
17980
2697
3638
24988
7060
8931
14403
21866
2194
10222
21837
18700
24495
21971
22057
14866
30726
30674
10091
14296
25687
21299
16516
17940
6993
16000
11821
19883
29969
14577
7177
4041
8678
5672
8581
20272
32343
4638
22020
9168
26727
24926
28729
11416
31255
4465
29907
5005
19757
19865
14432
6169
11316
23490
14443
5029
21700
26037
4072
11370
12035
25231
2771
10883
7788
13425
7443
9031
20431
20090
16548
28375
10393
30450
32501
7155
15190
31176
10639
22034
25972
24383
1528
29105
31306
31460
28887
4843
8025
26307
15448
8778
15825
16090
19922
989
11607
12494
16040
17546
31749
13277
1133
12710
30642
32020
25675
3779
23668
962
13733
24009
19556
10796
14331
27977
29857
24194
14
8461
920
18450
16453
10484
21634
21692
28752
6653
29741
15014
6155
7585
25344
16945
16805
11110
14394
27691
22273
177
2682
18502
28252
19163
16772
4040
18993
14216
13634
22661
4185
24372
15881
29706
31863
15887
6686
20252
4499
12043
19577
25953
3845
7475
22728
7516
11413
24382
183
8351
25056
29028
26223
1083
15614
368
14428
21884
3169
279
18996
24275
24576
12936
16181
14612
9653
25412
10670
31969
25828
18736
17344
10342
23902
13800
9574
3400
3461
5207
7091
23255
25520
25733
1371
6283
7889
10671
22645
9390
8789
32413
13695
2902
16715
17456
11171
18838
17609
7739
4664
20725
12683
12947
7052
24351
4318
24170
1249
32219
16572
21976
1973
16189
3897
25019
28743
2589
9502
12225
32086
2760
979
26819
27948
7156
6786
341
23515
15354
13945
30875
22215
25151
21200
31070
18788
18675
2892
4446
10049
32511
13956
29418
30534
22072
27458
29871
9274
473
29996
17358
13959
31024
31908
31793
23362
29335
26092
6942
23654
2726
11150
12
28256
27559
14331
28598
30417
2378
626
19823
12431
17563
29475
32437
20717
3120
21141
11528
4668
19623
18501
23037
18321
17744
11408
31118
24009
5414
12754
1716
28107
5124
10448
17976
17421
19477
25683
11205
346
10125
22
5443
14546
9878
3810
20576
12082
12685
29688
7791
8021
23407
27567
10870
10235
10382
1886
9602
18122
11657
8316
32062
1170
6778
1798
24772
14037
1649
28449
1971
31367
3874
25089
28546
19474
8410
13833
788
24733
31416
21044
24716
9358
17177
16563
12642
845
16468
21720
18615
23627
2472
26674
31717
18756
17522
29434
26971
6593
16803
941
8616
10208
3954
23035
26325
27223
21326
10464
30200
26551
23
17425
3846
28398
15501
15513
12009
14608
3593
12484
12242
22615
7019
21308
17361
6248
7251
28018
32163
13271
18580
24895
23499
750
23525
28108
2532
1962
474
15279
19509
31495
15891
29782
18822
16253
9396
26793
10034
23755
30484
2795
11134
26867
30906
16353
23081
646
4229
19255
16196
16417
2602
23327
23620
14648
3044
30523
27478
3090
5222
22205
27890
1301
5397
25037
13235
19268
31860
25131
25190
13830
17631
10005
4193
12329
23421
8299
2070
19494
29552
13585
21479
28071
6478
22677
3388
11334
6869
9233
8659
21400
5850
30291
856
9322
18819
24380
30006
15178
26806
23142
27820
16458
9425
7433
14115
17408
8604
31520
23231
28113
31612
10183
25908
24432
11497
21736
7387
29089
26657
30230
18437
11843
14622
10937
32399
11149
966
4972
14774
11416
12899
5795
5677
11037
10322
22673
31853
11905
19711
27209
9037
5134
17169
29731
8402
11396
8161
24417
32072
21200
14129
17170
31889
24603
20251
6199
4542
8454
20551
31013
12508
12340
18017
28714
29456
23050
17610
6515
16615
28082
910
7213
30439
8038
18583
16107
14442
24555
28960
6984
25772
19803
12140
13517
25122
8488
20663
30485
13325
16222
8045
24366
3664
19240
13722
21571
23422
25750
21409
29560
26936
29597
3890
21270
11958
9312
28278
232
24995
30893
17292
16357
19758
4811
23609
18702
8030
7539
23003
5018
8357
29980
17823
26705
2489
30332
13556
17462
27551
5707
4672
20072
24072
9802
24017
25930
26593
27524
31510
1762
22054
27091
24079
6271
29943
2215
11522
20895
24301
29955
10864
19983
22190
25800
31559
2900
24255
7990
7513
21834
922
28336
8717
26123
3073
24511
340
15634
913
29018
6367
29089
21402
6757
11152
1119
24110
18551
29998
29766
20344
15328
9820
6844
6479
25835
23756
4864
19723
9824
27568
12488
18328
8525
2161
18985
25545
28166
12196
22710
9966
26219
22074
13804
7080
25961
15094
30414
20220
8132
27685
10956
9127
31251
21897
489
28593
12
27286
7709
6213
24833
16609
5112
8128
5547
11989
24201
23048
4903
17063
19070
15135
12094
9613
7308
29688
6633
16171
30482
20873
4116
11598
17145
4641
11171
25565
8158
9468
29875
2317
8051
2069
6178
25043
20514
14395
26449
25247
23284
26471
1320
14407
14514
27981
25691
23873
16970
9777
31468
3862
8307
13308
20210
14355
24212
21903
16536
8514
9442
18519
13672
153
24009
26657
2250
14192
19086
304
26055
21817
19250
2189
28179
12907
23961
11935
21067
14271
6124
32763
16251
9631
8763
2173
17891
28635
29543
11416
7419
415
21823
11498
26804
32162
29673
2068
25601
20127
31876
11976
5270
7177
3851
15908
27631
30459
1916
13374
31125
21358
25146
21248
4765
8622
16304
9526
4721
7183
19256
23013
6355
7387
2363
27102
26910
4240
20633
15252
20175
22600
29515
14635
11077
12409
23111
3281
4293
28638
6307
30545
3777
12981
14846
29925
4954
17963
20508
9292
1571
26645
976
9245
40
12000
11551
23131
17711
11723
13986
23113
25149
10579
20524
23680
5468
28655
13485
32062
25244
11006
1878
13569
31320
15358
3070
16213
21690
31230
16069
25578
9857
25430
3831
21993
4866
6037
16691
7560
16237
11707
15564
16349
11090
15017
18543
6383
29284
7125
31238
7187
23420
23106
24029
28278
22753
14768
6403
4086
24006
18448
2804
1590
11540
314
12916
15857
1386
23266
22974
5774
20066
19656
19934
19445
11031
10544
9564
12962
5604
22930
23066
31223
26990
21394
14975
26839
31460
23090
30165
18544
10629
24391
18416
29016
1891
6442
2065
11996
32615
8367
7946
27797
7318
11099
10402
25148
22162
13777
17466
12734
1892
12942
22705
11155
28280
4310
20358
11596
25833
12270
2876
20076
9984
4748
7427
20345
22263
26252
32148
32595
7426
13540
19805
2756
2192
19930
24542
27223
5837
17781
5715
25198
620
5169
19859
18831
16549
12278
25400
2303
20345
12619
5632
2962
14653
22728
17779
3777
29014
2249
21702
2557
28226
1898
13568
8259
9432
7343
23131
20465
18640
24834
8429
21720
30341
20451
25735
28818
10746
29403
20446
3349
10011
14513
9960
28041
14150
19681
4233
24919
24586
842
9071
11651
30511
11303
14907
8251
14326
25664
21217
688
15777
13666
32081
23844
1846
6924
7511
16708
26753
16235
959
3769
3160
1160
8894
26106
27683
11713
24973
15716
24731
15734
21335
19596
12241
23300
21845
16852
15474
21751
22584
30268
14922
4987
22727
4987
3080
3860
19401
24655
11841
8079
293
10001
21431
14137
16968
27276
5850
24142
12231
23823
25743
692
8773
19905
1073
28649
4760
53
24789
827
19751
8766
30675
28727
29846
21509
4226
10595
6054
30296
8514
16688
24150
13125
1472
22314
4687
29928
27253
25970
1662
16001
4464
622
8707
7113
21590
27327
4682
6791
1959
26483
26743
606
9026
25724
9736
16105
21548
19297
31925
12298
23437
30260
17819
21630
24315
20164
29594
693
3579
28179
1276
9185
16581
20491
14423
9550
29768
28524
2228
5105
18286
24073
13552
5699
23969
11572
22115
14416
19086
14967
19136
15882
27433
13445
30012
28644
20465
27759
6899
5532
7285
18203
24199
4952
23
25331
7946
23797
11280
17882
15902
13212
27316
10084
4442
24982
15351
11078
752
26721
6961
8203
9613
21763
21022
5641
16257
11934
32041
25236
4384
13125
9450
25457
23144
22286
4333
5773
25572
14696
14261
23023
3791
1199
28672
26604
12413
27646
18253
25498
15607
15173
8604
2439
1254
11675
1653
22698
2738
32213
16171
18329
13034
25943
10850
23037
21479
32042
26831
10819
26796
13647
18239
15253
27409
22099
2523
10249
6433
16676
31914
32536
10688
24867
27991
26705
13457
1146
29237
24142
20758
3760
8832
5608
12569
14715
9190
26023
14923
22485
12613
16764
25388
20305
32439
7859
22314
15280
7884
21539
9741
28847
19734
19112
658
20004
16875
4563
21590
6729
29542
11487
8438
22104
26543
11239
4213
16728
31868
25943
4318
32054
18392
25505
23850
2583
30244
23345
27491
3053
18779
15522
1546
3656
7578
14130
5303
14960
5855
16243
22527
13232
23568
28228
7322
3572
832
19456
10693
4759
4911
23541
28390
18294
15887
31768
13423
27721
14734
27894
21508
25139
22544
5614
15328
12695
18236
22942
16757
8750
6075
3739
1874
6486
29244
28773
31306
12973
7612
7322
10707
18143
15108
28777
32684
21692
22899
23114
6851
142
18685
29676
20821
7593
19828
30831
7767
30275
5894
27348
32277
17798
9224
178
32281
6116
28658
9514
1102
1451
5034
10268
4453
31705
15109
28059
632
1841
5003
12703
5613
21902
6266
13306
14238
24952
24590
24718
22582
31733
19968
18364
21470
10401
20300
31520
11290
1
824
8827
6381
3093
30098
23792
13636
21292
20025
17012
19090
1276
6623
6528
32695
32242
4108
5384
28454
5319
31334
11953
26695
26196
8497
28991
24602
5031
24850
18252
21790
9814
19992
8768
10865
3859
2044
3453
15928
29313
9128
474
16193
14407
19959
3411
1511
4194
3004
8959
29750
25279
15109
10050
8528
23817
14753
3139
21519
4800
21727
4768
4332
25483
26265
609
16160
7119
17265
28715
10505
896
24155
25270
23502
20279
17756
27777
10822
10117
23441
3525
22294
14984
29810
29351
10778
3003
13400
25009
29959
30226
23101
28291
19278
5191
22211
17606
28995
878
21624
8034
18046
13264
5465
16369
12161
15350
18837
31347
17052
25092
17299
10563
15374
20297
11573
7498
32109
8723
8799
24178
7240
20936
21683
20573
17418
6450
7327
3928
28449
23323
7066
6538
15200
13594
21418
6257
23970
13484
22570
24208
30897
25222
31690
28001
23398
6186
8151
6033
27153
21433
2237
4972
14106
32264
23498
4503
3817
22261
10804
11261
31492
31740
11614
16651
119
15621
6231
3872
7545
13184
8867
9279
19020
20404
12351
30216
357
20564
15071
13798
4813
22612
24698
13705
18119
5882
15112
28567
5043
13880
25995
2206
27442
825
21068
23630
25227
1338
22119
27365
14926
30363
3721
15082
2359
21558
249
798
3668
30447
8405
12464
28266
27532
5791
7600
24726
31944
29176
3014
3632
9122
10410
14116
10740
20987
1772
5561
612
19296
29922
5799
4968
37
13668
30200
23352
7859
512
30860
30331
20258
10306
9302
18353
19723
3122
18633
11726
21399
13343
27532
3623
4060
16795
28021
13714
3434
31687
31669
21705
20768
20177
8528
7184
5701
25786
3281
14872
25044
15197
24123
16930
24598
23469
4418
15719
16502
5694
22459
27576
914
26887
30802
30562
28558
29286
1403
8276
7853
5476
171
8836
23586
13115
15815
23438
17187
7701
6877
29598
21568
10519
24594
3473
29939
31134
23515
16983
3448
32200
3952
27548
14558
11319
32638
423
15199
28945
32028
4226
13037
27723
31489
2139
13837
25896
17140
27946
21736
5884
8067
10644
12447
15158
19960
2319
7392
29853
19593
7496
32695
32730
22735
4802
25510
19767
12922
14527
28663
26534
30274
16483
15185
19717
9505
30487
11402
7072
11199
44
23996
14584
32302
20928
13723
21955
7127
30950
11013
29491
4020
26881
26331
19835
16576
23153
14352
20368
9900
31858
3583
29740
14036
32320
27906
14361
7537
13184
4416
428
5904
22491
13254
8592
32323
13804
9690
20676
24982
13660
13963
20455
13764
5195
5773
2996
30763
20466
11844
27337
21886
135
6687
10412
10426
11361
16679
25103
26203
22109
14808
13907
18383
19328
28975
8780
19243
29662
18436
30788
23325
10938
6810
6466
13089
25070
26229
21388
21496
5262
619
2666
7255
19656
7422
2861
23004
16654
29929
13168
26181
19576
32761
19614
9444
18019
29726
16564
29774
32095
26306
3144
26708
22856
30297
4555
24628
26802
12858
12811
19728
23946
13485
19963
15518
15611
9029
5559
31778
18063
2416
18627
26521
22167
16716
19347
14647
18380
24252
13905
27924
6198
20668
16602
3363
21837
11505
12298
31075
4959
22916
10297
89
29745
2353
2309
23485
233
15771
13906
25972
23339
17379
29328
6334
2435
24440
11837
13233
25347
5937
28842
3302
24109
22681
15873
29042
18195
25994
7815
7959
8380
16381
11039
11964
13770
2080
17168
795
7258
169
20231
4026
12588
11626
13664
3100
19972
16422
25505
26424
16207
18340
4423
3882
15626
21761
8134
24873
27360
2890
15307
21945
9106
19787
9156
15649
5020
32161
14242
8224
26390
1303
13789
6364
3800
4911
18873
14363
24801
19710
20169
19125
6138
24125
28081
4938
30358
8350
30255
19504
4349
19804
6749
1455
681
27926
28464
13425
4848
31197
22085
1076
3300
26508
13533
17090
20088
1623
7206
30499
21220
29607
18108
30993
15434
3366
3951
7340
8345
6677
17735
18031
7602
7910
197
31587
30921
3847
24172
16786
19726
20732
17024
25791
3469
18608
2574
29524
24147
23565
19756
1948
2259
9674
5762
12594
3976
19076
13321
4794
9435
9233
1299
1998
2374
14097
27020
26427
5306
9925
13951
13678
28478
6949
21467
23337
15578
19756
26488
13435
16563
11639
12629
3054
15223
22798
32036
22018
2299
20610
19720
16602
16675
9528
8605
27702
24579
4356
825
23969
14659
11257
12401
1260
15048
13440
5599
25818
17040
7592
29475
13341
3038
22461
20776
2689
30616
1820
11689
28264
13293
7493
32755
22134
1850
2098
31468
29581
16943
27624
12372
22268
7470
6731
31051
18675
1267
15670
18451
25403
6778
26315
18200
17443
27165
31752
26925
28094
7678
11675
20249
9547
12196
29432
9810
26357
23785
15272
25864
16829
25619
19172
1893
12212
19265
29026
12820
15981
14089
6511
24064
7090
5215
22846
29022
23158
6584
32640
27117
1035
25456
20020
31868
18837
12137
22465
19886
27071
31734
12866
10234
7852
3575
29985
21237
10289
8773
13543
28628
17985
20048
29010
32556
14248
21510
10665
29693
4348
27895
2892
30703
32721
20663
28303
17627
20013
31364
5576
14221
14908
29225
25255
32713
30276
7202
30150
4491
25818
21761
27777
15251
25943
23569
12552
1825
17542
20792
4274
17662
9631
18978
3221
27579
30585
17051
6227
11069
18939
27709
15158
22906
6100
8524
18304
7293
22635
32478
7164
30128
28185
27199
9177
4698
17559
1427
2232
1383
13234
22461
19204
20072
31302
11136
13442
20954
25961
27108
22825
9899
30695
29660
6707
23802
9711
16165
24436
8735
30987
14961
31467
26091
12373
15557
27287
25904
12521
1056
27787
15748
23190
1885
6469
28227
5337
8026
30780
27347
10251
19290
17080
8748
14041
5288
18662
8087
27637
21886
11564
10421
12299
26404
27066
31940
31735
31580
21602
6430
6965
9470
5289
9986
29336
21472
16414
30359
7999
18424
4330
11054
454
16325
27305
31944
2489
26090
8568
13016
21838
16925
14159
15434
31059
12607
914
2243
1381
10444
30946
1835
6243
18806
32057
28009
6434
1293
2102
11629
26466
23458
31669
15220
6401
29676
27299
2439
5999
4843
16913
23621
12642
14026
2182
23779
29899
22794
10138
3185
25864
7133
29632
31839
24923
26320
26212
28735
20379
13997
15926
19660
24361
9376
31173
30764
30758
26776
24655
3954
10979
23280
3287
5479
13209
14671
12153
32394
26203
13005
30971
15957
5960
32599
25764
14786
21253
1620
21585
17166
31595
22664
12997
701
7292
313
4161
29150
3484
29329
27988
18832
13054
4420
10229
3013
29532
9075
16079
2374
13803
9935
24284
2296
31886
20993
28469
29789
28233
17738
3881
11613
26105
11878
14988
28999
22851
25527
2129
27923
11211
15007
14172
26346
17062
7470
32145
8424
27665
8957
19761
22816
28515
12633
1126
2784
22848
26276
15132
21815
22544
21753
8979
10933
15535
20495
11826
11890
29542
21088
28447
25169
2331
15754
26636
2694
4292
31221
15316
27222
32034
14774
30022
15902
17067
25267
22720
5783
21960
25608
29697
31064
22848
31402
24632
27293
4340
10570
27232
17478
27854
26493
5584
32291
16372
19481
11534
19310
30785
14050
21733
12697
27125
15718
21943
31819
939
24357
3860
12965
32396
17653
18826
29129
24259
4005
23231
20637
22576
31201
20414
12492
27489
20821
4495
8462
20158
2838
14346
13482
30723
30525
32492
29753
23028
22485
4395
19372
10828
24311
7815
6544
17398
22579
28514
17297
31103
306
27345
29757
27596
21914
17139
26123
14600
21042
15234
24476
6113
29511
16039
17728
13044
29262
13331
25532
22661
1738
20043
22603
21108
11888
16963
14818
31340
16521
7471
26552
24158
20633
11414
8454
2350
9278
11432
18955
17324
16474
12497
596
25029
20852
31374
28730
28667
29532
12928
26028
21778
7182
14271
16943
15372
11737
31088
13858
23128
29889
3738
19271
26183
4897
53
22143
20927
8597
31108
14037
7475
1558
21157
1470
22226
18023
10599
7327
6655
22961
31835
5008
8962
15722
31790
7520
19197
20858
1845
25817
33
16289
842
20293
3617
29203
2519
18481
19175
23910
6704
31344
31623
8622
17958
6755
1393
18151
3289
9592
16362
6291
22477
15089
31165
25763
20032
29159
1837
8603
29371
20622
27695
16370
16104
18618
30422
10935
12707
23970
24079
15227
851
22244
14478
9578
29819
9418
24584
7099
27276
22988
5283
14155
20222
23894
29867
24452
25758
15307
7302
14980
1834
14281
746
26747
2331
175
25933
3669
9154
12892
22685
29594
11670
570
21042
14226
2765
15740
15617
25004
3113
31907
28434
20768
12309
12359
4916
20436
31216
27412
23279
19581
21417
3347
3258
6
11660
13354
17006
565
20571
5607
27643
4492
5537
9849
27225
4717
31299
12543
22210
2434
16216
17670
18975
5468
3386
7500
14528
11098
19677
25546
13903
7117
11104
30450
13831
8537
31714
5174
6945
32671
27543
3017
11663
29976
15387
25001
18157
1092
30726
32733
19381
22533
21952
24059
17586
18245
15511
16878
11447
15327
8206
32246
18064
189
9592
20464
3897
15166
18374
17880
8270
5082
28062
19340
5827
21000
9645
17875
20949
28511
32061
24221
7744
26108
9482
26253
8627
15909
22609
28596
6785
7979
14891
1440
18329
26517
7449
9877
3256
4218
26848
25114
9949
24623
4759
16567
1278
12323
23294
22782
6393
18950
18193
13768
13517
8241
1757
29121
18442
25922
16019
11303
4486
18182
26075
15054
6482
20637
12650
15720
1772
14296
15063
30211
10166
6630
23210
2771
14759
27440
26807
5426
20033
7809
22186
8677
22979
18282
22754
1697
17055
15333
4483
12493
1326
31032
29126
20874
16291
20508
17812
2801
14910
7199
7508
667
16322
2631
2561
32103
23080
13048
24447
26743
18325
2839
28975
29564
15242
28784
31937
8244
16474
21845
14153
27441
19682
20360
12437
29147
25204
3676
190
14776
18196
31766
29694
31979
12263
3737
10433
8187
28648
2883
21503
13526
32477
16914
8136
12054
27786
1035
22561
11650
5156
22748
23054
31960
9224
14272
30960
14282
19885
18339
19985
10310
12759
27271
9854
19962
23822
6182
789
11800
26703
19416
24286
20566
4609
2488
12191
3386
25386
16130
21674
4500
13539
448
26618
15180
10762
29606
9598
13149
28982
19514
23733
26914
25328
20024
8315
21201
20512
11316
10531
5957
5317
8321
7365
1280
17129
15442
12761
31344
31189
12831
24581
9073
15745
8010
4916
12308
25166
6403
5352
26782
24823
105
8145
17108
9925
25073
20894
23670
13827
25612
28435
32522
10930
2308
11868
4314
30590
18471
31649
5952
28400
16936
27610
11809
27876
5314
20965
6328
13374
4510
10709
20373
21721
23671
20110
12261
11712
13436
11663
12275
24481
27894
27918
15599
17278
22826
14410
9711
14758
12161
9757
14387
25828
10214
28112
28845
9718
22896
24116
26304
27456
6977
19182
21577
10434
27822
25619
24284
3144
10400
11253
1616
16864
2105
32572
23677
23697
14523
25400
27204
14154
2214
3701
26064
25113
28705
24464
7708
28573
30875
13898
16309
14014
18354
25307
22210
23707
20820
8073
12865
15044
29988
18552
3219
30122
2847
17860
7483
22356
9087
23501
30691
16979
32223
21970
23711
20727
31649
16066
23926
29891
4493
7246
32031
10783
31930
24643
11016
5197
16050
1047
16541
5534
9425
705
25542
14310
24302
9422
29361
31021
26942
21170
23763
20647
19828
24924
3369
32743
32557
3341
18884
1103
22412
5737
11396
15563
29729
13775
6436
6079
32016
22758
21622
23869
5743
24184
8432
27004
239
17540
1128
27525
11711
31886
6940
31792
18861
23098
7157
8527
911
20505
29197
4393
4577
28355
3950
18986
15279
23078
23837
21208
26806
10525
27735
13833
31942
25413
19738
3923
618
4364
11751
15301
26827
4618
10439
724
22738
11669
24972
19352
25997
4495
22873
12857
7124
13187
7012
4516
13612
18416
9979
21890
29163
17381
15045
10346
24221
7374
25931
21077
2215
14990
32438
23379
26154
20430
28634
18045
29994
3220
27252
31019
22000
24343
30384
8807
25772
14034
31215
13985
5727
32215
6854
21412
7416
15462
9802
8392
5821
6846
23179
32617
19693
13619
14942
8089
17828
30337
20064
19730
11518
27744
30519
2158
22911
19032
13595
16539
28595
3799
2198
16521
26897
32385
20615
9509
549
27079
18797
28555
21487
28859
4578
1911
7302
14626
22630
16893
31488
19147
5726
16507
8854
1568
31836
15307
18692
26875
29601
4029
21551
5563
22753
6852
2826
20630
21574
17903
19898
26417
29367
18715
6393
13933
25689
32616
22712
17028
1110
24553
19976
5462
3550
28320
3130
22269
8812
14761
20805
21671
1355
14005
15721
27045
12376
5306
11794
32447
9737
21993
16383
5067
9390
17889
15523
1918
7927
8226
30412
4481
7607
31428
23170
8903
28391
18793
13362
8223
17902
3184
29452
11013
12576
107
27305
27838
2180
25043
22513
6052
14810
6395
11580
4798
5596
25155
27063
915
709
18062
10
10816
14352
30710
4151
17353
26498
26302
30917
26285
30570
8839
799
3517
12840
23495
12087
17709
3820
6520
25198
11756
30656
30477
32184
19249
12489
32426
7931
20055
17609
29588
4537
21738
6889
8423
13039
19714
6582
135
19517
29647
31593
20056
10822
8822
14187
23474
29274
23835
9496
14095
31571
22591
15300
31751
11708
26701
5115
24447
12089
3951
3597
19485
23842
7590
16842
8959
23154
5914
7051
29868
13536
21679
19058
17994
25931
4824
25586
14098
12123
25264
24721
6658
9318
12615
21996
22481
19856
22841
4604
11560
16695
29318
31641
6415
10126
21661
23612
4006
29319
32442
30473
17685
19703
23154
4365
9413
1269
3213
20164
18641
30082
18451
2782
1463
13168
22441
2626
24148
380
20766
12628
29711
20414
10050
7795
18260
19011
3575
19910
23620
15096
25738
10809
6058
17097
6723
12226
26673
11787
16698
745
4053
26647
17261
8583
8600
21048
28176
4302
1910
456
18212
11401
9370
10645
24907
31653
26578
12938
8667
11761
25153
18315
11569
10018
13908
22688
27976
15130
29431
22870
26250
32618
12040
15970
20197
22037
30987
32392
6946
5527
28448
6843
30322
29221
4915
29062
22602
3127
12147
25002
11377
18500
24325
9
16728
21452
3833
25794
28841
31644
2941
21406
13858
14158
27984
17323
10404
3599
31610
2598
2439
14501
21819
11422
24113
9392
30785
7767
18407
15663
30493
27885
3554
7239
29688
8249
3494
2624
13186
20856
1423
28113
23596
15786
28077
4509
13719
22329
21202
25341
31820
6875
26600
3584
7597
11193
16776
6832
28716
31441
28617
28567
15290
32153
27222
23938
9858
14309
708
6277
23000
7434
20770
16959
29548
3140
20177
26975
5828
27733
5014
8807
13033
10863
26861
7601
20576
8276
10144
24239
31579
9660
5017
30838
7729
20727
10740
29566
24588
10963
5465
16547
23521
22976
15497
23920
17318
2098
7990
3485
17343
2631
29976
19926
15033
1706
17213
25535
6458
9911
23457
12084
32312
4576
31486
8405
25450
14415
30949
31170
28156
12492
15886
14499
14215
11746
29933
22508
9024
20029
10373
16735
4976
19543
17793
6866
4900
20820
12673
20530
18469
28458
27826
32456
16682
1540
29089
9659
29773
6377
18257
16342
444
21912
31115
10892
3761
21431
27509
32313
19620
20269
14438
15275
191
25037
5881
29409
8082
52
29280
18194
20744
15860
11771
29682
28825
7410
18217
14384
24002
27660
18783
18755
12466
30975
18551
13414
10055
6536
21834
20705
24120
20426
8320
10123
10900
3568
16295
29581
10091
23827
18563
8296
19402
27486
13989
26938
7405
17776
20287
32061
20657
16129
30519
19856
29768
20169
12154
26682
27440
24989
11155
1132
23142
26844
13948
9222
21463
10249
22964
28253
22039
1465
31377
10299
29781
25520
25048
27944
14991
16967
24971
3560
8706
13073
3330
14405
10725
24253
14141
19471
26710
8766
11129
352
10133
1834
21505
17444
25456
7008
17223
26841
15102
27630
21299
7828
10896
10034
20155
16965
8677
10815
22964
30523
19101
32129
2792
10475
4848
1189
27752
23021
20640
26035
22052
25671
4140
27517
22200
3822
25671
26429
7817
7306
18824
21882
8465
14202
29283
18987
24695
24344
3928
26655
5987
14910
26474
26524
13584
29449
21715
28743
24483
32732
31222
19011
28859
32168
17045
10909
8265
32619
1348
7912
20898
30455
22814
23588
14034
6901
29622
29925
15923
28201
9041
15025
32319
19448
14674
20137
5027
7719
30965
9579
9620
8165
24128
568
1126
21004
20791
11602
5723
1188
6480
27048
1721
6569
9510
28085
27423
25869
31345
25510
21272
19969
25142
13499
30193
5489
9531
9199
29384
26061
27838
31707
22246
4111
7014
21464
24143
6650
12922
12388
8854
415
5969
711
11254
23078
19722
19446
6303
9675
30333
26295
20046
4391
13424
15622
27168
29617
13327
27831
25256
14724
406
8030
4159
6755
29521
6508
3995
16890
16582
17562
12964
19814
6705
14731
29570
16888
21552
3244
7675
24886
31680
25184
8956
32291
26216
3674
19061
14273
4788
16969
14186
15571
27877
4027
29256
31975
19431
16699
28021
27284
14979
20157
14378
13057
24790
28989
21381
3750
8706
6562
24026
3927
16931
20200
2123
3966
10373
14206
2712
9896
4628
20973
2360
18243
18451
8379
8616
27045
12049
19855
4355
26705
16921
1941
10451
29046
20010
8484
1574
12729
486
12447
16101
7220
9614
14489
31074
29631
3886
6972
8752
31086
10005
23787
13367
25691
4232
31270
18183
1701
19128
21678
22381
17336
24049
31722
32324
15311
26899
21642
2446
20664
9030
25450
11204
26583
9706
16313
13674
3438
4813
28762
3301
23836
27297
14474
22673
21411
10157
6084
3855
28142
28866
225
25052
14674
30833
3204
13864
14612
23675
10933
8165
17707
6537
6092
4894
17992
26397
6289
16266
29460
4041
16801
19041
29368
6559
19988
23150
2211
21224
18780
10854
11655
5913
4208
5496
14757
24578
28203
21029
1099
30537
22254
20306
7323
23575
1933
26523
32653
12561
2921
24299
28472
18058
28121
24137
20301
5366
6863
25077
10980
15266
12984
19892
18299
22435
21923
7016
26939
18189
10662
22499
11390
11365
8317
25085
6287
18008
16501
8164
20400
28588
29833
7860
98
23416
10186
20552
31712
24976
12292
23375
5613
28484
19358
12706
12751
28746
14018
24789
8348
17400
7102
20747
13492
4790
25258
26127
11919
6068
9291
13985
26297
13016
17464
19982
22810
22267
30267
11268
30075
10324
13050
30371
22854
24372
24535
4823
22157
17140
11796
5862
27726
20780
30011
19269
5110
25894
3261
11696
2083
29587
26841
10873
26798
11900
32447
33
24553
9595
13302
293
11557
13866
23803
10266
14456
24796
3883
12796
5053
21899
18914
12996
3291
19730
15077
22584
13643
668
8701
20231
724
24925
6117
32277
28057
14976
15462
3092
12118
5984
4033
25428
2023
31738
31565
10204
11018
11683
19809
21433
15205
20982
11380
28054
30411
31249
17795
3469
30651
28161
14772
9277
12329
19578
3896
14365
385
21195
10613
3343
5610
24850
3173
27193
24264
3756
28473
29200
23684
25328
25155
16565
5007
1565
3090
17541
21156
32400
16863
1260
11854
20027
32552
19321
21931
1106
154
25400
9327
5959
1588
25148
5675
6905
170
12667
32464
10025
11783
18143
11375
557
27031
17817
22082
25576
13060
30905
31984
25849
12479
23547
8205
28211
12705
9956
27872
15437
29139
3598
19050
19419
9963
11969
26275
16765
5975
22722
10503
8791
16639
10864
11857
28865
21286
13068
12679
319
32657
3929
1590
7091
26348
13413
2047
15569
9321
23718
9042
3028
15530
19272
23418
22639
29665
22982
29146
13575
20278
952
4726
287
17769
25836
10677
30740
25272
23991
18277
6154
25603
20877
13055
29990
3374
13264
5420
19710
16071
22246
23177
28237
3816
12686
13223
18668
26975
3700
22103
14845
31501
23043
25636
26729
27788
634
6688
17806
12309
7746
11748
1585
26272
19583
31698
10170
8268
997
27293
21920
31746
17356
10252
17186
27221
23431
8954
19768
6061
15346
26274
30921
16805
1867
15129
8478
31665
21315
12060
27287
9988
20820
28428
19868
8625
20820
3383
19927
28944
21067
8025
12704
27491
5506
21859
19897
9401
26588
28026
14652
8979
5481
10563
32209
7622
15161
10334
6180
19488
27502
19504
23703
1870
22421
2278
5172
17277
30007
18358
26085
9280
20650
15976
24551
12338
557
24598
13692
26588
31029
19248
1248
17369
4609
22722
14719
24119
10612
12538
24165
19233
8996
2277
29942
25787
5551
28025
9183
3662
4430
16344
21068
12965
13484
18131
860
439
1016
31149
1489
12678
13880
26658
19469
17990
27873
25512
58
9666
2469
19957
10440
31228
5773
12481
28956
10003
29767
717
27270
22634
17089
15908
22900
26887
14327
11169
25318
11065
22793
1969
11810
21374
18832
25690
20137
2723
9522
27773
2665
27437
6004
27736
20532
28152
9680
17230
29297
2590
24584
8939
31250
3098
27321
16163
9670
26670
6195
21466
26991
3074
904
9130
470
29581
25059
21472
28829
1336
32283
18887
29814
31041
4744
27946
20883
20574
29974
29716
32350
7588
18839
7130
2153
10150
11870
29531
17832
9441
5897
6791
9694
5976
18846
6942
14421
2939
12762
16058
14802
15949
32453
1552
16072
28358
16010
9587
19916
24182
27782
10906
32329
17772
9631
12194
28533
15702
30423
16214
11139
26602
31264
20143
19227
21636
13683
28567
27911
26896
28700
8434
22063
21034
29272
24543
19911
16004
25377
24123
2503
27016
14409
616
16283
14655
27846
5196
11548
29554
29005
15260
11712
19983
2850
13146
12301
24269
5422
22172
8020
11795
22354
27280
5531
28951
26619
18877
27099
12099
19446
21643
28268
22236
18566
19206
29629
1253
7092
29663
25416
1089
3815
13491
1733
18457
6068
32656
20382
25981
31479
14774
12964
20558
9763
32666
27648
24411
13014
27185
16236
23498
18609
14698
2211
8122
20838
2045
12309
2086
13074
27747
22496
15884
1230
11045
21756
6863
29056
24154
18613
11227
15608
13931
28255
6535
7992
14362
28997
30015
27154
7107
24290
13026
11513
12769
2388
20841
19217
28883
28173
30410
14216
4065
29900
795
19497
21370
6859
24315
28206
28351
24122
2350
30038
7750
32237
10119
2360
24599
24914
7947
26839
27899
15525
30547
20598
22263
17767
3378
29102
28947
2828
22680
12733
25695
18420
18870
8737
5688
16028
355
26470
17352
30486
26815
572
30412
28854
27670
11980
14234
7183
23815
20044
8290
12573
16357
3793
13748
13764
2141
17765
10306
18553
2393
11866
25576
832
7205
2014
4073
2774
17104
15055
25724
7727
18902
1488
31111
14883
11515
24220
29354
9572
17274
32154
11391
30899
30559
18354
20256
30547
3122
2656
27114
19390
14549
15878
31873
31896
6319
17031
4372
11745
14347
18961
19427
622
16314
26170
5118
12698
1024
27471
14671
9529
31406
7656
15322
13261
23691
24256
6212
19197
30200
18628
15762
7746
27348
30058
4148
11748
29086
23364
7746
14885
18905
31445
26885
30395
29109
19875
26553
4740
24299
11149
10129
26486
16105
6751
11516
26325
559
15268
31271
5544
14073
19644
24259
11629
30494
27950
29960
13580
27960
7999
28666
9738
13573
14019
7915
29183
6925
10803
19009
31818
32645
31232
19833
23555
24692
8743
4716
31281
20244
18950
20945
24637
21627
9837
15620
19111
2426
16889
29958
21496
26054
8093
29380
19448
2645
27522
17564
3872
2827
11793
17693
29266
31638
13646
12046
5832
17303
10343
12978
14923
32258
31116
28747
22437
26567
10754
31709
11096
8626
5235
20020
28816
18831
12681
18216
27223
11923
2747
9504
3336
9463
20326
5589
23558
15590
16415
17497
20397
24729
25672
2135
22409
7617
15841
6812
19654
7717
28577
29398
26856
5004
2373
12956
5309
6877
28201
16815
9103
23173
2581
32640
20125
24601
18521
11762
1229
316
284
31072
25243
17348
20721
16866
26197
4376
3755
2508
13450
14556
21363
11640
192
1745
18711
18502
28261
28662
12965
27360
32264
6900
25401
1731
23241
18360
5907
13051
7182
23138
25324
11821
20344
3422
11658
16859
24342
3792
26515
27364
10200
3382
30111
27466
21574
30537
144
10552
20337
29475
8230
32580
25642
20647
5070
25073
23667
31518
32187
32376
13619
11806
21560
14024
14894
29104
32061
7883
7731
8625
18496
24299
25495
1145
14925
8149
10467
13499
24665
25468
11722
25260
7124
28513
9310
12392
7549
11283
8835
11665
634
7665
18339
13881
18344
23351
27299
14594
1840
9017
25622
10371
13403
31465
18609
7150
18855
29343
10239
25328
7450
31002
9046
4313
20182
24514
28938
17149
1518
29743
8160
9818
28536
21231
11974
123
13283
22404
19649
16284
22155
19885
21798
22030
13195
18407
23565
25821
4050
16178
24323
31153
28538
24600
28159
25586
9813
10476
24728
25903
22216
15696
27508
16577
21212
4857
10756
28331
5010
23479
28782
30149
14967
20655
31179
12570
20857
17131
18067
1166
15609
5398
16213
17604
5153
640
28588
22078
21368
22377
28014
18374
7603
32379
16422
27661
32463
1944
23749
13971
25948
3030
2452
24518
17948
4808
15981
5230
7628
23808
21803
13384
17730
14289
7775
25585
19384
15962
11845
30214
19304
11199
30198
28554
27737
8890
31966
11144
2424
3667
20081
25081
11242
32747
28698
5607
20641
11903
29556
11987
11309
31531
30909
16725
24789
7917
13704
19202
23271
26028
21425
26002
18252
6777
15510
13635
22623
2324
9348
5752
19712
14514
27248
20134
28131
17405
8168
17520
29998
29277
19785
785
5188
30326
17969
3323
3035
30194
8759
16829
2645
16000
11738
23338
17485
19484
26552
17848
31600
1170
24065
22566
26510
19517
42
11874
13808
22549
14566
11177
4845
24809
25682
26608
29112
7144
30319
3203
1660
7270
26070
25580
9899
733
11943
8470
915
7474
451
8626
29490
23610
29755
12250
15179
17021
17160
1780
4793
12346
32508
8154
19716
12459
13560
2104
25650
11401
26208
18741
21727
9683
26060
8533
144
24780
27648
5533
2629
7747
31007
7673
24909
19222
22043
28892
28254
18681
19056
12838
5861
13428
23058
2378
2715
19499
8099
25264
3929
23906
5866
24664
16173
22976
27521
15809
27821
31315
8141
11017
8587
5077
8243
25429
27498
46
5769
627
27376
16697
4555
23998
22813
16587
22032
25666
30427
20978
26812
18977
6870
22394
11510
822
20877
13238
9309
20727
17322
25981
10230
26528
22158
30322
11625
28302
15153
7816
27758
24552
24361
16582
30850
2949
29704
9544
8926
16650
235
5255
14505
25939
12880
14298
29037
30485
23592
25404
8648
18113
25134
11343
1636
26027
31350
29345
15144
4203
32329
15662
12976
6275
15664
4391
16891
4419
1615
9714
5220
17386
23540
6770
7124
12046
1392
3976
20789
5438
29478
19418
22826
24293
10465
19667
24829
21361
8811
26859
18393
28085
26203
26408
26681
20364
15150
12260
5536
6336
12953
31442
8843
9514
32542
7740
675
30234
18398
25486
23864
19193
28334
1304
9195
11564
31852
14608
426
29500
10132
28118
13794
32564
10510
7036
12271
15435
21322
20102
32472
8131
8079
20462
26937
12561
9616
3692
16768
23870
12609
11508
19036
6541
27368
23167
16243
6494
17783
22286
22100
6994
10009
18924
19372
4528
11
19764
20668
10760
17325
21140
27914
30742
30681
17744
10327
18408
20083
3466
4306
23363
32065
22720
29067
5700
18429
19350
19754
24387
28841
214
28897
13820
547
31157
13215
17905
10489
25432
13703
30730
3710
21910
13216
18303
27166
28416
17358
24055
15598
29214
3329
15090
27527
18428
20396
27236
10773
3045
21113
3746
28331
1135
1851
16770
24026
11704
31779
4286
25985
14574
27960
6554
31206
9493
2561
1991
10502
21764
17284
31622
30762
18097
13941
6929
16315
20399
1447
21302
31063
757
14534
2885
13348
9185
29512
20524
9061
19069
6049
15073
31563
7424
10934
5632
4109
17048
2965
1718
27451
29542
21347
15581
19279
18890
29077
28264
16773
14562
22628
8706
25068
19533
19834
3314
14781
5429
13042
2114
32748
26764
23679
24864
13310
21141
17643
2180
7962
25511
14276
26131
27490
14894
17234
21060
17796
28146
1739
31681
15499
16540
12490
15376
21500
14198
16894
8050
31774
626
26655
9227
25753
21614
1319
29764
23874
4278
14014
8302
14646
29130
29174
7080
26662
3426
1848
2
14833
22960
8831
24034
120
6117
7107
6823
942
18422
11193
8845
31726
2464
22713
29136
1682
3754
12287
14613
18625
618
7959
8453
13448
2698
403
28987
9260
17676
14079
7776
16319
26508
21783
916
24818
25541
18999
19216
26922
13655
1042
18954
15830
15560
28327
21465
24319
19400
24433
18522
19488
18105
16606
24978
11065
32622
4611
1173
26143
11571
3726
6566
12822
9742
4860
12191
13729
15685
4364
28308
16537
27424
10355
7603
19069
8688
14289
16494
11017
29776
31204
3805
16650
28843
763
19805
31600
22015
12974
18302
30885
1504
28109
29212
12317
22463
13462
30923
23087
12652
26923
14969
2595
2266
23107
31054
11916
13091
26143
16855
27608
9419
18880
19812
1317
1865
28759
25518
18262
18371
22269
32701
10854
794
22692
15369
7421
29478
30285
18912
11841
16707
28540
30727
2543
25100
16105
3236
31402
24166
20345
30299
26259
11713
32108
6328
31257
1434
14296
14285
29971
16964
22102
18204
19980
19689
30459
8119
8157
8908
30858
24997
5506
25040
25831
1160
18470
32318
24527
23421
17280
1475
28103
4164
9314
5048
10066
22945
1423
23206
11367
28929
11982
26378
27682
2913
14908
32597
5306
22892
9190
17719
16307
21219
30615
31773
11861
20802
4335
6393
10844
15777
8629
32577
24305
21976
29294
3898
15833
19686
4399
26998
17645
19092
25263
2971
14282
3669
18848
10855
8649
14705
22592
27889
13362
1122
16427
27954
21676
25470
29811
8643
28664
24279
12786
5352
25823
8544
25055
3278
7017
849
2720
2321
7248
5068
17119
14721
15540
26048
23264
21030
12816
9230
12306
24706
8813
12522
24292
1557
1238
21636
18137
15399
26123
16104
5343
1217
25978
24867
18397
11517
32362
25000
25483
1151
29050
12274
17798
11844
25162
31594
20644
28315
32120
4490
25220
6768
15054
26435
18282
3024
4025
20892
8266
16298
9725
12701
28451
211
27304
5995
15759
17485
2372
8372
4503
6857
10065
5709
9419
23402
29683
3354
4499
27596
24551
3631
27328
18757
4539
2612
29030
14187
27199
7182
23790
14294
11575
24252
26983
12071
8786
23166
8221
23368
16992
19773
3693
32502
17599
21031
24279
26237
8470
11418
2133
10691
22854
14915
2027
20360
8094
20615
22656
13804
11599
2337
7404
25650
23839
16909
12370
10691
24161
21669
4272
11894
5156
18443
22452
22542
29867
710
13778
10501
32029
16304
9107
31880
3454
18959
15664
17346
16606
17666
31839
10333
5584
543
17517
14406
31518
11098
29837
32433
5307
17448
29808
11870
19705
17893
28437
16666
1532
23411
12259
12424
32623
37
22005
11297
17525
1499
20917
28794
13795
18030
24748
9157
1196
1102
31640
23451
12445
15977
27327
12281
24394
31567
29828
32648
8008
20372
23096
18721
27548
9078
5938
16016
884
31680
5666
29848
27157
18927
20642
21560
8981
1938
3342
12589
32458
8439
11926
10680
2818
29443
19345
13217
31732
24674
32276
31356
8567
16865
8900
29483
15474
13847
31208
18596
18580
5195
24259
1525
3653
1682
2336
8581
4316
3896
3374
19868
11538
32097
3470
12837
31670
5360
21419
29619
19619
28072
16970
11203
19952
19857
22114
13889
13158
670
10797
30797
29239
32652
11903
1086
25836
16397
3671
16103
27552
14374
28851
27162
23660
21206
3241
14443
22562
17400
17332
20022
22334
12650
13900
21476
793
30575
1721
32105
12128
3154
15912
11025
1989
18253
2047
1917
17908
3752
14190
18152
969
12581
19270
27568
32192
28316
25615
13329
22957
29667
24661
5427
17837
19952
4930
26471
860
6210
18802
10157
13128
27261
4098
29307
29862
18772
29162
7097
11588
7851
8077
2064
3519
31997
13455
11108
9718
12796
4071
20639
7614
27768
29237
3761
26072
31106
22101
3797
29984
23761
14388
2069
26118
18533
15842
5136
2114
14185
30441
16635
15044
12382
9694
1254
8682
29302
18485
30272
3574
4670
20569
28062
9663
18816
17917
29880
10663
32360
16556
9908
25292
17893
28840
26024
4739
25938
10737
2394
30210
5974
9636
27466
12892
6153
28038
29682
15539
15448
9697
3404
4776
6314
10639
7829
22295
31428
11348
30033
9986
15081
22385
16271
15050
10310
5237
31598
10149
5262
31319
32736
21836
17122
4290
686
31732
15859
23984
16316
16000
22890
28986
9615
13557
25224
25518
11020
31534
17417
31203
12930
6097
8527
25545
7659
20353
11452
18756
30831
14421
15712
6459
22826
8585
26580
20204
25391
9076
7781
8578
1741
27578
7285
20969
26641
6595
8479
2785
3723
16236
15642
1873
16981
23036
14304
29406
14930
22361
20495
14525
32692
31612
23311
13509
10945
14882
2037
31433
23766
22724
18855
10276
7084
27850
11329
29589
29146
2556
6584
28494
30875
13625
20926
12615
11986
28523
6373
21976
16715
27834
25350
4231
10308
19456
31972
16159
15916
25213
30989
13058
13226
28621
25601
9407
1249
19990
918
1511
21491
29318
9627
9501
19651
20989
16828
22637
30208
32262
29349
8671
4959
3596
2667
587
32039
10443
17959
28270
4339
16900
25828
6718
8115
24693
9659
3707
31989
8
28988
15495
4963
25675
12816
1143
8844
28448
8413
24938
2535
20406
1898
12313
17684
7607
16132
17328
32102
13507
28192
15581
21663
25630
18753
22310
19706
18085
23324
8319
29295
22279
6138
20252
10546
5169
16479
10628
17789
18954
22249
13543
20623
21089
11642
7601
7925
25123
19866
3679
7176
14034
16406
26769
28343
14386
30701
5217
23430
25158
25709
23028
2007
2938
28314
31054
616
23330
26063
29803
13598
1059
8104
16267
9217
6128
20254
19405
7559
1465
22260
8191
16405
6623
6995
29621
30915
4522
5809
152
24416
5950
13815
32257
5046
14795
16354
31431
14
13829
19369
2389
9463
8916
2785
29183
21060
22092
27294
24470
29012
5855
20444
14905
17558
27857
29469
9327
16459
10221
8019
20083
24718
28023
22527
5071
8338
25185
10907
5932
30508
17857
12086
20585
31889
3971
31838
16618
7520
26459
4674
16947
32483
2046
280
8885
30866
25234
20157
1255
18136
5731
24475
13465
23322
4311
26320
26246
27894
27044
8589
5672
12488
20288
25019
30160
22387
6042
11237
9461
15198
18695
27730
8396
24252
12159
1905
8986
7953
21001
18811
25415
16881
23668
31059
28083
16139
20808
4785
1357
27495
6140
27519
17249
27116
15209
18563
27057
1317
27775
9535
6856
22085
7479
13077
27787
23912
18376
21423
2321
28443
13854
4766
20916
6943
23944
25153
14440
28778
8881
8169
17228
17007
6609
9018
28287
21407
5924
23765
24629
2352
9116
18484
8970
3101
10707
13524
23190
31598
28483
10906
9793
5049
11705
28016
9816
28649
24839
25647
22369
18238
7417
26305
14252
19605
32651
14215
27435
4842
4953
11256
20867
6939
13911
18571
16995
28398
22722
21463
25621
27990
10327
9465
20563
11250
31682
12599
31579
4567
4697
7395
4422
3983
31754
21377
15765
6241
15762
27436
4365
16595
1264
22325
31173
9838
538
11790
381
1217
14318
1638
17969
7081
22891
12182
24814
19151
1825
18748
12005
1649
230
32293
12478
2406
8139
26225
29742
26716
11343
21745
15308
27237
25810
5076
22816
19122
18508
21635
27901
18333
31038
22217
529
8941
19689
2871
13755
30550
23231
13511
25372
1856
8215
19903
1137
26826
3108
13272
16032
13069
2088
24480
19216
4261
20453
11037
13246
23406
11860
27571
5518
9611
29338
25415
23775
21421
12600
19621
12385
11409
9602
1823
32299
459
18258
9591
24328
21955
26877
25600
17426
8957
29062
18943
8835
10397
1810
31319
4551
24618
15772
30566
4054
146
7658
24106
24512
12910
6336
23720
13961
22920
14931
26510
10808
6042
12800
29463
5931
27737
574
13103
28589
5810
27858
9944
10699
6996
28482
29388
16227
5230
25483
20323
29821
11962
6422
3512
22494
30650
31209
30727
12763
24898
4123
4442
21868
7734
32650
30821
1921
15509
18384
29102
28825
8374
25202
23793
19600
17874
4443
6594
19640
26563
29065
8052
24620
31243
9735
19514
22113
4120
12059
12172
4094
6855
16832
21452
12782
7974
13142
19242
3763
19070
19865
965
14845
1937
7888
10002
31355
31008
6726
2178
3569
32176
7422
26463
29579
8334
10915
2039
12401
7185
30398
26621
17051
20767
3628
4652
13799
22514
13518
21805
3944
3612
19330
25019
769
17865
21074
5125
10035
31301
23276
27732
6964
11710
32594
31469
21313
21578
12499
17209
32564
28716
29498
23075
16217
17235
22597
17346
7038
14883
20313
21560
28745
29560
7539
6106
18127
2536
4450
1681
19041
585
18484
1663
20649
883
5614
486
10231
15175
26240
5190
8149
5361
10999
4806
32737
9321
9973
29653
24796
27456
12894
23057
7166
23193
17237
18024
17548
13942
21607
13693
24493
15925
31493
11341
20090
15962
16952
30738
7764
28558
7568
9576
13178
18152
2142
29358
474
7020
9506
16815
18472
17617
28999
19585
302
6024
24846
8622
32611
25081
30665
11154
26302
20240
12361
18180
30924
20984
18841
11577
26369
32550
19437
13540
8012
30362
22997
11938
18157
17249
8630
24726
22411
21599
891
25936
4737
29259
16008
29172
15994
22267
15343
18328
25405
18914
18663
21485
30666
26071
21882
17698
13989
27671
2941
5381
3186
18574
20933
20332
21698
11090
3992
6099
22829
23409
17506
12870
18081
9964
18345
4994
3321
5123
17731
15447
23761
14259
18887
25680
14233
21886
29505
14230
17897
11370
6698
11282
26644
5452
1687
12754
13568
22086
1456
17070
23349
20367
29540
5419
6195
25970
3163
30367
14857
19354
7212
4246
24355
5516
23505
7541
26724
12405
5208
20573
20853
10790
23002
29778
25436
26973
29361
1693
30032
15174
16102
20590
12235
23105
13289
17350
1506
20966
16517
8084
22738
25670
11538
7967
31195
21620
19437
14499
32337
14917
3621
12095
6640
17235
20599
31758
29552
1352
29821
21141
10073
17753
6690
17501
27929
22800
3417
18400
4691
1103
15375
9898
16507
30866
18525
5816
16544
22900
2819
804
12680
27253
6674
18436
25602
18938
10216
25999
20856
23957
20065
28289
24772
21383
6732
13761
27972
23939
27420
32577
17457
2229
31456
14374
3116
22275
8822
31274
19226
32147
11771
24126
32306
27789
21893
25203
30804
1058
11797
26394
31389
6861
9927
1834
15160
14552
26188
20451
20087
11555
7322
7089
9762
24353
7394
5203
6927
547
21443
8252
13554
3545
28093
16186
9335
8213
16872
6741
9102
11219
21734
19194
12294
6519
2070
7513
21598
15445
18698
21003
29400
16758
21820
8952
18126
31641
26108
3960
4169
12409
22701
13240
7632
19278
10033
12128
10366
6294
17570
24434
13912
28437
12867
28533
30429
27163
24758
1492
19934
6405
12655
3969
143
18438
11368
28381
14559
17960
15894
4572
21253
19597
4509
13156
10587
27387
23360
19447
21104
7576
10011
30098
1368
28657
20
18133
6215
20801
783
26979
19807
32241
12897
28556
25029
8795
7559
11562
4858
6867
12569
6088
3689
29928
17145
29194
32572
5607
11984
17993
11892
10913
5819
29821
26937
17518
7233
22368
8558
18290
9609
17616
31881
3615
713
28021
17570
26107
2050
24485
28617
18852
28395
12676
12701
31761
5418
5744
19227
26906
27338
25500
3251
28475
9450
18426
16033
30357
2226
15199
25466
31029
25228
26850
2309
24729
32144
6277
6989
23664
12095
23575
28148
5794
19317
856
28618
26768
5273
7007
15518
30109
31767
32057
341
20205
18192
12243
26169
1133
27472
8473
29587
18195
14464
31328
9339
103
8604
5121
7151
834
15016
19527
12323
14805
16031
17804
16408
29934
12717
20382
1904
16503
29597
104
25729
24895
22165
16334
17576
24574
3585
19160
10975
17811
2509
29203
1170
27791
4567
5940
16559
3063
13732
11775
23805
24390
25682
17511
23982
4018
16589
22007
25399
17072
1606
28272
21087
29114
4321
24500
17046
28496
24238
3810
9865
15677
7387
7363
25331
6171
5416
28005
18358
23577
3994
21253
7978
9980
31860
24626
18357
23396
31331
9520
2972
26961
3321
23707
11032
32741
5980
19276
19629
3180
28480
22401
18359
10905
7186
6967
32070
27154
5750
30171
13099
3376
7156
24866
9555
9471
27374
3382
16724
11917
31446
2066
16454
5473
1182
29743
4820
16201
28527
4704
21394
1369
30109
8954
13202
15920
5595
25145
5426
15741
9387
9183
18743
27842
4633
21022
8736
24920
14249
21432
20916
5044
17038
7525
17630
7144
3612
29301
29114
5996
640
6326
19440
7199
19375
920
21313
23689
31900
14991
28767
24931
29358
32441
5122
31833
3441
29633
19512
22542
3724
20483
17404
18785
13811
22513
24843
17903
28253
10421
29683
9176
7673
5656
11885
1735
28508
8098
21484
7724
9918
16642
22646
6348
22375
8625
25011
29052
3428
26579
24132
31017
16254
12894
10069
16924
7533
32381
24694
20604
3656
31799
2470
13333
29504
5708
30641
28503
654
12639
9917
20386
20138
26202
6943
6849
19902
15375
17523
13748
30042
9243
5867
10418
15977
16144
20199
9326
9572
11219
4806
27802
31429
26178
26364
19369
6079
31002
10341
29658
19244
1816
218
29042
4807
28511
2561
4680
29851
4378
4713
26247
3259
29282
14550
16048
9012
20066
20953
19166
24128
20153
19364
16206
25788
29727
1053
8734
1244
29260
17713
9813
13086
790
23403
14372
30076
29913
31429
7788
3814
30747
26046
21887
32495
28784
2732
1835
10695
19612
2900
17397
15465
10744
25272
24994
8469
18199
7472
8956
6145
2472
22204
3282
18508
7070
29593
3137
23859
25487
18194
21042
903
23642
7321
2084
23390
4109
22294
16940
12810
14854
6783
21049
6215
21592
13225
24733
10424
5232
12894
28105
4757
6904
27055
8536
15518
23291
19083
2640
5203
31818
19601
13476
23910
15647
22819
14333
5489
5889
27836
9145
16357
10983
25219
27700
11842
14496
7712
15687
6286
9586
1998
22031
6656
22018
3761
20976
26108
24435
9579
729
18756
21458
27882
16585
19308
11698
387
21138
1166
7955
7749
21469
31552
18313
2695
15470
7875
5530
1476
27817
12669
22375
9641
25429
14249
16015
23147
161
15950
23376
3422
31332
3693
21231
3524
26025
8319
21850
16354
31083
25631
5645
16986
28317
12291
19506
32180
8558
28208
32268
21054
22474
22638
7061
22550
20772
22778
11366
25989
883
25468
5336
20366
10618
23096
13929
6343
1613
21384
28513
616
529
21386
15797
13218
1027
19990
2347
27442
11708
1267
22719
28469
23475
5706
30533
12094
3843
20314
19281
19622
9326
5998
26196
32035
31906
1804
3847
31644
31164
32624
19213
31548
30219
22073
11220
20678
6166
26977
25276
17960
10208
12146
24699
19538
18794
6135
960
32584
16506
20529
6934
12406
8603
16396
15883
27461
5221
21329
16786
10219
2814
25373
19367
8327
4833
21394
18993
31853
8926
14796
20780
17854
2658
7703
9223
23869
26105
11871
28235
24669
15633
29928
28542
13727
11521
26431
7751
13082
17738
24944
1747
4955
31004
24953
26742
11376
18972
5887
22166
7488
4196
6976
24773
25886
971
25929
1581
6557
27239
20072
30769
11941
4177
15077
28753
1222
27816
15085
7502
12749
6105
14287
27535
14229
30493
363
11460
7456
16707
20454
25289
7654
16559
3491
12749
25453
30371
32111
15795
32026
957
4348
30392
2631
31169
913
6487
19094
31385
3327
25962
2180
18586
16599
20625
4673
11273
28122
14295
13503
20958
4529
21651
27912
1991
13535
30861
17366
31088
17139
21858
1885
21250
13058
21290
22380
27882
5204
14935
14260
25819
21342
13536
7271
18454
19184
27296
9478
13033
30128
15609
31092
2421
21447
26044
32078
11701
22746
32077
19839
22204
30268
11266
15374
27966
5474
2765
15931
4434
5783
30491
203
11638
10224
24059
5792
15060
2179
17027
30092
6852
3028
879
13671
10641
29072
9228
17759
28288
25982
7253
2960
3342
15282
29787
8917
23418
15620
12010
10973
17027
6080
18281
24193
19059
18591
18178
25684
31068
4086
13571
3452
26274
18222
26244
30401
10169
10868
29003
16356
31280
27313
17900
19762
20207
7101
13620
18264
6845
21200
25800
19833
4101
2361
30474
3454
9689
5970
27196
13998
4151
23475
29416
31358
3467
25254
21887
4010
11638
8667
832
27524
29902
7261
32347
9612
742
709
18775
14658
7183
9134
26033
6712
15710
16488
9670
20075
7600
6641
22002
723
16364
18976
250
20025
31368
15652
21415
5705
6223
24365
25524
19176
30305
21097
24043
27592
17275
16690
24458
3129
17528
8326
32491
18754
16920
30391
18276
26096
1025
31331
11373
494
32003
7591
14336
7766
3232
22928
30790
25799
31180
19922
28783
25784
2801
2237
4321
15115
24374
2924
31382
22501
27905
24128
4543
22206
18874
18829
9134
7348
7891
1682
9202
12581
28677
31919
17604
1148
5852
24274
28322
6475
6005
15667
23353
17307
12935
24385
22408
29312
22688
31195
28995
14320
25265
5572
4981
724
13261
14929
22122
16224
10286
12389
1740
20896
30073
29087
10252
7764
24642
6098
30211
5630
27347
24758
10714
30265
24873
6621
1575
13644
26176
2280
28248
19455
26257
9210
3413
20910
5080
11885
20321
7835
19994
3524
13121
26760
7655
27361
13985
3462
9181
29561
25011
264
8557
20420
13849
3899
32482
8313
1285
27290
29342
6393
28831
14269
11687
2506
7335
2929
12643
28488
21083
3854
12960
22679
7067
16133
11735
15068
6475
30649
4274
1197
6393
17552
7371
1478
11711
9545
26551
32509
20587
15760
7235
28280
19166
8911
24829
27677
29362
15432
2039
10826
30496
26977
27591
28358
17952
25150
7634
6136
19665
1685
18891
599
5916
3774
29302
25122
4756
21258
27570
25937
30881
7510
13750
12747
9182
14560
7579
5081
21695
13401
18203
28891
10615
2619
920
21050
19737
9052
6751
7325
8701
26564
26159
18272
27493
20923
27637
10306
14944
14119
20186
10077
8687
15637
17791
28508
30311
10646
29831
28136
7190
1996
21079
14435
10537
21060
30745
10457
24269
6022
1031
18227
15765
19691
28902
21166
14620
17327
1744
32652
20203
29767
18743
15626
1181
5109
1575
6033
4417
10393
27339
2864
13823
3786
16691
23114
2559
9765
15188
15500
15750
6117
28497
31266
6242
27573
26873
18219
14217
24258
29840
29546
19965
12563
1746
16958
27890
23837
26165
32468
5939
28050
31087
8347
9154
25979
24376
5112
13246
28294
13137
31548
16266
16801
9413
31699
32556
32199
16751
27581
12787
24858
6844
29507
2397
6195
10162
30434
15159
6070
2097
23948
32518
13353
3449
1808
31398
27654
11245
1750
25137
6158
14871
30415
20259
30177
8427
30380
4795
16588
24912
11086
1956
19682
4828
21118
9940
22606
16351
16095
25525
1767
17060
20512
4994
15365
2035
15222
25588
18067
23258
14410
9503
4966
7598
25903
27286
22989
5196
30998
18390
30314
9124
5317
11234
26688
10873
18565
8234
9228
22370
8731
28337
12761
8213
22266
29551
18639
15844
24247
7413
23884
21384
4541
24655
21814
8222
8258
9262
22159
25455
30074
26439
25673
22388
23306
9718
15708
25370
28863
17191
12823
27202
19584
30838
25523
24332
22145
4501
8750
30805
13754
30446
23639
12670
24728
19338
22053
30575
9714
8754
6476
9948
16958
3540
21522
16327
21765
4392
6751
29255
19092
12690
15636
26759
3573
12619
11166
29201
5917
13500
5067
29773
10599
22314
13276
17476
22081
29336
4827
19882
6181
7913
4911
11036
6604
11334
4973
5030
32158
7359
4465
16776
14700
24885
942
13882
23137
23927
23746
32685
17718
30635
27981
25300
18086
14064
6148
3939
2082
13633
3073
16599
15557
26780
31069
28854
6794
1892
29697
32280
29629
3077
30905
28262
1199
7126
18571
11106
18862
21827
3654
25191
28980
18731
605
26866
15967
9095
246
19042
28577
18253
17983
25340
32185
24980
17665
11314
18146
14328
19319
7717
31306
13888
27232
19048
22469
32574
21075
5127
6083
1271
6995
10440
3968
27652
10915
8112
25978
15928
10971
24777
27176
12419
19004
14883
26857
22
13121
17945
1339
10952
29558
1749
30765
1721
17549
23319
16919
32053
27567
12337
9352
27867
8976
5463
30848
30462
16838
5141
13535
15435
5595
29217
14622
19628
9377
16467
12349
20077
17733
23282
8188
8350
18855
16177
30798
31928
10601
23033
14091
23427
25415
13289
29669
8502
2214
7836
26781
21728
10095
18218
18807
26376
1565
20977
491
19344
26133
25493
10653
27360
16438
15173
17807
11840
12210
16960
10645
11140
32540
13464
3594
13295
3010
18230
11714
19026
29500
28447
63
17524
16197
11766
25640
7094
970
1985
19958
12535
9025
1520
20209
1974
11580
27547
2139
15478
2878
32523
24299
14951
28621
3196
637
29762
15304
1569
7687
9333
19963
25961
17359
22656
28913
12673
27099
19359
23305
20250
2729
21673
29900
32108
15905
27448
22910
9338
24264
2058
17907
22680
3894
25767
27045
14123
13258
24132
19971
177
13468
32744
18443
5121
7091
30669
10266
11987
25465
31753
7171
6018
2411
25197
30559
5137
14613
28590
22053
21101
9022
8642
19835
9713
21856
31117
7883
15919
9563
1981
8472
15086
1385
16627
21651
16751
21589
23843
21609
30453
32232
17981
6880
1155
32677
23053
19362
2024
9654
864
30808
5625
5157
28264
4987
12830
28751
23649
1383
24336
16022
23157
6066
11488
18519
24541
10939
26684
7708
5962
27014
20206
2578
22403
28615
28069
1725
3919
5692
2808
3562
10389
22848
17320
21477
9922
3486
15397
17133
1131
22435
2900
19173
5172
6263
17040
22860
26864
17837
14063
3439
2313
24344
28614
31965
28962
30432
24175
7196
10748
32726
17225
8090
30102
22021
25601
26854
22425
13705
30480
21536
31986
5029
26757
31151
18113
3599
23557
14385
31858
25742
4112
6840
26921
12487
1669
28467
26724
20564
5737
8490
9692
13591
19172
11439
5292
4046
13196
15761
25012
2279
2535
20178
25920
31637
20522
24155
22501
26403
19783
2287
20140
2697
2599
8798
17011
24125
13364
7675
9871
24651
2331
23375
21174
26280
12240
11023
17437
27587
8914
8268
31197
2398
4016
490
28827
5532
20428
28755
360
5723
24159
4972
10214
32451
28605
25801
29612
27423
3547
27165
10476
20204
24078
29684
21587
18736
29717
13476
22065
4878
22106
17280
10458
15510
6005
24656
26188
11234
10482
2814
20754
4702
19284
17298
25704
19559
16217
1632
12191
24344
7296
22656
195
2144
28873
30847
8828
5464
3516
1876
12594
29396
9900
15766
19316
11321
9277
236
8603
19598
20772
28100
10410
21973
17454
10568
29817
17051
11140
3981
32019
17870
23853
4622
21340
15567
20692
23130
2295
1992
26316
1289
20326
15424
8273
2292
4723
26092
11537
7846
4559
18888
29163
15373
15866
24423
27894
30837
23650
29831
6853
27832
14031
12009
16617
25518
23038
24672
16824
28395
10124
24871
23885
13226
16151
25719
976
1028
671
31577
7416
6246
14898
14778
26829
32065
6856
12733
23987
2307
13420
14677
10148
28231
2972
11794
11453
15944
25075
11067
15100
28572
29189
26142
17224
15647
8843
9380
17841
28973
29888
552
21242
28948
12810
30345
18260
7368
7389
21374
8813
22233
10460
11306
8361
18595
32322
23281
31151
14021
19585
6537
26664
31188
12329
24404
24259
28496
12298
31213
3709
30422
5533
5121
8735
20376
9376
7776
21256
27147
30209
20307
15148
479
31229
11313
2141
5172
25993
20781
29898
1547
3825
27506
10437
3834
32191
6514
27081
15397
12766
9594
15035
8041
26111
20106
20848
32474
20796
4965
1392
6256
11259
13284
7161
19965
31766
23695
5447
19810
27705
12398
24339
2307
12939
9501
4186
5240
19088
25887
4703
14726
1614
11380
23283
22861
15022
21358
7156
28098
2854
31680
3092
16224
6293
5080
11483
8987
5998
9327
12784
21654
4377
7262
28052
16533
21654
3763
26223
21429
23140
5892
31375
8539
8097
22531
13230
30442
15474
18515
12467
12089
14757
16794
18556
23108
27029
1496
18907
3361
18510
12023
31966
28214
9970
15523
18772
20906
9820
13403
9868
31257
17666
1992
14432
20876
1056
13646
15730
11944
26643
22242
12982
31269
22530
4891
20529
18562
8388
9355
17152
15351
7934
27471
18587
17068
21644
15589
3931
1320
27939
26174
58
6412
30260
5140
21979
19457
19987
5502
9418
6895
3672
11458
14596
10608
30086
25194
27834
19844
5098
3738
23634
902
16326
3232
7087
24158
5295
19661
20658
18425
564
14467
22272
9718
11712
7312
20742
13986
11202
3514
19003
14887
21514
31643
20133
15360
13686
26032
7071
4272
27855
26284
19929
23476
25326
2578
12448
12726
13859
8194
4704
11011
21207
851
16999
31295
32623
1507
7147
23384
24436
30507
16975
28344
12785
30999
29346
21695
20253
5908
3689
7536
10554
21354
17310
24682
21693
7884
30200
4378
23471
28205
19821
25392
24659
25302
3574
21327
21257
14518
7314
10249
16242
28409
21901
32522
29909
24284
6146
14995
3522
13503
10911
25387
6901
32635
23976
20881
30076
18935
3646
13556
31773
29430
28386
18790
16370
14131
14645
21135
25686
8624
11521
11934
13829
22091
125
5509
15742
27282
9677
22630
20652
16600
2505
13640
26566
6537
12287
4879
14708
20154
20475
14763
25139
28164
22470
23183
6906
9363
30636
32101
17182
12666
6978
9472
16755
21065
29608
16530
180
24034
30476
15647
2852
392
31087
19249
2422
21561
17068
11470
10474
13374
17846
8103
11450
8960
23841
14226
11956
4893
12516
15674
21288
23739
10589
25877
29700
19485
5013
29335
1854
32372
23238
7078
17522
247
31514
16461
19917
26165
4534
19124
24617
17834
11767
19280
20089
22929
18427
9559
19560
12026
100
24439
19517
7196
3416
27847
29698
28908
30924
510
28133
5615
5123
19171
6110
3404
17489
5124
22162
2597
3365
15531
3960
4647
31559
1294
3642
23904
21853
3270
22878
26705
13748
5506
14885
27717
28989
24061
31667
12769
28630
10541
9585
29179
22987
17854
13488
14512
16029
10686
6543
32432
6402
30362
31518
27869
21548
31049
1731
32277
13902
31431
20189
29515
21597
29893
31912
19933
29460
32415
22881
17441
31034
1678
29354
25665
22311
11039
24111
22858
1925
18659
24714
1663
3412
4200
31588
27891
4912
14441
9949
3927
4055
8258
14894
18448
5094
30374
18317
17805
9443
14484
28498
8407
18816
7303
28247
17001
11038
15854
27556
2371
28817
7387
18764
26682
13859
17919
31890
28050
18139
14038
12624
26830
31487
21023
15514
8903
24535
30863
8862
23548
3252
6598
13262
1321
18737
20866
1346
26139
26809
25875
18519
9922
32585
13583
17821
28296
21367
30534
32496
3553
12724
19704
15588
26147
1230
2374
2919
921
22457
15335
27041
7634
9358
21532
12575
29247
5332
28646
30769
11518
5887
11126
29584
21488
27958
1253
6980
26641
6489
10277
5829
12553
19011
14136
13409
26366
11852
25247
28637
11949
20242
26134
19551
7097
23162
15742
1420
11586
31985
9755
23533
30906
12536
16383
151
30452
10207
25542
25611
10110
12240
132
27739
32305
15120
5628
22158
20230
27778
7955
18246
11308
19821
132
20128
27223
4222
20436
25436
16218
1553
1673
6462
12024
9644
30103
5811
14839
20684
3355
3512
887
13029
19531
15352
24706
25252
28077
13876
1508
10359
9096
744
18493
3663
30873
18476
8788
7333
10502
4312
30126
26811
1944
27883
14688
22564
17188
28974
2849
15750
8266
23060
22179
12959
31586
21989
1828
21382
9908
14875
30528
16179
30951
10253
4873
322
8125
25802
24665
18676
2813
26696
24935
4471
944
26558
1433
8039
17295
24398
7321
30612
8381
24295
32683
13062
8626
7786
25918
21566
3447
7435
4800
447
19481
20475
24759
18893
11096
9284
17678
21365
23455
22516
22444
8397
14649
28285
1356
18045
13761
17500
25736
15486
30170
1529
24886
11298
30497
3534
12792
24405
21088
28108
19471
13602
28165
10234
18800
16249
13522
23136
29978
28207
9429
25123
29094
27462
19099
14833
11808
3183
31905
6047
7445
32205
27403
3345
25069
2556
22424
12379
26747
9042
2518
3877
6867
4708
21394
29012
10588
28108
14739
12007
6438
16170
5256
7454
3197
31081
15934
22242
31166
9284
7958
25697
17513
24840
12215
1529
27768
11419
17152
9815
18415
701
11328
14304
31413
18062
5546
335
8354
5200
6915
7584
24025
24687
31902
13102
18776
1982
32394
9752
26061
13572
18442
18920
7339
16311
22341
22135
28542
26631
23871
9227
21372
5151
5640
29379
27484
29351
28980
16693
4971
9869
7818
30293
29660
24581
21249
25241
3423
1742
23016
23642
29686
22967
18020
31614
11268
10083
22815
14420
23975
1097
28223
29119
21064
8702
1941
7831
28785
11191
18199
11852
10718
19466
28049
23756
4054
16372
12695
32167
444
6944
702
625
10721
8550
3340
16489
15516
22931
4268
14679
11677
15720
25062
27579
20350
10981
9551
28195
4507
31431
7229
23005
20516
24655
5502
18638
27248
30277
22090
27298
5012
7485
3957
29990
4405
3865
13033
29681
23706
19407
15700
15178
23045
17260
18462
582
6724
24921
30622
26673
23171
23773
6541
26927
13924
29412
1979
1571
16466
27903
8960
9168
29714
6571
31350
25919
14234
6614
29413
1376
24103
10143
639
29683
24970
14942
21710
14761
17858
11236
27370
26503
23248
17156
3055
5516
20679
18258
6574
13459
21027
554
7587
14203
6235
20724
8744
22404
11962
11431
11239
30716
22378
19084
26517
27932
18130
14917
24542
10797
10530
9485
20379
6894
9771
4673
25675
11322
22389
21792
1217
18406
25739
1999
28698
18409
14746
14239
18674
9407
3130
9875
24792
25359
8844
17949
22526
1163
4229
20265
25909
23
24457
7004
23065
1326
21564
9118
14217
3714
18069
18390
26203
2019
16436
17396
26701
2914
21749
30261
5438
31158
27077
23202
14494
29151
23988
24539
8995
27657
18764
30994
1213
31666
18465
4442
8909
32015
170
17442
16018
12716
24143
32508
16355
4180
12739
28836
30756
19504
11156
26941
4467
22322
25857
4061
32290
25525
27403
4428
31850
10589
32719
11273
605
28997
1554
15758
9757
11609
19230
13525
22092
7936
8909
3611
30403
20735
2531
15332
13703
26778
17056
8511
11256
4603
8086
331
8268
3032
28857
2042
31548
5713
18101
20501
17917
18711
132
2689
17522
5331
22335
10944
32672
29638
23604
15546
21602
3500
7482
18366
23134
21223
25409
25284
14135
21209
16173
24053
12805
20882
22757
9581
6914
24747
13478
16703
23429
32625
25246
5817
16949
1607
19638
20202
24438
24901
5807
1634
1576
24101
17520
10809
17553
4448
6814
9811
27031
5780
28014
18657
27187
12329
20919
32555
15138
2612
25676
20366
29406
9371
7048
13504
18380
10363
22314
15964
16055
11462
8803
6810
7549
11825
23598
27997
30216
15949
14816
6260
23936
11763
22528
22809
9151
14054
19800
24254
7942
26804
29772
16138
24558
23773
24171
27422
24993
30263
9796
2588
2633
12177
4987
23786
4041
15767
17692
3891
5292
2038
22062
6575
4442
15808
12428
6565
23954
2321
496
16814
28180
9715
1873
18363
6814
24703
8815
29785
26
15941
28076
14132
21270
22254
16925
25818
13940
8224
25569
450
27235
12450
18609
16013
26510
16065
11449
2443
14995
24050
27046
22913
13238
16312
17409
5546
16087
31688
8891
16123
30625
9068
25865
16043
19973
9253
19058
32243
20198
15764
8485
11027
25878
3738
11921
20373
9858
32191
1584
7125
425
208
17059
3009
24403
1996
21764
18654
3199
3842
24184
28044
157
7283
18435
3466
21501
11389
3233
10172
31368
20923
27026
25900
5806
3111
26869
18768
30879
7041
31384
14219
7614
20725
3855
29173
17490
9208
26883
30047
26495
3699
6349
22162
14198
29731
22083
1240
25064
6463
11474
5566
16064
27740
11726
32279
13585
10127
7429
23620
27725
3281
19354
14259
7609
16807
5393
22950
6685
3586
12966
9014
22464
611
22755
1175
7315
18756
21361
31133
6317
10164
4911
12159
1271
28993
25217
14300
6697
29466
13291
27899
29685
6773
16094
27479
13441
23087
24273
17499
31771
5042
26772
20074
2345
1820
27105
13858
5214
3742
1845
13538
15668
10529
27613
4233
6806
6192
84
18561
17372
5394
23244
5117
26109
24886
7691
5502
14592
13781
14968
26524
27060
22226
17782
26371
19361
19685
23280
23996
26430
2808
15669
29614
14437
721
9991
2148
12547
27890
1006
23056
21524
18365
723
7632
31951
20956
14025
27953
9757
992
14894
11506
18000
19752
2035
20746
4882
6149
32568
8683
16795
22811
17692
26377
5928
11787
30931
6806
23976
20303
28153
2704
4280
22885
24869
2814
22225
12591
23234
7543
6848
1946
13338
12771
22871
16510
29364
25734
30563
16581
28128
23866
13278
26576
29328
13307
2661
14358
22889
32425
6636
29454
17178
27658
25520
11344
28397
4111
30317
6135
24475
17752
22993
6217
16997
18425
20017
20122
19552
28031
13436
13165
529
7726
12909
31197
7481
29581
26372
16955
1266
8229
17206
24569
3067
1157
23268
14022
26961
5513
16906
29435
7935
30684
19001
8502
17206
29884
13383
26948
24480
11261
10821
28741
23282
10065
5553
9738
8385
12998
9709
450
31638
7824
6896
29142
21828
19977
10300
785
20857
14326
1039
772
30356
15372
30430
8617
22710
29107
32511
22086
31516
21513
23718
2964
23468
28458
6674
22305
23757
29359
25608
16371
380
19828
18049
22638
12189
13983
8608
12152
27790
18397
27366
23770
18434
3311
3753
11497
26893
11366
1474
12135
29051
3498
29575
11684
11110
8257
24569
19432
13576
10318
25150
23061
7885
13400
20305
6025
12204
8269
16632
28226
17336
18887
2294
26949
30962
22925
25730
27200
7778
18013
1017
25198
6502
29929
15056
4795
13641
6431
27596
5929
4375
15533
1397
16754
8112
3781
8904
1775
28188
24861
9260
1464
9246
30267
21671
25869
29452
1263
28498
5364
26333
5409
6410
12580
19844
6604
8809
2850
10365
27723
9716
8106
23717
3284
22166
31568
5198
19522
4686
21095
1939
17175
3364
20514
7913
14785
10337
24825
9207
26140
18943
31822
29864
8761
18527
12625
27774
94
15930
31521
30761
24653
23258
8244
1880
27081
650
8440
20687
4183
21323
31162
7353
1090
25032
15304
2368
13537
17036
16850
32092
18460
13171
918
15848
11053
31070
19645
22779
8356
17963
23295
23413
28590
15077
10126
1240
6294
23095
24498
27994
12940
32551
20656
21048
22182
11265
19185
31820
15396
17808
16480
29922
27128
3732
8724
31944
8582
30577
16687
31140
26280
5669
14086
19850
18677
23164
6274
19662
21059
21127
30918
17943
15978
4938
32529
20661
24651
6581
5094
21813
22545
14294
26987
1074
32439
25164
25360
12142
10955
29183
8304
14625
12913
11790
12156
3472
20138
12809
10710
23266
17366
1121
16763
31535
29560
28956
165
17627
15162
31949
16624
13602
17713
964
7611
10483
11617
22914
26065
6146
8324
31856
20553
1561
22535
12752
30890
7854
5974
7667
26195
11963
3673
11436
8986
28874
17726
24070
9524
24399
30074
19250
4181
315
29706
30659
4631
25806
4351
17182
23968
15533
4153
3627
2687
21300
8051
26961
23256
18445
28032
24226
11457
19458
18131
11346
6891
20239
23365
878
4229
21692
4371
7882
21597
25258
2342
17980
20297
15723
14488
4615
4549
26518
15219
666
23773
5915
17596
16507
12878
5333
20400
6270
12264
14942
30285
2106
14902
551
4372
28349
14945
24008
1038
13695
29522
18068
23821
1429
12823
15473
10036
23847
23944
9959
6073
6436
10538
19574
30698
18228
28499
21549
28782
21487
30351
1400
6606
26956
9795
14906
30260
4444
28304
14107
14450
28984
26490
24100
31813
12344
27466
28553
21467
24421
12336
19653
20116
30001
9517
29164
23814
12646
5680
6461
13891
32093
23424
15607
8798
7280
6233
27503
20011
16561
19674
8542
3143
22493
16159
7807
10072
9355
32682
26714
10646
30633
3335
28506
15755
7721
23215
2598
3094
22264
16174
15150
15286
25904
3457
29828
29957
4750
24002
19950
4227
13862
18695
24889
20885
4949
7303
16592
21198
9464
18430
15501
1900
10459
2899
26830
30246
32629
10104
7116
4389
13266
5779
21800
20304
16336
3931
17351
27340
24718
22468
24032
26819
3874
10974
16211
20069
29066
13818
16957
10029
22501
28944
1481
16486
6628
22109
22345
15853
26747
15696
12677
27704
26588
23719
18002
29591
9637
14294
18023
20666
16216
31656
23405
13940
19725
3624
2133
15550
25699
21954
25582
255
18364
31654
25015
7051
5546
11629
7410
3689
3236
8703
23033
4441
14078
26036
12757
24341
4888
12729
7181
26584
3029
21174
19132
3357
21838
25261
3302
19113
456
23078
11020
28875
25316
15497
29182
21475
2838
25547
24561
5409
856
12108
10193
26767
2336
6656
32473
31826
26767
31694
26720
25901
18155
31285
29686
13382
29007
27701
8623
6701
929
13677
24767
15130
31685
23681
23623
6262
3344
24766
2671
13213
18432
4865
12725
19939
27178
30164
22661
27093
27251
26843
21257
29121
5507
9071
25410
10104
20087
17032
8024
16722
18390
28128
4654
22643
18631
22613
19002
3149
21121
8079
19092
32614
14850
20196
4684
4443
2564
2424
11777
31270
16685
8105
1967
10908
16518
5034
26825
5689
32302
20845
25224
18976
20560
7623
4226
30046
25682
207
27006
18031
13903
12167
4743
16899
7368
14526
26687
30466
15510
31028
12918
13261
31011
6912
13819
8391
13530
9263
6322
25620
30172
22702
19431
12960
17141
29546
28898
29283
19662
31413
27580
20964
14180
13292
6257
30972
6072
31318
22069
14045
31177
32080
23820
20818
703
10663
4501
22857
873
16966
19238
10382
3817
27665
16414
27865
27054
12560
3191
25611
25763
16080
1691
11701
30886
25606
22137
21978
13884
4470
727
31990
23939
25107
26858
16702
12904
28264
21028
19754
24857
28470
7245
12081
1726
29535
10197
24275
12900
11522
105
4829
29241
6632
29636
19689
16639
2847
2760
15908
26555
20452
6349
26964
10157
1991
21817
9753
16517
24585
13136
26994
9940
16457
27726
30596
32449
10847
28595
25239
12029
20873
11743
31586
8185
11461
28894
5768
31574
2173
14213
19298
32669
23401
18110
4095
15408
25266
25888
22121
18816
18771
29891
3882
20865
24261
24402
13583
31835
8411
2145
17964
5475
7403
14849
20000
31817
27694
16274
26011
13970
20329
8921
19229
13641
11725
16211
30976
8946
31516
8136
23736
19904
18702
23074
4954
520
2035
23936
20315
26868
15001
26247
19354
16252
8560
3576
28577
31122
8428
9608
2344
9629
26411
22252
16091
9257
5336
14643
8286
2013
27983
20568
30605
12717
20994
11032
16136
32081
3355
4865
25071
4597
12131
716
10474
11058
1378
22252
30829
28221
26568
27751
17466
8030
27403
8677
23591
19364
12882
28422
30241
15064
27026
1529
6513
15791
10998
13131
20286
11331
21381
28668
15443
10436
2815
23000
2083
31339
775
1540
13578
5296
12679
25048
19926
7869
2641
5612
3206
3874
31746
8054
24146
12234
13356
5075
26859
7726
28340
16995
29955
7112
21624
10394
25104
17099
11573
27732
1869
29457
26793
20585
9730
2901
17140
22402
20742
17058
2116
2347
28034
13835
15281
3369
12535
32413
9574
4365
16515
25490
3074
11273
21856
31943
7486
13571
2733
22897
18895
16104
14449
32523
6286
12099
32733
21651
13526
8974
27857
19957
15405
5575
20642
27592
3879
32455
14875
25400
10632
22736
11969
579
17833
18405
2395
9257
20253
20830
8626
18973
26771
23099
8598
11329
2302
24505
11041
22225
29684
7715
13376
10142
4436
6635
15214
16319
26668
16121
14787
15747
16602
2627
30254
21162
12913
29086
7679
2772
8030
32211
18088
22073
25931
19190
15556
11419
17475
25331
17496
23673
16663
9834
11865
23174
1793
14269
26479
9561
3208
7271
25593
4454
32675
2191
3409
4397
15649
2268
5201
19889
22344
32396
19734
9004
28605
8640
30723
22017
26788
32282
7177
5106
12551
7562
22054
5523
12412
21861
16940
29694
5634
27064
24772
1737
3629
31451
7858
24117
9347
29001
24923
11688
21541
23470
15492
14942
2994
29506
13660
8795
10344
14934
14013
4004
11404
26924
6831
11182
13580
7436
27950
26391
29284
32148
19501
27028
10430
19536
2266
15915
31581
4747
28196
4002
1851
24932
20602
2359
4337
22564
19158
12177
18904
25806
19707
17911
28782
29432
24315
5056
20475
31962
15867
7690
25460
12965
13882
10671
8095
11286
24144
6517
10360
22602
6068
31877
30164
8148
30849
24863
11076
27917
634
16267
10044
3755
19275
4435
3444
10389
31250
26799
20623
9974
15901
7233
32507
26512
8949
23298
22296
3412
26012
15485
26268
12847
12052
8507
14646
27430
22560
30590
23153
21157
6735
14386
11996
3348
21045
12320
26728
31660
14076
26981
6673
4489
11036
18722
11968
32512
2662
13686
18288
10034
6471
22441
17552
5089
31051
20138
32425
23427
18144
26044
29249
11669
17501
9068
25343
31026
13890
17606
14864
25060
21697
30920
9160
30394
30334
28695
12429
24475
22676
5361
31985
29913
10200
32611
9502
29961
12129
31164
1911
19731
20552
10561
6780
9861
9900
12066
23022
12333
32761
21933
3892
21734
1642
7618
30974
21682
17869
16519
5672
29705
28039
31068
6113
13681
29655
11282
16140
20815
32351
15191
10470
24573
13280
9077
20202
27164
23365
11581
15858
21292
27619
19773
18590
21082
29439
826
14585
28056
29328
19930
17754
10995
7495
1696
19593
27681
5069
14877
7459
10330
1868
20581
19520
30826
25904
6593
24402
10499
28719
5027
19793
18263
27270
31199
6933
23526
13702
30743
5891
18325
2640
3959
30699
30465
12253
1187
25393
24594
21057
27118
7723
32211
24368
6605
28363
16001
3009
13707
28542
6114
26482
31806
23123
13783
8300
3577
3936
30517
23817
28483
23138
11473
20116
24776
15267
20186
24912
24399
14369
7276
11707
24556
29932
22881
3859
7287
8656
7787
794
1084
30516
28512
14103
9460
19266
3028
26141
8181
584
11757
27791
32677
24158
11123
13540
308
29258
11559
25000
9867
15264
28758
22723
9343
10286
18093
5118
331
2710
18511
23235
30525
16957
27685
18724
28591
6756
31349
18464
10809
9365
3511
23329
25637
4673
5540
26312
5155
20903
4239
21741
3646
29175
28408
14818
9231
4792
21855
24312
5425
25191
12374
22085
25589
28769
20186
31652
25174
22019
30435
1788
2863
31503
10298
5062
31659
31057
395
16841
8445
25475
31675
21288
28242
29551
28539
27551
12036
25427
6430
21770
18705
30345
3751
27943
971
30055
23591
8348
9937
8293
14918
5948
1341
24189
4895
30086
18719
10968
18769
22382
4907
1446
30034
26721
17070
27726
3335
15491
31175
7367
10642
20283
12755
10309
24428
19185
29737
6425
23731
32278
2824
12242
16837
8549
16077
31657
26637
21353
29545
21020
2845
27968
14867
27096
2045
5278
11066
7388
9923
12053
7358
5596
8804
6803
2143
27875
25290
20268
13942
30525
7463
19993
227
20116
20104
513
16966
21337
17581
29816
17778
11878
10520
31942
18718
5601
16996
19433
27614
22883
24536
31197
5202
31065
9020
30746
10653
19883
7403
3423
12313
32668
28202
16046
7754
23282
26040
18839
32272
14934
19111
5050
11808
4861
18793
13192
22452
25480
14126
30281
27778
2601
8046
1891
16619
17928
20417
7385
5750
26597
22007
19730
10876
30206
9317
29148
7461
18227
20605
15536
17555
22888
8098
24632
16476
26411
22074
29454
24894
150
32004
28615
14606
11127
4267
30256
26354
20143
20380
12759
29648
27864
6677
2509
21254
29227
6271
32171
23388
6560
7166
21459
19510
11606
27974
31992
13071
9782
32176
20705
17698
28372
11917
2153
362
19861
8890
6347
11981
14871
20085
21532
2709
8653
14702
29465
15135
24554
10017
27683
23255
27777
6500
15240
12132
1770
24892
260
24863
24423
12789
5768
18122
1031
27250
1081
6527
5323
2241
30140
9446
776
31730
5297
18347
24588
18474
27773
22575
32516
12531
15181
16766
28190
24022
21592
27778
2794
11564
30564
18806
13830
10545
16779
3484
27130
21338
6975
31027
14689
14825
18316
14756
30794
3006
30877
15356
5341
7792
3458
926
25410
6812
23856
22842
24766
17021
13001
26105
12831
1725
24350
3834
24923
23947
883
9474
7796
4078
31106
15471
1950
29017
31938
16750
15524
13695
30952
7278
16776
22632
8622
31445
29802
19653
14292
4081
6826
25729
8037
25137
18769
10136
11068
30869
11437
3372
16838
31843
29500
19158
16138
8988
24524
11834
14310
29870
18143
13534
667
16875
31572
22076
10380
24378
28228
13333
9538
30604
1579
9481
5812
2962
29000
19813
17093
28974
30534
14908
5647
26407
3611
12985
32735
4384
13873
13235
20352
28619
25027
18818
30397
10586
27531
15377
21921
13878
24730
16693
29569
17908
8583
10557
18749
28805
7883
14795
194
1964
13420
10978
19923
7349
26841
31295
17418
3685
4885
2285
19993
13101
11288
14100
10838
29602
20339
29202
4215
26930
12082
26828
25753
21775
32518
23110
7048
880
6820
12914
13370
28409
27496
26950
27292
14455
20798
22545
1938
18129
4802
30991
29240
9020
6310
17723
26223
26029
30804
9316
29845
17812
4565
9091
11923
8903
17650
25932
9757
6844
409
259
8245
32252
14210
17297
8689
14804
26897
1751
14975
2638
25983
4930
11878
2144
28213
16288
26638
26722
19320
17202
20867
31941
5195
28162
31606
20739
11665
15222
13701
28882
17523
29478
31676
12189
18433
19435
23899
1076
9756
17720
16601
19651
20371
10926
10538
3841
18316
30186
24638
2217
16934
674
10954
9262
5724
18672
26954
9643
1837
4589
19015
9240
10233
23170
29141
8900
24623
22651
14945
24319
21029
21981
29353
9751
10567
22138
15628
18311
4980
15298
29700
30570
27045
23260
14321
13622
19408
14582
2584
2726
13324
25049
6379
14072
17653
3264
8587
6745
22354
874
2699
30110
2805
32622
7159
21044
24291
29135
30868
9818
5301
26832
15466
2445
25406
2057
25728
3396
15470
18107
25575
3550
10870
26721
2553
4057
2093
25479
7651
32068
6323
10975
21345
22391
16980
3218
31945
12545
28847
7124
7755
994
25111
22715
18039
14331
25657
2641
20479
28098
17407
32488
28863
24890
29877
9901
14842
31011
12907
15488
28135
22125
9114
28931
20076
30707
15882
19441
18729
18022
29426
14258
9400
7303
26210
27436
4915
8090
13790
9691
19959
31767
4683
29220
7848
23202
12560
25062
31094
8509
22645
31059
3230
21693
2894
15358
26931
11898
6110
4148
10526
14923
3574
27792
13924
4274
24669
970
6055
339
13684
25296
26096
16811
11034
13592
20395
29694
4558
9012
19699
6801
25363
32679
26896
19226
30489
13815
17726
13941
15769
12291
14512
22680
32257
9623
12757
25801
25297
2622
15578
16911
21573
3415
21360
11238
26164
24683
22991
19254
23864
14270
27899
23430
3855
14628
26182
12397
8769
19734
14358
12106
28931
1541
2024
4405
4956
4590
10645
310
21638
27183
24532
27316
6039
13721
1537
3120
28513
4294
1821
8755
28054
12461
17941
16004
27952
4979
23367
8095
23567
13189
19266
7267
18404
28899
6861
30731
12879
9407
25644
12895
28740
4934
20894
10283
6323
12222
8490
6129
18024
26321
5531
24283
12592
25384
30922
499
25149
60
4891
22422
1995
24425
15434
25894
11268
21317
26984
17664
21281
5423
23584
10414
17619
31019
22335
19293
1249
5101
31860
26769
16146
1843
14163
2839
10829
26712
22944
18492
9983
29990
19659
15164
7357
2797
31927
21757
23339
5073
24511
21501
540
24168
16379
30857
13562
4997
10687
18737
7529
15950
9061
31608
295
6805
4685
21712
28470
7525
28961
6085
18494
27610
15198
20856
9773
13366
12816
6991
26400
7474
24029
9451
24454
16274
29252
6746
30594
24060
30247
14990
14226
20234
21895
12814
2159
19870
16528
3564
10804
9078
31701
23287
9921
25088
1500
17713
17250
7535
13789
19332
13740
24078
14279
23472
8104
15316
2436
27272
5940
22585
23934
23646
15525
10825
1634
20924
9393
20727
20516
11349
6541
24499
27203
24634
30546
22847
18254
25937
10149
19646
5543
23812
151
18702
13703
16438
2762
6743
20546
10619
29398
1508
29900
3976
10730
30770
23932
1000
31159
22855
17169
18929
3977
31557
24819
23031
17079
22335
3771
9407
6718
3147
4852
11062
21929
21721
4899
15971
32052
26179
17670
31643
15664
28325
17690
22772
4265
9454
13919
22012
32583
7991
3935
9386
29298
25428
14445
24212
26041
26025
24363
6755
30325
27199
9039
30084
5801
31768
166
26145
26413
28351
6745
26960
32012
7714
19311
24970
5674
24740
8339
14686
298
24431
7959
7782
15502
18695
32058
26747
4384
4645
12198
293
11153
14530
28733
24405
31073
15730
8725
27479
19710
18163
14017
24322
3376
9222
30931
30258
29620
8061
24478
888
7976
23190
20545
15631
31783
8583
28641
22034
18868
28250
27445
14317
15580
3579
22344
28690
1943
7056
3962
9709
18160
17928
13512
11545
7269
5111
12878
2004
30353
6561
27402
28080
19720
21844
29923
10892
21379
9724
1258
27075
26685
4081
28895
16803
16796
17427
27127
4897
7956
7449
21724
4554
329
1830
25334
2045
11635
1437
20713
11096
7
19255
28255
5488
21140
6227
21255
13509
30954
21389
25822
18933
6530
4241
5037
17711
25882
31026
28114
6123
29088
19638
29252
20184
15441
26996
17362
2070
5922
5282
8619
6566
1375
29800
18723
31775
19346
28728
9396
19874
13990
27490
27715
271
24140
3555
6821
3449
26270
3966
23650
12760
1282
14607
23481
8446
19538
4123
3556
10701
1082
24747
26013
12198
4065
6491
3808
1828
10187
11694
6131
2827
27390
29348
11172
32123
2915
10639
16594
2410
6512
11554
25390
30801
13060
29899
31043
28708
6546
25155
11188
19848
29570
3427
20933
28225
15572
569
1821
32745
11015
9563
20171
9960
2105
12923
26502
4512
18831
2364
13625
19432
25815
15428
25535
26300
10604
5778
9962
18482
8282
2834
15307
14256
14275
17007
3885
31325
15746
15145
11619
5077
27917
12263
24388
32545
5280
14350
6259
29670
5528
22162
6884
3036
17437
27405
29595
23682
27139
14606
13495
22801
28914
31155
4272
4270
30661
11130
15069
7395
22321
5204
12601
21584
22951
10747
21350
5534
10875
21638
27378
16053
16453
16187
2266
9263
18056
11172
23628
7436
19089
31461
26289
30375
12194
24908
12523
25832
11856
30762
26075
17084
25386
8673
30247
14018
12443
29759
10554
4168
30738
7434
16268
28789
28255
29916
2595
5063
3937
13361
7002
20417
29918
32447
29921
6365
5298
14598
22277
9416
10796
23591
5425
31950
20149
15353
5045
5267
1458
29530
21191
14597
16300
27331
10951
27534
6318
11552
7624
32142
21999
32478
25163
8
26289
27461
2893
23452
27753
15368
29061
9397
3616
3866
16871
3
6937
32452
21868
11052
16564
4085
13845
32190
22418
23257
29998
30313
3066
8620
14032
10347
25980
18897
5801
7499
29140
27422
18943
32458
5905
27003
8947
7447
20726
19627
22787
9538
23968
19049
15059
7155
7529
14007
11565
28764
10765
20083
6982
15212
26891
4139
15427
32581
7502
5938
20987
31473
15373
11507
17663
26192
2288
1158
16856
10837
15732
21633
15247
26994
16272
17169
30579
27729
11161
22601
1558
18117
13667
27321
19865
18688
9385
14915
2345
4358
28846
11562
25034
20578
16165
25452
1107
6679
19022
5202
22714
19673
29283
27205
16018
28029
32306
20707
29394
1455
20235
26962
728
23267
3036
6356
28846
4494
1947
26012
27787
4245
26340
5601
18333
14597
18660
17712
1029
17926
30581
25606
9764
26890
25226
21918
11029
30282
27342
8200
18554
13683
16264
25211
22908
10908
21442
1516
7437
27516
11946
23519
10608
21722
6968
8062
14588
13380
31505
3304
13341
14852
16556
715
7323
18256
21683
25141
15903
27841
27308
8359
18419
11527
2264
16492
13321
22490
18267
9000
7999
4403
2718
27316
30433
22717
15602
23593
8047
9606
19318
31035
30881
27131
27194
17353
25257
5139
25508
24497
10424
24010
30483
1769
29891
465
2755
972
12423
10372
13553
9649
30667
8476
24639
25538
32741
15142
3929
8716
6271
21556
985
19666
10651
28114
19560
15911
21205
24507
32294
8636
4072
31309
7501
19190
1652
11579
30993
12611
24831
1666
32458
1711
23353
7582
18516
7346
25476
16125
27062
2892
30131
27572
16899
20052
4882
369
21374
19726
31655
7856
26369
32763
3256
5938
32416
10485
26766
3243
23433
20859
19320
32700
6958
841
12818
27936
12199
28459
13510
19242
14161
30228
15508
31599
30652
18538
29967
1216
32708
4005
8104
10587
13565
22040
11311
11617
20565
8462
14999
24971
3572
28953
27130
17945
5223
7335
6364
23052
22270
14550
31412
27285
30578
1162
9897
30413
27339
2492
921
31654
25985
26901
13663
15394
21218
955
28502
22979
23475
30571
20505
20802
16410
8392
10893
12164
2236
6130
24610
4809
21282
23387
12373
19495
15713
7382
8570
13623
13562
25841
26296
3598
11519
133
26453
30574
32631
27787
19251
23870
32260
13361
12443
25912
30147
29998
28474
13794
10868
32338
3177
10687
3291
15457
17586
17094
12389
26913
20111
29203
17423
12466
14964
2013
4740
16670
5136
24488
19845
30769
10449
7355
10382
9099
6054
2773
1719
1779
3592
30492
16344
7406
22075
5462
16624
17808
6865
17755
3016
22419
881
19658
22995
18342
3798
22780
26201
23047
19994
23862
9172
4692
25909
8483
24731
21919
29889
4993
7869
29376
20736
13594
9008
1263
10783
12278
43
25746
2492
28367
7888
6739
18855
18629
3086
2166
26597
5459
3270
15977
23547
15490
15660
10909
20841
5980
16241
7829
27508
13476
15775
22845
30248
21956
17092
2940
10398
14343
12114
2828
23675
32264
19654
10122
24249
19819
17544
21961
15786
29898
32274
9580
14393
11762
10325
13492
12916
20560
29272
5782
21319
1958
14115
24337
12170
25346
8411
18878
9791
20465
1838
11945
21012
22000
3314
14687
13360
9763
16648
5704
31787
21322
18055
2615
4446
17904
18454
10304
16734
16613
15002
6602
14275
2543
13074
11492
9006
2749
21438
7389
11146
32284
5255
18702
7569
32110
27291
19963
28562
599
4952
13467
882
12473
1643
11251
18930
31971
21305
234
11055
517
28030
18520
22639
7399
11571
28512
27418
7899
1462
9728
29959
11505
14373
22502
26105
8041
1290
10117
27242
30062
8510
8041
10119
12545
29191
3527
30843
12083
21636
15961
4336
20631
29771
1640
10451
1527
30032
22315
5464
5446
29961
19023
29503
10966
9935
23767
18005
2763
3976
19494
12861
30416
9347
18778
12400
7176
20899
30428
26499
7495
10944
25653
1961
3459
19530
31780
20600
28293
12079
6381
9200
2020
29695
13043
19129
10804
26959
23945
19884
12923
20827
1542
2197
25060
10991
10519
23095
23992
391
29274
5521
27529
2229
31272
6240
15793
1731
5554
10981
25595
21145
27983
3304
13471
26850
19732
21501
16756
23659
25510
32518
11617
9675
25420
25337
30228
5705
14664
21732
1527
29178
20328
13614
8800
29994
3032
16415
2569
18685
826
18338
22463
11094
4344
14922
32094
19960
18905
7060
27388
12524
31955
20844
13925
31778
13857
27378
22216
7259
30869
17533
18607
10053
8494
11488
11828
19176
10477
28653
16242
19522
14565
27192
7995
22830
17554
2590
26633
12683
7787
25093
1334
27545
15034
12260
11375
22438
5292
32263
2918
18155
27044
16652
32199
14769
16085
5938
24430
14520
25872
3283
20183
24024
28378
2606
29653
20457
19650
20074
7815
13793
1010
7128
21128
25916
13059
31097
4711
20385
22806
11712
32599
29634
4896
22168
8487
21892
17285
17065
27252
16736
22505
28631
19741
24328
8514
21260
29431
22350
29234
19768
28354
4418
30613
29078
31068
19099
32598
304
3893
3929
8582
16293
515
21672
32687
1322
21175
15110
3685
12751
26543
15272
7455
26116
29485
17690
4165
9307
7688
2855
394
16527
19105
3576
14972
16326
1049
7296
15705
3603
28097
22039
20517
11583
18130
28516
15865
16585
22111
16001
17054
6955
21383
21082
21595
12383
7663
6486
16394
4514
23152
23354
19313
22136
18444
2634
20944
5872
24871
12209
3767
23337
7411
30498
2842
9237
25901
7616
24743
29053
5127
18491
18263
26949
3685
1084
8516
1010
20043
30980
30906
25193
29078
2896
9360
12537
8427
30847
1721
15260
25326
11510
6422
6010
12212
22980
15502
1455
22650
3458
32353
29518
6039
21629
18361
15014
23727
9240
11139
2500
10538
5483
18044
4665
4324
13104
25999
26141
13094
24288
26206
9811
16342
4377
1567
26127
23786
31043
4777
26518
34
16499
12750
5701
4343
29583
13036
25045
26319
22708
7871
24285
30578
13268
31097
20632
18881
16036
27413
32745
166
22453
16872
924
4679
11488
889
24047
32639
25832
32658
4945
8078
3163
6551
7785
21519
18873
15383
25946
14635
7384
10913
5190
9741
11655
9689
273
4501
28018
5578
31847
12113
4422
11902
13312
22697
9493
17100
2594
5721
16379
14706
1640
24101
6914
22628
17347
22727
3907
23139
32702
17453
16206
720
12038
17889
28620
9155
15145
16841
21347
19032
19870
2320
19930
1353
19462
30052
29310
31170
27057
17506
16836
14960
29284
18254
27183
5340
12889
15112
4212
18679
8072
23611
25309
24309
10277
3032
31723
3935
19050
6083
22591
29028
22934
31692
25530
25457
5174
12000
25060
25089
28579
20608
13706
16565
15564
19059
19372
31143
2613
15032
11670
1788
26432
14783
32332
31416
27820
20697
26411
18646
11867
13548
14286
30617
31320
6507
15663
10781
2328
12165
5134
14641
768
9629
31383
20073
32552
15099
25919
13678
24415
15297
23279
22425
11631
31008
23652
5568
23970
4555
23254
29776
6788
7852
471
19868
32235
6103
22655
32373
23349
1468
32198
16635
32465
21152
1073
10674
1793
20558
12465
31449
14813
17929
8392
16887
31900
6854
7149
29622
20495
28568
5170
31220
30318
15980
6692
26648
9815
20726
18418
18850
28436
9195
26578
16135
12829
2673
22945
23739
21981
9684
31689
143
5561
1402
7016
4413
4943
793
12207
23617
3323
12071
25736
1515
23968
24978
14459
16307
10661
17074
12754
14540
23869
24700
28411
31996
24556
9208
5679
13738
8519
15093
26705
313
25339
18939
31513
21652
25616
31361
24177
6922
20847
14688
12575
2141
8098
14728
26789
20757
12764
3825
20581
15642
29241
30165
1033
18562
16198
6685
26914
18088
21188
29465
27663
15230
1449
1907
1057
24356
5480
11622
17149
32697
20082
6955
29505
13681
16381
23476
2666
7399
23812
31645
29173
2997
11919
608
27588
29507
31540
3016
5572
26076
2014
5544
20685
29191
21965
21964
3785
18452
478
11312
19481
24053
10509
1392
14388
1359
30264
16768
20881
10193
15654
29341
30920
7621
18119
2179
16116
21220
12989
15329
29531
11631
4636
19978
13393
27515
8046
28909
1881
27277
14331
27463
15502
3430
31303
19735
8513
13344
11739
18515
17892
31354
22600
473
23334
12401
9066
28328
27232
16656
30954
4432
27952
31624
30470
11175
2147
29315
8853
14526
28185
26038
31301
17171
11043
27061
20264
27400
25520
16908
1647
12692
17193
8587
10357
23353
9049
17633
24831
32566
11985
7021
21698
5885
651
29264
28709
8679
4813
21959
4937
12583
22352
7352
16198
28669
674
21130
10424
31788
18633
29498
21371
8877
31017
11691
7090
21669
28584
8254
20494
26773
8463
17315
16717
31696
18099
30703
27392
2099
27990
26606
6546
528
27464
14010
12678
4715
465
11148
31744
16745
11732
20435
7303
9477
27564
13187
5129
26629
29274
19376
29983
15660
10722
8027
11667
4786
24818
13964
2336
6641
1477
32673
20856
30561
26183
7909
12172
11974
15226
23652
12807
8104
1048
9214
7451
9732
29306
19387
26497
13121
29112
5214
2235
29541
1554
6205
31901
21129
3214
7247
8203
30347
7651
30599
19204
258
6294
1120
19424
11639
5731
20666
10197
8146
20702
32740
17600
30482
14682
4858
24610
30785
18442
2929
30569
26023
18022
7152
1394
22079
6352
23393
14667
8551
19320
11849
2621
13019
26237
23124
19722
23268
19797
30773
11891
28365
11630
14252
14077
19863
16405
10728
15349
7406
25496
1552
25010
21083
20391
7197
4890
23738
26880
27114
4712
495
30796
1678
1836
17621
18499
22505
11666
26487
28439
18045
2792
23939
18192
25471
19291
17147
23155
13614
11521
11054
18089
7524
7197
23527
23197
3691
25758
18660
29798
529
7400
25481
25126
26367
11735
4822
18994
30790
7169
26519
24179
13115
30268
24794
24332
24453
3425
21670
12348
23924
22863
20714
1926
11925
12082
2228
29712
27779
11525
8611
17994
8703
32341
30111
6863
14915
24136
7367
3216
31380
31455
21419
21039
14871
7544
4540
19113
19429
15511
25601
15672
20321
23269
24587
20600
23242
22393
17194
31944
13324
4951
4577
32243
3036
4150
19352
2064
28419
27783
1681
17318
25082
24754
2077
21780
23224
8611
11536
29488
3272
19589
13938
20783
15262
16333
20087
24517
1835
1403
22961
10636
26287
12956
26757
20138
17871
24596
23772
25519
30695
8346
6170
14268
30113
6148
17748
17898
6343
6085
5054
21993
19029
25780
30050
4072
22227
2575
13848
1973
23777
23999
32434
806
2580
6621
6263
32695
6656
12150
1235
15220
19350
13963
15692
17690
16561
8028
12216
22393
31723
2279
19117
1052
28853
24747
11834
28972
22951
12209
21716
11922
18708
14541
18579
26204
10210
19490
14495
27746
5784
29668
741
28969
25785
24162
1550
23559
4689
10563
20401
4232
4045
29199
31431
8977
12303
20466
21088
16579
194
6845
3221
20130
31979
9006
12734
1015
19905
16497
997
1011
3519
22246
31354
14996
16887
15397
9799
205
32169
7232
4519
19425
25620
17480
28915
27664
31884
30226
14142
7797
3277
10554
25410
30255
28047
23913
6297
24767
3419
25044
22833
18865
5532
13829
29434
8575
26105
26590
30177
19378
23010
4827
17922
14410
3177
25751
7705
11360
3668
19090
5690
32266
17008
11569
707
18303
21544
23558
16270
21883
31829
3922
15211
21733
2136
8904
22477
944
22375
28052
28867
26879
16932
23452
8490
22668
8308
11270
5922
17738
24974
30970
3262
10057
27218
27817
14592
30938
11741
18318
19716
3829
13402
7155
20859
20695
1050
25272
30811
4847
8424
19792
14037
6395
5526
30988
15240
879
15324
26524
5364
11286
13923
24787
7217
13819
20764
8618
30688
21642
15318
31880
19299
3571
21264
20160
26185
31951
27403
28507
2060
21766
20772
31513
3071
12272
30561
8626
4482
25530
32330
22625
29816
27148
4346
5539
10747
6632
18293
31293
21838
14550
828
2940
10514
10046
31263
25280
26813
11285
25427
30268
7753
9147
31428
24311
22569
5668
20140
16406
897
30775
2917
13150
13974
7283
14716
24309
32644
5848
8710
6248
2863
6149
19767
14578
14459
926
20272
1788
27584
17904
22297
22752
13944
11480
13424
21746
10043
18400
18080
29377
21998
5036
2774
8602
55
29845
15376
14414
18995
17555
14711
4661
30572
30816
9966
32115
12293
8154
31723
24186
9784
17834
29829
11473
12291
29219
6351
11539
10525
21868
20069
3130
12591
23778
10308
16413
6721
14264
26847
20792
7026
3808
27247
29100
7149
29743
24970
1414
10776
19644
11767
68
29455
14985
11713
15254
20048
18789
18058
11105
12728
25360
6434
4873
8622
20129
4952
8176
29086
16165
21520
3386
26793
13705
5526
13524
7834
14778
4658
12724
9500
12042
5885
30562
20779
18390
14578
695
14537
23653
24648
2020
14578
10516
7680
16823
6097
14256
32698
17946
5940
30756
21964
989
2878
19540
8085
19893
18779
2888
4623
5764
889
16269
27812
17114
25462
9432
4163
13244
31444
10477
3250
28325
23220
29631
6182
1739
26626
15065
9489
11171
16365
25596
2619
167
16538
15114
28948
8791
2585
16162
32329
31870
2968
19213
26773
21942
28886
7385
29146
13358
987
195
30320
32683
22247
9051
1724
1229
19112
20194
16133
15764
17583
6135
20868
802
10789
15731
30394
3267
29370
16273
14343
24618
26591
29266
18551
5886
25653
3871
24543
7573
10053
2480
19497
20223
4465
11310
11500
4678
23594
16020
3392
23796
8804
15707
20432
16086
19783
25430
8496
23296
14632
2779
25713
29201
9911
10787
19955
25016
19578
28403
8315
15735
7290
15740
16517
25767
4668
5761
4572
14781
7410
10423
21351
24267
31219
4465
27974
6986
4969
4220
25886
20246
14153
13128
27824
5818
14985
15177
16049
1262
23693
17309
15829
5470
32482
27119
2606
15533
1326
32411
180
14778
29031
19
22821
3106
4164
25985
22031
13318
18929
31918
15146
7950
27399
24354
32236
26285
31163
17037
25688
17319
27478
10341
1559
23249
19941
12497
25545
18200
14897
5318
2205
1221
8689
2927
27167
8704
20031
7891
31314
22674
8777
13234
8191
29935
30281
18607
2380
11891
7863
12469
3216
21740
29628
19603
2918
30553
27883
2025
3073
26609
9516
7496
31935
16743
23288
26005
22016
20845
16588
13998
3640
3191
12759
5456
5187
28353
7926
15929
17401
28307
18403
19081
2307
25540
5290
29550
9197
2173
9052
14592
17787
30527
24070
28778
29761
18983
11492
32075
28782
16241
6355
14940
2537
1852
29189
21842
7327
7820
20216
8710
10011
23445
30633
10451
12119
3895
4357
29759
27089
24517
7328
25054
22242
16650
8361
31348
19019
11662
3102
5466
4369
1301
11068
19235
10636
13417
16442
31614
16826
2649
5174
27230
28633
24066
5232
14425
22836
27213
20406
14926
15165
697
26655
29771
2780
1371
19708
15278
7687
11811
20748
17546
5011
12128
28911
7756
27977
13190
24029
25502
4157
11311
8344
8587
8027
4705
26783
14820
25667
31759
23461
17635
14935
10978
31041
13839
12305
30777
26343
18527
21147
17006
14359
30114
22425
16219
1748
32030
6473
22556
28760
15736
6351
29207
18950
26068
31434
18746
8864
16956
12843
16260
25530
10054
19783
17863
10095
16625
6443
16812
5714
18641
3887
5367
24999
26476
16590
10764
11732
17635
13748
10674
274
3285
28697
15896
2664
27008
2894
1814
21722
14889
10389
9140
15070
2238
7734
29936
11791
699
7375
32188
10021
31050
16108
1095
21029
11438
14039
22653
19157
26337
3762
25553
32115
10620
11970
26170
32678
29400
7694
1147
30133
24179
12585
2984
22519
9365
6988
3558
11403
15667
5543
15474
2376
10771
4345
8933
29175
11313
9567
10166
26304
26722
13417
30208
14051
16183
29043
13445
27561
23588
17459
11764
24473
16353
14734
20071
21998
18961
30384
6704
9801
1570
25179
469
20644
16244
30847
14169
3463
8381
31756
26813
11902
25260
31492
967
25290
19916
22740
26370
13399
5036
21220
9222
20718
17213
13165
14073
29612
23675
9867
22358
691
18255
26003
17901
13599
12724
11430
15404
21820
6426
11910
24732
29430
775
31401
25774
6800
10500
2444
12216
25497
7095
25418
15163
27676
8525
5229
1127
5144
21275
25860
14049
3375
16004
1526
29891
4770
3357
10389
24549
23933
30735
13430
18523
10511
2749
3969
9278
23453
30887
11332
13488
10072
2702
21132
31770
14219
26330
22071
27064
15897
14648
12356
24152
29991
32135
11820
28254
26902
29173
11125
1292
7860
29797
2436
19712
27059
20245
22963
510
1882
14461
28067
4080
20858
2682
16852
9003
7588
29867
30322
3572
7321
11803
19058
10051
19970
27169
19678
1735
23649
5253
14445
16937
30024
6372
11607
3989
29129
14678
15719
29047
25389
14413
32338
20354
22504
22977
5703
8439
27853
32650
30407
3108
32383
25869
14775
7979
3880
15898
21684
1540
13421
15637
5798
25029
8609
17492
9112
9505
8760
18121
25287
6703
6271
7137
4856
30061
21643
19115
30991
6661
22383
4157
23774
29519
22195
9556
18491
1942
5121
1850
15445
10271
23840
18413
20808
25191
18471
10621
29678
5805
32746
2230
13816
22448
13497
23295
25662
30650
1354
17282
22356
26333
29683
909
12894
18045
15388
19000
1061
22031
7157
10057
32362
7455
26212
9556
14202
30360
28994
20263
10754
24896
13254
9317
26405
14722
10561
16752
11980
16496
19468
16012
25149
5128
15551
2626
1264
31926
27044
17155
16285
13339
19052
21518
6554
2317
1056
22932
23652
1247
2394
4121
21884
30178
2740
21277
27252
811
19329
28412
13129
11671
11963
18963
3827
25101
4157
10532
26171
259
15922
4859
4301
32580
9934
5970
4238
1008
3644
31987
5935
10180
24791
6940
2563
14747
30108
25127
30733
11317
21727
22378
13918
4408
22334
2141
5790
17780
12500
14586
27624
12907
15535
20842
20955
18705
7299
20189
27117
6608
159
15290
771
11727
11297
29432
24383
1396
2406
13003
3097
24616
25285
17028
178
12634
4989
12210
30308
26310
17643
26254
12190
25591
3073
10646
8431
22282
31475
11383
12384
19126
31539
22064
32519
6537
928
28277
28889
9844
32507
14929
26304
32394
30362
19472
24302
18437
21856
2652
28528
8842
22252
12966
20230
23726
30481
23240
24626
8888
30086
13800
29327
2728
16863
8351
11876
8569
25532
14426
24185
23972
13121
513
3113
6885
30150
25559
8633
833
13007
30370
1768
2376
21822
29195
27591
22424
27847
14407
13771
22946
9125
17655
17185
16817
15499
845
30785
12328
11486
20337
19398
24586
10017
10019
17533
31936
10673
19873
7612
1303
26034
26315
1525
24457
4681
19845
11146
957
11
10589
3043
23889
182
1902
14527
19414
30495
31363
1991
25628
9068
1664
24681
22192
32643
23294
7139
8100
16323
8502
11166
25486
19441
24864
31166
7635
17525
16860
14327
1062
26566
10576
4258
17227
27683
32531
28176
31009
8580
5769
19486
4063
28624
1104
18441
24222
1360
25307
25220
13080
18788
19037
10248
10415
26484
32745
13164
28849
1578
8151
16053
28634
32478
18281
13871
21786
10578
431
445
3481
4000
31655
30829
14841
7792
17321
12879
2267
9582
6146
11400
6820
15356
2272
29602
21121
24099
29038
18470
14504
21968
3135
29037
20961
17469
9968
12979
4165
24493
14601
5741
16710
14684
25125
988
7408
8118
4947
21219
23151
28871
26555
21014
28112
28915
28805
29459
21260
31207
30710
4373
2626
5583
32732
1478
10564
23241
32557
85
9813
6810
8939
21193
16433
15009
5706
10645
10062
18441
5653
24940
19554
7234
21326
28502
30757
9649
26901
3844
4184
10406
27082
11104
11782
3215
18294
13673
26890
2412
7015
23870
31953
18819
4379
24952
10849
21333
30816
26813
31642
20432
17080
6547
19388
198
28674
25713
14634
31646
11863
13340
25710
31818
12595
30769
8316
25721
981
15869
30779
15117
23272
19349
11585
16335
10594
28963
5086
26465
31917
1151
28765
21365
25605
15103
14726
6973
26401
21903
25704
30754
20501
21252
7509
10937
19575
7341
4653
11251
10688
24875
12768
32404
12534
4483
1326
13542
25992
13426
1201
32430
11130
1025
4126
21343
6337
2392
27336
3214
30193
10967
24933
1190
12821
24675
32021
3549
19934
510
26528
21862
513
25755
25855
1768
9434
14640
1567
17456
4949
25100
30945
17699
8462
12907
6501
13302
21431
19528
10376
6561
28091
4210
19371
28304
3104
21730
14775
9116
23474
21836
14685
14139
10590
4596
21667
10995
20956
4291
26012
27925
21649
13466
24694
2727
3507
7910
32443
15778
23470
20341
12240
11102
13254
30344
29378
26442
27134
11561
32065
3552
12345
1982
21485
3032
4256
14047
14289
26012
26435
10853
3373
4861
7939
27331
8057
17188
13743
7322
26278
7371
19309
25223
12711
20141
16732
4416
23088
1082
11127
27103
26046
4752
6589
20093
14295
29095
31887
9475
14739
21963
10329
23613
6747
32080
15476
18224
3569
1665
29003
17070
11184
25049
4541
22823
21270
13430
9155
22722
14719
16074
1107
4012
1331
7060
31364
8880
6563
27406
1522
12809
30960
15976
27748
16500
24237
22390
19116
4233
30694
4262
11471
27722
23649
308
29030
2813
11555
12705
31812
2359
31798
29793
31833
10042
25002
14036
18646
16768
25050
24183
6546
14232
2289
1628
7853
13617
24492
12503
15219
4469
7521
16763
26755
14488
15168
21316
304
21424
19673
16150
39
8903
16862
26214
28498
15662
29994
5687
3837
11285
11523
5705
30776
4953
28828
14477
15996
23709
22238
31963
21649
6300
12904
7399
14510
2749
16085
5234
11235
4841
13117
31165
30900
27033
24062
14915
3335
25139
11708
4007
27456
10134
19366
16620
13994
9971
11003
996
24345
7392
12749
4843
12237
30887
24326
19157
17818
2532
4520
25892
12358
11343
21849
8830
17203
26070
22558
31071
22845
10991
28007
7436
4070
15660
16972
28872
15793
22543
10006
15177
10187
8225
4609
11885
15088
2110
16192
5930
19341
8499
4674
18883
8482
1931
7220
7746
20715
25509
27591
4386
11199
12298
2611
23628
17208
14846
18812
7237
18964
4181
18419
21925
21467
21640
19713
28363
14274
8712
25376
29135
6864
32722
21290
10936
25919
4164
25814
30191
10021
29487
2175
21236
12372
3629
20008
3920
24446
12085
19902
7627
27805
15724
25756
28126
12945
27710
27733
22379
15371
9390
20141
28332
6059
6378
6888
21610
14181
13859
72
22127
24361
26779
20945
29757
26307
26112
30543
7168
21248
29176
28570
13250
2578
20733
18457
17118
10037
23915
11653
20407
12691
29399
31215
17833
14949
9123
25605
30528
9820
27855
13201
4264
9791
23570
8002
3685
8917
23594
14255
3140
8197
7024
921
146
23356
16559
12656
14219
10511
25142
537
8981
22050
29484
20719
21167
3912
6948
23816
10148
5355
11249
14265
6532
15791
10684
31836
7892
3154
6484
13648
3589
23767
2244
4674
2723
27875
1579
21419
21199
17255
30920
3994
239
15231
4181
13236
5540
13978
16022
26745
24061
14812
28465
14793
2538
31424
29120
10406
1779
7938
18981
2619
29481
13244
23325
22557
15453
8143
7961
21970
16273
5508
25417
12176
31916
18291
14585
30278
12914
25764
4384
7393
30386
8181
13878
23240
7873
18107
6215
6056
3112
10924
8006
17527
12698
25341
30627
17843
25641
10439
3359
21227
19641
21167
10208
28545
3508
13254
24512
24750
28927
25006
23019
17606
12845
9727
1193
12222
14579
7912
17784
28907
22492
21274
19806
26124
25406
15585
1917
32651
13421
4244
21992
23040
27950
16944
4277
4343
3951
3648
31572
12019
15669
2560
9247
24243
13525
32449
25137
16819
23911
5263
25980
4086
30584
4114
3350
25859
17919
10162
30676
24110
17298
13310
794
28184
14298
16207
11249
2425
16709
14504
1626
4381
9978
19937
16099
7469
1810
12549
23159
3504
13573
19704
10362
1105
23650
11613
6934
11107
15300
7606
31183
28194
3073
17357
8798
1596
26532
14676
19388
656
18078
26824
32637
11061
25144
12699
15711
26302
5452
6033
32035
1212
3253
363
667
4485
23556
19139
14341
5940
19060
11575
663
28657
27681
17609
17755
3443
23412
13190
1597
22978
9954
10342
26979
5442
18134
19828
30396
21997
12267
24878
24028
3040
21855
32559
11271
12057
12229
23563
10379
31359
7161
30843
19283
22562
9817
4026
442
25285
5682
17710
13725
8346
19833
21835
19124
23372
20668
19893
1570
14658
2903
4260
5194
31779
9195
10125
8421
2197
29964
10495
13649
6987
32314
13771
20780
20286
24851
20839
28962
22842
16070
6548
30723
7325
2507
8511
11801
32092
8146
29349
19128
4934
16377
31931
15382
8845
12609
28621
8541
32130
11587
19813
11007
13216
25375
12142
21834
12748
9910
2713
12604
14299
8217
28672
12184
18261
3904
4618
8761
28536
30720
4238
26535
6784
18999
20539
29928
16422
23114
24887
12697
8551
15825
14598
23101
29062
24720
17326
23764
4180
26026
4120
25520
14767
10513
7098
644
20041
30017
371
14782
6571
16686
4022
17430
14713
2682
2539
25191
2551
8172
6418
6590
15308
28702
12202
6065
30470
12405
25809
12531
12127
28758
2732
11813
3518
27799
1033
23278
4865
14132
7491
2893
22522
1860
27750
2862
3767
17707
31892
11324
10503
10000
18600
26103
18489
29074
18712
15366
23079
12470
6432
24270
1908
32036
30493
14915
22289
8596
9271
26366
11014
13443
26434
12689
31343
31274
14054
11287
27844
8880
20222
32271
14942
14495
13631
26218
30263
21397
28954
9186
9458
25404
31459
14222
17691
9851
9778
13747
11439
8942
2954
6366
24543
12436
13624
19247
17681
28104
4990
23032
23080
12147
31729
1927
20229
16767
14368
12095
10573
2959
26486
12270
21869
28141
14434
20570
18652
27331
15540
21021
6560
28559
23883
9907
12052
21201
12525
31442
28648
23046
14966
3065
4457
23514
21045
31820
27651
21146
16019
6303
30980
29416
16373
17617
23970
6834
5092
603
10048
11365
13164
17704
7405
10845
20673
2728
18990
9889
22569
26400
9981
23245
30741
32068
273
31823
29841
5127
2656
8406
18911
16050
12515
18184
25183
19251
9113
22388
25523
27320
10446
12743
22303
18557
10653
6722
12598
738
5812
7019
31923
15041
2647
12291
11429
11518
19368
18745
22991
2656
5925
1309
28494
415
20594
10583
2684
12222
345
13849
4629
27290
18959
9554
18584
6596
9912
10789
24048
4492
11822
1177
17492
9310
11774
15762
19564
24146
18356
24320
19637
7934
29529
31830
22566
1423
2873
7998
18452
25368
17642
27786
7507
10025
15241
5486
31902
31396
28487
26861
19000
31948
24100
6546
10452
22175
6651
2912
24499
6246
32703
15883
27660
5514
29700
10089
16816
12969
18625
4643
32494
23017
12372
21680
6068
2444
25030
29828
15352
12485
21073
2436
32086
20170
10271
30142
30715
2091
19029
17751
705
9826
12880
19140
10907
13739
25134
19261
32052
13590
9361
20335
26323
3290
31135
27762
10114
16108
21838
6394
9071
1488
4830
25297
4754
21936
16807
6277
21392
29611
12052
15198
26080
5999
20976
19858
20268
19210
31456
20668
28666
31997
28209
2187
2955
30866
19156
21943
1795
14448
25255
15674
9163
18285
26615
28604
14644
9123
5186
25935
12637
22470
11329
24924
19798
16053
1317
29405
29829
9550
28450
17613
4937
16007
10538
21213
19678
7610
16891
22121
1153
11073
2651
32682
468
18243
31906
20269
13443
3789
15738
9092
23336
30501
6627
20283
4460
13147
9850
19214
2415
6176
25594
22616
29803
29147
3331
10191
24212
250
28954
22639
578
4230
242
25268
22097
23291
28649
17420
23496
12630
3798
32396
28346
6255
17410
16610
7786
20617
17524
19083
20658
31528
29298
24646
13478
21283
1348
25800
18548
11001
24123
27057
30351
9576
12018
19647
3596
23612
21716
13633
6732
26982
3550
1487
24027
1613
27302
5689
29848
13673
8605
18877
24854
10765
10129
21885
2371
25220
12662
19248
26183
10336
869
15383
27567
27407
12517
2098
27083
10415
12906
11701
28500
22819
29723
11446
28242
3943
16856
21288
10301
17696
13436
1292
9571
1144
1119
21734
15241
25640
25888
110
26581
2518
20129
9609
32748
9890
22354
17271
32343
8700
947
23630
28203
26296
12052
19111
14825
1636
29087
8087
24995
9945
10137
7393
23648
28176
32229
8041
10434
24631
10186
3564
20710
25604
8694
8175
25996
24906
9922
4341
13432
11722
14263
5109
15896
15435
24657
6923
11878
16877
5636
18286
23824
17850
22909
5538
6358
20094
32042
6639
16948
8920
13564
24849
31042
20370
21356
18737
25304
26670
22460
26388
18677
13761
12671
19347
6754
18437
23899
15691
3474
7337
16142
14997
27341
20715
23727
22457
16782
4457
24374
19806
3369
15412
31807
19269
3248
26919
11531
25399
21016
19575
22216
8252
19608
10122
18450
7694
21074
15373
12217
13517
27957
30017
28869
3316
28450
15253
30647
12172
4429
9850
29970
26272
8935
115
8474
496
2810
20843
27868
21481
8596
25420
17518
31445
9255
29901
18040
19024
18736
3724
5363
26875
14103
11868
9009
30324
25174
15584
9502
19845
5854
345
965
13979
12470
1980
31510
7802
18406
11528
17638
9520
21395
17878
30007
6471
2155
4913
27578
13119
30276
31145
32402
9532
10495
11939
16987
21243
20659
20467
4971
17930
13576
6573
17495
12857
30688
11831
5561
7756
27453
9379
23345
1266
32351
20796
29098
507
1580
31839
27359
24517
25813
31629
4637
6391
21687
24765
11850
8818
23167
13303
9510
4485
8850
27422
25553
29280
19884
5134
12430
25292
28870
25831
18886
17689
19518
9895
30288
8023
32306
11775
27375
31433
13356
22111
10524
22422
8197
13140
15110
2242
13315
27667
28888
3165
27205
30038
826
13306
7009
7526
16154
12643
10315
7801
7852
23435
31609
11071
29615
16324
9540
10680
1779
21298
6034
4168
20760
22656
17586
6413
12440
19921
9607
16240
16648
30458
27369
15354
14234
22510
24136
29290
26855
13177
13714
1540
23531
25138
24151
2091
3665
5547
1068
30002
19953
23530
22093
29552
19352
30493
20614
2194
19207
23945
2899
14645
5182
30148
22342
18101
2554
25380
10153
32575
2428
30327
4197
21550
30604
5876
23330
10900
7870
14194
30640
6678
17140
11224
19365
3582
3620
29397
9544
31883
14939
18385
21934
10379
7426
4387
13859
8492
30561
32388
7372
29712
12385
27587
1162
17823
23446
23483
27680
17313
12668
8067
12441
9740
23809
32228
26340
12826
16964
28432
30914
29599
8861
16528
2274
8346
16861
13695
25161
23306
28887
30454
30456
17667
8479
26823
12745
6912
26129
13934
8091
18555
1813
11332
13230
10939
1826
12534
11088
30190
17793
29494
21690
28791
7124
8112
15669
30857
7510
13120
2689
2037
23396
15714
886
10816
21309
9962
3052
6393
26886
20725
6105
29257
5137
8223
22969
15820
8286
18422
12339
13215
10594
27311
5881
31163
12808
24856
7920
19329
32246
16078
12689
16277
4113
26288
9103
8176
29251
17299
23225
2097
10876
31032
2851
15924
246
8571
20352
30950
31678
27084
8403
2392
13168
9443
28999
6674
25921
9392
28250
30889
26179
28817
11841
7572
23525
11208
19592
26171
23993
16428
14842
13649
25723
8478
17344
28004
10830
15039
5581
31154
24648
24929
15481
22847
23857
21819
26987
24612
10632
11872
32701
9002
3271
17650
11099
16791
32745
27026
1964
328
10536
540
6517
28928
17675
24209
8186
1280
8352
23125
358
25048
2310
7579
22124
18812
21551
4893
22831
24218
26340
26128
15199
12843
23562
7255
10149
20297
12579
8439
29250
14656
7192
21195
15603
4071
28213
27513
4631
20017
10357
21156
15123
22271
9472
12643
22006
17464
31218
23026
28249
11292
31070
22440
7562
20693
29331
15145
30185
28239
6301
30429
15761
6730
12815
24481
15419
27310
30208
9660
8288
22046
14932
23060
16286
719
22333
21410
13917
30619
25600
2339
10930
25425
12541
13072
13956
28240
8938
18897
15597
19028
21343
13358
12002
29839
6807
14854
791
24060
26229
3907
25885
28144
709
2829
24525
4850
14021
24382
1770
21964
23523
25622
25602
8930
20937
19505
10901
15811
29591
21685
30586
4862
29295
17872
8061
23607
14647
22370
20813
19065
15770
19958
3734
10958
25168
25591
16490
14605
20128
21281
27365
5364
24355
4661
17425
3446
5066
6897
12807
13910
7970
19519
29783
31733
31447
15533
31914
10601
9592
4381
15014
5326
28025
11197
24338
26081
28030
18234
23099
10955
7639
21041
6550
12090
8006
7911
18598
18870
8969
15161
6432
4915
5140
1238
22094
15586
26015
19883
18353
30797
10976
9375
9962
9635
23578
5761
11483
15440
27862
31550
31241
8657
6000
9048
24132
25287
470
31123
17291
586
8077
27890
16426
21375
29941
14049
5157
4461
8141
20916
5593
10508
18681
13136
20961
27039
25475
8232
25143
3908
23777
10860
16539
23498
8822
12668
6201
12738
8283
30115
23174
26073
7518
5122
7019
14949
6219
32458
30885
14653
2667
17839
4204
24526
13131
17049
19282
20843
20926
32412
32111
997
28197
25386
8891
6748
6638
2951
15035
25172
18523
19070
1888
9995
9349
14419
13100
20235
2208
23800
8854
30715
31360
19075
29872
1210
20828
15328
30471
20911
26835
3011
4298
858
1324
6113
26927
9007
19682
25696
19731
32421
31584
5004
6113
31882
12553
1483
9140
23705
1147
13779
1216
5454
14613
9498
5102
17401
16055
27790
3270
25362
24264
17799
17042
15052
14974
7930
12480
16364
32345
4847
27273
21724
28401
20533
11728
8443
13042
19540
7501
29240
32357
20931
26090
23775
817
15963
21357
3506
19169
1548
6232
572
23975
19919
19725
7010
23201
13019
27190
15931
25948
4636
16996
30498
3223
25569
16118
21257
3657
32725
25661
25360
7397
23856
24798
7766
2524
9006
11383
5646
31075
7617
31109
12246
888
27266
32389
23109
26143
29166
23129
28611
11506
207
6126
15262
29144
5624
5404
21850
6933
14389
20685
17992
14979
26754
25698
11610
29214
1147
11346
21813
454
11540
25620
28808
25153
1418
14656
28828
4480
24218
6641
10797
29731
8688
17005
15481
28735
4578
19976
28310
9566
12638
20293
30472
26055
26657
13119
24979
21760
14122
29767
1870
20370
4463
24527
19705
12
11470
29575
7056
17738
24390
5573
18208
19959
23655
11562
22490
3409
26375
23427
26982
27948
19255
24557
5242
24890
13430
25661
5802
16265
13348
14750
11394
589
3129
18556
20946
22240
4662
14241
23625
7687
15964
3742
9285
16759
15132
22381
12266
664
2256
852
5234
9864
2472
5900
451
9059
2535
25123
11335
12994
6223
17823
2296
28033
17113
19940
4026
21702
2986
9176
30702
27710
10819
6468
9028
18858
27896
21630
10960
15771
20131
24389
16993
31097
5273
7404
26126
22218
2269
27579
1553
9137
9364
30098
9433
6325
16057
29647
7002
23492
4882
27250
30632
13432
13667
7807
10692
21913
17633
19364
29365
24546
29673
23836
18907
520
14322
11731
11393
23032
13761
5067
2993
31584
15836
15038
19532
16242
27968
4613
3418
16869
18006
20920
10398
12092
22052
23319
8557
18506
14784
30760
30145
16118
6155
16034
1418
20540
25499
6666
1092
16244
30969
16668
10446
5847
27917
6764
3962
20799
8150
21581
609
20782
26463
13298
7161
18706
26350
24531
30697
30919
26238
10578
26139
25694
15983
6559
21523
26653
11133
17881
24704
19910
7919
11894
19729
18205
24336
11748
17034
29092
3043
14960
6935
18345
23571
32616
9952
8834
9769
4476
7901
12824
2561
17002
14828
3490
20095
22491
6177
16819
18302
10631
30813
32631
22537
27296
27682
20793
25806
8814
32165
30761
19151
6199
31781
22365
11867
13921
25212
4117
13885
10458
3060
13123
1843
15032
11099
11339
5026
14109
14426
18695
4999
20830
18178
782
14513
22628
32168
28214
29486
14674
7411
28759
23043
5479
20019
9810
3104
28455
11252
6738
7570
12981
14548
12114
25851
7556
14481
26080
15679
18734
8038
24096
3969
23972
2968
15123
14670
11912
32076
19225
8983
18391
16539
6581
6885
11723
15848
20113
18248
21504
9329
32194
18064
4053
8997
19788
20032
2581
9142
5097
24256
29655
15342
21766
24402
674
18758
15887
13895
30677
27317
2284
12659
14150
19654
26572
21214
12586
31725
24097
21948
9013
12571
10987
32672
29954
19600
10298
4588
13236
29425
17390
28556
28894
154
30146
19172
2208
18229
22153
28678
4883
18827
15543
32553
1255
27035
546
11095
17227
15593
22282
20837
12045
31513
18007
31528
27395
15036
20259
8934
25001
28778
14200
19211
19979
25617
31835
15901
19430
4236
777
2802
13066
8568
28544
4385
16898
835
17473
12726
23543
14725
12117
30762
24018
28564
10382
20370
20129
30547
17679
6166
28476
10826
25614
12453
27944
24828
6361
18663
15547
29812
30231
3955
24193
32290
7761
4163
5087
18917
15793
22372
18166
11881
20745
11250
10698
16307
24086
30532
20644
4090
263
11364
19381
29369
29497
17346
1019
30210
28485
7977
24425
1557
5692
27121
28738
28465
14897
18807
13254
12714
12792
29130
9232
23612
6702
29351
8511
24735
10105
20648
30164
5723
28177
16056
31323
24542
17024
3018
7246
9676
6054
6347
19510
7318
32255
27348
5907
2126
10281
11685
28414
29370
6304
14927
26381
1959
23757
30256
26231
2943
31039
7716
5880
8222
27448
20986
4727
19426
25451
29733
5095
30465
7684
12724
12139
21280
31721
18053
21949
24865
16703
20917
9936
2364
7473
20058
22452
31057
24300
1141
12219
15740
31726
1570
24794
18155
19329
3346
16209
21740
7042
19515
7310
29770
615
2510
18767
2266
4737
5482
776
5457
21117
28303
20612
13656
7985
12117
4558
32227
23190
3934
18258
14270
3088
4873
21568
10344
22006
15080
16433
23845
25678
18293
15373
11343
14552
25856
28204
24813
30799
21484
18875
17543
7403
24859
30050
31544
12842
17063
1315
26116
32208
11475
2950
32620
14892
13121
17907
26176
17822
19045
26719
2741
27478
32057
19499
12727
10590
11058
1608
17024
6107
25203
10400
4714
21904
10818
12977
8961
7587
20920
30075
1629
27300
5820
28317
23983
19147
14642
24251
9753
18817
20079
7970
18371
4642
26864
31407
6955
12290
26700
3565
22716
4014
1384
29309
9891
9588
28394
14779
14558
23845
2544
31390
14229
14105
11009
30432
24494
13940
23364
7007
4508
1192
32239
24516
17015
28219
27139
18786
850
7371
19511
5473
4809
12879
25905
19995
11481
10655
30716
20422
3317
8247
31927
84
22101
27959
27530
16023
22162
10671
13279
19625
22128
3610
13262
14731
27898
18728
17368
3596
2261
13249
10969
16620
9166
1606
3640
13890
21685
29466
12897
19995
13166
19041
8053
18020
17221
2823
32319
29706
22402
1284
16747
5983
9789
28895
28402
20416
32116
8305
7641
29301
20059
11500
31771
18648
755
17948
28900
31161
20958
1772
12031
8706
1138
29483
19346
24727
25356
656
11529
22912
15271
23804
26192
29770
13997
11264
21061
22954
28172
9631
877
29796
31373
13397
23525
31083
27490
24664
24988
15178
23549
24093
8896
19650
7209
26142
15990
14005
7763
14811
26062
17731
8232
31262
26870
12338
16742
12932
9390
8851
31979
15929
25595
26018
14355
27139
2592
13039
23616
30594
6346
29115
11962
26038
26251
25509
23226
8897
6537
1158
25025
2798
14968
8601
26158
22771
29637
27615
1040
27507
20756
2497
11321
967
4845
27640
13716
25086
27314
27050
6328
25122
13013
26581
2492
32445
30535
4081
25677
23708
25140
22993
7679
17363
24813
27851
13025
10754
5414
7192
16468
12758
26209
637
16925
17362
18346
299
9656
9295
1413
9701
10223
10945
12325
15456
12460
32317
30174
3823
8460
31544
477
6752
18356
9874
13079
14624
28520
20947
16255
2470
15322
21684
6012
5135
18623
32737
7578
29446
16168
11517
1664
999
21776
4070
29986
25124
27441
11579
10039
12775
15645
6684
17902
32249
22409
26929
11996
11490
18668
26862
18745
20818
16457
5909
15181
22975
3656
28028
5157
25424
15500
27664
15754
13306
12097
1050
18996
8169
1268
18625
29754
24097
10408
2256
24525
4197
18982
13754
30246
599
12436
15324
27837
25570
6985
12289
19644
725
9440
30251
3763
18384
23691
17809
7821
31332
2474
11748
23491
4214
19869
470
27087
3300
6102
19165
25828
12652
8242
10804
20188
1993
23433
19236
18546
1566
7812
19073
27313
21144
25262
14199
21676
27215
25038
4487
16752
12142
31605
26572
14903
8852
6355
32131
14558
19322
718
6090
20121
5333
24150
22696
8934
8062
17138
19278
24255
20688
8095
1436
22548
8273
25051
743
4472
26773
4861
7162
25115
16224
24519
16474
23032
6411
15934
21711
13903
15145
9657
23327
31318
17002
3385
18205
44
16319
9208
9442
5646
12478
30789
29787
31693
22345
142
24068
21631
13418
15039
9458
24693
10882
21963
31255
4974
2723
6535
5314
23306
4410
191
13413
10626
5617
14724
28571
6293
29395
32707
29801
14534
26289
1564
7620
24772
30405
24816
596
4394
5014
10172
24696
16488
1307
16550
2954
8961
25123
2646
15972
17400
5877
22535
30499
388
16179
29662
16427
16907
22276
7034
2667
30030
1905
10956
31970
13794
4624
26921
23905
7903
8160
11421
30355
10716
30581
18307
7996
10522
24149
29778
18110
12799
10657
13242
10977
3014
16888
20720
6867
30326
7832
70
27502
24080
31686
19454
186
19981
20593
17248
4275
14599
18194
8202
844
26807
15830
21896
5043
10783
4607
16164
5847
2568
14983
24575
2856
13743
30215
26977
21917
21436
4056
31566
20476
26995
120
21338
3158
8238
27951
23998
29136
32523
19186
23722
5802
27874
10375
6621
31609
3706
25578
22132
2999
21756
20208
27903
1918
20647
1834
23002
14993
7110
1292
7611
9372
29151
9806
11911
30397
18222
14227
27242
2626
29777
16713
16678
13493
19013
7120
1963
7446
8849
3806
10729
30311
16321
34
12002
17262
4630
29991
17155
1974
13436
27772
15540
2519
13756
21010
20270
2807
499
4837
24460
6033
67
5086
12325
21877
14536
4088
22042
29456
5838
8611
11563
7150
6977
31590
15823
5757
4964
5063
18819
28436
10182
18543
29026
21555
22387
15498
10998
2061
13159
30317
30542
2883
28232
123
4176
25843
5204
4425
81
11249
32664
32512
22499
13652
23650
515
30190
3125
20986
2770
5635
5811
9101
12079
6380
3130
23914
29311
15240
8454
25201
28018
12246
2786
28103
6374
19535
17206
23759
16393
17785
10816
21846
23998
9657
28578
7182
26947
30568
25629
12094
22032
21802
6300
31159
19202
21627
28276
12810
21688
32395
31978
14840
5950
19276
28662
4650
17128
21193
17478
13859
20609
10425
1158
29810
18597
5716
27615
5932
6764
9829
4541
28825
17737
14241
726
8238
23089
2359
27496
9147
6143
30120
14017
2278
10007
20441
18437
21208
14409
5735
12332
26678
2809
28986
1354
7507
7805
11613
16147
11940
4807
11020
15518
16244
31812
29199
22377
12504
12035
24647
10142
25830
17690
9863
23956
16930
25670
1957
21657
2873
1745
3536
17135
24306
19385
10787
11028
29793
4622
29307
29254
26462
25500
29062
16455
10549
29386
15645
3166
27039
12226
18132
31646
3057
14546
6863
29802
31892
10770
215
2873
31413
4168
13228
11415
10813
776
8861
10349
516
10784
29015
641
27201
12851
10747
11328
8006
29859
21875
3004
11370
22196
28165
29681
4934
9199
24616
29260
29476
26565
3479
5486
17588
2677
1701
4397
32257
13616
28112
25563
12964
16762
14744
24779
1079
14291
18578
17426
30477
8599
31672
13195
32544
12835
19203
20766
22859
2873
2108
16961
1210
8358
17423
20670
28830
32545
2401
2231
12837
31351
25315
30696
22185
1765
24295
29229
9768
16837
1395
32580
27124
28014
29844
21971
2987
25685
5877
1965
8298
18296
10416
17233
13374
27644
32356
20148
27099
19476
17032
8000
17041
32550
7423
13084
8827
32041
30956
4014
25850
12626
23751
2398
5473
8175
2225
14493
8178
9107
20228
16422
3850
1395
23343
18564
10392
29968
23233
21717
32723
8982
15555
21709
20269
900
31563
6142
11906
31502
9038
1622
31126
31680
3766
16873
31422
21731
1204
5616
11741
14884
13400
22290
12178
17907
15711
6371
11440
31530
15180
23723
26095
2543
1722
7528
7137
23515
8432
23830
30503
11100
32182
5933
16612
10839
8039
15468
32626
31762
14664
7125
19284
1618
19480
23801
28780
24000
28904
28533
12142
20881
17965
5053
13205
23142
13076
24856
4245
28785
29973
27884
23760
3290
11211
30524
15308
23137
22275
16495
27877
22852
31507
27731
12863
31331
24429
5729
9215
30114
7027
31555
17339
24463
25997
23443
25646
16965
22649
31718
14641
15760
8931
26121
9191
29265
21814
20362
3895
15652
16817
18810
28799
1089
8893
7538
16518
7328
31614
31700
179
2657
26280
24403
8317
8298
18324
18870
22307
17234
4499
15832
17821
21374
6530
6900
29906
649
9630
15647
1035
6121
12186
1814
7080
26832
3311
14650
30738
1873
29044
14809
8432
27844
46
12975
8350
9067
24169
10157
20442
13142
32007
27385
2497
22147
3097
4661
23547
14410
19628
20740
1842
17400
13541
23754
25544
18107
6737
15796
32457
26814
22134
12537
798
16788
6574
95
17156
3034
24629
29440
30141
15384
15744
15182
32133
32489
29136
1621
18888
25180
32264
4160
10642
11929
10683
25119
8775
12744
12170
7399
7828
814
941
30138
2469
409
26831
18281
10905
4351
18207
23864
21555
23394
31140
23265
15570
6390
1488
26075
4771
9094
29017
29659
8213
22804
10820
25244
5261
4544
13635
15580
17756
11499
5696
20647
31470
31131
10042
31447
7747
32289
20816
19420
23203
25338
23579
27065
1934
1268
18241
21327
28403
29329
25159
26846
17314
22704
5799
24009
23554
8810
6179
30617
1287
20539
28504
15941
351
19042
4758
433
2284
12938
239
22644
23671
30889
5006
31710
16803
14121
31051
9530
31519
6726
4220
20560
4384
22199
4877
1838
32271
29584
18643
6952
4990
27495
13341
28446
11105
26805
27788
14077
31099
8576
7205
20616
4374
5687
21157
6489
29431
14302
8980
26146
14225
14698
16285
32569
10617
4207
1949
18004
25626
26872
15354
27025
19114
4278
19894
18361
27485
7518
31428
27077
8920
21068
11546
13729
5096
2412
20487
15921
18292
9050
4039
21650
2224
17096
14165
16034
20884
22305
8320
14018
23437
14955
27201
6362
10354
26226
26956
24734
6073
1315
1765
23824
23531
24630
501
15686
25685
29712
18013
23150
3841
10727
20106
25359
14052
32039
17225
19346
29273
4116
19933
10240
5582
29617
20560
21261
20157
9953
30726
1622
27359
4301
24216
18407
8092
31365
11487
20736
26053
19434
29774
21017
15749
4043
12933
14371
28309
846
13092
22289
6320
13458
17373
7575
10311
29842
28366
13873
885
8269
12045
14696
821
1316
21380
21841
3283
25731
1023
3670
24480
23235
7299
32056
27370
11599
21218
11861
16427
17414
23180
1575
30081
20961
31400
20238
3166
28886
19043
21583
12417
13564
1928
11868
25381
31471
15186
9302
26232
30070
8574
18128
32078
15971
1443
10198
21271
28347
2758
21549
8206
535
4393
29149
23988
2378
11877
10221
8061
28740
27576
13166
25545
23351
16032
19899
28949
24312
28585
18430
4979
6311
25475
32758
20023
26770
31319
4600
22004
21591
31067
27700
26279
21577
12965
10042
18993
4117
24381
18365
8971
20134
24437
19862
20277
7493
21885
13323
30575
29189
20018
18258
7852
19806
27703
29521
17860
7960
18759
28584
30569
29290
457
27889
20572
9572
7845
10054
22496
12170
20823
516
15472
15298
13890
4303
18605
6512
4422
12759
9370
18655
14484
7513
14091
9955
8641
3688
15195
31676
17690
26861
24414
28990
19256
237
32150
13359
14548
26378
18346
17649
3292
24141
29971
15200
1221
24354
18969
510
31524
19364
2814
19534
5240
14619
12153
19581
11850
29379
27238
27719
17529
6608
22971
3353
16591
1710
29374
4979
26839
20365
32373
16785
24051
6173
14942
9546
25513
3734
29025
7480
24638
14844
8451
14617
19334
32161
32476
31093
32762
30187
29259
12930
8715
4695
22120
5700
4534
4286
6202
10744
6745
15832
1323
10931
21701
7934
23992
9543
28564
26932
109
17766
20925
26982
16657
8202
19301
16882
16414
32019
18680
8551
22132
25650
15481
22156
26957
28935
12566
26021
14964
12934
15616
753
2226
6559
17785
5751
5257
15134
18735
11523
23845
26832
9416
31339
10640
26087
1470
20758
12837
15007
32621
12991
32327
27426
30314
24183
19027
5545
22039
32745
2514
15333
17524
25570
23028
15261
18488
22033
30778
15000
5409
3083
4466
2493
29320
16785
31976
17273
28728
27158
14299
10593
23936
7036
13614
1305
13959
5663
21856
4212
31712
3604
6846
10460
10334
6579
28119
20981
14634
26962
1585
19325
31762
11348
19258
15991
6180
18275
16769
17800
1148
16377
22566
21665
24922
293
10896
17374
26488
23948
2653
430
24986
29358
26015
12341
25702
20842
23877
12782
14454
4036
8151
27029
10924
10215
23655
12612
14021
18534
25028
19676
16433
31175
15856
23462
19746
15682
29140
3386
30692
2246
3379
7584
2668
17469
18141
23734
30771
11281
25893
17617
10821
15599
2708
25767
20884
3275
15071
8301
13203
13604
11287
3644
9472
12937
14368
29113
9985
23900
612
6901
23155
24534
9672
11410
15743
19787
32480
3368
26478
16047
26206
2022
14014
6234
28625
24701
9589
23816
140
24121
14261
12836
21219
4721
14481
31046
14750
24098
14623
8954
14247
31447
1486
7875
16390
2764
1530
3167
12815
29778
14782
4685
26074
3189
18954
32141
23796
21725
24309
3751
27476
20722
12372
6126
27793
13892
1163
20742
22866
31785
4515
932
20741
3752
29853
30101
27604
10389
13062
13314
26836
6398
31436
9202
3200
30662
5200
31760
17255
3472
15036
2991
23841
29406
20119
29451
29575
10874
5783
12497
21028
15126
694
10466
29158
3119
9607
2132
23833
2615
22475
10938
3990
22002
14912
25766
10040
801
2489
22380
30864
10846
31091
12840
23514
21063
1959
1026
17967
29662
92
944
764
7728
8831
28733
8626
32053
6965
28425
27583
18424
19312
2834
30398
23031
3009
14705
9962
31693
25197
1832
13785
7950
24514
21530
4455
4467
5291
16219
9968
27447
22403
10410
28354
15552
19239
27452
19409
16258
23631
13756
5037
3617
10526
9103
21170
10197
1783
31580
8318
17171
6803
14028
6313
13162
13904
14222
19376
26283
29388
19871
15409
15692
13747
29384
15454
16910
6869
24424
16300
1246
29564
23667
29899
7417
20476
30395
15323
5716
18315
30574
19677
20027
29267
17888
8807
824
18886
5771
31900
7222
25394
2901
4188
27366
14485
10513
14008
28002
29618
17991
12457
21265
28516
22328
21249
18634
25395
15133
11937
20540
27941
28336
2285
9869
28118
18413
14461
32321
27339
7962
14869
4190
27396
2309
4568
18637
464
1677
19640
4612
31718
19811
13873
994
25264
3602
5687
31194
18922
23357
2925
21588
7020
5672
21911
26960
21828
1147
9298
26701
28168
29506
15875
13673
21355
2871
4877
32713
14093
14916
4423
5947
7576
22084
19373
17690
25608
23818
19029
11379
12106
30116
5797
30053
31241
5856
22468
18382
13509
30480
4942
22820
11301
10507
26188
4512
10638
2676
19043
3234
500
26431
15179
30801
1776
30320
20611
6273
3603
5158
8003
28891
635
23769
30899
23095
13475
3552
22618
1869
23679
20278
5849
15501
457
19069
13529
16203
16022
13123
21058
16415
4140
9349
9645
17548
10775
30577
2077
21471
32634
30576
26857
27482
30372
5988
15869
32146
31459
3118
17475
278
24733
28788
9307
21073
20380
21921
20370
27826
10154
26157
10514
16138
4958
32030
20310
7989
15669
22223
6625
8444
23268
16112
7984
21562
749
24526
22253
11838
113
5844
11365
8817
6469
29266
5436
11832
31304
15486
95
23580
15859
14265
12603
553
16689
28691
23341
16275
14961
17936
4409
32160
18170
5805
24062
30657
25215
9374
6121
3842
31988
9946
17834
27813
8864
8281
9956
14346
27250
25884
13609
25555
7832
28783
12581
22085
21326
28779
4121
28912
24564
10942
23948
15250
28260
7855
25917
13881
5250
2140
14683
5800
11285
10566
26872
29948
23765
31248
31420
11151
3268
10628
32726
28189
10946
3287
21304
23589
1884
25902
22788
4754
12262
7776
21057
155
32713
27390
6355
1000
23581
24977
22442
4086
19835
32546
4921
25788
27660
13056
5674
6287
20966
22461
5712
31043
1945
15738
9693
2195
7940
10596
17621
6082
28782
28287
9922
18051
11730
931
170
26903
16505
15044
29502
6581
9422
32118
25940
31022
14447
12975
25239
25297
11904
12751
21117
6028
7748
26335
7034
9301
24558
3094
1652
1992
11188
7330
30326
23314
12070
25765
18600
525
3262
21117
28799
9900
31160
27976
9265
922
28195
5287
11628
16926
6969
28099
12871
28482
7148
8590
2681
19508
5057
20556
29896
32236
12257
24145
16581
24591
15982
32268
16567
32532
20499
6980
6101
32165
6111
2978
14520
26952
32083
10352
10255
16958
5305
13728
22421
15019
29112
14864
11584
28920
2086
11532
2747
10614
3869
7445
26903
19268
6737
13280
23742
9330
23968
15266
5544
14694
20203
2443
12241
9087
6693
29072
26602
17145
7081
10094
2126
18449
21713
12524
8761
22377
3780
19808
26420
19885
8079
30324
14036
26231
1400
24106
13476
19056
19598
3614
31328
18617
29317
3084
14948
16265
15553
10129
26211
30743
13489
21814
11868
31162
15966
15018
27594
6222
32068
20559
19740
16859
31584
15352
21860
20337
18058
18674
1107
23894
30725
8513
14949
28260
23125
11307
11609
24236
8528
13819
228
26975
26744
17663
22438
17903
27528
16339
28765
8305
11597
18657
9049
28998
183
29481
21552
30714
10288
13374
11186
23916
32556
14225
11807
16687
25090
30450
408
13873
18426
15444
30932
29338
17319
28881
13844
14071
23927
23790
31321
12440
31880
15903
29908
23350
20925
21902
9886
9690
30994
21528
11945
24313
17708
18328
4599
11236
26933
28009
21513
3936
29926
3622
29595
17296
22245
18100
8078
27420
22866
25219
14374
23948
19612
11024
28789
4853
21658
20655
9239
29400
3031
20615
13600
2631
28973
31710
1619
27977
21397
1175
26005
18304
12349
13048
31393
24585
14043
10417
3580
5284
26690
21786
15404
4117
818
32445
26917
16330
13173
1556
2052
19645
14119
17812
2815
7068
28246
13034
3996
6184
2251
9604
6946
20443
17958
26195
31565
8141
31793
27855
8006
31192
22382
27964
31954
1274
2546
7212
21962
7420
23670
19270
29131
30033
21932
17221
8238
25409
27599
32580
5691
4935
29822
11576
32153
11703
18122
6078
18185
11939
17294
23831
5461
29952
14335
6000
21634
19717
20099
23143
20813
31188
455
10700
25814
604
17931
19876
2198
17790
23745
10100
26262
6510
1623
27836
14819
31325
1617
27329
4925
3157
11674
14223
22031
29796
24348
29759
420
19708
17038
1142
6807
14746
6541
24366
18571
23974
27375
23737
31773
15002
30804
9730
12567
14695
12797
10519
8422
25365
7394
14052
31055
3241
24318
11841
27485
31307
26094
22576
9886
15784
23482
22879
5263
21398
24051
23797
26708
17654
11006
23691
22188
20191
14767
10615
2597
22009
28442
6993
10124
10534
26277
1968
30376
22376
98
26421
808
7423
10652
19403
18905
11217
5040
3116
17948
21263
19742
18600
29592
18966
28896
11554
6188
8851
24571
5211
27175
9707
14675
28787
26300
8666
963
7340
27824
26714
15981
31858
28502
1734
19279
2968
21949
30783
26648
17381
23080
22351
10553
31695
32190
21196
11070
8838
25731
27135
28255
32052
11655
13318
4178
18819
7006
13943
22628
26977
8399
3910
18888
31744
9680
30185
12335
2080
6323
22457
23193
7056
8090
5020
30826
1010
32304
6369
19648
1216
923
28011
11268
11916
5292
24338
30655
15244
9817
25670
3247
5461
15470
28661
22299
26599
16511
15535
355
26090
17697
21257
28891
8759
2394
20287
1241
8858
20565
10781
19469
4054
24922
2335
9233
9962
17406
22999
30529
20371
3223
15503
3277
31762
19699
560
7949
13871
32074
16738
11284
32126
29040
18165
13447
23265
11855
25984
23728
19790
13205
26695
9166
29651
3498
11618
9647
6359
17381
11036
6785
674
30463
25754
2278
11552
17352
4541
24134
20705
15896
32328
24937
23397
6153
25670
13125
15511
18787
17830
21012
11671
19288
2345
21162
21692
15474
24190
17414
27354
201
11691
28967
17856
12921
5550
29985
27653
30291
15972
21871
5637
2259
427
5771
16422
5970
12227
32444
12896
14717
29435
31535
8444
7942
5769
23370
19099
17818
13497
22077
14203
19218
4170
3802
32246
12269
7444
2470
12363
7678
31727
18736
22433
1890
28113
1185
8265
12725
566
11413
6980
389
1221
12841
14597
6663
28208
17493
24951
9481
23644
30589
19778
22312
21954
2882
1099
1091
23573
17054
9593
22576
4644
560
23487
1965
30979
10452
9303
3481
2149
22135
19019
18532
9805
5418
15162
3012
16870
6260
6489
31401
5550
1773
11960
15732
21722
520
9671
26723
18423
24625
11032
9808
7373
19736
23654
31644
28040
17484
10455
13670
17178
6667
1662
22784
5851
1625
8484
10147
6002
26191
26184
2657
13561
10166
4708
31324
14428
4820
9074
14646
27138
26246
21679
28104
2992
31375
1951
30999
10666
23600
15953
6019
1819
6393
2788
8770
10678
11230
6218
1293
18590
16525
12364
15385
8835
16639
25294
28233
32526
24909
12885
30626
24448
7622
27078
30719
8854
24382
32625
14854
8111
14760
10573
1626
32048
30952
1669
14098
17960
28642
564
8043
816
15831
21357
7097
23190
32241
15999
23972
31674
5404
31607
18576
22967
4632
26086
29277
31046
21452
23012
7249
21984
27102
25172
14418
8739
25472
7274
20057
26487
141
29803
22051
18673
30932
8116
22826
28024
19892
30718
28883
21798
23017
7136
29929
7664
5029
30869
28234
31626
13538
8448
8672
26245
15863
5613
18387
18107
1642
25498
17149
7404
20486
14454
27807
28585
4141
22824
18514
32625
25455
5587
13376
1563
24411
9369
27027
1395
13972
1374
24878
26920
25384
21198
28827
32742
19230
9377
13125
4031
4942
26397
5096
2511
5238
19421
2629
8480
9865
14290
24858
18635
13898
21127
6225
23904
22810
6825
14200
32136
21262
9158
9329
21993
17221
24917
21099
25674
27257
8951
23825
30200
16339
9724
25600
25960
18436
24617
14975
23325
25233
26552
16234
5580
366
7329
29040
32191
32463
30488
4991
1911
1339
8023
30075
10645
15842
12957
13622
27131
14640
22903
2973
17966
17826
4926
31279
31486
10457
23265
27828
28522
28397
2276
9003
18110
17411
5801
30724
24062
3106
9967
22159
14471
11586
30616
30133
8180
16294
8367
10982
31551
6252
17577
26962
8488
25187
5611
16732
10715
14620
21901
29771
973
31300
12126
28739
20455
16688
5928
18549
18662
16570
2869
32146
14850
28492
24593
10885
18637
14650
31122
26977
5727
11605
5398
1176
31664
22461
2316
18543
25925
16118
7606
2222
4623
14142
25388
11932
14736
30
10405
25386
23871
24640
30962
10607
18734
13184
16459
32084
2026
8005
32590
19089
19874
24850
12101
20440
7820
27480
15272
16975
13445
17551
13539
17732
26616
23684
8280
2589
8192
19445
2472
11405
3537
12891
14638
7950
14164
9735
13261
15243
5393
27248
26604
19548
18258
24780
11198
8568
9861
26333
28871
1510
13027
6158
20636
10613
10063
9406
22250
21165
13185
13276
11449
27909
8547
692
2290
18263
27067
14088
2591
5776
31755
5987
23923
4268
15797
7594
22282
13282
1123
6132
24433
3611
4006
19355
23145
6313
17886
20116
27368
31798
14425
2811
14433
20730
12991
8434
6469
12082
22957
6828
18122
9165
7328
9925
32235
23912
32533
19669
12720
9596
31982
20548
12975
31190
3608
13664
28627
23112
3435
7340
13404
7839
1745
26747
1831
26836
12459
24766
3888
1927
5232
18715
8533
23720
10903
7487
23389
7288
28088
26484
28728
30896
10478
25974
2440
3071
1407
28546
25185
6586
7103
21937
32589
30160
2865
10116
10132
10492
24048
6592
954
9534
15181
32380
1352
7819
11706
888
31696
23492
32743
10928
31531
5093
29994
12593
30469
11135
24868
22572
14236
26216
25250
17481
3012
25008
17857
26429
23599
27096
20822
10143
1003
319
908
15095
4652
10973
463
26137
22860
19763
16361
6065
28432
16770
8811
4382
557
25404
8271
4484
10506
13240
10203
14108
3528
26153
19145
2767
7040
26577
30116
27140
4299
14450
13941
17078
7048
9990
22175
21961
25049
18095
19464
29598
7279
12273
17785
26341
9736
25119
22088
434
9269
22803
1332
211
11617
11042
17040
14690
4111
17232
2468
17558
8035
3007
12624
7646
10468
7278
12274
26417
30592
16928
22154
18335
2001
29081
18204
6189
20894
31504
10838
21215
19109
4578
26739
30742
1687
31876
26975
24092
6245
187
8220
7934
6330
24591
25956
6298
30152
30845
26000
13048
28744
23916
9656
24798
27068
31970
25628
3742
26616
9464
22466
29491
29152
32139
4961
30604
10611
18997
3966
10280
18185
2171
8149
25827
23000
15944
22522
17168
29117
3227
9024
21959
5690
23164
5082
20608
11963
11316
11584
14305
16413
31421
11733
5333
9072
8056
7110
24030
6652
10270
6453
2732
25219
9977
17303
1518
13254
21332
8794
29032
16458
3632
26827
28742
10076
7992
3896
27568
30547
15863
1873
1438
9493
15177
4052
11758
7389
24335
27498
3508
20539
20007
32460
15569
25948
3228
6697
30151
27531
28697
29132
15307
14584
5796
2554
10012
21944
13704
6681
19348
6158
21651
11032
28028
21993
18818
29962
30885
20397
1978
16404
28084
14390
6201
19594
14782
32283
19915
1621
11285
14895
2433
1944
32353
26446
9055
11923
8946
18262
19285
19143
19796
6515
30321
9562
26916
1440
11346
26814
29475
24938
18656
11150
26761
12791
1594
8888
16540
3912
25328
16097
9344
19643
14451
14597
22865
2772
5577
21086
4207
5692
12933
19336
4633
14346
3575
22242
30270
23362
3744
2615
24463
11163
13800
5022
27865
4486
15380
13726
21650
12139
10354
20118
24242
17462
14806
28508
12484
5906
13130
17701
8252
20596
24834
23205
32523
25692
27022
29815
5745
29144
16211
3262
17426
15305
17980
12813
27981
7913
429
19844
15561
10509
24249
5180
24144
13736
28308
10214
11489
13201
9547
10926
1792
30726
28850
19046
15697
17136
15262
1760
20325
22632
12629
14235
27348
21371
21827
5282
24716
5674
17135
18098
1128
31413
10797
17051
11013
10778
23444
29672
14801
15320
31026
31426
32100
760
8063
274
14868
11342
6800
27366
10947
4605
31629
26134
25084
26681
8805
7463
16703
10065
4032
4463
31384
22252
4918
24698
20598
7826
10686
30893
1979
16239
8297
297
16400
23380
20304
30963
9851
11519
202
20817
13875
5532
22755
1911
31667
9100
20746
354
3597
30308
7178
12805
12929
9273
1596
18595
24142
1051
9722
28540
2760
479
28758
23979
4011
24354
1548
16463
30639
1418
19638
16105
860
20047
10303
7941
20000
25338
26778
19229
18847
7021
16308
16570
842
32036
21415
10716
26675
16314
16688
9628
31519
31407
8803
1040
12509
24680
28061
31087
26327
10871
16571
3189
10215
6941
27785
17417
13164
14349
21629
22558
31388
8819
30374
27095
2076
12341
12255
1774
1486
10873
4168
31830
21738
21863
21495
15391
27728
9520
21482
23195
28956
17487
832
26303
15739
20239
19625
8651
18878
26701
25628
23086
11181
2943
24776
28067
8222
16373
13132
13985
21190
4447
19498
26866
22606
29072
1657
8609
3753
26497
10971
11802
22438
12185
7855
20109
25025
12587
5000
30611
29503
27969
19165
22292
27514
19096
16898
8296
28281
25323
23126
25532
28355
13684
20927
29880
2421
25265
8019
9311
26771
21860
2136
21046
8092
31965
367
6312
13921
31867
12300
6313
22038
29809
8233
10394
19626
18374
572
27244
23124
928
1382
3337
32111
19393
8685
15599
12423
28754
26604
2078
20148
4319
9801
14645
4646
28836
32232
28120
24834
24583
13598
27732
23661
24421
24425
31878
26085
24337
11614
18425
3800
16538
30946
1358
9839
32077
24989
29409
22955
5627
3500
25769
6580
12285
25238
26976
15470
884
19074
19172
2892
32469
22951
28126
13417
17318
26627
21665
20949
24706
29520
18773
31532
27747
23860
29524
5486
26401
22968
23508
21770
821
8699
9671
9788
15555
16168
31999
28569
25048
421
150
25321
28656
30861
11405
20532
27323
32097
1715
12064
4128
10234
4808
21114
3459
16066
20963
31250
6723
30500
20753
14028
7047
6721
2879
21748
13627
25061
8794
16594
27733
8633
13236
6526
15965
4282
19370
26102
21036
18153
15492
8302
9716
17220
23708
3047
24192
3574
28611
2051
7101
19147
16352
22296
30330
20454
10458
2691
2924
5302
7096
2367
14197
3366
23815
25782
26917
17684
636
28630
11138
20485
29659
19560
19972
24855
29463
25245
19940
7991
28603
30442
25751
2451
10632
21014
24469
82
26208
12178
9566
17795
16227
26120
3007
2644
18775
32310
25425
23685
7245
11261
23620
2076
32385
23989
10330
16729
13955
21956
32310
10988
18580
623
25047
3174
9043
2032
22112
19694
32665
12488
23834
1589
30625
14422
26043
17324
6508
9129
5097
16884
30819
7315
32250
17045
575
766
18686
18420
6950
10371
17919
19839
17686
27193
29831
20523
22151
7371
3683
15136
1100
32462
167
3250
17083
9553
30194
18324
16909
5813
22003
1096
2568
1983
24108
14042
30939
28395
14326
31950
10569
25091
12230
1879
1033
29169
29102
30154
109
30930
28455
13393
22595
3659
21005
13028
13049
5664
8427
2165
3076
7426
30841
22123
22657
30633
32355
82
12317
22563
29004
3025
32051
19820
31251
15580
30773
24894
8789
16938
29261
18474
5171
1514
13124
22504
1877
30386
28322
14316
32558
23736
5143
57
16002
3908
32537
14970
5158
7781
18895
31055
25864
17636
18222
31205
5999
13942
26722
969
17283
7733
4463
31486
19727
24913
8472
22605
19078
31235
12288
31708
23876
32451
19215
3586
24343
10683
11543
25178
2302
29819
15287
4374
30512
7150
19328
14998
11872
8333
28503
10554
1600
5842
22298
17780
7492
23536
391
4129
14760
705
17753
5913
15284
3328
30131
6148
1343
17592
9666
17776
31346
18940
20383
25121
32718
10457
25202
9896
6512
2953
31709
9528
3988
23785
20632
8116
15449
28462
2136
1036
26308
31443
4342
714
20230
2517
11469
29672
20482
8995
16484
32229
14858
19024
9037
13080
19177
10124
30796
6467
26407
27602
20668
20331
30856
17763
7983
17895
5590
30834
15701
15544
22496
28705
2335
31768
32707
23468
23843
31573
21096
11236
26691
27104
19790
1248
10377
20129
6282
30703
3414
12686
23052
6608
1212
892
20003
18726
30760
14389
18756
14630
31812
18122
1799
5267
14363
1067
27250
19692
18303
3060
4986
27108
7335
11146
28103
27922
9501
871
7352
7658
13784
21170
26791
20972
676
8467
4462
1307
9419
15045
10793
22193
29934
13037
25150
15889
15412
24618
24475
3069
167
1901
3647
3081
28890
10507
2300
23119
13007
9232
32635
16741
6681
9175
15744
13452
2366
3031
14191
14890
607
21952
16400
23163
11035
5575
19343
26243
18352
6461
25543
11079
29027
21351
12735
25916
3107
3210
16501
2048
16233
1861
23771
11848
30306
4131
14112
17946
11088
11121
10544
19772
558
21837
18046
12780
30354
2048
6401
11217
8408
31886
12156
8498
22141
22923
24835
27750
10697
17455
27067
5515
3249
1965
17633
21627
6907
18113
26638
28412
20387
27528
17337
18231
10622
18837
11517
11884
797
9793
5276
20451
8692
6978
12101
18470
16571
1920
29458
15469
6421
548
3669
1626
12400
1009
15252
18406
27692
15063
5842
31644
12543
15301
22544
21765
4504
1728
5908
1379
20610
4402
31849
14497
14668
19076
935
24203
5351
20206
13045
5179
15695
15502
27595
16851
5229
24248
14589
16498
25149
9102
15861
7264
24108
4048
11071
18316
26564
9461
23628
20537
12938
28026
623
28660
26919
9082
300
1737
3015
9599
24498
22198
3519
11672
29606
4960
30322
32427
10530
6661
2421
31757
3070
26034
14833
24400
30286
5046
27977
92
2091
3158
20733
25537
19639
9154
18383
844
12379
18248
12836
1241
11347
2760
5548
21351
19309
10856
26693
20082
27661
21640
541
893
25461
20473
31511
9710
26179
21097
30577
14622
23099
6946
10147
8369
30023
9717
32650
2851
19900
2672
26821
27300
16351
23384
29792
28710
19624
6739
20399
15540
21958
5092
125
15621
23266
14236
11367
25425
7208
16527
28546
13155
17924
16902
1604
21744
2601
27763
20129
8231
18904
7850
25716
22665
13663
5965
23841
2555
1248
23176
26232
15385
11859
8191
19677
28622
15566
23813
11430
6945
11524
16143
21189
5970
29453
10856
4263
13606
3429
4390
1884
27519
18742
13916
11767
21551
7130
12689
5944
27406
13723
18033
14952
17227
12734
25795
17285
9983
1985
25755
11935
21768
8672
21201
12930
20756
15582
25009
16021
31228
29953
20980
4098
23124
9311
26608
8727
26432
30296
16651
32237
8584
21604
7541
11591
19695
4111
29207
21692
12737
28225
22214
14617
7340
30659
9405
13313
4304
13055
22858
23510
24601
11015
4295
25309
7629
26585
11724
29084
8033
15330
163
135
32657
2752
764
29916
22448
27980
31714
1228
9020
22232
8174
9947
437
8117
443
4233
19119
6393
26265
2098
10279
3454
21382
3635
11027
21550
26202
8526
3644
22398
20289
8784
6992
13881
32366
6896
26163
24959
23054
27643
21143
23565
4219
9902
6092
32447
23219
5475
14041
26194
17160
14193
5835
28271
17433
13389
15181
24037
21504
2549
18809
10295
12237
31374
20206
26710
31540
32075
32547
30895
2178
13970
23291
19560
23765
15194
30361
28135
17549
9176
20853
18069
3070
12634
29871
5089
12391
2931
19364
11655
7464
22616
27328
274
18735
13450
14483
26271
18612
19893
11558
13029
10022
9432
7055
10866
7525
15271
14787
14903
30769
12590
23212
6471
17123
4534
3707
14300
2650
24044
7488
8091
19513
3392
4023
10521
26192
3980
14949
10909
6743
4598
32484
1064
31202
2839
14204
11442
20113
21085
243
9399
21127
18093
22181
29170
19742
18509
13527
2153
26585
2562
13640
17577
20379
32117
23049
23379
30230
24283
31375
25047
1925
9173
1799
21632
26782
20885
5609
15793
20674
32323
28624
25198
21624
415
3465
6173
29721
6375
15465
10126
717
507
23780
24890
31157
20927
28508
18120
2922
2497
25399
28118
2983
12572
23604
32757
32578
29852
25087
31733
26721
4642
11779
7268
8938
4938
2943
1873
25915
6988
32220
11093
14620
19488
8510
28117
241
1766
31065
3713
23861
2948
8838
25632
1571
15249
6421
22160
28086
1138
2789
14856
15828
13506
26419
28577
1734
16632
8368
28437
12780
15171
21974
7622
3247
697
21371
5890
32694
28081
9639
18821
18013
29549
10915
3647
14947
6397
23634
7256
2018
9567
17348
32370
23941
24811
19209
27950
27893
25583
24899
13041
20372
14486
9471
31976
9070
21518
2246
15689
29805
10985
9710
732
17868
25796
12726
27067
20429
29479
18579
2390
17839
4013
964
953
14298
25957
3372
6674
26206
26999
9569
27245
6043
9995
20481
15043
18241
614
6725
30003
16764
14166
12248
14735
32360
5841
12777
10266
20939
18393
1151
18832
17155
4002
1548
14439
8509
25847
25926
28501
10216
21210
2354
24850
18282
28267
16257
15711
26129
25611
9504
1863
11596
24512
32011
24741
14107
21723
26978
12006
12228
26841
15038
32016
16328
1416
18885
16131
21013
22123
3836
23040
2685
13662
27869
5735
103
19069
24618
24261
4548
25411
2688
28685
25157
17647
19247
24358
23243
32300
23113
6054
15648
31728
6649
14302
8164
26021
4630
28182
26314
1159
18936
15129
2820
14925
29835
15861
18427
19211
8865
27900
68
32343
28557
24590
28367
23467
23533
4123
30818
1546
19143
12259
12614
31462
21720
512
27457
14402
26152
20519
24516
3604
23010
26539
19044
7917
2147
16194
1934
21467
31633
10764
2935
18319
15726
15313
17747
27835
29933
17035
17095
29630
17668
31012
10144
13187
8706
22400
19909
6566
4387
9150
8554
26073
1633
10427
3463
13447
21646
13784
3209
7351
25504
19454
12615
25906
8524
7135
15415
5352
24534
14718
4322
25232
5927
10481
8085
18319
15392
10341
5978
14875
8750
23396
29734
21152
6942
15187
15700
24674
18739
28991
2130
12645
22390
31961
5019
4490
3150
19646
3557
17658
27216
11260
23963
455
21336
10450
31885
11473
25049
22712
15335
24039
27761
7583
1119
28463
26561
20602
26291
7112
6779
29949
4179
29101
22460
23205
30810
6877
13213
20216
22723
16825
26117
17678
18394
5293
20417
5712
1520
11538
21974
16512
21331
23891
1813
17658
25214
10831
16369
3385
14988
29695
16526
30876
7667
4441
26906
30570
18798
25460
4192
22293
7995
9196
10394
9147
4743
29320
9863
17138
26407
26138
24254
11205
6536
9383
19778
24570
745
18120
31574
2711
3527
2640
30611
26532
3737
6191
5175
22833
5310
24983
24512
19867
18356
22621
3002
23308
9354
1697
13781
13377
12184
18865
18234
23184
28269
13355
24095
12585
15881
23394
30105
21916
22861
5123
16306
24987
9135
25081
26044
31233
3122
8077
8933
20244
7318
8146
27915
29191
2251
20544
8145
9156
21164
7583
24050
232
21994
8231
7381
12046
20550
21221
3682
28496
14852
23136
23829
14859
668
7805
28240
18403
1458
15264
7926
11271
19528
3860
11829
25526
28211
25261
19107
32515
10187
31659
30093
18133
30695
4322
12427
1073
23049
27672
10584
19644
28885
15023
22497
30843
13512
20868
17052
9438
31526
26646
23835
26877
26932
3819
13537
7969
10152
25903
24692
26502
27230
20895
25780
18527
8268
17061
1130
3867
24504
14788
11812
22247
25256
9783
31809
22644
10139
21205
31560
26362
2678
27448
10878
15997
27073
23582
27319
1871
11283
4879
20332
13014
14795
24897
1550
5519
16129
1464
18330
25171
18877
8881
2158
27353
6246
8769
23131
18813
11389
20026
13563
22591
30091
8014
6212
6415
10327
1911
15710
29512
5725
15254
18866
27258
6524
16474
14404
12908
26607
15971
27970
17505
25726
24999
10205
22939
16117
18453
18007
28446
30934
17273
4189
14006
8779
29344
31640
6459
25438
30140
7807
11796
9580
16905
17775
19450
28887
22705
24061
5886
21244
25838
11403
12238
24677
1390
25
26676
10047
17659
22622
8415
9742
1627
12823
13414
6815
26485
28064
5002
15678
24502
961
30396
15402
7603
31946
18655
2886
26640
24034
12110
23569
1440
156
21281
20952
28877
2251
20396
17963
23099
27800
27209
12685
16040
17105
30552
3183
5143
19332
4227
15456
21037
26317
71
24958
23003
28140
1711
6192
61
8858
23395
791
16578
10398
4322
12609
23182
15771
15628
13472
23836
9004
2787
31931
26664
28466
6546
18852
8908
13933
19631
19242
11753
17738
29117
16463
5576
23292
24309
11005
1793
6862
28486
27636
19100
10168
32666
23303
19831
7728
20827
12168
14055
24642
30261
19713
21154
26595
10526
18468
20957
4995
14484
14341
10161
8417
26150
10119
1219
18979
24374
15124
13860
14630
13053
24210
27510
17683
27088
3986
10321
11827
8609
6090
25829
19460
21448
19397
8672
24972
10244
8665
29586
3053
30908
13658
18510
32570
27787
2573
28180
1417
18684
9183
7022
29769
25234
18135
32664
3030
19980
29514
7651
30027
14054
29262
30811
21144
32547
1648
19880
5332
3146
5290
28210
3284
26031
22927
27785
27132
2035
32457
11523
6997
4558
9413
6311
18144
11788
13485
30537
19242
24278
3735
13559
32545
3635
26620
5780
9254
1999
28267
8643
15971
16378
638
15367
18271
3059
7950
17704
28367
12135
16547
12504
23984
25397
24878
25494
12178
14708
23547
22227
5687
695
19937
18515
23388
6287
17852
30935
13527
12626
22813
15865
7906
8475
28991
27479
12471
11282
25661
22259
8029
19950
11907
31962
25281
6840
24706
1540
12552
7377
5289
13948
17444
21558
400
1728
7589
15107
31862
27755
15570
29494
32749
5649
31481
438
2772
7787
515
14996
27526
31412
4427
17040
19281
10322
1201
18911
3626
23993
20970
25643
23198
17037
28698
8668
24076
29446
23972
20118
8466
21145
14400
30978
69
29141
6991
10194
7461
2955
14444
24575
23376
23857
24132
24661
15861
24200
24999
13874
14732
7293
7391
3979
19908
15181
31040
28207
31677
25581
14080
8272
27768
8361
26441
8767
23436
27915
19597
19831
6682
31998
5402
30941
15874
32563
9198
28230
20823
24260
23500
22842
5649
18456
8335
4856
12802
29958
703
28601
22284
1085
18786
28985
15248
24547
19988
628
30505
30588
24410
8365
6043
20750
7476
5557
518
13698
1009
10090
29792
31822
6471
24702
15137
14929
28579
22138
28480
22526
29630
4354
20575
21181
14449
30298
3907
11662
13514
24873
7302
21744
10335
17277
20368
31233
6626
31504
31171
10470
9206
15050
14838
7789
1089
11654
9253
8433
8387
13849
4454
24703
30566
28816
11295
8758
11222
22714
3191
15092
10130
14823
30986
7471
68
19438
8161
32288
6222
8565
23457
22055
11685
19308
22786
16491
19170
21979
12419
32193
20118
478
18525
7887
31966
24813
4789
6513
20280
13665
31765
19803
30357
15412
7709
15360
17328
17417
2678
30643
27037
13676
16904
3596
20133
28762
11373
29070
24401
8964
9125
9862
6085
32208
26635
14134
14159
26785
4231
13107
21056
7512
19206
15884
13819
19355
295
28972
21323
10709
13623
5378
8954
6013
11104
30047
14495
13468
13085
21791
30647
4745
9457
17675
7927
25079
26713
25086
7649
16946
5631
15943
26774
5542
2608
31311
15851
32673
31632
20604
5054
28506
27149
6228
7563
23601
31249
1254
8506
5944
4092
8805
3643
22003
16337
22295
2773
23132
25903
27501
27579
23594
30596
23924
18913
5971
28285
876
10893
9168
19137
16821
28081
31392
5854
22515
30328
19471
29827
2410
16927
2872
2545
9386
24838
21193
25516
11889
1543
1798
7798
13261
8198
22801
28029
1921
12745
3944
20692
28330
23562
14255
4128
162
19915
9648
19860
15909
3818
25504
17695
9138
22773
30627
3043
15156
29247
8851
25578
28898
16180
31741
30740
12132
32233
3949
5204
1847
24568
24300
11804
25938
30346
28358
20758
7434
9397
16017
17429
18739
3081
21354
31307
18568
10085
14210
9404
22861
2063
4826
30706
6194
26884
16714
31219
26235
3213
2504
27760
31582
6163
23271
10047
9388
25140
12446
30476
31412
26391
1867
21579
2917
22268
32759
1648
16562
29463
6620
1891
1595
11422
9508
15150
29225
14881
21236
20473
30041
5914
1705
23097
22206
8645
19554
292
32256
19249
6334
20328
20841
3479
13799
31772
11010
7404
463
16375
10489
1458
25017
2752
23878
11795
3836
11525
8334
27952
8451
18960
3144
11447
30873
9751
24606
18611
28771
9395
22166
8617
30382
2963
11505
5344
29804
23922
25172
20224
9592
24902
29221
11487
17954
10683
3512
7831
14823
12511
6443
16604
3968
23583
28558
8332
1567
31858
12871
23688
30709
7892
10165
6595
19959
16630
27924
32152
24802
15924
32673
8801
27516
2247
24830
14917
29213
828
23255
21585
17263
3620
9670
30666
30322
7694
30580
2498
2499
28082
15362
12522
2077
8303
32423
11175
22048
26872
17818
19560
3409
2122
25906
4150
2147
14561
3659
909
1205
23083
7149
26986
32027
28733
25640
22693
8673
19397
4162
17281
4621
28223
16405
7554
14821
32364
31922
4990
31409
24832
15946
2551
32706
18843
2383
21928
25779
22523
26326
25182
4335
5488
15424
15369
27763
26256
17945
11795
20950
17707
14912
27888
24966
22146
21832
32247
6740
12723
22303
20848
23347
27256
13037
17134
12860
13329
30271
29663
7414
12415
11109
13409
7637
16371
15128
28247
19200
25734
4449
18108
14935
3626
2486
26936
28341
25313
26213
12785
10866
22317
22326
10660
19245
10951
21323
2036
4808
7571
19020
12290
435
28884
28865
23357
9838
2205
11199
26236
1609
16776
24519
30026
879
20137
9963
24448
25634
13253
12850
7450
24392
12224
23102
9283
21031
11093
9004
28082
877
10
14268
4921
6003
11106
8114
15515
6594
16980
13692
20127
16343
14588
7956
4194
18723
21137
20008
15089
8278
19863
19321
10007
8669
8277
20865
3444
11177
22922
31320
3279
23091
31068
1240
27310
5821
22161
29952
16931
23258
25601
5014
5352
19760
27211
4368
29358
7037
2504
20405
10931
13784
6333
6400
15251
20282
12757
16965
30048
18236
1742
1174
500
24866
19314
3048
18310
27673
19657
370
22908
16573
2189
5462
27520
14302
22750
19331
31446
32388
2103
4058
8685
27440
24993
21904
18996
14437
4390
17875
12334
18535
26761
16816
28105
22083
23604
15156
32492
14351
19570
10705
29775
5747
28382
7684
18575
15721
27676
14389
2946
27200
1478
1759
22472
15079
22697
4080
18082
8808
3890
2419
22023
1715
6179
1388
29941
27549
13706
5379
10758
20264
30708
9957
2115
6917
31198
9448
26172
20311
28524
5358
2905
19130
24158
16651
18283
21380
4671
10986
10374
17995
8415
20076
17171
3495
4868
30611
16417
18232
1373
12191
9724
14827
21943
1398
3841
378
12403
13641
17072
4914
4664
29557
25859
32761
4581
24231
12286
6031
1738
23876
27528
20756
24343
27144
6009
7371
14996
5101
31732
797
7571
13646
5111
13537
20516
9804
1584
28890
15751
28273
8211
25217
26599
14739
1833
24069
17477
5115
5291
7569
4786
12743
3919
25549
1729
17805
14178
10151
21564
10817
22807
11603
29718
25689
22815
12432
13729
15918
28537
1070
28673
934
1164
19149
26593
8464
25715
11495
15716
10575
15512
12305
30302
1851
6020
4989
30917
24132
19189
21956
2402
24153
3121
18402
8908
3848
7835
20866
14487
21990
20612
19069
15049
15409
14915
3485
28045
14260
29576
10406
26924
31467
13037
19863
22072
4200
3022
26925
14859
17781
15963
681
26480
10235
19947
18643
26527
7074
20884
28735
28527
19002
13048
18127
13511
29530
20321
8313
14421
24390
12049
330
22403
30998
18131
10411
15015
21525
30678
25060
29562
8296
16827
15838
24524
21232
23277
6701
9334
1137
9009
6477
21647
19443
9342
28716
6371
6248
5646
11497
27552
19856
5557
23260
15443
10266
2930
10198
4115
11532
27460
28330
29180
10340
18750
19180
18400
32511
29662
6648
24376
22459
2203
3382
18017
24537
14013
12701
17925
11941
9329
4214
3799
3160
10781
19811
28547
8253
22513
26015
9956
18963
31167
29831
9848
10931
3340
8538
22802
8178
23911
6717
16847
14281
15097
16514
1867
24243
32606
27177
16149
19799
21683
23719
3424
31079
29424
25831
27899
3528
18296
12431
13187
11763
15087
19588
9687
2203
2380
27824
12492
32144
24623
24835
6690
23267
14196
23479
15799
30027
6152
27865
11003
8135
17659
22277
13988
18053
31447
8561
21667
12547
14641
2860
20054
12148
19069
17320
10495
14181
32295
3191
20597
13216
18655
10322
23065
2896
16180
15199
29708
9319
7780
180
21663
25917
22386
30999
15883
31097
20602
30471
27235
24117
20546
11265
29638
31069
18449
6908
3289
16472
28612
5174
7540
12779
26654
7730
6044
10074
22368
28673
6322
16592
13337
24770
10985
28928
12864
28773
15102
27661
1664
19892
5667
32167
29651
32147
1084
2680
22354
1926
21069
16574
9804
19317
24883
15417
4757
25772
3219
8519
18720
15910
32273
29518
32464
15371
16578
10842
16268
7799
10467
19463
13202
381
25547
2978
20237
7788
17438
13707
8169
12880
7748
27101
11750
11708
18713
27217
8427
4551
5862
32608
8606
7765
23185
14504
10289
13720
19728
3217
11646
6358
26403
6960
29271
25196
835
6252
20759
24851
23509
8543
19837
14434
14756
255
22203
27284
26254
10237
28617
12172
14462
23533
12799
15638
18586
25000
24035
25712
10941
9966
28224
10505
14631
12112
24952
13448
18547
18509
11546
19472
22474
18620
4023
10946
4439
24426
13554
25988
12026
13571
24535
15361
5953
25910
3950
31473
18068
4884
20879
21403
22703
7353
14327
19608
18006
12847
9116
12249
11075
21391
23102
6636
10340
31337
6719
3706
13891
29286
8372
13845
31686
9516
21948
10544
32024
23938
4881
27759
14055
17845
14556
546
31184
9530
1230
13580
6679
8596
24428
104
18332
1657
5034
14638
8714
22832
9404
23698
23890
15165
13865
10189
2648
24640
14881
23841
22507
6939
23056
23063
24571
18003
19827
25356
21766
3001
4843
18411
9172
20297
16271
17980
23908
16722
22663
19550
32038
23511
27351
528
24427
20277
21880
14903
31769
8711
31149
12763
14755
2119
17812
16498
27704
13750
19707
23905
21819
12157
25718
7872
14068
24852
29358
5469
20613
30819
27644
10756
22047
19751
11319
24574
14709
22424
8906
8408
22129
31305
1289
30054
22566
9039
31429
20486
27143
2213
31005
19497
2390
975
16280
1808
2783
20670
11121
30164
10469
13300
21810
23721
11613
19432
11396
19299
3162
4524
1606
17210
713
19661
20700
27082
3422
32379
25290
27998
19406
2025
6017
32365
9279
4087
11896
613
15100
27663
8319
25512
4718
4172
24401
8916
26440
19170
13160
3400
7425
20154
11285
15588
20103
20828
21967
17679
22322
16402
10956
12543
26614
20554
29134
14133
31966
28477
32576
17990
18101
21710
3201
20193
23814
15797
6528
28430
19528
4316
3209
25268
21586
29705
1118
23902
27413
5054
4234
12606
22409
8798
17394
26483
30952
21136
21933
11655
3611
20712
17429
15420
4465
197
11806
7048
31895
117
22247
26590
2245
14496
1935
31919
16181
31459
17226
10289
28121
29627
436
19551
21581
29605
25445
4417
7435
21379
5317
3181
30430
30786
21281
462
25241
14778
18431
8612
2312
12501
11951
26572
11559
12532
30755
66
3730
28814
24833
21732
20541
9498
11765
10360
14181
5680
588
25329
22214
27627
1215
29422
31247
15505
18060
26756
26003
7542
8396
11581
15937
15133
31744
32096
11734
15521
13805
1651
5969
30291
6570
20223
28583
12197
7671
19347
3769
71
24016
17675
3203
2191
32578
29714
32406
2334
31870
30182
10696
7617
812
32348
31786
8085
24065
27427
25402
29295
7316
7244
21082
16762
28013
13834
3457
28450
24159
12215
3121
15409
30489
21528
2217
27192
25079
5858
3931
23857
5918
25469
8864
98
15815
18695
18091
29317
14299
10140
2491
15653
3009
17109
23701
6987
8307
23950
20274
4954
32728
17133
1461
26680
4942
24736
31136
9646
3717
22117
23366
19474
31892
7888
10116
24355
9030
13641
17836
23604
12469
23892
16834
23437
26395
28437
30443
24846
15076
19731
15906
8213
5896
26428
29997
13986
15255
28457
29135
9145
27286
8612
13632
32008
22281
18791
29658
10186
2641
24359
17685
6379
13240
27345
4021
24685
5707
2580
1602
1034
2280
16415
18361
27931
15511
29356
30849
28088
15645
14397
26528
8481
24527
23461
5167
11100
5285
14539
9995
7200
19855
22187
13518
30962
28684
25245
23550
12942
1272
28890
4996
2440
6821
9788
15711
9779
3374
12101
20889
26562
10504
10339
13690
11949
23514
23410
4861
9815
26511
30339
17536
20973
19369
8156
10431
24721
22744
2880
29443
3256
8907
29808
19351
2768
17478
8945
21628
19239
10613
23312
26205
4872
21632
24612
6597
12583
20575
27667
28816
20798
17904
16407
13216
13049
26438
12994
22737
18448
9540
24384
1326
32178
25451
23005
32613
13610
7665
3526
9848
12221
13843
10260
16566
29137
22700
13318
14058
24917
13061
19598
4050
9052
27119
1808
16338
32011
1807
31590
8426
15286
20602
3367
9958
26694
16002
23081
9172
18910
975
29252
12475
31678
23473
15449
3722
6759
4788
11411
4943
19455
32117
12269
30633
10232
20917
28917
6272
16877
5548
22991
243
23500
6559
30588
20626
826
12213
8797
20942
7731
5639
4082
21677
10993
18166
12776
8643
14096
9153
1619
6493
20975
11607
15672
21247
32345
16233
22350
20753
26469
452
8709
7381
23706
990
13512
24220
22871
13998
21375
17978
7026
14529
23129
22455
3360
10379
5832
28743
1557
28923
12749
6012
10220
17490
3957
28859
22984
14644
18340
24813
10044
15871
7185
15478
1640
22109
3986
4459
18789
22293
666
25087
16100
5159
30975
25407
17937
13591
27905
5120
22974
9097
21385
16405
22205
18446
13742
17349
397
2366
893
9084
3898
16647
1018
19392
13694
7236
1634
3431
1580
6289
14515
10759
6606
5214
18286
1199
19853
9539
10908
19156
6226
10387
17423
10638
15147
16948
13034
25349
20720
15790
100
22565
294
1409
2504
23194
23075
9404
19392
23288
5747
1739
29396
18233
20859
27025
21806
11629
28508
13751
14752
30381
15387
12611
4072
20049
1534
16492
32306
2403
14137
10412
26590
8787
13001
2584
20868
7403
30881
749
17973
26246
21764
12651
8708
1661
7986
2022
26053
13027
19270
10010
30741
7538
21343
12991
30619
3268
15358
21597
653
5575
14255
24674
6005
2411
11756
20850
29493
27293
10558
3582
4168
121
28837
11288
11084
22715
20538
10117
28861
20087
21779
15892
14340
26891
103
26159
28592
10065
13810
5040
7939
2841
27035
16118
8368
30934
20565
25143
31459
16279
6211
24855
30850
23865
27679
3706
26546
21211
17884
17559
8606
7571
21642
17231
16244
10079
31099
18620
8367
17503
8356
6156
9884
4161
30789
25232
18711
16380
19405
18192
26774
15297
1528
23394
362
5422
7738
29754
9281
11718
30048
8004
22510
8606
25973
880
18541
19032
2274
7054
26401
28245
31962
32538
24673
28711
8949
11609
2611
4677
9755
3749
12375
8963
18084
8196
24968
9409
12733
32000
8702
18018
26638
15283
10039
16384
30618
20258
247
26589
3302
25548
21390
5021
8029
27266
1881
6579
15603
17784
4491
1818
14601
19357
14893
23877
17040
5672
868
27736
9586
19571
5619
7576
15149
25101
22272
16928
20161
31499
2843
14807
30669
27294
10876
1694
12533
32747
19084
8142
11654
5398
16552
6625
12893
5280
25121
30319
30213
26868
1415
12381
19487
2620
10535
22609
8199
7801
25298
21864
692
24531
31968
7724
20448
15661
25717
32192
11881
26877
19715
14686
28664
19035
11536
10756
5088
1112
30778
7785
29001
1936
14968
6454
19597
25091
30882
16243
23522
16672
31284
2879
32570
23075
24655
5829
12135
11425
11776
4971
26755
21345
9669
16716
5007
22382
8269
31465
13146
14698
16512
10523
22692
9509
10431
13133
8580
879
5485
16359
18439
24106
174
22797
1050
19107
13166
18826
17578
20002
26534
17927
1033
28863
24538
13953
15252
29304
6119
13306
14995
22145
29435
3694
25696
14555
2789
28424
6604
8744
1167
27286
20926
19902
3528
6203
9501
5626
26695
99
20976
31446
9709
30716
31172
30398
31307
15332
8014
5536
17764
24733
10066
579
15284
27208
24772
32217
20337
8401
22572
30167
16144
29799
31311
11268
27915
1583
18955
9424
25826
10553
11651
20456
12640
28595
5756
7943
26655
6236
2567
32527
3662
28732
19297
26456
15026
31891
11799
29512
6379
271
21357
14884
12793
13889
22273
22821
7678
17490
11948
25551
837
22002
16809
11902
1668
22418
31481
10050
4190
14035
23301
12524
3116
13886
19590
13417
1021
10549
16546
23631
15835
11305
22103
11958
15953
11534
4381
31049
21546
22540
25287
17309
4474
15480
3243
15297
21987
15874
7170
20758
19985
9776
1426
29024
3207
27147
9354
7198
8094
30744
8365
16407
18634
8841
32690
5942
14624
31157
26091
29847
30485
10950
18982
14562
20873
14001
8401
24792
1028
5484
16993
25131
28735
6491
4340
19091
4326
9995
8500
21790
2460
5410
27263
27080
30784
18582
16966
15179
27502
24862
9907
30520
8777
2534
7311
15431
31096
17031
9314
19179
10607
13366
2780
9258
14832
26427
6259
2732
20177
27814
25678
6674
12799
20541
20066
26761
16067
26296
25819
26270
4676
19505
14525
29012
9550
9942
26059
19059
13137
481
20904
27428
4781
21706
26172
25787
25132
2746
19289
17364
12240
7748
25502
10657
31952
7504
4252
3970
17117
10583
568
26838
24233
18390
5456
5906
938
5884
1442
25616
7452
15014
30441
30377
16453
5518
6472
30085
5116
8895
27884
19506
20844
845
26862
18036
16918
5186
2422
30172
24341
8411
2342
5532
30118
1269
18870
24730
29927
21442
12251
3523
18655
22208
30318
26274
26303
30956
15562
11313
28263
29235
21622
15855
1324
18217
4612
14130
19929
28925
9528
30399
8691
16813
15469
17560
28738
22646
30517
2581
25740
14991
27712
20534
15524
25622
18047
30776
28324
25931
15752
25190
1142
24572
27965
30514
20633
31040
20648
18052
24609
4968
25642
12626
19968
25651
13013
20849
23429
15169
21270
5035
29218
3274
5783
14353
29298
5264
29027
11410
29818
9490
23628
30157
23856
30467
13962
6692
27961
3322
27300
17170
11511
32619
23188
2238
22979
17622
22310
7120
14455
19006
9889
16771
28976
28637
24233
22011
22610
15894
5476
18650
18636
26283
11740
18446
29597
26160
17316
3308
18583
22976
31167
32643
23650
23790
12477
9258
28613
1022
26663
1884
31777
18006
20253
7110
26942
27951
18494
16029
20554
23184
25800
22069
28703
15485
6912
16080
14021
108
15317
31156
1080
6904
27584
21120
2667
30681
8942
28351
28300
9748
30881
31678
3978
5231
15828
28315
5589
29224
11038
2719
12389
2022
9688
8653
8957
7408
24706
17339
2481
15517
23139
20129
30118
28684
624
5808
18201
16404
367
6053
26786
4990
28508
25757
20410
15730
30732
18987
26236
20528
13072
22184
17064
2049
13020
15562
19949
25196
3881
17528
17256
13740
28311
15837
9832
23650
21399
10940
5748
18824
12424
4611
9359
6310
1824
12706
3514
28232
5902
669
32443
15535
24541
17248
17693
16583
31260
31828
4472
19289
3004
12975
12018
10882
23481
15760
21510
18276
18685
29003
28804
19483
10369
5377
7385
26098
20149
22133
3729
30679
18466
12314
13850
20749
1357
30065
27083
15393
32223
31121
16932
31263
3844
1031
2904
32261
6417
2017
28680
31864
8297
20742
16722
9142
30113
7113
10
4044
10466
19133
2887
20233
19599
11978
6178
2738
19240
5504
22202
10231
21615
4524
26748
29990
9673
12841
2977
14111
12774
6905
8183
11016
27556
13460
26853
20546
14385
25984
12457
3739
19568
2594
12517
3269
31135
7892
25690
19207
11574
20536
9715
22066
10258
26059
16645
9943
12498
15037
22229
183
17794
14592
15707
26235
4215
2719
15173
30117
9337
30033
17727
16071
17448
5198
8306
28146
14488
25697
3658
22386
31551
22078
25981
15544
14097
23319
15433
23960
25833
8042
2045
10677
1835
26653
21946
9785
18599
17868
123
23497
705
4706
2131
24760
28367
27878
28406
21370
1731
10136
15739
22876
22794
23613
5984
30067
21428
6839
32463
19410
19156
26072
11807
9472
15914
29304
10910
17834
8703
23749
29838
28308
12113
18395
30829
6357
32560
7061
9594
16964
30056
21666
19828
24110
15968
6875
12709
15946
25666
4563
24863
2030
16220
6064
19526
2434
17863
26170
12686
1078
32326
18994
18310
15856
6768
25829
18454
28552
31762
11265
16644
25400
10703
7078
19901
22350
30473
20160
7763
31012
25349
29077
28610
3154
29513
17050
22903
4642
3401
5515
5139
1349
4931
3258
7532
32196
18536
31912
24020
20793
16444
11730
12959
830
23871
28877
479
6694
8909
14485
15218
11243
24131
12067
27455
14184
27491
30781
16572
7624
6138
5778
12212
20543
27327
9990
3655
1528
20863
26187
21554
3662
31351
13489
24400
4926
23810
3135
24929
24604
13684
7426
23307
134
30789
933
18462
19351
114
20034
24860
12124
32032
17272
5625
20620
25218
8126
9759
21107
25086
15606
31157
23344
11659
22598
8225
10272
2654
27171
6091
18074
30405
17582
17188
17629
26451
27716
12008
28486
24381
24144
3488
28103
26628
14948
3178
21908
11348
393
25852
799
14893
24531
20711
20551
12352
13368
16921
31436
23196
19105
1190
20231
649
31810
11720
27352
30132
10791
31780
11487
2189
17936
3406
9199
6126
23935
3216
4799
19965
23311
16103
23523
11859
29191
4175
27131
11614
26671
1600
26667
22275
12771
15225
24267
18568
5221
18684
2143
434
17016
16474
29385
20778
10026
6960
16573
24613
21233
17394
8054
8516
16121
7143
17575
9913
23229
8821
2229
9132
6101
8607
28963
7389
26638
972
16206
3210
25024
14026
22362
32147
32348
16402
4972
25052
10053
26190
22297
10227
1249
5144
30495
21491
17391
22533
18771
8104
17691
9698
28891
26099
27343
15677
15005
23920
31053
22824
7671
26199
15611
3385
13745
28576
27389
29653
17712
14187
28681
4526
7660
27294
8567
4747
31012
26576
1176
17224
6608
10598
8265
27933
19159
6907
3272
30243
3458
24070
13766
27411
3120
16822
701
22097
9548
29217
22915
2090
8829
8862
12064
13402
28700
14191
6877
2258
26859
12964
8093
8632
2564
26683
8048
32430
8975
15756
11622
23895
22200
30693
12705
7447
32609
24177
5038
4123
19475
13150
24342
23962
10683
18494
5679
22874
19603
12718
10040
29813
28126
24118
14245
11101
4568
5233
14776
5406
27117
7278
81
30691
10025
6229
17671
1724
20720
20558
21623
11422
29679
30110
21724
2220
15698
8467
23265
32692
22071
4259
16563
1789
4963
26704
29529
3136
19764
31311
10824
7924
29655
23144
15666
16078
13243
16544
3104
29577
15942
32534
11712
4579
2758
3883
22528
20968
9130
31205
14043
6770
21490
8086
9587
9713
18660
8888
32097
25704
31745
31260
28745
16056
31031
28228
8113
7969
21848
1549
26387
25350
26827
9872
3120
6640
8834
27211
18856
13782
1835
29564
26568
4252
12459
15822
22435
27353
25032
13111
1124
18397
549
2081
20194
19187
5748
8904
26485
31203
2279
4579
31241
2235
21991
22150
24688
4815
28937
1351
20221
25855
30270
672
12110
15672
31562
24212
7529
9022
5495
5013
15115
16040
26506
11430
19772
20012
19446
5821
22567
9244
28496
8555
11561
19505
28419
29374
7976
16008
20549
29287
20774
17386
25417
28696
21269
28496
26294
2352
237
20646
32601
4506
22525
17616
22550
1010
13950
1771
32293
15594
14702
26325
19835
1517
11420
18671
389
13058
16639
21281
15900
22514
32075
27423
9398
22701
7366
27115
18905
22762
20568
10396
7894
20238
5602
19037
9139
15951
6609
26552
30057
23577
22259
32533
3152
9392
26761
20093
16087
8984
17053
31396
23672
28722
17558
10023
29931
11559
23049
25618
8090
32009
7634
5285
22358
16824
13156
13144
15944
8195
19037
5916
24106
3856
94
7652
14519
30462
5401
24676
15455
8904
9387
21272
28992
2413
23597
30857
29266
12878
23685
2252
1761
14551
16258
12875
28737
13153
29481
22472
16317
343
24393
28574
18640
17560
2390
26698
920
2589
10867
13867
29575
26076
27601
28294
26204
1516
15672
5069
8017
233
31203
30497
17046
25498
20369
21269
5375
16849
7129
949
25594
20115
13246
32711
10691
16249
18819
30544
16859
32598
25793
15194
16822
29722
8374
21237
18867
23543
9440
24956
25170
1474
3018
16921
14754
26779
11303
31883
21752
24272
30749
30503
2790
2047
26339
2589
22891
5755
7310
22525
27752
3057
17448
3962
26707
10572
20483
31341
19759
5589
5196
32285
1468
415
28643
28861
30443
18210
30570
26678
9108
20518
22173
26151
14443
16867
23521
1322
5169
13414
25119
2906
8231
31030
3282
1554
3272
13624
2655
21239
18103
20944
20646
14904
14327
2377
2006
32276
10586
4727
6021
925
22588
12186
2560
30908
5232
9350
14815
7030
31355
22529
32221
1645
7680
9325
18151
9898
14460
7079
25715
16025
12340
16942
25363
6741
2923
1416
14666
22822
9175
29153
13982
28745
11862
27382
26862
19183
27358
27697
27654
11143
4274
5141
22385
12864
19164
32477
16014
11466
22743
13408
30439
4957
10124
11576
6333
22269
30336
13091
28136
25852
23883
8361
17118
960
17740
17408
19985
27847
11163
26924
8574
18407
16191
20330
23170
27611
12193
3535
1008
2043
16193
11053
24162
6987
28328
27958
716
23735
21406
8932
4951
30877
28828
28184
28268
18316
8324
20609
6158
25164
27280
32703
19822
14110
21128
17608
30393
1092
31033
27275
27445
23492
8482
32724
15244
5226
27504
28784
30312
19468
24877
14737
6975
24337
7348
15732
12145
31028
10088
31296
10640
9094
24485
10290
9982
29618
31479
759
8126
16517
30858
16985
3204
32686
6114
1566
13070
12482
10188
14637
3255
31107
16789
12275
31562
22369
17529
1541
16404
2625
9566
32519
26941
7294
26307
28364
10584
11309
19699
27838
19768
22950
8830
22145
17413
32576
8425
26067
28048
5723
20901
23991
8932
28068
31550
4818
11550
5268
28373
21269
7806
8250
18896
28828
16829
11579
32720
29654
5025
17175
16611
14567
31440
31917
4092
31818
12770
6658
7584
6843
6073
24382
15073
2132
23061
25847
30864
17142
11875
15794
18095
17386
3286
5287
10277
13512
8633
10693
20149
27544
26884
20214
13105
29240
10285
19108
32235
7422
14912
17276
21357
29853
25138
6514
22890
30541
6003
20485
2036
29990
194
28100
6894
3021
4421
29969
14277
1363
31705
23077
7003
7770
28839
6740
25668
30586
22776
22674
19765
13795
1354
9015
27577
5955
418
18175
18214
31978
1061
21333
23504
12844
10722
13265
24188
29190
30195
767
21528
28677
18116
31330
20905
26724
13746
9144
30852
31604
5336
12160
705
22593
32549
5306
29677
31347
11954
24046
16895
32626
3411
18287
2701
22222
13165
4833
10304
20957
18695
13305
15494
22182
32035
14980
390
14845
1870
7595
30809
1264
26486
19573
18295
10594
22524
10125
23919
27126
9738
18502
11228
31023
25639
14556
3732
5077
11016
509
13090
6810
23721
12679
5239
28413
7581
16020
24284
5999
30883
28340
20523
28340
24697
8313
26687
25229
1013
7993
32169
1428
10321
25615
2724
30823
32199
26659
17996
28168
8797
27691
24074
20356
18179
22834
25427
17107
10971
7832
16786
6400
24792
12635
20578
26506
5002
4244
22017
20745
15160
29509
3585
16660
31280
849
2113
8035
4955
18892
29724
15921
12052
12405
11232
2020
25146
15489
5250
12272
11140
26267
9616
27385
23317
13352
11622
29240
6225
30159
9637
22047
31214
20281
11233
25664
25678
27669
29338
9323
8716
1632
15982
12566
27349
8675
17292
28418
19577
8445
30572
26652
10817
5794
10942
19874
18052
31140
32672
25990
2677
7473
4115
26391
63
4766
22704
2782
13140
22626
15255
20934
27393
31334
12201
18305
29511
1916
28663
17446
26598
44
16249
28959
13754
8887
5380
5442
17994
14422
17270
27710
2463
18371
29236
3385
21074
20730
31190
9399
14313
30273
31008
1470
29540
13926
13876
22072
27154
7240
8199
23192
23209
1944
1042
9408
24726
29409
19530
10786
16786
23238
22865
1318
14710
10892
19694
26060
14416
20952
22715
30099
18102
26553
25885
12953
1114
32488
9337
1539
29919
3919
26277
6559
3819
6345
16541
12488
16766
25385
23672
2187
25474
32637
1434
776
16803
28308
17706
8730
15968
4285
8903
5434
14434
17106
23926
24224
11021
19573
12511
21420
15702
922
31418
31877
13012
18758
21636
5888
29465
17301
30070
16579
6978
30978
28855
3242
19917
12515
9169
1897
13483
15667
26978
28531
27030
4500
25620
9243
14501
19348
30158
4089
28958
4144
14124
4752
14475
25239
813
11565
5136
22576
27436
30482
7163
19933
10002
7380
3485
642
21961
28418
12121
15041
8692
17415
15098
21000
7901
12626
16969
23758
29102
24500
16864
16409
6885
32521
22073
25156
29698
7450
18186
22783
13698
25538
23765
14487
6417
592
13498
26744
27644
17965
1681
8432
9701
9919
4405
30261
22458
18572
8482
5290
1768
15267
25923
4702
18635
31032
1541
31189
12905
25742
12976
29196
28769
21274
6391
10167
6942
24549
31438
23501
6992
3634
22139
15174
12957
32609
21744
25636
31891
16403
29272
15280
31714
28815
5360
31238
1992
19556
1560
3795
11724
21840
426
17246
23471
9569
20362
15813
26016
11354
7038
18825
15535
23640
32576
2381
27012
2485
29394
30171
8017
557
5906
20072
31493
7999
3726
24089
17091
22486
22681
15046
14738
5417
25247
24829
23382
20192
17333
20810
5375
12920
22132
4789
19712
23016
9480
16013
20482
21893
23428
31076
30170
3363
13432
32091
4793
15485
5062
6560
2211
3799
17329
19252
3363
7649
2103
21234
30524
22495
31905
27853
10658
4359
28504
3161
27947
17450
12282
17037
20352
18071
941
12487
23064
29501
13236
11536
13671
4367
27200
31649
3154
30893
20872
16807
17383
15680
10523
5444
23371
23717
17781
20182
2035
15055
11729
32635
25111
27750
19519
12501
13668
5300
25590
21002
18930
23234
16875
30223
14709
14782
23459
18215
9399
12448
20549
21414
23878
5390
32755
6139
22377
3452
11610
27117
30809
30359
23944
10533
5294
14308
27134
22765
13080
19364
30983
1847
26447
32252
20552
9441
22861
10066
13719
13111
19642
26106
21009
27322
15528
6930
19302
16160
24448
11946
1912
25755
10044
24361
20005
14942
4567
8171
15712
15966
24066
19247
17287
28245
30745
11057
5104
14861
13141
7827
18886
27355
9027
23553
11539
9321
10613
6421
19997
25273
2935
6264
27382
6503
9476
25419
21327
22575
2682
12741
16013
6318
12172
18205
18463
6509
26167
17578
1550
27163
18935
14409
28117
3354
27450
27135
31604
21054
20245
11487
20160
20177
5942
14126
13053
5850
26138
17862
17582
7070
21376
3768
10668
21352
1309
18229
3958
3718
16273
16559
25544
7572
922
24891
31599
11517
2951
31546
7003
31166
15600
18488
6134
17261
25253
2836
32436
8058
17124
7521
32235
4534
26063
27661
32486
3601
8220
10048
9781
18344
13839
10631
11846
28927
10917
23090
20538
20874
3859
3835
12017
21619
26222
12520
30823
29847
29100
10354
12612
10706
30667
21734
24238
15228
24144
4876
610
7219
9715
5895
7427
13019
8089
7548
10929
13540
28034
14326
19934
30155
9412
14473
7261
20452
8952
182
17084
2646
27699
14223
29140
24679
9528
11035
19102
3578
32235
24828
15433
1365
8201
6735
2185
12840
30231
20180
25137
28107
24216
25423
23044
2248
8067
7982
3528
3481
11764
9579
19869
8371
7714
29876
11149
8643
20369
13002
10596
29239
10633
18215
30914
1280
31686
2275
366
7062
22385
984
8685
21565
29775
6405
24148
28040
30265
32304
29018
25371
9932
24783
29617
18356
30561
12329
3479
109
24383
21177
26280
17723
27152
19155
18422
2747
2706
3722
9307
14638
1423
5840
31502
21697
2319
27103
18549
31507
17356
9432
31034
23025
4326
18602
5025
868
3032
20022
2841
17133
8363
17841
29201
22543
27754
1353
32268
14862
469
11019
4600
18679
26201
30212
17083
4064
23360
15014
2576
31857
18214
30318
7057
12195
21420
18116
4116
19400
4976
18211
23355
25548
17468
6777
16199
28602
381
9169
13101
27265
31479
12847
28396
31993
952
9147
4637
23073
3402
17442
6348
12459
25389
27194
4742
21946
14980
6373
20403
3306
27151
10039
31015
4497
24153
13275
17907
17732
7731
26546
17281
10141
29536
19390
25568
31548
2962
13887
18012
15372
9622
4891
28242
19143
7883
2947
23618
29117
29912
20692
15654
9937
3998
3771
9218
11972
26476
18589
445
1462
23410
9782
20271
12521
19577
29568
7547
24009
20433
22486
159
29225
3722
2137
2121
29136
9447
31123
15085
23860
5647
21594
18196
28037
10246
12791
24311
20973
15324
25480
29260
21015
30244
18595
14944
31214
19368
31036
19558
12967
18011
18121
9742
27905
5775
22691
26714
16587
17512
26544
13486
9639
5521
23871
24614
10511
31533
22835
28971
17813
7185
25444
6985
16239
20272
19522
11579
10802
6742
188
9544
31710
2330
21856
24531
20763
28686
3267
5165
18114
28728
7459
5037
3231
20166
31051
32515
5494
29949
24759
26057
2115
11379
31481
1115
22214
27518
16987
5097
7487
17900
454
24778
12151
22004
27106
6931
30463
12653
383
5481
1724
16190
30004
26131
1956
278
2629
7763
25282
9565
14538
3063
19584
30058
12558
14635
5413
29686
20534
7825
25245
16336
18467
15252
14201
3795
32409
2297
27446
21782
26528
31158
30658
27746
24362
32264
16444
20457
17911
15552
13563
16436
26038
30429
30931
25438
24685
18784
27539
13696
12058
16732
15826
23916
29595
30285
29164
14750
8651
7850
28231
14703
17390
21182
1243
22156
24143
29107
5105
17063
13863
23792
9258
7532
32705
32165
10180
18103
14300
18595
16153
8452
11345
13426
9832
22567
30709
21917
12504
61
30145
5457
29882
8418
28464
13862
3343
164
2537
6973
5194
17592
14494
1419
15447
14572
13108
15220
10203
21469
14884
20124
26814
19306
10529
29690
18407
19816
7419
8750
14918
12439
12483
27156
10008
12757
5680
15769
25446
4498
3393
6349
1743
9604
32548
16698
32136
12956
16471
3957
31649
9016
15885
30450
13706
28058
6867
16412
469
16025
32371
10405
18493
15510
7448
24091
25064
30386
14772
1725
20201
21566
10143
19596
25865
6260
3969
7845
23495
20068
31601
7373
22941
12592
28254
24910
26245
25724
2734
7426
26556
4385
3110
14765
2246
14881
6410
30351
13746
24032
11909
13114
2719
14225
11338
23714
23679
13550
17276
12403
16155
29740
19660
19111
11352
24110
18913
12631
12472
12537
5628
21201
16675
3688
2524
10732
7656
25376
5855
31896
26367
14791
7531
26809
17809
20081
652
13110
20153
30299
18654
3404
909
12252
12462
17449
4696
28312
9052
3766
15658
30711
28163
28084
2451
25558
3932
21002
7595
5500
7392
32093
28245
16591
813
20706
8901
20423
9643
32368
20800
15396
8559
20442
31011
12636
14176
30843
24103
2776
8600
9490
10467
607
22541
15825
28819
8915
2160
3760
4631
21275
17749
18951
30783
3424
12437
6492
14661
5756
9456
12409
11675
18863
8951
5826
25575
19604
1322
6854
5709
16212
16221
9236
1260
15642
11616
22352
22955
16583
13534
16518
31029
16870
16006
30653
25922
7650
19049
29648
5145
8566
9123
32633
24914
18022
30526
1199
31713
31085
21075
8754
30032
31862
19314
16228
22092
14607
23364
4698
23651
5914
10351
19507
17676
11205
19130
24488
18920
21693
18802
5605
12871
5023
22796
26007
7662
15792
7179
16455
27928
21453
27429
18918
27066
5797
26785
11945
5643
11045
25347
2839
17476
25396
19179
6752
23460
32417
16443
7920
28344
30809
31352
14660
1753
13278
4211
8444
18678
7924
25384
29746
22420
7070
12262
4363
5650
17992
3504
11659
12594
27718
23012
8622
4309
18045
22554
6068
5894
19552
2383
5820
20538
13087
32323
7060
30934
27930
10527
13264
31730
15772
29275
20249
20317
13510
5343
15048
20705
10185
1384
31668
2248
31065
26926
31303
30110
18014
24516
13528
17721
19180
9279
27700
7927
4981
18842
32382
25415
20029
5721
25658
1131
20751
17261
932
23676
10031
8792
20038
9390
15247
28305
23753
29141
29509
20010
32012
23080
19517
17840
26227
10309
21547
9043
2178
16246
3012
9542
10154
5427
2606
24425
15458
25576
29877
9254
18554
31480
7871
29848
5804
20481
26114
15347
6261
13666
7924
23072
22051
23034
9603
16807
9518
30259
26119
11474
6347
19007
29301
11792
24767
20898
30677
8087
2673
20465
10230
13901
22596
6873
27488
15337
8995
17762
28554
13397
31326
4213
25933
29271
30132
17565
921
24433
28081
22794
8807
31494
3642
3035
494
21693
30566
20381
4634
1579
24719
12814
20026
28588
29097
8231
249
15505
18131
11098
1167
29313
21036
13337
21304
4121
4072
7575
31717
32470
16547
28370
20274
23605
7668
1233
22681
24088
15686
14890
30693
22124
5347
10184
12009
6665
22354
25323
30577
20185
6371
23664
13689
25917
29576
17747
6557
16556
7398
7282
2001
21406
8876
18836
22098
12968
16676
27049
30941
25320
2056
12372
27678
26531
16790
678
30059
21293
20454
12077
2738
24329
29820
26413
30384
20306
13850
23853
3428
9561
22743
11445
1220
26000
7285
28503
17838
29863
13552
8940
18721
20468
12627
17696
21933
9496
17615
18481
12584
3296
9742
17651
6819
28009
30917
3608
8348
18312
30089
2222
10102
29544
17379
28137
13350
4213
15014
23075
20270
11385
31360
19745
5071
26117
5840
32664
16250
3603
16567
12783
21897
3305
10354
22599
11052
3649
2279
18361
28582
14502
4477
18654
1209
29729
8753
13205
15198
1045
3559
30720
18618
30824
22269
14544
1870
14819
6694
23235
22638
13788
7030
11626
14836
27922
10681
4400
25653
27096
19465
16024
1076
24950
28064
4806
26134
1228
31722
1345
9174
17464
10974
10999
11322
2746
21391
27266
13830
13398
8446
17833
29551
17338
32563
23594
6610
6945
140
2999
4518
15479
11604
20798
25264
21694
29079
20333
12405
5808
7477
7798
23285
10406
10806
18703
6038
10680
15709
6845
5727
4646
5376
9043
1894
29431
23063
5045
5260
22751
1938
22498
9063
22118
23536
4658
29568
31047
2317
23516
27839
12054
5691
28346
12835
23846
10389
7249
19638
12202
9616
13836
705
25626
25555
19144
12092
4825
24137
23957
11656
15380
7540
31163
11617
7149
19204
18428
782
2521
9128
2329
18394
26438
15140
6552
24264
24962
18084
25283
12675
2776
24911
23796
14740
3836
32544
1808
10711
1705
497
30546
19504
11912
9433
26954
26490
1364
12728
27941
16832
5436
13584
7214
4784
27784
9239
30357
31308
2432
10506
20079
20451
15753
2499
25599
23872
19346
23694
5940
23073
17838
32569
21106
15339
28162
1130
4758
11675
7906
2869
12340
17408
32311
13550
20002
16936
36
11580
4411
536
31977
30831
1373
21951
24071
31764
21428
29741
9893
30150
11835
18177
23346
21575
5247
11296
3148
9935
21927
32685
2272
5795
29617
565
31635
7914
19454
28457
30561
30396
10513
22418
14212
24957
8596
5376
5784
22889
26779
26819
252
18543
29485
7006
26235
17219
5889
12345
28460
31407
1669
406
30614
22314
20004
22726
6168
29355
14025
22173
15241
25791
12703
16419
2331
5338
12572
908
9605
1770
4925
2411
3937
22066
275
9762
6866
21078
26494
16285
20587
29362
27961
31552
13132
5104
2582
2077
12942
13274
9099
22891
18914
8044
21102
25907
5492
18222
13821
15181
23830
11713
30753
2187
23194
9399
26356
23092
16255
19368
18304
13748
15825
1409
17866
22673
6218
22560
9743
13473
32189
27166
6989
31867
13237
4844
26373
21547
21593
12578
9791
31274
9106
15123
28624
31885
16240
15781
10200
20092
12234
15712
11406
20966
6437
11716
16448
10611
5847
29408
21653
26298
109
8480
6934
26805
7753
28519
32492
32369
4496
3933
27627
8714
29507
24587
1744
24535
28331
11941
15047
15842
23291
31142
16433
14235
6193
27170
163
8653
13117
30552
31794
2768
5477
26760
5102
27393
17128
10500
23980
14703
27873
8840
25865
14551
23151
4558
32171
4307
27923
2398
2762
1870
17497
5796
24559
28219
17595
15684
7932
6534
1474
15538
14189
29003
27502
21501
27357
29767
28376
30699
31436
16012
23062
12107
25503
26744
31583
2439
18664
20967
4975
25465
30440
11688
813
28287
7507
24878
31884
11730
10066
3208
15023
24083
21710
20116
1360
31527
30956
6511
866
22597
468
11055
8437
32333
11703
32469
3163
17500
4368
18813
3721
22173
21034
22488
17087
8034
15842
24540
29036
18035
6574
6842
4684
15013
22238
15121
14803
31151
2850
4961
30158
2618
21069
194
23880
23607
32088
28118
22442
885
12970
508
24359
115
25494
20678
16983
2931
15142
7598
10530
5583
27159
2052
24800
30096
29732
13099
13246
28477
25224
16133
20324
4593
32702
9388
32469
6576
139
19299
15254
19451
15934
27084
23058
674
26167
1883
21821
22746
17062
12810
32120
11919
149
15438
3765
30204
5929
5962
29147
32632
13348
7491
11628
14227
20911
24661
18789
2913
22871
20836
10853
26390
30805
21333
10258
723
2322
3709
25272
29120
13802
6233
7220
10075
14640
17280
6161
26384
24179
11223
18160
21001
10496
21252
16685
1863
17320
24869
21695
2546
7620
24001
10848
25069
22902
29950
17903
10926
28465
7445
26130
1101
10875
12292
1823
6874
25585
19843
3389
14324
7308
6456
22982
4759
24100
10542
20464
20790
1330
14468
3245
29194
22490
29282
21967
3497
3625
26929
1136
10202
12187
3596
28305
680
27104
15473
5121
10165
17631
11837
4737
7121
22524
27607
9509
28875
25750
3243
13053
10631
31188
23514
12533
9297
1442
13615
23290
32625
30454
11862
2142
11264
21848
24648
8062
8954
29089
25866
27810
28820
5123
23959
24612
2511
19273
5147
30677
8269
16736
3681
22428
26723
14615
9359
21856
1393
6435
28689
31784
4206
10342
9939
19073
27847
24433
14003
12321
24426
29511
13622
3785
7197
32099
30585
17008
15637
25853
26219
29853
22724
28042
25402
16149
10738
3714
20491
25014
32271
30821
4334
4003
24008
27392
6417
6049
9176
16621
22580
27585
30241
21593
7260
19520
21755
8457
15308
6571
13516
18335
6961
4678
21977
22042
25629
32431
20059
31133
32694
4543
31446
32113
10672
32689
18598
15180
12152
4230
3802
24788
12210
12711
26950
11871
28134
19149
18900
4861
3702
23070
13339
18872
20180
7065
22323
23578
3569
16307
31175
11760
14585
30018
27755
30286
28733
19099
30256
18899
30833
10743
28534
6702
19479
29980
32514
20193
24891
1081
11601
23365
30561
3089
16939
30159
444
12123
8315
21649
416
16233
5213
4868
25914
28681
18297
9476
15999
681
20368
31516
26210
11454
2900
15364
24650
15718
16765
14184
4547
17995
13849
30187
8819
19403
10787
2668
6225
16471
31064
2184
1041
20249
19014
17504
20962
14810
1190
16284
4700
20002
491
26544
20404
13729
11291
2397
17203
9677
32478
7547
32486
13005
7893
21239
24470
18838
31532
31256
23290
5460
11635
13574
32300
21515
2985
4492
12378
24190
8346
28701
3518
26448
32364
23573
28368
13673
8052
14658
28602
23963
18766
27299
3084
16261
9772
22127
8881
18872
2158
27481
30242
18713
3187
2835
31961
18311
3247
32273
5641
15805
7166
21647
30348
7289
31288
22741
25116
28894
14086
30394
1223
10262
30452
15463
157
13885
3783
22621
940
9338
26896
14522
31278
19055
27137
12215
12544
14036
17792
16758
31830
2910
31610
32507
13998
20454
28282
4728
11266
199
18554
24781
17730
23688
8697
25679
2049
13499
8013
9416
15983
17956
30779
28864
23431
23582
7621
15355
28553
17211
29251
18243
16555
20267
18357
30056
23563
30687
6232
29060
13033
20973
11639
2691
6163
26167
10372
26595
12704
11464
8807
31673
13025
12030
21782
22005
29333
5358
870
15590
12636
8708
4897
12033
9327
25834
3416
12766
6285
7851
30970
4739
16697
9497
17318
31461
2082
17516
11454
172
28899
25643
26301
4407
25836
29520
25290
24288
31680
24487
31373
13185
4962
7287
27713
19511
19721
31844
23818
8805
16923
25236
21897
17916
1369
3857
27822
11514
17495
2670
5326
7217
7472
29870
16118
3402
31863
15201
18558
13833
6001
31504
26337
5331
22145
4059
1484
9837
17379
6497
19316
10502
21149
30176
14125
4216
4531
30877
3641
4043
8091
24455
2781
23546
29168
19479
442
3066
17771
17274
29019
14841
18958
31218
12299
18916
24482
28026
11241
31019
30308
5033
28990
7112
26620
7896
27405
10878
23726
7815
4588
1630
4308
32509
32019
5520
3724
11311
2483
7504
12206
23523
3209
32055
31745
17173
16818
12220
14254
15002
28353
13306
13812
5891
27407
17588
17438
14276
594
150
16562
4502
25969
26557
13036
14361
7575
21114
30314
10942
13703
17747
20265
26852
3375
17995
31152
4417
2943
5988
2955
4228
8827
31329
14331
9016
22927
25040
19692
12012
21027
13128
31783
13969
31344
32496
17609
28195
25234
20544
4340
12684
26590
31756
23492
25285
10869
4030
29573
29502
281
17891
11299
7296
24384
9193
5601
3089
24935
9510
3150
1687
29609
5917
12662
17985
18064
2813
10581
6243
1579
107
10641
32352
1889
11649
12648
21965
24452
2071
32230
19411
6698
29761
3676
8149
312
15384
19727
31059
11071
13502
12333
21775
17420
13468
26373
19822
17274
16110
26486
16928
1675
2178
28584
8963
32439
14780
20475
25157
27524
4574
4413
20938
21079
20358
19232
28621
10378
633
16107
26313
25534
10910
2671
17562
25715
18510
1853
11487
28374
16843
10774
2724
9689
16909
30371
1342
15497
29893
23398
15477
20893
17308
2545
4073
10570
30907
8022
30126
14687
27281
12510
9274
15245
5328
4350
4993
14854
17081
24710
6494
19019
11930
16412
9525
27198
14997
13801
24279
13183
9890
7058
11429
22773
26583
10346
25849
8875
1256
27622
11969
23518
7146
19537
21869
26452
30044
24000
5132
28143
18535
9545
7089
23425
5221
7280
22812
7650
13217
2274
15766
23104
2909
31846
3869
3255
32026
4368
961
17953
32019
13751
11342
31792
29195
7850
29227
8122
16968
11935
11394
27987
12768
27628
4257
11297
30259
22010
417
20204
8889
12022
837
11125
21246
3529
21540
15369
13802
19531
29451
8021
24134
9651
5021
19068
31868
6483
17980
8551
26014
25986
22317
26973
2986
11993
10486
18899
19213
10146
3595
20357
12645
19341
26026
9669
8587
933
4
31251
30929
18051
3485
15855
6536
2241
7669
15083
32454
4530
29032
11524
15718
2128
8787
22322
5711
19574
27000
17982
32250
28752
420
13780
15662
26127
28303
19417
3854
13793
11011
7678
24662
20512
576
13718
5090
20425
6304
1445
28784
16689
26487
1849
7078
16627
12349
28669
18007
1837
10991
14091
28162
13036
29618
23554
22427
27108
31674
9304
10126
8293
362
17138
15106
7562
21436
7666
9818
4020
25828
9937
32002
17718
28720
30893
18024
23890
14131
12516
17480
1381
6690
13793
28205
5726
3966
24630
17973
9844
16115
14827
27412
25369
17281
18454
2907
18217
22745
4780
7675
360
30730
24215
1028
7979
10076
19977
30643
20309
380
23311
27820
20869
14298
24681
17796
25998
5200
9369
642
20264
15876
6970
19879
16869
17807
20627
2027
18790
15455
13164
15306
462
23385
12576
6399
13431
31939
22516
23952
11492
28002
29607
20490
23031
22751
22603
12046
3940
21872
20307
14860
31590
21172
23276
14159
9393
28638
17297
6970
1191
32021
9177
13521
4558
11291
26260
891
20098
13357
27415
6661
12263
27947
17364
13035
28962
9721
17198
22995
9929
14885
19083
20059
9879
10954
4010
1044
5989
16052
19511
25550
15701
28100
2972
12823
22097
7062
2843
16126
6836
25954
24601
17181
13894
1824
22717
3542
19822
7152
19130
26844
25251
15800
17513
21749
12324
18447
21531
1023
18921
16986
22957
13361
7129
13620
5725
20644
6205
28436
28379
31506
10869
31785
5028
25309
16873
21897
907
3411
2371
2955
7320
29488
7644
28529
12054
5988
23411
75
18152
31511
4133
7960
7964
4843
11417
20013
29635
8577
17532
32731
9727
6974
29485
14412
26205
30543
30905
1710
22885
4586
8969
6547
27248
983
22362
29336
16570
4912
20462
32069
2744
8549
25089
3381
5036
14978
24575
1911
22390
10677
27636
15155
2221
14091
20036
11665
15598
29306
9372
23766
13172
12324
32040
16081
27113
6618
12807
32373
29564
31199
6396
15559
17972
8943
23398
22779
29316
6528
2674
985
31007
25160
17295
8806
13069
6655
31010
17345
32767
14950
13179
11851
12000
12424
24072
18442
21676
10304
29897
24144
1413
12539
9732
4247
9220
8127
15418
25264
15053
21101
25689
14877
5222
14403
9267
19131
1353
17316
5423
13988
7223
10524
14143
25939
11472
3999
28690
22025
26721
5649
2698
29040
30973
21004
19056
7806
21199
11229
26727
7837
12206
15311
2590
29961
26866
3245
2762
23929
9094
26498
10196
5633
575
3235
26062
55
21100
32239
16812
23957
26287
15958
561
11038
5131
10904
15783
24644
1341
20303
26579
5386
22608
24624
31784
21350
14956
13454
6203
6121
30191
27935
6775
17825
9918
9987
6418
4415
2270
24578
17727
10101
5438
28694
3750
4770
24791
15401
6929
9137
29175
1567
26216
25150
32730
32279
7903
18427
20603
30958
4462
19283
10409
28677
14978
32077
605
11845
20210
16050
32075
20064
20788
20594
15799
28249
1745
17220
11658
15430
25110
2701
21413
16469
13324
13955
13685
2061
15019
6546
30408
5846
24395
23807
11231
16316
14683
18635
4548
19568
10581
17114
8414
5519
8177
18772
11714
28711
26010
27724
3148
5240
30238
2719
26863
25079
17577
22047
19529
9369
31732
25329
31994
16205
3770
17972
13239
24522
11372
2019
21914
8076
28197
27645
10428
13849
20448
22243
14086
8329
18921
20737
21316
25157
7825
28080
29819
17167
12326
6491
23421
11843
29474
4833
14010
5980
20643
5179
14425
1977
3355
28255
21128
14754
1865
7268
3600
25734
25448
4582
12076
7814
30374
18604
7323
30520
1751
20872
15604
12196
12907
27775
15930
13203
5277
27690
31664
14346
31214
26716
30190
8977
14546
1030
4405
8376
681
19031
3584
2396
16624
26407
28635
32039
21177
16021
18040
22742
15960
10223
3328
26559
11104
20435
5031
30482
14542
1428
10115
11871
899
30687
27806
20824
28920
9375
7754
20185
4653
29
10676
16677
13026
5996
22204
17267
26890
12804
29444
16553
14461
13997
13127
8039
7917
22431
16109
28487
7195
18919
6620
31587
2634
3084
24720
26136
23284
32755
2670
12810
3005
23552
9813
23656
26533
14206
17783
27762
26753
13889
2151
7224
19628
6025
626
32420
13562
11306
26419
18106
24301
30698
13922
5151
20268
555
23021
26840
48
6602
27210
11349
26945
4166
3339
24494
29089
12325
8627
26412
9223
29331
12488
3339
13902
14413
20777
8574
14703
2493
30626
23540
1453
8806
25790
24986
14095
19331
9436
5409
19987
18923
22149
5057
18593
25400
11005
894
18238
15912
21784
5802
4738
8772
23119
26795
5324
23231
31251
6142
7220
16544
8034
16764
30913
12324
4247
16604
19165
27997
20870
23162
5637
15392
27592
12886
27589
12062
4436
13408
17124
29265
19791
20979
20188
5274
14118
14495
27532
5288
23513
26155
28977
13595
20890
15834
1171
23529
10646
750
14204
257
13331
23659
3438
28719
19131
17949
14485
25152
5431
4828
8955
12646
31744
25615
6139
11486
15730
14959
8696
20431
22819
1038
28751
24438
17778
19351
22921
13440
9059
27863
19926
13239
25770
29308
19895
14817
6149
285
14586
32485
20431
29563
2539
13360
22227
3079
20681
25175
10078
24484
887
18942
22680
23981
30068
19448
30227
6458
3085
7344
30117
14239
721
18119
16243
10294
21574
16638
31823
2399
6874
6999
7748
24260
32284
1911
22382
31970
44
16463
29455
19909
16240
5371
17632
21266
137
6890
8869
2379
5254
19264
7172
4175
28503
3960
25751
15648
644
334
9280
30953
12319
25052
8637
4416
27127
3075
31612
23976
20750
26124
25264
24154
26957
5775
3236
14405
13687
148
20047
12883
20316
19193
5674
6126
20559
30484
14398
9411
7641
19096
16513
24005
28335
4285
16226
31605
7138
30363
17571
18785
4694
1751
31847
7915
30837
2178
8844
21836
23588
17726
16442
24281
31990
31395
26556
25476
1696
31457
25231
1701
20398
16550
1465
14843
28788
31298
8284
16877
17990
20489
14475
20246
14060
27128
2652
20737
18512
30876
32063
26161
24698
17712
910
3429
16830
3334
6245
31770
5940
11304
20403
15952
9577
23358
11409
913
29524
1202
12755
15664
32652
29971
24797
29135
21944
27319
6841
27171
6214
18597
5990
6908
21088
28849
26482
28799
9755
2281
13259
24246
10994
12336
12242
23372
4212
26153
29105
9361
22841
10839
9454
31172
16922
5762
19265
10386
10657
30812
32675
5082
3007
11876
28584
6067
26045
19467
32526
28336
5749
18709
18838
31843
3778
16451
30482
8479
26165
303
5568
31490
10250
31095
28374
14387
27738
14621
2398
24169
4498
5678
20292
11181
10787
13218
2222
29792
29307
28548
8587
8831
25397
31827
28015
14886
13196
10663
23966
1875
24598
8215
23911
22765
2479
5211
18611
27909
16562
13742
12509
29275
4208
23414
25540
17188
24282
13863
26911
15626
29825
1893
27153
23157
16577
9577
14078
28937
11832
19877
24476
14704
7037
2731
4429
1113
19471
12619
12204
16576
25996
14587
23397
14192
19748
29565
23371
8135
31052
26555
7076
29114
2999
21494
14279
6424
18306
6943
16874
28179
14255
8581
15669
5884
6612
23729
32283
14158
24852
6798
25833
4078
25935
17358
9887
29873
4758
7560
6144
15135
11490
20006
12005
1655
31749
10622
11734
5363
29664
2111
11739
29260
11479
11919
31376
13185
16514
1522
29816
8149
24229
11886
28051
27414
11875
10989
13363
25893
20398
11490
16395
17075
4354
17199
13705
25417
11603
28743
13158
14475
9796
27535
7803
12989
3737
4619
24534
22150
22767
18998
18701
24564
32426
24369
4818
5825
4912
5920
10696
14293
5973
2258
15765
6155
8469
29856
17977
25656
11145
9367
29598
8810
8980
6105
15215
22637
478
32064
31022
31636
4227
16709
21633
3509
7948
13088
25037
2934
18974
1329
12550
4039
8305
11423
16070
20656
15492
25663
31644
22861
9871
22199
23974
9495
4794
13283
12386
100
20364
13687
5825
21042
30886
22246
29565
13088
16817
17539
11181
30141
28053
17894
30615
1029
17899
10130
13765
13865
9910
26581
29787
1679
29261
10991
9383
18202
412
14966
11514
15275
25740
5112
19638
15848
1728
19171
1705
20028
3202
16802
1433
13854
31741
32265
12064
8087
1708
7411
22715
17918
1810
10537
21277
9223
1708
22918
16329
17148
24612
31321
25823
3913
20935
1547
29494
22078
5177
12546
29356
20753
18791
27844
18618
24866
22462
9824
3404
24963
1435
17418
8655
12728
26882
9733
16011
23995
32658
11974
27187
1860
696
5718
4026
29766
19492
3320
9833
26301
24185
28940
8239
8615
26185
7219
4664
16208
18240
2996
19392
15571
2463
26654
20266
24286
15340
12335
24908
21429
7400
2805
8974
13946
8642
1331
26931
22443
11402
15878
18038
28396
1768
18120
31705
6663
29966
14901
17210
19761
29931
20172
10279
6287
32162
26744
25331
26360
21306
28016
27145
6653
17047
25180
11649
10022
22953
4537
12529
6783
28643
17022
30598
8787
4847
16896
30291
2104
11168
17683
232
15179
28456
25714
25639
20413
28811
14433
9043
6031
26195
22416
2922
14489
30854
15683
4277
25553
10965
23216
10909
4554
14102
22440
8640
26747
27636
18042
1092
11842
25573
20245
13419
28201
10333
5484
17768
12647
5442
24351
6770
29226
4255
15447
31766
11155
27292
14321
6097
11010
31150
21216
7646
1685
18187
20172
29005
23787
24417
3071
7765
16942
7111
32386
2795
32336
30452
32387
5523
148
17070
30714
5751
11345
20870
15757
30390
25331
26819
688
20990
28482
3740
16656
22109
13799
2218
3378
22100
20267
7836
7767
16686
28163
29997
3492
30095
14410
5459
4223
8784
29773
29625
12860
10634
12172
3184
20729
14833
17087
26338
25030
4708
22296
5639
16394
9154
20680
2267
3106
1278
17092
16143
23882
28022
20425
13822
19137
10624
7325
8676
4136
15686
14233
18250
20779
10709
6500
2245
16484
2160
8961
31968
11644
28714
15628
8279
16020
22964
31808
30854
22755
30067
28477
14880
31904
10197
31112
18468
6178
8166
24532
7949
5702
15390
27008
74
11281
12669
15200
29165
10646
10459
20416
26279
21018
18041
12198
8692
32631
20443
20824
11411
5310
25562
16414
27961
1056
30965
29001
14726
27663
5608
27252
29496
4000
30848
7434
1439
11828
7853
6921
22353
32343
26073
2309
1054
20456
13432
29039
29510
6523
25056
23831
7658
29947
20571
21744
6593
20372
28027
12563
15372
20687
3246
22791
26828
15615
20498
22848
25138
22237
5003
29157
11351
1135
3602
727
22829
15150
7504
30958
20662
30567
28523
8326
26995
17122
32544
314
25888
3778
5650
9967
9630
25772
18785
31765
11825
13099
9343
6441
17643
14675
30271
11646
18536
21925
29743
25918
3516
15411
10280
28843
23210
22533
23587
4267
20503
23482
30798
19588
22717
17778
1888
13540
28708
23020
21801
22564
21966
23276
23405
19405
178
31968
28914
28508
26349
24514
28376
19522
28083
3904
16425
14127
5515
19995
4017
5776
14012
12493
2064
29271
25090
19310
23053
12538
14726
30424
32045
9662
22029
28938
24197
21557
3184
23754
29132
3333
10060
25743
22708
18412
26874
1181
5242
24321
27074
16498
30140
3901
9803
18273
16012
25145
21078
19581
10946
25913
17324
5560
21142
20842
2389
1612
7022
2408
779
10330
10996
4099
3311
31185
4204
23619
4986
146
6213
11946
9141
27090
32237
19384
19373
14527
28650
16309
24353
18534
6695
4010
29823
9428
10891
31665
11791
32635
976
13934
9069
17112
4755
13790
32572
2387
30887
335
9497
31591
687
8368
29646
22786
7148
4363
30664
12847
13395
25168
8652
4850
19683
25172
21989
9843
7733
31001
26273
5471
3413
6736
20604
9100
25296
28700
18845
20700
30734
8985
31168
355
20194
25501
28276
28876
18272
6206
8070
29944
26607
21908
6077
21481
27551
832
5575
12511
2748
21036
14708
21696
12707
26645
4386
21949
6612
25671
7033
25139
31049
8616
4440
13007
15366
23032
3086
26614
31730
3671
23502
22116
10981
22792
8797
1811
8962
3188
1550
28254
4423
17266
4336
7782
28258
18117
4166
30901
31174
27622
2103
8993
27391
20741
4039
17395
19778
6730
10502
18761
14665
5216
27015
16313
24926
24628
1812
31799
9141
3066
7328
7481
5886
15730
15229
10009
17723
20841
7376
16314
2255
5250
1857
19822
16344
31030
15607
32023
18879
28442
1475
29581
782
16224
10651
11840
13185
4769
28491
22303
8799
986
29543
4024
17674
25780
27524
30624
15317
5896
10663
29205
4375
8098
29694
28386
28286
22085
1230
14979
15525
22256
18093
6538
24808
6240
8433
13121
3447
19414
26728
3985
22441
27162
18506
11298
2195
4544
14187
27844
23514
6826
19893
27406
8389
718
3542
26948
29078
6201
30518
27774
29979
1108
29740
16903
24192
7271
30833
29700
8039
7003
25557
29014
58
10436
32048
27841
4800
20767
6556
14157
13039
21335
17377
6636
2562
26511
30769
29278
18379
25371
18454
5970
1609
24015
31400
18382
2941
15485
32003
10704
23930
17593
14072
7222
23740
7647
6147
24539
22714
25432
28797
23555
21182
11288
27411
505
25333
11115
14967
5110
29634
20210
20309
21317
18264
32232
10889
22949
31624
23978
8079
8687
32727
16247
6971
1016
12756
7028
17066
10169
5033
15603
32376
13229
20719
1012
17971
14971
1479
24556
16400
11221
31782
26566
2269
19616
21360
13096
14391
31317
17993
22775
29949
15783
680
14109
11781
28774
18476
26506
19213
31395
16564
1656
27124
27413
18218
11764
31786
28347
4255
19098
22629
27587
27549
11680
5269
17323
2488
22
15387
166
1895
31595
13877
29249
9746
2868
28861
32070
27756
15401
8980
8928
8451
7280
15705
769
21270
28959
22494
24065
26022
25852
14044
22920
20687
5255
13925
3245
3417
6970
12955
5983
24203
1551
16416
18692
28223
20291
18637
6753
28476
18265
24743
32442
14783
3939
26382
20538
5723
2173
18488
23445
11011
23706
29406
20203
15974
1155
22069
4080
17787
28444
31776
15690
28508
11753
5028
24378
9047
19154
32668
2943
9538
11043
15790
119
21520
9175
14717
31624
13986
8982
24608
20158
19167
4860
2004
31157
19207
22940
32749
18874
23876
6725
23827
17709
24963
7172
21930
26153
20865
31081
17042
26728
26409
32142
6161
11872
32029
21078
27405
434
23955
25587
22143
12997
29538
7595
21796
23470
4444
25563
25462
19028
17375
28476
32218
21969
24743
28005
20251
8987
18662
2705
8983
7395
4503
18595
29112
8893
1551
18279
5670
13186
14549
25115
1595
5874
5811
17966
7736
19102
12301
26439
21686
13830
11378
29833
27359
27134
7281
13078
27869
28502
7598
25041
5779
26809
1333
2665
28811
3030
1037
25491
14640
13758
31249
10390
28222
7821
27387
2573
2678
28749
18882
7144
19350
17687
3622
25781
5256
20603
18568
29214
16346
14371
10240
5810
30318
24498
9898
13544
24179
11250
20544
15200
13971
303
22254
13933
12654
222
27233
6865
9544
19075
1314
11719
25598
17361
9250
11847
20287
11282
7318
9093
31992
32457
1028
29883
16
27030
24222
11816
10582
22875
2000
5976
21688
25245
2325
32423
5813
2349
21262
24065
24085
11015
3285
15595
24023
4730
28047
29639
21355
29577
21568
13395
32033
22674
4580
31604
21730
16941
6587
20530
25374
32343
3044
29699
15877
31440
20013
26700
2298
5825
10026
27941
2116
14242
3972
23901
7431
9563
11668
3005
15731
29097
12080
1425
15676
28356
30149
24165
31306
31039
18598
26893
16817
6447
420
488
227
16015
26591
20069
5925
7395
11484
5573
23359
27164
16343
5923
10616
1212
27482
178
3521
17722
28942
27719
24113
32424
6098
1303
22961
29331
24586
15041
7929
15403
21049
9615
4027
30371
7123
32760
29725
8923
28236
22890
29293
4157
21621
26183
12048
19685
29192
4398
10428
24836
24961
12667
9448
22918
9264
2833
16512
26098
22669
31575
30940
3474
10955
30592
16627
16341
13232
16400
30412
17393
14755
28059
19766
19404
2055
15056
32185
11805
20679
12215
22220
3022
19506
4663
31304
25766
2826
16347
24605
24356
11991
21718
28996
18350
31873
17476
20213
2795
32030
17842
6681
12141
8457
15329
20226
4755
6452
30919
2394
27821
23231
727
17497
24674
201
16258
27451
6479
134
9982
19954
15857
25489
25926
19992
14533
31876
3170
22567
7341
18887
15336
31980
10390
31397
25027
16185
11864
19109
30771
27099
24797
10007
25877
459
19846
21229
24165
10409
1226
31948
30721
869
13857
31587
16047
31040
17184
9212
1122
24307
3557
28496
16825
25133
1717
24736
12489
18755
15588
25345
1308
23331
30453
4344
25849
907
5635
6726
2022
1912
18528
15365
7788
24032
20347
32500
26394
163
23815
12304
5325
18880
19289
18276
27182
12484
13586
12577
11899
31881
12287
11505
24459
15644
12093
14217
17676
8703
20641
12925
18704
145
6486
15961
14792
7882
26056
31469
22670
5675
4289
8680
23081
25333
5586
12201
15437
29594
13045
3665
5218
19569
19824
30493
15238
5037
7677
32243
31701
6544
26663
31546
8936
12508
16631
18415
7579
27531
10448
32757
276
4031
31896
16045
9473
22780
536
2503
13088
22933
5030
24152
20485
4196
12033
5164
16664
1726
27516
2909
13277
2726
7007
22564
2680
22849
7306
24816
20848
19851
7259
8885
17075
26439
21202
3975
31194
15932
30963
15207
15791
13726
32364
19293
748
971
17016
23239
3142
25144
21507
19184
19370
31146
32015
12516
26823
24233
7510
21891
4300
12849
6193
31701
29555
15020
22968
24989
4414
2333
14123
11825
16128
32414
11921
17288
672
17932
18846
9621
11546
5633
10202
27603
21958
20226
29696
28962
6877
18938
18596
13777
19257
27367
18457
10236
23900
19412
27538
17944
22452
5127
19847
20428
3614
20347
29531
30978
22696
23185
23099
21311
10139
13826
19273
24879
6329
22296
15098
2181
29123
18462
14268
22018
9278
11541
11229
18386
15991
168
30376
4639
28101
7522
8401
4577
30222
26399
12307
25075
17036
10432
24087
18028
29649
31267
13976
25132
3849
16979
24773
27317
12928
10747
6118
20029
29540
4641
5955
1
18635
25360
32065
24283
10231
18326
27087
27159
13785
10352
23552
14467
12757
31747
4857
26053
32197
15949
30222
27121
26432
9498
18472
3931
5660
25723
10858
31402
17457
6004
12820
31022
8800
8437
5543
2420
3797
6411
13642
21015
136
6744
620
31448
19466
961
2731
7153
9598
614
10740
14247
997
30679
10220
29215
18848
4229
17551
31602
22063
7798
30743
24579
25919
3133
27168
13073
24292
31786
25609
18312
32035
26558
17053
27421
27315
21345
10995
22425
16132
27223
1682
20085
31617
5873
2777
4776
28179
27392
20383
13501
7398
27791
14614
25896
8047
6866
14581
16602
2222
16217
10966
19475
18096
24457
20444
3960
7001
25165
11674
2917
4704
15881
21552
30084
6299
17104
20407
29855
6269
21718
18656
20146
16349
11048
6359
15685
21240
26266
21614
23544
12474
5377
4727
25952
27705
29859
29041
12817
8067
3052
8296
11772
23449
26979
28438
14332
22971
8156
10574
8107
20966
21230
16795
13690
6812
26535
3876
8449
30179
11647
8914
29075
12176
5003
30645
7446
28869
15859
676
24849
27833
4006
25892
14855
19127
31820
18316
25860
29034
13949
7782
8053
5975
3632
24343
6460
15531
4982
26563
19716
29239
20840
7787
13010
4537
13661
2904
221
19293
30305
29373
28320
11395
4323
12696
11821
963
10926
25049
4036
17966
29467
2502
932
22999
21380
23198
28193
27027
1019
17020
503
9724
22588
21887
5342
6076
22753
21032
8799
26376
31957
17667
28901
15466
5899
3978
3351
7876
19568
22086
3941
29330
9758
6711
24545
32367
5074
374
27729
6363
29344
4889
1154
25403
27621
27223
20703
13857
16510
9453
5953
8910
21559
4287
16905
11765
3462
23747
23917
10178
23930
20763
32527
17691
1006
21121
19412
24102
25602
13544
4083
30219
31948
8544
7500
28667
23114
4923
25596
5489
4763
12398
31022
20919
9071
314
51
18093
17341
19211
10710
7878
32180
4768
15849
16467
9459
2412
25380
17924
31996
27196
6448
24747
9190
2331
6398
1604
5459
6770
3933
4659
22946
30068
26060
15052
13670
21945
3468
24
27926
24617
250
30678
28934
28444
28444
6849
1429
27072
17786
30481
15272
10938
3119
27716
19800
14864
18495
21534
13032
24134
22571
15599
1018
18631
32451
6420
30978
24967
4156
1984
8442
30183
30082
6909
8024
20185
31183
16109
1597
29252
5757
9814
8431
5034
12569
24669

