100000

17467
12897
23070
30920
21980
25430
7414
6493
31230
8586
11723
8904
20295
23899
5785
9694
22208
14588
16595
13851
9864
16479
23986
162
13514
22617
10444
21632
20204
10497
14568
49
4361
1881
21265
10341
29090
8752
29673
31748
13712
30278
832
26991
24637
19890
26085
14601
29716
20097
25020
12534
5942
23712
2065
9762
28783
21244
6700
7813
20584
22503
7206
26790
31518
20670
2555
19550
9618
14536
25311
14559
31683
24418
32470
5108
17113
20825
25215
3723
27555
29080
1328
8816
10563
1283
15688
7515
24616
13730
18113
23853
317
20738
6149
8567
9568
17880
30979
5692
32022
9448
4225
31736
26749
10533
23476
4320
19330
2842
17422
8044
29267
9096
18263
22035
6680
8529
26111
19541
29150
22164
19379
22783
10195
24858
26158
7595
22201
12785
24146
27526
26517
14422
10103
25942
15271
13273
6403
699
12959
29115
17978
22708
24846
31131
2136
19302
2843
27985
28381
3353
14199
8219
2601
3716
28307
10487
17480
17482
31248
29775
15375
26052
14455
6363
22120
2305
22826
29636
31210
16395
5274
20485
10413
7020
13499
7447
27740
13809
437
30925
18571
11694
26333
4221
10059
11842
25571
7520
29692
28765
7756
59
22627
21119
10019
16447
20477
28418
18668
28974
1426
21338
29146
17600
12044
15516
3650
19269
23434
32061
26446
10123
26545
28700
23030
14850
3138
7363
31276
1822
15090
28906
30295
23805
15734
13117
20227
31818
19165
4960
14039
18529
1826
31535
11975
17076
8450
1354
12939
21869
523
15569
2383
12629
17654
2668
3756
17140
26166
29327
2007
762
25297
2300
22808
9693
14703
15753
12158
28356
432
26147
29394
10660
3523
10771
5065
4264
18997
12928
2685
8407
20486
17461
6430
8689
23810
9893
9957
26009
9806
31788
18250
441
14658
28568
16759
2595
24182
23272
11260
3444
13088
19284
28868
22846
27805
1677
19784
18790
31309
30021
8962
9930
31140
5874
11301
22823
12414
25295
26763
28731
435
14884
22255
18470
4076
20424
20060
19734
693
10468
3045
8739
8659
6905
18583
12152
15063
27429
27564
23476
1267
29346
11521
29840
30477
27791
15307
2753
17426
20723
15749
17696
29069
24831
14637
28424
15480
18579
17071
17919
16465
30980
31394
19097
5233
8477
13874
6298
21402
26211
25437
2651
16847
17309
32099
11119
1128
12436
9591
16005
8293
30488
13243
23184
13059
22851
21611
25382
6285
27906
1368
24614
30069
20688
1945
30878
21923
7621
6525
5356
22029
15056
3268
27683
3208
30017
3342
176
8669
650
10899
20541
21024
20294
32021
15061
18237
16250
29459
25929
468
17435
8512
6867
17479
27089
9779
29178
13329
17659
30304
14517
9561
24307
9287
27603
17606
2195
30955
15770
5014
13816
28806
28591
27114
18309
28539
1078
29540
25643
17292
2617
23028
18664
17741
2382
4847
12686
11736
20596
610
16070
29891
11327
26789
32084
19023
18485
20019
29341
482
16247
25016
21094
184
8356
31852
16862
1237
26874
16544
19423
22590
15038
1686
27249
17512
21214
2966
18832
23025
470
5950
10031
24718
11216
2842
29820
837
5135
4213
7270
3292
30605
22638
4956
18577
15075
8782
5208
23307
12138
31768
12061
10129
13216
29026
3005
5498
13005
7268
1885
18916
18406
19791
3644
10665
1969
15328
22258
14223
13866
30516
25334
8895
27430
2014
26723
6521
27190
30775
2300
13317
12750
14069
31341
3053
1446
2047
980
21353
30817
30592
29823
283
14445
826
30711
25596
9258
28190
27454
13207
26958
29209
5974
28789
13192
17456
29954
10456
11875
7887
24017
30124
24174
18014
20055
17338
5530
15382
7614
15647
1763
4883
20094
26364
15666
7082
23656
18288
31106
22780
11241
10179
15426
29899
32397
18148
32251
9613
4290
4118
23347
15039
17631
10726
14225
17276
32612
29024
7234
846
6275
13698
21914
10564
1760
18161
5119
32069
10134
12267
5123
30627
18298
10365
4560
30451
20899
6902
3017
2077
18218
19611
6254
29871
25646
32412
21376
2935
5659
6983
9830
22352
10028
17276
28624
14396
17199
20577
20122
4787
14729
7510
5107
2363
8313
11820
8382
29753
15777
1425
12856
3079
22466
16335
25052
31046
21959
17847
23684
16246
20229
11223
5328
13764
28865
4596
29899
546
23794
5812
21196
19101
26185
13210
11675
4331
19823
5431
29653
27716
25486
17311
23186
5492
13842
12059
1860
31021
10161
29981
4323
17569
6824
29049
7239
8272
4168
28625
6101
3359
25010
4433
23133
6059
30175
15005
10563
21980
6371
7688
27101
25277
22642
13831
541
19595
2467
17381
11376
10508
23540
9912
17125
17441
7566
7827
17810
7327
5323
20477
8244
9051
4854
7074
29461
28804
9298
7753
25395
25398
349
27910
13726
24395
9557
25009
14882
7541
11772
2966
18726
16778
26777
6254
22740
11038
12351
18831
28026
13399
337
18783
26928
21245
26182
29966
32444
20433
8618
28293
19378
2080
14693
2713
24032
28055
18240
28549
10216
14425
12965
30615
10543
32591
14246
11305
19702
10943
24386
27859
17607
29985
19683
5855
25107
28206
1322
16637
13081
13369
4591
24376
26377
22466
10116
25385
15722
7497
12090
11371
1209
4448
23335
23887
27731
8964
10022
26576
11669
14381
27422
26313
20545
28836
25224
5989
3619
2837
19755
1751
6645
8293
3370
18508
19841
10565
26177
18206
773
520
16972
2379
7643
24753
7945
30245
1625
29009
2334
30027
7415
3216
18526
31191
26799
15497
8520
19929
1194
987
20432
12805
4376
6908
8035
9640
11104
6097
17445
27361
12665
13180
22909
6925
21655
8822
10707
24451
16139
13021
9112
8834
20836
9487
8071
19559
15067
29303
23595
24867
28910
30375
21154
4589
19018
11943
18592
5940
16622
653
17335
26328
8078
19790
16853
6809
7733
5844
23310
6864
12847
13393
12443
24925
5414
17106
19747
26848
18315
12311
23098
7212
4664
17826
20264
23032
19283
27150
31979
24792
25205
3234
7039
14188
30731
28454
15452
25815
1021
16885
17985
3443
20366
18004
24112
18372
18052
27394
25017
15786
25480
5905
22140
28122
15311
5875
29418
8590
28154
24536
9291
27260
30779
7480
13829
15621
14778
15531
32283
31408
9015
27649
13044
214
23280
15759
20062
3999
22469
26311
8658
7469
14234
19724
32762
26902
21757
21700
8048
25624
24584
9902
6857
16392
32393
24437
12754
15372
14177
23942
12313
266
11562
8479
7343
8800
27677
29353
5933
5846
20274
17224
1525
15824
16520
31664
31162
17609
22792
11578
27203
252
9030
22839
12395
4452
1447
17028
24941
23783
6089
32095
28510
16591
26399
12664
13051
889
28380
16971
17061
24401
18195
20910
15018
14846
20252
20646
23238
23513
22329
4735
7402
15268
3449
5660
10555
12921
12765
31115
19294
11264
21946
19420
19699
9957
10846
12596
22879
6537
8950
3357
20175
3832
28080
10016
8314
4124
2076
32150
11814
11568
29400
15035
13549
15222
18540
4
15681
6957
15219
31667
10798
6590
16380
31912
19935
17462
25647
30842
10084
15864
7220
14278
11698
28596
1360
7367
19435
8851
25681
14375
29408
23476
25389
8213
25557
3036
20966
15768
6276
26473
28336
1059
27748
31368
31062
18281
27434
19880
5594
9074
26768
11823
16988
10991
17750
28523
25660
20427
1415
14283
12419
14850
7166
11855
29567
182
3880
7229
31662
31104
23308
22294
11230
4612
13448
1736
30865
26568
4573
7205
21670
4678
7278
2964
20790
21311
28612
8198
29885
8531
18902
31276
3450
16591
4231
4072
792
24262
20593
16385
27533
25187
6369
19994
26435
26749
22818
23269
2165
7532
8959
11412
18909
26907
30339
23440
22668
8543
31491
14190
13593
13959
18783
30751
28669
3637
11140
3942
1342
108
30005
11919
6987
10985
23052
21599
10535
3767
25787
30535
18378
11262
29592
8156
12997
4124
24153
1932
15396
2550
10523
3977
14232
30864
26794
9226
8406
26588
15356
24499
314
28624
32510
849
22704
2491
6804
5579
3540
20441
5594
16470
10584
23333
19633
15079
24742
13166
28535
23790
13255
1453
12309
9793
8836
5270
16447
21590
15563
5997
1271
22454
4692
31515
9043
15790
17795
14721
19073
25160
17809
15116
24328
32378
29671
30346
27472
26268
14538
17212
31077
3359
19261
4396
14840
7549
12323
31680
7335
17260
13477
27280
15742
29271
26579
13429
19389
16654
22414
30946
19931
11709
5285
9080
26316
24091
16958
19924
128
12259
13432
29612
32684
11656
25166
11546
25804
15141
11967
25399
32361
4018
19755
13036
4247
20094
17665
29189
5571
21721
22679
2695
31915
4113
21337
8260
1966
28577
806
13484
12614
18340
24823
15590
14803
14224
11458
24096
17050
26912
158
17443
6669
15250
7975
17962
7501
12051
292
19956
21229
9336
26215
13592
8953
17710
28149
3225
20534
10100
31079
698
5804
711
24464
23315
4962
2206
12896
11493
22889
13656
7176
23467
22555
11635
5983
32241
30373
31486
1925
9833
2243
16209
29382
17212
203
11515
25793
1950
749
24060
15305
5029
15801
23093
25995
20059
11233
25116
20209
9746
9025
20916
2887
10999
21788
12221
30365
14314
9129
15655
22380
7565
28878
6349
17276
923
18987
19296
19460
29820
5722
20385
13588
18198
10101
27348
15408
23269
22233
26993
12861
23118
3626
5148
27810
30512
24984
28887
20903
21949
8032
9335
1056
6536
30869
2132
29264
18654
10016
18501
19464
31322
13574
7372
9231
180
18665
30093
16582
2266
7122
10245
24588
24130
31789
30328
29280
18814
533
811
4421
15633
22738
980
13547
17537
16800
18767
27915
27053
13234
28562
8467
1121
15735
18915
7043
10280
2844
24393
25751
9313
13906
2880
12326
19093
17233
5808
25290
28424
28445
23840
29249
22414
13064
21031
9491
3232
8568
31524
30069
16559
32746
12591
7022
16824
16951
16208
568
10521
19222
12526
11497
15779
5603
25738
20051
15344
11679
13997
6184
30967
5431
22814
1378
4829
1289
10841
9185
9231
8612
8509
8534
11405
4047
8453
8033
9609
2510
18809
4854
29488
23008
5989
13061
10440
24076
26955
14938
21243
31005
15445
194
15474
5356
13709
12143
24742
6621
19280
5277
243
32684
8960
23158
4079
23402
30458
9523
26361
3778
6344
23685
31253
31873
25495
9267
32247
26198
13035
18436
13405
22485
12689
7903
21154
17090
5334
10545
13968
12429
6134
28303
23927
11545
19415
24221
20859
20161
3831
14638
306
32669
16803
16812
13679
27649
2667
16827
6488
14919
16082
7961
2239
28623
17482
2248
6319
10051
32095
32624
3652
31776
5938
15615
14272
20338
19241
16274
23516
18911
26853
31640
13148
16102
15476
31028
8422
21865
9416
24804
6932
6505
28264
15201
31944
23314
18022
26822
12224
32503
22929
4851
25962
9118
29675
7988
20985
16447
13406
25374
7608
8393
10410
8378
158
25382
26018
3558
15395
22976
28568
27383
26451
30532
1814
27811
16673
10150
11727
32031
31997
14949
30676
6276
15785
16912
32011
18551
12872
3337
32478
777
2488
7049
5680
28892
12321
14052
32149
24200
2766
3598
19394
23868
9788
31582
12866
22185
2673
22419
5227
6171
10639
32277
2705
6377
7337
26237
9593
16
8917
30550
1552
11547
5763
30245
7517
18502
19725
14504
10421
7650
5263
31580
15918
18683
17400
321
32086
28985
4449
24801
14372
8196
8862
8847
10286
28907
3091
5101
1053
8519
12745
29873
2398
17179
16066
24744
19995
5951
9865
6907
28522
21182
25868
7857
28612
21372
28846
6261
22968
2076
4761
11673
31456
3872
6481
13404
19221
20818
6543
16744
21471
7011
12620
11935
11311
31443
284
32535
23633
25104
20413
17507
15900
22498
3056
26901
11628
13830
8327
1152
7378
15130
20160
7107
25225
29625
721
29699
20908
16102
22212
23031
29607
29102
14213
682
30188
24073
24634
27004
8167
16642
8146
20330
25907
23575
7393
16272
26638
15843
2987
15596
10
32250
2686
32101
6406
28693
6214
22028
32349
4719
22875
15521
26205
15214
7837
601
20987
19078
25283
11230
5316
24667
12784
2712
6423
25125
12167
31531
13458
19545
11841
27969
8394
6278
3709
6281
27711
14972
22231
768
30607
30900
15099
15471
21225
9196
1212
29492
4037
29202
4960
17990
23250
99
25918
30836
29232
16596
24460
26861
19424
22193
18546
29957
121
9860
10082
10038
19996
7480
32684
22373
18345
29310
6477
8295
1075
27248
19464
20164
25266
23156
185
11451
13816
30052
23781
20358
27879
8940
19605
18911
2784
26163
24165
26562
1150
6077
9688
22389
21637
30352
6126
25542
23829
21653
5625
9108
26916
25154
6828
17040
25131
23926
15733
18245
3614
10148
13
31318
27042
1844
6733
21255
29307
6182
14403
3327
30275
12281
24197
19277
14690
14539
26821
27816
2618
18369
22182
29947
5282
29353
23246
12321
2454
10462
24636
29164
28460
4972
31196
5997
11466
16501
28761
11631
10135
7636
25139
24645
815
1791
10769
6342
23195
27186
32600
27285
1408
18634
1276
14246
15766
5871
14999
11517
14428
15989
952
31929
2315
18692
14717
31058
24264
30071
31332
30239
29469
15491
11358
4379
15530
2201
25893
18920
14872
9485
11472
2580
26959
10359
20133
668
16105
24154
11310
686
12774
29699
18063
11187
12193
27828
29206
9869
3074
8450
26644
15901
16886
19836
10987
777
6172
29837
28777
23740
32194
6052
1620
11182
13327
2961
25926
24805
6017
27699
26043
11964
7579
29520
19305
14051
23255
14020
6864
22951
9442
4574
27921
2675
9480
15879
13827
19863
28397
24228
12420
17225
28543
1086
25869
25577
18472
27360
32394
20874
27208
30657
24936
25261
1762
14883
14575
19023
9878
29563
28370
295
32207
27346
16644
21545
20797
3947
27086
15438
32390
11942
3615
25495
32056
16676
26147
31568
27651
4908
21526
18322
32293
19534
23899
1035
23845
6726
14792
1537
21188
803
27973
16277
20273
8872
8085
2117
8060
22258
9843
20149
26701
8283
30177
6063
14550
14495
27325
28264
18950
9533
9109
10757
15871
18720
23484
11357
29643
14719
31901
32257
17226
23042
22864
27514
13679
1062
18539
2001
3244
15842
4123
14421
12715
17291
22643
11672
22591
26869
6147
28091
28826
5595
11949
21483
14528
24960
8884
10540
572
4503
13334
14933
17
96
14876
3932
12531
11797
32559
10196
14775
388
3821
24756
17417
31741
10876
26458
13661
25710
22302
24016
21032
11725
15110
5197
8527
7350
15467
31743
9183
28758
5850
14087
13568
4743
23248
27078
9764
4924
2952
12631
27524
29472
20242
25436
27853
378
25765
31486
19990
20820
21814
22319
17686
2524
4681
11826
20116
5642
30472
23134
22558
30595
24466
25631
12798
16574
19093
27965
23914
31333
14623
24929
2811
30718
16561
4053
23905
24522
918
4747
17492
27117
882
9825
973
6864
542
22691
15223
31940
25779
11729
608
7400
19685
9635
27381
20300
23699
16459
813
32342
22427
26874
9476
2405
6131
27045
11051
30389
2038
19465
24062
31875
5883
19437
11446
9585
23596
16039
1760
5163
23446
5089
27150
10827
8572
21405
30668
5754
10225
15735
10197
3544
15014
27946
27271
13471
19712
10326
20373
31235
30317
14721
1276
27484
2297
31835
16952
17030
30236
32582
29623
13192
30166
24085
14990
15733
9214
14868
5227
656
2008
29513
16330
27571
14821
1786
12396
6898
7167
14192
10245
29051
22437
24826
18230
11456
5779
8244
10938
24281
10645
11656
26852
17955
4510
4598
841
18478
7956
6417
8378
5078
7023
9290
9077
11951
12546
17265
28571
29095
1304
13945
30181
14566
14403
15484
22163
19193
16625
21502
12454
15152
21568
20598
29007
19268
20756
26891
14247
4157
24934
9371
8352
24211
17887
18177
3900
16788
32677
9112
17661
517
19573
30971
24220
12
10482
14863
2302
25678
19772
26692
611
27732
22469
25367
15329
22067
6752
20700
12049
12140
15771
1210
15368
2833
11855
1527
9096
25385
2421
7285
29048
10582
31291
1661
27538
19125
15960
15292
22620
11014
17564
24971
12889
23309
6603
21620
7040
3639
6059
27377
9453
4993
2652
21878
16087
21910
16360
16306
25794
9783
13851
5907
23029
22752
23189
6792
2607
28841
4381
6026
25238
25962
29752
30813
14064
17442
1018
1939
1813
11930
14109
3283
14500
32325
8784
9944
6390
3691
10705
1724
15184
29062
28990
28791
1885
5613
32169
9379
3035
7599
15850
6018
27028
28098
27961
6465
27280
14429
1020
21374
6537
1698
10973
16393
28063
1408
25632
31975
24141
6616
24371
8605
29596
32734
10887
31147
9878
31171
14239
18518
9726
20881
25959
31146
21310
12886
1222
25792
2977
7300
2934
829
4546
31128
26900
16923
11077
4858
12915
20396
18116
28708
5942
2779
15884
24583
21918
30646
2186
12714
8352
23849
29184
24597
11323
28684
10620
13677
21512
12129
15499
10592
4115
21974
21162
32452
11241
1170
15613
25722
29682
2861
11844
7577
19713
28928
12042
29896
27178
9120
8735
32492
5332
28325
27977
28932
15118
8368
6711
3408
14375
428
950
27577
2936
32339
25384
8557
29061
11508
21041
3018
4933
3956
5299
17021
16317
13972
16125
29931
25556
10865
3135
14032
13410
15441
31041
37
16010
9628
30549
25672
21066
6185
19339
17495
31568
9147
28195
220
31759
5324
32328
28336
32531
12425
7675
4889
29329
29213
19021
27446
16963
11570
977
17053
25458
14773
23377
23874
26453
3290
14016
30875
1945
25441
25200
26625
24897
24855
17029
20570
20912
18847
14506
18165
10756
13938
4610
22453
11430
28197
4449
13938
2335
16619
27069
8092
18990
3674
15583
11297
27159
22642
29278
7313
317
2011
31438
24449
17139
17774
21301
22317
15504
3319
23742
8801
2753
23865
23730
27801
31012
10547
14499
2407
16402
28322
17131
24341
21692
5575
11093
25739
32633
32362
26649
13940
11358
24095
11022
1949
10768
21448
14107
28829
19158
21595
10734
25275
7154
21734
3569
16908
10034
21968
18554
27356
29378
13153
14403
9807
13124
24452
6169
21064
25634
26828
31192
16522
14883
29366
28054
4382
9277
814
10527
3060
20139
18772
17314
15821
23615
16767
22953
23639
18936
23170
11598
13722
12503
47
5804
11924
23023
12058
22677
5408
22716
30112
11651
18717
8117
1575
8400
203
17188
16038
2089
11384
24118
18793
12608
15709
20046
15118
6081
21443
14495
20948
14216
6250
3578
14869
20241
17706
228
31760
9775
8411
8684
30444
11521
29299
5692
3322
1826
12142
7277
25915
22305
26995
21408
26146
24113
16180
30922
19866
17441
21654
3663
2635
7054
5650
8659
14873
30295
19290
9292
29166
7761
15680
2140
12986
17980
29396
6879
12216
18166
18893
18880
18930
15599
28203
19728
25863
6621
29978
26201
31020
32433
7960
10799
1649
29129
1370
2057
19782
17767
13932
1103
28733
16994
1561
22708
25361
27419
5258
28358
19176
27315
20658
26819
13269
1147
31209
11439
16289
6060
25814
9635
12747
2905
1939
12136
31949
13985
4364
24645
13473
6441
4008
9492
2692
30666
27436
25499
13818
12678
13788
5914
28434
24769
6371
6945
24043
7341
24564
6308
9079
28423
26674
18769
24447
20993
30285
1313
22503
19071
14318
20014
9524
29317
29782
20164
2123
2032
12354
32186
19835
21349
18705
23811
24766
31624
19240
1664
30524
6254
1942
31512
29201
6996
11508
26635
24144
24209
26511
22147
13896
29129
19658
31085
18438
30308
5565
3462
25883
8254
27938
32697
16287
11936
21618
19880
6261
29040
25675
21641
8913
11940
27669
563
16632
31740
13541
7288
32327
24817
27553
4790
27255
21737
30310
3497
14879
28076
14630
12675
20602
21019
3478
17983
5739
17696
29255
14898
17086
23777
13586
13027
30641
14905
7354
8220
22963
21608
21965
1345
875
11529
9931
27873
31484
69
12170
14987
3208
17735
14297
20195
11763
4847
20836
12788
20457
15563
20696
14280
16418
15427
25159
21302
228
14867
15565
2812
14794
19455
14708
17678
9669
15041
20821
23597
8800
25671
18176
13242
17480
3611
32542
15821
5387
15395
19541
10114
24096
24458
12908
8083
9512
29182
25776
27436
15731
20764
918
15610
4806
28200
23969
646
4443
9730
14214
7105
20266
21845
24463
12511
23143
32018
4157
6761
20812
2845
26161
3982
10008
6982
27980
3771
14936
17530
2326
13419
8293
17978
15452
29759
18990
10829
5150
26705
26167
11954
14760
10950
9186
3033
28670
28066
15342
27411
125
17632
25149
8518
23232
22211
1242
485
27585
26215
31802
24095
28736
27803
4290
1111
18025
13043
31114
21461
689
9496
14433
14523
19457
19555
30481
9274
17174
10666
18916
21765
31016
24922
31590
1030
14793
28102
17773
18769
11281
19391
6999
19798
3832
21861
27027
6746
5379
16188
28259
8744
8995
27523
4063
19459
30426
1985
21310
7904
30623
10400
22865
23506
14212
22526
1104
7366
26390
18754
10969
19312
16516
10220
31798
1157
11780
13425
31199
15147
12147
9029
10815
12462
17211
29241
26811
5236
22138
10247
30449
24627
97
12843
13117
17505
3290
21749
6274
14572
6765
25053
27431
1580
20324
10262
14175
23062
27181
21350
1198
15794
12545
11572
25257
32463
1219
29667
13053
25077
6955
15454
21682
12443
9251
4596
5297
30618
24177
18535
1924
2530
24471
13375
12382
7019
4855
15716
6491
2159
13371
32748
16648
7383
18676
28466
294
28659
23937
12072
21163
10349
2355
6126
4874
15488
32175
6051
11956
613
9619
26235
21727
9486
5724
16657
6278
20759
22919
7423
8881
11770
20726
2989
23030
30594
14998
16230
9024
19330
5951
26289
8143
32710
30939
20958
3200
5194
31691
5855
9807
5546
28550
10073
14362
986
29315
3323
13736
4375
1370
16399
2025
19741
22822
19534
28287
4251
23853
14329
6782
15588
20419
24869
26224
9191
22123
17751
20381
11361
24896
26448
5257
1617
23955
18218
7357
941
31702
8356
3530
26963
3256
25531
12684
19522
14738
7034
4524
20234
7170
14098
27752
21377
30933
26925
26263
29880
8747
4480
7911
23853
17621
25759
1642
19778
9474
17942
8785
26094
3611
2229
6903
2995
31211
2347
15393
30160
13059
22231
19076
15799
30301
24282
21127
705
22591
19825
21579
30241
28770
6530
28904
25367
4436
28276
31994
1894
3867
26692
7261
20487
22811
21973
19252
19999
27450
30088
30768
30767
23105
24589
5135
2954
32645
5497
14946
8717
1992
24728
22420
20490
26970
1156
28712
24197
1411
26742
27970
30115
31014
13789
4713
19295
24734
7341
139
10879
4844
12794
27201
26054
6164
7365
23893
2924
24260
1302
17794
27851
30007
31051
3194
20059
18777
15791
31534
21472
13356
14926
16457
31970
21610
31496
16381
17758
31852
30181
4355
16059
14154
2984
19165
13567
10564
30375
2399
13379
20320
7129
18797
613
25173
29233
774
24828
24744
29738
9346
11153
1045
20388
21271
9740
9776
18414
5282
3948
22604
32292
18084
19643
12956
5051
1675
16449
7832
23386
28468
8441
8354
3051
20397
26177
25834
10739
16191
7125
5007
6942
12972
12798
12295
6175
30389
7687
1984
28854
13279
24305
29703
22034
24439
14952
29482
8026
15828
17909
23769
15495
23004
4212
13778
19316
5578
32713
26302
824
14638
14031
23125
27059
8244
6033
18121
1895
28714
13757
9826
3465
30013
19797
9061
8792
3459
4520
31547
18350
17727
26753
7375
4053
2144
26014
1592
5275
3402
6755
9624
25769
23769
3536
16708
23312
7075
28849
11045
5413
30846
25108
17246
31375
25667
22528
3630
2974
30417
100
24856
27103
9556
11854
27458
20205
11719
10077
7452
25993
23479
25977
13121
14573
2634
8385
26786
11870
1921
13765
5089
15617
15546
15350
13307
22511
16505
24667
12330
16011
13671
22661
20234
10004
6811
452
10490
30582
28953
155
6597
102
23192
29810
30082
28333
5513
5003
1208
26308
31316
17207
3014
32418
24037
74
24962
2514
32103
11212
22817
27592
22351
4081
855
25717
5533
12619
2750
2841
27998
16447
12156
27481
6006
16054
9761
30865
18076
11796
24014
19307
16038
22894
29084
23985
28935
4088
18747
14431
17046
25532
11482
18429
24209
16530
20551
19243
15073
28492
6488
3966
12703
22833
9609
28810
21464
8109
21222
19776
22925
23622
20524
26491
21246
7378
30763
25045
32553
28647
31854
20415
27533
5524
8990
3025
16691
10318
7204
18526
25327
21037
12686
3660
16612
25177
22324
7714
1350
22207
23963
26467
32356
11784
19481
2587
27109
5579
9786
5815
1361
18689
8291
25
2004
12986
1973
29676
26943
10511
24884
3381
6736
21592
1065
5419
4659
5791
13253
17993
21832
1876
31750
17825
22823
22337
21983
18035
27106
12481
22163
3070
29834
26669
28258
15766
23284
4248
31335
16631
13500
18620
11713
3801
8587
21555
5617
13765
4246
21739
16003
32550
8551
14548
14321
27299
480
12251
1476
29612
28029
15900
14332
21843
12761
15955
13234
16478
23668
26772
28412
14234
30131
12605
9233
1650
27944
5160
16301
1471
6932
8229
3767
8930
31530
22183
28450
23825
1174
13245
2065
11502
17214
29252
19774
2654
5704
24668
20892
1176
14300
22552
11579
8316
29227
12410
31340
28967
9648
15006
11815
7876
1205
7989
20393
20388
10266
12341
21345
10130
24914
719
7437
20832
28078
26018
27937
18118
28382
1838
15720
19053
19637
24715
20717
18502
25644
14426
31516
4128
10154
20989
25125
7802
5250
7427
16545
26517
8637
30950
27256
22734
3099
24825
6402
1067
9044
5276
17004
10804
31907
4018
94
5636
11909
26453
18906
32671
31167
24264
1128
26758
926
18604
12400
9865
1410
2167
13543
4317
5534
18467
3629
878
27897
13859
25654
11382
20152
24475
19433
22607
29856
31440
14277
12166
9431
13790
23498
6960
21738
23977
2199
17281
32276
28949
16848
23706
1726
29818
5058
13731
25922
6482
27722
15898
24564
3637
31474
30058
3683
2824
23646
30912
32732
28017
5351
8986
11056
31117
7813
29601
2999
4838
3570
11832
3989
415
4876
27221
15164
6130
22652
1039
9779
19421
1685
9081
13589
6423
28030
20015
13532
16201
6804
14126
15199
12411
23818
16617
28954
17356
32210
26009
10286
103
11969
31188
25768
5298
29934
32097
14854
19913
4699
28235
8696
9002
13015
21044
12387
10930
24610
27116
18603
2248
339
17218
14386
12504
26999
7450
23068
2563
14715
20928
10326
19476
6476
15228
24022
10422
3132
18279
3620
5349
25768
10876
22041
18083
6871
27890
2534
15084
2854
16330
1113
22507
24418
20644
31580
32622
10102
4054
32191
9624
25926
7359
32311
16341
4058
19545
4006
8211
20927
32270
13980
4144
1706
13005
29726
16814
15455
6748
28071
26030
15057
2800
22125
284
22411
5883
32229
20775
6222
13637
10121
21492
26876
12094
4057
18835
26804
18835
17056
16690
4671
23295
9848
1680
17323
17764
24976
949
26933
1306
31661
27361
20333
19078
24943
15554
24724
20975
11478
32489
20809
28046
22276
13951
101
30180
14149
31540
3619
5201
29516
13945
28292
7137
17600
25327
31473
25705
14327
24607
18210
23507
18433
11883
15680
16822
31720
10052
17734
16682
26934
1438
31661
23770
16312
21153
15176
24922
17026
2722
32365
20923
21043
3665
23381
605
27770
13364
8133
22021
17625
3668
20462
20783
23209
14390
3219
30630
12383
16652
9321
10321
2061
1581
21699
27472
18732
4547
32110
26184
29592
20931
19418
27386
17372
15139
8571
21531
27824
11591
14703
9311
2496
10684
20833
7128
12207
13352
22957
14206
15708
28289
28869
20239
21092
17790
11731
17689
3816
16715
32416
32084
144
20097
7348
3382
24783
4949
23999
23234
2153
9488
25399
7585
15411
12735
27971
30323
14106
29227
21720
4199
5479
30731
28961
265
1346
11385
27685
23132
24692
4771
19108
9001
4977
8899
11073
10646
30101
20817
231
25594
30382
5750
19557
21488
17851
2501
6491
8107
21747
26150
16986
21897
24329
2578
16455
3562
20911
18438
2304
24386
16729
6961
16706
22637
19011
5232
17867
30019
693
4989
20411
16749
25222
8292
14400
7543
17375
31030
8050
23077
24897
10240
31356
7691
29897
13566
19709
18776
23731
18701
4526
19443
26910
21599
5700
8649
14094
3442
20120
26981
15543
23619
25349
18625
27385
1471
32273
5211
2087
11130
7504
27788
10252
29603
27014
17685
25904
27960
23052
2811
16215
1142
10101
23702
17227
7060
20848
2020
24539
7088
15344
17187
3108
4618
10123
21406
8975
11632
2336
5831
6171
12281
1213
8582
26973
10486
4032
27089
29381
2854
32316
11901
1698
29481
32670
4435
28520
12855
20112
5991
16049
28946
6173
933
3459
32569
24086
16301
4561
8799
22709
18145
11588
31259
7041
18363
22843
19425
369
28517
5136
19249
9300
4995
13213
12814
25456
11859
16638
15794
15722
24825
16793
25472
358
28692
4444
21050
7022
28309
12870
4980
24
2769
13609
24905
31587
12757
8110
1100
26339
31993
29593
19905
2846
7608
15182
526
12341
15294
16276
18284
8647
31043
19098
27874
10770
4504
7224
7540
18523
17919
29558
21400
9872
3264
20818
8425
4653
13945
22718
7711
31836
32182
28649
5951
17760
13505
1727
18447
22323
1468
9907
15565
21358
30956
12220
11040
22634
13656
26269
22351
8613
12179
14442
22961
1895
15062
22344
22629
8613
12369
5236
2370
4645
8387
7047
4113
14819
17481
29432
3322
23988
7283
26082
28477
32297
31901
15111
24611
26294
27773
23830
23091
14355
6392
22569
16552
29155
18234
20626
2851
16276
32261
22231
22942
3206
22857
15611
1185
9071
15350
20735
32184
23806
21518
8361
5156
8638
9470
10884
29137
17214
3118
8232
25736
28783
29655
7611
18278
18765
10261
31416
8333
21953
573
6127
18201
25542
24176
20174
9558
4300
3952
26078
27440
601
17587
11920
17642
4598
5814
12346
27155
28745
11668
1117
6326
895
13783
18473
20690
1261
6030
18243
25609
8694
9120
17349
11676
9263
11103
32647
1687
25793
13920
27293
19017
3855
19083
6944
32503
30361
31342
29234
30418
1056
11734
4668
32037
32268
22689
2682
25555
12298
5070
23482
1281
13817
19670
14944
3344
28167
32575
12718
8398
22039
11374
3138
13293
22631
1469
9696
9140
19311
31949
2674
27124
10508
11806
1613
31806
16605
23004
2998
11091
27117
24316
4517
5852
30611
27784
20425
2395
30103
23863
31691
20578
28566
28993
27607
25859
18344
23153
16985
30855
24639
20092
1796
14690
7507
5009
20761
25703
188
15153
26342
30265
26079
32577
30349
4354
8332
30046
19462
27239
807
3184
10343
21947
4102
2178
7779
15986
23067
28881
6161
9945
22739
9250
27119
32517
13117
1881
5927
26633
18031
584
11025
14189
27430
16069
19448
20187
16044
24063
27425
7194
29439
6162
13833
21825
27183
31192
11503
17700
8456
13570
658
15379
11505
13928
10556
30916
20756
30366
12543
7565
28351
14536
23359
1494
21770
11183
1905
4047
13243
8468
23841
11870
13670
20292
22330
22364
1241
20716
5250
8704
16823
22319
4452
10651
10338
16886
12018
2182
28958
4743
11050
32601
10868
27738
28280
7262
4821
6183
21117
30534
13696
15684
17935
21786
20134
17710
29313
18548
15051
7526
17956
8686
30063
19326
2061
17627
27374
1907
22809
13365
8613
20541
17967
27607
32342
11941
20421
23020
10189
6743
2726
3240
19908
13624
15858
26678
22277
20729
8806
30961
15054
29421
9949
13782
2425
18967
24087
18233
26716
19336
31162
9656
1263
26856
30358
9582
17196
5458
24109
16745
11068
3173
16755
15197
23119
3991
20690
25497
31436
3533
13681
7483
1962
26921
4022
29344
24349
20259
16138
19999
26742
22236
22236
10999
20804
22958
25832
21125
9664
14856
27833
31163
18536
3193
15468
21197
3305
22282
32440
26413
31298
23249
11819
19898
30759
7107
19894
4405
27555
6858
2668
23284
1794
30232
10887
13786
20718
25530
28076
32134
9944
14960
17008
19915
16026
31932
29978
1632
27482
6713
15274
14041
10673
23342
17179
1750
14092
10851
8678
28283
14419
12595
21447
21280
13257
31203
8899
23625
25140
3122
8554
5336
6973
14385
6746
11393
24857
853
6404
28031
20329
27595
28595
14981
29023
30219
24266
10488
17187
14512
16716
2907
25205
23175
25250
11
12947
14054
24985
22572
30557
7231
17579
27363
11191
22772
9087
10437
5935
2669
2483
912
26336
25193
30424
32281
19861
22161
8126
30854
28466
28243
21746
3261
6992
8941
12934
3869
6952
1480
32016
1899
5810
8456
20469
13839
21774
18017
232
31104
23586
16428
23725
10237
13189
6330
8483
12670
20123
27624
22657
7658
25090
30451
31200
15242
10285
23182
29434
4542
22863
17202
32561
27630
23163
27574
28627
4292
26633
11807
18844
31128
16187
5817
23420
7724
2849
11623
12955
10394
6329
26935
3995
9610
5723
569
16669
1192
25172
5522
1926
32086
11474
20428
26115
11165
28928
4464
1226
31082
2417
16855
2211
10231
25538
17469
935
3463
6011
17175
25416
23382
25655
17830
32658
32720
23301
17357
12209
30977
14093
11296
1970
11085
10615
4157
9102
4193
7304
27487
9060
21097
12814
14128
15622
10115
255
17119
1719
372
22109
115
24371
26011
32092
15455
5872
291
21191
29526
16036
19836
10144
14944
16135
22795
14087
27950
7642
2080
13148
5802
5160
25129
11944
18387
22988
16166
25145
20680
18995
26973
6541
4130
18019
1871
17522
19591
30780
25066
29802
19581
23294
23296
18772
8315
11532
10232
4425
21318
12016
9412
8133
29819
21406
21267
8199
12647
17917
22983
26298
28703
26531
6313
1748
8397
11488
9307
11711
14665
31231
16015
2743
3817
26056
7799
17779
665
1354
7548
18439
13102
9431
7219
24585
10743
4687
13197
31474
13717
23714
1614
456
26381
11408
18112
6138
25884
6835
17576
16780
2507
9920
6009
13427
32322
13322
14536
22851
18657
12103
8960
16135
397
16791
18519
1648
8264
13506
30208
2099
6661
27841
30626
15020
16314
6785
3850
6855
5046
3043
5149
7200
2357
15623
20752
25705
25138
3786
28379
22029
8060
18061
1514
11794
14092
15161
10006
14660
1174
21375
28885
25744
10334
14693
1197
11438
18509
26366
28911
12547
26436
28792
25249
28101
18096
12125
13244
24928
1631
13074
10648
8472
30354
6820
30628
8432
20563
15299
23130
13003
18440
15119
24178
210
11849
31123
10326
1813
4847
31631
20439
20597
7789
11387
9246
31425
5476
9288
27621
17951
14961
20969
30183
13230
586
12050
3476
30569
19977
24896
10250
16719
8135
27641
23873
8641
32109
22613
389
3371
30151
30141
29482
17126
31706
6131
28795
7005
3192
30290
2547
367
21009
4184
1200
6933
15052
15201
16676
25925
13526
15797
31246
18198
1274
6853
28584
24612
27507
29874
21282
5686
2814
9999
1616
9758
17971
32488
928
15329
1812
13315
590
22040
9447
1893
10971
30870
23617
11032
28603
29259
3428
22316
24142
14952
13514
12284
31761
10436
20994
25011
1046
3455
12475
5390
6321
27621
18463
8547
15733
23701
9314
8162
11614
23266
3738
17435
24912
377
26321
7616
23232
31300
25688
10156
1713
9615
12383
18469
19683
15466
3779
9822
8007
29262
2343
31040
7605
23043
20550
13162
8673
4544
18311
12407
18316
31381
28371
18303
17655
32518
7843
26336
10141
11513
19037
7486
18721
9938
15584
13256
4230
12252
861
15805
21406
22507
31338
16687
27845
2623
12625
23816
22735
940
6062
4170
28990
29688
10553
1691
5816
20101
3040
3584
24505
3631
21529
6633
8070
28792
25462
30574
22882
27619
5497
5848
29699
26013
11947
3683
16711
27234
16872
14914
11812
28319
32765
7652
11997
22996
9589
27254
15228
24893
31407
20137
28796
30129
6708
29621
10182
18634
29000
19358
7647
11590
11967
5301
30559
22189
5138
13923
15013
15412
23730
23330
4553
8930
12188
27596
26834
4849
20270
20504
15401
15479
31545
6241
11086
3910
14679
29866
9162
2576
30591
7392
14437
1231
15574
3678
30872
31331
23752
17079
23621
5501
24664
17327
6054
1213
6580
16522
27524
23063
5645
2186
17833
31099
24997
3763
17815
23221
21034
23249
31098
8850
19266
3004
26460
22340
12647
20187
13976
13319
32501
28903
3473
24581
12161
27633
30627
3191
30061
5799
26458
15886
28089
22739
10466
17809
17948
2340
22719
11207
2388
22577
12990
5271
1466
27835
19756
23918
537
5426
5189
31457
13504
12923
6639
22932
12502
16369
3497
18010
15854
7338
28862
8605
19931
31227
23230
25089
1222
4926
25134
10820
1918
4818
32127
30313
1038
18532
28733
9237
10389
5229
6281
23097
31826
11516
12489
5105
20223
8118
22942
21164
12896
13595
23
15246
12827
6411
29732
9234
15818
27784
17229
20980
31055
9405
11171
29262
26471
23359
15095
3073
8835
29588
28235
29014
6099
14834
25990
29925
30883
24392
32620
26038
21994
30339
29132
5799
6688
22282
12795
29965
21841
2186
16770
29342
3952
7161
13076
18063
5357
5589
31683
18937
29065
19885
25715
29569
3434
26339
12174
13880
8298
18096
18169
18368
28597
11112
1607
4529
2451
18688
29997
21050
29570
3789
1590
12300
32392
31374
11704
17779
13767
7341
25863
26310
6994
12738
28136
10242
10047
30041
27209
26034
15614
4597
7215
21778
2793
21077
25071
24435
2075
30709
17057
19681
1158
23256
7890
516
32576
13957
22905
21828
14110
18512
3372
16176
10628
8922
8596
27169
29563
23259
21791
25882
18692
28959
3828
32243
30381
7631
3372
1719
8545
24818
17215
2634
14468
31795
31932
13391
20032
14821
6206
28744
18969
9540
28315
1023
10696
6142
14942
10534
17478
16626
4984
27194
17191
2103
21298
18093
17961
29792
29798
25155
25869
29950
17391
17341
933
13927
30046
26293
11311
25270
28654
9417
25569
29715
26555
14843
11717
31797
5934
26712
12231
1316
11452
32472
11789
28484
16592
18310
20614
28815
26629
8416
26310
6434
13721
18049
7697
251
16927
3325
23989
769
2675
5389
15773
10564
15091
14828
19236
11911
15084
16128
4135
14588
3155
189
4190
12878
21430
11463
12524
24804
7281
17750
15924
9829
11557
29663
1007
1911
102
28401
11131
24781
13748
30557
21622
28000
3757
12441
7052
508
19584
22630
909
8703
421
8625
29891
20830
11212
14007
18050
18408
10771
9837
1792
27087
25467
16671
30055
10596
12701
10327
25129
13858
25497
5632
27028
7406
27984
7883
15526
15773
5843
29650
27682
14775
16410
26492
27107
16506
3322
14752
13425
23586
3409
28397
24786
9320
13700
14217
30371
31305
15147
10488
21095
12552
10762
20288
542
18550
17732
22858
20506
7281
2251
25740
28686
11691
24347
11237
616
26541
24360
7624
25056
2075
9876
7581
28497
2873
9254
29796
20424
16814
26232
13468
20699
29576
17135
5475
26429
13441
26864
2270
31631
19840
13649
4571
31096
24419
23054
7349
21751
8956
11838
24440
31224
27225
14917
1350
23078
18249
21578
10490
3329
31515
24812
25354
13872
5033
3120
28338
9752
22934
3774
10831
26797
29651
21326
30473
13960
25704
4189
15284
31803
17009
10788
3832
27617
21862
28874
19632
19705
30112
3801
6801
32372
22041
15343
8204
24332
7028
1974
30069
4056
25661
20757
3684
17693
9841
15784
9052
6504
1601
17774
24234
5849
2579
9922
20624
27330
20426
22157
28323
30577
10055
16569
8818
14409
13871
27881
11112
11288
2287
23399
22516
14756
13566
11869
23014
17031
28770
29513
14877
22589
17014
8363
12127
18300
12778
7168
23688
28099
5131
23540
14823
3382
24901
31444
11749
4777
13030
19778
6375
507
20004
20780
22646
31909
24674
2303
1438
5778
20655
5911
29331
27954
19088
11643
11163
13514
26111
9671
32551
12302
4275
21865
20803
17905
7330
29200
15921
10684
6085
6754
20561
18781
20763
22254
19781
30210
12016
10081
24145
31463
14943
28668
6152
5740
1046
23365
9509
2411
18009
1021
6327
12488
26698
31571
11137
23882
18023
32599
26784
23977
25684
30129
3438
28392
27611
32403
8359
1764
7473
13292
1226
11566
5242
26847
2498
22038
2192
32115
16838
29704
26368
6796
7550
13084
29014
27162
4967
4840
16283
8080
22136
21145
19483
25752
24582
25410
27756
32260
20709
21619
23467
15624
28112
28430
14857
4263
15114
29270
9606
19308
31558
10057
20477
29018
5573
15920
13921
8741
10174
10868
23878
29603
17666
28851
13987
20605
11232
6931
5334
12074
28742
18390
20200
13598
25130
1583
31251
6718
13096
30036
23681
24728
8045
22997
32087
13393
7635
7468
30194
2014
23373
27541
26736
16503
1414
25632
16243
1737
10437
3844
6945
4076
9492
3638
3952
29332
32417
15418
6048
23691
3428
11578
25353
15455
20482
18005
24342
13144
26098
24377
8850
25516
29918
8692
7714
28406
32076
7431
13843
14565
25213
15292
10582
16945
10645
6330
27081
12244
13309
24279
18873
21110
30982
11309
8868
16937
719
11120
22851
25174
12904
22399
25287
25079
3895
7480
12132
3079
9627
20369
7692
31799
14544
8676
23933
3043
19475
7307
24189
2884
18182
16301
15204
6887
14677
18519
14556
14686
410
19407
17381
22837
23422
7461
4380
4904
6433
12554
16700
18578
3005
29669
12005
18985
24454
17956
18844
22249
28372
4816
8724
1870
20611
13413
2987
30918
9626
7136
30520
19814
27180
28185
27396
21468
19836
2899
15382
27557
21860
13586
27828
31104
20728
17965
21542
34
24166
12579
29629
12587
2081
14514
7444
2649
15678
5798
19862
21243
10526
1264
25408
3497
11853
23799
3752
12851
2218
16691
9791
17367
23240
1271
16083
6071
10901
18062
11608
24458
4409
28554
21991
19601
8769
3929
27655
24268
19965
17433
2092
13423
17190
9645
13949
28048
5060
26385
25306
30754
8527
8682
17950
22566
5141
98
14497
16416
25051
14642
3586
3528
10183
4608
24099
32515
23422
23532
24436
13073
6025
7782
13941
19464
1789
25666
24182
17537
13403
24334
4001
19857
16309
21667
17979
18683
16402
2810
20263
13219
21524
9793
32172
5190
9688
11566
28280
17001
26142
10132
31716
6543
682
2868
18297
27823
7146
27349
31923
19941
32216
7063
12550
32360
8226
17540
1311
6844
29064
3176
27500
22313
29318
23010
14302
24683
25396
22972
23790
13483
2154
16248
31198
2222
19495
29739
7745
3405
15668
10127
26301
10533
12804
30547
22288
31375
4831
8373
5457
13779
3904
28755
27256
13208
17019
25662
11297
17311
2978
13393
29581
6065
7338
13505
17898
23254
1226
18164
4564
18632
14884
19607
9755
22951
26279
20715
1479
21998
31796
23647
15705
26278
21503
9828
7508
30170
23865
6525
32252
29514
7916
23957
28766
20835
4390
23702
144
20079
4441
30007
27962
24074
30210
20502
30805
18133
1417
2822
13619
18542
21608
11946
30656
23967
20112
8771
18695
28373
28680
4550
1272
2260
28888
31282
1384
27562
26661
20512
32345
1505
10909
29851
28540
12281
26646
27699
20212
15382
19569
3149
20829
11765
10181
4797
29453
12068
25018
23447
9881
4979
15410
10561
19611
422
10543
13005
22707
5228
14321
27782
18380
1941
23902
16073
19361
17791
7079
7959
20351
26833
19753
16231
14924
1644
5777
18369
4552
21407
17476
19976
25363
31898
5886
24
5232
16166
17336
13329
1096
7571
10960
21233
6514
15857
2660
20841
10417
18819
12286
10985
21374
24688
28023
4862
17416
30140
21781
20701
27258
10103
247
31040
8060
26420
27059
31344
20476
1725
4157
11939
5678
32005
32523
26761
25553
30558
26230
11810
8629
2796
22628
5586
26746
6746
26404
31159
13978
17355
11161
30010
18346
27412
30363
24804
28892
13352
12698
16500
9929
467
12932
22318
4205
19628
1769
22133
19315
26181
31326
23196
17843
31908
23583
10746
20474
29175
18424
27196
19977
23683
30309
16383
10208
17118
22520
3231
24636
26718
32763
15945
29790
15825
8791
26200
26894
19054
10420
2526
10464
8460
8930
24704
6070
13714
5751
30088
32646
9903
29114
24373
14941
20427
9664
85
15780
14141
11221
2070
27299
11454
31262
9242
18499
11293
11132
6345
2584
22581
24242
13291
2206
8733
4299
19830
3779
28830
30390
19108
8358
23530
6708
22345
8095
20874
15860
18788
28543
13465
19707
25332
281
20016
22858
26125
26113
8737
28091
12074
20883
31720
14125
18885
11063
18398
18656
13093
5604
3248
34
16248
4323
6416
19244
21793
5590
14762
22343
29267
22520
2906
27187
12511
2214
15772
27336
15434
17695
22852
23774
28195
4488
24431
21611
1171
1331
21689
9195
10038
3104
3248
18949
11817
25028
18825
25195
24421
10506
1042
7682
5707
17816
28648
1603
2431
23123
4074
4065
8954
4389
28397
16555
7771
4094
20658
27829
24958
16152
28437
20146
17232
17536
6022
32677
13538
22738
15549
4537
188
22851
20650
21100
5235
15077
31403
30707
2174
17191
32258
15834
23109
10651
25734
13548
3195
1789
16792
19026
8622
13680
8537
18943
9500
1546
30747
24651
13769
28563
9749
24285
18382
6794
25434
18639
4084
28265
10252
27149
19841
1067
25804
32254
26194
8714
8054
10599
2346
9357
18443
19340
19018
30914
23023
27288
28226
3016
7509
16190
22278
21393
7415
9121
18244
21734
9226
26993
28661
19116
22641
23383
31795
21093
17713
28052
3914
16890
26917
25061
26897
2743
7667
25257
9339
19863
27454
22853
17513
1218
6685
968
706
26196
7372
3531
5574
25696
7842
12444
24479
28213
20547
7835
15417
22239
17431
15843
24916
1265
28411
30253
1240
20354
8502
5618
15720
11382
2990
4816
20793
5119
9564
10543
26405
15714
1277
7972
19963
6399
778
11926
19994
11148
14315
23199
14654
11937
10856
13364
11417
6777
16992
21001
14630
31991
21437
32687
26170
16871
21927
26623
16988
20615
6648
16060
30294
8773
6384
11636
3724
14027
9515
1959
28301
2361
7119
2604
8936
27313
25866
10703
1345
26137
22716
13631
26275
4380
23408
20008
13336
28274
18321
32156
18807
17762
30427
26551
26238
4741
15
25219
31264
30156
31979
29721
14368
16836
27737
31753
11487
4121
1255
3068
17267
32602
2935
13208
29176
32251
567
17316
43
18080
17364
19565
7221
29081
24299
23400
12740
16296
17857
15384
14176
523
9779
16434
26109
17334
32240
21248
3788
6113
16101
23555
855
12738
6137
13532
17357
10652
13819
13933
26522
4856
4312
8507
29755
18482
6418
25878
5713
3896
22893
3069
28916
31631
24812
19516
30537
12695
2299
1495
1111
28431
27630
12075
9494
31963
8106
29907
18633
28165
2210
4297
19342
20483
22790
7373
3892
12344
4150
25611
5708
6845
3709
30712
21891
30304
4348
3197
12079
25069
10724
24407
19751
30381
2281
11966
19672
5165
10227
836
29077
6464
12310
20737
20783
11847
10948
13293
11974
1200
21313
19341
30686
12221
7256
31186
6069
31367
15949
2366
5333
24386
24850
32328
11493
962
14013
6146
25284
24382
6714
17401
13017
27989
1597
2396
24996
4686
30843
12129
6297
5284
5402
8933
17711
20418
7782
24403
28212
1035
5317
24262
29539
26653
4845
21874
27448
24407
14932
15424
4867
31129
17384
28344
1340
8266
2305
24612
10774
5280
6292
11250
5718
8987
11433
1371
19558
12371
5135
19010
5029
756
25678
15711
23042
28423
2013
11164
21449
18035
31893
191
19900
12995
22118
3914
25958
23593
23113
3999
7084
451
17781
6760
30117
26398
5334
8758
8108
15097
24763
12392
18099
23371
8399
26959
7130
6791
27722
7056
13888
27166
2664
24265
18200
3653
26395
1399
21504
16122
16380
26135
27535
23105
7560
16267
2093
2996
27785
15552
5416
3386
19410
23438
18948
25879
25135
15071
20498
17701
20636
5140
26180
28512
5301
25508
30527
17320
28526
1286
21938
23235
9220
17874
4838
21154
9012
13347
9111
12261
30378
11327
18179
30881
188
27002
25664
27744
25688
7767
20946
32105
10555
22513
15229
28482
28772
12441
6744
15988
19657
5569
29475
13710
5192
9497
20186
21356
15584
25847
8586
26297
6689
23548
4964
691
3809
19445
24592
12590
1841
5119
16452
1500
20112
32239
4500
30411
5726
31472
12428
7727
16531
4974
14588
18786
17072
3635
8339
31017
13558
4816
24495
14137
25046
19263
7284
25850
27050
18630
3100
26506
20130
12318
32397
21765
32001
28885
18481
1796
9097
3057
32258
13923
28723
11734
14308
1096
1316
8042
19768
5216
14813
21110
16302
7276
31922
3408
18522
3325
26749
31159
15115
14203
25235
6910
13272
5484
21751
28525
17147
5363
22734
16612
2787
3735
25875
26817
1156
18502
21900
2820
24050
10650
24061
3249
10030
1371
15771
18806
16703
7236
18115
19598
17285
15626
3820
4325
19275
9626
23259
3197
27035
2466
6934
2832
9046
25172
3226
7159
14212
27495
20944
5962
8168
29022
6078
32329
32727
21772
7034
15098
30027
26712
9189
788
52
2110
17301
25116
29710
6166
30483
11982
10168
16921
29511
28606
22404
8481
14384
29503
28043
14256
15321
7812
9283
22580
16776
14341
14163
25225
12600
12580
5797
31424
841
13073
20413
7455
5239
29419
8522
13160
30217
4392
27899
3935
3658
2102
31636
28294
7485
28258
18241
27435
31117
3834
16426
32420
6595
7854
16199
30938
15803
3900
7030
4356
19545
17997
5323
29621
14712
15257
2599
29209
2083
16978
11532
13947
15624
448
10159
8715
21801
24873
26959
14303
5333
27379
3270
14647
17111
27404
3422
22277
9197
19594
15845
7341
19068
31375
13828
30729
3713
18544
10700
688
16843
9494
24466
28792
29800
7588
14333
18233
23901
29529
31837
17364
15258
18617
26430
4212
17196
10727
6974
12308
27317
29782
31771
17218
11545
24992
7696
2594
4987
14774
16226
18357
7016
28730
54
27227
19793
12585
19621
7575
5951
8381
11538
10515
16322
21138
28859
16612
1322
15367
26255
11022
15610
9703
6208
24139
1946
24905
15256
32264
27724
17332
19984
22449
29025
11911
3743
17710
1197
9624
18896
6318
18488
14620
11287
30115
5942
18119
3685
15117
22330
22068
28922
25340
27046
5254
6267
31568
20838
13136
324
7108
24798
11954
7423
32043
1056
16069
3701
5625
31587
30777
22437
24580
6577
24637
11795
11148
23519
30623
26979
9081
27586
309
16422
26341
25504
1915
18164
23514
26085
25981
26043
8029
23831
22264
14166
13995
30732
21436
1890
26050
13915
14932
25165
20259
6416
3561
27567
16599
19364
19300
28382
21168
22828
6611
23997
14801
16848
23054
12756
30064
1151
22938
25510
14555
28897
11469
27710
14009
21901
29747
1292
12691
24189
4401
6639
30099
14270
3560
8595
8075
18540
15452
20477
21816
6622
20694
22372
21193
16158
31623
11075
29083
20636
17773
31148
3143
20515
13435
20191
25566
2315
31476
5915
27251
16561
13848
29364
5850
19236
2
4198
9648
22561
22737
489
27547
3138
11014
16069
7379
14962
28461
18792
11746
20900
12992
10870
12712
21189
1608
13920
22689
25326
5829
20792
30059
19935
30288
9412
10882
3241
22527
31953
9551
9386
17161
15817
2657
29374
298
10632
30458
14004
19529
26220
15309
29439
32601
31915
13574
29870
20093
15850
25483
6047
19055
19211
11137
6895
13090
11334
23571
6580
23974
12155
25710
31727
12621
198
23056
29628
12
12629
13379
23244
15907
8310
24804
1045
23808
31476
5737
21960
19809
17572
1827
16260
27834
8251
22975
24777
25046
18786
2835
29615
11456
29965
7448
20440
28132
3080
14130
6563
10354
29650
7096
29090
1027
22959
5808
14415
20863
13305
18906
14842
22334
28087
31217
22278
10349
28785
16685
31829
2996
66
19212
1
13589
7726
32082
13901
22296
25782
12878
21211
20261
4778
26720
27167
28977
14399
2744
10003
13981
14945
14176
2348
21594
8266
9853
16013
31826
24404
5842
28284
19971
6411
25477
2066
14957
32647
10022
26934
24367
21497
4077
29132
7405
13187
18755
22313
27892
9805
7812
19402
14881
9429
15108
20294
16639
1926
11088
14978
15151
5261
950
23588
23053
8168
20487
14666
21648
29119
12443
18043
3186
26360
18582
11486
3729
6
24938
28585
29334
20993
26525
1501
24020
3580
9421
15409
11635
4755
23281
29515
3021
15299
9441
3638
29976
25855
16409
9489
28486
20863
9145
20484
31017
28380
2257
7801
29915
9690
18396
3720
4445
11652
12170
6322
30590
5247
14531
9171
15870
29848
15336
30034
26868
1183
2908
29083
30829
31864
5955
16591
19030
32623
32393
11193
21404
204
12582
17669
29841
22183
1953
12972
27794
28414
29651
11187
12519
23301
12014
32277
10986
9405
2238
12542
8555
8904
15406
5945
20820
15996
27917
26092
31113
24630
13074
9091
24082
30193
22046
746
1660
18455
8130
32511
15228
4246
26113
19015
2006
2103
13143
26335
16509
24108
12282
31414
22524
19943
12383
13306
276
18227
3328
20944
25767
23677
10077
9544
28373
27506
16448
7824
30564
13264
838
14952
18789
20597
27547
25557
19988
18109
26117
7706
24321
8202
21540
2788
877
16804
21752
8389
7415
30404
30371
9699
18296
24811
13680
17138
28715
17016
27669
16991
26641
22394
6453
20430
30099
12483
7721
19399
10602
17726
23296
1964
31420
11650
19396
32239
28295
15782
2815
23169
20035
29015
23934
26510
12739
24105
11093
12903
24669
8235
2596
31936
19786
29886
15512
19995
13135
30631
19252
14724
5021
13922
6737
11135
7159
3513
8547
21567
14354
1430
10111
536
21057
7958
10522
55
1874
18654
19220
19857
20914
28082
32501
16409
28632
20804
15478
26678
2529
12105
29763
18548
23160
20690
8191
13690
24313
3034
5000
29244
21206
24859
29565
23665
31289
11303
29950
15688
32747
6579
19123
4694
27252
22582
25360
25299
27780
14003
23511
29959
5265
9682
20190
30719
8130
20278
23570
30084
29708
14091
5308
8270
1435
7134
11267
21108
11123
2226
4274
20519
10071
19792
21564
8864
25833
20702
766
8023
13332
29363
20931
28534
679
28010
17549
11149
22850
28725
12947
24455
8054
25204
19334
2781
27432
1415
536
28937
24374
26848
32703
20030
23902
25692
1462
17494
3931
3283
24390
5132
2896
22254
18755
30315
5994
23608
29401
10886
20673
30328
31625
2922
14720
9535
4718
16977
29254
29117
6853
26904
8908
17624
31148
12531
21959
25472
28970
24928
19472
1340
11376
17241
2818
14601
24926
19662
10787
3173
11081
8274
9223
10407
764
13589
11890
23185
30716
15122
23997
14376
3857
3977
6011
22723
27137
21936
6236
21347
7327
1958
4433
30530
21252
5032
8176
29359
11549
22919
9755
23576
29542
7257
17628
20841
2292
15471
32404
8597
16057
19848
17493
13425
27652
23876
29324
9417
28743
32220
227
16558
541
26895
26981
25613
28555
20320
2787
24966
13190
10110
2711
28026
1206
4612
30984
16230
16762
9570
15917
23920
23852
13851
4309
17984
12966
28466
32071
27921
24581
20190
16165
15368
4013
23429
29334
4292
21133
9448
24739
26422
28580
26012
27362
9907
19651
22713
23122
17735
21653
6102
5511
13645
32222
5428
519
20796
22528
1593
5363
14788
16579
21024
22250
23066
10069
22768
24362
1680
144
9898
2552
26984
20604
26311
28227
12778
27925
11233
22148
14772
24142
24497
16616
5202
32597
28473
10929
15630
17689
1858
10969
22281
19978
29961
8185
13195
7967
32566
30058
4760
12830
19213
17322
20932
14616
8680
20481
32072
15154
10981
12132
30548
28332
27868
4249
10663
29723
11412
29084
30046
22265
31542
17474
21769
30560
2305
17948
25860
16659
4160
3998
17925
21438
27769
7808
3569
127
12776
24421
15092
16548
22827
31419
23760
2487
21311
26850
26741
8888
6571
4496
27091
24233
3835
31348
2028
24656
17264
18713
3885
19256
29174
7182
30206
1529
18774
32580
3992
29113
21933
32695
24854
15091
7709
8784
19663
10103
19138
16906
2020
1458
26344
6485
3605
8496
4987
31416
2009
24671
15806
31929
22189
28566
11840
7425
15276
7509
1037
7868
19552
19407
28705
10303
10712
7077
17698
25581
11770
13301
12110
10331
795
19347
10418
27570
22989
22422
32156
1621
12536
791
30036
2244
25645
21557
29447
10433
29750
8796
8964
2481
15858
16840
2091
25668
4960
2116
32161
20824
27385
3896
201
15387
6467
22242
22384
16240
18595
12004
26184
29333
9074
2047
19352
26882
25684
4894
4657
27028
16581
20886
4260
8426
25077
31404
18610
21264
24534
23128
23300
20570
29299
3400
25373
12691
19843
15912
20364
8023
23102
18465
2662
10430
17263
25247
1523
27963
1995
14936
424
7619
1665
7050
6997
6449
14866
4483
160
10217
5475
8039
21682
6843
14097
30254
7728
20747
26372
19436
20845
27183
4679
14421
19166
9753
14614
14976
19918
14646
825
19435
23378
6037
28305
9408
30080
31564
19441
5462
8924
10776
32303
6395
17939
15939
12154
1521
7660
30411
28909
32438
379
21184
30821
2184
11416
31726
28816
27433
12431
17596
3911
15840
23833
15700
26142
17856
13707
9220
8505
2348
17998
13540
10337
15515
28303
7354
22102
27801
29239
4890
14951
2319
26654
24530
6209
13763
22651
20357
6661
1058
8096
23445
26781
31294
26852
2374
7759
2835
21984
17441
18322
25614
9694
14231
26145
13264
29070
27623
10831
20015
20219
10818
22170
20861
29118
27692
386
12557
7025
23077
10652
18676
28775
7561
20450
24333
1178
2485
3149
13632
13541
24683
20646
4355
8308
13688
19865
23584
22136
13715
11787
17081
3103
21641
7341
29322
28355
9879
18385
24431
26210
26903
22397
12582
23630
32352
2494
15957
23077
24807
26943
14543
5380
20906
21018
28435
14584
17870
14574
18198
2229
22406
26674
22082
9611
15928
10185
15038
5013
4571
726
6640
20020
23972
8145
26688
187
17889
24283
24095
14188
17701
12878
15944
7332
17573
26009
20806
5714
5090
17995
14903
22445
904
25453
2255
15143
10134
22293
11424
30876
1216
20024
11672
3024
11538
17088
19915
24344
4053
7134
30834
3671
182
10402
8756
22060
14885
10441
32421
874
24316
22486
12045
30409
16225
11876
20074
4315
25837
19898
32440
6721
10766
18848
23407
31774
24745
17521
30030
23756
19460
4466
15191
29902
29156
20834
29979
12294
1778
15698
12855
28456
31331
5047
21279
32111
25816
23486
3866
3727
24195
29407
7054
22762
140
6325
22654
8198
5555
27917
9809
17215
15926
5181
18645
9401
2805
30135
31619
31897
21460
18653
6917
27765
19809
25623
2037
26376
8631
547
9960
16427
4258
29101
8619
30977
23299
25376
19916
7281
32118
18619
23644
16345
32307
31975
14068
31744
21042
8904
11766
29261
7571
29970
23573
12855
21308
30494
25368
4861
30660
15421
26074
21911
2960
14668
25494
8940
24635
21640
22625
14917
23867
10148
18168
25602
30658
10265
4028
31884
25059
10686
14587
11146
13558
28568
3185
7000
6973
16115
11791
17588
15560
10417
4091
8891
29589
31971
26583
25365
2812
7318
2374
26220
3658
7663
18860
9506
27309
30331
20790
19523
26704
8128
32027
9912
16070
27160
14113
9918
18604
29119
26210
9111
6794
27178
23888
8063
251
13210
26871
10722
10766
28402
25986
12748
32235
965
31745
23713
27322
19636
28009
13582
10176
24055
3804
17983
13259
6713
23339
30547
4817
2473
15770
15117
3796
10062
31203
26572
8
6298
21885
19389
24632
835
26141
20815
11622
30030
10622
18407
24498
4973
19038
9430
30333
394
14025
20616
24781
14756
27545
21501
17651
17626
6462
31357
27500
2757
1467
15240
20742
11019
20465
269
9283
5425
30752
7644
12802
21169
20907
2140
1372
14157
16923
11649
16077
27554
29031
28665
26260
1536
20339
10150
15964
9593
4822
13649
22043
17208
5344
32413
26683
11797
11996
26169
16632
25702
31890
5210
13577
16407
10256
9065
27522
10493
8874
1272
32505
16743
28480
13051
14823
16630
25023
309
29266
29103
30698
8944
18601
847
12123
14577
19952
10462
31940
31659
21788
13447
18555
21939
29633
9639
5174
628
30186
23844
11795
1316
18760
27648
5339
3063
9104
12334
29063
5010
26654
13220
18947
24258
4318
433
20787
5742
7788
26257
30772
9674
21370
19775
9444
9934
16243
12170
12708
29415
23645
19563
6748
11244
17412
6294
31424
20819
16469
7503
16850
13733
15112
14719
16040
26671
20610
30983
27248
26363
2553
30292
5041
11518
729
31283
20180
28819
32102
19943
20450
9768
10915
29562
4495
6967
10611
14416
28024
15737
255
22018
2473
25174
6743
5481
16226
8863
32092
10232
24347
7807
21725
11087
30149
15791
32256
2830
30547
16362
9956
13543
29305
12705
16516
21240
12723
6383
18399
87
28042
28367
10838
11246
29715
14477
18773
7561
27064
21882
24885
20781
1850
21732
22369
7340
30967
26693
13240
21366
17257
17851
18739
23730
20720
3768
20936
28557
3281
3835
398
27090
12158
26559
21793
29884
8216
31538
8008
27656
3890
11304
6613
15181
11992
17937
32205
9616
11215
8488
26313
11027
19487
22254
1436
367
22223
6871
26166
20962
10480
2883
19657
12778
7133
3759
28202
2579
8384
4397
1913
24333
13656
13841
6404
12545
5626
20974
18537
25893
20694
16577
11771
28047
7804
27755
4455
9031
9119
5989
22936
1695
24
16303
13271
22983
20269
11785
13879
18844
32020
1382
304
6337
5555
26270
9354
241
28842
31843
19324
16019
24211
886
29718
31375
15240
8986
13788
1633
2790
10698
23476
7788
81
551
21762
9872
6649
29748
16913
5374
12315
1733
8117
32587
7626
5429
22062
32196
26351
27992
12112
22786
32655
2480
30689
13758
6220
15332
20547
13030
5167
23405
28754
11759
2980
19603
25232
8558
198
29592
31360
20962
10461
26675
2639
15572
28453
32064
7097
32291
5330
28853
12331
8089
4688
22488
19493
1729
7631
7087
20963
29949
31487
6584
28476
19923
30744
15579
8906
6024
15390
8861
7243
27120
19043
8342
31815
16260
24397
15909
14068
23733
2649
30306
7766
16768
10592
22100
22442
22851
10522
19301
16389
23759
12000
13842
1081
6846
4022
5351
28664
6663
14472
23467
14396
19151
27572
19160
17637
14722
30665
23374
15780
30755
19342
4679
24089
12768
2887
20878
21816
7402
2867
30700
13297
16003
21337
26083
12048
13657
4229
15007
14434
32274
5773
23850
13081
26152
22488
9695
18289
8439
30241
15393
6548
13076
20601
31821
26555
10209
12939
31212
21399
17758
2340
29230
23279
12866
16371
17044
17290
16971
11405
14316
32335
23762
10931
18818
17835
12706
19928
5269
31539
12298
19422
11272
2187
29745
1313
4186
18310
7850
19894
25560
13710
19016
23541
12049
30279
5172
52
18827
26991
27196
2518
15028
22537
4974
32133
10011
31930
9958
187
7648
27507
25828
7815
23146
7248
9762
18830
20055
7616
21860
16208
1977
12775
10064
12460
18303
23360
1152
21414
23601
7303
22998
17001
5345
28630
17167
19336
24670
14606
17307
6025
27818
14200
428
18340
23214
15020
14222
29128
23085
7858
20278
7647
16887
21352
23581
10323
30815
29475
26447
11729
16366
11417
16830
25677
15449
1023
20701
1350
17329
12142
2410
11595
20442
4747
3211
21694
9278
7527
6941
17880
31682
4772
21321
13293
21242
30938
27736
22513
8856
15160
25800
13884
7723
15727
22175
29066
19206
26315
26111
20294
893
26787
32251
20744
14936
17396
20393
1884
4737
21065
18296
453
7936
21982
27844
1
24361
21764
24488
18575
19220
17607
26900
18543
1102
18127
20767
24617
32462
32388
28574
528
13867
16758
10997
1480
17164
9979
22829
21766
25823
15130
14151
21911
21454
22695
27344
13476
28398
28336
16822
30516
6842
13592
9306
29682
25537
5250
28134
6705
14747
17776
7905
10797
22049
27308
7681
17043
9438
10984
31552
26436
16064
3489
26929
25942
19987
8009
24725
14428
28336
8356
8746
21736
24178
17779
2755
31822
4586
18000
28061
32170
340
18905
26865
2084
16841
26896
26822
29298
16054
21250
19465
7071
10124
21415
24543
18699
26041
16906
9530
9652
11992
6569
5291
18099
1828
17183
21623
22794
18483
20480
5356
23708
32737
11781
1781
4221
15242
5481
8429
29804
4988
13970
9649
926
2731
27380
8697
3262
5799
27955
21480
19249
25548
23687
12513
9630
10680
3941
32157
13742
9219
31068
11386
32016
810
10301
30230
27585
27083
7294
24605
7050
18968
224
9823
25802
14214
1360
14886
12405
197
24843
19398
11101
9717
16390
4725
16048
32535
8077
18013
29122
9921
24106
240
6413
32022
712
30588
30327
22262
32536
17407
11987
11634
28980
12348
14505
24963
10371
14094
10298
26619
29148
12285
31935
29115
28398
22799
21234
25639
31967
13024
8399
13783
28211
25333
24220
911
7152
4174
16679
29042
4607
28218
26959
11378
23254
26992
11461
8203
11860
11098
23572
13361
2028
26548
10719
10119
26630
10326
5994
22993
17570
2894
2653
6828
27967
10034
28612
20605
26107
2485
4185
2983
32251
1143
31238
23041
9485
15394
8870
28295
17548
11698
10252
29007
8069
7700
20806
3007
32279
10227
13602
1278
10272
23503
10738
680
29462
9807
25229
16838
26418
28888
23702
23549
16340
12382
1025
27909
19235
22138
12242
11357
27891
22717
23592
20285
18669
16965
17787
18125
22505
909
18722
11924
27807
29833
12056
32563
27519
15603
16639
22867
14813
5856
21093
31964
10321
8086
7751
16487
23646
10913
7635
7415
32081
19236
15474
8675
10348
1902
3334
25879
28740
27341
25712
17277
27496
27047
32086
1461
5699
19398
2339
15628
3140
4340
21071
27820
23612
968
21472
21264
31751
28351
27185
26555
8046
10126
242
24874
30284
25783
25200
22279
5616
4443
3094
21663
4547
4943
11316
28566
1834
14194
11520
14041
8366
14397
28891
3541
21595
4763
9173
18407
24933
7419
18034
6163
20754
5284
21935
10488
32467
5449
13376
28931
27572
11998
14620
5860
24823
3498
1851
31294
9724
26780
4766
13475
19813
10722
30353
9919
23927
1464
301
26067
22466
29566
6176
7526
25604
15630
23217
14647
8779
6220
9470
27509
26714
32511
22664
25394
28238
14559
3570
18198
11905
19438
5126
18512
31919
18188
24569
25042
6231
6854
21232
6078
15972
29808
30914
19227
32269
20339
9216
30157
21754
12519
2867
25284
22184
16741
19300
13939
25358
14614
29666
23428
12417
21008
32575
10186
11477
13539
23964
19831
31173
4974
29734
27791
2196
26104
13793
22684
6389
32380
14757
26276
7977
26179
29030
22360
21863
14776
26296
12686
31872
30329
8337
8433
4035
28586
5713
11511
28702
23694
21505
23572
19079
13656
13272
5934
15770
21054
20740
24912
644
208
6055
14242
7455
904
5663
11673
22366
12194
29578
6507
3052
7469
12169
25798
1040
7523
3909
21953
27860
27446
23472
25619
10086
18987
21774
28290
30910
1899
32691
25759
23681
4376
11790
14513
32550
6109
27622
11759
9047
28361
12004
22258
30362
7517
28754
22633
6448
22499
5154
17423
23869
20994
16690
8154
298
8080
3790
28021
26952
6055
11127
17905
7350
28155
24802
23992
2436
30314
6468
1218
21528
18133
18893
30475
13777
11055
26226
4420
12011
8147
17136
15816
4003
17947
1294
11731
7323
1838
3106
13038
21119
22809
29142
19630
3305
23074
2092
16030
5250
13912
30912
17018
22635
2927
26958
10910
22235
16075
18803
2237
30985
31195
11704
11478
26188
16552
23500
4196
4736
22190
27665
470
2989
26090
9306
9278
19171
7220
28660
5965
3176
13007
6371
23423
29462
5183
9837
18067
31486
5210
1245
7230
32593
28322
23169
7968
22401
32466
11765
11767
20387
26551
16803
16659
24
7233
18571
23562
18540
32474
22592
18348
29054
2806
15411
10297
15073
15596
3636
17362
22403
11268
14390
3374
7564
2769
17235
18062
28041
449
6160
20723
5322
6130
5089
31630
12040
7751
6128
26488
19276
20668
29978
21411
22539
8694
22842
25873
6806
25887
8619
16195
13746
18928
14088
245
898
24335
22070
30984
18094
3740
27301
10176
30398
18694
24018
24623
11207
21028
17
7665
27978
25729
28297
25370
26713
7927
6784
12909
20731
28799
21977
31183
29394
30279
2266
251
13563
5
30003
12406
5430
11916
10812
17606
24135
24732
3711
16863
7580
25087
8822
15070
7215
4305
24726
16889
24238
27936
24204
5302
28890
18101
5062
22620
45
32048
26933
31399
2495
1627
30289
2752
8042
11960
3934
7788
2092
18524
2286
6020
16334
15360
21672
23973
6595
12374
23367
24616
2899
15257
14310
29781
24825
21352
14458
25555
25353
28372
18336
16227
11669
3768
9113
18895
16274
8265
1682
3868
1335
28141
9257
31751
24998
4689
8238
2480
31694
8629
25254
20880
21136
32139
27926
7600
23584
1601
5374
18717
13487
8027
18339
1175
8263
14788
15121
21385
25590
22630
12385
21822
14894
17144
11064
11857
26220
23319
17040
9829
11288
18329
28347
19991
11436
27166
30884
16689
28953
21223
28249
22816
8807
9964
16582
25513
13723
11304
28355
12759
3805
28728
24914
4920
24538
15652
23841
4425
17768
20605
11607
32558
26728
2216
27533
12710
9713
31865
2329
29503
683
12548
32147
2246
28024
25007
16018
23042
5466
3724
25783
4770
22161
17638
8685
20339
771
22042
27886
11222
2529
28840
1546
17266
17032
20362
14628
31782
24229
29637
253
11329
18333
7229
28597
28918
27436
28621
142
18698
15180
3479
14068
18384
25944
30617
11962
29783
1137
2946
423
10466
21281
32195
9777
1688
8254
2792
11144
20861
2833
21289
30422
18593
19128
5180
26053
20120
1225
13678
31299
30249
30520
23026
29570
18250
31099
28025
30786
20557
6379
24323
13906
22356
21614
32244
6996
16394
15187
11626
2754
31125
29565
25038
13614
2246
27332
7337
29902
659
14232
23225
21303
2760
27879
10309
7273
11001
25921
20397
8972
5563
18747
22085
6649
10772
21777
15203
9980
19247
8591
11703
4824
24660
29745
10971
14988
4376
23177
15659
9685
4561
5345
19415
26356
5197
5154
12599
10161
12484
3828
2910
1952
23306
29223
31473
12195
14345
12370
17466
16048
26479
13497
1656
29653
5540
32116
32121
14713
27135
8398
363
30180
9529
16876
14576
17666
1058
14511
12656
32611
14994
28890
20915
12935
6819
17528
23215
28249
15389
21880
27294
3065
14386
10907
13908
20926
19820
5008
27856
6268
32739
6237
30993
22018
2483
30720
5675
12519
12205
31318
27033
391
20045
6461
6101
25672
13036
17653
1830
16674
5431
18381
17593
27742
17632
3323
16372
17565
24468
20171
20487
29213
9004
28668
14276
11064
12327
1126
7088
8749
20568
19681
7770
35
5596
10851
5867
4459
26191
19560
5631
1798
17983
7831
11443
29031
30945
14754
10751
22649
18435
23406
16967
5348
2114
10868
21804
20109
11645
18535
17832
17499
906
30742
6234
16705
24359
23189
19486
25209
23347
1943
8417
4877
30238
1311
16564
24732
9118
25176
32542
3419
9891
31168
8887
858
18318
7820
27890
3337
15005
14665
21563
30458
19114
6079
9282
32488
7190
29722
30870
13305
7168
30540
17781
11328
28602
15021
25315
13190
30845
3300
19961
22346
16219
32267
5248
29702
23926
30478
7870
10164
13424
24660
19344
19857
2850
7074
4793
26401
25233
21820
8570
5747
5917
28749
9571
3494
8700
4744
14696
6060
3815
4880
10551
7758
31251
20629
32457
20848
10851
12992
3639
21399
7132
23250
29648
4008
3673
18312
14440
7155
27776
28737
4082
20079
7924
7010
26194
26183
8140
29690
11884
28310
25157
8866
10113
15983
25267
28072
3259
14881
29374
9324
25350
14777
5578
23049
22818
14536
439
13112
28150
13158
6091
19314
20776
21622
27116
30037
12778
22828
8211
23113
28695
19917
20989
15715
25470
1974
10532
25994
11646
160
24301
29400
18643
30498
27427
9026
19375
30839
30372
19068
4108
14210
26202
279
13889
21775
4717
20205
13780
32092
32183
21694
28816
32472
8569
14619
31703
15914
8524
23683
5177
11125
31578
6349
28485
7387
2253
4037
24478
12864
25224
19738
32594
9808
32277
16248
21608
12483
5855
19697
9144
24031
14242
1697
26112
32575
30751
16274
4915
6612
17172
2781
14356
29993
14443
25874
2564
12267
32690
3290
27928
32168
7883
20187
8303
29143
10469
18652
1219
31769
22955
26666
12605
31166
28858
10042
19086
139
24921
20111
20539
18106
10852
15582
21560
19523
27274
31345
20665
10586
1209
7113
4165
9785
26837
14215
23564
31
21680
29581
25722
32665
8503
28000
6156
17408
28649
464
23651
26691
19598
14300
23959
25830
5925
21200
26573
21323
18974
20400
32524
30257
28873
20953
10572
11130
25103
17126
7888
11057
4960
10705
21686
14283
6124
32090
5581
9133
8214
30125
7590
20463
3365
8511
27118
2144
27965
16633
13818
24778
29583
12184
21668
30583
16588
22612
23638
16627
4063
191
22884
16660
6875
27121
31391
21816
19506
3298
27687
29646
4137
30231
21632
1304
23176
1153
10216
14638
13462
4002
17896
32583
26436
14577
5418
564
5545
27776
4490
20013
23470
21724
111
976
17675
17972
16220
15463
12402
25790
24770
874
29449
2647
2841
2373
20510
12138
20014
29530
6423
23314
25279
27978
2471
24195
2117
24432
13384
24486
29969
28335
4837
30467
3226
10606
4054
25828
20502
1504
6930
8631
15687
5513
8096
19893
3992
4606
27983
17345
5992
9964
27303
21395
7078
7515
8991
26389
31134
19508
1425
5901
30482
29185
26346
29437
31373
23541
7462
71
7668
32300
18044
13461
20318
24883
4309
28536
29733
2251
5507
14160
16958
14314
7472
15723
17349
13827
24596
28017
14556
31111
5740
3071
19382
23468
27943
10386
19183
14701
13026
26279
24095
9682
20758
25120
26798
4465
26000
13034
3818
2869
4130
21469
4438
32350
18585
28899
29253
4553
20718
24669
6568
3186
6081
19394
27429
25399
7938
19337
617
21471
15090
31306
2494
12634
15690
17184
24288
17738
24761
28497
31244
27331
2196
14129
19291
17999
10442
23107
590
16182
27158
674
29610
7676
24184
30623
4486
29738
23013
25516
10658
12626
17214
12665
24058
2381
29055
17500
2971
4039
26937
4086
5046
11518
3650
21268
15091
20422
7594
31187
4871
209
1010
27400
8841
15149
25465
17630
16129
11790
24375
19649
19779
19406
32173
5755
23547
18994
14364
9885
19592
30703
2550
5153
32270
2924
5266
27981
11974
20170
11043
25563
1945
19746
23275
1110
1518
25869
17324
31943
14272
25706
21600
13969
32243
4443
16425
18330
18664
17553
16267
32427
847
30922
29145
3866
7996
29591
29421
8102
31101
27491
31004
16546
1836
20145
3946
3414
384
4261
16377
31906
1000
7878
17096
9444
20571
25602
1178
30492
11753
31987
6707
13646
5527
352
29642
10280
8553
1799
25788
22501
29120
16793
21374
19569
31974
25607
9685
6350
31976
9980
15689
13750
28580
6314
6103
28546
23842
6602
26854
27466
22568
11230
15996
1870
27912
29882
1714
6804
29373
6978
2405
22483
29238
24949
10799
22416
6130
8107
1685
3463
25549
1306
17538
11596
2842
16799
9461
16946
16625
31932
12022
32364
22730
15837
1742
1394
30539
10719
17783
13735
17759
14802
25682
13624
22920
20222
4376
17991
19318
18469
32275
9801
9688
31752
654
31916
10866
15660
8074
7357
7280
19166
15538
7882
1274
21365
12689
5251
9736
27607
28419
23718
3960
8255
23785
23004
2654
573
16417
4318
20123
22526
15542
29147
14001
20685
18515
20766
26069
25306
8446
21228
5190
13882
7170
20139
30174
16688
24877
27978
28390
31147
26172
1756
2863
16399
16020
902
27486
26424
4915
17308
7304
32189
22245
21255
3583
15473
2747
27626
6507
15920
9913
3205
20764
25816
31439
9305
2206
3989
7179
7308
19342
1634
12812
16272
13997
16076
14522
17408
26419
24057
2612
32458
29798
7146
17674
147
10090
27645
25261
8791
25947
3766
4643
17744
32665
28862
11007
18970
24163
31532
19601
788
14760
14596
32090
9737
21529
30205
24258
272
27779
14984
18702
30384
22876
18701
25484
1352
668
120
3344
23982
11726
18420
10404
19735
20582
26614
8828
32311
23637
29822
16680
21929
15067
11418
5901
28048
27036
29483
10262
29823
28151
17643
6055
29590
4755
20399
29395
16366
9018
3818
27342
6968
6891
4467
5029
18336
30762
19592
31532
4856
11163
8210
11320
7442
21711
28714
29199
23917
16734
30685
28701
11284
25142
14636
25065
20932
11058
11863
5959
25421
4335
8284
206
27706
6363
18106
24716
11444
12174
5242
29433
28324
14686
22128
9258
13848
4397
1727
9543
20712
27014
31131
30271
2457
17385
18259
14266
385
29282
6030
22864
30252
22368
12756
30712
30207
22469
30545
195
18459
13114
10710
27594
2949
14021
9249
9060
20867
32157
26462
27549
14153
13373
8686
24036
17108
4535
4966
19716
1815
31563
29147
9558
21333
1592
13405
7476
29134
19410
26305
18864
14749
17365
27300
27526
30689
6393
18860
2128
29723
11206
32017
9209
5079
14250
20060
11892
24975
20041
13679
31150
31436
7444
22470
19393
10638
12573
3324
24938
11502
11561
3217
29885
29954
9735
10474
7191
22017
6433
15257
5461
30375
12625
9951
20803
32219
19958
4207
21335
17296
70
14709
14752
2281
29414
6103
249
31648
28600
5307
22914
2216
30708
5193
8017
16913
8826
10930
19300
23597
13414
8817
28890
1521
10213
14289
6755
8349
5448
11695
7158
6816
12887
8065
11458
29109
23528
13463
23910
8275
23984
6305
15972
31300
27736
23922
19155
15507
1491
10755
27477
21676
11248
23227
9545
8895
11563
30445
19010
15205
28617
8099
15287
27782
29476
23450
5884
2426
31555
25741
23920
17006
6829
22966
27897
2826
3711
31635
23725
21585
8381
21734
4562
7624
1254
29951
8457
8666
25291
7997
20422
8571
928
5075
18947
4876
21844
21960
24630
14462
14366
4674
24960
24763
19033
3331
26151
22593
9873
13876
7750
19728
18398
19809
30915
10695
2160
13766
13954
11274
28268
24521
15832
14886
15095
27591
16963
15352
28559
27155
5208
31499
15778
23612
11772
19968
5209
23439
20183
4915
16565
2269
15622
16027
21470
10623
32272
32498
17336
5526
7196
15894
31158
23447
19297
176
17395
15624
989
26899
23679
26756
25418
24935
31478
5381
27470
12550
9304
25187
28658
294
11540
8983
19029
5305
8550
29509
9122
14225
2019
16634
27711
10440
12883
10674
21319
1119
4286
20765
21051
28709
15050
5410
8436
4058
9028
17189
9692
1173
10748
12933
13918
31587
32726
26729
15259
3889
4382
10429
3935
492
27164
6263
9555
4326
18920
21791
21620
26748
22400
9614
21699
31478
11544
10230
17726
16046
11697
8482
19984
6005
22765
20735
13061
28466
4386
28764
27200
16844
1965
15342
2864
8266
17289
12439
10688
28473
30240
23783
29134
25678
4704
27620
5855
1869
23058
19718
27665
14889
21863
7558
14417
3181
26836
14041
6861
24026
32032
1655
5036
5202
28092
4832
1277
26869
12626
20961
16366
4233
28832
13331
29247
17183
32647
2470
2038
26355
27743
9308
21843
25237
6542
23256
7430
23110
5465
20761
18080
23717
9210
10818
22856
17035
12274
1948
3759
17971
5280
30941
4678
5534
30483
16811
16558
25653
8477
6236
31599
16305
4776
16896
25838
11320
15693
12193
6297
19400
7715
201
13157
5337
10709
3909
16506
23614
16120
26665
24108
13901
4763
22036
12078
29503
19231
24757
27650
15066
15689
25998
10420
2893
32661
11768
8904
8027
18381
9832
11121
32699
18139
6896
516
17343
30428
7433
12971
17717
3957
30351
19806
19339
5226
19981
2319
29238
12908
24635
10021
20051
24115
29381
11052
6031
27085
25678
15051
22597
1078
32181
14838
26855
22312
26775
30564
15007
14132
28437
32068
13622
6674
26839
23084
11316
18230
31056
30290
12105
30371
836
18686
14827
20996
30088
575
1601
3065
21770
31966
1856
431
10257
3216
19988
6835
9925
31855
24257
23304
21745
20907
14346
23415
26888
9853
4754
7206
9318
12637
6977
25964
217
19573
11497
10980
22368
4437
19753
9408
25650
23784
28818
4960
19458
20391
18953
24868
1666
7692
10604
5758
21030
17738
11641
21579
5418
30779
19691
18531
20438
22682
31461
20590
1025
20594
27284
16122
13780
8150
13841
30411
27088
29395
27780
20594
17426
5027
19343
32290
11478
3363
10218
25022
7739
20872
18762
2358
32582
14669
15752
17684
12328
28271
26367
3410
11204
6109
18998
10351
25196
22826
24255
18626
12779
31366
26462
5133
7881
19692
5486
18773
13002
7837
31617
30961
9400
21452
4935
738
11618
30619
23217
20322
11749
22854
19541
30143
2858
2462
14101
17770
25264
19642
14587
25931
31884
21481
24936
32088
7854
21482
15982
7782
9573
19296
22906
23615
1318
3456
26422
19956
6537
25869
11949
26741
26004
25478
27569
26462
10556
12446
12409
14356
28713
28140
2703
6929
32186
740
28394
28540
14921
25862
12630
23805
1456
12373
2845
20431
4875
9227
29920
31511
12736
22411
22470
21876
10173
15255
23001
17367
257
15299
18860
26261
30814
5161
27969
15546
23933
12127
14379
4513
7202
8358
11504
26817
18609
3684
28081
23498
22002
8405
16397
7921
22545
18685
2114
8071
30953
29665
32661
28881
385
32246
10741
31508
7383
31450
20187
8431
14301
9538
31092
20205
8898
2868
17410
10587
22386
19062
29312
19543
2400
28998
8324
21034
25219
22347
1642
5080
4510
716
6575
22517
3525
28192
3227
25529
13085
16741
28963
8791
7395
21621
781
22155
24752
3350
23893
2674
3835
28017
7888
12703
7391
26310
16911
12651
6942
17501
11398
17292
24167
17088
14573
26346
31956
10023
16615
21166
17591
27444
27106
8091
4246
20704
14654
7073
7284
29366
13233
31663
16466
9279
3050
24522
13302
14013
9332
23900
16363
30235
26846
974
32713
29221
16921
3928
6583
26613
10785
15896
3885
24493
8927
31586
2815
21100
5199
21848
20631
27770
21982
28858
12417
16326
26390
28415
9774
31379
7036
31396
753
30318
15801
28100
19022
13155
28153
18153
9076
4976
16273
24610
1032
27194
23012
7253
30756
13567
8327
32471
11168
3788
9891
24890
6288
13552
29083
15206
32525
12208
20207
12779
2617
29500
16737
24214
18045
3298
18774
1859
19733
12418
3198
14065
18639
14914
8375
27932
14351
30850
32303
22343
4119
21011
23753
18648
9605
7331
195
25896
32285
14204
14997
12251
28617
15983
7708
30573
12510
26890
13559
19982
15777
27154
12338
1200
14090
25389
23841
23646
7880
16606
24975
25039
5252
4790
793
10043
30826
13257
32212
20589
5862
22368
11830
9498
16811
19949
4659
7537
31226
5700
26022
7411
4129
3847
24051
20357
23618
23650
18666
23747
29781
22009
4847
26008
880
4383
30808
11
9798
23369
26135
9564
28911
14530
19865
18000
487
15264
28654
31177
18008
18166
25641
31129
21404
4683
23818
24984
31229
331
29146
25845
29888
9149
28311
28105
23395
29109
28497
23282
14370
6155
19156
20510
26560
26891
4231
19494
9859
17774
7572
31134
28289
4490
3401
28074
2842
2757
2239
18706
1478
4431
14777
28569
20497
14865
25806
18827
20195
15584
28363
17302
11013
4855
20819
218
2785
22948
17096
29507
6537
19777
5487
19991
32507
28774
4558
1739
11684
13149
20569
22555
10530
12246
22094
31578
10830
19676
31198
3078
17530
24328
20877
18847
28663
6389
13019
11193
7643
24563
1060
31825
14592
22784
26053
27741
14416
16884
30336
22182
9792
27387
14114
9434
16795
25672
20834
2781
7041
13320
17933
3169
22191
10389
18016
182
27649
6893
15541
2275
6196
13666
18531
11253
22257
4755
12511
3479
3847
18586
5159
29411
21497
13447
21600
2424
24760
6670
2237
9421
12209
27516
30116
26053
21514
19951
20492
131
30761
11719
20522
5247
9591
30552
22348
19161
14691
18401
11525
12014
11177
10946
6026
29994
2516
14057
21340
9245
19457
8334
11815
21456
26343
4896
18666
30553
16148
26495
17753
25773
24953
2667
25216
3766
9513
10045
19624
9637
6750
27348
9342
4490
27325
29395
370
31521
3803
15626
29534
22255
31999
11057
18280
9870
13610
28380
5161
25670
20052
29099
20751
19677
26873
3521
31999
31663
10964
10872
6207
3329
10219
4435
30100
14994
23755
3893
9895
9843
7701
13776
1965
18457
8505
20831
11847
12209
642
26264
16295
5043
27731
19676
29173
23738
17328
14514
15601
9107
32255
19059
32217
21907
1040
30023
4749
29486
18012
21071
12273
7366
26250
13348
30611
25025
6712
3713
4238
1502
10999
1596
18350
12489
14231
15739
31444
15341
6822
12324
21404
4745
6707
13461
5438
22534
17623
29846
434
18568
8183
29323
6680
1987
2883
28399
15958
21008
32130
16893
28675
17343
32402
32176
15492
10927
682
27630
4724
5661
2787
15616
1610
6330
12023
31302
18997
28928
29768
4393
23883
3013
5668
2640
13795
5393
9031
16663
27455
2861
5281
12093
8815
2044
16730
8412
17009
13454
21524
25759
13213
6899
9584
19503
11841
19021
8147
4334
23688
297
4202
28904
21408
21008
2411
6151
10267
30296
14750
10630
8598
17216
23837
32167
20889
30013
11096
26537
4543
17806
26203
6132
11543
32278
28500
28312
14537
32619
1103
20981
24573
27947
2885
23995
9976
29839
3669
32278
27016
24898
19793
19234
6307
29811
2172
14501
31563
12841
26770
28157
30388
6358
10249
23127
8617
30512
24983
22818
10028
21564
10228
31428
15453
7595
19169
17803
11677
4202
28009
742
18162
3957
20839
27861
7085
23788
31816
20382
29003
26984
6418
29634
20890
11663
15269
25647
2077
16870
26946
25783
3760
10471
2633
11457
11631
32596
10567
14910
20949
1738
9007
20703
24865
16025
11496
31109
2558
32467
21000
5626
22882
18851
20704
23774
5815
18144
30648
20964
11065
7650
26459
3646
6303
8597
24279
27989
17149
715
29822
29118
4585
31959
24624
30313
11485
12375
15069
28
22236
8273
22341
17184
11608
1410
6146
12603
20052
27634
26313
9182
10694
20172
12525
30366
575
9837
3364
9704
24781
7355
28302
17905
33
23480
2291
26093
29421
10839
19021
13185
2448
19342
3462
29306
15093
21420
27266
7359
5304
26605
18272
16004
30347
7243
3837
25281
7385
25496
12474
9187
16041
17866
19840
13505
17092
20630
13825
30161
20506
30272
7744
27292
15714
20145
10835
9071
9217
28362
14439
28500
6701
18936
3078
27200
22610
21000
16021
15246
19892
18749
6433
6316
26711
31392
15195
24597
5148
19608
13280
24703
13612
25018
28094
8277
8601
15330
5940
14695
24131
5507
26042
7393
8953
25915
23361
21369
27105
16299
28860
3565
3610
2949
18911
6573
15775
15334
22055
3540
17007
1255
794
17501
26347
15983
25552
29588
31103
26955
29106
31690
13188
2688
19074
15693
1893
20703
3996
2712
6657
14555
19067
2758
27473
8856
31358
8269
29259
3652
12268
10216
12294
29354
22583
9173
32286
25092
8061
10049
7258
28945
2900
5633
16780
5224
12999
3202
13241
26636
14236
1027
11130
5440
25817
1793
1698
19101
5766
2547
3617
31329
20147
15416
21289
21258
7101
25934
26511
9764
13262
8772
30067
12639
27043
6002
31267
32228
24210
27239
10301
18921
5579
6179
13588
12419
19678
31623
5461
956
15741
6153
27883
3302
11395
31916
13855
10031
27190
21296
25604
26741
10185
28549
1042
19547
17958
29574
8977
5532
490
23268
31033
22943
8368
864
8599
27212
914
1342
24754
4639
17133
28662
15983
22138
14181
16172
30514
13376
5161
7138
2118
2719
30328
15853
23423
10285
3685
421
22045
11831
17623
1505
20212
15957
723
26147
12234
9794
32254
25871
17921
32235
11869
6946
1654
27590
20832
32160
18600
869
7711
20942
15645
29259
3811
24674
8961
28414
25576
32056
273
7774
17249
14150
26039
25396
6845
17618
29302
19470
9513
32738
13961
4939
15190
1781
7367
25970
20604
22000
28874
25032
16543
27483
16208
2337
21521
19917
5601
3830
7224
1445
26035
16568
3473
24315
3530
30564
31477
2007
20579
18264
22043
24224
14227
25189
22879
1239
11564
24613
32449
2565
18912
24718
26673
17137
8105
15560
7434
8471
872
14908
16604
7766
6604
29678
10094
4329
11125
28172
27139
31640
1113
1991
25053
11823
25191
16225
11264
18992
14187
31879
6712
32709
16946
21730
13661
5880
17134
32489
13526
6438
20187
26361
3932
11953
1827
6823
2304
1270
14080
32341
25200
20607
7456
259
3446
16249
25677
17000
2753
28776
3917
24385
21736
16665
23559
22506
31916
2520
25064
17707
23166
6372
28549
20308
31041
544
27522
7052
7760
5899
15538
9062
4803
6898
32127
10933
4590
1893
32397
18338
299
29927
23706
12539
21722
31721
11689
18126
18085
8698
2399
2359
16649
10040
28845
29046
9233
18442
22703
24900
18277
18193
23764
7272
23940
21339
23616
133
7246
7898
1646
28470
20165
14613
6938
7772
13332
542
24926
17079
20433
18884
6683
18612
3967
28425
29082
3974
26967
5079
13427
23160
22600
14574
19374
27778
22844
22049
17449
538
19869
17090
25913
7500
26391
603
6804
22541
160
18846
13679
12493
2230
20383
18659
1355
24808
16193
9621
12205
22168
23790
14486
31184
6399
13452
20872
23261
20594
25516
5123
13085
15075
21508
6199
31246
29098
31263
32466
4790
15494
27731
31780
14903
5598
26100
7808
17572
17485
2759
21478
7187
11614
32441
29408
13811
17812
9681
19114
29344
16814
8292
32405
6965
27944
22408
12461
29090
18949
11722
16282
1790
24012
10276
7108
19486
20433
9001
30651
4198
15541
26755
22485
25311
25392
14495
17689
2442
3598
7335
10075
756
24440
5297
2729
17931
24949
30262
21478
13360
32689
3781
10421
29069
20092
24312
3737
6057
17173
424
1370
30265
16681
4957
8362
22074
8599
11784
25864
29500
5750
19701
27621
7937
4185
11515
4869
17222
2257
31990
15145
13793
22068
29303
23019
4876
27805
5817
25321
4609
12340
24535
19493
1991
15536
27197
12716
3147
17946
26204
23670
30130
30419
3747
12430
7662
28376
14762
18034
9871
18501
23728
13245
11996
17688
4679
18179
12323
2616
31054
15101
29773
2998
32
9446
23221
3666
28683
8740
24379
25153
19716
2347
6036
15149
23960
8607
6884
18814
28454
10168
1934
30936
10828
7915
6986
30692
2975
14279
4473
27988
21663
19741
15286
32289
2282
15459
2222
2327
19375
7514
27953
15252
12646
7407
25481
25485
22974
32607
29962
8913
26071
3487
490
26514
7858
29179
15187
20001
24550
18429
951
20473
6804
25488
10596
25599
1180
4965
12120
29704
18449
25238
6230
19356
18155
7562
26681
25594
18172
7704
20361
12635
6694
8943
13644
21883
5834
13877
4894
23382
29827
26478
22404
24623
24853
23712
17022
19927
24992
32436
28763
2604
21530
17696
1745
16352
9467
25795
14413
9340
3386
26128
4488
24484
27769
26223
17755
30620
4989
2272
27348
26379
4832
23010
24969
16383
25098
10899
20524
50
29277
10008
29024
31372
688
11327
8907
31208
18175
8291
27245
283
14432
21393
26160
19506
8505
10984
22976
30460
14769
6982
20124
27849
26724
14113
31342
1392
31579
21426
24472
29591
27963
2393
23567
26670
2748
4925
6764
3901
3165
21043
6464
18912
30807
30433
15528
18831
24783
5923
7714
28835
21071
12973
3743
7190
1655
27378
32474
14987
12016
29253
16871
21646
27810
30270
24079
27164
18215
2400
24539
18790
14463
20472
25455
17106
8453
29768
18457
24131
14241
9701
16938
30106
19008
10334
16133
22653
25217
13598
20341
23895
8881
13460
3140
927
28410
4753
10505
2910
14039
12785
10561
9707
29387
17277
27553
9209
10835
1040
32683
17620
5657
9721
31104
2792
12906
27041
14325
14723
21994
10606
20712
24540
8327
23782
6101
5459
22187
22296
29348
19194
31926
17463
28869
22101
18091
10889
22655
6494
12329
29311
7813
27596
20638
14886
31691
10645
16311
30654
5527
2738
7707
12199
27611
10274
5720
16773
450
21041
27165
4252
29833
7162
24491
2940
29840
16427
9094
22243
21681
17160
29296
8159
9168
30131
8087
22835
1203
16042
19214
26620
14356
19345
23674
916
3317
4146
5646
19639
11060
14018
21433
24548
27743
25957
19101
26374
14025
31989
23748
28244
3806
13567
21774
118
21171
14607
8046
19945
21474
11054
20822
25508
17300
12200
5744
13564
9439
26131
21903
31941
14675
29580
8677
14778
7119
580
19574
18975
32153
23100
10700
27300
14766
30540
24557
7309
12887
16490
20618
14096
11517
17449
29561
10238
8254
7808
13670
10150
10305
27597
11973
25591
5446
27929
18186
26340
18561
16798
6173
15373
21288
22918
9736
6555
3019
1526
16115
4203
3556
19019
5971
1904
22447
21156
30302
1618
31291
13216
1730
4955
4033
22377
8086
10388
27702
15345
6545
1067
15388
26235
1146
22552
1437
12382
20703
7424
16346
20741
16906
3162
29825
18747
15409
1488
8093
5029
17133
25576
16819
16016
15341
995
22538
21230
18924
1254
12106
11418
21472
599
17481
10212
3189
19850
10017
18505
3513
27293
5254
15490
23833
21664
14678
25537
27532
19705
21618
14391
26126
14855
10957
17113
27216
22790
450
31844
29614
18227
5035
16286
5217
9776
12975
12511
20214
24489
3547
16081
9214
19512
19572
8308
10248
16774
29580
29797
13772
19380
18900
25951
4265
5625
11697
30722
2898
18060
4498
26067
1732
20932
4736
10629
23931
2173
23799
8311
3813
26047
21492
25981
16151
24474
11855
18659
24255
16212
32331
2479
3929
17607
22380
13351
6054
6404
1672
18835
31834
21564
4129
5444
4373
6881
26866
21205
5525
5640
7368
2481
13098
19218
22419
16853
28266
5771
1213
30168
24869
20050
30906
26152
20636
20218
22753
12694
29677
30833
13690
22293
32466
24031
2584
1214
17547
11473
6185
22552
1817
3991
20427
29591
18093
3818
15073
3426
9568
14035
7782
23385
13092
712
17922
87
13819
21783
11739
24244
16999
32136
32430
29711
14369
4925
4126
8778
30477
9694
25932
2517
24686
2547
22439
22832
30807
17553
25606
13739
15202
23097
19956
8561
31907
1277
3402
708
24543
5604
14852
12426
17402
1424
27213
10249
12719
30750
14044
20463
8836
14414
22915
27797
13308
28132
6661
10628
6926
4942
32041
23609
27606
28294
27148
25637
2443
4410
14779
19448
21169
9259
25857
4127
23951
467
17534
11915
22756
25674
5881
25525
25814
10858
16888
14559
30763
30770
141
18332
9659
13928
29810
22162
22053
13698
19800
13183
18882
30663
31357
28282
30423
26290
6781
23164
6159
30615
7530
30494
32552
904
19742
10148
32748
22138
12240
23355
1891
14756
30950
2687
13127
32040
31754
11840
32184
17653
22144
4998
20785
7404
17079
12498
6331
6210
18974
24743
8288
37
18744
9545
23011
21922
31219
22981
22958
10950
30774
29745
8204
5891
29881
15669
664
19158
2585
8395
18934
1703
26668
31810
22464
30961
18834
3465
26819
18338
26508
26538
18284
18629
24593
4245
637
11870
16927
11295
31748
10645
13392
22602
25742
18711
27053
7879
30360
5818
22726
8121
1606
14432
26883
22972
14680
6173
2613
13094
31577
22428
27248
10381
537
4798
15901
17545
30302
13701
20043
17594
5335
26929
16710
4109
23377
23720
20843
25148
5677
27675
26170
20628
25106
27623
17325
3067
30175
6841
17352
1073
18660
32502
20082
20566
26961
13146
899
173
5870
26335
19230
15775
30221
5088
16449
22531
28350
12926
10650
11932
3137
27203
29853
3299
28865
1797
26323
26375
12607
13581
31093
5939
11724
18553
4921
15
14843
5087
5228
14473
10646
4659
26945
9429
5520
26603
5737
8370
27963
32608
29667
7920
10171
17528
2582
25135
10683
17282
17693
13033
13150
12129
29282
14003
27256
4845
15470
19647
21759
12694
6399
5030
22460
23371
23899
31844
3398
14234
27877
3748
2353
19480
13806
16959
23427
16899
28877
4607
26727
12070
21810
11176
26662
26109
14775
24889
9042
4378
20920
16239
16197
7623
32101
28043
11978
14829
24597
14933
6937
26932
12510
31329
22793
30060
31074
7057
16001
15916
14059
4571
27695
11192
4539
332
24445
18728
7837
18765
24769
18887
24256
21798
8628
32186
29125
21952
8230
31202
11799
18607
8432
30467
4987
28783
22313
11301
19432
8686
2973
10298
11928
2891
22650
28418
31071
22494
19789
23852
13372
21880
3885
6078
29486
32492
18742
2742
27208
4046
314
15089
2056
1402
9394
28493
2533
12632
25083
29963
16167
16479
8639
887
28155
23512
13489
714
3783
18277
2429
14927
20923
8257
32510
10693
8873
8649
9906
4613
7958
4924
2924
28900
12945
17087
20553
29787
19779
12708
15333
10469
26824
21995
975
26409
20285
5385
27706
17625
22682
23529
4085
3290
4674
30769
25757
677
1241
5830
20241
29933
3158
2962
23590
25474
30297
18053
29084
15477
23230
6617
2897
29821
25202
13723
22709
32409
28805
31847
20094
26359
24961
5491
157
5397
21755
24526
22640
31014
13671
10986
31545
10423
29233
22617
29903
11922
8201
19156
31379
4578
29566
18049
23206
22681
18894
9846
27481
2319
13308
2937
3813
28395
14372
26633
8029
10055
15628
3491
22240
14351
21499
7998
2067
13994
21710
3352
15054
16861
72
32180
278
21228
7338
18467
6220
10754
16515
25476
10915
22994
16330
28615
17624
13951
28458
15286
21533
11193
12701
27701
16470
15914
1084
10440
30343
15376
31830
29015
30605
24875
27583
302
16141
29145
8042
25416
5803
4480
27706
7117
10620
22572
32278
2777
27581
27513
7484
27775
10949
7860
24023
6670
22840
24125
28115
28818
27518
27183
29936
158
22643
9283
15125
27465
4704
29938
2280
4215
3115
3034
30363
29274
7882
32611
7432
29240
25341
4002
23809
19054
21309
4222
12513
27061
18927
16145
15463
5028
12254
1617
3781
27254
28392
30447
19187
17934
31992
30335
10825
31800
4916
27098
3405
32306
25975
24256
3786
28523
28161
30914
19746
6538
8557
9567
24036
25010
7908
23406
8097
8964
12433
27068
24060
4710
12372
6389
31745
3971
9403
9416
6328
1811
10798
20550
25081
19037
31849
6539
2433
32762
13360
20641
4166
4571
3389
5537
23560
15502
18558
539
19241
9148
32381
440
15038
4087
30240
7710
13030
14770
21394
16916
11611
17809
13185
14311
10822
21988
1674
26380
1880
21870
16625
5382
19734
24426
12950
11659
26228
26832
6948
21986
30374
3796
20108
20367
16691
11951
32178
28210
22603
10915
30565
9389
1370
57
30101
28037
8157
5070
19136
4747
18037
21837
942
6075
11833
8766
20830
19812
31825
2304
20288
19849
24001
20818
31141
26759
20866
28185
26739
17657
22743
15453
8733
14041
478
13204
6866
4584
101
27427
13301
31567
18688
6434
20430
32390
25176
28255
19839
26997
24774
29606
313
13273
16417
19520
31919
30186
4052
442
15307
12859
9523
15592
2464
30433
18447
4136
12705
6615
3463
14059
20752
5281
21794
28274
23737
17200
7195
19414
11999
2566
6908
13131
12663
10138
24942
21669
30868
13566
25680
20764
24867
6591
12806
28236
2008
30477
16660
31360
11368
19995
3307
17967
21753
26057
29954
22215
17878
13185
4649
13994
8552
19294
30235
1654
17506
7060
2386
13194
12859
30476
31519
30662
9697
13134
30713
1681
6828
23972
6678
2849
24976
19324
18488
23543
5784
2575
30410
1960
2703
28992
32555
7907
29952
24007
330
24496
610
22158
883
9718
4748
8539
17512
17728
15215
2736
29620
12224
25603
25840
17468
3733
2946
706
3351
12105
4309
12474
27807
27294
3659
29239
8648
26762
7569
1415
4017
25984
6111
29522
8057
23793
9839
11573
29780
15635
14131
32685
9694
2017
10695
23351
29871
1379
18597
14517
11567
27439
25240
7444
11435
7472
6259
44
15529
27558
13058
6887
14457
29294
5441
24742
12557
32132
7884
10208
779
5830
4759
17932
4895
8442
21983
8898
9366
9235
7008
1565
32297
11952
20169
9827
20758
28902
21613
14568
5750
29759
28987
2607
22218
5378
28400
24915
4055
8373
20619
12965
11444
15841
11009
26007
17441
277
30259
12761
4378
21293
27165
22465
22956
3284
15440
14320
14344
27464
20898
3635
31190
16990
14372
21415
2507
4037
32084
3105
6014
21390
13460
716
29047
20972
16859
14868
17801
8761
15531
4803
15203
12090
32579
28266
7521
3236
13845
20739
936
17887
890
17876
13681
2569
2981
2967
13477
22846
31957
19415
10155
5911
26575
24989
5501
9840
31884
29516
10242
29295
32559
25546
26776
2242
2362
24288
10991
10535
27392
1252
6686
28210
16734
31125
7152
29515
5030
23110
32383
7158
3548
24383
9221
24663
11045
11360
8430
17141
25724
5383
50
21438
14247
22324
8673
25675
6761
4587
26624
20838
11770
31450
9619
1481
18100
5948
1019
6697
7183
31741
21122
13939
13519
22815
29749
6230
25468
21596
24562
25345
26387
30477
26305
7214
1019
13130
13415
31327
10554
17491
15929
26727
30185
28206
5167
25133
13029
24722
18489
3757
5320
16644
24534
15167
23064
8256
994
7196
6590
24282
25263
30238
21945
17701
30808
5575
9747
21076
12626
14213
4116
1759
6980
17716
23991
11817
6169
3301
2394
27487
18259
21726
4537
3491
6562
28898
18973
28522
17077
15538
31441
25890
32080
8147
26070
32537
21919
32402
983
8858
28106
15430
3423
15961
28873
13013
9290
7696
10106
17273
12666
8555
25584
25796
19147
23074
14094
20962
13640
21860
9301
16159
22431
5244
18427
14248
12498
30895
9021
2198
10032
9827
758
23848
17284
9095
13423
28752
11404
13614
31865
30578
30380
16509
1209
10856
7140
13000
13124
3273
12288
13560
8300
23659
9486
11824
7897
18726
13333
22960
2523
23003
15876
29689
19966
8885
14569
17201
24543
12463
32099
32458
5439
20055
2138
23135
5206
1489
1261
14302
19817
1054
12972
17644
12959
16799
31752
1925
8721
5076
20743
7651
13856
3178
6717
13730
28683
18805
22519
32289
28865
6906
16825
6699
13299
8624
31211
21719
366
19207
10703
7596
2216
20074
6582
4105
23192
4033
6516
2500
13771
2875
19729
5394
22709
11850
12737
10663
20037
16879
28438
2334
26812
18999
18549
15002
24254
32518
17095
27054
16041
16915
21104
11386
11303
13876
9605
29975
7167
23516
24121
12854
561
22241
20889
25347
9793
16771
7802
8784
4563
12459
12463
27887
19832
19824
1151
10079
24520
10207
15958
9900
17073
9980
27322
16528
17166
14852
31361
9950
32379
12021
20289
4640
29544
21072
27657
32639
22381
15390
7758
1508
10205
28209
13096
1629
10398
10156
3263
15298
17720
4550
11263
28056
2091
10698
660
18997
7302
3170
8466
11301
3509
1558
5491
20173
14747
3344
3527
13902
10465
2082
4903
20141
16781
1802
28907
1584
2006
20468
7197
26379
24886
26176
12077
29755
3522
28294
19941
19891
19383
5079
1440
24502
22869
21062
32183
8580
18672
19111
3133
10040
23364
919
748
2801
21513
15293
18526
28976
31943
12623
4481
11393
18924
727
20293
17502
22044
3383
9367
25424
10184
27370
30867
28759
29954
30862
30965
22412
22927
671
8401
17925
13118
134
6021
23801
6265
210
31723
8228
7450
10949
28627
9069
22912
30994
30640
15303
26593
4581
657
14165
19425
24612
11859
24785
30820
20980
7189
21038
26529
24704
26861
23164
31097
17654
7897
31501
3078
32465
12793
16342
630
3934
24059
30487
11802
3705
30678
3135
19898
31896
1979
2570
5932
30220
16200
2028
32548
11139
8192
1714
13134
17360
26104
103
31386
2799
2770
12148
28632
4675
29935
20748
19076
9763
9953
26311
10723
15509
799
15245
5711
16729
30717
12214
11470
25386
10203
4207
10474
17984
24988
32352
16573
16409
32090
10124
1868
121
29015
22648
18710
19376
13111
10383
5868
10779
14701
17861
29442
12525
12532
9083
21575
18479
15167
4258
29682
4614
18546
31012
6493
22325
25042
22143
22551
7394
30842
5043
29749
18333
3153
26719
24808
28574
16184
28455
3413
19022
10376
31576
29600
19722
31931
29135
7754
27939
23913
10519
6078
8489
25975
5329
30758
1897
17803
16473
1411
21940
1218
23718
6653
30306
14758
25970
17527
30359
20314
8603
22375
10693
11032
714
23013
9842
17886
10322
3842
60
3683
2395
1882
25370
10064
2623
28909
29668
21933
308
6442
6678
13209
28204
21837
5841
31551
27129
17643
3362
32261
4277
8907
24455
7174
27489
6136
1711
20419
7372
17684
17794
8725
21942
30191
24161
6759
21558
13145
11695
32545
29273
10036
19856
31335
2060
1741
9968
30468
9276
30572
5064
18849
24891
8489
30364
31291
22630
25602
27465
16852
30981
25387
29949
4200
18034
23205
19847
12066
16766
29458
14801
21200
272
1992
1962
12949
15887
4900
6345
30429
22146
13600
7951
5270
3062
2088
28173
26782
288
14378
1478
10103
15044
4077
15030
30018
10198
28835
7955
14827
29918
26561
4434
1441
11937
22286
5101
6537
30717
25338
21092
26803
22293
6962
30594
9549
23982
4465
14561
11798
12505
21145
15280
28694
13267
30210
14004
4237
23081
14098
30093
29481
25887
19726
8507
28795
4179
29999
29152
20652
29086
25337
11719
24172
4155
2760
6566
9772
30507
31404
15904
13709
18135
13686
9870
28440
2552
17427
31999
17967
20916
28953
10109
30531
23817
25248
19091
4168
20335
1619
21772
23910
15033
967
30972
3570
61
10507
13829
9628
19764
1408
22739
3562
13924
9962
5097
23525
14076
11464
5536
7698
5823
9697
16236
18083
31588
27680
25186
1519
10557
29345
9463
10528
14104
14860
30219
20779
14691
24354
12582
5638
10387
30613
22529
27157
1734
12573
1352
20965
2214
26312
31902
17436
17809
8338
31714
17840
13048
12597
12720
5720
28421
26178
32043
320
7809
32369
23290
9729
25076
23093
9105
19920
9742
6804
32434
8437
21317
8758
12339
20608
8384
11452
8705
2103
3700
28755
20325
15570
19085
32136
30086
10859
1551
20830
11568
5936
31933
19869
20947
11867
13370
2926
22991
1892
13934
15397
1006
11636
19243
3166
32306
15134
29968
15691
27090
24138
13742
26700
24703
22641
23786
8384
24299
20240
26530
26652
14476
86
12692
10298
30878
12320
32379
10227
21607
24872
7802
11759
4798
11897
12734
17852
3278
22823
20320
23326
11288
24124
5000
8102
2487
10485
22744
28294
4840
13615
8456
8868
22217
13852
28877
4845
24929
5434
8960
10476
18401
23942
30460
17819
18985
26349
24136
26745
11662
22019
19830
19676
13531
17399
5194
29065
22933
8903
287
16002
10884
12720
21383
15647
29550
5609
16946
5728
4646
27536
6161
19330
7366
25317
11450
23760
15672
15798
15375
21180
26107
16666
24858
23854
17443
28514
14396
32028
4770
7757
27783
27739
12999
15739
13416
14261
11780
24868
393
16187
1268
25866
26613
4316
28572
15276
126
20791
29426
15805
19036
9902
28571
3540
20502
23228
3577
25701
5030
9608
11109
22512
1496
22458
11449
30072
3315
22157
23058
15671
24219
7717
10196
22416
12534
15908
4334
5701
1806
1144
26207
5610
7286
19062
14329
5018
13361
6189
14948
19176
20175
4596
20071
28696
3033
25670
3427
6800
14959
8656
32544
13193
23856
18375
23756
15626
9562
23679
1345
1303
10546
23610
1671
6438
22951
26686
24730
3538
31538
27690
25965
28371
9728
11657
23086
27438
4435
31144
15820
4521
11814
26021
22711
12674
21776
21705
31207
13152
2922
14615
1311
32394
9140
16933
13939
15959
15669
28203
16136
7142
26338
12634
7963
16398
27009
10095
24900
12696
32014
903
6908
25516
27998
12853
22110
2186
29186
25042
18730
31867
15726
25876
32015
23814
1883
9186
19754
8294
5737
3687
23754
16700
3337
18022
27510
21122
32154
29389
10801
4032
2514
29068
30204
15746
4448
23463
7069
28169
13263
3978
2207
32321
10670
13726
3482
24307
14574
29465
5556
32316
18571
16154
30568
25918
22383
3573
17030
24085
23187
18123
12155
13836
18023
14175
5075
28689
18292
31268
32764
31591
28223
667
27213
17051
21105
17371
2886
9913
28982
9585
20250
15039
19171
14955
106
21330
987
28336
4180
16048
3251
7827
8108
14566
5524
19623
11657
28739
20705
27092
3844
11788
18714
25514
5180
30577
19969
27894
32414
15040
15611
13459
11363
23769
10424
32387
7513
15074
9238
21310
13543
29756
13379
14666
23883
4277
11810
11532
28711
22271
753
19166
2108
26465
16424
24418
8309
28332
18084
21013
9255
1393
32004
7719
21655
3953
340
19850
10173
12117
7657
10825
1095
8863
1419
6683
32481
6625
6874
22584
31924
24876
18154
363
24364
27852
9009
9832
7423
7730
31395
22625
27755
21810
26139
25556
25279
8559
2045
11687
11548
10259
11033
26230
18045
4547
18643
2092
20213
5330
14977
20944
26680
28596
6677
13730
15197
26550
5628
28007
3042
8173
15430
10497
31729
23660
262
2882
26081
1466
1020
26882
28416
132
22897
32367
14224
11662
23139
3749
19471
9711
16354
8575
15292
1918
3514
21420
30806
25992
4178
27909
25383
12740
29140
12573
11073
12680
10894
7706
24840
21308
20633
3524
25328
30736
2744
27868
1928
1514
10882
31919
10424
21922
12740
21227
29766
20850
18209
2992
9631
22440
24059
25066
3285
13726
5527
8671
1764
20204
4987
10756
19257
17628
23835
28181
12917
12831
29877
12388
23150
20158
15738
25970
19318
4179
27374
30140
737
6776
32657
20951
1729
4992
7871
3263
26356
12645
13781
28781
20321
4866
16533
16551
3966
14722
11468
8220
15126
13849
8497
19376
18505
24562
11153
8213
20180
9832
6697
7579
19602
21368
1108
24137
4931
21110
18022
12844
17293
20224
29911
21999
31040
16433
2724
30636
3294
13334
22258
32258
3675
28518
28148
17768
23841
13677
8464
18368
343
19530
16957
25136
10851
4442
14000
11565
30381
12788
7351
6872
26790
23639
2277
20366
11530
31968
7791
26810
5730
23425
1750
9710
29132
11630
3270
10291
6398
28441
24127
15261
25993
6753
14834
24354
26971
3334
3054
32427
4232
13153
15739
4972
4170
19282
15430
7793
18246
21369
31935
12666
29456
31401
31680
31241
24306
9113
879
697
28649
20701
14181
7889
12785
3349
11280
13337
19074
9061
3413
22253
29787
15397
6266
27791
26750
12761
27972
18370
22652
12899
31324
29588
24050
119
2295
8315
852
26960
11190
26531
18921
17057
5323
22663
20759
1231
5982
1215
737
21853
22575
32280
27054
5544
29052
31466
4940
18900
3621
5286
9524
27654
16398
21679
1552
32723
5573
875
16506
31225
13157
28057
775
20557
29370
5093
24964
17909
20133
30905
15231
18391
7618
87
27658
27985
24649
5925
9915
28971
9522
4679
9719
14026
19101
32371
3696
12198
7536
20737
11245
13566
7234
12098
27466
10698
24952
16403
13759
30961
30893
15282
4453
17340
9048
11728
10997
21642
20648
7655
11475
10694
19635
4557
1868
11543
27344
7818
3612
27350
12097
31591
3892
24005
15382
19271
18106
8958
1357
4154
21584
10793
4158
32080
5529
13810
16951
6827
2553
16571
611
28632
9117
6541
13040
10336
10684
19797
17776
26265
4124
12365
28288
14530
26583
7096
15528
25679
19807
13266
5763
31618
30656
18951
25632
28987
19749
12131
26535
7953
8350
2890
2368
29089
32032
2665
6704
12070
8654
31212
21317
3147
4982
8945
4725
829
26463
31293
7106
8451
11074
30766
24929
15634
3734
11505
5914
20252
12560
25845
5362
22314
14955
29088
19720
3050
8037
27200
22717
17226
14346
31044
24855
18757
2868
2476
26216
6397
29523
26814
11050
11275
106
12283
17966
21523
15194
2897
8182
21147
11875
12178
24415
8989
22248
5413
2434
11098
25714
19196
22749
17906
26872
30149
4014
23346
24158
20325
18848
31789
9531
15010
4265
13326
24799
16159
14643
940
21653
398
18810
15199
9765
3105
28725
10003
10653
31553
20088
16538
6737
25219
6361
23623
25889
32216
21458
952
26618
772
12134
29427
19104
10065
17927
27573
21674
11652
17080
21254
25806
4112
12911
19729
27998
7050
1213
19251
6675
3421
32688
16466
778
2751
11001
28528
4364
995
30282
2175
30482
22384
7938
1911
25864
18995
6412
2471
22482
10000
32516
3400
10893
6975
19868
20312
19735
8885
28223
15270
17361
6367
21748
9001
21667
16790
13700
11413
1345
24144
5087
13104
20141
9107
13244
2018
10750
8880
11136
18572
23135
31661
7777
16795
6234
27523
25035
3549
599
2698
4610
26771
30303
20273
23050
26055
14630
10482
29380
1248
3657
18309
7513
20851
9684
25172
7387
1628
775
5168
29482
26382
16474
8002
25877
17191
21694
11588
2498
22600
15910
24561
26960
1571
13638
17849
28346
2261
20122
1722
12543
11639
11435
24044
22400
13551
10126
12955
7593
22796
3501
26139
14803
10195
25034
10679
11113
10515
14912
28906
13386
576
9612
21458
367
3197
14349
30177
18126
4347
9992
17622
21118
8066
5359
9195
23323
13133
29411
22352
3436
6683
7031
17369
7491
20867
2743
22260
23973
20104
22377
10973
9259
25453
20882
15125
31656
14283
27196
15632
27148
1760
18551
28973
19849
6186
12190
32748
5364
9780
6875
14172
22381
10161
12781
15570
3906
11975
31529
1760
31761
21165
28351
13189
28717
22392
20287
3746
3395
2098
27484
23725
13374
30509
11503
15785
11367
6294
6463
15446
17873
27469
9855
23973
31476
9204
2712
17518
21912
3655
26409
15717
6901
6315
30412
18251
792
15881
8092
27489
32648
16860
3828
31266
21802
29321
17017
49
3426
26096
8794
1937
635
25664
4310
30996
2889
29967
4863
12822
2572
17066
30398
8810
25240
18345
6680
1685
7091
31431
14255
4666
12223
27889
23692
7894
20633
3485
27419
12974
8896
2397
20343
29701
13242
30388
18664
23697
12211
17704
27819
16688
6760
8856
17905
472
3907
19152
14121
30156
19655
30043
130
26646
3887
21912
4012
14385
32338
24849
31967
29446
13002
20487
22815
30746
5717
3154
12734
32517
9083
616
27938
4390
18546
2235
25801
19349
28990
20808
24713
32089
32028
6508
22301
30171
8993
3066
6109
6043
2591
2444
16845
802
6088
19222
11225
28216
15126
4801
8799
31574
13802
24310
7662
9566
10739
21432
22350
5002
27857
20024
23744
27042
26490
22179
3206
26739
1245
25663
6310
29308
29638
10166
30700
18666
16386
20402
26670
5319
1731
31657
26067
4206
19014
20731
15510
25922
10418
26170
5512
4511
31300
30920
9812
27409
6825
8360
26055
4292
25003
30350
27024
25148
3856
24632
20804
20038
11711
30465
25253
3631
12837
15540
15139
8499
22487
4766
15011
7224
633
9959
2944
8637
9694
19490
27599
5645
31088
28450
7144
25528
31443
7951
5666
25667
965
23482
29661
16671
30537
7726
9158
24792
18948
20360
21846
13455
27111
8712
15772
31146
18702
103
6461
17354
4072
1899
4025
25341
15001
15802
23535
31286
9628
32236
24036
23034
19885
18147
31168
29531
18150
26207
26649
30506
12072
12749
23412
30057
8124
16736
7945
4351
25146
24931
4807
7087
27818
11726
10392
11851
26858
3095
18150
4389
19280
30538
13406
2247
15503
21084
28916
23268
23263
13501
8231
8078
5720
25900
26758
12968
11423
30415
27763
22943
1989
15491
16423
29013
1132
1649
246
14430
25388
24034
29140
2415
26933
13140
16665
6675
29749
13004
23425
4512
1404
12911
28791
3178
2142
28492
2963
24374
22488
3197
26465
12018
18295
2158
23908
12451
13174
7292
5978
9630
23590
15042
26050
26619
4243
7727
24476
6983
27749
8412
12144
21881
11524
19613
12689
21543
25088
22999
18339
4602
31919
4241
1371
20576
792
16333
6790
27008
27151
16152
7757
32371
23202
11872
8119
21937
26292
26630
8047
32201
28904
22836
22216
2134
19393
13425
28670
28974
21511
12914
5055
1500
2668
21811
28649
24913
28783
24903
7062
20438
11393
365
31830
12101
14694
18531
4283
8057
9439
1279
17435
5891
8582
7291
12177
12318
28665
24337
27717
16870
25402
2759
23277
6596
1110
28813
1172
26925
6469
28549
30874
15244
4882
15010
19453
2172
10044
7284
7638
13883
6235
11586
17703
8283
29190
12122
3027
30395
15349
1445
6894
2230
26723
30846
31799
20634
438
15556
21731
21340
23394
28974
15773
10378
18955
1503
23498
16000
9962
16955
8209
11999
8817
23800
19995
14139
10802
23160
12695
10772
26109
9558
9346
27656
4168
5439
19109
20806
11732
22531
9823
28486
26766
28907
27300
14008
4532
16974
11846
27066
3896
21855
25715
16973
14441
21577
16000
23818
26064
27262
23268
15377
14424
32587
25992
30275
23475
32433
3390
26289
18424
9328
29326
28755
18065
32100
29625
10750
15956
4884
31224
1680
2800
30089
11269
19822
25483
5980
10716
30512
5289
12307
13763
17050
4432
6318
28296
5582
8042
22140
32522
32705
9066
18483
26362
28140
20274
10560
16611
27204
14388
24412
10600
30059
6360
18016
11214
20776
16670
28250
22458
20245
31365
32736
25659
30615
25387
15012
1034
7443
1077
16969
20241
12127
10097
11637
25899
25463
12346
2856
11819
882
31645
21068
23327
31412
3002
28557
3286
29284
620
25962
17311
4641
12076
12940
31828
14576
13362
29271
7831
17017
1758
27584
8284
11380
20311
606
680
12382
27506
15811
2967
9584
6357
23308
24996
16081
2652
7351
27685
31243
27835
19637
7445
20924
7781
9408
2070
2190
7853
4335
27318
8296
30763
136
2546
20966
10850
14613
2297
6151
22175
24506
7474
9254
13348
11461
17279
20012
3974
32135
23236
21763
22868
14435
18339
846
2041
14116
1418
3159
20708
11155
18672
13640
31974
12874
5851
7839
23515
1987
30118
16860
7052
5044
6913
30588
1492
16031
15161
6443
27138
17828
23994
5174
13695
155
23250
63
32689
20063
26295
3636
3358
7020
19916
25474
3541
13997
17952
13701
6922
26767
31287
14659
14336
90
12558
15195
23084
19393
14169
29752
15511
11448
28175
27786
644
16773
8744
1527
27987
21274
4518
31757
10661
32162
16850
29052
30657
18266
2760
23938
13110
6562
31797
28070
32194
20564
32608
12201
4467
21332
23143
6074
32268
28264
30923
14057
21930
23370
7471
13790
3239
12796
24669
26571
4287
13148
8586
2463
23409
8696
19419
381
936
7459
5416
12908
4763
12873
6655
14416
8178
6271
31468
8217
31018
19038
24311
28730
22586
29202
32623
5468
28023
23470
8422
1876
16565
25026
7549
14931
11695
2096
25698
12381
32681
14651
4758
16125
28755
22753
2292
23862
3569
8811
9071
3516
19641
1090
30107
14693
18300
28164
12399
3546
29577
17623
5449
13458
19407
29182
6706
30209
14145
16298
9059
7436
11903
30738
30217
11969
25778
31429
18502
19013
30647
15423
4728
17677
27521
25531
1469
22353
29880
31561
19383
27838
22182
26144
29580
28012
22612
4405
12337
4879
5360
4621
19433
7793
11122
10191
29960
288
4480
21149
18429
20323
3470
29988
14991
3699
7241
13426
19559
13032
17718
2568
8399
25458
8854
15409
26041
21449
8334
12434
11267
19431
14212
19713
5369
12148
9676
23195
31004
6530
27780
7952
27682
24698
5052
8258
16957
5718
31195
17935
31392
22801
12861
20074
13120
1884
14113
18353
2519
11667
29379
1338
3631
16111
25541
16944
10653
28413
24787
26269
8139
16207
16263
8903
3259
5489
25226
21696
1033
27934
29437
27705
13681
31412
18711
16535
14992
20966
18447
3401
29167
25777
12604
2136
2877
28305
12923
18239
10460
8180
13265
26110
15008
7663
10321
9322
30163
10800
26176
28103
3708
1844
19064
32408
5600
27834
11018
7350
8778
8311
23847
5536
9224
1803
21057
30482
2998
16692
4205
13785
9663
10561
2572
14053
20256
17610
6314
28320
26479
32415
7974
2686
9244
15614
5907
22741
10488
10249
3423
25328
2547
13430
21042
27999
6698
18057
24601
21136
11297
319
15972
27556
10060
5581
25293
31611
5845
10056
22106
20497
5529
5798
8580
3598
15220
19173
17304
23192
28606
18826
14686
22380
17685
13133
22265
9517
16989
30995
30990
24571
15622
23836
20776
19016
10381
5246
20827
6631
32582
7378
31528
7014
10328
6701
5537
8094
32521
20818
3789
26504
24380
4645
3150
595
23351
9827
28481
20915
32426
6289
20326
10363
17133
26418
12673
14190
6282
30781
32000
15442
10747
24782
29917
10055
15285
21788
14278
10839
19813
21675
2940
26446
24697
26307
30585
12236
2018
31520
29397
2968
9496
17131
10602
31031
30303
5609
7223
7358
23114
14323
8450
20708
27773
4774
1345
20059
24502
14171
22587
23905
14607
15705
8299
17810
20605
20554
37
28672
15005
748
3452
28549
32688
14857
24930
25432
17379
17321
8721
26591
17621
28294
3242
2500
20563
13760
16924
28491
6246
21714
23368
11235
2191
22469
2147
29179
81
31652
16283
5910
5872
29487
16125
7714
19577
25555
26006
15365
19458
11994
10200
2682
9011
23264
9024
23835
4869
12678
5430
27838
24010
25962
14645
19717
13934
21590
21035
24625
13564
14775
25379
15671
29795
25937
23329
15382
15739
18994
14413
7271
25411
31204
26196
31286
13421
24551
23564
1296
9756
20830
15447
11613
7148
17673
32329
15345
28979
18291
24717
2013
10118
32621
11268
16011
24191
22202
2480
29194
30910
6924
28625
24998
4654
11056
27213
12476
11145
1157
16981
32716
12063
17586
18758
7120
13011
29592
19149
14284
7014
10630
27215
25767
1272
26028
28552
15161
5323
10451
18034
27813
6219
10315
13928
11497
5451
11556
5259
11187
12178
29601
30053
3959
1942
7913
8652
9918
30343
5376
21257
17345
19343
22262
31290
30262
28249
10590
5877
5994
2768
8450
24878
23696
10793
26581
19035
25432
23843
20009
6613
27844
23437
31778
10370
14904
15625
22379
32689
16592
12049
28967
24389
9973
19511
4139
28438
16435
30897
11114
8084
31557
26644
26800
32174
30322
12384
29588
32242
11805
3645
16552
757
31127
16004
4338
8949
18999
4353
18848
28861
24749
6264
29687
19401
27795
7141
31117
31659
19013
11528
28856
6829
21235
2081
3398
5048
29428
8441
2414
14196
31325
289
6919
11441
23507
23422
18680
16390
19869
30982
13552
22199
253
25284
11607
2268
25537
27938
7044
9920
8213
2151
8752
11656
20123
31359
42
28437
3774
26107
2893
28971
31043
16984
22448
18386
8480
10628
24348
28412
5778
7838
15555
26473
8298
12797
20782
6856
8103
9845
25208
19231
20810
31701
3258
4460
25190
692
5830
12173
2679
23918
32536
14685
8180
4713
21769
22816
23336
5021
12870
13089
15165
24403
26753
11417
16794
7724
14182
6611
30575
25190
7889
6030
29069
27739
8510
5027
18044
6218
2689
18663
10951
22874
3767
12883
10139
26076
21884
14690
8080
30929
17758
9147
5575
19628
9106
1040
27445
13145
23526
12870
1598
28541
1271
3798
6278
13056
29860
5491
30468
26313
30914
749
14424
8136
2065
4693
3422
25914
32623
5474
2051
11304
16204
27667
17495
11313
15710
8086
10212
29066
24214
9321
11071
20547
11602
1983
25052
7372
16340
3109
13350
19895
25331
31077
32719
27327
23824
9130
4709
27914
23884
28134
12839
29867
27384
19313
10518
30571
26958
1267
1615
19657
862
17539
2455
15167
5194
11536
27960
27335
24502
256
524
24734
11899
7192
20951
26696
9115
17564
15321
3540
23930
6071
16292
3425
14155
5404
27180
23521
16072
3566
6429
11549
12838
31454
2161
6906
6728
32147
24129
20986
21811
4430
10459
26373
9410
11982
790
14954
5530
26481
21218
3105
21089
15261
22051
9555
14123
12382
29120
15131
14645
26704
30454
28303
30422
17344
21235
3578
946
19470
23712
31596
17713
28245
13502
23669
29488
18766
27700
30509
4342
4722
25767
24695
29289
22111
8012
24455
8577
6269
28154
10914
14334
5601
14980
24869
342
12146
22597
26313
30962
16202
5116
1061
30873
23903
30171
28789
11053
22370
27098
10393
6037
24551
16977
14177
22522
14535
18630
21255
20790
23746
20739
29693
32393
27753
620
18665
9614
25148
19344
11247
1646
21007
13310
32046
23636
14258
90
1677
16929
6352
23728
19639
20320
32280
263
29028
380
1947
1082
2779
17712
8309
20739
5300
13376
5552
29017
24035
23399
5221
9212
6130
7312
21284
28750
27534
329
27286
11364
13893
4468
8545
10589
21902
575
12108
31218
8970
20823
15268
1871
1545
8281
6878
26657
15952
25738
3965
11761
19482
16071
4663
7344
6492
4031
25939
147
18509
7263
30549
5665
19238
22158
22749
14474
10534
7707
18893
19002
5338
3571
8618
2990
14235
10648
5957
21638
22104
32462
11162
25308
13206
3992
15352
13525
21172
6242
32610
8309
116
1664
29494
7608
17591
13015
31500
30430
8584
13530
14305
21254
17244
25017
23157
20222
1688
19412
29937
6234
30292
22134
4045
16067
10335
12736
1521
12178
6787
21219
27674
3998
29962
15507
1920
26449
22144
11192
6070
21762
3259
31846
30673
14718
24345
23311
23244
4840
19977
5623
10027
31172
27597
8937
13791
29774
12926
11561
30826
5136
31568
16297
19011
4531
31511
24447
29052
23318
26634
10903
4770
18333
11463
20133
7141
26316
19608
27742
27512
7444
23797
15080
13627
748
14410
32655
27544
14884
19962
11705
12202
11638
13219
17180
3237
28255
23460
13358
626
9517
5340
31965
9113
18264
14261
10625
19044
2069
9313
27663
10562
14121
30308
4495
14953
507
4435
27600
21183
19182
27355
858
23547
2797
13828
9636
31239
29000
21431
9095
8105
13758
11391
21491
22115
20699
22412
12001
15768
3716
13053
5256
1263
11984
20831
5332
26109
2329
24688
19220
24862
25939
27945
8691
16803
32669
10492
5033
11571
27158
5211
14962
17003
16626
12921
17727
2760
25805
10836
9388
17351
12094
30963
1075
17226
21936
6380
25503
31550
28269
17194
25795
24699
19452
11501
8555
14571
8877
26386
7571
5359
11378
17045
10711
30718
16112
24148
18987
29840
2006
16918
29900
16186
25454
10955
15735
32026
370
27670
16600
20853
19488
2824
25669
28319
17808
30255
15788
11803
20294
32463
14282
29700
4100
30575
18078
25003
27617
7063
16414
7042
17055
9433
11560
9785
26682
12558
9915
7974
3005
24034
4967
21482
89
15763
22786
32082
7352
2293
22173
8571
9359
12986
15030
24890
28787
16368
2480
13498
18413
2507
26752
23399
8656
19621
32680
779
16074
10307
2665
27191
21050
30042
26164
485
11585
5201
13923
21083
8220
6473
28710
10067
1457
31067
25280
18264
11623
7456
4083
14963
5947
31863
26808
25607
13841
10114
16948
29690
11335
24818
5864
29461
13968
11653
26664
28334
14592
31948
21454
1924
8803
20274
12847
26602
6611
32058
20558
25896
10890
1032
6736
20510
25076
31523
18992
14634
5128
6009
28340
11084
14809
24484
24224
8840
7784
30059
27689
16780
19901
6284
27820
2707
31286
18105
26784
8073
19486
7392
1994
19824
20353
23983
3503
26370
29759
16728
31311
12952
21600
29329
8976
28490
13479
23775
22521
13656
29546
12309
26912
13769
22945
15639
8294
7505
572
4068
865
7800
19386
27348
29082
26361
2039
1822
29433
1128
24133
16028
19069
31768
5055
723
8496
6716
11738
17710
23899
15436
9021
13450
31222
6827
3795
29687
29282
21894
6430
11965
5723
18687
3022
11678
23080
27787
17298
20827
30484
16792
29742
5754
28706
5492
29390
1605
20221
6762
31385
14614
11566
7214
8074
19922
23953
21371
25467
31412
18954
7418
8579
6988
22900
5990
17282
24519
29146
27886
30202
368
27370
19418
20001
8311
1190
21106
5684
12017
13917
29211
13325
3361
27098
3524
24056
15094
30427
22400
4547
17108
29381
12660
532
16792
10389
5620
28159
12246
19738
19177
5848
20580
17250
25718
18502
26653
1394
23259
9881
8927
1337
14233
14174
18902
6599
7639
22576
12029
19643
12804
6097
29153
7162
9406
9593
425
935
25842
19053
83
25679
15685
8660
27456
6499
24755
710
11507
21484
10870
20647
31766
3450
5418
9651
11197
10077
11566
3033
20719
2584
589
14285
24931
22803
23710
31321
12167
3728
14504
23540
26566
5088
20170
5781
29451
10711
10715
25033
25217
13693
4365
17668
18590
17670
18711
25652
9055
24837
28819
31388
15317
32220
31652
30688
7904
8567
4829
29532
4923
4410
22878
27066
12472
7223
24128
30916
31949
21925
15668
3446
12368
21389
12902
14424
2687
17863
9640
7179
21827
31013
28876
10785
32438
6894
25937
8754
27618
20622
21827
1835
26828
30603
9052
32490
22961
8635
7791
20488
4495
8629
11271
29174
29159
15237
1611
25420
14273
19876
4388
14941
6642
1575
2722
9231
7322
30774
6812
17642
15856
9664
1431
12398
24642
20845
1769
27306
5431
11476
5663
10250
11864
14063
7067
16241
14030
24267
22658
647
14957
16004
1493
28757
32242
625
28381
30223
3209
20636
2765
12848
16019
17525
22947
28108
7589
21191
2127
16418
18900
10730
8215
4210
17456
25147
17722
27150
17038
4809
18643
22194
28811
7761
4609
13080
16845
19565
8773
12744
14732
776
14635
46
19281
13333
23341
16878
14590
21376
16340
22140
4623
26981
27424
7399
14367
5249
30250
10741
3246
4326
19208
9333
11297
5874
22513
15313
23050
9857
32161
27875
682
4706
15615
2313
30133
24584
26622
13180
15956
20354
22977
18653
15472
8110
31234
25873
25390
25257
4020
31567
16566
30345
9959
13431
13113
30287
3565
1958
28466
14103
11707
16647
15084
9618
16785
27372
836
6070
12766
19741
11696
26292
5726
30319
19328
25899
9093
1177
4708
1435
1824
7748
15919
17692
30778
21345
16346
11856
32316
22463
24012
2198
13145
19421
10584
1920
1577
2045
28040
3720
16020
7545
31513
23806
18930
602
30150
13893
4720
6951
1738
23103
26038
5883
6304
25094
11975
20954
13
21725
1832
12613
13920
2406
25412
12044
2297
10005
24079
1636
25096
23524
26602
14137
3735
6728
23751
21446
9675
29540
17805
19554
30054
24957
18622
11677
6033
5807
3671
1163
5593
9182
6903
23904
15735
3055
26180
4157
2260
5943
12426
20554
16972
31539
23462
12549
17458
10874
19235
5594
31253
24817
4002
16371
1858
16446
24959
28241
13962
4223
11953
17436
5958
31035
16370
26935
27544
18072
14625
6424
19443
3791
30948
5079
9181
19422
7057
9604
27635
15741
9551
14270
17710
10066
6008
8577
22886
16232
30018
10560
9492
24798
31647
27956
3676
22236
4193
9715
27979
21451
11426
30532
26973
26822
18019
17202
20546
4427
32115
13151
18913
10039
3987
27803
3486
21233
22487
8373
31960
19429
23887
29329
18102
32052
13543
24699
31012
25257
14988
10427
8984
12784
26000
23658
27674
9218
15440
5252
17667
29412
11028
32062
5637
24465
16950
11161
3563
21557
8071
28983
30370
30363
1774
8813
13049
16105
28242
667
18853
26251
186
19128
8584
17261
23731
32305
21299
25453
4595
500
13225
31760
8763
10695
31845
627
2434
12255
13471
32645
4431
19118
16332
29812
29543
21756
13668
25445
4008
15417
26087
20584
14645
10514
12578
20139
24275
5698
4527
28142
4755
18859
443
7222
13490
25509
7435
20422
17853
30870
9281
3403
9208
26819
17756
7767
14337
27237
19839
3088
21681
31232
10227
12842
20035
9456
20078
32274
3256
25156
3734
11884
7545
28112
18625
9920
2111
22910
3071
11120
27440
18661
13146
6638
8779
2845
26716
28971
32261
1745
11986
15955
19764
11413
24016
16823
15917
25466
10741
24587
23337
9184
9456
13265
9710
13452
22083
21269
5803
15867
20807
7515
547
10229
27761
9686
11021
30053
32211
3546
699
4711
16614
25492
23803
18595
18822
22777
6971
19930
10302
26364
4848
8382
9158
12548
13112
10247
11210
15517
11709
18371
26861
20845
9949
24813
3598
5483
12553
28482
20170
14667
5995
14672
8002
18748
15308
18128
8478
30166
2996
4405
25042
26958
20691
8837
19999
31981
24735
5736
32477
25280
28479
12671
17145
6032
2472
758
2746
12564
31494
17501
6216
23654
8541
27571
6510
8372
30064
9156
3743
14904
18914
7862
9015
8554
1435
30430
23300
4724
23917
4568
14597
10470
20727
14806
17265
25515
28362
24888
2299
9532
9163
17501
2901
1043
6617
23993
13043
32611
27055
24616
12305
27654
9227
11138
27895
11702
30224
28528
30076
4225
27880
28798
30665
22135
7343
9073
16991
19878
11916
4826
25436
584
6689
17131
19705
24890
3622
1930
9048
24240
19536
164
6013
29992
31864
12484
29594
4252
15097
25060
15503
14844
26202
19587
3249
5851
28717
13559
3018
4457
13622
29445
10338
15521
8400
6063
30269
18627
8077
9549
22053
7173
9501
3551
19178
25477
18801
27554
8102
12419
16671
10209
17221
30157
13577
1038
32069
31098
15674
14609
24507
3803
784
8416
6807
11439
20128
7760
5160
13206
854
14123
27363
30921
20444
5250
17504
26887
5437
23876
3493
22483
18763
7952
4263
20188
22590
14664
782
29117
18845
32359
29241
18918
11362
32660
12418
3802
3673
13943
10179
16028
713
331
13593
6755
31830
9524
29159
23445
32294
19155
3614
13555
26691
10520
8124
29713
25408
21080
2963
22282
12064
22432
27468
27249
22899
13896
5291
907
7874
17355
9749
10939
31533
3030
15439
2621
11859
21662
13704
13591
13938
15735
9626
23117
1743
11171
24461
14421
32089
31079
14428
25802
23433
7012
26364
15461
18060
12325
9627
3880
4772
11765
30758
23772
24012
8947
15373
13758
15771
15208
25930
4982
1130
599
3232
15944
25017
4182
13088
4750
25039
7325
24306
14950
4257
9309
30034
12200
17397
7251
30169
6683
20679
24732
31486
24040
12268
22219
9180
28238
22005
30265
19254
14488
16982
10908
12216
15180
2504
17627
29055
7590
24555
28193
2268
23364
25648
20785
6741
22563
13814
28153
19437
28874
5107
19305
32678
23237
2774
31621
5955
26965
30506
9657
9554
2662
24190
2925
12138
4033
25539
15066
26034
6275
23285
25628
29602
11982
16382
1160
19982
28094
5335
23615
8800
17311
27376
25091
19237
9309
7122
10570
28107
16443
29955
28305
9640
4808
23337
15859
24639
24080
10355
26618
20159
26127
18997
14517
4301
107
25042
9483
31875
19554
27871
25166
10169
9984
14469
7188
5763
12182
9255
15426
13050
28777
30533
31081
29248
32679
20129
8022
19134
11423
25760
17892
24496
3376
14578
27157
1508
32642
23413
7521
1470
29685
24151
16206
16000
4951
13180
30017
3784
5466
31007
21652
9819
23365
31163
29416
9504
8937
25388
20669
11120
26071
30993
21056
16269
14544
18038
14947
11375
16253
4784
23603
15815
2144
7559
30311
32062
25867
26267
27956
21757
4752
1024
22121
15219
17976
19500
2999
19538
29304
22291
14160
29403
22560
6800
3765
2396
14294
9735
12232
4599
14275
16713
21545
27812
20876
29367
20159
11897
23684
12459
1941
32298
2080
16915
27112
6604
23211
4703
30846
27102
2106
31902
31801
17801
13795
20963
235
19495
32042
7918
5228
30723
17340
29960
31722
20063
15200
14895
21377
20668
7722
17523
19467
4949
31473
17568
31546
7405
9732
17437
29156
29642
8729
14868
3229
31746
5510
31699
12939
2805
8116
3187
30326
21531
8912
4023
19999
4864
21955
25654
21459
5772
12901
10429
17983
4488
5101
12527
14982
21598
6573
11566
13457
21536
8700
2495
6567
8908
29043
18728
12605
15567
23132
24029
10255
20423
30823
18204
18799
24205
21663
29974
25309
26227
1437
14415
1497
27082
8187
16455
7157
936
2828
27994
302
26856
3530
31205
6268
31345
10256
16042
3752
19644
3082
5750
16222
18576
19433
9473
28803
18704
4059
1301
22472
23288
26682
8690
7808
292
4099
16370
22447
8786
13195
30825
7267
1064
3949
11471
16967
30585
31687
13601
24693
6596
14246
19844
5772
20477
2238
1836
18946
24208
863
16508
19900
17060
3748
26734
10204
12444
30958
4406
27099
23524
12432
5666
20183
27626
29900
22725
5166
17002
4863
22868
16459
30447
1048
11856
19392
11159
32334
8037
24725
7958
20243
26515
9184
8189
4419
25227
15766
17725
5026
10588
4769
4070
901
25166
25907
23093
12239
18446
20313
14286
30751
11276
19411
11078
15432
30754
16675
21732
24578
29558
17124
32425
14047
20129
32093
10637
27776
15121
32598
12
15624
4523
22058
20961
4561
19637
12318
32018
22110
22772
30961
26668
6545
529
9397
29136
20254
32322
7389
31086
17728
23846
918
25937
8875
24048
16731
18908
193
28871
4291
5651
30216
26477
31902
26973
9436
6431
1089
30343
8801
32189
23070
6157
18876
1067
28824
31125
20355
10231
18709
31421
10609
2620
14676
12054
7775
4550
6913
8048
4719
22134
6534
12377
25483
23528
4645
20960
27150
24404
14915
23711
29120
15538
7
16376
16136
12066
22820
26014
29789
28810
29683
28247
27646
31873
32453
11265
23011
31340
31095
31955
18931
4838
17735
27622
20087
13414
26341
15092
29391
2843
11982
14687
18019
12315
15317
3189
5085
21437
3074
19698
6294
26435
4000
7622
20557
2493
29330
8217
10527
15402
4070
26765
13235
8415
17325
22979
9142
18989
3849
2080
13447
23614
17031
2769
17971
1600
8879
24076
18083
5829
15066
15001
15124
12138
21060
1682
32200
23479
14178
17255
1019
3911
21878
7460
16409
20265
18528
32503
29742
2693
25271
20717
2206
26243
23064
17148
15126
360
3518
18758
14786
28931
6995
11676
32449
71
13830
23105
32726
28729
29662
16881
1632
16397
1358
2338
17292
16523
2825
21642
29897
30392
32279
24801
11388
4531
24105
18408
4853
30685
6698
5802
13218
12092
26390
6402
10883
9506
30991
32349
17886
6409
21166
15297
28724
11970
7831
20239
30323
27599
18256
18309
32365
9229
16723
14214
16777
6550
15201
29598
24505
21477
10522
17089
24236
29243
23499
25555
10564
32066
7559
3182
9034
31728
633
17631
9569
20399
25720
17777
30008
7099
15580
14575
3588
15307
20624
2148
19758
3571
25193
5157
22344
5065
24502
32273
18758
11975
15129
26904
2539
31728
27029
20986
20353
4790
13799
25937
11725
11036
24090
30418
16450
28440
12118
32208
17525
31547
5113
15105
14545
21139
18408
27525
21388
18897
10024
11556
26073
11687
19112
30680
32608
10356
26465
20619
26091
11043
9121
6433
13666
23888
22180
8633
15353
22701
26213
24368
26280
13221
14259
27367
20956
7999
25735
12231
21100
7236
11413
26754
2766
2980
21537
21275
24715
7702
25876
15784
26096
26367
1615
20567
3078
5781
23871
14511
12485
8004
11698
6680
23941
19025
11241
26526
18869
32701
13550
2802
30159
17772
24872
31921
29323
14726
9516
12777
10324
3102
29910
730
13048
15377
7321
28409
9635
6961
17683
25147
19214
23971
21732
24463
13812
14470
9409
13484
13766
21461
14788
6926
927
5007
31238
27195
15226
31765
3952
16203
30115
13779
27854
15783
5227
29730
10533
19729
6688
17261
9543
30949
6972
659
12196
21662
8413
2957
6755
2459
3957
20305
30642
29220
26051
26870
28762
26024
26626
27672
26774
6728
2912
29310
26405
16282
13745
11514
29342
13990
9573
31633
22788
2869
5559
20700
5530
4684
29480
25774
18680
20979
13356
31224
30559
5690
10787
15337
330
22398
24202
30297
2629
21993
20595
11623
16898
3640
9778
22625
17322
27585
10074
17381
32625
23476
4840
24390
25197
9633
9661
31025
12456
11578
25938
12177
17780
347
679
5807
11774
23623
27004
23454
21030
31029
20420
26070
8078
25355
22871
15391
27377
8297
9191
12465
31671
24809
20277
6297
30150
4005
21892
4702
5530
28410
18510
8165
29336
8588
17719
6034
15263
17546
14143
12464
8673
32564
14395
12051
26097
11162
9862
29179
15132
31910
17140
27196
29949
17756
27399
15260
13132
17761
17254
3453
32759
7866
26250
20156
4980
22743
27579
28888
13141
5328
23099
24151
24349
22254
23745
12389
16210
2413
18728
26559
2771
7296
20585
11471
22124
26518
27335
23320
680
12252
21577
23509
15334
30723
11629
5085
16559
32067
5147
26826
25159
1440
18648
8538
29570
25452
13372
9494
6617
21005
24742
24369
13501
4096
15406
18610
20268
23070
14043
24022
20353
11294
4375
687
22928
27228
28255
6930
5874
22744
63
22960
22942
898
23934
2691
19641
31669
22934
23660
10160
3841
28774
28186
6019
23341
6699
8749
21092
25468
7085
32411
2432
2864
9910
6995
11549
6477
24264
25633
14053
10655
5647
12754
28289
12030
22165
32408
23658
27345
2997
14768
24316
32209
24530
32321
5581
30224
8777
12680
5948
32313
18851
19506
9293
4633
26128
21257
20148
23646
6161
17107
17711
8607
24436
29559
14873
23709
22149
13922
6205
28617
11651
13353
31208
4102
31313
19824
5698
19631
12398
778
6365
22748
21799
10594
6031
31201
17419
27417
6781
16152
6048
24304
27257
26337
2644
13545
6542
5350
25526
16041
31192
15780
17894
22305
30361
27431
28490
28013
906
16148
17539
14076
5743
21997
13984
19698
24302
28561
22929
14538
12449
258
16094
13376
21354
4971
26777
8302
11783
5218
26769
30773
32486
31594
32712
16862
5946
26812
21031
17409
19534
8519
625
422
4889
3061
19062
16811
31252
5168
25481
9574
30024
5541
21299
4746
12459
13639
28713
29775
23724
19351
13180
6093
10509
17443
10768
10153
25073
5709
6735
2804
25398
15182
12830
11088
22020
17787
20752
26197
27814
31942
17114
11827
4249
9351
32264
7576
14051
20093
15086
724
20134
24335
30432
9787
32245
9944
14246
20426
8422
13667
9002
20494
16105
18739
16244
4162
27224
263
28376
28088
15951
12892
31854
25722
28349
2354
19651
19760
7867
21779
1742
12868
28957
10066
18726
69
1863
9873
16242
5513
25155
15237
11296
29975
23056
31486
14938
8387
7996
28961
11317
24219
31413
12792
14636
28034
16348
21294
12494
27931
9435
13075
13747
31977
30008
12518
9396
22196
21163
14932
31835
26670
30765
21052
22681
12246
13138
29877
22199
24861
2008
31826
30095
5063
12672
27813
17916
661
30748
17921
32655
7457
2538
18052
19844
28937
20512
15445
26612
11855
29128
19755
19788
19200
30926
22287
12285
2580
19800
20066
27765
27030
31573
15649
6991
15365
30297
18280
5062
28921
20392
22837
29296
20745
4753
24943
30761
12525
15101
15911
21836
24544
31303
15901
13610
21832
15950
23430
7604
24985
11977
5132
30587
26231
5339
535
20955
23067
24808
6987
14194
6647
17062
14418
9943
20637
1911
18907
905
29405
13046
24290
4902
6189
1487
24626
23262
12879
26325
9513
28966
26669
25166
17852
6065
6152
13201
19898
12700
17617
3284
13653
27113
29399
4415
17118
7726
14243
13637
14800
24974
288
31027
31504
11241
22528
12809
31347
2384
8538
21642
11649
23996
9112
30351
22393
4351
21136
31392
22165
14074
9969
6597
22158
2065
1249
16282
3171
15836
30180
27810
24407
10271
14848
4829
9016
3581
29727
8349
18407
12136
30132
11669
8725
31452
28065
32307
12619
19277
32345
20784
1837
16990
32577
11109
13311
4819
27997
5600
23656
20297
20264
567
23670
4388
4035
18716
7139
3018
5458
30514
30615
24591
5796
23583
25709
17391
29714
4067
12090
21123
6057
25192
32268
6190
8331
26969
30383
12056
23954
8248
11894
32733
23351
20139
18231
31366
2226
10519
23960
23480
14435
24432
11401
21035
32625
3664
2578
6238
14513
17990
8527
22153
11977
7536
3513
24788
12693
32588
15270
9670
6857
11979
12820
24832
1496
11943
10658
26155
16149
1015
5343
6191
11800
1793
32199
24741
16228
13903
23691
15248
4423
16389
19345
11079
26625
13681
15548
10422
11560
7396
5101
25542
32330
21952
19146
26650
3797
723
446
31228
24884
28387
8768
16279
6971
8074
30297
2662
31173
2629
22880
21740
10139
8135
26121
18598
31640
8595
17822
24638
25099
30153
1163
31233
30045
27968
4128
28307
2548
12246
16787
32737
12630
17156
6724
13400
30866
24246
5445
29269
26076
1113
12826
28636
31095
3125
7357
19084
13784
7421
5862
23506
29448
16804
1672
7518
330
4467
19871
12755
24318
7769
20265
26051
1477
7554
17778
15578
4838
32298
19861
24409
20208
25268
19520
31686
22689
12278
4023
28898
30471
9944
21276
21468
22245
15389
1773
9924
14168
8832
718
21314
18874
15107
1161
15752
18631
24452
8275
901
2814
15249
1617
15452
5194
10109
16730
19476
27362
14771
21247
8081
13166
587
20680
25795
22635
9435
26305
4893
16592
17552
25397
22601
23026
30333
12218
15642
30885
11826
23405
5826
21924
22673
6783
6213
10547
6365
24305
6189
10754
23572
28315
24192
29525
13951
6771
3823
5730
16263
31500
848
23290
24522
22109
10830
29548
17774
4804
15967
10151
29365
23371
26871
15262
6866
22825
9724
5361
16636
9868
31609
25545
19904
24213
22934
21251
3739
28324
14024
914
21448
3287
15429
22302
8279
30669
5819
19953
8319
25520
16193
31764
23093
14450
20622
22965
19453
1366
15464
29388
28161
19891
30048
14847
18784
4853
24765
706
6600
16356
9398
26306
11591
22825
9956
6788
30302
5901
20214
30025
1112
19589
24999
12342
21977
16236
2029
8369
14778
22031
22131
29198
12820
15854
26954
8811
3483
28609
26588
18136
11054
13498
1313
23228
7084
4362
20501
7796
5640
14246
26729
18748
29088
27467
27512
4691
6858
28863
11646
21850
13744
30299
4868
22013
25439
5318
7839
26326
23834
19715
1754
30606
23028
10158
26737
20038
29342
22914
26816
28725
30589
4383
23674
32146
27903
21002
18078
1204
8752
246
17319
4216
5512
1346
13572
30179
7175
9154
16583
9480
32389
30402
31137
300
323
10056
17166
1065
2501
19354
17869
12560
22244
3840
2195
6674
32543
1739
256
32161
10546
22678
12498
16082
13034
5580
9049
15622
14903
28779
24363
20169
15491
11527
8216
25594
16450
30225
28000
4909
15562
29785
24612
5709
13413
20690
11803
31366
13477
917
19590
1889
12536
5161
16230
8497
27516
12034
26860
10927
24597
13383
27953
10721
26044
9177
32295
13376
31258
2704
9168
26137
27477
21704
21677
26932
21546
10780
29306
20148
7740
13937
32536
16446
32427
1079
7627
19549
8425
19435
13477
21029
29641
23776
16962
20503
19673
832
15286
6725
22002
3917
1732
15287
30989
25069
25681
1804
15960
8806
24343
6756
20618
358
4766
23166
7027
11590
24168
10526
14551
23439
22892
23218
8060
3006
6599
12084
18562
26436
9389
21074
16115
25297
6821
9933
19867
1234
29686
24863
16154
30009
24924
13664
25655
14972
9472
7274
21623
18400
30631
29756
7407
16631
20010
32668
20822
5735
4902
2305
13150
24558
10484
11439
25668
6051
18396
3620
21670
6783
3205
31923
26262
4635
19120
19311
30188
11195
30758
24650
15072
16524
17391
15998
15064
21290
11717
4140
15230
1637
12745
29507
27670
28997
23668
3492
14607
29772
23247
11396
32215
29690
23271
29457
2292
7319
20603
23640
9809
4908
29177
5222
9173
14291
425
27821
1082
23856
14119
28586
21533
6464
23830
22469
21841
4945
30483
28025
29817
29522
1000
4276
15574
22093
12290
29057
15965
27698
3110
15332
6669
8918
7263
15109
10367
571
21307
14225
28351
7698
19766
5470
21850
16510
24695
29774
21944
12827
21690
22645
4524
17215
22414
7550
2378
31360
192
14666
25337
3190
31511
4571
31177
194
9537
27249
9734
10318
16142
11250
29709
18647
30428
3215
15710
8617
27475
23205
22515
11690
30034
28385
20432
18074
20008
2472
24284
3481
26120
8118
5871
15594
32439
23045
29228
18166
24200
19696
15761
26260
12170
10904
4556
1159
24320
29831
20048
5704
4369
28819
19113
23047
31937
25861
12812
5100
17440
24571
15667
12450
7361
3595
15976
28950
23662
25641
13279
892
15898
8395
21576
11668
29463
26699
18853
27691
21642
140
3673
11236
18715
28640
8322
32568
13041
809
32649
30140
31197
32575
10232
30882
1493
402
395
20611
15781
21521
29577
14428
24033
14410
4948
8662
15390
28114
8511
3786
19041
30695
18337
9220
28376
26196
20520
22855
968
9621
17263
27282
5063
6716
9938
28322
9771
2963
19585
14008
12226
8579
27091
23452
31684
31156
26589
7138
8453
6134
8772
28524
22383
13792
2127
29744
16816
13750
21568
6203
32560
15504
19685
9462
6726
14265
17770
4009
9899
20822
20337
13117
9263
6216
21348
22342
31146
24403
778
10305
7222
6015
23129
1305
13979
10686
8844
17905
25867
5072
11125
24605
22800
19556
12051
2929
31170
12928
4967
19647
21565
3106
32388
2459
28754
22568
28902
2401
23933
30573
23044
1914
3095
28981
23336
15066
18125
22219
11391
30413
24657
2664
22636
18676
26959
27991
16674
14474
675
14679
9330
2796
8137
2369
4577
12633
19861
21738
1790
17398
20772
25675
9715
11797
13074
32223
14937
28598
2797
21581
81
6222
7914
30535
25040
24264
11223
19378
7738
31434
26961
20231
4147
9017
7735
10745
1458
22015
22879
22104
24150
19724
8839
23605
25598
17562
14222
27207
4500
30390
10724
19853
15401
28668
28735
3125
21063
8610
16527
10173
9602
21688
17973
19032
29265
25261
2159
25491
6684
22294
5399
30776
17302
24235
17294
10610
21837
10130
9203
14131
32384
5857
28312
467
16944
30558
1974
20218
14457
1417
27487
21951
31267
31964
5557
22033
27253
2641
15194
16214
21321
18469
26151
10835
1894
9947
18977
10828
32521
26501
26280
14700
8901
2879
18418
17511
14477
23548
31928
6493
10000
29317
5167
15874
837
23998
14394
28924
7238
20267
14302
23180
31073
28852
5622
12401
32364
18341
28712
20745
10842
18681
21015
6586
9228
728
18650
31888
2409
32606
19118
6439
13489
17566
18151
23756
27662
5607
29229
28127
12141
23110
8932
26235
6283
19531
20972
8794
339
22288
5003
9202
25703
17528
7335
21732
11261
8373
10297
9623
25324
30477
20734
20512
31750
19421
13168
16998
9129
30686
27636
29571
20369
18599
17749
10349
240
2675
11121
27605
27841
24357
13874
15695
32345
1673
24768
15284
26687
31709
16629
20164
14141
3216
21266
5136
7095
19529
11696
4888
23868
2603
12793
31920
11355
11096
3095
31144
18104
3763
6125
19627
8543
24043
32261
19304
3415
28597
7370
29424
2683
8024
4600
7007
15493
15727
30800
3775
13932
32234
11664
1833
4080
1879
13474
22573
31090
1888
2068
18293
16906
28820
28872
22692
980
17770
13549
4228
27274
5250
13101
29537
18520
2607
15912
17072
27883
15155
19490
15861
29388
3273
20216
27363
30444
24041
18521
10436
28288
21959
28210
4891
3854
31645
29546
30600
31944
31658
18640
25325
13082
15738
27218
2511
23423
12137
3183
4095
1688
27491
15855
29561
31615
6381
20945
7820
4441
12393
9605
25915
18218
917
5979
29156
3566
12118
16700
25887
30949
23220
19352
11497
18478
26405
27807
22274
407
30222
26548
25235
2996
26503
8478
21780
32558
13919
6657
5741
8798
21855
26765
22619
17178
29139
118
3350
25295
16199
24484
12593
26832
12431
29483
27841
20206
16906
18557
20417
31817
14631
24287
11701
16998
32039
11545
23694
12417
27941
12146
23246
12580
22356
4571
8428
9720
30089
19051
8698
30172
4857
14347
16261
16692
16195
6515
13501
12419
12977
28757
15573
4413
18362
9431
30893
13526
11724
32071
22447
17951
14665
15882
2039
2258
29904
1494
12726
14187
22461
14882
472
29498
17907
6106
18404
31415
15577
15446
11044
6677
20898
14989
15111
2586
25810
4230
24259
12589
12029
4368
26686
31409
2770
5555
20015
14481
8281
3302
20864
17180
21881
14466
4600
19220
10173
12407
22038
4609
21336
32190
2624
31947
27494
24975
15133
13448
18292
7379
3903
18835
27203
19420
1029
3294
17865
10836
29119
5001
121
21363
6932
6323
8132
21109
19361
12688
15328
5964
18915
1979
8392
9106
8279
3534
132
961
479
25137
6826
26790
19816
21551
32037
29971
29898
16207
16949
5077
19183
12513
28599
27109
32056
3031
23463
14563
15388
7894
14819
17855
22291
24717
14129
6074
20402
17990
17796
9101
10263
26810
32123
14055
28807
27434
14635
14365
22614
22699
19486
3613
17927
27586
31899
17573
15029
29744
8744
16562
1202
20239
3406
6458
1389
9502
7324
26653
3737
25434
8943
10074
6795
8654
752
28286
25572
27819
9181
9315
8305
9115
9101
30998
25423
25427
27054
15385
27219
11623
82
25291
23208
16995
21930
21284
12474
25111
19216
18085
26451
26162
13643
22927
6660
27411
12815
6740
9927
31451
30404
11595
4834
28359
31880
22695
14095
31421
11639
3242
30425
5924
30506
15382
1865
15609
26237
6373
2242
10271
12438
2361
30762
5111
19747
26774
15178
9777
1506
26959
19576
31714
8039
10814
18803
3286
32538
21688
27022
22823
29311
22208
7953
5390
31674
3451
26588
18170
18258
29669
4429
3039
12085
10689
29540
30161
28412
26326
26405
14545
28017
11864
31806
6631
16206
22181
12778
21617
18248
14642
14101
27066
5964
7876
30145
3790
30473
15331
28072
11405
13230
20875
8739
9727
7413
17958
8010
22759
21344
19127
23133
3227
19394
24664
29027
17170
11266
20966
3600
8255
25884
30203
28652
23453
11880
19740
25010
28684
17951
20532
7670
32219
6939
833
26379
4902
17374
8270
22052
20066
26326
28321
9657
3894
30688
6709
31533
10636
28426
8043
29613
20201
23709
7932
30811
8697
32347
11826
7596
10351
14853
30552
4622
3852
8480
15983
24527
29692
25081
7714
1594
11113
18919
4348
11779
12875
15568
6873
31973
17277
17902
9882
19593
17174
9683
27677
18602
29686
427
29293
14455
11167
6082
565
30520
30791
7494
7291
24629
27947
10573
18826
12755
2341
20761
21552
11265
27521
22939
17706
28114
19213
8759
13021
22123
25455
11463
14663
27936
19643
26338
11828
5338
28997
6238
26037
3772
5556
6931
6862
4102
10072
16354
20591
28473
17598
1271
16037
11388
13441
330
8210
22846
15970
10604
29595
8989
6811
20864
1632
1542
27505
4231
23025
27038
29961
26850
15039
11745
1916
23057
6864
27401
20269
16321
1207
26802
32603
8710
15044
4155
2802
23269
22136
24175
24487
13589
31803
6245
22339
26630
30545
18340
21311
5411
21003
16779
13970
10837
15930
15857
12743
19912
25065
16648
5458
14065
23628
23687
7716
6352
5875
3080
28797
370
14147
12462
13570
21179
17447
28684
3087
14434
21507
31298
19278
16189
22250
31593
14729
29119
20752
15410
15548
7615
6530
13769
11887
10106
28948
7424
19010
3548
1435
10409
27338
1019
13661
5955
2203
17381
9926
14298
12198
32411
2141
31272
24262
3421
3318
18944
1429
18472
30760
14829
5252
9598
20225
16662
21291
1893
249
4196
28893
22962
7461
17127
896
25991
26541
28022
26779
32283
25472
20886
15537
27321
9286
14238
23758
12812
31895
13336
9823
10905
23658
23657
26950
29837
29648
11957
16430
16569
28130
12541
17180
2267
22519
2954
18503
7455
2331
8847
10026
10981
7613
29450
12759
8389
23464
14059
22670
5072
4661
5240
11150
2585
19134
23792
12075
20085
23893
7790
13857
12670
15798
3345
13864
23518
5243
1882
19145
5578
30863
14805
23151
10188
23781
9724
4545
14534
1642
4184
10543
19764
7736
6633
10443
19377
13324
2248
7771
10941
17658
1035
31148
11197
6751
18153
809
18243
5400
3871
8363
11920
14577
19089
23699
1623
3168
18485
25367
16068
8308
28717
27097
11453
21768
18227
13758
18536
11580
16698
13053
13549
18470
10066
21366
30077
20932
5325
10054
29587
53
20384
25496
14969
28969
12
19389
3087
31639
2941
12416
13000
18862
5810
31155
13557
20237
29470
28174
19782
28470
31630
11578
19597
26688
9229
4136
18630
21965
16644
25511
15701
24636
18854
12598
142
27680
6539
2582
12922
24048
30107
2212
2264
17920
22574
31718
7267
2223
18546
29028
6995
22242
16652
4409
1318
2738
27138
105
21408
15458
10712
15733
13585
9108
20985
11053
15318
6332
27225
15814
10018
19156
24665
32300
10495
32082
7403
22425
19855
25175
17910
25447
26520
25897
12028
10019
9791
30947
15610
30946
14356
16235
16783
32216
8015
7333
4449
30502
7001
2534
22973
20724
19343
15788
31101
10176
28482
31628
24879
14325
26370
8299
15987
27584
23324
16113
30373
31519
11105
24635
13500
21051
3113
15568
3698
12791
29848
471
1190
16073
16928
30343
25342
29129
13639
5598
17104
8199
11179
28822
13635
3106
15171
27477
22705
13846
4839
11556
23888
23894
17427
21026
15634
26907
23016
13945
10953
11003
24947
28050
31887
12221
18226
14725
5477
4716
11732
5844
4634
1450
8769
12376
15727
1863
20698
20347
3960
29202
8194
7336
15429
25071
21469
17408
5570
7722
8023
21071
17628
32267
18025
24126
7653
31659
13720
20938
5178
26885
12990
26612
4387
31568
2828
12986
12794
8333
25168
15687
12688
21340
1908
7783
204
24851
29255
3901
21141
22033
20097
23096
7922
1104
14337
13891
24944
22586
3160
25148
5829
28606
30091
5288
15794
10146
4629
5029
24366
4891
24108
2335
25024
4507
16965
26439
11309
30442
27354
28993
23379
31096
19819
15389
3925
23282
32451
15369
5112
32531
15996
12741
26701
25789
23493
3159
27025
13640
22371
4863
9553
24090
26358
27501
5841
26743
15742
20530
21423
923
15645
2933
27588
29958
30239
2535
75
25368
5943
6649
22085
11741
13067
11084
26652
18986
32499
8808
14982
21225
28414
5298
30892
17585
21303
152
7052
6042
23078
22031
8347
11087
7321
25407
5039
14692
5796
31100
28701
16874
12774
24185
7454
9793
17678
23992
2424
26158
11422
3653
10842
13101
24815
8356
24967
19977
11637
18696
3766
25257
27973
6598
20537
22061
28884
25096
14046
15162
28930
25798
28947
24721
13143
31730
12621
11751
17292
31731
21418
17137
26189
27477
1749
3262
10557
25279
31786
17737
13371
10533
25370
4431
16356
24638
13265
12382
21848
21817
3351
29487
15169
18860
10612
27701
13330
18637
12184
3702
29069
23780
25081
11930
24968
14592
29118
6721
14320
10985
30940
14746
23054
26967
24447
28466
3849
4705
12459
10761
6573
28216
8739
24043
8042
18965
21386
22013
160
32624
2248
5527
1562
31603
25519
15185
2008
23214
24799
6753
28945
27916
7142
32292
17784
13830
7852
19450
3007
15638
16399
30551
16729
17007
21962
31767
15237
11243
15771
21266
6536
15941
421
5361
11321
30344
7187
16192
30403
6087
7678
20420
11431
16655
15760
10766
20736
8090
3946
31568
23307
4421
28484
4208
998
19268
23507
21083
8600
22805
18928
23708
13138
1970
13046
25133
757
4363
25196
21644
32723
7091
18148
274
14010
25306
18978
6273
2863
6779
29825
21724
5623
25558
24467
12667
19676
26145
15368
26974
22445
24443
28369
12226
13959
16929
2437
22258
7507
12772
8707
22880
10384
30171
19801
30964
20307
12885
16868
26788
13963
32529
25785
13381
18826
11698
17988
23200
15297
21613
21039
19913
22475
28933
13957
19884
16302
14329
17944
20713
605
25596
23072
28642
10881
6565
30500
1553
10872
13160
14622
32160
18846
2501
19162
31027
30412
3007
27807
20489
9247
15248
19985
4163
4091
25499
16214
31619
8015
6050
32120
12729
11546
22073
7690
32314
29486
24186
24079
31507
28724
3579
22551
32412
28400
23293
26027
1872
4806
16102
12267
6619
3453
9458
13174
17781
25156
12581
15242
17007
23026
29572
6253
24331
3218
23428
5387
11921
9247
32707
28640
11935
15500
3574
23320
22209
1287
30498
18421
17985
1663
11280
370
1089
13156
32251
23078
1542
9390
30603
29034
28567
10272
16903
21438
17031
974
27334
31337
28431
4829
7398
28256
31584
8074
9025
4713
13622
7789
18077
22656
8625
12031
23587
26234
8033
1371
6163
28136
28319
8513
30901
15166
5156
30304
23955
16437
18900
27093
7909
7533
29147
18671
14669
28503
16379
7477
25028
25170
3364
426
5588
21012
2374
23887
31753
30796
16227
9962
10402
28293
8168
5638
6795
1870
1341
25915
1168
17048
26267
2479
14027
24927
11550
989
15454
23693
24347
11669
360
17179
5555
10564
5425
17273
28840
22134
23720
25648
31856
28569
18704
12230
16008
13572
26358
22497
23563
18744
22886
5040
3715
8805
5470
15751
23295
13616
29059
29641
16230
15539
24083
16651
18954
17349
22811
3958
20352
21372
29418
27501
12976
27377
30405
22896
29480
9283
3036
17217
30134
10975
25213
16453
15157
26366
16776
15660
31143
623
2083
18133
19332
10902
30638
31851
26962
13237
23034
27861
8566
362
22453
25421
586
22649
4905
26446
27247
32204
23335
29620
29541
18104
2621
10527
27224
32386
26159
32664
19261
17698
5029
15223
29214
19270
29218
10627
30386
3994
29749
26204
26161
327
18419
13590
20326
11193
25508
10535
21766
20390
19133
10115
14912
3404
7951
773
7573
1018
21053
14353
21994
2769
2931
2936
9692
26316
5461
4251
14675
8702
26678
23252
8538
26651
9355
24081
16942
3130
4511
17090
26516
7129
29832
12534
29552
8994
21337
22208
23188
1645
30873
11744
25558
5381
19188
17567
23909
14639
19761
3579
15453
26984
23140
32004
23192
16111
29285
28550
18120
21891
10880
11240
23234
22638
5742
30292
3101
24770
15748
281
11004
2275
28715
15437
808
22853
4496
18614
4962
29303
10653
4587
20215
6241
21287
21430
7572
714
23145
3773
3420
5917
8113
12385
27448
28524
4697
29159
13678
21173
22521
13013
7286
612
29659
21151
1545
282
687
19843
18042
13997
24192
8370
1097
5488
16103
14768
31222
9396
10623
29949
2579
5262
18072
28661
22941
16091
28208
12789
25740
14722
287
28863
16553
24057
25233
29728
672
27147
9657
23760
31062
7640
17348
21145
13180
31517
28172
23995
869
2485
20623
28560
29972
17760
22687
24172
27290
6340
21467
22727
21151
2481
31581
5022
11582
31401
16181
14358
21270
9632
26134
21603
12957
13312
21840
21480
30648
6128
5374
17055
20873
2774
25729
24508
19080
21786
29485
17293
26326
17198
4417
7333
31950
27595
27933
18489
31708
11133
12463
18890
5522
31073
4911
26116
31992
31021
13068
25831
12324
28274
19494
16164
11
29982
7741
15050
19095
9029
6057
15137
6906
30753
6220
18390
9281
15447
24774
3929
18988
14203
487
26756
11325
24279
24682
6013
26383
24936
8416
23005
32745
13610
4074
32274
11923
2454
23211
2562
31080
17256
11133
13552
22445
26021
32483
14500
20001
3037
17600
15814
14805
22957
8646
26508
15678
905
25904
17045
905
21688
1716
6932
20014
22176
16563
32304
200
32068
6836
27307
7972
32011
30736
29890
29080
11715
32494
24917
17302
7909
27506
31816
28800
16667
9010
11817
12990
18687
7402
5395
26895
12070
28784
9426
17948
29021
8938
4679
7763
31026
830
3598
18418
19383
10954
4703
16738
26242
30294
18482
4551
28152
2886
18343
6101
4300
15636
14244
15077
17602
26366
4288
12872
16569
3580
1888
22235
22504
24309
24863
13019
6760
23858
14708
17403
24306
21779
31119
9140
6635
26369
1923
2525
9629
16035
28842
23931
24520
19029
4933
18394
16473
1750
2916
32221
19833
13120
26374
13202
4297
318
25984
28169
29164
5497
17955
10087
6727
27731
27161
31030
17924
30424
19856
16639
9821
1009
7195
29467
14615
18907
25684
4038
14668
9176
11975
28277
3438
22565
31755
21354
22153
31275
28210
901
1224
15609
8548
19037
5435
18930
30662
9871
23767
28611
23712
4182
1215
15769
17088
3676
7106
24208
25113
3280
24868
18798
30896
10937
11425
6289
4793
29066
6063
7718
7676
10998
19460
2204
19582
18693
7000
11096
2654
5224
17516
16299
2813
5386
2379
12801
12641
26855
31439
20315
22492
32033
7528
26367
15080
23888
19225
13421
2902
3354
30403
9622
27560
8197
13478
20809
23739
904
11301
12782
23977
12136
22217
30838
17133
12354
12425
2962
2248
16483
15689
1827
9444
25312
1952
20466
6968
13540
31966
4002
23083
26948
19022
11491
8700
8793
8120
5096
31585
7694
31530
25370
366
26680
25080
20494
697
1830
11010
22708
15804
22137
15925
5330
15482
1078
27989
15281
4966
25626
18937
12823
1920
3374
7383
13428
24513
30107
25153
29024
26041
190
28656
10309
22903
13183
10241
8281
23721
735
23869
3024
6404
28881
19613
11087
9702
27467
20493
17827
28986
8604
11889
18355
12189
17408
11494
8371
6078
24946
17738
11931
27915
22465
9726
20184
7562
2534
24298
26433
30468
20629
24514
31564
14185
22802
11144
8578
31856
26182
25939
27952
22142
10258
6734
8288
713
7395
27907
14855
4285
12679
1498
13440
30367
4927
27868
2105
22896
26645
12477
18093
3092
24943
32538
24978
2483
23781
4607
29267
28512
1872
5804
5568
14584
13859
29081
12293
17741
27391
951
11480
25988
13697
21753
4087
31676
26463
18451
27090
27889
20147
15234
1156
27167
27286
15308
23816
21674
19953
11017
15530
16893
9360
418
1723
25201
3704
3161
3721
20337
17787
19337
2447
1245
16649
22447
29160
2475
19529
28458
27914
3028
17000
4415
2736
29550
25906
19040
28696
12565
479
5550
17263
19344
22575
30652
27530
28850
30649
13974
30678
3453
1919
21250
17554
12686
11207
9989
12091
16821
32294
19881
28488
15843
19422
14334
26392
7753
3690
4959
297
3006
21078
25846
28042
30561
84
32387
21395
21888
15501
12376
19411
32697
20533
23720
13898
607
20834
20482
16600
22816
32030
793
12790
24292
30650
10694
19364
29943
26470
13136
23202
9579
7423
8170
17891
17592
16168
20349
12863
22182
11164
11688
3688
14957
707
24326
6943
25114
4483
21423
17320
6452
3416
25345
23163
7840
22183
21664
3644
5570
13647
31419
10989
4837
17282
16785
31587
18141
31443
22580
24310
3562
6031
22157
26493
26080
18001
1185
4986
3973
20433
10002
30865
24379
14077
29929
29247
223
32075
6802
10440
13040
333
28200
1137
15604
11142
14580
24816
9495
23932
14896
5409
26902
22286
18192
8954
15963
1544
11267
9153
7530
29685
13110
17532
7291
17972
29785
26282
23912
1102
20903
14640
4810
6279
17952
23958
24671
16051
26905
28019
6832
21835
19191
29734
10736
17600
3896
12487
5158
28943
26547
13406
29327
27030
21792
12370
22077
19238
20698
2340
24581
2137
17380
348
3992
3110
28458
4292
3568
27314
10506
15317
30446
5225
5139
32623
26177
16206
13069
9421
19337
31375
32313
4535
18876
8285
24026
26873
9673
6650
11763
3861
2172
10772
12115
26421
6050
12625
2511
23651
10861
8491
17359
2812
7450
4350
21260
7778
2000
10591
10903
14066
23756
22960
27166
27702
12731
3057
4715
16219
14439
19161
25389
4581
10902
3622
17915
29857
11567
8497
27286
25307
28319
22469
30830
15826
1147
1329
31080
7273
19559
27036
25055
17183
21558
2457
23017
22593
3411
9212
11227
10335
20319
14827
31759
3836
28187
23864
11748
22409
26249
14574
6663
10901
26446
2089
31217
23358
14427
28459
11441
10475
17868
27309
14572
18749
21008
18803
12322
20034
4939
25635
22322
15596
16376
1879
14369
26562
20179
17393
279
25046
28150
6575
21674
7671
30018
12287
28511
3623
22528
4372
18030
22352
22984
6969
966
27954
2722
7269
849
10912
20076
19472
13689
14828
29564
5958
2795
24992
7302
29434
19867
2414
447
10396
2824
2922
19778
20718
29633
9591
5811
28947
21544
7935
16931
28136
2678
30440
17972
18840
7679
11715
7550
24427
23480
70
26417
4575
7158
9724
31483
7930
5496
26683
29740
3806
25000
9559
30744
28830
5662
5141
15292
22864
5990
23394
3237
22884
2307
21061
24846
23604
32435
31763
13129
9691
21237
5346
11360
25419
18121
16959
25083
154
20151
15396
11140
14749
12562
548
21130
6328
22910
28905
8803
22516
1456
19424
6934
22610
12149
3891
19320
9056
22518
7672
5780
11017
6202
8360
26704
15281
6892
10194
7502
21634
25439
26384
8721
23040
1487
7227
3425
22244
13546
30427
14832
16167
18574
5089
9021
26973
8661
24985
2489
12868
4175
32730
8745
32413
7310
28800
21579
3898
23528
11291
19644
23385
12664
28393
26137
25904
8294
20994
11620
15561
4968
1235
1450
9488
15753
15053
12003
3883
30762
8542
13338
24585
16966
29217
1230
13374
17658
30034
15767
5646
324
2180
25613
22983
2827
32150
6629
5205
30047
26083
2909
24592
21507
7609
7387
25560
30248
11277
7120
20580
15996
19052
30435
18391
15459
10549
16716
25492
27268
17414
1405
19540
13960
23156
11016
6262
13854
24831
29629
25750
11587
32324
21522
23136
18880
26741
10953
6566
14324
14087
7116
14257
29907
31914
4700
18645
303
15742
11882
10312
23095
5508
8517
29237
23357
9043
15734
25611
27836
2828
15848
5915
9369
9615
2125
18786
15273
12271
28348
10403
31860
3876
13471
21434
3896
31744
23244
1580
18225
11109
30450
8706
21784
18100
6711
3032
746
18568
2847
3377
23786
4517
22192
12557
27625
18987
31956
20158
25797
25360
15358
14071
28976
19404
16400
14118
30130
12374
14461
26371
30961
21328
6570
29801
4145
22654
3483
24934
29975
4989
22475
26766
10418
11954
12379
31636
18364
16000
23151
4123
29724
5310
31190
11977
30640
26728
27625
30877
1098
9620
10165
5763
13560
31144
26972
18214
13449
28619
11448
32518
11596
12697
15170
20170
26139
16411
20786
983
12440
14582
7656
14113
3255
31714
9099
15937
9597
17502
14832
13001
2823
2979
14525
980
19917
18134
3278
17889
24360
21889
15575
13537
23314
13380
8523
7310
7981
18376
21373
6911
21256
21493
6150
29049
17821
29541
18534
22409
17438
8984
32750
1103
19953
13929
4061
25117
18937
18240
32457
8257
8471
30346
5952
5918
25072
4326
18864
12930
20977
27553
25988
22067
3985
3557
28048
28875
10710
31277
2991
12486
20763
11260
26538
4058
1296
7631
25948
10375
25602
27472
3604
2542
32605
25548
10555
32230
22895
8423
18487
30029
28782
30095
18830
3740
31421
18734
5967
27326
14443
13092
9390
17443
32253
27252
28398
31760
23661
23997
1412
4665
2674
1901
23929
14993
29442
21041
29712
1377
3349
8624
1193
19863
24749
21368
21989
24929
23827
19512
25099
6395
25699
25905
24234
20422
12362
19943
26496
29593
29711
13852
20635
7771
24528
21502
25534
28114
26895
6816
3334
3510
31853
13479
15053
10250
31924
5958
29903
12204
13083
16748
28299
14634
5318
31547
6381
21975
397
10685
30505
9502
24574
2770
15082
4119
15013
28013
27564
25432
17035
14848
7526
15118
23292
24373
31341
30028
4749
30431
9365
7842
11614
14128
12697
3314
9373
1068
18109
7295
16203
13661
6065
17223
10307
25545
19641
28307
9592
21537
5131
24268
21630
20795
25208
30096
4172
2754
10063
10757
25664
19501
30591
5997
12387
8173
29691
23035
25327
13035
28515
11749
27406
3121
5856
1211
18661
27879
8784
1271
24273
27778
20387
10197
26608
9528
11652
26981
14308
1207
31036
16094
10195
5398
5076
18229
21682
21004
21114
27118
4804
24160
11815
22579
14941
11680
5758
9251
12780
30230
27638
25196
22840
32504
25915
2588
14826
7903
25554
1716
8524
32378
31740
12414
1872
29572
13278
7969
26324
2035
15838
2675
27428
371
12880
11662
5825
32018
3154
24614
18273
29501
28148
23066
15158
14315
28573
21832
31603
19224
32426
422
20493
3445
3927
32655
8382
11614
9699
21594
26448
24588
31471
3377
5912
15116
16168
1056
7617
16879
16933
31597
24907
31812
146
808
24402
10179
23951
23810
20884
23243
2899
21091
31662
11023
26389
12470
1574
11404
19500
24584
2734
23742
8821
18385
13735
19987
11253
30225
8421
10144
21951
15519
19378
19730
4120
14526
21525
17128
29146
30962
21844
8928
11030
13586
4023
13487
2813
19613
15759
32501
7425
32593
14711
25712
8503
5114
23002
8560
25600
24969
9653
15755
14568
28261
18078
17809
7374
6662
23558
25027
17222
1215
5051
7231
4923
10715
11184
27583
22233
24556
16641
22147
8873
13152
4146
16780
14334
20309
2744
16395
26257
26799
26042
30489
12648
24423
1560
27048
15100
2597
28077
16570
15514
24594
3537
25553
3338
29927
8994
30118
31343
31563
32389
2333
31598
16731
24423
8825
31634
23434
17225
22732
18159
29099
20091
11186
22790
25164
12839
24895
4841
12358
13202
54
7328
28306
14495
14972
30154
7774
32149
23500
31111
13152
22561
4267
22934
12907
11167
6559
21691
7744
29333
16028
11364
9894
384
5823
7563
19901
26324
30783
24798
30607
3134
9376
30238
6120
32044
1321
16069
29288
30351
2969
11243
8406
9183
2838
874
21431
11616
7526
65
287
31653
26721
21046
30152
21586
22438
16576
31841
13350
7822
29987
3880
2616
5726
12253
18363
14464
19649
27969
299
32154
22133
15714
24659
11207
14916
21298
13928
20789
2102
3819
29137
13696
28933
1966
4408
20600
29137
22634
19681
7717
26645
13312
27194
29704
8666
1189
28084
15268
15914
6791
7890
13885
29128
11699
4735
11744
1054
14134
12197
14243
6263
25986
25083
27438
5998
12308
28447
13178
19622
20052
8676
7385
3260
5565
16365
17463
30586
829
32123
19359
10830
29663
25475
30721
30458
20647
23556
23602
29324
12733
22679
13620
28817
15567
18248
23480
16006
17072
18852
28385
13199
24645
25107
7243
26732
9889
2920
10572
11176
3695
28343
8569
1555
14992
11110
20076
25459
19974
25991
23749
13175
22801
3685
21103
5868
8599
7005
14885
27955
19145
7920
10292
22003
8196
30742
31874
31499
1781
3028
1487
14027
23809
15632
27195
27235
17380
5797
30984
6299
8600
23475
18850
6341
22392
29240
19420
30192
29861
23525
11645
20063
26537
12586
14587
18234
29530
21140
4486
26754
27393
17496
28744
30026
31164
26672
18156
5157
31009
2405
27485
23515
6948
28461
12496
6240
27451
26936
4612
23558
27328
2694
20680
12529
19606
1659
11967
32459
5135
25653
9056
30906
6925
31773
13120
10127
17256
29628
19604
25665
22416
11217
19697
22169
24180
21664
5207
19502
26274
7308
18798
31636
3247
11496
13071
2001
16601
26891
19206
22544
4075
9122
28183
6042
29537
15947
19775
29185
27853
26463
1083
24478
28793
27150
31055
5694
25422
17586
27200
29209
12276
31069
19106
27396
14139
19636
22362
27111
8122
26369
859
4720
18614
2947
8627
21769
25669
23049
28875
23816
31922
20159
27370
12070
26916
29767
32764
3123
30075
31755
7314
27656
16763
12498
8745
9404
6956
30610
13487
4635
22656
21125
323
20819
29751
6783
25149
25841
29184
25215
1134
21772
19937
14724
29097
8128
31448
16034
9345
3551
13507
15188
2389
16354
10621
14356
4234
1830
15690
16169
13848
24405
28277
16833
8776
7201
7223
21311
18364
7993
13531
11990
8879
10869
3872
15191
32126
8788
29407
327
24167
21673
5357
18229
657
6033
2627
18506
2637
21672
30300
14626
15004
21629
30943
3802
30705
24131
7806
15467
24120
32713
22814
23094
6678
4524
17208
27616
26483
19403
12927
14431
22838
32251
24003
26709
20047
16636
6677
24221
14331
13228
29484
32548
5443
6267
8967
22523
18374
26399
11476
24746
9657
9865
7953
17350
27948
8983
16625
26310
31887
21771
12033
9234
29812
2876
11019
27485
9879
11787
9018
15413
30235
11929
13440
11992
3350
30263
11317
32586
2896
27166
19713
20132
4680
22369
23291
3759
21112
23327
13074
19377
32218
6909
29101
18567
17323
25043
27790
8436
14703
29862
1020
26169
21813
13271
3873
27110
23836
23705
26545
10991
28694
32424
22732
6402
3052
31289
29990
8728
13443
6700
6245
15947
8285
7817
6090
28135
3682
19242
26132
24003
10465
20149
11937
9682
6610
5582
11223
22005
13406
24202
15554
17683
22433
8230
32254
22124
28334
6905
27096
10538
12755
9383
17328
26169
3359
1176
21154
8281
20514
29864
12133
31346
2804
6688
10610
2087
15481
2790
1897
7341
13794
13040
9905
31710
22391
11774
15967
8585
2708
27017
18778
4877
7410
8950
23484
28454
24872
5648
26491
12294
14450
28597
13384
21416
27056
22735
3767
24161
27058
11655
29345
27576
30898
13493
13511
16759
14626
27546
28599
6402
9129
14801
14324
4840
31848
8579
23377
2232
11649
16347
12190
12566
10970
12729
13446
18957
17182
12459
3256
15783
517
31769
4677
29883
2006
25279
2633
19463
31274
96
15310
24446
29170
953
28141
8163
2747
4277
4406
26263
30513
4831
6227
31664
16098
5148
17383
16970
2373
27546
26044
32546
6651
22788
24350
28001
25172
24568
24194
5557
19477
30650
8300
7078
8569
25386
14223
29992
13941
17651
8245
16492
14144
17414
8929
11260
16403
21575
18995
9479
8750
30597
28685
16377
31259
2736
9716
3919
31542
29510
31929
23722
5229
16655
28504
30754
21061
6154
29984
4572
8733
30375
32532
20959
23223
11318
25746
8739
11764
5024
818
24299
26591
26197
5617
24917
7917
15237
1935
6192
14724
1939
17461
8973
27833
12231
20059
9113
6238
1603
6889
14634
9276
16952
30876
23191
17053
18521
1708
589
15374
22416
32428
24735
10338
28144
21937
2142
14586
31212
30902
18858
30788
11206
10303
12039
8834
31562
14141
20660
31693
13755
12594
29240
18265
10254
11157
7741
17402
14678
18040
13473
20967
2432
8296
7883
9663
26688
16789
7739
11465
14411
16947
26981
1664
4807
12319
2752
14159
16127
30662
13850
30873
21084
21571
2094
18940
3217
2759
25720
10199
17429
30014
25928
2825
30422
8239
4630
5628
21292
32740
20501
4835
19723
204
16650
10047
4990
30493
1119
24744
31312
12733
3699
32458
11276
13411
2613
7854
14377
23802
30961
11067
20862
30790
1130
14076
20732
2505
14120
8995
20635
19176
3859
14286
29333
9546
7745
4490
10451
11393
11789
2069
4260
23276
6249
29289
14005
5595
19317
27637
22334
15605
11088
32558
28281
18647
17965
22854
11608
15614
3754
27451
9847
28903
4190
7188
18256
29812
21169
28776
29102
5010
24049
19231
18788
15641
5794
11132
2622
20724
25365
3164
31288
6529
20284
18616
19438
29754
8892
10609
1364
28054
7492
77
16039
21546
19741
29756
19875
1812
13315
25313
12535
921
11828
31565
20470
30221
20422
30222
25231
20979
11325
3688
5503
13670
15453
8418
16069
7096
22077
4869
13910
9048
27549
26720
10003
27385
633
10447
27640
18928
7135
31741
19862
26590
31997
7720
13251
30608
3710
4644
8080
6435
17943
13475
379
10092
20060
5299
16358
29847
24793
13704
456
14861
1630
7548
4515
16284
12698
22100
27830
32210
26603
17093
21107
16297
27765
27959
26675
1898
8562
13256
17705
15051
5064
30100
31380
23130
25825
9524
27705
18463
1719
25732
3345
24957
32302
3497
21567
28762
8103
19795
32324
14208
31186
12864
28278
7746
25283
22018
17583
16226
23369
769
31554
24370
15483
31683
8499
3322
25491
18283
1191
29594
20480
10112
24985
7536
26550
6896
26831
12156
21961
4693
13068
24514
14138
14710
29832
10992
2577
31249
1181
3393
4779
7128
3523
17057
11094
9657
31166
21010
12827
25698
28182
26702
2267
14853
27848
17838
23454
7000
27963
17226
8487
24033
373
13154
2508
15216
23439
8445
20612
12013
18278
13007
8770
3667
27796
13664
3969
1533
27807
4203
15392
22817
12655
11140
16753
2970
6
1534
30349
22762
9067
1548
4842
7295
17383
17190
24367
3893
15988
20399
26694
32285
4211
17876
26803
24189
11165
7095
23589
25367
17980
717
29003
30382
31643
22148
19945
16327
20667
24106
22827
4525
28999
26122
57
28343
14538
29656
10507
32717
23584
6735
18303
9513
18219
12312
18601
1115
711
28142
18538
14224
14079
14336
17732
531
7553
5782
18028
11796
30799
8696
10273
30633
24760
25996
573
10514
647
32318
23818
19521
6010
30756
10326
5530
14069
12130
10442
27639
19960
14412
20343
12783
21327
4811
12210
13400
3080
11522
1826
25098
29738
31025
3095
12518
8100
6873
30237
21527
10116
28449
29906
10136
30569
29816
2292
29942
3899
21884
29630
30040
3353
6938
12405
13500
5011
18935
11326
14979
24602
28431
12338
6960
9652
24477
12724
22381
32757
12346
32002
11343
4650
10056
28171
14554
9943
11921
11137
7368
25444
2092
6190
29830
25619
19105
28299
22144
21557
26700
14991
13726
22174
17927
9669
19726
21078
9475
18849
31045
30609
25591
31764
8768
4321
23421
19038
6928
29867
22968
5668
6805
10968
315
2242
12682
6860
3878
20706
25025
21916
19602
24142
15024
20603
12080
4098
7981
9078
27948
2182
6262
8290
2136
7290
23156
22034
5254
3954
23873
21453
15669
4869
12263
16638
20081
15393
26731
7470
17652
25249
21770
15408
10641
7970
21186
21147
15315
23314
27924
9854
12257
9993
11017
14414
932
19293
11635
30755
12076
18161
629
23332
13392
12365
21061
25920
20885
11508
18737
31520
23634
29425
25312
4185
1553
2228
31451
1509
4407
14108
17995
19668
14568
25045
6917
8511
20517
14820
10179
29054
23607
32384
436
17818
11857
16420
11064
15109
16497
23010
30692
26761
22919
5370
29133
15999
15577
10923
9219
14145
26790
6217
28251
27618
10249
31120
18034
24860
31777
23864
2542
8329
8303
18377
17927
29206
11903
22705
6215
18870
9419
17812
3213
15699
21724
8163
7256
5898
31922
6320
13122
22423
3942
14017
23755
15630
28942
13027
32600
8653
10721
28288
18556
18350
21660
14452
11893
25473
19492
21533
11002
31929
23660
30385
4916
30053
31385
11989
12554
20066
18532
27243
417
31695
26304
3755
15651
24002
23485
22133
3008
12601
4013
27365
3059
3412
9605
27177
3591
16577
12934
20623
10457
9079
6428
30690
3039
12455
2822
8439
12905
31983
30391
15235
23591
23762
25596
24623
28396
20325
992
12527
9649
330
30669
5007
12509
31714
5107
31375
11204
21695
8429
12336
2925
29016
24738
22479
27288
13057
23146
6514
22271
7962
12915
11169
989
22406
4194
12151
1453
30559
22845
4856
31540
10215
16520
28069
18369
450
29870
2894
17076
3683
27299
6440
61
32197
3272
10527
5990
25691
20751
32621
2388
5449
31327
24172
11721
27860
2362
17576
18670
7959
8093
20793
11856
24312
23591
16976
5416
29019
28798
16911
479
150
30447
30110
26833
17444
19284
635
28242
20637
27451
32273
26606
9189
8516
31629
757
16804
32715
11245
13368
29687
28359
17497
21773
1126
20722
7863
4505
277
1067
18554
3150
25150
16664
29626
23218
9182
7695
32394
16226
10159
14647
1158
17751
29527
19946
11947
8297
7903
14686
13676
30481
1894
12933
18689
31091
6679
14641
21507
27036
19288
124
19510
30984
3652
22631
1446
8039
24668
23233
15349
20128
15737
24395
17907
10263
4102
31513
10095
5932
29035
3899
30029
29956
20172
10909
16345
6539
17908
17196
30555
32185
20108
2618
32492
21269
913
24612
24967
13432
8453
11058
23907
21524
2532
5566
14720
19124
27225
30617
6528
27717
18994
28330
17337
17814
9106
27352
3464
10076
20965
12587
25064
25209
27929
6701
5699
6526
25868
3991
392
19310
28992
3369
2429
31685
10454
10458
6743
7096
22202
26161
15496
6335
24091
22771
15576
13393
17182
23294
6839
2286
11219
22901
12497
24675
28008
32029
19428
16202
31132
12807
9166
18896
16503
21104
27371
26043
23096
30949
26525
15787
3472
15787
19500
2463
1549
25437
16593
16572
20185
14039
21517
6218
26020
9811
17727
29696
31199
21458
23926
11137
11307
9918
19076
18726
25105
8397
12372
9726
499
31272
25725
1811
11074
18637
2070
8175
16114
14129
29645
7775
19499
3626
10803
9079
13634
5645
17498
19926
8423
4883
3234
14636
2976
24834
15312
5881
3446
29193
3168
17559
10221
13547
6173
634
12346
9824
13294
12471
10673
4536
15859
13507
9341
17601
4560
27773
29843
15083
5961
21103
21737
938
7952
14161
19170
26652
474
13519
24077
5100
13752
15757
30736
17782
19877
28263
223
18731
5979
1277
2866
17463
19308
8047
9525
4706
909
10597
8577
15156
27445
6739
27723
16989
24167
26875
16603
22356
27339
22579
21312
10301
26372
232
16963
23568
5182
15715
26009
30712
32262
22987
19549
13305
3167
11755
32701
726
31762
1078
24051
20786
12613
29192
8567
16373
6223
1327
26738
24049
2251
27306
20598
9414
24299
29360
31341
15618
16144
5621
2768
19853
14231
24616
31258
23109
13557
25536
18811
30181
31750
6904
28624
19243
7842
23064
4819
16698
7794
14071
24719
16189
12801
2494
7448
21325
24598
27374
14456
16533
25922
21157
236
14515
6069
15645
17745
17506
15701
30837
31705
8022
2066
32692
16642
2920
11379
1803
17097
24307
18037
7514
27674
21118
150
1782
25740
20891
12589
13738
14411
21262
25084
507
15445
31794
30216
2480
746
5017
25001
22418
29757
1779
10461
14449
24432
2097
6113
24935
6079
1514
27139
19297
29180
765
21170
26586
13883
4472
7383
4842
22990
29880
21608
26240
5492
11986
11833
21227
11213
32050
8726
8352
29713
2178
27408
16183
32002
19406
25108
1462
23583
30437
26306
18450
32027
20482
19067
26099
1421
22699
29116
14008
8425
14810
8107
30395
18607
15195
8176
6614
23778
19061
17094
10022
8380
21452
24402
526
28576
29830
20531
17535
15952
18093
7770
3703
15456
19668
19996
28360
10731
16638
645
18715
13700
19131
27376
23860
30319
24724
11988
21368
22290
22697
19425
29356
934
27801
6732
25343
12594
13474
27495
8779
20666
24074
30324
3480
691
8381
1979
9186
24251
14391
9690
26140
25479
25508
8541
30836
8989
12614
17038
26841
32579
6424
2446
16058
2615
10929
13477
14353
24480
21098
215
22433
2501
31171
22712
10363
18173
1795
25985
23239
17254
31
13922
7617
6874
21725
29210
23298
14111
5177
18118
14081
24158
4360
3062
31449
1495
14811
19206
19277
15570
10278
8620
20745
17369
10914
13005
13866
9252
20207
6549
7425
23381
11902
4806
29716
28518
686
20560
19302
32479
17461
11043
3833
8524
22978
10049
19088
11246
6625
32279
23225
11953
9246
8973
12043
15710
21869
30300
429
22802
23497
6687
10264
3567
11548
7598
24861
6417
25951
29479
17449
10947
20482
25421
13768
6387
8334
29590
1384
5604
7817
29311
6240
16163
18586
7715
17968
6332
13037
6412
18954
18605
9433
8521
28050
9883
14784
15808
20707
29636
2359
21958
29650
20277
6759
26349
25718
14909
9907
19741
14056
16673
28572
20711
10823
7185
11233
28693
7935
23643
20458
5254
16971
31199
13670
11577
4857
21699
26164
23975
9070
32616
3711
14166
15593
25756
23086
12715
18444
7697
16763
21504
7832
3853
2273
17910
10872
5988
30780
14860
30209
29348
3372
26225
4472
6031
11450
23
29140
11214
6206
27657
11462
24547
10624
6910
13815
18272
6685
17198
401
342
23084
27748
12288
17681
14882
597
9978
9986
27635
24880
15292
10749
8058
4214
21143
28837
15899
8204
6060
8996
2471
23439
13556
23839
8831
18407
10627
14312
14589
7967
9741
17654
28175
15987
4777
3219
10021
15019
8661
25813
22862
3752
5306
13519
3997
6205
5298
30728
12498
22336
17928
5677
18486
8928
30719
25346
21959
18744
5653
23198
27029
19749
16008
28120
3692
13909
8730
29437
18355
10145
4369
3780
9876
12189
22915
10627
14942
1901
23248
17570
24615
13274
29296
17488
13749
15525
9711
374
13215
28186
11829
14313
12975
22761
18443
9444
24715
1074
28123
27061
26516
1503
24247
1718
19983
30006
5789
639
20611
27566
7162
4442
15201
2050
18028
20728
2026
10117
25292
27746
16462
18869
22636
15409
28433
21010
13213
14082
7603
7217
14709
17957
9872
5644
26831
21141
24069
21660
3218
7725
22228
22186
17207
15640
17866
27106
8069
17290
18591
26153
18079
31661
5149
13104
12097
14303
19844
19529
26183
5402
4910
13946
31855
16819
30831
7376
351
7240
30911
1782
12266
16116
9755
24070
12175
19140
5800
13215
3906
1903
21914
32568
23920
11073
23380
17844
317
24409
20688
24374
14608
21524
8770
20278
25169
31177
9464
25301
28273
12727
21637
2413
10539
2875
27422
7021
13322
24903
22852
868
23340
27663
24740
32091
10053
6917
22075
24680
20710
19208
20413
9856
30976
11480
16440
9869
19108
28622
18420
13504
27148
1226
15263
7465
21727
3436
9894
11397
6065
19335
19686
15191
31945
9426
28548
28474
6184
3809
22809
9845
21703
30548
29971
16848
26399
31823
30296
16550
18670
2346
20780
25404
8761
11113
3156
18257
17293
13294
11643
13046
5515
30829
17622
416
8612
18721
23556
26492
6176
28349
19512
32514
30565
17574
16281
21709
14454
17247
25065
26026
9402
3908
1125
17135
14591
24444
14573
20750
14782
20777
10341
21609
23712
31457
10331
16488
11074
21602
21482
31945
821
18049
11230
5432
22346
30564
536
1824
5644
9969
13365
8640
22925
12166
31082
11393
17510
32491
18354
18311
12281
7045
5164
14982
4089
2508
29374
9687
12077
9727
22783
18891
10608
17942
2132
22591
18173
14328
25433
1136
7401
28654
12930
17681
5873
31575
7170
31899
20086
2974
21227
31717
21190
11626
16791
4852
18077
20
13128
9236
30444
350
16651
27943
20184
16738
1506
31550
19718
4808
24097
31846
24086
2876
13849
25541
16493
26655
11252
5093
21816
11133
2272
847
685
1344
21872
3932
2964
23715
3390
29000
7
3561
13782
2440
11126
12366
23759
30045
9198
30782
16699
8874
24218
2501
11330
22019
28042
20295
15625
22278
19123
10353
11225
14062
21559
1391
18557
25957
24039
16991
14315
1946
31750
22278
13607
17812
27472
11970
22885
454
14907
15552
12142
12003
6013
8303
5700
14323
27086
28213
14089
11943
5359
28768
4637
13289
4075
29791
26503
20152
12445
30770
32406
9523
20594
19487
4295
19443
11889
31911
23530
8094
12920
6328
8065
23737
30152
10276
2409
27070
13507
26194
21948
1903
3573
5428
9717
23401
12882
31864
21333
2300
27326
26883
16518
19514
5843
16539
28287
19278
2270
32227
22695
4624
25386
10381
23613
27606
23170
7627
12023
3980
497
15622
10473
20999
972
19667
26025
21142
27634
11299
177
21978
26451
9145
28932
17112
7343
27618
18453
30285
672
14944
22500
24641
22235
27815
1130
8159
6835
8780
17463
4484
14559
23482
5210
790
14460
28967
25473
663
8534
30150
14433
31482
30051
23358
5976
4917
25488
26972
27473
919
6080
24068
30185
21852
19474
18798
2768
16511
32611
31375
6769
7119
29973
4052
20437
4933
25102
22
17860
6293
27395
12235
5934
16899
22518
26233
20170
2936
8445
14449
31229
11733
14406
14521
25341
135
13656
1866
13878
6492
17819
3963
5869
7828
1563
2750
26403
32572
10889
7050
18108
1463
5507
5272
3552
30878
17940
16466
18082
15818
15999
15497
27103
13230
18488
15974
25449
13546
14644
21155
8549
31262
7778
28154
13042
19964
28538
25054
14860
18338
12277
2410
13487
32550
8540
17047
24895
28786
27334
1969
16935
82
22941
15628
1217
22475
8096
1779
20342
2479
12846
15329
15142
13934
11969
18164
31689
8751
26809
3742
31831
28959
1115
13214
29158
32265
17177
15406
10770
32552
25875
32638
6306
27961
17375
25954
26729
24787
2693
20039
4969
23035
11982
14188
17983
9716
4031
28495
4795
22356
23904
28261
13774
1117
11714
10253
29865
16265
25407
26567
21795
32359
18436
3745
13659
25254
717
17651
1695
6511
18672
29772
12173
17657
29085
7596
22904
9303
20068
24564
11534
28052
27895
17050
16951
3585
9778
6305
18240
17614
7768
4041
9016
19416
6816
16387
6042
706
20464
20263
9517
20551
3816
31977
14377
11726
28962
11018
24475
4415
27576
13771
5130
10518
27399
12455
20827
7862
23475
23361
2034
21247
17644
25244
10522
18722
22511
17034
21159
13236
6351
23399
24026
22530
1141
4102
21892
15269
22501
32748
5998
20566
23748
12732
9465
4611
24343
16883
26370
19234
12366
27093
26888
29509
23425
29352
20369
23534
28409
26911
3529
8101
32498
9497
7789
1865
17823
31116
17383
22948
1135
8379
5051
18753
2703
14512
20769
29826
1200
25574
23283
11245
31242
25158
12490
29383
6817
13908
21349
28132
17095
10923
1098
13501
22498
19367
10415
14531
25199
10593
21402
14067
2375
30176
15176
26539
21025
21389
7628
24764
19289
26600
22776
24000
752
1658
14720
25262
28371
2058
17757
27819
10848
8724
1392
9507
11558
21111
4712
19225
24300
13166
26853
18107
11509
19393
18653
6970
1155
12093
9280
10968
22170
865
24791
323
2310
15450
29042
6177
30880
9778
2626
18924
28876
3652
29828
26368
15430
8435
17759
8434
13087
20379
31760
16420
27138
21192
19268
22422
26300
7334
4549
27391
32251
20409
18009
15133
15958
3534
23272
11337
3214
13106
23260
31566
21780
21025
18637
13435
30411
641
32606
8439
19214
22993
6498
7765
28405
8028
9540
5224
12756
4274
10149
32089
19717
19032
12614
13302
18664
10431
3113
31821
13095
13683
17395
31354
2623
29845
3477
3005
572
9867
21035
13776
1731
20982
24868
8311
7766
10724
3492
19800
4820
9288
15142
525
831
21671
7526
6264
17090
24339
12158
10582
10483
5981
9807
17687
14165
8327
25122
12014
14369
8312
9103
20004
14918
23539
1951
18865
3758
20170
3885
525
10947
5199
13714
23876
5170
13324
23169
6473
14830
9908
815
6284
24185
10073
14007
23758
30559
9438
31166
9268
9731
26544
11602
23707
11677
16305
21784
24876
2692
20085
2215
13872
3753
16817
5167
14117
10084
4592
3166
27409
12404
6536
22916
29462
30785
6093
32245
18247
22883
29828
7087
13754
3432
22427
32060
22494
7378
26903
9690
29199
4192
19789
11482
29032
18319
12629
26694
31705
6239
31676
10950
18041
7258
30073
6340
9757
20179
32546
22735
3625
24684
9824
9021
29094
25563
12193
29973
14997
14317
26636
27180
19331
21194
21434
653
16222
21116
3107
22302
23431
30379
25302
385
26664
26538
7278
15161
25288
28344
22465
30734
16157
895
30042
32690
10785
21217
4906
19108
872
8948
28794
9813
176
14411
20004
25738
12218
8312
7939
6657
19032
1486
7336
12375
4296
28780
5198
20265
7744
6263
16
24698
27594
11686
16474
13396
30034
14340
2462
1970
13565
30193
23112
29342
26813
23402
3315
407
22051
5771
23261
32309
116
15698
25240
11024
1278
2214
1795
30429
4524
16536
14969
27354
10713
15848
2632
22637
11618
9419
32357
2567
22015
15595
8542
31567
7891
2736
17551
23677
19009
3518
21657
25859
31234
18623
21008
14707
3444
30306
17012
26781
14901
4003
11619
17399
4849
1870
31244
5955
28792
24254
16615
875
28948
30699
26020
176
537
18596
3425
19459
10173
21272
17695
17331
30506
1947
27767
30537
30418
29607
14473
28337
22787
25121
25398
27802
17595
20702
23183
12318
8381
24422
1164
31142
5348
6904
27394
22280
13752
19406
25551
31475
3647
10145
2391
9101
31766
3440
5941
21594
4543
11902
32554
26464
29501
18586
19033
14729
24798
21922
6839
30280
25689
21578
24765
18047
21528
3610
6496
26273
8407
32438
10306
26644
8558
16482
8746
8665
20715
8645
7090
5230
13028
18669
20543
17651
21004
1940
13622
21389
3331
17570
19821
20744
9587
7923
20704
6080
17752
11609
31910
11201
28319
32741
7971
26157
2291
18018
13438
28638
468
16419
10069
20301
13033
22783
2480
3506
663
6041
23092
14189
29394
16613
10650
15269
4659
21735
13407
28463
843
18622
17596
14001
3640
8674
28888
7175
28789
22186
2365
21221
24311
6161
19336
28862
28277
26809
11621
23525
22023
9520
21435
13811
16370
24947
2596
17768
7362
16304
20128
8853
11418
9296
17802
11193
13001
27445
10699
1130
1949
576
3405
9270
31868
3351
32179
14475
17968
30245
24903
24020
24963
4322
8243
29669
9740
12628
28149
4505
31560
23766
18189
23481
25581
30744
30456
17184
21370
5735
14946
28189
531
20014
20888
20761
12940
14013
5948
14970
7876
29514
28476
21959
32308
28469
8708
27148
23239
12177
30707
22400
10220
24031
10508
6245
20458
28700
29935
18736
11125
4607
30471
31722
6014
13180
2820
23254
7503
24716
21900
24148
24790
17968
17709
6661
18753
2227
8087
25904
6092
20272
28424
25188
24791
10325
25607
10847
6972
11366
32597
7727
14815
133
6177
9367
903
7984
4731
22196
7404
2571
23051
24544
30993
18656
29955
5335
9171
23012
17234
1561
6850
30524
15899
4495
10289
21951
19301
14192
29833
16638
31252
13926
16867
14465
14872
13037
1493
29268
25828
28156
21899
26307
10785
20200
22554
18785
13476
17541
13074
4943
7070
16782
9554
698
29715
22599
17441
13222
5774
14688
3706
13802
27922
6685
19110
17532
23891
17844
25105
495
8998
24055
12118
24122
12087
3890
29340
2491
24058
15191
24613
6524
6884
24664
32036
16564
17370
15829
16079
17297
24810
32247
8118
1844
1081
26012
8019
25342
26172
20404
24546
5898
4651
30698
22131
3066
14003
22664
16701
16375
28396
8084
22581
1267
6026
32575
27615
29745
1111
23937
26212
15112
10721
9981
25318
9444
3951
18730
20240
1677
7482
6068
19185
28332
6874
8480
15114
16267
29183
14000
16549
5660
2401
11142
3177
8765
19450
3851
16172
21562
12402
26258
19720
915
21723
10809
5809
29440
670
2320
11525
21939
11957
14462
29413
14813
18971
21216
4420
31859
30337
2418
29053
10802
29507
11635
12778
29153
22170
21636
18610
3030
26387
7250
18658
15035
10560
20852
32192
18834
30125
32151
20572
10999
11029
8408
11111
7589
20694
6769
20808
31292
15779
1176
22637
3650
5753
1956
16863
10343
14804
26738
24090
14861
27426
22023
29723
12807
21112
14966
24250
29857
9348
4868
5178
5345
1731
5003
19487
13069
1011
6428
14143
9325
9420
12264
32284
18514
235
12385
31089
11864
23567
14236
22795
29159
9095
32506
11482
28416
24555
22279
1096
13366
28427
18850
6089
22010
6693
10079
12468
1820
23643
1065
17233
6799
28003
26412
28467
21101
25729
12786
22984
8250
1970
715
5934
14957
6954
5747
5448
11052
17665
27887
15634
15448
22826
13752
15921
25801
8612
18203
14543
6875
30452
9440
14757
12329
15570
23082
15449
6808
5923
10910
10251
20120
27431
24263
31275
3750
244
12217
5005
21525
22819
5621
23487
13583
2761
32653
11930
27607
15785
12681
18455
25424
5287
22664
8804
27843
7296
3243
31287
733
4793
19630
28003
15863
6357
13400
26537
23963
10187
29206
20944
2883
22455
16355
14071
14947
20432
25450
21547
18858
29338
31087
17973
18821
6749
4203
18869
3046
31189
22134
16757
24899
29995
24170
30455
9953
1828
16454
18768
2642
1689
6352
15929
9789
24615
11391
10596
23645
6183
12695
24076
4300
10464
1430
7888
10882
4348
20943
16321
32024
9785
25429
11962
32722
97
14874
22000
30173
4220
4952
3273
27605
14404
29488
2802
11915
30169
29074
4524
7940
30646
20060
16230
1989
11492
4294
16785
22349
9581
13821
22704
25572
22292
13070
25262
7315
6723
19974
24437
19316
29509
4695
9148
19756
31669
25726
11808
25013
55
30947
21111
31329
9830
12801
12129
10523
12045
10694
8735
5360
10393
27197
11433
6095
9678
6506
506
27021
19642
7286
11439
31788
20967
30220
976
27997
13269
25602
25070
12611
19111
60
21102
23162
29
26829
10532
9048
17346
13152
14372
7283
3943
12247
6100
9315
4047
15921
13638
3273
17836
15281
6853
4240
13002
19260
9902
32626
26507
32004
9346
17086
1171
6499
31800
8025
1220
4873
27608
22787
25453
25690
32581
6876
29374
23570
14938
18727
30336
7467
10553
8269
22275
22016
19168
17701
87
29362
2558
10866
16830
20171
14340
28590
16738
10785
15998
7430
22596
25854
31396
24741
27253
18301
30508
12597
3976
22583
30819
31139
8007
1567
3708
12835
30373
10667
8744
2677
2292
8501
12135
2406
4440
3232
8861
17817
30844
27710
3048
7047
17027
9969
7345
1221
6466
15249
9089
29830
18092
8590
31254
23904
13197
7383
6583
17491
15996
2298
18884
1287
32522
24460
7313
11093
18752
32203
11892
1545
1353
28034
23325
22246
12139
13613
23846
17387
5180
29534
3051
28117
7442
18783
11164
20453
16571
22809
913
19683
27758
23092
11997
3427
30978
2688
23333
4935
94
32148
27059
9861
10033
4021
9926
32555
12003
32761
2860
20640
25547
30123
15379
6700
15266
29938
15645
24762
14391
1710
2226
13789
25189
6051
666
12306
28994
21209
30923
14405
29082
31554
9855
20630
412
2206
28042
14428
29906
2972
14827
4458
29783
7490
17313
27282
28484
23950
8896
21352
28523
17758
27075
23880
9800
20365
14884
11675
17972
15711
1834
1365
31708
31263
31491
25026
7154
25094
12818
6787
22818
28767
16522
8404
5704
6377
13884
17424
10464
20605
5293
8054
8125
2288
27500
5421
25087
9275
3746
31366
14911
8921
7147
22914
8716
4465
16740
27540
24987
31157
31494
12711
22458
23178
14898
19811
32262
27497
11148
32684
32094
12037
3853
28780
26263
6446
22100
9107
25457
19445
32061
16220
29642
12305
20661
2001
2834
27777
6093
13201
8703
371
21261
32209
4226
2661
1546
6561
17401
27530
16186
27248
9638
28271
21000
9683
17760
4574
30500
17026
7304
4355
18205
22691
32063
26061
17201
22348
470
19095
24676
13123
4230
32520
18639
29448
18274
21559
18235
15381
25737
17427
4334
17764
32416
6147
25029
21298
8576
25289
7811
8195
9003
20908
29033
22246
17669
6358
5383
762
30017
32507
16721
6193
17561
19515
28405
31060
25666
8266
25836
8007
16415
29646
17487
17807
2357
18696
1645
16401
17503
20407
8474
24092
12610
57
17738
32426
7556
29172
27614
14819
30777
28916
9405
17379
14750
5845
23591
27837
29450
27364
2630
25024
6945
19841
262
5113
27211
13000
19495
26616
23397
28784
22417
4823
9398
8946
20455
18553
15652
28142
29022
7952
16807
7115
14544
19426
20223
24735
11020
7500
9122
17486
9841
22023
7673
30709
29371
19882
27339
6793
796
31344
30714
12475
7823
18492
32621
21535
25193
24794
15949
23950
21296
18824
11380
3785
28593
31157
18466
32606
31309
20232
18930
20688
27796
676
21773
28146
18709
939
30622
22932
16243
23296
3974
20577
22204
31826
26448
16904
4599
10326
8039
26010
17148
17491
14214
27955
32649
19172
19569
7389
27793
14842
24035
18609
21463
8736
12487
32320
14268
15107
8618
23857
22869
8497
31601
25387
25793
8481
9799
12021
14266
13172
17114
32475
30313
3706
1479
28244
25215
28920
26450
14051
10369
2600
31579
30779
5987
8962
1422
19366
30297
27834
7641
9895
27882
6282
31011
20702
12614
7345
10811
28973
28889
19132
28430
30233
10016
6916
24094
23923
22204
20856
2095
7991
22725
24476
25155
16308
13920
10194
3017
19693
16532
1497
17682
19264
23129
16531
10756
21829
10482
18699
1298
29433
7805
27318
20076
27676
4809
20729
11122
6615
24167
1516
623
31650
11268
20062
30340
4965
29686
1817
24546
19677
22036
26470
5180
29762
17867
19668
4989
39
15470
29750
27830
12961
26062
17387
28506
21931
31499
2914
31917
5833
16297
23516
3450
17900
21734
24180
16388
31638
22347
19293
576
27198
31362
26220
11329
24310
5991
9430
7924
13643
24673
24634
15117
17005
12275
15074
17473
31632
9614
6470
1206
23441
1194
21713
17592
19421
2581
3048
27309
5263
11146
13097
22347
6104
30085
19440
21000
23716
31574
25632
6610
11386
3444
17184
28161
18596
10773
26659
9098
31377
23547
15789
6773
887
31633
9811
10129
12092
1590
18114
18022
3735
32729
12546
10091
7283
4806
21756
28281
21140
25023
23098
13696
29052
16463
18159
10105
32656
17755
6199
18331
17271
27642
12191
14546
15811
13959
14824
6509
26067
2036
29448
18198
11767
10080
27506
7944
4822
8684
12951
3708
14861
32459
2733
1892
25625
31129
2479
11612
13687
14062
19365
20190
6921
10034
6693
32437
19900
2995
11546
25012
14696
20980
26820
1191
19192
14665
15616
20106
27082
30368
2506
25337
8281
19106
11520
2280
14361
15867
7528
27028
19618
30709
14069
15289
6673
25420
7238
12038
2731
5438
20848
11214
18372
10977
29693
15104
20960
4281
13365
10841
25623
26762
29596
16600
9918
363
11451
6003
30019
5660
2083
27144
15193
17817
17072
29846
11605
31215
18699
12461
24536
12623
11378
1827
687
23905
21692
18953
17143
19674
5015
2781
6277
21329
32021
8449
645
9039
10599
29804
30560
3749
17384
24736
3044
8450
2909
17372
5535
18628
10106
3730
19595
527
30633
26395
12273
14364
16136
13738
12935
20692
20912
11391
29147
5790
10045
8285
31989
29813
30347
17725
28216
14397
16061
9028
23690
20311
24964
22515
26549
12659
12958
30622
25612
28069
8348
8991
26961
3516
23273
9675
18646
17359
6408
12197
12003
5656
26397
32722
29528
32005
7087
4941
23955
10125
23212
11228
24468
22977
18861
17219
3167
6563
22908
16055
19874
7738
18644
30357
7320
13542
17511
26196
16941
4338
18469
6329
25187
14696
9660
9289
22260
2345
21595
19460
7481
30012
28092
6224
23370
3431
31841
31796
16487
27388
32542
23238
17559
502
17879
231
2958
2116
2955
26413
28372
26469
29073
20513
29476
27701
16418
5803
11539
10503
4120
16586
22770
15859
16885
10888
10740
31602
26151
23854
5268
4904
31371
26292
6193
19200
8495
17787
19451
26238
13404
15423
13075
14929
23508
8775
7150
7720
1880
990
3835
12487
29293
9991
4229
8794
5472
18541
14810
30985
10120
9369
28077
972
5835
8551
11193
28545
6243
11195
18343
12860
14050
7536
1842
16606
372
16273
27529
17129
16485
15564
10740
14482
21219
6179
6075
18200
6660
31717
3396
8021
5387
29917
1147
12947
4839
28105
30326
10656
7420
32526
15450
21029
32550
26281
30584
30259
4347
15465
17596
21023
9297
13915
16200
7312
15617
4486
5724
21718
30186
29401
14969
19325
14136
21602
26054
6434
8678
21185
946
30598
21633
28379
15323
12513
27951
6099
9263
6521
27889
4406
24144
18290
24613
2421
9277
31976
28751
29849
2096
30779
17176
32562
27586
7850
19095
11664
29269
13604
27344
31542
29363
7002
6266
3724
11251
15641
21766
21716
16797
11735
11228
6751
17166
8844
5352
29441
16925
15811
24661
1730
15614
25072
3992
5846
24423
32260
16305
20176
24306
2111
2221
13842
30403
6981
30320
21896
18026
26997
32433
26006
6154
31350
6214
6222
20923
26386
22434
21479
5678
1864
13468
29034
22672
18076
23922
21423
26544
4786
15117
27272
13411
6171
2694
30268
22312
16751
12266
7991
6408
11420
9786
13823
960
2685
12470
12138
15650
7343
12635
12559
12729
17824
18603
16890
21164
24296
8876
29604
27364
18909
5427
5922
20337
28257
29538
21148
28458
7167
14960
11009
1428
311
31656
22009
29958
11541
10165
26651
3082
20233
7964
13153
14853
10482
11274
27096
30491
26492
18768
22684
25421
21676
23212
20228
24804
6329
14922
1562
11795
32030
16266
7246
16856
26093
8964
31083
28707
30054
25546
11977
6458
3528
4588
10181
26716
9575
8770
15982
26020
8447
12133
2177
24369
10312
19455
28824
28036
10442
19013
28574
5929
31475
7361
31366
22426
23911
13397
30780
3424
14999
32637
21468
4987
27797
28372
32547
2564
29479
8922
31011
4625
20506
9972
11578
217
32216
23988
15940
19993
13373
603
4624
16822
28583
25500
12561
9379
28236
15267
20054
30981
6097
18774
3004
32149
792
3803
20067
70
3673
22874
14174
17449
15732
30212
5295
32397
21125
14420
24178
12138
21689
13716
5208
22784
31073
22948
3927
23227
9029
14583
7072
29530
27707
17374
28370
11856
27896
16137
20077
16490
14117
9546
31369
6067
13750
22173
12488
8853
26487
14438
23433
4672
10215
11001
16734
7248
31306
30815
18625
32681
2810
8280
9218
20646
23294
9628
31108
20596
18909
16486
23593
21432
29108
6707
10251
31864
2439
30407
5997
19256
16853
28274
9201
19299
20335
7569
2059
24301
6282
27991
29877
27959
14354
22990
20324
31027
19265
22808
3131
25288
15729
18427
30847
22392
1582
32669
2380
13888
3472
30859
646
27327
10951
7936
2577
923
28920
15461
31557
2081
15944
6676
3740
20779
16694
16737
10670
26951
26669
31963
27488
14357
28505
32463
18520
31985
187
20750
19380
23762
6776
29168
20475
1906
12151
17049
17491
14256
13866
10875
20981
4914
6572
5148
30175
11598
16653
10010
25288
12587
8426
25452
16217
30499
2880
490
5274
2412
12673
15888
171
23544
3304
27903
436
15257
8458
1476
27934
14441
19631
32477
26372
3945
7391
9465
28132
22376
22080
20224
20123
29991
10399
4947
5264
6842
16588
25173
18991
22065
11435
10794
7577
29560
17800
26559
15769
13692
5291
18698
731
10895
26156
17555
14680
8206
32265
18995
7701
31041
9078
28955
25869
28034
30324
18201
23403
29090
17317
9495
31229
20616
19039
11493
31718
14107
10495
21560
19859
14179
25472
8434
26608
1770
14412
31395
27611
31849
14161
13648
4569
4256
20312
14708
16903
26246
17810
27973
26708
7842
19316
17208
22766
31161
9925
4551
22778
3753
8182
6258
8072
6037
10929
22020
25286
6722
31924
5143
17779
28609
1760
19418
14487
28495
1165
18450
9586
16505
5409
10335
29618
6276
5089
10689
16361
26379
8711
22618
22077
13802
5908
3702
17762
16475
19303
25800
7621
1375
28943
30710
12554
22880
28382
10073
26041
15124
29118
12542
29492
28580
10312
20208
6637
10766
23699
14777
11221
16840
24650
13350
31000
15526
32514
1099
29959
12285
27338
32199
10069
15625
22275
329
15751
11404
13682
5459
20646
28088
18835
31806
13111
31823
1584
27519
23405
29193
26931
18472
15772
18230
18873
3250
10993
1700
19559
15353
2145
30915
29185
1416
29151
2567
29752
32535
7634
28814
25796
5970
5318
21763
17075
9692
4449
706
31233
15508
7321
25404
360
7703
14885
18589
2681
32134
14641
19373
30700
27529
32086
16628
3637
5267
21449
2338
4696
13416
10451
16558
19197
25309
12673
4796
6087
7647
23964
13124
4834
13495
9691
17521
28891
30860
2648
11079
4789
22058
21825
6025
32313
15618
30160
17114
12429
30577
1917
11042
32520
22597
22898
19507
31301
24957
2623
7341
1910
18512
3023
21022
9211
31345
9114
12398
1844
2194
15133
26747
5779
6695
5255
18944
24565
20076
14262
19643
3634
11945
11105
13519
3058
5556
20119
22119
18627
12472
26216
15516
21609
32054
13282
14233
17525
26697
9791
5628
6170
29486
32092
3456
3643
259
28781
5849
8648
12751
11504
16608
8267
28355
16863
16112
3774
3008
19242
13968
20640
8729
29028
4178
17736
2201
4540
20475
20344
3272
8752
14307
31541
20842
9725
15263
13782
30281
18010
1502
19548
27956
25445
5521
9217
8264
12638
13903
24852
19822
13843
22519
28675
15141
15003
2455
9402
10882
1351
7052
25643
10868
28630
11499
3118
12365
11752
10272
3468
6526
22454
29397
27734
31394
3327
21782
6780
24511
17478
23474
24730
25032
6714
14820
18709
13670
13686
28210
16743
5879
4714
11926
26039
14296
19353
24540
10925
4319
12806
7243
22916
15916
18920
3463
4705
18466
32677
7606
18659
32176
10494
17378
28411
17365
9863
28574
16894
32355
14683
22509
28152
30211
24845
12639
31556
24441
21986
3965
14937
26665
29501
30055
8679
27610
9818
22972
21283
14267
13631
8634
14430
32419
29168
22439
29149
25245
11747
8303
1253
14244
435
13454
277
25515
15640
24624
4089
32737
4887
20119
8923
7986
22134
9406
13020
24081
23155
12092
18244
8053
19382
10090
13847
6945
5507
21448
21225
8489
10036
1949
32754
14002
11751
17886
21861
28665
5748
2897
21246
11159
27554
1010
20442
4867
25754
12182
7308
1112
14235
14798
2925
18776
1264
2318
21299
16305
28191
18703
32710
22144
11620
29809
25935
1300
16733
8613
18833
7924
263
5898
14204
10531
11241
27222
12543
5282
19087
12088
13087
567
29498
31036
16454
29549
18134
13550
25821
3292
14892
7234
27164
19882
32601
18995
11041
24658
9087
12715
16448
26788
13498
31651
29851
29454
1110
4235
14834
26905
22847
20716
3772
12086
9912
16716
2678
20411
6992
11602
1083
22313
7186
1578
1941
17840
32765
43
2963
14837
8116
13239
8219
14610
3446
17763
1410
14302
2383
22872
25178
18800
1424
22010
2955
5854
20350
14791
4774
1098
12359
2177
3701
10016
6714
5007
20951
29081
13878
8609
1226
14212
25955
14739
21450
28741
2849
5268
10586
23070
13118
31623
9696
25261
26732
5033
18869
30902
20210
24180
1405
11043
22433
28868
9396
14665
7946
9529
18058
30829
19694
19932
22769
12935
2038
10501
18932
25157
20900
7548
25418
28755
24202
478
1067
21978
16058
29506
11618
18503
27261
32541
5028
21069
1864
9315
11296
32301
30955
28655
26455
30005
4876
14373
3630
14470
32468
15318
30017
22299
10472
10339
31355
17671
19355
19238
228
14334
26978
29197
24249
11543
19336
16264
29122
31696
22818
30118
19936
6739
23110
31867
14822
30456
31608
10180
28329
2826
9573
32718
19547
2766
31956
4499
31252
22209
7897
2598
9138
4642
27979
8530
18915
688
32633
6014
22656
7605
2841
19156
30493
26179
22913
10147
18398
190
7450
30721
2188
8090
15121
22196
18919
11622
23887
18771
12606
22538
24748
17832
30782
24909
29535
9817
7944
22682
30649
21191
1158
8707
32532
7735
22782
28294
28934
8752
7911
2447
13018
6179
11772
8127
25408
30290
27792
25324
32323
21482
13089
12137
32124
22642
3631
5767
18565
14953
21070
29275
2481
4395
13947
26306
15098
32277
26796
29603
32571
28905
20651
31860
7072
2932
29987
26880
9562
26734
14075
17255
14231
18849
22244
30566
17841
29006
31022
5848
23973
10956
7136
18301
28360
18034
13063
15867
26805
3255
24398
27170
18058
27800
29391
14452
23124
26938
14377
3301
27847
2769
12243
23263
1331
22208
14256
32393
28083
4866
20707
15177
18344
22728
30692
904
17509
14947
17107
28085
22060
101
14861
31372
27994
16899
7934
4248
5598
23742
5430
20726
2287
3907
25022
10589
1791
15247
13484
18267
3562
5206
12533
20705
16244
14758
9859
1538
3058
2248
12935
12280
30023
9063
14865
360
32274
29171
29406
19431
6438
9544
28272
11964
11579
31627
23396
8935
227
19541
28929
2147
8895
8212
14605
6313
8690
22190
11236
25205
10966
8551
21195
13004
23534
21508
25729
3902
26396
20784
4119
9577
21268
5664
27138
21438
28945
10611
12143
12168
23239
29020
21462
11305
3224
13570
3282
18343
28682
19751
20528
24680
27257
18440
30789
6202
17417
1157
645
26775
31455
2178
7250
19494
22161
5773
29202
8580
20442
18113
29828
11077
8339
9962
2132
20790
4062
9706
21485
1765
20133
20059
8078
31588
30787
5237
31648
30281
2944
15154
8519
1529
28611
5297
16695
25383
23171
8664
13513
11671
10495
21822
17741
26152
559
32072
32162
18961
21754
6546
14853
29547
1705
8080
27175
25328
26012
29301
14722
22274
13371
4691
4588
5103
24624
18052
11373
371
14804
18250
9294
16766
16358
10930
16498
9272
21379
6334
26346
7490
26706
2754
28355
7743
1280
6671
17442
31380
10220
8655
4756
14443
25635
14384
27039
29438
19086
17093
3997
12818
29546
10793
30410
23233
15353
28901
2203
7549
3191
12691
15185
1362
14928
18500
9679
3179
23184
11040
1448
23000
6299
13900
27517
3215
25886
28433
390
14256
4421
570
8302
29709
10799
445
9828
10985
10399
9630
17519
32256
18676
5137
13825
28872
8027
29919
5840
14071
15427
21514
19169
19525
29969
6068
11493
14707
9493
3389
30409
10892
31421
20908
6281
14955
9481
6480
28997
6013
30015
6823
7830
26056
18656
8318
22050
556
20442
1882
32110
2793
767
10775
29684
20834
24246
463
17270
6433
13809
31997
10897
18458
12639
20962
13717
27700
20194
20520
22932
14853
30019
30150
17849
26845
28709
19235
24283
4103
26679
19070
6482
26955
11182
22157
9482
7351
23283
1124
8150
31136
19864
15513
16902
16611
17297
30630
14651
25712
13985
6542
9594
24586
24594
12484
27776
3912
18089
7240
22357
9440
26841
23827
11812
10020
22327
5813
17994
5581
21294
829
13997
7416
17908
24153
9807
31086
9148
3006
26915
29224
3886
31946
24351
2835
20756
6504
18834
21776
30806
12341
2744
32575
13864
12769
907
3453
19074
15319
989
22571
5328
13856
164
14642
7404
2180
1173
2627
10313
10995
3828
22628
12145
5412
21674
28840
18353
20860
6040
10813
21778
14129
2091
4524
6284
4015
25904
22877
28279
11067
19946
13146
20802
10454
31330
30804
29799
30052
19967
16363
2974
17933
30806
20010
4690
4580
6211
31313
10065
20166
5433
29400
20679
30085
8918
688
15469
4422
8891
15308
20478
24104
22682
10976
7659
15143
9360
30825
4687
29503
14262
6893
27685
8660
30451
32388
22201
13905
20
17815
14172
23312
1310
1768
860
17274
29154
11474
12851
9583
4051
22995
8191
25064
7189
30279
29746
8410
982
19318
24715
25694
15073
20433
19525
22288
24688
2169
16270
22964
9794
9217
9018
5152
11758
12917
10425
3414
20599
7835
28230
3824
1056
19576
13154
22465
21634
278
12673
25017
8411
30597
27907
16137
5289
18208
4709
21128
3704
32529
13241
26453
26872
6936
31315
27582
23122
13704
8390
21345
23996
6802
18703
25745
23372
8389
783
29948
521
27350
5951
22922
2120
30365
27039
3464
17974
7521
2287
21765
24241
26965
15906
24188
27228
25698
12304
10164
22770
17447
28523
10725
31962
5951
32500
4380
29948
22466
11246
736
26836
1806
19155
14358
19140
14023
11335
28194
5295
8988
24138
29519
12995
16972
3505
21105
4246
28009
7127
25033
31861
1629
15504
14632
21753
16170
12382
21335
13530
26230
28392
24247
4360
23878
21927
293
31992
6666
12003
4896
2364
23770
9438
5678
28759
30975
30031
27259
1487
22453
30993
1988
7044
6191
21533
15731
20799
28892
25014
15884
654
13801
12515
31175
18128
10503
9506
3199
14220
30318
3931
17098
28935
801
21267
31338
277
28788
27618
25060
14383
30924
26407
23406
4294
2471
9722
1806
8407
16092
31586
14337
18880
8995
31432
22874
6738
22999
2732
1515
5927
5627
3991
22376
23861
636
17233
12490
21156
32693
3155
2034
23005
23096
27007
29327
15076
24268
17935
31297
14055
28594
18892
31743
31255
32557
31104
5814
24502
4929
15277
27954
15473
14010
5503
16194
8945
31600
13312
7703
22189
29130
5515
16366
24834
14721
26499
14063
31877
4006
27716
3924
19096
32231
32090
6349
1851
3854
32242
24355
12069
11466
20877
5660
19476
2738
11004
31904
23393
17031
18312
31513
727
1465
27249
288
1989
2093
11418
26197
15442
2110
29826
21134
22289
6146
10870
28981
26837
3022
32005
29675
25799
12796
18869
10353
28341
14315
32244
9673
25517
24648
1105
21656
20683
28300
4588
22223
19535
27590
26667
4746
25842
10395
24239
25657
7035
8331
18823
15357
6797
8822
4003
10837
8387
25182
1419
8185
20735
22638
24657
25862
23806
4411
21699
2908
15920
21323
14054
24644
28871
15828
11680
8535
25870
17605
20149
30875
6909
11786
14069
1006
7178
29708
29363
27560
18241
12664
19064
19580
9111
31298
18425
30879
11388
17897
1863
21548
19631
20220
10310
20680
31574
3037
29792
19586
12110
9413
3194
22524
7360
2824
13095
10192
28917
5531
1820
13613
107
18131
16869
20929
6952
8047
20182
13020
31566
8921
20035
14290
496
28841
22772
28577
13860
5995
6099
8659
14937
1186
1000
24230
11243
13837
25223
23147
8437
4136
20936
6188
14439
32246
31032
10129
28760
15870
13006
31236
13981
147
16417
4884
26522
15193
24535
6167
12120
22021
22369
788
216
5220
17638
31968
6055
24991
19836
8838
14259
24765
31646
14828
8029
26217
25051
6580
24527
16374
21963
18529
3984
27552
22343
5819
2901
9749
30681
14708
14619
28980
22130
9739
370
30740
859
14065
29468
29768
24686
23275
17622
30817
20870
21431
10614
17333
20788
18418
10806
863
15796
11321
31568
9351
29215
18319
32459
7140
32737
22270
27028
18046
7278
5249
16080
18361
5937
9506
5489
2191
27589
12896
23559
15389
17512
13011
3801
3425
173
9747
5173
23106
5233
18389
13060
8144
21263
32343
22433
31694
31448
2047
6892
26478
5309
11327
16282
3931
31823
29627
6607
27900
9194
11182
5358
1272
26924
14473
19376
28405
3500
31710
26227
2726
10217
20861
13269
1540
8321
26589
12162
6363
4004
30653
27466
6537
3783
7946
3703
20226
21149
25348
24413
9240
8515
7581
2866
8186
30907
23073
8224
18426
31131
25884
28057
20115
27142
4985
16107
13226
25820
1255
9236
14868
2350
25985
15575
22105
15861
29357
14863
31415
24067
18244
2372
25706
24633
13044
24188
20011
20475
8419
4179
11255
10721
20885
31310
21521
28847
27664
22893
14666
3720
10814
22271
6784
22110
9362
13754
19301
14765
238
21771
31361
1641
2245
32427
6267
16693
27261
12915
17556
28629
10775
25713
25204
26598
1297
24891
15657
30156
19851
19587
23405
28653
170
28140
26919
2589
7226
16412
23093
32088
30615
30227
10857
22455
9165
27323
24273
2205
5886
11968
11324
32049
9988
10401
26361
24850
5976
31496
8162
22342
15922
9559
4762
16243
1266
4739
18706
23377
18367
2597
6226
26719
22638
14286
23158
469
10405
15515
2550
24282
24384
32522
8747
16632
23795
11532
26895
9933
29745
9308
1605
5891
22605
13582
2905
6018
2016
29291
20808
9443
13930
1532
20291
15912
31036
14565
20144
22699
15253
10101
8306
20565
15883
21242
14186
10256
9516
1498
19517
11903
23398
15839
28248
23276
18980
4307
9778
30338
11834
16205
3281
26044
2947
27082
31888
9757
968
7167
16159
21538
5348
8814
23755
19829
550
24120
28928
17251
27895
2866
10252
20880
24765
11322
18981
27881
22015
4556
30638
16091
28873
11984
31414
16578
32338
12214
20930
11173
30172
1989
22476
4128
220
26800
11659
10913
20059
22635
18421
18392
13724
22844
18435
19816
27647
22549
32692
15075
21029
21793
18516
14069
7253
31389
3582
31967
23070
5609
13408
15911
8510
9951
14526
19598
24515
31075
13625
8259
6512
32059
10578
3670
5218
20514
11178
17263
14580
11799
26891
22208
10463
15355
5292
2360
20902
24667
11697
1274
32305
7819
15858
12557
11191
10228
30205
27989
9698
6062
19038
19138
11822
3154
30238
5063
12947
5129
1673
14606
22371
7913
21556
30314
22645
27522
3391
17421
1411
8627
13528
26619
24017
4035
15360
15294
3855
15788
6034
31323
23425
19130
30593
10886
11101
18773
865
30994
19829
3355
16425
6059
11029
7987
823
29639
29487
19677
5780
23002
181
1101
29306
22729
71
29625
12307
31138
6414
7857
6532
8074
7400
23983
31530
9207
965
31727
6691
799
13905
26496
29713
11440
27603
10140
11290
19649
8020
3381
18740
8456
24581
20944
10655
11854
219
6294
20402
27169
27516
1448
27611
11465
6750
24500
18402
32637
32301
28614
30573
6870
21102
4960
29129
10627
9571
13516
30951
9023
5934
7601
29093
21504
5176
22501
4431
25457
3796
4226
1126
28835
31776
12604
29344
5631
6188
9201
1071
27008
13663
29826
19526
19743
6934
17634
15578
9102
14221
18284
1958
15656
10499
13178
4209
4393
25113
26675
21651
5914
28028
12708
27574
21648
5315
25619
1498
29462
28315
16783
2716
29288
6177
24012
15799
19170
7567
29742
3275
5175
22043
25636
27229
1126
14108
18359
23071
23274
25199
22627
4722
3121
29721
5669
22314
16720
21293
25813
29073
32757
2545
5046
27054
3741
26940
844
25799
26887
31522
23917
19748
22760
2259
5019
10006
1760
14273
6033
14136
6061
513
540
24053
10655
3572
7212
19530
17995
10534
32299
30157
7300
27254
14733
25583
5767
16248
16553
20094
8310
26903
199
7534
13064
11135
25210
14296
30334
13626
9264
17475
4569
408
17159
15907
31306
14933
26082
1183
22250
23670
32445
18071
19627
9332
5693
28646
18062
1436
30091
31716
3607
12470
8803
20783
18431
28133
24936
2732
10536
19918
12987
20936
30678
30204
31947
11780
11547
3203
22895
28080
19091
1764
14642
3062
14418
24625
20717
14363
16155
31346
1436
25090
29394
12102
19050
28658
8500
21454
9486
408
6342
13254
19546
25680
23563
18421
5393
7328
5370
11208
8442
10501
23727
5690
1074
25075
11105
23030
21702
6935
1172
12480
22657
27103
13200
22033
17667
13628
11281
13569
17939
29351
25408
11626
15927
13410
13538
13387
30081
27904
10448
21354
10923
3111
11431
19518
14951
22677
5568
25099
20720
11105
32611
3919
23013
28803
22839
10845
8791
4247
14845
15688
24865
10206
19070
5378
6519
11910
23746
19397
3010
30251
899
21170
10411
8349
15841
16057
14966
29668
2904
23736
14482
12161
31726
20711
31086
18167
4273
17779
13966
9610
96
27753
5853
24391
13417
22742
13125
29508
4627
29485
18813
809
25597
3304
4386
9199
30663
22386
26378
11240
17423
16965
17109
8704
10911
1103
10948
12866
10980
21659
6607
19358
6307
5677
3057
19177
10983
31534
9415
22309
30526
25417
9305
21251
11556
31060
7736
1958
9664
21555
9929
27818
7118
7929
27360
12645
8157
3153
26000
27500
7354
6429
10306
3673
44
25180
26885
4300
23521
4689
19237
25264
4777
10466
5631
6336
26082
9022
19987
29001
30515
18114
25691
5681
4734
4894
28636
16440
21519
8115
9594
8062
32538
26688
528
11590
6244
19646
23232
19193
6464
18568
18312
21102
20157
9407
7190
31592
14622
10733
25310
14944
32650
5352
3689
31877
19461
21242
21744
25858
9119
18750
27177
28543
3819
11085
2913
7146
9907
9498
4555
1911
22762
23579
32536
5861
31202
2986
14407
5636
30144
16554
25279
28788
13868
30829
6043
26543
4173
9941
24901
27209
20212
26554
14150
28791
11543
24460
27740
463
21634
3898
17101
18510
13513
8018
6908
21663
18049
26217
28730
30618
3759
11965
6110
21772
30337
32537
30360
5046
19260
27385
8194
20120
31350
11759
5240
11119
24197
5701
4394
14972
12087
740
9839
903
27332
30836
2141
25636
19200
4549
19862
9013
6869
20334
4196
23984
32753
2740
9737
12450
3260
4013
24656
17524
11917
8869
3432
7533
19485
29888
10738
21881
10300
19425
31065
9001
23746
25035
30818
20986
457
16006
24068
4058
21785
4613
7801
13288
30180
20741
9365
25212
2228
6456
13655
12903
22433
8355
12734
14204
17095
13380
10973
5711
5367
2553
31794
1340
4269
27037
24628
24235
18754
29044
13099
10387
7267
31177
22596
13629
24514
23509
29925
16715
5899
8163
30270
13048
17946
22194
5409
24225
13163
8731
19475
29829
11986
12531
29603
31689
12396
12851
30970
32447
25557
854
25268
19559
29595
7683
6126
29494
10483
2284
7584
22807
13227
20470
15918
5296
11872
18330
20281
27622
13041
8075
2491
7075
4915
2201
10323
19670
2535
29141
16349
23228
30697
8438
1606
20063
426
10747
31646
13148
8415
2578
10607
10728
32379
27065
27726
23061
10459
18979
31663
11346
31297
8669
9214
27441
17284
11441
26347
12910
3846
29387
30213
20268
4069
19226
15242
30081
4470
23801
25981
28469
31471
25871
9978
10183
15203
16755
9159
14769
12788
2324
14891
24813
26180
12889
7939
30392
9516
3332
18
23190
21937
4956
8345
27798
6707
22155
9255
31959
4584
2629
31667
21579
20105
29610
10472
15035
21067
16238
19392
7692
10769
823
11860
16064
30688
28230
17139
1472
403
27994
18545
26456
6096
17873
2241
30595
26938
27665
26054
4969
5608
6438
10343
17446
5911
25516
17890
16077
20251
24560
3938
9644
21916
2898
32723
28370
21502
1774
7157
5071
1569
25979
6319
28347
13131
4210
15271
26746
13154
2163
10767
23613
21599
1254
6594
21580
13311
14046
6287
1028
25019
13122
24020
8987
23803
18478
23119
3628
17287
16791
31282
20591
17470
24878
19829
31431
10762
3463
2672
27651
4883
31867
7849
28253
10291
23755
16875
20039
26795
17157
16280
20072
24084
23980
27199
7393
19608
13459
28017
11732
13153
30602
29137
7975
12626
8252
18283
2437
8693
27480
2631
25254
1717
27887
30013
21713
4174
17438
22282
12191
23681
12780
23972
22017
15372
6005
11211
19844
5337
8009
27873
21204
13430
5647
23291
6015
9925
13934
27448
3324
25845
27693
5202
24812
28848
21144
25458
3743
12182
29222
21321
10714
6891
346
6492
18136
6028
11495
23967
9102
2600
11031
4166
30260
31660
7789
20952
1280
25087
2954
8581
27445
24816
26189
17849
12124
5997
31294
8945
3793
19701
12845
29902
8834
4943
790
7527
16628
12413
32328
32484
16775
25836
20166
4937
1274
25069
9710
13967
26417
1129
23384
22265
32310
10191
17409
32677
19071
9554
1193
29026
15471
21330
25465
15809
13086
6423
23785
6255
22621
27333
32737
21185
32245
16780
21790
13713
24624
25632
21976
11593
29083
4969
13730
31805
5129
28539
913
26430
25307
10440
26272
4203
29311
20884
31059
29771
10551
25514
2203
15641
5404
20046
14842
24671
25442
8306
23783
15047
23773
9005
27508
7725
3012
30824
32302
1528
28342
4571
14149
26027
23802
5176
26861
17847
11
31397
31491
8852
1620
3696
21492
16911
29496
1790
18651
29414
12373
26117
22761
27282
17418
25595
14346
13668
20790
207
27845
27859
17475
3286
1380
10261
20836
15880
10326
23276
10266
9580
977
5827
32765
6353
24764
25081
25273
25791
23755
6525
22359
23213
4076
4251
21182
3956
8418
25365
4473
24068
3375
11638
16058
598
10296
8099
3231
24738
5540
7603
8629
19665
17157
25344
32699
26165
9402
23422
18344
23416
14868
10060
32495
10962
7351
31881
14849
12927
8003
23401
20499
9585
16180
18568
31778
14402
28167
382
3893
6764
30111
24499
6115
4028
31718
23925
8980
15876
27063
28999
31244
785
14588
13180
421
26332
28179
517
7899
32260
16503
5768
17550
20604
13980
17074
3716
6273
14618
18125
3502
28112
24846
30357
10668
12565
1469
8263
15250
19366
19835
27132
17901
6001
17868
6453
28161
820
18120
30903
6741
18156
9668
20633
23154
15503
31534
9371
31719
12541
32697
11449
28816
16692
17594
15360
27160
6084
19410
2465
20157
7812
16846
4164
27475
30850
24779
30622
1676
22592
15774
15430
14710
1565
1139
2500
12613
11025
26803
31467
15955
13213
19500
13418
21605
24322
24940
3485
24624
20146
19821
15273
5660
10756
3192
12999
7751
10795
7747
12768
16845
8809
15709
11355
32071
22656
9675
1587
7313
16746
12020
22092
17361
30281
15546
8967
2484
30113
19434
19732
1787
1221
7638
7303
32567
17807
18240
9262
1744
21588
9850
28450
19020
535
1228
11421
23246
32509
26390
19979
9181
2305
20918
19300
28263
29417
940
440
5382
6009
27900
24588
19841
3302
25684
22116
11158
11406
24559
15137
16631
17125
13753
6797
32402
31667
9908
9397
15125
24189
14746
11639
690
28480
10436
29403
5152
18278
26442
7591
12002
15090
364
12333
5835
24062
23601
22376
28866
32359
6221
21063
23747
26055
7240
25417
28966
30627
2525
74
31524
32742
8865
13469
10391
17806
24549
26970
32513
13734
16860
2041
17360
14964
6657
11040
14816
4851
21683
20922
22594
16004
1570
18505
24124
20704
15983
15485
26768
16977
26895
12037
27649
4130
15217
14245
14612
16723
30432
20361
27924
9106
426
5593
29784
21607
7042
17037
457
27311
12579
15235
8094
21579
4918
32718
15722
15385
5238
23890
24409
3107
21266
9358
21174
24599
12626
20152
2993
31736
16766
18959
4192
6930
10492
24685
5379
11059
16056
27675
11660
18456
26825
20202
14431
2854
32081
24447
26198
859
10916
16623
1032
27011
10925
22668
26699
25775
17806
22014
11255
29411
26503
405
3821
18959
19993
17629
11864
17728
4203
8563
28723
12824
1772
2584
18444
4732
22074
20996
14599
9868
8515
9852
14629
21208
9898
18087
22982
14032
19820
28062
22893
1917
25795
8898
708
623
6986
25682
31968
3319
29026
24637
28869
21398
10965
12084
10285
32180
954
17924
2437
18837
11417
4387
5433
9354
20943
28296
18481
4964
12851
31168
1948
32558
2297
24127
31212
14876
20183
9204
28961
20670
5735
10784
19019
31609
1997
17511
26186
17464
16281
11816
8153
13407
5359
18442
25291
7937
2789
21463
18579
23378
28972
8846
24074
863
30707
26803
30317
2812
15112
11498
12197
17150
2112
1220
3020
7339
25882
5081
17388
16751
6047
279
14346
21201
13964
22105
8291
26276
1203
32315
25589
4994
7071
21549
14401
8566
10615
31431
28240
13049
17956
27741
4340
31264
9142
31186
14416
19987
7684
11185
13978
13505
28051
14713
544
13522
442
2873
137
989
17923
31069
5982
25820
22227
16072
9673
19165
26958
20771
19356
5114
27253
4980
8596
28810
6545
5874
18144
19097
8661
24088
26589
16790
30527
22008
8740
3660
31423
31186
27078
25364
10651
21733
21462
7240
23570
22149
27176
21754
22336
11374
27737
13286
13889
5976
8719
1190
28313
28107
8834
28965
29651
16693
13628
28502
15977
22842
12317
14118
14820
31051
30369
21679
24132
9338
32358
10926
30882
21388
31976
31031
26388
20816
8847
15527
19409
12592
1773
30939
31638
5126
10816
17567
11080
12081
12351
10601
8410
18919
14355
11080
27505
9420
30115
3351
26310
32708
28692
9462
3532
12806
2448
21755
24724
2163
13383
31780
24941
24101
30900
29584
27983
9034
12578
27631
29562
17971
7790
16184
20570
12968
14862
2714
20398
23423
26962
9396
6633
621
30186
17416
4312
12827
28585
27053
24454
7804
23433
25669
16733
24415
21486
32559
17549
14656
32303
12798
2994
26724
31058
25641
21169
8741
10775
6403
15074
16522
2105
6126
8821
19482
20720
25804
2830
22514
17082
7351
21427
25622
18011
2802
18920
14853
10530
2591
22040
30608
19567
1458
18231
15339
28274
12197
422
11013
28725
15982
5463
15125
15581
18222
32561
117
13869
2091
6582
27572
19019
14208
227
11751
5831
10771
27991
14143
15577
26312
19128
993
19178
31220
3411
10993
24406
7445
2818
25584
26737
1728
23379
30281
9672
30426
742
18214
20137
21259
28183
31112
485
26480
32477
21655
25300
8080
12786
25655
1946
19346
7989
2011
7337
17837
22860
25502
24967
3039
28813
26512
25298
8674
7455
24909
5505
20316
21596
19413
14188
3670
19834
20887
6415
15855
14699
13519
13450
27985
12801
4626
13805
21221
9302
12583
22707
17347
14955
22553
16012
16237
2063
21642
9056
25532
32515
12106
4752
23834
28251
15913
383
9970
4391
2057
29521
12389
28755
12087
2546
14655
7116
22011
10330
31529
32484
12653
2576
29472
21496
16011
29677
24357
31568
19849
25123
17462
14662
22376
22398
4222
8107
20938
12777
11721
9830
29957
10291
6202
14174
10358
21779
19776
12699
2328
29546
9926
10152
15956
12233
30378
23867
4379
13107
30321
18455
31027
19236
24377
6194
5326
21201
15854
2835
15969
16818
22465
3711
13491
830
13014
30292
2357
31734
5949
18869
18577
24484
7204
27495
4485
15589
5451
8571
3570
25061
29880
16430
560
32362
29867
31757
26277
10004
7636
10077
16278
7651
32196
24249
10044
1017
8610
26877
15899
22689
10527
20067
30095
27025
1451
27372
26792
6252
14826
2
14135
6539
11617
2395
5929
4093
26742
22816
4116
10956
19607
16207
5392
10114
7353
16478
28872
24044
27140
7969
14289
14622
14540
15853
13626
16823
29124
6910
1380
7527
29550
27670
21267
10158
22486
7527
27334
2022
17024
14259
6212
26755
19103
29106
632
13210
21895
28852
31102
30880
30053
31879
27390
24437
8238
10907
28857
19616
21205
17508
11617
6877
29889
27904
27566
3541
3966
18970
13230
25132
11955
13326
19037
7872
31828
12621
20341
2864
27928
16644
28039
28572
4398
14584
20555
428
23852
15028
21813
8916
32584
999
10824
21462
5322
7688
20271
392
21441
12603
11402
3799
31989
32376
13702
16396
10782
17642
18352
27470
19539
5781
15627
4712
28357
24636
25695
18893
4525
10370
21461
4313
12675
19023
18881
32602
20081
11893
4031
27727
2055
18580
5121
29168
8496
23355
11495
29422
101
18255
15056
1275
32
27313
7217
25741
9108
21019
10212
21983
923
16971
8642
5945
2032
23652
23923
18546
16542
24977
901
27571
29624
23019
11452
25469
13131
8861
18345
4590
3985
10053
31870
32064
14695
19102
801
7570
10497
16989
8063
14315
7389
27224
14371
27260
1269
21229
15111
20005
11833
3746
17578
20795
16956
777
15714
12169
28462
16615
24820
11156
19466
10132
25698
27940
19728
22437
11780
10495
23670
14537
21466
30200
27483
5873
21537
29480
3836
6836
15396
9084
32298
8433
12629
8816
764
13750
4252
5657
13505
13920
6127
617
3640
24324
20003
25007
13316
18190
7426
9821
32602
4392
20893
2574
8445
21086
30436
19911
28780
29823
15987
20349
15193
6086
27567
6360
10590
14265
29970
19255
2028
5970
20419
3316
4740
14429
6506
23529
2857
25121
5186
26931
14101
31554
10608
25141
5035
15078
26003
19168
22445
29975
9116
19762
5295
1641
23008
8701
3275
8924
15723
30442
4247
3075
12183
30141
31060
29286
10718
20699
4968
1574
7149
30985
3343
31455
28665
24694
15693
722
10582
28412
22311
1348
20806
2979
23826
5153
9743
24423
26796
25829
16464
13627
6826
20668
8852
6989
18193
8168
26408
10636
12714
9316
42
4456
28335
26567
15843
23256
15307
28778
3927
29346
25922
25037
12569
28119
2923
31799
15972
9884
23655
16285
22632
5680
5645
13765
22498
4139
25636
10156
15599
17156
28373
16932
20770
8662
11615
28097
12244
7012
20749
24054
10427
16986
23654
7036
12479
19158
15011
3571
21768
294
27494
18636
25692
7636
5800
8038
17064
6879
7411
17527
6876
28236
30674
30894
25340
19933
32391
3223
26228
24609
25339
14782
19117
32429
31483
5911
16861
28072
10656
11421
24611
11405
32015
27194
18131
17452
21603
1511
6671
13810
8680
1300
29847
28779
7562
30026
19937
27909
31629
6159
1645
23319
31614
1546
3667
31777
25449
3431
23070
5462
15180
20349
6620
6743
23756
25006
26230
30018
11047
30095
22846
4075
1898
19529
16839
617
21732
31040
28153
2773
8666
14322
14436
12878
18556
22817
20693
17216
7192
2868
29479
29926
30350
475
92
28686
14852
16626
11757
4381
6874
3752
16221
2898
17888
20704
32276
20815
14023
22999
25451
26325
21206
26631
10500
32719
7134
23884
13148
4242
3952
28998
2723
13155
1613
25342
21963
1849
10270
28108
3039
27589
18278
1400
20374
16048
14772
7583
10536
32292
29
88
4704
29837
21481
30744
2290
20897
27533
20691
6928
21662
3034
29796
8760
27602
14707
9775
8272
28001
7812
8709
29428
19779
30897
8776
20751
29836
9037
4431
18088
7664
4557
27147
8959
23430
20092
3051
3289
10700
20848
1534
12568
13292
17340
7512
16270
11581
743
4790
10771
25613
30877
27493
22997
29086
6821
16735
20208
11118
10003
24248
24127
14779
28863
10296
369
30535
20469
6986
27999
32345
2926
25364
25244
1796
19839
18664
27726
31403
31121
987
317
24773
30161
11187
15146
2270
15657
21255
6242
5598
19822
3233
31635
20110
17883
24615
24029
22360
18878
29179
26412
14671
31601
25183
24774
23151
9100
10205
13856
19237
22617
26854
30710
3346
14728
6329
5530
14092
5156
23430
16525
6757
710
30163
11852
19824
24073
19232
11372
16194
4413
12230
15081
14518
10080
4645
8380
28340
9290
16126
11947
2482
32295
17694
9317
18042
19242
15421
27598
5166
30592
29477
7832
21386
6019
18711
2579
7018
10801
13930
9542
9868
24540
18549
11582
20118
14626
5295
23462
14427
4640
26389
27544
5466
28131
12236
24755
7815
5663
29704
17518
11343
25380
17964
19883
4054
16397
2355
9872
4483
16187
846
17554
14526
21250
974
1746
16632
32417
8261
3757
24556
4984
19688
1678
16677
20085
21560
19207
23233
27088
29154
10785
32628
30456
5347
11504
20944
5325
3311
8042
31939
22031
10004
19065
21857
27670
32155
5198
18915
27076
32559
31481
16880
12985
28993
7478
21532
27333
29098
17802
29871
31139
15250
11151
423
30436
13201
24460
20480
4649
32533
5193
7730
19349
11012
15138
4092
4226
9634
9817
5984
4211
4020
9649
28399
24138
10470
20792
2374
12732
23402
30308
6617
23809
10978
23393
6895
19152
2688
19626
29934
6282
24171
10455
10969
8374
11365
24245
12311
2477
16300
4508
19318
11414
17437
22525
11119
26773
7327
18491
4012
13888
30911
18364
11207
3923
28056
20543
10069
32420
5622
8048
24355
27737
32187
1209
19391
31320
23681
16732
12602
1279
25472
11967
31789
7190
8882
7942
28666
2049
18742
11239
2644
12090
17651
26554
16386
28671
1405
9424
30431
16968
26172
18182
24870
13820
971
21402
7660
8548
158
13117
17134
5088
31976
23145
13197
24793
17851
19444
26903
22262
32625
10726
4168
30611
20300
18568
8209
17007
18521
30653
19863
27044
8090
30357
383
477
27491
17696
12905
707
29189
18560
18618
11192
19370
30018
28575
8392
23424
29679
30543
21468
25626
29661
11408
3633
15123
8267
18812
11785
24564
27565
25477
27809
31319
9541
31415
16482
845
3315
3645
12123
7678
22862
23079
9711
25487
25587
8810
9675
9801
28702
12072
24860
28663
16247
24114
5630
16271
26926
28108
15927
18965
10057
25776
26405
17085
3645
15189
17909
28240
25276
10864
23574
1488
463
17084
16365
11359
3876
12790
24011
31837
23977
22828
17692
28625
18010
6200
21985
10250
24918
29320
25184
22662
21817
28960
6425
22802
12454
26081
19197
9011
547
29707
25051
16069
8746
513
6939
25058
25468
30796
23214
18437
7609
29155
10821
1135
17966
16809
14529
21450
2798
28984
28139
12557
9252
7389
26214
12703
20391
20707
27618
27839
10959
19477
15761
29219
24200
19326
15583
5087
20900
17267
21086
1929
21878
10708
7935
8859
156
13710
19848
13848
11292
14180
6210
19827
18099
28656
22258
21676
29289
1764
10507
27068
8297
1942
4130
23859
7952
1724
3746
9760
20036
21875
7873
19761
28167
25991
5555
4891
15179
17134
18205
22076
20232
18069
31948
31615
29581
26208
5799
24193
25620
18028
26338
3314
10904
28567
7797
20797
4075
20290
24013
20587
20995
25685
15809
16196
5268
15748
25799
29368
16357
11473
31848
20350
16860
21586
6897
23803
25946
28725
30060
32613
13263
513
28110
7464
5381
16670
20850
13193
8512
29848
23494
7817
22921
6688
20805
6156
14919
32340
18085
12858
23567
10816
26705
20774
5821
18980
22041
26541
23236
29047
26408
31650
13506
24621
27191
13608
12120
11574
13825
32094
1848
31303
7671
28738
25983
5340
7988
9679
5190
10366
22963
5737
24947
26177
10688
7803
9173
17810
30124
25951
5745
16943
965
11134
32278
15223
27781
17336
19768
22756
32010
15366
14843
6102
7622
31069
31373
26258
4472
19158
7097
28810
8283
14349
9657
32735
925
3782
844
6180
9490
29655
24329
11877
1834
31554
27379
8807
26913
2977
17997
23858
31605
4295
30128
14541
14493
16804
8538
5449
13816
32105
3529
16128
260
1005
649
2591
23760
3407
4938
18274
29620
1246
32565
30239
20799
27445
6784
22406
14449
9130
30272
18215
10794
12522
14975
31925
12259
9437
26255
6921
16028
18384
27549
12393
17941
15058
21897
3083
16449
6494
30198
3285
21752
24123
17821
19815
26092
4001
28646
20827
5854
30365
15545
6091
9746
26038
19601
14100
10496
21201
23251
26074
332
18514
31327
5453
7672
29060
100
170
23769
17979
4472
22020
8263
6584
1256
23620
27929
4300
4684
14959
9425
17217
32095
17447
12307
3189
13326
28533
11612
20296
4815
22469
30704
12600
17204
29234
6932
4299
26816
22276
1406
15150
4089
17527
4362
9499
5054
16063
12974
11007
27867
29000
26288
7261
8155
13634
11542
5741
15646
24925
10847
29194
10027
18129
16496
18635
4934
32674
13265
21871
30790
29218
12569
13182
24481
11703
18087
16941
19657
1246
9875
11906
11963
2160
17636
26810
4052
18469
9732
2280
30695
31830
29041
26334
13454
32007
7348
26960
31677
10788
17047
20535
7325
10507
31379
32372
12951
6987
17544
1718
3758
12971
23729
32669
19219
18031
3030
25376
15603
19926
18371
32044
14484
25575
14330
11661
23456
14445
29349
274
20929
4673
1486
26092
18285
18119
8402
32600
32516
19131
29203
23678
15384
16430
3310
5784
30987
9675
27629
6742
6880
2911
25405
8321
5963
28569
5986
6624
16650
11022
19497
4696
11896
3199
8158
20310
28256
2655
1728
11634
32527
11664
6834
332
15277
6510
4915
32698
13261
21774
31120
28966
8514
14791
27992
13361
28724
10994
3345
21404
3444
31471
22313
13161
28429
8553
5936
6461
2844
9946
13124
5129
12513
26961
28108
1769
30741
7795
28521
23373
14974
14015
11561
7766
19394
1559
32510
3459
25465
21884
31343
22156
28037
16922
25998
3726
13478
3460
22058
9321
6985
17216
20805
21094
22177
22406
32456
21278
24569
9029
17782
23959
4169
24935
25375
11439
6663
4438
21782
5566
21823
25279
9445
29303
4582
3734
27966
25103
25708
16730
11061
9634
8336
31386
12205
7122
30328
1464
17680
8113
26113
28653
23876
20193
31828
8077
23514
31481
4026
28812
20616
18987
28081
31298
13785
19236
12095
25195
2083
52
10118
24946
18618
9647
8345
23535
16739
14227
23182
13678
7179
31338
212
16498
8889
2930
2503
28601
15298
15356
13442
11458
30268
15378
6388
30605
15028
22620
32311
13218
29732
20293
27420
18004
17695
345
9483
27207
7503
241
4362
23600
17185
17683
11035
17628
9663
916
1995
1140
2879
30335
5128
17151
28441
4283
1843
27176
9439
26087
15222
27713
4904
18825
24664
31881
6862
26984
15246
7338
32345
26422
27668
9094
23994
13682
25469
8499
6717
15245
2440
17476
14009
1356
15859
9291
2057
365
11412
5532
18880
5005
10149
27219
27417
32073
31840
17560
10285
25252
30156
24097
17257
28072
470
26873
29502
21841
11427
28032
22554
19366
26149
18868
3736
5929
17900
13742
12788
23409
16703
29039
25281
21782
1900
32733
9694
3277
30812
4873
12198
17876
26986
3507
28519
11153
11381
15888
28437
630
3380
13771
23360
24615
14538
25417
18244
11999
17307
20529
448
16
16733
10540
3401
29257
9074
29417
4447
11869
20853
4197
22431
16322
12307
32361
10555
19511
2588
26708
8360
28329
4057
31258
17302
14680
24737
5005
31013
9014
21159
16603
12374
25743
27926
7256
19135
1775
18528
32126
8068
11329
18642
6450
10882
20788
26477
30537
15309
3811
31985
24907
15197
8116
17210
11895
21764
11136
207
4359
8355
7925
4793
18613
6814
4665
18577
24189
141
720
18141
19877
26165
25792
25501
15867
5814
20211
12576
13150
5637
18140
11036
22143
22173
28510
14846
15081
30578
7913
127
17983
7719
8422
10104
7365
16768
9813
7159
14114
30746
10676
29586
1381
8026
18979
27387
17221
28323
25031
13013
25005
19148
23404
32454
10616
28113
2926
2766
31609
14024
4057
2775
20926
13847
31695
14477
26133
18917
21034
29551
8656
24270
4963
10022
15046
10459
25267
27670
8602
26801
1655
5684
9536
4360
18393
9751
28604
24671
30125
20561
16429
17134
3737
3839
1547
4317
22137
29087
16813
31923
23297
7970
19982
17937
11172
15938
30672
1184
18613
14358
1409
8008
3533
2276
5406
17315
7020
4918
29397
29105
995
10544
19727
28621
16241
16416
27054
15071
11180
599
16531
18132
6690
13112
8036
9035
12865
6542
14988
22673
10868
25635
20355
4304
7311
15502
15439
24963
31085
31820
12363
18733
24535
14354
23079
13643
23208
5474
14128
9351
18991
7773
26577
14638
31957
2008
11610
20452
15104
7601
29953
28311
18999
18787
5159
8113
11142
26329
6620
3474
6436
23424
22948
29245
1875
9120
4987
12113
11400
18924
23832
8764
21708
32088
12399
2219
1122
14634
17273
2372
11690
13140
3383
13464
32325
1281
7157
4691
1914
16750
8396
3766
17880
28411
21610
23624
19485
5762
6422
7624
5463
23783
32238
27749
16969
23280
1907
3634
17936
10071
24904
28884
17927
18206
23863
15485
12519
30755
25461
4895
20787
2548
14375
20441
24275
14564
14884
23222
21502
16223
32509
25750
2398
4474
28731
8044
23919
30414
19943
18090
27433
30343
14928
3066
5086
18872
13064
15407
24677
18418
6960
12411
32120
532
15093
24546
22363
32612
22619
9454
6334
20703
19770
2981
4325
28366
16005
15288
17670
5274
22738
21245
12531
3809
13847
17439
31480
12233
20658
3477
7943
23957
10157
23760
21778
28534
30783
29113
14009
19619
12438
22106
26661
427
32723
16091
18484
16394
10071
9649
27606
31739
28989
30738
26807
7310
28711
26284
13086
29178
27710
11926
4885
26164
8564
28295
29898
7105
13069
23622
6197
28360
30813
28257
25595
3179
1747
20002
24466
5207
7478
9663
6310
30874
21551
7889
30652
4022
14344
9479
18454
3315
12211
16668
30422
21241
21774
8198
19814
21661
8805
6769
11030
30716
6456
20587
519
12230
17983
11617
6985
16093
18092
26698
26176
23071
12976
21538
22348
7295
4416
5274
6568
347
14617
2830
6291
22794
17154
4023
9134
27572
29009
19234
12966
15974
12464
17376
3090
11877
5665
29824
21407
22211
32320
32186
17258
29745
12744
18669
5293
15124
13145
11980
23454
21467
6777
30291
23188
29071
8152
16385
4204
13995
16088
12609
1579
23599
4172
29737
8164
20208
17024
24422
29917
14130
21115
23159
29421
7800
27264
21018
20776
10139
2523
20740
5567
3354
23002
4309
13089
22961
21529
5963
102
3885
7682
13238
4334
12158
15765
28844
12101
23566
2917
19965
32586
32593
1507
22249
2961
13470
27103
26769
16901
25149
13388
15532
9170
14785
28996
3195
11394
4759
31820
24575
13413
21216
5592
23913
21047
23164
29202
11474
32765
9319
9431
17452
1840
4681
3842
12153
30749
5704
12526
10555
12428
12065
1590
5931
13728
27255
20159
16173
25854
24939
26873
18564
16689
25452
8545
23874
23886
17232
6987
3
11219
31396
14046
27099
13525
5953
6240
1165
30555
10016
13492
21758
31237
5744
1824
27113
20209
13285
21588
8915
3806
20306
7848
25410
3986
9850
12198
1578
22906
5156
23240
9640
8337
13677
23938
2802
17538
31074
131
23183
7185
20174
24121
20675
4023
25681
29331
8782
18316
11954
22538
21846
28779
10614
21986
9889
23632
1458
9133
20231
516
15133
1554
15655
8189
12137
10444
5978
1663
26580
23029
6629
19720
30970
2693
9587
30443
10477
14358
4546
19259
30599
9194
6300
25578
255
31534
27913
14386
28347
21632
21187
9780
27237
9904
18922
16352
18241
7363
8953
24340
21950
27454
3833
17672
5451
2721
32756
18665
14443
31537
28077
22980
12044
30202
21134
22438
11029
12053
29922
2050
21310
3367
20548
10578
6180
31274
13143
27137
24477
12656
26040
18057
31304
12004
27185
4825
5993
9108
12592
13049
10996
4972
20343
18160
31208
68
3348
19942
16606
17950
24724
1158
10466
3240
10868
678
32385
29193
17624
23594
24355
21209
15231
18725
20636
21361
16375
6466
30461
3686
11789
30307
23728
3152
13448
14983
196
26832
30231
23793
8069
18641
13959
14983
26960
1549
26681
15736
7077
13267
11732
10273
12414
24840
9271
1842
6111
15213
2226
3852
12207
30751
3957
26734
28102
9572
32328
12369
28743
18852
24445
12048
26672
29622
24867
2764
4655
8286
13437
30991
12728
6419
435
13231
16980
12293
17350
13558
21308
32094
8393
32511
16678
456
4687
29283
16991
21040
29216
30742
31002
12490
16176
651
8
14166
11985
10783
9512
30369
24103
26804
18145
12110
14300
14492
1870
2006
25110
6842
18905
25550
18598
18403
12043
16489
6019
4490
674
14909
14710
13725
20452
8266
12054
10666
4148
14392
20983
8518
10211
6112
22559
21423
9544
14350
11193
17584
30227
9349
27406
5317
1758
27972
9392
7296
261
15624
9208
22315
6840
14610
25011
24751
11598
3626
27929
2741
1500
20196
24831
19722
9223
1826
14669
5448
23318
10458
7345
14771
2380
13850
28309
4961
22900
19529
15695
926
17085
29871
24728
26766
15048
24120
23616
17684
19968
25716
23328
8179
4650
2019
22095
24115
10044
15216
15513
7367
14963
11067
11820
19820
16288
24731
8341
6868
21699
26468
32491
22532
986
22629
6730
32507
22267
27957
32387
660
29345
304
32530
30637
10820
9148
4177
22921
17196
8145
16619
28019
22918
7352
26514
2468
7096
15378
22773
17255
20466
22813
14828
18555
22533
19763
16886
26553
10105
23955
486
3318
24537
13924
729
13355
1874
5879
20843
6100
3453
4941
18731
7829
4728
3801
13388
19491
9275
21638
5021
14690
26153
28668
8891
22475
22246
11295
27780
1041
10345
23257
976
11268
24146
18970
13404
2997
9853
2589
16391
17883
8151
26860
31809
23413
880
18214
25536
18097
25554
10752
28788
15629
30354
11914
20926
23740
7204
16948
21213
18763
6643
17552
1449
31620
15025
30297
1411
18579
18668
22965
26252
25703
6115
26551
9493
25435
3735
16168
10583
32534
26917
12423
13156
8879
9298
19278
17246
533
18280
20599
20967
16559
65
11839
27864
27455
17825
26922
3126
18700
29641
5703
13154
18496
5960
19125
12943
2447
23061
9318
7289
20249
18139
20515
17493
21138
22164
12496
22531
18080
31833
3058
27275
1924
9080
24430
711
16125
21448
17555
605
32617
28729
1115
30961
6702
17327
16622
14232
13656
20497
22632
14479
25732
5020
25820
12077
18684
14462
32153
21526
32035
25248
7596
16818
20244
4035
21414
29917
3718
15822
7839
17888
29171
19302
7290
28064
22265
18112
28011
27414
25088
7859
28855
23807
16669
27154
16059
9173
5686
14648
1072
24573
19559
9700
8877
8258
23717
5448
14957
21634
17825
24668
339
22695
15087
22136
2859
11225
20328
20002
26419
10227
7885
14373
14042
19763
15021
26851
8647
30261
24200
3051
19229
2082
12084
30158
11262
29477
2432
18479
30542
5918
9240
7194
27321
24731
2216
9879
12535
12804
10308
2942
14670
27925
3848
21132
10329
12433
31483
12983
17929
7733
23097
10175
3305
15595
29778
1542
16038
19265
17133
161
8654
5657
15793
21935
19672
10146
7525
5353
8805
25223
23125
13435
25285
23910
27128
26643
30397
4739
32721
28215
22407
14270
21907
18395
14363
21186
16008
3635
21421
23936
2611
23238
1399
3804
31285
30148
3512
7077
20333
16025
10237
971
12899
706
22175
16332
31463
14047
1933
25200
6901
17930
30283
694
12508
27496
28475
526
1183
18941
22556
712
29852
14021
8656
8909
5483
26880
1890
20109
2313
1229
15943
16440
20790
13306
31716
32561
8475
16667
29777
29632
29232
26841
13917
25351
24669
21901
2258
26423
4448
30990
11514
14339
11118
14534
10849
22357
7965
8204
2013
30272
18561
3246
5580
9783
11157
2508
11677
10876
20445
19693
2706
32218
32586
2380
8131
24727
27742
3443
3943
677
912
24331
10063
7704
27634
18675
1715
5597
31505
3983
20785
27816
8221
16227
4883
10286
2634
18912
15057
29845
3701
25725
19414
7208
4107
24074
11911
10064
28967
24129
16770
14527
19962
17311
4131
31215
1904
4978
21069
11211
24848
12338
6503
12204
13861
18964
20132
7302
2587
15837
26248
13412
30763
22004
28072
19985
17979
8636
21169
1816
7935
22304
4523
20975
14181
29296
9343
13424
25392
2155
23735
19080
23778
32413
2694
24883
17632
7659
5384
15784
7121
13164
26570
25808
15431
13178
22925
30461
6049
4873
28743
29657
14896
19256
9835
31389
23192
15142
5482
23171
30841
23559
10618
1917
20047
31607
17046
18215
6807
28685
26310
10746
1076
31796
27040
9411
7696
21302
11535
24148
19974
29850
24403
1402
6912
20912
23113
17199
9820
29034
2029
7440
21653
1645
28701
23569
26911
11112
21408
19311
6546
14757
30822
25574
23563
28126
2833
14117
29903
20305
14773
12159
1842
3350
27612
30691
11704
17841
15310
8206
23929
27876
5391
20735
6346
17351
7208
9643
13593
5914
17322
31731
14361
14297
12913
20947
4128
25105
24358
732
11213
1523
1287
31204
13549
10022
21995
11004
29343
18018
3456
27042
5815
2363
18904
28472
31329
5178
19748
9653
3591
19250
3263
2715
116
27601
12654
15913
24889
13942
27878
4817
16975
6466
18574
12524
7423
4466
20871
8877
32255
14060
17898
23635
15582
9751
10064
5283
17057
15344
22168
406
9135
22619
7396
19791
4330
6838
17893
22351
25631
19636
12121
5612
19360
28521
29137
11263
22831
7841
1720
1758
30750
15990
3985
6282
3765
10018
8832
553
20180
17169
16396
17078
31193
21307
22051
15863
7108
19888
29790
12207
410
2676
5511
24342
28423
12942
8793
9862
22342
9564
4486
9079
7494
18473
18687
8877
7941
29697
9327
7344
4160
30148
17672
22141
26703
21626
3715
31355
26443
20966
30050
15792
30321
22878
633
25909
26571
20698
12204
16359
22797
74
506
26720
15805
813
1211
25382
21654
30815
2597
27937
3119
25650
21781
3667
6872
30913
4109
17603
19908
14465
13688
23482
21358
10009
19766
17202
1333
31860
9044
31628
29769
3604
23579
27009
15819
25257
2381
9819
27184
9186
9387
8293
23527
25219
5050
8096
4411
24760
6343
695
15738
22184
21801
18485
32087
25934
16582
14326
10893
11140
15065
16603
4805
12641
6130
24258
5562
7621
20798
7350
28315
27186
14600
1890
11441
2270
22656
9164
8001
12550
23227
15936
14516
17796
10492
9609
11509
2468
7218
9832
20251
6196
26561
23358
29256
20698
8581
9228
20944
12203
2836
23197
17566
17144
68
5890
16340
13163
12014
6207
27826
4691
31729
9540
21945
25149
14713
31263
28432
3524
4737
5487
32294
16554
20374
31260
9369
22311
22750
14661
4695
22400
6490
22650
8963
10716
10088
26668
27290
596
22156
24161
30038
12617
5743
2476
16082
19962
17192
12381
9328
28501
19131
12277
22264
26382
19423
12509
3969
13039
4613
16983
2965
6255
4757
29364
5264
7813
20347
14280
5705
22974
17122
15259
2292
16014
14399
24929
12871
28131
13970
5804
476
12288
24553
17633
3287
4489
27173
30440
27848
22234
5376
1832
1491
14749
16719
27059
30734
9372
3461
26301
16426
25043
7033
22867
19286
28362
25449
17994
608
27426
14398
24437
4125
21869
24849
18203
26380
2627
27631
10151
18998
14738
7641
29602
23896
17973
9231
25055
68
17352
27279
31221
31109
1723
15320
17650
13378
31398
3571
30286
5477
13020
8372
8478
11259
26947
20798
19850
16606
24419
18117
641
2450
21948
23704
6060
622
3421
27998
25504
13308
1970
25503
6743
26530
30878
13191
28641
3969
7881
8679
21335
26013
30268
31869
22033
1598
31019
10101
4888
2455
25361
9263
10974
24742
10755
30019
10029
31067
8765
963
23390
28156
2
27072
5323
17352
11171
17935
12167
31963
7133
32076
25420
337
10855
3104
23732
9134
5836
20160
30380
17534
11127
25014
10278
22840
14604
32740
31247
23144
23551
454
6529
23821
16479
25079
23097
23360
22514
27383
15691
28695
13959
29227
20500
2761
2184
17445
30577
23827
22479
9766
31534
2266
4794
4321
26050
20753
2434
2178
3129
20957
21960
13807
21105
1015
24689
9550
32649
3923
31156
19911
13975
12543
14193
18059
26521
14413
3525
19733
19631
24372
21979
176
18311
500
14085
30521
13080
31225
9739
3878
32147
8194
28355
8903
7830
14722
31713
204
15779
21830
20753
19976
7378
23385
27459
13428
7106
21541
31558
887
26325
10970
11929
9572
9885
28436
31358
3653
17297
22968
7503
2007
4613
6430
18965
32469
31321
10358
12887
13689
29040
13924
25136
32577
21859
24302
8868
27119
631
15512
22068
30675
13389
5325
944
20300
1881
9089
845
909
11925
18965
504
23197
12663
9595
20201
13473
17952
20378
10106
30814
7126
20468
30010
10490
10676
32646
12861
2306
21920
25583
26551
28338
1918
17877
31433
11632
31907
1669
15259
14489
28557
30937
27307
25472
26577
16735
10341
25268
18004
439
755
29314
25022
21309
5718
18107
18220
21737
29366
10168
29478
20595
15606
24730
5840
15034
15756
25302
15716
4966
20880
17138
26079
26572
29202
29321
25851
32019
17841
23445
9054
26005
28777
16622
3089
1416
5549
2061
16179
19166
16566
20502
23791
7273
10010
31254
31915
17475
31136
1672
9346
22893
14163
27679
21749
27830
14037
19391
31965
31967
23030
9676
27044
30204
8069
29864
1973
16413
1895
20599
1841
8494
31973
38
14564
30236
15178
7083
14199
1850
24750
9102
12519
31714
8973
12712
25654
12639
23452
10027
10080
30986
23644
31714
2448
436
17391
4794
26004
28740
17323
14210
30862
27553
3053
10735
20717
8147
21167
23011
10652
31845
10333
14574
1401
12813
3813
17686
7945
13199
1806
12499
106
15838
2058
19550
22409
11140
5454
5163
23189
5957
26273
2228
20659
4607
22131
13177
4851
28629
2673
32069
6530
28812
2646
14770
26914
18229
14596
3055
29912
17677
25555
2241
18404
11169
23593
14792
3062
27190
20299
26116
16287
19047
20594
17304
12550
20496
18722
30413
4316
20587
17335
601
12690
1145
17473
3298
18121
6820
9105
8126
14602
2978
8340
17149
25015
13980
7136
6825
17217
2192
12685
26956
4508
13044
9542
7091
7920
13724
21663
16882
146
16349
9129
6568
50
11507
6085
3460
11606
8096
5301
19976
8967
278
28665
26509
21961
26391
20056
31112
32209
9563
32701
29451
29043
3634
19780
30863
986
9834
28053
22256
15355
20595
4977
10169
30667
12993
19082
2722
20400
23922
5784
6231
20022
29489
2217
29307
20484
22874
16056
5357
8206
13150
386
19530
9228
11626
29845
30131
11562
23107
3242
27600
16641
10357
16436
17684
28358
12972
9785
18243
1217
28514
30561
13362
14849
954
9549
21455
8271
15788
31785
24416
29280
31075
645
12816
4687
30179
2912
25255
19530
23791
11910
10905
12683
554
6941
15938
8073
7548
30842
31344
18288
1207
18745
2850
18895
10363
1164
28559
14993
22615
22995
32618
8495
4656
21101
21861
18724
24807
17870
17140
30368
3638
21458
12627
21376
11227
22865
5066
10366
14329
4852
20272
13989
24763
25159
15022
17673
11066
26895
7621
14004
417
28381
20370
15587
27791
17635
23377
31091
31676
7175
20001
9622
8672
310
4614
4298
2000
29691
31284
3084
6890
19280
25739
5448
23220
23732
5214
22293
10688
6525
10872
20639
9683
5744
24161
14820
19269
12687
23773
30756
26539
18994
28598
13970
8116
16217
21179
30544
3153
10305
23049
12442
13081
31541
19849
19010
24043
5799
7610
3932
5589
24703
21937
26682
17716
28595
28254
28827
17693
29720
26384
15903
23036
20600
18235
27390
25467
6884
28026
14586
17318
30539
20432
24722
16716
76
4403
24697
27048
12873
4171
24902
13632
3261
21367
365
29710
24015
30225
7534
17630
27687
31475
26700
7159
29440
10297
26689
7421
9342
20553
11184
19478
9794
11281
19035
23116
15421
10896
1750
4403
5569
22936
9276
8651
28894
19410
17440
23207
2027
8194
24774
2383
32099
3468
14227
2788
14835
6712
14275
20482
28880
23858
18778
22506
15950
29525
93
26337
5295
2216
4161
31699
27448
6953
5028
18748
25483
23242
31803
13641
22832
19130
16140
9530
3957
2021
4317
6154
29048
22718
18156
21586
6274
27196
12256
11627
3222
24098
30976
9170
29514
3716
29603
25809
8406
10887
20199
27996
16235
4200
6566
21562
198
2240
8358
32613
3588
18182
32016
18610
10680
21333
26404
21940
14395
16751
8490
9950
8771
22787
3756
8681
17847
4907
19426
7029
26818
4409
22894
9203
25383
28851
12362
7106
29140
8348
20990
21144
26809
7157
10518
13860
14042
11652
19923
21490
28835
8404
801
12942
21628
1149
32713
17900
32158
24997
22504
775
14629
3271
6816
22217
12646
29620
30733
1067
25474
3287
890
11677
4924
19388
26069
3496
12551
16084
5217
8914
26211
14962
24491
21186
15466
13594
28351
18596
4262
14587
31387
4815
19494
3770
24036
17317
4305
1393
19672
6587
20730
31736
18820
29499
1332
3939
10295
4230
29799
4811
14390
27165
16931
13394
25777
7617
14133
29537
25078
14041
30840
19508
15077
22037
8174
15513
21156
31825
27663
1524
11924
31932
31073
20615
7299
23097
14921
5104
2339
5125
8481
26867
6842
9626
12426
10362
25628
15828
26116
31706
17367
29011
12988
16984
17325
27680
30372
28652
3143
26259
12745
18757
16679
24948
24546
8460
22751
28000
12836
31341
17792
366
7006
13524
342
9491
25153
9460
21458
28995
11775
16142
25288
11481
16665
13936
25563
2105
22129
13884
565
15412
21671
5994
19579
4140
19362
14352
16127
2936
28781
22497
15928
22025
2885
7668
5488
3150
3056
11208
19901
2646
14416
24964
28978
29237
10551
14211
3670
29096
2429
20751
4053
2812
19280
11373
15478
25899
18380
5147
29517
26441
31947
13653
30770
8990
23807
32733
25714
21269
26174
13052
4036
28501
29212
15300
1406
7725
29887
18585
23048
949
7663
13808
29841
13490
4205
14421
8450
20667
9094
26547
32304
1946
25319
4048
7254
3573
16563
27159
24514
17710
11731
9370
31694
6791
3214
23127
6674
24970
12633
24762
472
11688
26096
3684
21456
28448
8869
24363
11782
22306
29176
6498
19472
18228
12905
22618
30604
20438
10890
8232
23754
609
9048
24233
6085
6709
31947
32196
3416
16659
28844
27375
25774
29384
30631
14325
13563
17420
1185
14582
15209
4265
2636
17327
11606
21728
32504
29691
31420
13832
21164
6554
5360
32376
2933
13106
3472
4263
31742
6803
8630
5522
18529
17983
1394
27230
11581
17450
888
4415
15625
20926
17685
10648
1959
13602
22120
13156
24636
15292
15054
8660
13632
501
9630
313
11985
26684
11031
13349
1869
22861
32150
3021
21023
17843
2828
16306
9433
30859
3760
2177
22148
10636
27377
25143
18739
28740
24495
14728
29151
31908
28842
2178
4718
14527
4155
9838
23061
14287
25154
20215
24544
5753
11103
9358
11151
12370
16485
12812
16548
20129
2571
12185
24506
13415
28901
3789
29208
11164
17811
4630
21382
30652
31033
29530
28256
20866
14895
24029
24040
20467
18681
16228
2784
25247
6521
13467
30297
16676
5219
5300
9926
29683
3314
24657
27476
23127
16089
6052
27006
20915
26749
15316
10459
25099
21857
32675
4411
5061
27873
27471
3827
21169
6436
30645
20853
584
6732
25788
22564
10033
6639
20209
16742
18954
4811
18543
4090
30564
24757
30978
23180
271
3283
2444
6534
25753
10763
24231
1834
31505
21947
26251
17886
22032
12459
32307
16582
28155
25664
12731
31384
1410
2034
23565
16044
26220
31487
27068
26707
23447
1633
17200
13418
3130
23294
8708
20783
7278
16416
21932
8275
14061
1572
15195
24400
25625
4470
27939
10748
21056
4541
27743
2910
29470
14674
19278
4289
4771
2295
6656
4872
19191
966
6774
10817
31164
24423
5
32637
6803
1158
15867
28894
10977
29572
10629
15345
31443
24941
29392
8766
3999
8491
14703
15390
31501
11513
16381
28109
19511
25626
771
12992
32140
20682
14107
13113
1051
2677
29270
22552
25615
2087
1244
20724
28277
30532
17618
16490
3142
27257
20865
693
15009
29938
4532
17023
7256
1485
29025
20471
17582
6095
8844
28196
8031
2390
25961
2681
6625
12431
7105
4777
29162
32745
11158
23741
19762
20170
29962
21859
32378
6784
24445
26761
7117
21370
16886
22570
18950
2744
10948
30056
24978
4992
19045
28636
20599
27987
1446
12074
23957
2591
29452
27352
12588
17590
18291
29792
18079
7039
30197
26499
11128
875
1805
13537
12203
26411
27388
15047
27423
9889
19308
24648
15466
10900
8276
26255
9437
24743
3099
25715
9664
13196
17152
8268
734
21365
441
15365
3653
25291
22362
26483
24903
23331
18041
3301
9924
15982
400
11261
23212
26735
18082
22206
8895
5235
7714
1253
9367
27452
272
12669
31977
11582
10853
30382
15368
19726
6065
7126
2986
3607
32003
18907
25071
31631
12297
22975
26015
19369
20088
29044
26547
780
9134
25330
5656
27781
4503
392
19375
14584
205
24943
8600
23453
7171
13733
9648
30312
23203
16376
23128
27337
7862
1889
25465
25238
27141
18580
1221
25926
28285
21717
21823
19807
32216
21261
19453
12849
7290
5917
2604
6597
15257
882
1622
1809
24225
10458
31968
14445
12247
6294
18903
10827
18492
7344
4076
12834
11956
19087
20668
17835
21095
9160
23125
16976
1128
14647
11766
18658
13461
1103
17431
394
30142
27310
20905
23554
3337
8180
29343
8196
4244
22998
23981
25091
22877
2670
1360
12314
19551
5333
18958
2882
16126
12276
8703
199
31397
27543
22924
30717
9134
3011
20855
2095
1922
11850
24092
27352
5633
28316
11254
24085
2596
31712
19812
2907
1504
21828
21933
18021
9550
8337
9538
14449
19722
20226
19268
19372
14297
1110
8262
27371
1934
29732
32340
27035
23854
10607
14900
10235
15442
27770
16875
18313
15821
15069
1156
953
21903
1497
1804
749
12233
10985
19169
13218
26962
23193
26925
2535
10058
24987
1965
12564
20989
2072
2743
1464
30473
31556
10363
27603
5828
30005
16777
21830
24792
5877
8851
3207
9264
10454
4980
6041
30232
13573
22386
18236
21663
12386
704
18017
18496
9615
18759
15840
18626
5703
10919
24685
26973
1778
8056
29385
4126
26742
11221
9269
15501
21583
31515
19244
8588
20194
26862
23121
5762
1038
7037
8615
9145
12805
4871
12288
11781
13914
21151
26808
1447
29019
1580
8610
23664
29600
18867
23875
26410
10724
30169
30014
11827
31508
5539
18704
20843
3238
27009
17661
17232
8492
7051
21834
16232
17705
2314
6573
32736
15907
17722
27906
30322
28665
14670
5439
3212
11383
1461
12202
11950
8488
2204
11594
10003
22379
11700
29595
2965
31433
27445
30086
17099
22918
4131
22671
25716
21366
18384
31313
31000
11026
30370
27175
23788
27851
21526
11053
18935
24735
26117
21095
19827
14825
16678
21823
11382
31101
13013
7221
31697
13812
14354
11730
28472
15941
26061
1501
9124
19094
9825
27858
26870
12113
28766
25488
20189
18041
23179
30546
30969
831
12587
4576
32321
25552
28800
6663
22434
13682
18574
30790
8680
24271
3617
21450
14050
9360
15633
7069
25025
7214
28613
12314
12994
16645
28662
16548
13837
24491
17589
12695
4572
19327
25008
7807
20447
4741
23473
19592
21984
9073
18023
8502
20899
6657
8041
29014
7184
9616
27256
15413
22419
15849
25348
9999
19908
6745
26354
19658
20547
7944
32413
13796
8422
13448
9755
3243
9495
15791
15297
25004
26743
8098
14313
5229
13000
4147
4594
13407
13577
7789
30345
28174
4578
10604
13095
22683
17731
14707
31451
14188
12105
28472
26698
1058
18017
32130
24820
21707
13487
24822
15801
29273
25777
18990
23707
13140
16671
28172
32709
28363
11286
12366
7629
7056
29046
23650
1846
28581
14473
24699
1337
5105
14565
16100
21956
16439
13971
10645
10436
21321
2416
31748
672
15225
13268
1853
10245
17233
19570
25653
30441
5764
16255
16475
20682
4899
11031
22641
31287
15124
23260
5530
5010
22977
9952
180
3860
12813
14789
32743
18449
18572
546
4734
8062
7667
21289
32502
16816
28109
30855
10069
31078
17776
16780
30654
13322
1840
18316
9025
6964
11730
29573
8951
26480
25668
1793
11087
20545
17803
11326
2979
15718
22780
20877
11279
7515
7855
21496
7554
1315
16433
15655
28693
32069
14713
6277
17308
8213
3613
9118
18043
27956
24262
24011
5820
30298
29410
15122
14686
18771
2712
32328
7151
15176
3329
32376
21597
31040
26261
23433
4873
486
11235
26138
31517
27789
21638
16049
21792
8561
8788
28693
20423
26432
2264
2296
17166
27097
10499
30937
10632
7763
13598
13353
17395
10305
20739
25517
6928
9268
17037
8995
21426
31618
1613
4904
2324
9542
7294
16985
8559
30888
8763
12729
20684
29791
2800
30803
15895
8052
3599
18976
32374
26440
7428
26154
23257
7896
30058
12274
5073
832
9087
30735
6053
27006
2261
14361
24227
31097
15179
17861
25012
6722
20540
16721
24371
29593
26614
17187
25087
10419
3438
3245
16079
12346
15922
16531
31686
28054
11934
26128
22088
28523
7763
15254
23307
30562
20709
7348
17521
12077
32468
32573
4885
11973
21182
19367
5283
14326
18130
5297
19694
19230
30344
29256
30012
31026
14479
940
1508
5889
5383
23759
32284
13757
27633
25342
24076
1207
24548
23746
1831
106
22785
14601
30394
4795
13353
20865
3781
2175
29293
11333
24843
62
31941
187
12389
13878
20485
956
7259
20899
9486
16118
10997
5950
26945
30607
9423
9476
6970
26635
30572
6968
24506
20848
4556
22187
25316
10152
28481
8251
22957
23846
17534
30106
14222
4557
753
20305
27771
10509
9811
2052
16153
2895
125
18679
5932
5779
30589
8145
19534
599
27113
8608
19687
15035
11635
16158
12633
30436
23486
11827
3963
3742
24944
3258
8777
21317
905
8328
6618
28645
20211
22698
10130
5280
9817
29679
6808
29008
25149
28839
8330
17262
14149
10665
32368
31539
22230
17563
21999
15356
32228
21869
19136
15347
26121
23335
7264
18156
19668
31205
2056
26765
1379
5663
1759
434
18484
13614
15471
19727
13624
18188
10581
5912
15401
15708
30269
11549
24350
5034
27406
18362
861
11507
26210
29806
17520
10856
26937
17034
32123
8047
2798
14157
31948
18155
26986
19789
5556
7613
27031
792
1173
1675
23575
15644
22845
23231
23095
32452
23410
3283
28446
16100
7630
16333
24907
23383
13006
30725
12350
28647
14373
18734
6772
5228
11350
9620
16281
17976
17025
12963
13050
179
10365
18089
4665
18755
29480
29661
29764
12911
9467
17567
17543
6723
738
3329
24161
10230
11082
30087
31957
19658
9083
9003
21123
19508
20264
8356
24022
3901
1604
27880
19838
18216
15640
21232
2337
9045
29331
28347
12877
7781
22753
917
12722
9887
27711
1945
9358
9618
27661
2165
15976
11004
27172
19821
29441
16107
25707
23203
31880
7970
7333
14741
4621
27582
8845
10983
25144
1818
17445
9571
9787
11503
22603
17982
24837
1216
6029
5788
7864
13173
30526
19031
18526
12358
15049
23548
24536
24794
12102
10775
14358
16560
17739
31153
32142
6079
32005
534
8934
1113
22663
26076
1524
23637
18529
15648
24809
10605
18037
5395
23497
17637
4870
2230
21023
22126
18450
22241
8430
14921
14050
6538
4330
4783
17375
580
12520
2161
13479
16390
13460
32476
9312
29230
11106
16095
4685
19653
9159
23920
16030
20997
3752
24875
18829
17688
30483
27452
18598
14883
25133
26496
18022
26499
27499
2023
24584
7255
28933
3869
30108
62
25768
11881
8281
98
5228
31445
25396
3509
5
15759
18866
4218
3645
9103
26874
13576
13986
4218
30510
30154
29563
6342
27899
1675
4097
26400
25967
1264
9932
4362
12299
4678
25740
7881
18714
14974
25337
19070
11329
19574
12301
14995
13654
1915
21872
15192
885
16907
29748
15342
4689
28127
18626
4709
32201
7465
11028
19233
9148
27930
24357
1922
6173
31143
18854
12228
8010
16013
23795
31779
8857
2450
21061
6467
21300
25102
809
27600
28456
2475
30513
14177
23736
31337
31209
11427
4087
1509
19724
8883
28310
31194
19192
32715
9722
28136
3424
5409
10129
7828
27713
29196
16231
31121
26903
29289
30964
16190
23120
3133
17977
23919
27393
8348
7435
26480
17112
21449
32430
20295
27218
12446
7589
17466
16173
6958
5577
23185
3361
22186
27289
24733
7883
8833
16337
1273
23274
13003
62
12816
16845
2024
26320
17119
24332
26980
7665
29949
887
2078
26901
15320
23372
2986
3218
22849
13485
3827
26547
24363
2640
20517
29959
32431
9849
6090
9471
18516
29221
6963
18104
16782
17544
24089
29462
29572
18106
22404
11794
22294
16302
24044
12885
16927
23651
7838
6917
14839
18526
9314
24543
20285
10839
12635
22406
26323
22835
28718
13338
5161
23858
16487
11789
26815
4458
8728
20786
23781
31092
1218
8215
13766
8037
32121
405
3236
3583
10308
11429
23397
15145
14531
1653
12879
30365
32276
9916
31504
12513
24054
30282
27905
11896
2863
7139
5803
31577
31532
11085
8331
12960
24296
19112
11538
28292
8975
16894
31216
29833
15202
10523
9874
29174
15709
10143
17385
23690
3607
31569
4462
19307
10091
14518
2915
23647
14421
31203
11867
31038
9374
28559
5116
4520
10172
2156
19716
7411
7924
8888
7306
30823
16065
31758
30855
30126
14201
21379
29588
11654
3374
29166
29685
27321
9938
3207
23511
16719
22687
13748
1750
9730
28086
20511
16578
6642
29959
14348
6563
16026
21872
5866
15098
26115
27945
5415
8778
29495
16479
24137
25815
7929
31519
11067
24750
29875
19062
18148
32485
7088
20695
16638
27428
16523
14780
17190
25701
13032
12432
15407
2807
2913
16077
21948
20425
28100
21858
26638
26853
15227
1367
24602
28475
19019
11187
19423
2464
29506
5278
246
18710
3562
22979
4459
6734
11203
32760
715
28779
10224
6177
31614
3337
24369
26449
23127
2430
9233
23091
27754
1375
17249
18345
13598
7751
11492
18098
31875
5331
5196
7057
6117
17137
7781
44
8353
18267
28305
19378
3383
2654
10356
15744
24737
32736
14832
28486
25571
19105
340
12901
7652
9409
9168
23708
32124
12675
10285
18404
27086
7248
10682
2456
11480
10495
14218
9433
27720
6483
13276
15409
9361
3013
18395
1654
23103
14212
16264
2802
30087
10683
25076
26816
31779
26642
6578
11641
7517
7287
396
32529
17513
11806
10613
7419
9463
27590
10175
31892
30217
11071
19086
1214
20226
553
32141
11467
23296
31742
14303
670
22124
29011
1625
23564
2768
25690
1518
14216
15592
1708
25194
4096
16635
19525
11620
10242
10603
12240
8557
4131
17292
3110
9614
27809
22194
12049
9458
15943
22926
2389
3807
12945
4538
8177
4843
16145
20882
8866
28012
3089
18502
19369
22576
29306
6189
27854
29550
4341
10076
19877
15101
15439
24184
16144
23492
20258
18888
2053
32114
7346
20622
3985
21615
2837
30360
26653
4114
6295
23570
8177
30996
20572
28574
31478
21572
29255
1703
31168
23933
21019
20465
20939
28373
12768
21621
15109
10264
7049
31341
13965
10869
32211
16043
12987
15478
4208
6190
12384
27190
17253
14839
19791
30158
15793
10009
22556
11280
12079
19728
20771
29048
31165
6227
31948
7007
30110
14125
27406
26994
21789
32456
6194
13155
27507
9867
2778
7902
23275
19877
4929
29119
28228
32490
4036
21634
8535
9951
23202
6394
7418
12304
17664
22854
10787
14762
17200
770
24657
7237
11826
8890
4903
12546
15995
932
17242
3798
9206
30606
5838
12837
24393
23317
7164
17043
16473
10776
23703
27415
11792
14444
879
30801
7006
25297
6549
12573
19837
19493
7872
7528
22394
31448
239
12098
28401
27296
14160
565
32280
26222
1121
9429
5886
16032
9045
8345
11285
12152
25785
13289
12783
3021
32343
29304
3653
0
4699
16340
30781
306
12724
22588
11756
15540
23997
23473
8986
7103
19741
3919
3398
12134
30700
18654
28906
6344
12055
14501
5121
16778
17157
1406
31173
30853
32122
28464
19389
18107
29372
27384
21495
4240
28149
28265
27795
22327
31961
23671
2177
11882
24200
18638
14730
14942
22966
1384
22421
18934
15881
11870
11555
24887
5314
10238
19741
18428
17568
17183
30159
28906
11521
31665
9524
19623
31819
1432
17012
23879
17802
7099
171
7687
6491
17751
24300
4926
9736
1434
27014
5776
8948
10605
8325
13157
2874
10129
10108
10137
27537
18157
8834
23670
18291
32550
25723
27615
22910
18289
21145
1485
13082
18341
8482
18944
32604
8085
19827
27118
27946
14492
31045
9984
1184
21881
2863
253
27571
21597
14444
10438
24084
22339
23519
2885
23639
18048
15956
2208
22101
24987
13321
11186
21711
21086
13165
30139
26196
30253
18727
4694
21348
20887
3418
1964
24021
25131
32295
14056
3958
17037
25460
16619
23539
21705
8172
9024
6648
26342
4935
8530
6041
1471
29132
19932
19954
29198
13588
18594
30730
27594
2576
1119
4350
18355
24654
10494
32091
811
32375
26124
25547
19015
16413
18798
30964
9254
24755
28239
17053
14721
30685
6237
5650
27012
2795
3893
21962
8412
22431
19995
12872
10002
15415
23535
29247
22039
24743
24412
1529
28704
1319
17235
27129
1971
6637
32696
7392
11778
1084
23131
11405
23417
13469
13353
7816
18067
29293
13988
14241
7409
151
30096
26324
21165
32675
22767
22384
31724
12528
25392
28281
25778
32573
10148
14154
23291
28782
1329
894
24327
25741
31050
16913
11765
17936
7966
20931
23187
3930
12048
21181
26741
18820
4712
15223
7492
26716
24392
13529
31833
10158
20705
417
8330
19907
4070
29956
26692
30504
24385
15512
10203
20400
262
369
22045
23740
26533
9354
26413
15546
1891
6759
18831
32748
23563
10745
14719
32363
30432
4802
24199
20331
10455
24122
26448
17856
7427
24688
6073
5538
30545
11252
32038
1965
19317
31989
15642
23851
36
24487
12809
18838
29316
5607
19047
9561
28129
34
24069
15831
19361
3443
28061
26286
20346
30475
172
12349
5090
19158
5503
26468
6855
2396
22417
17034
22145
23269
4116
24549
16133
8160
1230
30965
18267
24709
14630
28498
18258
24506
17791
5800
11634
21811
14532
24576
3378
4830
14404
19009
23915
6526
20929
15350
31501
24725
13251
10833
17425
21896
16434
12656
24238
22014
11556
480
208
10633
10228
18272
19398
16008
11924
27879
4154
11852
4900
25064
3687
19577
24003
17620
1670
17839
165
5857
11657
4458
4709
23818
23052
15143
669
21078
32137
18121
31925
3934
15819
13370
27896
19209
17061
26197
23533
6299
3043
28932
5092
18158
25473
4773
17615
17662
16411
23731
6739
12204
11173
20386
30751
27835
604
28170
20605
30495
7676
2824
18726
16503
16692
22498
8795
19416
22359
29929
5169
26060
23636
2468
5677
7578
232
10282
17680
25544
24338
32720
23284
29151
21192
8964
28056
24430
19176
25721
26361
2129
9841
3973
27682
10291
29171
32711
9796
20306
6468
23564
8713
5250
24949
30835
14630
10357
16132
9168
14896
11833
23635
25679
17072
32002
25689
26458
32633
12074
26008
10428
18233
8822
24911
5382
17231
19867
23280
11057
6876
3841
31700
24966
21533
22726
7982
20923
24568
24070
23102
28767
980
9562
21703
21368
5550
9374
1474
19562
15977
18936
10324
22810
13926
5653
31998
12372
12373
11190
11028
28010
26187
30828
22128
7966
32020
23199
15719
15810
12746
26837
29436
19614
1446
15921
2388
10898
23575
28730
16490
22013
16145
4575
3332
10205
15784
26551
3046
18999
6365
12685
13637
28089
12984
11547
25726
670
29591
13846
2056
30930
6597
10091
3495
19286
10062
25033
24291
23271
25106
7007
441
23514
6681
23783
12688
23371
10790
20451
1135
8054
26255
16934
28780
26469
28235
663
17768
19916
4685
31538
28409
21297
18192
11343
4776
21327
21620
27943
24157
27069
14280
5524
6935
2507
27688
29976
22496
19885
3337
15137
16641
16603
1810
13451
30578
10679
19246
615
31892
5744
14303
11771
1570
12583
11477
15881
20069
8017
31935
12629
13480
28765
12641
609
16876
24470
21990
6267
26077
27978
15224
18937
4
4908
27663
21444
2365
6135
16262
27155
29036
18004
18164
18041
1388
2814
569
22306
29000
15908
5079
29530
12974
7183
26372
14670
4000
12548
31741
30999
25965
15468
20124
20724
25568
20274
2861
24279
2231
10605
1406
11044
28502
6975
9781
12469
18621
27900
16998
9761
4024
4751
4453
27710
19797
11802
13529
17892
411
9693
1810
15604
1145
20825
9117
22681
29437
437
24085
2254
31943
26976
6971
27425
9660
9976
16457
19638
20479
30571
11396
3470
8733
21340
28945
18697
7559
31688
15113
26538
31046
14825
9168
32283
5354
22106
23458
7537
6083
2941
25198
30896
4180
30490
17128
914
10245
20296
986
28292
16152
24209
17338
9202
1246
2897
12930
10948
24619
28255
23996
4649
15367
15599
732
19091
3238
2487
23507
4099
8347
8529
6625
18822
4680
1505
683
511
28057
19959
25485
24104
24050
27319
20273
13268
30821
6455
22881
9847
30249
808
17689
27879
29511
21177
22753
9316
1431
15800
19801
21719
16363
19450
2582
2647
30090
23806
9388
10225
20960
12493
22028
22441
6259
30756
23057
15292
8473
12245
27989
17704
25705
19307
23881
21358
11375
29453
24197
407
15780
22693
7516
17525
3100
26689
15540
15915
20738
22457
14100
27376
5186
22930
22015
2831
32389
30498
13185
28210
1890
22005
31239
993
21458
27760
22132
21830
22757
27060
20592
19507
5812
21701
32003
27494
32663
9964
16228
23563
24472
25945
3083
29826
22567
32269
25101
7267
17423
27639
28329
12735
6056
26205
3870
21417
4430
8062
9408
13813
19987
22134
28491
25152
5809
16481
24951
2609
30915
3267
9165
20221
52
2344
14776
8753
9463
10247
31967
9132
16632
28396
25266
8426
8787
4054
16451
6537
3525
12766
88
27909
17759
11546
32702
5575
26498
15809
992
5470
14855
29328
32664
30220
13758
23148
6724
1412
26138
13640
11549
11506
28970
11337
10948
2620
23499
21800
9502
11911
24093
1241
25954
9726
23603
13674
19056
11470
22287
813
24933
13685
27085
1305
27756
9277
10014
1134
19415
25603
27384
22424
32110
14397
29836
25686
9734
28732
23673
3355
22870
24494
15167
3509
5127
16486
5110
2860
7178
24928
22336
23277
15150
18175
4732
17703
2034
8346
7996
18038
12439
14135
26361
5311
31866
14742
3846
27483
30625
2418
8387
25207
31892
28163
531
21946
4206
20423
21008
7721
17715
24962
32253
9032
5732
23172
8827
1922
29649
9770
3328
29643
28335
11431
29062
18052
15594
6404
10368
10655
1725
16486
2322
21507
12927
3728
13185
31282
8896
7080
24553
12841
6804
20286
1326
20104
15407
13450
27700
29938
21938
25589
851
29623
28741
9692
1541
6832
21862
12944
19682
7019
32384
13217
22991
13448
8896
27228
29810
11363
22308
8082
27369
24308
29909
16539
19131
25331
14774
19867
9742
2623
22333
32004
14619
16768
25474
14428
992
4875
24725
22081
11284
20743
19989
13738
15200
10958
30974
7791
3532
12694
32195
2828
1144
4177
12445
16290
20620
31442
24610
21054
27249
6192
9753
2142
2370
27759
14989
11697
11901
1373
32032
18463
6655
28347
10402
19721
14895
12701
25826
15314
27769
25364
10948
16798
8702
1545
11924
19033
15497
17516
17562
8956
14277
17295
29679
4363
29358
6092
11151
866
11590
7022
19886
16434
3721
11471
1360
13383
18082
6077
6676
18316
8543
11810
13904
23248
7395
21476
21347
21194
22683
523
16455
21595
28787
1314
30310
5652
6217
31455
12463
27384
2977
21254
30952
27267
9627
22410
8006
23019
13603
32757
20539
15013
24936
5131
15503
8747
12943
25002
1970
16125
4776
2549
28753
12005
23265
10674
26407
2688
16633
24815
2070
18938
14584
32236
10614
26393
7966
20277
30125
24701
15897
24847
17151
550
1403
10773
7592
5942
1130
27427
14376
26872
31897
18035
13791
12066
8568
20998
985
21847
22440
10566
13291
14832
2226
16873
3583
18940
24312
2072
19372
7813
32236
1489
12810
32534
2687
6538
32196
28025
6109
23
21870
7877
19543
13773
13849
1433
21152
29416
3621
20898
27453
18218
31319
2147
12855
6341
22827
6965
27923
2683
10348
7820
29955
3332
24833
1661
4446
8112
17674
3197
22094
1101
21548
8812
23497
27211
23080
5842
24770
21790
19379
20072
11936
16868
25986
14042
20719
20552
16804
22219
30037
29350
22292
7961
1992
26992
6031
24931
24319
3536
8099
4041
3366
12174
11529
10739
10454
2613
20276
31573
8772
5489
1578
3761
30905
13500
17299
31453
25666
2617
527
27846
18344
28896
26317
4789
32418
25052
8538
19665
23626
18737
32182
18150
28110
3490
23725
24420
21864
20434
1636
32683
20880
9385
2867
18821
17520
20217
9906
15860
20376
15458
22807
16687
22515
18803
10943
8167
1529
4369
19978
31182
5671
19229
4972
13658
3500
32337
25537
24774
10086
2411
13537
9307
3340
18318
11381
10733
12461
21477
25865
7592
23129
12425
2402
11277
15902
21669
14865
8503
11830
26072
29000
3427
15742
8410
22765
4783
26154
13667
18157
16418
2231
6472
21459
7661
22306
5863
16281
20208
88
6854
6333
27520
12269
1143
22936
31080
13840
32447
28652
9517
27583
8951
25276
8343
10039
27569
2656
19052
21679
15007
3800
895
1861
30129
8289
21737
5689
32638
7750
19351
6745
3813
8185
11525
24508
10740
5218
26952
8115
18440
27511
28242
5885
24374
32269
16498
19514
24810
10221
31770
6818
27086
18475
9445
21751
10478
7091
26072
5304
16921
9765
9961
2456
12170
7395
7101
23855
26312
2152
12214
32494
17610
4059
29485
27736
1375
8931
28156
18799
18893
30142
31552
23917
29368
909
4701
18357
20806
2802
8514
265
29569
14557
23534
31997
4093
30115
9522
32684
21690
2129
29881
31657
7499
1087
24135
3129
21560
13544
7742
24511
930
31736
20326
9847
22821
21927
11757
22887
8451
30534
2989
28051
31870
15383
22958
18289
22405
21602
27372
668
24979
27333
21594
25036
3541
13260
3622
31494
24203
7106
14911
29712
32688
1734
13333
25384
29917
22305
19872
10229
24171
11734
23971
20670
6616
6523
818
24538
16747
10056
17010
1384
20251
2670
24224
8512
26286
19881
5460
8489
2846
17177
7943
3916
17216
9806
6355
25832
29095
9378
15227
30024
25543
16331
939
1266
23638
16048
12161
24866
7416
8316
13643
2934
13082
17905
6035
19947
3102
17664
14937
19208
5305
6806
7583
24153
26522
11960
8491
24863
20301
24274
13704
10054
8030
588
7758
18583
10433
7519
10659
2607
19825
13863
258
31792
30552
32761
30523
8118
30319
20726
30651
10509
2598
5600
31502
12833
6662
14381
9378
28981
24981
10842
28110
18392
4986
3714
530
15893
14305
11055
12449
15851
18977
8816
5916
8957
22940
7980
27041
29321
12775
27829
31748
20382
20012
11424
28764
32650
7116
7893
11970
4754
20552
12258
2645
1255
22113
16789
14210
27605
5758
25033
30594
828
7759
25472
7459
12100
27568
3634
20172
17997
24272
22373
10683
14117
6034
23166
10898
24446
16947
727
32530
9887
5934
7185
9510
12377
4700
15532
31523
15421
9568
16084
9550
1292
26946
15230
27807
13423
4954
15284
31428
16104
12656
5165
5993
15369
28961
7969
19127
3812
30340
18523
2330
29378
1550
8080
19528
16408
1459
25839
15743
32182
6478
17401
21773
4674
24131
12435
4886
10725
2659
6746
13714
9284
29200
27190
3989
7858
14753
32306
26067
28323
13832
6027
29795
8292
16561
28422
451
19978
686
25479
8989
25257
31506
30432
5576
7622
17562
3303
21010
27406
24211
8395
15165
25160
31991
25768
4295
904
9178
32600
1263
933
4612
23693
7284
15598
16096
17180
15264
6169
28565
9628
1157
380
10098
24880
27271
16000
30607
24225
7962
14162
29105
18864
15309
2267
17007
21162
19848
29427
13971
11836
9489
30417
12227
18313
4309
14790
19553
22650
25574
44
18095
23637
28224
21657
20279
4242
19024
12120
26218
30698
9143
12825
31111
5040
23371
19431
18110
18276
11358
22875
19606
6790
14148
5391
18572
19624
5391
27734
2300
28615
22685
3114
5701
31963
8405
14950
30505
5805
8237
20278
5234
28393
15727
25291
32731
372
12734
851
8749
6655
18388
1832
5289
22493
8333
20295
10662
9233
8361
3589
26747
19884
27597
26109
159
16470
4300
30029
30735
2346
19237
8450
6384
7623
32205
13520
25206
6563
19246
11015
260
26019
28271
12482
4501
32233
14838
14945
13402
18926
24363
15418
12964
15056
25471
23436
15365
9197
26286
11188
32434
432
7744
19364
7980
8875
10838
30608
21280
26342
10147
25322
9099
2423
8889
28305
6689
10323
20614
3910
24048
32356
12318
30815
833
988
31163
24255
4799
26824
32513
26629
3035
7656
24711
6660
26222
24510
15508
24180
22432
30693
15142
28390
24074
10404
6969
15614
22807
30403
9541
10972
12208
17821
9993
10203
18968
31095
23687
1406
25364
5136
27216
6311
29776
32633
19713
31498
16894
31527
25102
226
18880
24391
28094
14050
6344
10833
17015
31855
19773
3296
27964
3596
18145
26561
2932
5142
19186
28746
11757
2481
8014
28397
27936
4098
24794
19469
4791
415
6435
24335
31820
23107
22342
13237
7028
18119
20494
14759
14076
29005
18781
4691
20850
23999
21709
28919
22759
27256
7574
16636
1012
18752
19891
1670
32763
1150
20032
11593
21679
25769
26407
14750
8407
18944
507
4054
5199
20091
5156
17870
19279
17409
29757
12995
28399
25307
7866
12648
16107
15465
11726
18486
26788
17939
2188
11268
20328
4227
3404
20695
10739
32529
15184
31995
6454
4991
8103
4691
7255
8679
2386
493
1528
241
18598
7641
22204
2633
32241
15676
8455
32593
15200
26272
23046
9747
32288
29838
15344
12921
17092
26719
7563
20416
14567
24399
25329
24106
23058
24019
27540
14579
26592
25901
8576
6279
5471
1853
3552
25842
24506
27802
5828
3224
23061
225
18977
13094
28857
14669
23065
19656
26481
10632
11901
31133
5939
23233
12177
13672
12035
6399
11791
12168
31765
10933
3182
24362
32050
9878
3427
10173
17756
23466
27561
8614
29109
32674
7934
23349
13981
5993
29294
9688
18459
19963
20435
17295
8574
11642
25757
2208
28740
28287
975
17804
9786
20910
26954
3393
30437
14221
16974
11153
17441
27286
7998
24547
15880
20362
12963
12329
14869
28681
372
26642
1417
4960
26773
6272
14094
22946
7069
11068
17307
3322
220
24297
23191
7487
3741
16182
19777
31177
3496
27992
1359
15747
25867
19640
20181
24898
21274
26600
31081
26709
14261
8668
5253
15198
21449
1879
19245
9568
8729
21667
8913
10008
11583
901
8564
5265
1773
30064
7950
12531
17529
3577
17967
15515
9369
20875
2022
10609
17003
23644
1761
26998
31160
17823
15829
2973
24697
17148
25889
6876
31130
8253
23470
29570
1279
24394
5913
715
4293
5207
24340
9394
12234
21084
22537
5126
31087
15301
8449
8384
13980
2923
2245
8340
24581
10692
7746
19910
20908
8790
8242
2111
22439
3442
4089
11488
30756
16926
27597
30486
7850
25683
21530
8367
3234
9065
8229
13292
13077
15567
9711
17367
22967
5887
14684
32470
14117
2225
9876
20353
24171
8271
11178
32689
9673
32682
13692
4569
27319
8171
25562
17562
22310
4556
6378
29841
3081
3592
6090
20596
21780
27151
30328
4957
18883
17663
26351
14693
32671
208
7059
25205
12733
23502
19151
22361
391
15949
5629
25878
13502
4248
22406
638
5312
11562
7242
29697
21255
17185
19522
25030
5875
15599
18019
5115
6345
32595
29638
18793
28155
5256
5639
23627
27306
6076
21739
10592
15465
29891
20293
27967
8772
20493
13082
3051
26113
10965
8451
30375
31397
6044
24275
9227
25658
4822
7546
20056
19664
21475
22057
27657
27330
10816
695
5802
7226
15103
13636
21485
23543
12916
21276
29947
29518
15922
30429
8
3439
25398
15837
22570
4074
1121
1222
5995
23666
11564
22403
20253
24544
29847
6240
8813
4731
3170
8812
28475
19830
20608
27426
31017
6586
27337
26441
19186
23526
24303
14105
16894
404
4787
23967
30771
5087
9816
1891
13
21282
12632
9287
9969
16385
14167
22706
12734
13742
26965
2542
18342
31077
1831
2511
32572
25401
29992
9622
16845
1043
23084
7188
30964
27896
22965
16147
14953
31626
15978
17393
26138
20434
10436
1934
27261
20284
5643
18793
8996
22755
21377
8709
1426
3855
12765
14482
4173
23036
3322
31689
12340
2014
31697
25112
4115
11809
15525
29951
1653
12277
12669
11194
5561
3594
215
22816
12904
25496
11931
12491
17350
13475
16718
10105
4775
29053
18312
12978
6788
21388
20904
11179
28878
30541
13254
22891
13954
22425
9193
26156
18430
3624
2170
17412
7955
32083
2809
17604
7003
18206
17135
26913
9421
13685
3364
11025
23694
30646
25361
18296
20490
22896
18072
19204
25156
22123
5619
26197
24426
12264
23531
19810
28333
26409
28746
9752
22096
16692
31890
19012
17918
14293
14575
24754
7008
31714
30059
4502
21743
27842
17249
23084
9991
10544
21300
17308
26429
7485
23104
288
16883
12692
5393
14696
28202
2
14803
32574
21399
12598
28426
15718
22264
26565
6788
6600
16552
23665
7307
5073
29041
4010
19295
25110
22946
13397
17123
21306
26210
14285
23702
13842
22852
2855
25541
3336
15900
4539
23039
4285
29456
22751
24522
17907
30450
31990
5524
10921
29133
24490
2284
16007
11197
4981
498
27261
26116
8294
17676
2984
19035
1570
7387
9589
25734
7977
16494
32520
23083
18778
27061
12255
21732
30650
12344
24498
21139
4465
31752
15774
20470
16917
9462
29315
379
7979
4612
4779
3669
18155
27929
21164
463
23620
16121
911
26336
1056
1907
6705
16896
18409
9693
17898
23867
332
9661
23149
6788
13117
17353
4335
16459
29755
16146
25740
29778
19925
19068
3558
22716
13677
12913
25103
32615
572
2774
6313
10107
1174
31038
15691
31043
8815
28510
20519
13372
7455
27074
23018
876
25698
1726
30436
27637
6819
2470
7529
2538
11898
7745
9079
3937
11635
28796
18328
14794
13329
27740
16650
12671
7954
14902
6942
1948
25077
19234
24542
17936
9914
2477
22002
17908
6889
718
21957
16412
3541
6940
31203
19436
17442
9277
11942
16493
9349
26274
25873
11168
8651
29553
27900
21523
1565
21187
14961
30897
898
25104
6743
17118
11685
30439
6733
7876
16601
6627
10201
28135
23130
28122
10946
18432
1493
5975
7866
15880
17451
14411
28736
21395
28531
21503
8389
8799
8254
12109
30222
23597
30750
272
14553
7887
30057
1753
18115
20099
13370
20964
31593
27263
16569
24650
13518
4045
24220
22135
30461
7769
27118
27871
29423
13385
13583
26093
29870
29580
2045
8252
31931
17846
9425
6410
2221
4619
30093
29418
20252
6617
18196
21688
29373
28428
13690
13522
28878
14588
11646
25733
20149
15241
10069
28614
19172
21610
32426
9507
5375
25282
3042
23033
20801
19700
25252
16102
27420
6329
22937
22657
31519
18800
16240
28745
17437
30901
24870
4572
2956
23860
17796
26730
20779
13247
16873
4200
10728
16031
19529
12681
16896
20264
11894
29930
19048
3473
32414
11148
21868
29442
277
14600
26262
10733
22357
5758
14801
18594
8260
463
1486
6686
28085
11532
15783
26916
13104
558
5570
400
4598
20231
20473
23527
9792
28024
4855
10034
14792
15333
20709
9485
32650
31206
327
3067
15564
23871
12832
25596
860
29459
13405
4450
24857
8532
26480
480
10420
23678
26684
12260
14264
25989
10033
28710
24008
9227
10680
15745
18728
28887
31441
30467
7296
25731
3834
17472
4572
32372
8020
5099
20214
14352
16385
26791
20152
22570
13776
26650
1021
6849
20252
24643
6552
235
17393
14094
29591
23820
24945
30758
21961
28491
1142
29963
21373
9799
10105
11108
27789
22533
1971
26006
31643
1838
9601
18837
22939
2167
9229
18939
23185
7264
19499
11607
1948
20769
13953
8135
14900
16609
24811
713
31920
42
13086
28494
21515
20634
13963
7696
22247
27611
1414
10790
13778
31445
13735
25045
6345
3361
16752
6570
30202
9409
13617
13765
17870
10767
9001
23928
14375
23540
8942
3345
20199
4186
24591
31219
433
22756
31735
31980
20211
24540
18196
30402
24100
4461
5433
25359
5962
25874
12609
3407
21440
23374
13302
7224
3126
926
16945
26442
10233
7852
30274
19110
20853
12485
30865
27939
29688
6285
2950
11423
18104
32241
3751
9363
2328
11614
15616
746
21543
13104
10952
7956
9577
19310
17985
1878
1755
31156
24544
30820
30769
23920
32174
29489
32098
5713
32238
25862
30310
19709
19712
5586
9278
13315
12933
20673
32566
5392
31172
31503
16999
15973
31053
3359
20607
25736
15835
8647
21957
19514
23679
4078
19287
20650
12283
16986
16310
6632
1388
16835
2181
6044
31789
9516
16782
5112
7415
23667
15622
29419
27725
2342
18706
29080
31767
22936
28298
31238
16525
6708
3324
24345
11350
28946
30708
5313
22513
30664
31098
14449
14421
10115
24029
32211
10452
19286
27823
21434
19525
27857
29457
21848
2402
28374
17201
23473
9839
19112
19728
17231
18461
9029
13449
14903
22445
8950
2191
10781
5208
22308
32694
4820
21487
32365
24052
26888
14015
31991
26537
19759
21175
27396
1502
11965
6605
29127
32714
12183
32669
27255
28059
23499
8787
29601
18547
2430
31436
28866
15280
29990
22520
10261
7024
28153
10627
29354
9300
9892
23988
12984
26757
32321
22165
1076
3573
21891
14932
23458
16872
17460
8937
1836
1458
17122
28921
17905
14530
7381
17914
27039
991
15940
27033
13892
2482
13000
7768
29793
133
26640
10620
26945
6474
2263
4646
10632
22495
1043
23488
31247
16528
5231
16282
13039
32478
23548
10709
22748
27006
26659
32129
24757
1957
12767
25602
20824
31619
28201
11192
14267
30221
17075
31199
8505
6144
13016
21427
4137
25635
22739
17112
7861
9932
16176
6394
17386
30373
28289
5809
28427
12976
850
31143
27947
8585
24671
13820
19706
5612
20740
24297
13536
15478
12276
676
24392
30384
26158
32132
12607
26441
22061
2150
7997
5027
1887
1615
21570
16018
9689
21843
20261
24672
10825
9909
27177
24596
15916
8783
210
29171
12353
22836
10231
16200
3389
19349
11287
15201
12480
1505
18929
18906
25224
6448
21838
6686
21477
29410
16930
23594
4460
22403
17363
12948
15600
1266
30425
1484
9134
16323
18567
7331
1224
20449
4392
7689
7157
12408
5198
24603
17526
30482
23399
10333
18508
13824
7825
16707
12200
24059
12208
2295
9379
25355
7101
23894
16175
10408
30305
2363
19789
31007
962
5889
27521
3128
13469
11331
387
24854
10389
21222
30520
28510
10954
21338
13792
29596
23726
1052
18833
23266
788
12928
14052
4530
10634
2221
22766
14877
4073
5353
23410
3373
5674
22039
9556
27521
6779
29053
18257
24887
32146
30155
17134
8463
16706
20313
15790
15052
30028
20913
29832
4318
26231
31309
920
20799
17379
20642
22037
30107
11930
1885
21123
3763
26472
17132
5930
24323
3821
10560
23238
2210
11248
7889
17792
21099
27638
21731
22045
18522
21011
3336
10102
15160
18433
13799
10792
25467
17775
17723
9868
11112
411
29471
6890
25722
25379
14984
18921
27655
8729
17171
3402
801
20565
6145
16598
23995
15375
20607
22933
11532
24749
3371
32065
10553
23001
28373
11770
24110
3287
27266
24123
16332
31765
7863
269
18762
30980
3572
27259
11221
10279
25214
5189
20602
2922
8033
6873
12614
1716
25270
1662
19884
4799
7458
13523
15910
4648
25247
30328
11039
31938
14463
13579
11025
21808
1198
13654
19435
7347
567
18886
19381
14656
24329
2335
17526
470
26364
23919
20310
25870
24591
32577
25344
24052
31731
12562
29002
11029
718
20233
2072
31705
6969
1762
31101
2067
21386
19500
20260
17879
20569
23732
3311
12684
17469
26945
1757
23617
5335
13953
20017
13381
20754
19012
31185
15345
23720
30952
19948
8905
29929
26388
1759
29892
29368
21418
19290
21479
28118
15862
2494
28696
9571
15404
17610
12594
20897
5649
4983
18261
17148
30712
22560
5504
29255
20976
29414
10849
26185
14140
29523
15211
4728
20995
3390
22058
4868
16201
21742
15315
27159
26398
1666
6944
8796
9493
23695
7258
31422
21752
14860
29623
32626
6074
11115
28135
13367
25773
777
10986
13276
15093
5320
31524
26883
1853
21754
4787
17446
4521
24194
1792
4823
2059
9269
19092
23628
30809
20871
6958
26394
20319
7779
5650
19521
12209
6746
26275
15209
13540
13056
17204
21611
30461
31123
11292
14867
25130
27614
8456
16933
14000
17501
16534
26269
17701
5538
1567
23611
15071
13559
6611
29247
4780
14405
26380
8050
32195
2869
27868
24677
22779
24468
31976
19197
571
31996
23674
31535
8754
13233
31697
15625
15944
30409
14268
6130
9940
24976
22887
7986
5519
11306
18548
11189
4169
21370
9037
25355
25562
30787
12729
12212
19292
14733
26030
3739
6039
3659
24167
21984
27325
25146
8629
22746
23640
31244
32666
3421
6528
25286
21524
5688
21841
28775
6967
22274
7580
4042
2942
29975
26589
28621
10851
27101
27245
17843
3885
2636
5625
12487
18442
10157
17203
322
5469
11681
26823
26223
28505
24934
28049
18445
2511
9814
27405
20213
19012
27568
29711
24829
25671
10139
13236
5147
4098
872
30872
23758
3854
7448
73
31673
29580
542
5884
28305
23921
18278
24447
26682
8737
25237
22383
5165
4672
10387
27563
10525
20932
5447
12552
3802
30287
16545
5447
7029
24509
9438
7236
11173
32504
6663
32111
6761
32532
10939
13696
23535
1176
9775
24679
16309
30489
4979
28546
7662
2318
27127
4115
29735
29151
13133
22001
13610
3647
31280
32382
20515
23228
10950
24536
13057
31892
18466
22612
19487
19659
6925
21032
20260
6522
15878
12135
16680
4458
10887
12851
4120
3553
11146
13614
14683
11964
22860
18481
17333
31934
593
1345
4204
1576
9640
12734
18346
10634
25200
32734
25635
728
155
1114
8695
11968
30450
13415
21722
22587
4697
32744
26994
17507
8789
23522
5632
20612
20171
20784
32323
5749
31499
25464
20122
11049
23052
25693
4712
11137
6137
1782
18876
2916
15597
18303
562
23314
11516
31567
30484
30389
26994
7434
31941
21562
30559
10520
15200
25438
3923
7766
31900
13324
31334
30475
4339
22246
16507
11805
4099
11298
3014
9349
30772
5271
25996
31488
29083
14615
12330
13319
14366
23552
601
12802
28889
26894
18352
26041
28353
14195
19051
16651
10887
12842
2666
16866
29120
23176
1405
10598
4418
22804
21726
13169
32465
4248
17407
25155
17915
26488
17542
12920
15424
15171
25494
19255
16502
12936
9297
32427
2412
24811
25499
11959
18382
29047
10528
27109
8008
19254
2456
21664
15086
25599
32330
12964
220
13712
21966
9394
10521
2269
8728
28296
15298
2983
18354
22800
14948
25679
4681
1240
30889
14317
29291
16578
26679
22173
18575
14589
23509
537
24918
4659
1487
653
1808
17668
13724
32166
19586
19892
6335
17388
29927
1056
747
2131
7476
12279
362
13836
2720
11558
15808
22689
16996
13460
29579
19009
20159
7440
32173
7257
21822
10376
16045
28260
25146
12667
26715
9987
3490
19632
26291
17232
23803
13097
29188
12399
1700
2131
3154
25447
31327
20607
28152
9008
21261
11157
9617
14606
5561
10247
28441
31517
25048
16901
1616
25900
30415
25328
30815
13262
12982
29968
14526
13743
28252
24457
32085
18213
23179
32395
9698
11271
17037
27594
12954
15298
22510
11054
3603
5033
27524
4043
11873
17293
14253
27923
20864
10382
8152
26698
22770
27184
2375
32315
2216
19890
12563
4394
11558
21403
9072
4873
27875
21397
14386
8175
18670
2686
14480
7365
4311
20157
4648
11843
19917
24274
15172
7195
26884
32305
11356
29811
4442
21585
4828
921
9273
16896
8486
29682
7615
8441
8155
10804
21532
8632
9303
12757
572
15245
4218
19908
26023
25328
16302
342
29605
31252
1317
9603
27045
12223
24419
24146
15583
16472
1277
1170
11577
19778
11936
22475
32615
15976
16980
3188
8791
25113
17410
2662
17356
16151
12084
28561
6217
19690
7709
10990
23088
1658
25049
17332
17451
2781
28662
8399
2763
16494
18738
25742
6511
11807
15750
12444
5736
32528
12644
26161
29274
25696
18494
13961
1765
18755
6215
6038
2181
3412
19325
28914
20407
14637
20967
5399
15710
24885
2331
23250
15972
10938
32004
27381
12964
10048
9698
5709
15112
31256
18322
18387
13038
31796
22032
26406
22737
21049
826
16185
27173
10454
22999
15689
13954
2901
2519
7187
28165
2159
18908
20291
12020
6501
29178
17199
5792
32588
13243
17605
22928
2728
4967
9666
9947
317
1666
28966
23254
5666
23445
17380
17647
10263
20274
7645
1241
14872
29234
16143
17130
23091
17729
25866
18369
27286
11677
31908
14123
236
10010
7150
29256
20458
22378
22631
25833
20260
26267
19823
16957
5414
16609
26366
29869
6080
9622
17557
17668
18081
10111
18549
31955
13351
593
10000
2068
16502
26995
2749
23053
31432
13318
8111
6519
11524
2595
7208
22496
17809
30563
6378
22606
4972
1701
19951
10533
2168
19211
1881
5450
30230
31302
26284
12425
30710
31764
17467
820
301
4870
17632
6413
16263
647
30704
30566
18718
22042
4462
16007
18475
11747
5247
31312
6429
13417
542
26144
3816
8602
24593
10229
20896
28432
11292
18132
2886
8594
3956
24683
22242
19422
26230
25077
9681
11941
28825
18526
3937
6616
15522
11175
16027
29474
9495
6541
29280
1462
28917
869
17336
32586
27813
17227
9830
15971
3885
31867
22464
21972
32676
23295
12221
27009
3816
30347
2128
18537
31123
23717
12020
26596
1578
1544
5256
9256
21400
15179
12126
27154
27611
11454
17295
11812
28414
16789
1425
21706
27207
25160
19211
28641
12209
16953
15847
30073
16796
27800
17833
21466
9924
6275
6912
1734
14960
2162
14747
4606
19692
30931
9278
1288
10296
25073
12053
27694
19714
4378
17480
21194
31698
23809
22223
15041
24197
31073
30600
11598
26108
11747
16519
18689
12309
29762
2733
28935
2522
16813
8572
427
25081
32621
26921
11805
16245
30407
10995
27506
4250
13348
31668
3309
26166
9583
28854
30077
28422
30655
5831
646
18287
30774
24464
5092
29038
31785
31010
21806
2258
5248
17362
11319
1961
4192
23111
28891
12024
4872
24529
20984
26543
16633
2300
3002
12251
18522
4710
21276
26654
18586
6605
6827
5468
23895
3436
5261
27320
20607
9608
5571
12223
14261
7238
16043
22242
246
6079
3273
22570
12924
31318
14790
9255
25058
3402
3001
17194
9866
14727
31398
29876
2876
17090
20292
25389
17167
14532
7940
16345
9613
4870
18766
23305
13842
10879
23054
3214
14965
1466
30063
115
9450
11051
12518
15340
21799
28099
32115
28297
29894
26562
1828
25519
29419
6093
11738
10313
25382
21568
31567
14523
17307
2245
14936
19223
28256
29222
4968
2452
14886
19551
21078
20796
3612
9976
14688
18660
27920
21393
1391
25697
15319
8895
1949
10233
18160
25366
30708
16408
19300
22151
25976
16708
1776
4589
26472
9299
4966
31458
29634
21212
4433
22487
32517
22507
26072
9828
18746
2297
4069
11228
31797
15131
22662
29733
32537
22649
25235
12998
8986
27138
23953
14914
3463
26974
24534
32165
775
28452
11246
20572
30755
4430
25918
22601
2820
1514
30695
26135
19070
24082
14317
10187
28238
27933
31641
27036
25760
12311
13595
22789
22741
18799
20340
32280
6018
25840
21139
24341
29628
6130
4798
571
4499
4562
28468
16862
14812
12447
25617
9914
6964
19990
29553
15495
7233
22737
10712
5326
9019
3515
16850
27642
30379
26055
10966
9394
7027
3042
30576
3430
21519
28454
30368
9256
9498
17744
31869
19646
788
4468
7709
11509
3426
751
25785
9016
31382
16542
15373
2912
6641
29773
8190
17870
3622
10866
19839
13495
9569
23068
31413
9152
29320
10534
23129
19915
3009
16560
28255
29968
4660
17871
28117
16751
26386
19076
16909
22788
12758
19179
24318
26365
7115
2741
31464
1192
25806
26328
26935
14544
13653
28549
7338
330
20912
24155
5300
6859
4751
15578
14883
31485
18117
20250
28415
12497
25163
5821
21941
7958
7816
546
4980
17739
28623
7131
4568
2737
29738
20066
966
16293
16214
4103
12695
18733
10254
2861
20600
10961
31373
5814
26896
25260
13390
4796
4452
19394
11542
32130
32248
31380
20788
21674
11831
18418
20743
5800
14357
32273
27074
30838
30451
23517
11116
9097
8643
25232
24619
4101
3180
8580
30913
20269
6256
29765
8791
23069
6348
26347
27002
14523
11552
13479
3683
5355
22543
5275
28283
3586
21737
18671
10014
24702
28807
9249
21919
13812
26999
30876
6285
12617
7002
9869
13877
2853
31113
15346
3176
21157
7423
23283
11647
9808
26995
23158
20123
31053
3524
21742
27442
14547
25498
6515
16839
26080
29259
13080
3576
30510
6395
31353
9150
5987
9224
26003
20465
4999
20901
2521
8714
3516
2500
1156
813
18473
19770
15658
15975
7224
8221
13970
24116
29185
29553
25031
836
19462
20996
10091
6270
15136
21655
6990
2118
20153
8510
3647
22267
21820
31242
29218
18116
202
7908
17475
26765
17455
1724
29162
15948
31764
13284
27440
21129
14453
10166
22544
26909
14934
14717
9153
11578
31154
21651
21059
171
18357
25030
21561
20573
24875
24576
19702
4639
1335
28712
32474
20390
25672
22595
20959
25300
31561
16863
10351
18234
12056
14257
30329
9435
15418
9853
20163
30770
20173
25910
23170
31607
22205
2151
28456
13599
27707
1233
13949
20386
22635
25941
7409
7808
5725
6165
31280
29830
24639
5847
10232
12109
7377
28330
31527
7173
16665
27339
21273
6512
31319
26313
13104
6961
13371
3048
6836
29255
20310
32195
3806
32469
7119
14902
2863
12068
27735
12411
19462
28650
21854
21395
10098
29133
27783
11240
26693
26659
7258
11312
24426
9468
24634
19860
8056
13922
31894
14098
5766
26847
1891
29728
31298
21312
21705
32402
14909
20377
7196
8125
27785
1417
26895
27869
26758
27071
11556
25268
1017
22205
1383
25716
9822
8924
2140
8671
9856
22417
12342
10413
9798
28142
13641
9518
24784
13420
27842
5680
7874
16871
32662
30755
17632
6634
3512
11131
12508
26157
4495
6742
22635
26972
6055
24927
24222
3866
7847
32754
4976
15686
13187
21377
4508
19069
7666
25142
28337
15840
12579
14553
12647
15383
5291
24565
564
17814
6595
11318
18971
10782
28848
28182
13253
21895
21122
17592
17106
22974
29441
6164
30065
23050
20197
32341
9262
15251
10821
4223
5132
16164
21330
29269
28372
26672
32069
4474
5548
21779
18326
24534
491
27803
17775
3387
10284
1223
6496
1097
4514
26318
31060
11919
8107
21603
11972
17394
11687
29240
26410
10579
1290
15297
26809
8812
22448
25658
32587
23291
13425
18667
13723
2851
10742
22699
11956
15119
3018
5283
13225
27096
3508
3668
18823
7081
10565
1756
25480
4897
429
4980
1417
14840
14803
27454
27326
31974
28836
16958
1189
7872
22442
21925
26168
18149
6113
3414
28519
20184
30919
22179
19653
4910
32179
7255
8066
19371
28007
32762
24985
11944
30696
14416
23114
25527
28302
14627
14027
2442
16983
2114
6971
21265
15488
25546
16343
32739
9559
7588
28272
13279
19787
20559
29725
29203
11333
20704
23341
16093
2875
583
351
11599
27650
28115
24150
23512
9059
17657
3655
9249
22898
12369
29941
566
25627
4065
3295
30438
12286
4254
14007
26988
11133
15152
7447
19535
26642
24566
112
2438
26086
1098
32579
31200
15776
13574
11923
27555
7291
25158
5786
31859
18076
10352
26555
19062
5026
10866
31672
16566
6526
24907
30501
711
31109
1229
7964
15273
963
29089
14131
21487
9363
12427
31659
21281
20589
751
3050
28768
25086
6293
22827
5704
7806
21161
28021
24091
21566
14342
7881
17947
18304
32436
672
10039
24972
20142
13717
11754
22016
8681
19294
23137
12904
26003
31488
19420
3086
16536
23363
23382
16404
9067
17252
18792
31167
1283
9227
875
29462
28964
27772
17373
9132
19423
20497
4613
20922
28252
32744
25818
14704
215
11481
27938
16013
13801
26027
19159
23598
19209
9607
12750
18147
29266
9900
16795
29960
2439
19813
5295
339
16980
16184
19139
7081
8150
31329
4730
31798
27998
383
30273
3260
4722
28556
28794
15403
26645
2066
2779
12403
29513
6044
3344
19094
10449
14443
32424
12545
7739
20331
46
21532
19486
21862
16278
8480
17825
16502
3036
22313
2364
8640
19431
12940
20163
19295
23731
25194
30368
4767
6831
31877
32351
620
6756
25427
7793
4618
21592
21073
29993
13318
18482
1178
25355
20844
23326
10680
31814
1338
30067
7354
13183
11285
9108
4486
8656
7227
15892
11377
4113
6585
23837
14349
9558
23262
6930
27970
24248
12527
27251
417
13401
10524
769
28660
4002
14771
10787
12058
30415
20372
23177
19218
4526
20453
3855
5205
27555
25094
13540
22889
5872
5575
2283
24243
5427
14809
25697
2189
10544
30339
15553
27544
30161
150
23268
14163
3691
30883
3437
12013
23619
19051
23140
9304
32081
8343
29729
10655
68
16554
30060
27769
8646
25395
10466
28702
28416
23623
24475
6489
29025
10286
6921
16607
18331
12381
3619
16351
20463
23716
14787
10970
18347
17577
10317
11957
1009
5525
3218
17421
10169
13
18420
11466
31513
16996
7114
28663
18373
8975
2566
18385
24274
28505
10517
13853
11199
21080
28422
12991
30901
6175
14319
10377
18446
12597
2956
13393
26389
2630
26154
23110
7692
3097
2243
9604
8564
22466
5227
26085
10376
4889
29930
26
19723
22890
24235
1019
6211
9326
25557
32028
24902
16762
25783
12705
24692
9975
24425
17235
7237
15890
25264
26355
4933
29876
10275
9678
18268
11189
6540
23953
3667
21837
17809
29279
19348
22475
1940
26401
30513
2185
26327
20509
5672
21279
28900
21451
2022
24791
4908
11747
19721
21601
14318
26811
11114
28104
10842
16592
21339
10917
1527
26274
27181
13971
13634
4806
7670
16354
17304
8246
9872
1168
1621
8427
22501
11124
24894
8366
10602
15805
10780
2603
22250
21659
28586
25159
32389
20284
10161
19891
24568
9466
2162
5313
8479
10195
4420
6519
15288
19225
1662
29667
30825
17002
25751
10413
6917
3299
3724
11763
9227
16529
15234
12880
19311
10792
26541
23102
6301
5368
19568
26527
15292
20252
9158
32662
3119
15861
15072
667
20578
5847
6160
10959
12995
4097
14309
25740
2062
7635
9624
5441
19150
4155
29350
17533
28705
9329
20927
23369
31163
24292
22751
28091
26925
16756
11963
17096
30823
12769
10078
3674
15228
9347
5140
4514
4006
24380
19079
5552
31626
26796
10024
29761
25789
30627
3792
8920
16006
30428
13223
29712
5606
28904
8518
816
7893
30824
21528
32256
9935
24703
24582
16603
4239
22919
27219
30982
15643
17923
31428
16704
1536
23509
26629
27802
11487
26034
25416
29577
25640
14546
26415
14138
21798
13036
3564
3877
18236
21601
4775
21733
19566
19128
543
25159
5922
32586
24213
13729
23848
32318
15078
12389
27641
18872
4343
9205
21052
27982
22357
8377
17039
26044
6685
15216
4995
12504
6938
15555
232
6600
15662
28448
4684
5490
16115
32453
19134
17204
2209
8219
1496
26069
4403
28742
9724
26812
7877
17402
30685
17760
26177
22672
28481
23808
20026
7001
8454
6804
22808
31538
7779
28931
31350
30808
5489
2454
23496
26238
23274
13997
21569
5405
16688
32433
6132
21004
24721
21321
25145
31312
13513
18641
8018
3381
13256
25096
22862
30110
16822
17416
27694
32153
9781
26236
17735
8246
26342
5133
12775
11674
11054
20253
315
30031
3386
28344
32112
27358
31808
1991
25
30880
5128
30343
9681
29905
3500
7226
25889
27878
11676
9501
3236
15136
21220
27289
27752
6754
2994
17853
11928
11328
21266
26092
9048
9560
23549
32723
1009
5093
3474
26782
28974
29841
5283
29036
12550
2443
11891
5888
28538
10202
4286
22969
1729
28401
4858
20932
4771
7811
31965
21392
21283
32408
7711
14466
8800
3553
4993
8171
445
27208
23822
15415
576
10188
10657
103
3128
2444
31655
16833
18979
20769
2854
8645
15054
6193
2303
21604
11966
26689
10096
5741
13519
1227
3036
26696
14875
7057
3535
24806
24861
20272
26429
11512
21527
20472
14858
3679
5808
30459
3791
28644
6882
5988
12508
24874
7443
31243
2937
3808
2946
14150
27762
2875
31973
25345
20434
31396
31313
16145
6382
30894
8281
26565
23717
18762
23418
11966
8423
10814
17335
6145
13684
22739
23424
11595
2534
8142
13784
7077
9458
418
18359
20279
8427
21220
26797
353
20871
22783
18121
27912
30438
16681
20921
7470
8656
918
24882
2502
11583
1771
6803
30406
28957
6133
22981
18813
4686
2459
8549
18471
5105
4369
22053
30655
3555
12879
18799
3092
11397
20674
22348
7711
24000
14401
7045
7316
20294
12866
520
10935
8730
31566
13964
24945
30546
11442
14200
9891
14876
28280
4097
3770
19199
1429
32147
31876
28771
4708
1139
29506
12372
4947
14242
20222
30595
32733
14340
22302
12685
4024
11969
24378
13952
591
18156
27179
12700
31346
27235
868
25942
16972
17910
17030
28835
2966
22731
11566
31090
11
4864
27409
24698
13852
18323
76
25143
24036
30079
501
18735
14942
11304
30966
5498
15062
3833
26395
15745
18589
15436
8809
27654
7425
7050
31410
24421
13180
22163
23910
19993
11308
608
27564
29825
12931
15079
14001
12260
15424
13886
5696
19124
13470
4868
19860
24079
26571
26109
29290
27787
17051
19196
19034
6707
14974
32006
4710
9677
29104
14772
25812
1887
27567
29657
12601
22513
26098
6501
31447
26259
10456
28809
20776
7842
25823
20508
14011
9032
28694
14142
27199
17474
30677
2107
17886
12262
31403
27314
10444
1636
7832
6390
7967
12876
14204
7348
15329
10832
4560
16086
22883
76
21908
11944
13269
24963
5512
9273
4628
27691
24223
517
28867
32301
23473
14800
25501
24870
24944
30933
8457
30641
30365
24352
27631
20456
11388
17977
20427
16168
23429
23298
25344
27413
6236
3810
878
25566
29955
9251
16710
13251
25167
22937
27677
2004
17816
31109
30272
22011
5813
20408
8776
9276
6695
19196
12014
21820
2965
19887
29984
7680
19577
29105
11348
2296
27416
17281
18716
10812
5559
14498
10746
26901
19980
25924
1654
703
28915
13600
21615
10861
26210
11172
6063
27278
3487
28496
20418
11087
14768
9312
30727
609
21012
23211
19975
12284
27568
4811
20998
27940
28172
7806
13784
28459
6335
24652
11766
17527
32040
11882
22737
28293
16479
23775
12390
23854
14699
13029
14867
12073
16310
20370
26793
23506
15806
16823
25794
10793
23564
22281
12117
6430
22634
26238
21127
7436
23889
6650
5316
22147
28065
31531
25103
9802
14484
18353
24470
17060
27125
20611
23946
12755
19085
26766
6957
19931
17631
9887
4397
13704
8725
32386
13872
20146
4921
30060
29104
15808
23208
30102
12553
30315
10692
1323
21200
18885
1770
25700
23655
5497
20388
22257
11726
30804
11039
7324
10172
12292
223
23849
30703
1056
18353
2944
32704
25193
16609
1038
2298
4176
29614
27240
15596
5560
31995
2609
4541
17660
1863
16191
8704
1076
32479
10489
8840
15284
22098
11523
27262
3542
28454
3358
16816
15354
31433
5193
26924
23754
26570
7980
4622
18371
12105
951
13974
23025
5805
7175
2430
30713
14741
30857
28554
29021
28688
32097
14176
10492
25872
28429
922
9944
28956
12869
6938
30492
3398
17190
5021
31326
29277
10128
2707
2849
14435
24781
24623
7326
2625
8307
10426
14020
16826
17547
18476
29565
32670
24306
27645
24883
5184
19456
22329
28307
19497
7272
13523
17296
29966
22111
25659
11179
12032
20993
29746
30066
24035
13552
16350
27463
20257
20798
25113
18787
26528
27533
29455
21787
28145
11380
17416
31073
17610
16677
3458
3213
10678
28493
17283
9054
19467
8252
1069
5435
20508
10054
21651
5567
4785
18281
8139
1909
16564
15408
11333
27616
5933
18902
31578
5311
24433
6319
18216
31374
31637
24516
4766
23632
5929
8893
32723
3212
20515
1797
24732
3990
27674
1064
13661
28431
28085
29568
3615
26287
7778
17168
483
20034
24651
20400
12342
25841
23686
10859
262
25027
24971
19749
5812
28004
1516
640
9834
26916
25408
1281
10927
10050
32096
6511
9273
30827
10711
10364
23810
12926
2963
7080
24990
5266
30433
353
9419
11322
20888
15471
330
8200
17299
17039
3565
847
19301
11870
30706
5933
2889
10361
22415
7369
25176
27619
13006
7386
9727
27047
8859
18537
4015
20414
19995
22231
13014
30514
12352
1313
3855
32132
23451
6755
4757
3404
12401
5531
8446
6687
14608
26800
29222
5045
8291
25779
23913
21579
30405
15204
25877
20039
14611
14840
5662
15643
19973
8473
4116
23915
28094
15919
18771
28786
10145
10718
25466
3746
31335
20431
9246
3466
12910
9140
26047
31997
596
10118
5370
32625
2501
10001
3585
421
16017
19635
28233
5511
27650
29537
11906
29780
15468
23018
6348
27649
261
7040
28456
15322
11255
4468
22060
9321
12468
577
22524
11929
16010
16844
4981
28187
2423
9962
27563
17161
5438
31267
19350
24265
14010
16822
21000
4149
16243
3804
31202
6904
1903
12369
4744
7739
18763
28177
7314
20098
1162
12895
24261
1744
23084
17420
18241
29970
6018
30198
27899
26042
25410
28623
17774
29355
16599
29728
25230
6485
24058
18317
19710
31777
24198
7514
20098
21263
6792
11566
16567
20381
662
22039
13314
30700
7779
29391
710
15646
22928
17214
9434
20738
4804
3903
22330
32499
8446
26279
27644
3069
17194
8836
22150
25154
11763
2978
18431
2972
11225
19028
28675
16260
899
880
13723
2099
6230
18076
31852
17158
31046
12744
18990
39
20972
28156
24672
1386
29145
26964
7738
30837
24107
29257
16100
29732
8542
6193
18405
3372
19812
29961
15326
2558
25591
17523
25976
20974
6446
27643
20123
22420
9294
22686
14305
626
4835
21901
9290
23512
21008
16430
19761
773
25124
15716
4734
11407
26733
21520
15134
12549
4945
4312
6576
28370
1178
5927
27009
868
13842
17268
30651
8078
3152
17096
27865
31531
3025
17274
19038
11269
25675
9021
28871
25589
17981
15966
16830
23115
14027
17478
12944
25711
21961
13638
25313
457
18966
28052
2975
24287
18475
24976
23092
5053
26355
28492
3072
8602
14046
26956
24070
29624
20273
16010
9445
26508
17824
25533
8459
8223
17438
25051
25381
10420
12532
11741
21721
10923
7440
11714
14776
15013
27808
3798
15470
233
28128
20788
23612
16647
21040
11402
20137
1211
15722
12828
10612
28179
24434
20492
26828
29908
19471
6616
9667
4891
1273
31268
4353
9536
27187
12730
1461
255
1178
18383
18642
2010
24255
20360
18551
14521
24562
9916
28590
1236
23967
4604
25178
27602
22238
22992
13675
9010
3653
19780
30548
19691
30208
19875
7359
335
8740
18307
9599
12341
13633
15617
3526
7511
31543
17742
24472
31737
9802
9579
30847
28108
25208
26160
22401
26897
13065
2963
1871
18945
20073
20775
30911
4973
27699
4067
24956
8866
14734
12581
29436
23183
26556
21238
32179
2602
2288
400
21639
4623
12128
10782
1155
3434
668
10946
13519
536
16158
9180
17120
23561
21538
28298
28396
14313
5048
23659
11425
16639
10519
9385
27670
9813
18740
8758
28418
27417
20883
18261
32300
5699
18781
27229
4898
1400
30900
20409
18990
26414
2627
5428
12422
8210
27417
25204
17091
8102
23735
707
12180
26671
28007
19478
12980
19918
19152
30535
7193
12525
8904
19878
22383
14300
1641
20400
1988
19388
871
14622
2949
23709
26528
1570
31913
12515
25333
24045
300
17390
31577
1652
32703
30714
1831
17780
3262
8003
8633
21171
9058
8301
20022
16266
32568
14884
15531
30624
10705
10752
25950
16120
4283
15019
28255
20782
14257
32069
3935
1533
23311
12807
26565
7941
5769
9255
31487
8907
25627
31996
18198
26882
1859
21091
10630
15369
14447
29793
1612
13236
9393
15882
25920
11599
5562
28065
31141
1248
22022
18432
18431
29613
9556
2874
24100
14334
20825
29824
20886
27172
18101
23873
30736
8890
11814
13205
3679
22059
27132
20956
16755
2421
1997
31138
19894
17452
31337
30151
10397
25537
12304
10204
26748
13316
22755
1231
24222
28904
29081
17611
6037
5510
26227
19034
13775
7269
25202
1229
23146
5369
7879
20957
4169
12905
18059
8850
28008
14230
17072
26468
24172
25688
568
1953
20607
18442
4772
26638
11610
7498
7344
17617
23971
4858
6461
25230
17786
9866
21135
23249
28495
29562
1464
1964
22774
7194
14420
21153
5885
12181
5751
27329
16957
12589
27876
9750
25519
9416
4992
4671
21121
17580
23558
30810
14441
17543
22779
22567
12346
17842
4325
7785
12981
24758
29112
6800
17825
26640
6289
30614
8478
18481
16806
15399
16182
10441
29821
5636
2485
13125
16477
29865
6714
8854
7427
14126
16527
53
17301
29035
17206
12900
5084
3167
3652
16310
22957
17875
17523
27601
1704
21306
26226
4467
13350
11228
1151
23987
364
15923
11832
20618
8741
5269
5294
9873
12559
11540
4796
4108
6900
2211
3991
22824
13788
13690
28581
26497
22657
22715
1939
12519
1539
31573
17826
3938
477
7720
1345
5747
24600
22891
16609
19869
26046
2891
5637
29732
19858
22997
20376
12821
17662
3094
27268
23174
13645
32385
18560
8991
11546
13969
1321
29914
32264
22959
8533
14854
25268
2901
30884
19858
16616
30324
13656
28552
23570
1555
13926
25304
3060
4409
7116
6231
19356
32270
27942
2823
13463
8253
3708
12697
14946
22172
30559
10544
14881
11279
24628
32104
12947
32682
22991
12695
14406
30741
836
28499
31239
17973
20985
32308
27037
31496
8192
26842
23735
29905
29860
29490
14882
10102
15170
17910
1855
17446
23643
29555
27061
1086
27878
14735
29027
7022
26603
9482
16025
5400
9805
31236
22663
8440
2280
1472
18421
4874
2267
15783
18997
6824
8743
20368
12374
29939
19578
1854
16027
7797
30277
11562
8235
18437
13844
17027
17162
4842
9759
15988
12360
22595
7708
12453
13433
32678
16216
27908
27749
10503
1798
9413
2560
11739
23255
4263
26012
15742
17355
4218
12125
6354
19270
25566
21741
12586
11878
24653
28530
11878
23444
18524
19901
8287
28249
10301
28356
24453
7539
23433
83
24774
20265
8252
13822
178
18395
23298
3162
2525
9949
28849
19565
31365
9606
22806
25442
19829
19587
20212
25217
18985
4977
16714
15199
8243
7852
27093
3154
20958
3937
11478
4392
12816
6635
9749
3097
31093
22108
1830
15097
14041
32601
10987
11443
7894
4908
602
2802
32432
2836
16000
11297
22141
7391
23494
406
24201
15035
29300
13834
31736
17738
28787
4173
26797
9204
8279
28215
4715
14209
8605
27618
30010
23271
13872
2838
29965
26208
2354
28421
31393
26816
21242
57
22440
2822
32345
3274
13863
21041
13090
14548
5917
13141
27113
21288
9317
11757
27914
25154
23005
24691
27374
32124
18888
19246
32137
18049
113
13644
19239
5891
19218
26672
9321
14001
26099
13581
17290
11619
21974
30900
4327
1432
28819
4522
4287
4899
22784
31870
24119
4641
29203
2649
22433
12846
3403
26071
24573
25049
22603
23061
22976
28245
19913
4108
16085
19313
11686
13853
31202
6089
16478
17900
25804
12606
27043
23666
4221
28069
20037
22606
14821
19388
4437
12892
4158
12386
27786
17545
12437
1031
10211
29414
31366
17505
13454
27387
8775
24160
28425
27997
9192
25701
19591
21891
31704
29871
30613
21461
18604
25621
8189
3590
14876
251
491
6564
29006
639
26702
1261
13912
30707
11905
25061
9984
19600
1323
1957
17093
13160
32356
32246
30756
3997
9497
18206
5908
11473
9137
31738
19667
23517
15856
28237
3300
18374
8732
17752
2905
5869
21855
18603
11342
11397
16237
19770
3254
7754
6502
30899
2138
12912
17406
20239
24862
31194
18651
15976
27526
23181
2879
7434
25722
7780
27622
19916
21574
23045
25650
32417
8933
16403
23685
13674
16767
13478
16878
7950
3376
13560
7945
21709
20235
26465
15392
3025
32095
26501
2710
25350
8760
8908
24454
17196
2857
22802
16807
1323
9801
5536
20083
21158
12412
13403
31368
29906
6388
18236
12622
1417
15863
28672
6106
13978
26338
545
30482
9060
8046
260
4370
24739
22578
20084
26063
16009
28777
7503
11002
28945
3318
31871
31528
4752
24741
3628
47
13452
18868
16176
7379
29394
26770
4812
22946
15555
5094
22169
6428
18671
19923
21185
22295
26341
7802
19054
30562
9032
30657
24707
26537
29222
1619
13451
6296
21382
5097
19438
4675
9792
24263
7019
10182
7442
2697
17602
3624
2543
3615
23729
23174
29594
17175
19746
11117
10612
31258
10147
391
18835
14522
31766
2938
27923
1131
1962
26893
28337
24270
20490
10637
32661
22326
32468
2415
32368
21861
4428
13110
17607
406
12370
1943
24207
28097
17553
12507
24569
25626
6906
1414
19855
32474
11633
32310
19072
27971
25541
17101
312
2526
24806
4818
31284
9736
12370
3349
21781
11948
26577
6802
6131
3666
4450
152
2291
28761
29045
24107
17948
18816
32090
6310
3942
18860
5626
31653
30484
6885
23237
4129
27716
4513
10475
28381
21445
12869
6863
4609
9000
12265
7097
27141
12826
18523
25546
14801
13809
8551
28726
32291
7044
2902
19373
25648
13120
19637
15130
5006
25464
23384
8848
20305
21757
9886
13953
12917
19951
22261
19762
2940
11986
9889
25707
6999
17892
14266
12147
15242
27822
2932
16700
12172
9178
32420
9946
9580
8516
28543
1593
10682
1108
28836
5392
4773
9354
11613
31761
9825
11866
25377
31331
204
571
5214
23889
31824
2555
22646
8260
8715
30805
27911
18670
25901
9925
27760
21449
11682
1435
19857
17600
30194
21071
4306
12331
101
2068
15974
20481
26474
16047
6609
31049
3385
27530
11943
1490
11960
14596
6807
1572
7579
26636
14505
20406
26064
28654
4548
15202
25114
20588
13939
10261
1020
18961
26088
5579
21208
28866
9794
27835
26200
19606
12811
17614
24589
31976
24325
16726
10326
4522
25126
21757
29316
3835
5345
507
19515
20220
8103
27277
15387
13792
11694
17826
13216
27715
3569
3031
22599
5053
25976
28837
26611
10678
22233
31705
15502
3196
17151
22341
13043
22162
1834
9398
30988
1100
23607
28710
1847
6040
15138
4658
18671
11807
27337
5838
14504
15757
6898
31799
29434
27180
12432
24105
1282
11192
10050
24915
31238
13423
11293
29448
27735
20071
21931
12599
7548
8996
7475
3741
22924
8554
32059
1849
10716
30032
22860
30976
6874
18070
4853
29907
6457
12600
28690
7086
10831
11331
13903
23586
955
21224
8167
9221
17994
17359
3506
23144
24604
2734
6750
13769
23042
18457
29436
17034
5163
2972
6335
11682
13824
5127
28673
10131
21836
27145
16519
29596
6304
2304
2822
30511
22774
2576
22502
23973
1684
1394
25413
9265
21811
7695
19007
8722
29537
27470
7533
24845
20772
13610
31915
23067
14816
13959
8223
27231
17786
22982
29303
5210
25790
9111
8305
24930
3326
16398
16801
30544
18172
26106
32367
13946
9483
1138
22367
29665
25712
28336
29077
9131
15886
31267
3224
2003
10819
17087
1366
14111
7181
2456
2664
4178
30577
25007
26008
28067
18205
7947
32416
11375
30028
15372
31541
23851
3050
10493
8260
12188
16376
14824
22652
28490
19507
9902
1036
9266
24304
20822
30126
11195
8011
18086
16612
24043
3456
11504
15745
4827
17049
5423
25708
7272
21322
25171
27041
2092
23065
15064
14200
15789
27841
14493
12074
19667
217
19188
21137
160
945
32501
15151
2587
10621
8729
626
22413
14261
29444
32566
27632
20155
21665
31884
19109
30399
14196
19898
19301
29664
11564
25475
27258
9619
23160
18088
26927
30025
15132
7086
21125
6220
27716
5090
14375
10474
28952
28571
15264
23254
9616
30143
14284
20171
21386
1160
7820
18802
7706
8072
24254
20870
14113
7915
26221
31030
4897
25597
5444
22219
3919
14060
13129
28810
15850
12750
16328
8156
19660
23781
11404
12204
14911
24610
22869
14865
19473
28137
25479
2349
31979
19220
7712
32597
21470
6202
17900
19057
23103
16433
17916
26278
9141
12241
8276
13363
7312
15099
20196
9369
4700
21210
12474
17151
10934
29033
22389
7124
15455
24118
18685
18358
16015
12389
2417
7571
17036
12791
353
20494
11130
2125
5182
31268
6261
17895
31502
24335
13533
18802
14180
24938
25329
3586
12944
30103
29856
20636
23827
4958
26267
12023
25174
27350
20911
9091
17563
24713
1618
683
30003
5331
1660
23895
15601
31371
20920
27830
2272
16613
14202
27450
28465
5271
9139
32484
119
31803
6563
6337
14615
21493
20718
28085
9977
11349
10483
27767
6020
4223
26201
21725
25034
30601
28394
21594
8447
25892
30629
19397
29488
32127
22798
8795
4145
4200
32201
18952
19672
24501
8039
22754
24168
9442
17792
23542
29264
6651
15106
18248
28182
2492
28104
10005
27534
11000
27759
30299
17743
19255
30309
16028
18279
3235
21058
25822
22606
15141
24156
18422
11801
31947
3989
5126
25584
24941
21112
28485
962
5520
645
25598
22583
15498
27592
11228
6887
13799
2737
16484
21193
21004
32287
21699
30446
14874
24510
7370
10607
3861
30355
1335
7844
1094
30677
16694
1174
30941
18943
20775
32439
21723
32291
26274
2513
11567
29569
18872
23613
29471
22872
9084
5717
13034
764
20931
22315
9644
16937
10279
2428
6785
15255
16978
31967
31469
27086
19321
8002
28284
16956
24358
27287
24997
12421
26427
23243
29684
23578
6964
32760
4457
27661
1196
219
15131
15652
11554
8584
17184
15916
22782
8796
32689
26255
29647
2868
14730
31529
4567
14044
22928
5464
10953
13003
6582
8274
29137
18189
15649
16572
28373
14976
5003
23160
15611
10051
19429
10430
4715
29548
23104
7278
30038
16889
29933
29860
16951
28682
27875
17805
26456
29261
25954
24954
31128
9913
11990
22579
1645
28287
18686
142
18213
9277
20557
16448
6513
17013
23185
1522
24867
20031
1746
10648
14135
23098
17533
9982
2576
13768
5570
26275
4869
7291
20794
2251
17692
31178
9933
26320
6421
5385
27603
16057
23211
14744
29305
15629
23318
12122
28774
22762
11476
5992
14495
13905
19625
263
19624
708
23525
19160
2285
19
20453
9295
28768
12659
15068
17254
23394
24272
4564
8851
3559
25188
5103
23287
30933
29833
14067
28376
10926
27083
15621
6225
13167
5954
22453
28744
32696
20767
31803
417
28460
14212
19712
7345
10779
17817
15457
32502
31327
22236
19631
8965
11139
5816
4474
19651
13867
3674
22031
9688
15023
17600
3391
32353
3850
9490
28258
1509
25587
7990
25500
4235
17737
13983
11615
15498
31156
29541
24369
3040
1418
27035
6576
17991
21743
19165
9683
14181
20801
13864
21874
7491
26035
14830
19721
23296
14135
15466
6841
17351
5026
15922
16015
4606
23562
11019
2057
24256
28275
11520
27862
11662
21163
13750
15582
24641
11891
12794
22402
10051
17631
7068
17957
16895
1280
23936
24555
9110
27584
15858
23232
20436
15628
17210
28061
1122
22585
18032
26630
573
11168
10386
25304
2918
2956
24020
28225
26844
28759
17207
24848
3271
24527
29277
11567
9462
1502
1948
23917
12683
16491
3665
8321
29685
8827
1911
1356
18975
12956
15992
19551
18919
26755
24642
29373
12498
11764
2206
23010
31742
26338
14781
12548
15448
17624
29204
920
31502
27031
21611
4376
16968
7425
5680
20996
7699
6709
10256
20007
10653
14332
19657
10267
31912
28772
4665
527
3385
2986
24763
8136
22928
29277
5300
27110
28253
27329
22121
13929
7473
17778
9236
31347
30515
15689
16950
18767
24596
3715
1582
17587
19781
2336
12043
25154
1383
8842
16543
10837
29699
19063
5332
21499
25979
1808
5956
25151
16192
7251
24323
9897
2118
17078
6847
19719
21941
12557
780
21612
28642
32173
18169
6522
17277
6866
9959
21981
29452
29246
12699
14616
7319
25635
22417
32388
10149
11587
18579
9365
12136
30806
20363
10592
23861
7852
8342
28762
18231
23571
19801
13667
10083
31227
21400
12547
32430
13784
31236
20979
30846
26312
28501
12255
8799
9846
24473
7018
19448
318
29644
28531
9021
29074
28584
1942
24806
10908
25022
32758
6431
30244
6598
8762
1153
10677
22836
9174
21825
30459
29196
6540
27815
7024
18422
17458
1218
13112
26517
6837
8795
13128
10261
13662
25383
20174
2819
32340
31808
19405
20066
19299
31958
2824
25851
17659
10530
18210
18676
15996
412
20227
23716
25520
19054
16254
19878
24473
10024
48
11820
24686
7861
1963
14486
7392
7054
10964
28996
16033
15405
31625
6824
22055
1989
31367
12191
15278
23344
8331
22529
380
8745
696
2934
23400
12475
5689
22156
8093
20729
22311
30215
17564
22768
22189
15481
128
23770
29802
30226
28038
20885
18198
16056
22476
13139
30825
32346
6233
1170
6200
32642
8542
14671
10978
21546
8123
25206
30442
31953
21957
11678
21989
1486
4935
3315
3223
3811
28359
7027
28249
28949
9226
4446
20413
30395
15322
23783
3189
22998
24838
13104
9329
31904
1707
11637
13384
4200
17330
18056
19673
7836
1946
19581
28210
10280
3191
6822
10673
20222
10811
12226
12136
15862
28469
29809
19142
17113
8663
17899
4724
20152
4028
6386
20350
20611
19946
18693
24499
7639
20052
26583
5966
24086
28323
8447
26070
11197
25653
1521
16962
24562
10598
22061
8801
15453
20495
6070
377
26425
23885
5062
14895
28075
4740
3008
14246
16466
18339
14950
16875
24095
15017
30028
27025
8551
30824
652
22168
25398
17032
30396
32404
26855
5840
12061
1546
20465
15265
15381
20766
27652
30147
20448
1899
19285
19301
1410
3891
21814
30814
5120
17336
14057
30649
16847
27369
4790
18033
11405
11841
9531
17273
14575
6893
21764
20735
16123
27949
24667
6898
18039
11004
7521
9922
26529
20979
94
4199
9248
7275
23638
6308
19515
8674
4573
26765
17481
22176
8235
11847
15976
11929
19571
30479
15474
26518
21361
27261
28205
16016
22851
19210
16322
5212
2937
24529
11377
17806
10607
11154
10626
14743
26331
5372
15743
27952
23714
25644
6048
31740
31728
14705
15239
28008
14215
24914
5421
18647
22359
10706
2333
13564
10831
7410
21728
9862
2676
17528
21432
25091
26416
23279
31633
21758
18924
3567
9780
2667
2273
13726
31422
15942
7210
9591
2896
21622
18718
31306
31497
14071
6110
2436
16433
24376
18218
21937
22199
3778
12921
11327
30430
31515
24136
20613
9267
28906
7858
22532
10434
12891
3137
7148
20617
5317
15108
25570
31021
8587
26593
11776
18924
15936
4141
14365
10195
8206
10106
11855
14897
3672
24496
8879
4939
14494
14176
12892
20817
9121
16980
31683
19345
29128
24683
18973
8171
2755
22180
6712
13445
26222
32376
23675
448
32504
32621
6181
14442
11844
18152
21461
6197
31375
12866
26447
2663
5716
7967
6781
21716
5996
22011
13748
30985
10618
774
26425
5067
16262
12594
8708
20672
2280
31626
22979
18027
11624
26821
16418
20062
5283
9499
26442
11690
15537
3671
28071
8603
25604
17966
5871
9378
2707
16079
30304
32659
3640
30139
3657
31504
26199
20695
2251
17733
17089
20927
28129
24535
4568
4958
31390
10774
12787
17852
32182
23418
20996
7190
23872
589
17784
24884
10682
23205
20318
9719
25166
4501
10444
15922
20051
18596
18046
32698
4119
28030
8641
30657
21724
14826
2191
2655
17952
28668
14588
12402
8226
9868
19409
18344
4513
14823
12918
10458
18663
13507
19477
30876
20998
17785
22012
26130
10850
4974
15171
19461
11631
2258
1967
26677
16060
25742
471
7409
21809
10359
12421
28902
19349
14280
20319
16693
6738
14799
30407
22984
24189
5350
31487
26597
21009
5541
18065
31491
6523
5718
13294
2013
2652
15017
10837
8646
20362
5034
502
24124
3672
16367
29528
5823
28951
23574
5624
31972
15068
22383
12851
13477
18564
245
27237
26875
8950
24707
32595
3759
1704
12356
13254
18796
1125
2668
4985
10010
8013
7973
8501
9575
3101
1740
12347
13734
30128
1118
27874
13021
27334
19501
22657
32281
22789
8920
15503
13573
14653
26745
22793
14011
20720
25632
21012
27354
11538
25473
8420
32473
14861
745
3036
3483
7432
12663
27127
25923
12905
17800
13670
24393
21912
13683
12667
32462
22022
18551
10181
18732
15727
21489
125
3282
19292
22738
14880
2639
18923
5457
1118
13228
8146
24285
563
30207
17314
22614
30548
16701
29769
22652
25804
16976
23259
5288
22759
873
31122
25530
30287
26264
3091
11602
30325
11930
15602
22851
11058
2546
21625
21316
17327
21563
17573
30441
22658
444
13938
30674
793
26941
31832
6691
1116
24601
3606
20275
16014
23701
29102
2697
1652
4720
13745
25348
4026
15803
24764
21593
30866
4075
31299
13507
14494
29485
4237
13045
30480
6137
24576
28756
3088
234
32671
2915
12638
205
14033
11902
9784
24312
24676
30412
19070
5597
32465
18287
29972
24542
26050
23805
2440
1635
7377
13620
4340
10026
24467
7913
23078
25567
24277
1602
25855
12269
10021
20773
7449
12435
20629
24560
10156
25402
23483
1643
18611
32262
24572
4347
9034
16043
28427
10776
22875
7042
20908
13312
20089
2780
446
27309
4620
21654
1400
25093
13487
8685
4083
13394
3286
16276
2792
29937
11956
17924
28092
15182
7004
7188
1465
23056
27430
1993
5023
5776
30548
16751
25179
29840
18165
15592
15126
27178
17162
7493
23153
4102
30184
1683
19215
8656
23005
16887
18773
25321
31510
26622
5229
15197
28864
1326
20625
8470
29038
27873
24198
8527
1723
11859
19558
7755
9264
24569
17315
5446
9576
13588
6217
172
30577
4487
23939
10889
29046
4069
9057
832
8347
11727
16856
20609
2857
4733
21771
18549
12011
9114
20168
27963
16088
23637
16726
15512
25585
6837
18286
2026
1389
22316
11655
2142
23572
31344
16471
867
21737
17798
25750
4959
1803
31
23557
26784
16605
24872
23471
5781
28773
26013
22382
16702
27378
2462
9906
16097
22530
6084
26238
511
17250
693
15539
24454
6807
31990
24721
1352
6525
17153
3195
13484
27182
19352
15610
5539
31781
21080
24837
13790
22180
28817
24448
2111
27218
14421
5634
30861
9769
1487
13531
26475
21391
31446
7254
8843
32195
22722
7995
11551
26747
11391
20120
27792
22988
224
12993
3443
15177
2869
5526
13497
22127
1567
16900
20773
12353
11939
23759
8452
18479
6014
14990
16408
15932
18104
22263
20949
9312
20860
20828
7120
32555
27175
4726
9332
14764
5279
32610
10742
4241
29926
24041
1420
14479
27631
19972
20186
17413
30384
31903
21421
3036
888
29598
14316
8113
12675
11038
20940
310
11980
16381
5698
11989
10274
29596
10686
16791
32638
22755
26902
8773
15508
21126
32448
6605
27560
18055
22597
16614
24227
11005
4082
4855
1126
20499
7889
10293
19038
2899
27352
23308
15448
10277
1375
23745
22167
16786
11736
32085
15908
26958
27834
10924
21350
16374
23230
27375
21234
25238
26702
22062
30884
20846
14650
21322
22767
13302
26798
7186
25713
7711
18785
19628
18891
15068
30222
567
10671
32737
17960
19630
20795
20138
31434
30735
28293
9920
14317
28861
29559
19768
7645
18211
6877
3452
5870
5787
17340
30542
11626
21390
5861
15881
32207
17628
10955
7466
6455
11390
6546
26128
27672
25450
15720
6912
32045
27830
1816
15212
6324
17409
8924
9589
15322
27407
24435
12462
21620
31411
2932
26147
10479
15090
15586
31130
31882
1637
14080
26648
17346
31967
25191
24487
32014
18768
2901
21591
461
32489
23112
26243
25469
20865
15052
32341
10541
11576
9361
16524
309
29018
31424
16509
15140
21126
30095
4952
7674
10255
18964
10413
28312
10402
1110
3119
14964
23081
18346
29879
14993
14576
26941
17548
25263
23046
6381
24289
28863
3303
3165
30367
4249
16471
24648
14949
26609
11921
9237
461
7815
5281
17324
24562
13983
30991
17289
16175
18865
17853
782
27177
32097
14610
31006
9743
17585
29272
7911
16928
16758
7523
31999
16494
23049
372
3763
31714
22334
30557
28572
28545
7834
2789
1907
749
23744
19309
10277
47
13357
4052
21034
5811
17445
12697
4883
3988
7149
831
12899
5915
28219
1526
8352
16258
6379
8823
23722
8445
21747
26928
17227
15099
8857
7585
32014
31400
17892
4358
32341
2743
26448
4150
19878
20576
11461
26827
1094
14756
24266
18819
15625
16600
28151
486
25960
18785
27816
25897
9428
14781
20729
21587
20042
30403
4846
13214
4136
9259
31473
20256
22079
20048
13442
29354
4649
24885
31018
14577
24028
4294
26544
21995
11392
5729
23440
24700
32126
26517
22697
24402
17882
18986
24374
7438
962
26977
15359
1956
12391
20604
10449
7940
1035
28289
20779
14074
16475
1852
3898
4178
29952
13699
29959
3393
29297
25278
30192
1280
24331
22438
17493
31418
8803
19020
14227
15272
6875
3421
20022
10363
20851
17573
8298
11770
8162
17107
22195
12524
31974
29820
30942
28984
25304
31842
10552
10315
1155
25845
8189
26298
17462
2842
31507
29992
8472
9772
13816
15467
3772
4416
24058
30954
27381
14766
22182
15689
1516
22221
17026
2121
28783
20221
25599
29161
1164
28139
2729
13266
23647
20496
24737
4337
11048
10107
11341
24678
11424
15825
23118
16285
7822
22418
25522
12218
30869
23709
25707
8763
22096
27127
30208
14552
18337
12488
8835
15534
31557
18086
963
4253
30636
19222
25282
8943
22024
1616
27498
8762
13221
25923
18555
31111
19832
30425
15304
22451
31226
20092
1699
17942
30007
28633
13974
4707
13089
10212
10836
4047
11307
30492
25326
29558
22547
28944
30026
20474
19199
13602
12242
29805
10444
25739
18537
12913
25251
14751
9891
20381
29389
9298
7733
9763
2760
4092
11690
14512
26522
13913
5464
15764
16485
9172
23187
25891
828
20741
2848
24411
21557
30072
21740
25799
703
30640
17918
18082
26934
7787
18603
19008
27317
26408
12297
21418
812
9703
26790
9097
7602
21040
8569
11333
9500
9558
280
17005
718
28157
15148
11354
32721
15578
6690
21775
15398
20154
20772
9828
12378
22470
10824
20068
27995
5125
25863
29683
3722
16674
22768
7860
4625
25968
12445
22057
2935
2091
20711
15388
25714
16129
16470
9790
8188
13520
8923
31503
21416
3506
7618
22013
19255
19511
14306
14032
2662
7153
2583
16453
8459
9526
21490
18937
1376
20001
18606
18825
26783
3290
10342
22264
14799
12055
31110
20561
19165
15075
30336
24717
19438
19615
960
28086
4340
5702
16865
12877
21887
25589
4129
1514
29399
18858
4882
6434
15431
24139
5011
10413
30139
10219
18943
27592
6286
7498
27044
16857
23197
24730
119
25426
11168
6025
32517
6615
7354
1147
31917
17315
26190
17687
3085
9768
21
23046
13242
21493
32621
23543
24372
10717
12276
487
23577
10070
6742
23711
14232
9759
28003
27518
4137
13606
32101
28280
12155
6824
19888
6495
174
16794
22650
3169
14019
5704
2285
13779
14161
5692
7035
301
7545
5985
22642
30549
26907
2664
23760
13344
11850
15467
25944
21782
22782
23504
20453
17781
22793
17521
18175
2937
19021
22265
19372
31451
27947
24465
4488
28823
831
20413
24856
31731
25674
20352
29788
6333
24431
27079
419
24276
15523
22533
26787
19178
29279
12570
13769
1159
25495
32633
28622
17745
14832
650
25483
17804
12334
8013
25102
20957
24811
17473
9453
28243
28047
17540
19674
10919
4476
28219
11896
3011
30089
24628
24942
11906
22450
25290
17849
1975
23310
18441
29510
25968
5121
5907
18368
5500
9394
1730
1703
21802
32191
2959
16290
28244
5936
31923
28438
9628
13738
5260
3319
24054
4069
20545
32222
5479
26720
29353
6748
7948
28500
11881
16527
15965
230
15197
9202
1971
5024
23354
20345
10760
27426
4465
3550
1534
25365
4694
11317
13859
26209
11649
19143
27764
26272
14196
12317
18720
26578
13951
21083
3726
29778
22241
2768
22176
3337
27184
10186
11578
27105
30203
20655
13310
7804
5549
28745
13146
30503
13236
6498
15557
8713
24035
6545
16965
30880
14613
11859
18229
32111
22548
4189
3653
25072
31161
18737
26818
10448
29268
1776
2840
14427
17485
25199
2709
28982
11276
19340
26735
7500
8983
4035
19977
19210
7802
12028
24178
26831
3180
29351
16686
13470
21807
31499
19002
21527
25400
14043
25418
10405
30352
30987
6741
13304
18298
8417
31059
8374
15446
2127
2886
17261
14021
11392
12919
10189
15374
17585
13314
32276
31937
15170
7316
31945
32666
15629
25204
2733
29607
21238
26816
17647
28077
14787
18426
13727
5321
27695
32707
20069
595
4921
30181
31603
22791
20674
26263
25272
22375
6231
10749
9046
26971
2636
29423
10583
32027
1290
27387
27035
8014
24745
20397
6677
8820
2242
29965
14904
21889
26750
20842
32683
3530
23795
30294
31556
2085
8625
6898
2612
25932
27543
7020
26495
17795
9708
4549
29104
18299
1451
27608
30922
28277
26397
8856
10369
13226
10669
30361
25258
18155
32249
21970
7665
17029
23077
20129
7370
22119
2164
13327
4266
11911
1049
22358
32118
6273
6218
31392
28988
11393
30103
24850
25633
32100
12666
8201
21658
5146
25647
5539
29663
14927
22725
10370
30365
22602
886
13516
24043
27157
12852
19062
19584
20446
11140
8387
15395
32157
12175
25351
10082
19959
3958
15025
31623
31842
20199
14984
26312
2699
1006
3893
22206
5365
26893
6402
15129
23266
21902
21217
24721
32118
4120
10928
30752
14874
12161
11963
7790
9247
32227
13443
30605
8611
4594
23742
13030
12217
4748
6302
2931
12740
22674
5206
6191
20516
25335
10971
203
10773
20758
18151
27299
24275
22345
21828
12784
12803
25015
11335
17215
20302
22893
3227
10530
29007
16305
7999
8741
28591
5010
5330
21251
30862
13764
18959
26906
31013
16043
5524
16669
31146
31414
8935
26121
28788
238
32442
31834
20576
6095
14446
28030
22131
23638
15575
26506
23233
24411
20031
1324
10381
11553
15789
12768
8625
29484
18791
7783
12609
14418
17589
22902
20843
23317
27880
24747
10401
18992
3995
15812
507
11120
26169
1043
9430
25797
19135
16941
20418
15257
10691
15331
23195
32352
21942
115
17397
27761
8038
12543
11709
20500
22470
2877
3358
32476
7922
3185
4514
13367
9326
16536
1946
31299
15534
4582
14783
5347
28636
11379
5657
8979
26069
18994
6688
27256
21365
31522
18978
315
19732
15816
14308
18968
8784
31708
23692
30386
9997
16195
18878
1066
3515
13117
30214
26095
14040
17888
10358
21208
6581
32197
18320
26736
10876
22529
3942
6289
24946
16982
29439
5428
18298
1451
11517
11911
11227
13498
17277
22336
26434
29449
831
17201
20491
10267
13831
21533
17340
29415
6210
18635
27090
29065
20973
25176
5057
12600
30387
29649
24118
23160
20821
4098
30623
28048
32335
18824
12269
9023
6585
14638
13720
17835
1131
15990
9188
5530
1124
11893
18020
4068
17517
25828
13756
10025
30457
27509
12714
17855
8272
11107
23624
11246
19436
23885
14987
32352
12579
11076
7696
6355
2823
14627
23576
30993
10123
1822
30161
22050
29159
25246
5591
14272
31805
22861
1786
8715
19580
25196
2114
10622
28805
12909
8752
802
7564
27838
24903
25857
24257
10211
6603
19166
5936
30663
6345
29475
23270
29268
26199
10267
25430
25153
32029
10593
8955
7211
6932
18841
15422
10728
3982
5213
24473
16408
10871
4218
21757
12796
12506
29277
13425
22412
31398
21192
4605
6595
7603
15818
8390
6462
18944
11757
4474
8965
15167
18353
12270
26537
25491
26937
1030
10383
13208
25157
31190
20363
9124
26720
21766
9392
25164
7003
29563
5735
19498
11769
9011
18367
4318
1772
3953
22788
10579
28160
2331
7827
836
6551
11872
14828
1534
12373
13725
18697
21607
4892
24450
8175
28735
827
21617
16514
8870
30946
28966
1181
19934
15834
18077
11874
3155
8306
20784
21199
16600
21181
11009
21138
31796
18938
15767
21791
23517
12884
14028
31231
17923
19148
17638
13419
9936
15731
24068
1305
4847
18396
5820
1622
29515
18385
19458
32341
7705
69
9291
27591
280
10890
11251
16555
16663
10180
4316
16232
29369
26270
16729
11801
20597
20795
29258
21544
4576
22384
20616
30238
18479
26928
24963
17337
25591
30023
22313
27712
18488
16459
23306
19731
3738
10192
5306
28294
24822
9692
28535
17135
3096
10395
25356
23550
12228
4691
17397
2637
12278
30105
24260
6968
19310
25030
25284
10479
31596
21413
24539
12489
185
7790
23477
25564
16870
24824
16926
26058
24280
23338
13488
28125
7557
14259
32175
32343
5112
7674
10801
9731
13211
8280
3970
16
6581
23174
16326
26143
18738
21585
12768
2203
12707
31893
8339
24905
10117
20584
25831
13344
12742
662
20431
4698
20613
14158
18184
5067
8474
10266
10564
14962
854
17428
15752
13390
9227
8280
12755
28530
4303
19637
27904
13404
14590
24744
14317
14979
32766
21642
477
27439
17607
31496
17435
18061
674
11988
18657
7939
28464
2202
22903
7873
14767
12598
6047
19353
20345
9252
1585
32016
18893
30263
1283
30901
26834
29838
17419
10417
16345
12229
29128
8352
30435
18280
10461
25759
17763
2477
24832
9894
2629
15202
26386
28185
9518
7204
8335
23961
29958
31442
7721
2848
8116
28225
16816
7757
1832
1585
31541
10492
3999
2176
24943
28186
6946
3742
10590
2744
24144
5953
16685
13661
29278
24666
4701
1953
18524
7495
12064
1527
25018
23882
28419
22987
29194
13882
16080
29133
19975
1912
10163
31884
19415
26917
20891
28998
30861
7058
1251
6910
18162
2808
28466
22992
7045
15210
12192
3714
22976
12551
28186
25691
22173
10356
519
27960
21593
13194
27691
17372
27512
3659
10188
10376
1289
16411
5908
19403
18987
23853
3767
15260
11472
31803
17622
9894
28097
13434
10018
27107
17379
14285
23620
7276
2232
23864
29821
3472
3624
12184
3465
26915
386
21650
28106
30232
32702
24522
23202
9043
16133
26197
11809
22200
29043
26224
28640
12936
17691
22386
29996
17645
9547
30207
19559
21971
8466
8319
30636
18170
6912
22478
15026
14921
9773
14389
32755
29286
13436
32410
6413
8579
31265
28147
24168
6779
10849
10497
29209
6173
29081
21562
10758
3783
20610
5127
25931
15416
15539
15151
20701
27039
10856
15763
24429
5111
25473
15133
30864
28311
20430
14067
8988
29701
4745
20208
11989
30988
8484
1876
8521
30222
14150
32442
27128
31387
19472
7755
8632
32577
27812
6706
22872
2470
8168
22095
15236
22229
14215
816
1512
32726
12857
1853
7577
19585
4933
2098
17072
10387
21316
10451
10040
28418
20007
20187
27978
32654
21115
1333
20598
21145
13804
20078
32357
32568
4872
31595
25277
26506
5190
23127
27205
32585
28743
20960
330
24734
31579
15523
20801
9018
29255
6372
429
10658
25158
24707
67
22730
21069
7467
5196
28134
4499
3277
16716
26237
20305
27213
15585
11967
24518
11899
31725
2584
21119
23876
6903
27141
15829
13098
9679
10023
25527
18161
625
20630
5034
29595
812
1399
28173
7831
25604
3281
27810
11830
14164
8092
21578
17502
1464
6427
29712
4482
9513
364
21865
21457
2922
9822
16826
22190
8100
13954
16667
1633
20301
4741
30299
27660
27213
18620
31812
9696
2660
28417
10272
12176
2502
20158
21884
3846
19721
5959
7979
14678
25665
2669
10638
17392
18282
22352
25107
13849
12806
6004
22524
3740
25094
8727
4706
20924
15854
10690
1913
13166
9781
22559
6421
12741
30186
23562
14957
13230
30366
7658
8991
32733
19325
3650
13173
8199
6078
17027
28135
1106
25662
21541
10721
31498
2151
13813
25542
20629
6743
29617
20020
11177
10814
4050
2186
31164
19720
29609
7847
32700
14909
9645
13813
25345
293
14868
2983
16000
6447
12704
10302
6209
20883
15036
27730
19219
25655
2247
23183
14462
12240
13744
17150
22265
23881
25027
13189
28765
29800
1474
20914
9370
9135
11064
436
1192
16256
32522
32426
22977
15493
29263
18465
27854
10575
23905
2263
25119
27453
22836
23237
32094
17056
17127
3165
25030
23068
7577
19217
8848
25938
18046
22292
14254
4795
12082
9316
10940
21719
4685
3336
4148
18056
22071
30870
8417
11960
4670
7417
1942
26434
27109
15473
14111
11024
12927
1243
23672
3969
5885
29747
16701
11533
11781
26199
12898
15147
13892
12302
16164
9074
27908
27464
25663
20479
13057
22696
30562
14616
29560
31295
26336
30222
386
19355
8616
21864
24480
15104
15223
16445
9623
18421
8524
27874
30846
27394
29213
9414
18709
10937
20424
8601
19544
499
15436
17844
25172
31580
22329
13237
24378
9778
3941
2409
27314
18505
7393
16880
26993
29011
22315
795
9486
21342
15269
23065
9745
1182
14406
11091
29774
3693
3728
22932
12657
28048
25282
26733
16857
26556
19278
7640
30634
23128
29837
26395
29725
26245
11442
1263
13083
7772
27645
17122
29963
6006
11569
15866
31464
1714
10823
32411
18582
18738
20836
27050
24950
32423
1545
19699
13112
6351
649
2760
8944
1084
28097
10475
28780
20054
30979
18095
25541
27811
6739
15961
31029
2374
14038
30156
32552
30918
20871
8806
23190
15633
4652
1061
25999
14785
14473
23566
7192
32157
20435
8655
2869
17763
13927
15523
13895
7109
19900
17270
26264
15025
26262
2122
6453
4565
15741
29401
32508
5731
7022
28283
17141
16401
28368
28491
2790
22373
28841
21125
26145
31023
10770
7731
7841
29527
28137
25609
8277
24280
6853
19341
27324
6925
14639
1915
16562
3628
18959
14951
2698
20240
22884
3748
7772
7227
10552
1381
25248
17435
2260
16674
32508
25228
11312
20285
3931
6047
6061
13542
3391
7065
29702
17212
25432
21567
24196
30388
24405
20305
2418
26047
30202
18005
16593
679
3443
3989
10061
13498
16872
8299
16239
3243
22609
1212
5395
6197
21388
28611
6941
6401
24492
18960
4456
8906
1941
24784
1791
25791
26822
6734
19600
8745
22901
21434
27421
7757
13537
19498
29429
32660
16868
16606
14051
28137
26567
7880
18341
28771
9563
27979
17311
20004
32325
22084
20177
30337
21146
28487
18183
13411
21676
10283
2127
12524
4387
712
21936
2398
15695
30719
14873
31801
16316
11771
30104
29092
9991
25527
19148
25358
753
13760
16541
26133
21426
8253
11306
24231
912
25132
5891
7271
7855
9710
21913
26450
15659
4870
25075
16290
21348
11550
20130
21746
23705
9290
26102
30884
5049
31377
18802
3968
11893
8874
9598
18077
20122
31747
19804
3973
7582
20488
21341
10132
18040
13473
29013
11937
16821
30716
21836
4321
10185
31118
9846
18439
32163
5204
22118
14256
12164
32351
4734
10495
11792
16783
27050
10628
24998
12703
31310
20835
26605
865
15484
13490
20399
26955
15467
1058
18155
22835
22820
8418
28453
24407
23423
10176
19457
8864
31054
14226
16
32296
6360
30420
19434
21497
26761
7314
893
32024
7911
137
28068
31426
30408
30345
16892
19701
15298
31005
14579
4658
31460
26478
25121
21634
11171
23141
13532
10167
25879
21776
3846
31988
29544
21575
5674
20335
24963
399
11975
3702
19217
3390
32236
26800
2729
29664
10501
23718
6212
13018
18421
12929
11250
12365
15717
17173
30924
23101
26971
12319
5162
16627
27150
29131
23830
12447
24313
23930
30720
3650
25134
2497
12979
31691
11245
13237
25735
1920
5237
2406
7896
27296
26650
32169
16824
6983
16792
2331
18657
13713
24231
31842
25837
2
8911
18358
13514
3878
15486
23457
13160
19572
8280
1794
11700
25720
20174
30296
21706
24626
6130
14397
16486
28089
20873
27441
30108
7203
13154
30873
17866
3753
19943
263
6602
27399
20210
23996
32108
1826
2274
23404
32547
6637
28653
4673
14334
29581
440
32546
4058
188
19236
16948
4567
7531
107
9889
25864
31403
23405
22425
15727
7117
13380
26263
22824
11976
2078
1766
24036
17372
25164
8803
10905
10357
23446
11140
29048
26962
9170
20633
11808
16358
18869
29778
19473
28415
13544
3970
4451
21157
1630
24610
8632
10053
21222
2457
11631
19471
27644
2619
8474
1180
10981
10767
26930
32212
29179
18133
7690
6671
22597
8519
11266
18554
13130
4000
19453
27581
29479
14683
24597
5082
1248
16445
2189
3928
12020
31381
1286
6050
7220
8899
13814
7338
2260
8183
21079
29649
17859
19515
9628
28171
1592
23476
27113
6462
11150
18724
4739
12524
849
27572
6790
530
11161
6641
11222
18000
4502
32276
12887
14921
15981
32646
12129
29517
26178
26019
24942
14390
28054
6079
5142
24975
22740
7782
11326
1276
23078
18920
17548
28629
29069
8725
28190
13589
21297
838
27003
21107
2038
3229
27593
12494
31823
17293
17473
974
29015
4252
30177
19657
1054
31079
6496
1251
16192
15335
7015
12922
27325
12020
11006
28097
3588
3079
27717
6314
22609
1604
17252
19978
25401
21176
19396
19448
900
1503
20352
23925
7226
27241
21270
1875
10240
13629
2403
31823
27813
15039
17358
7297
3321
2382
12995
1014
27870
3345
2659
27803
7073
8436
24441
26460
14474
12525
20656
12430
1457
20868
20484
9098
7444
28818
8311
4507
31719
841
23557
27
22571
21876
5593
4568
29826
24064
27841
8125
26178
15548
8672
17582
456
17757
1955
24755
24847
15301
23798
22361
14465
9605
26807
3413
28172
21664
26986
26987
9849
3986
11567
23694
15609
31376
26098
13641
22785
9746
3554
16989
5720
26255
28708
2220
29551
22919
10696
4181
31216
15303
14076
3361
21913
29929
24703
26142
19787
31770
7513
24713
21086
31264
15562
29169
6712
19611
27776
32154
30238
20106
28428
288
23881
2578
5783
29788
23869
14203
22481
24715
25686
11644
2347
29357
6820
9912
8774
3372
15609
136
4011
7358
11839
22267
28348
13452
13071
8731
17899
13716
2944
14450
3369
1356
24381
23245
6817
6024
12251
11584
18343
20381
17769
16746
25067
31943
18760
5626
15603
30152
829
12146
30664
6098
27844
11820
19183
11431
3751
1434
29338
31743
23760
14545
2336
3114
1115
16457
26027
22006
24560
31966
21296
28627
1616
23579
13221
29749
10029
4536
25454
10042
10815
2657
28952
8077
17556
31674
32073
30346
30760
13727
22263
17315
12725
6320
10201
26370
30924
22029
17691
26479
26149
23646
30806
26485
21556
5655
21695
30144
32252
23802
27807
15562
40
18141
31491
21943
28760
12205
21940
17021
32441
9395
15209
21319
21976
5398
21052
31516
11448
27553
27227
22459
16162
30151
22784
28874
8252
15332
32675
29232
7005
11974
21358
26048
5920
20076
30961
12311
11959
11789
18455
21703
30082
31069
19544
17845
6368
24331
5425
16831
21574
1166
27345
1698
27534
26401
15126
23067
8081
19980
21175
11853
20727
12838
14019
25955
17742
16024
12874
30838
16986
20195
27737
1457
29612
3621
6700
2483
20086
7064
8608
18484
26526
22619
16359
10220
28689
17013
2175
1456
19290
279
20581
17119
29811
1569
22918
4860
9435
26856
21110
19612
29160
24118
32356
16771
21599
29075
6478
25098
20034
25539
19569
12228
8937
21136
18180
17248
21844
3530
20261
27089
24768
15755
24340
7341
24440
15807
8863
22995
5102
21220
26845
7761
2058
7183
24095
2181
14018
26160
8740
25986
29675
17558
3724
11700
1615
4790
16783
13512
10239
17192
16623
4294
24811
8178
18731
31872
28591
24585
7414
14640
13488
13845
26855
13149
21352
15477
3954
28414
32254
25219
28951
32482
7962
16153
1241
2895
22007
27732
21746
11242
30906
20631
13253
6358
4354
30931
15636
30496
1728
26630
30579
17499
27977
2
10749
9607
9897
26480
14917
7480
20794
4372
9872
27892
13174
18515
28737
9692
6666
26354
2708
11406
23595
6176
8591
13387
31277
19639
19766
30037
2642
17599
1279
8859
26592
21044
26501
25240
22646
14600
10880
20345
7071
20588
18165
17022
6312
18764
13738
28322
7855
15896
20445
3710
27389
28618
10293
10603
27030
21541
28665
13287
25613
22842
15488
3898
4765
561
16617
11353
17270
16710
20492
22026
3157
13074
15023
26185
14935
7948
24062
27370
29711
24911
30261
32129
16854
8606
2464
21119
28770
31653
32709
17309
411
31873
14560
22910
8105
6531
14735
6287
18002
1073
16079
5427
5763
32654
20007
4893
2092
6812
5667
13308
28241
29726
13060
31070
351
27554
11190
7630
25532
25535
15106
2368
21665
31132
14597
25776
1324
21937
14561
4357
17329
31186
11954
1339
29010
12393
12740
22465
30159
259
12035
30496
9631
19982
8114
21982
20031
32736
6240
3490
23754
24828
17432
15768
21194
3985
8153
10263
32077
10308
2629
21378
8764
3631
31645
12908
6121
29738
31213
5887
31463
2889
7556
30110
30238
31398
14759
15049
20766
1120
32135
14401
14516
31715
8560
28013
30139
29034
29762
12029
1589
14019
23845
29133
19611
8530
9593
15628
18801
11609
7948
1949
4892
26231
31376
1213
32760
14702
25164
9191
13990
4905
11537
18420
6307
28925
15728
31111
15135
17967
24874
6312
25100
23222
17640
20911
12661
1859
20524
22884
2321
29311
32136
13412
15896
13203
782
3527
10069
32238
24327
24831
12157
14914
7400
31491
25023
12496
26241
5806
9372
10470
13688
6241
5881
8614
14582
11504
17266
2056
17312
20412
7666
3619
21961
31772
32640
1960
6117
3586
5212
28591
22849
5595
28747
31670
26354
9142
15663
24550
20236
19881
14298
10393
25620
30064
28452
19738
5303
4440
31035
24491
27579
31836
4923
32461
19511
4493
24319
27579
15871
5815
13110
27192
24163
14913
12729
19850
18713
10325
6172
22215
3447
31553
32386
18511
997
2845
30902
21146
6035
24750
19832
15924
22631
20363
14357
30469
26938
31614
26683
23766
7747
19757
13322
32017
24531
6650
12398
6600
9539
807
9133
8697
7211
20542
1596
32529
20437
18608
1495
23470
25842
20668
16080
18345
15755
19858
8104
23892
6458
5305
10972
19456
1433
27310
2817
27587
13051
21710
11539
15992
346
17013
21771
518
22929
20840
24751
14310
9931
12656
11438
17887
1084
27464
20460
5140
29455
3769
8475
19521
11423
3076
14987
7746
25833
15488
28739
11733
4418
24196
27728
3488
1861
2183
25949
27510
2064
22406
9092
20950
2992
23719
18276
8884
24793
3611
1908
12156
29914
16200
22422
4693
22481
25640
12016
11427
20763
9196
24567
28367
6159
32486
14028
19786
1260
2981
20940
1743
19983
3938
26723
8169
9578
30107
29728
14262
18993
27389
28687
6634
25302
8071
8771
12822
13112
29677
9138
17451
792
5690
6726
3642
18636
20922
22832
14205
27703
5655
23424
12443
13816
31170
19698
26920
16098
15252
5387
32363
29612
1974
6245
18277
234
958
9288
25102
15164
26138
14457
9698
22470
7346
9047
8092
2272
18121
9251
31298
21262
1572
1952
31073
11826
27503
29404
26778
18176
476
20557
9309
29875
15885
4895
8181
14078
21556
17613
3269
20550
14713
4335
1745
20494
21660
17235
27264
8627
8667
27726
14240
29529
19990
8020
9642
2341
3377
32711
19783
20653
12218
4109
2836
18604
15307
30437
32674
4347
3378
12027
20674
14012
16592
21690
4095
4312
28479
1633
27243
16557
31416
2649
1439
11008
29747
12230
11773
32057
23503
7516
14904
4815
16501
627
18455
20225
696
24158
13941
16071
16128
20985
141
5896
8936
12162
24180
25357
12772
15530
20199
30518
15655
23275
28231
31723
4804
2587
16098
9430
10259
31042
18036
26703
17238
6569
9454
19224
26780
26675
2165
5195
3558
24816
8878
32144
23177
20720
825
13203
30163
31317
31611
15030
10481
16044
28577
3075
22544
17278
14561
32356
5827
17697
32003
20502
23461
3028
7969
25691
5951
14092
11691
2415
12844
21256
29101
23230
13946
27819
853
4948
10324
6027
1968
25749
20958
6726
31668
9518
1633
13589
12419
27723
8360
13987
23790
27915
16554
21279
26680
9776
3177
29071
21021
14876
30745
25448
23571
761
22917
14940
22480
14135
19119
12404
16140
12859
8118
22110
30856
13653
29693
31752
28239
13555
4746
1902
22844
1557
15788
11696
26044
1
6625
16999
5589
26168
16374
4409
1128
11944
14960
30123
28083
30755
29227
9527
8473
17680
20033
24479
16422
20065
2861
31104
28366
709
3377
29994
22773
1566
12789
7599
12597
17717
25968
22586
3291
29100
32267
8098
16690
31285
9220
24127
9733
21250
18449
6653
24927
8829
27975
9902
8341
9784
19001
21157
25222
25639
1380
16768
14114
31757
4299
26949
6185
11572
26846
26033
16181
25697
15008
5580
7419
26119
13577
14273
21966
26811
2473
30445
26469
13288
24719
8246
23517
5828
17257
28830
11777
19330
17389
12823
17098
6858
24951
6810
7202
21350
29171
8563
10477
27198
4605
16095
22090
22150
24647
18904
17942
32310
2107
26672
20147
18106
24546
17629
10247
7659
7429
148
27079
3903
26002
4249
16117
14652
16192
32725
29351
14131
8822
17961
14859
21290
13418
10754
24488
5146
27782
24621
13286
31835
10511
24045
26321
3164
30472
4427
12058
23959
4436
29614
25182
27076
23324
10923
25259
21069
22896
11038
1345
15363
28721
4730
22165
4879
26158
10845
24476
19243
29837
19048
20549
28690
25965
3149
13128
6708
1481
1577
3870
7087
28319
32533
6224
31099
26962
20983
22773
1252
29518
29343
29046
10558
9450
18703
22165
16852
32658
22297
12462
3105
26405
23600
16444
2627
19100
27512
27550
27052
16365
10271
23068
16923
5934
7152
16421
16586
10494
23589
16602
5097
25633
28797
2257
10828
24170
12431
1554
7009
27870
2910
24934
19300
1814
27949
7378
8150
31205
14229
31582
22571
11579
32724
5658
24259
329
1896
16995
9755
1766
8925
11619
26181
5938
739
20695
20117
3705
5027
9493
32670
11866
26195
13389
24924
27432
22792
29455
10675
10384
28876
525
10008
10620
6641
15651
9103
14136
17061
15252
29653
17363
966
9623
1758
3017
19447
786
2434
31454
16627
26533
29299
22605
19233
8170
2674
32290
32617
17403
17602
8165
23367
21301
31709
25720
1821
15676
26215
22338
4814
31807
22624
29838
24712
9342
9373
21805
12769
3337
12921
15715
2854
30154
7112
4865
24815
20165
26380
32462
17399
1183
12780
15659
32555
30301
24545
25079
23553
30831
8499
5041
267
2285
26148
476
7884
6432
4714
6824
24266
4164
1251
17358
18660
27532
18309
6844
4838
8039
31636
32754
3675
7682
22039
29100
10403
9998
16524
31169
12613
17603
29147
13003
23174
6693
5001
10376
10298
26246
18222
6016
16602
25164
8233
20456
21719
22772
26002
16327
4142
9303
12400
26711
19005
27948
14892
17070
26580
21711
28486
22429
9104
27713
6727
3801
12388
7279
15095
31064
27257
25527
24015
6910
2616
3240
1969
30585
3493
16905
2519
26218
19438
9245
21002
29381
26435
17190
2836
18810
4329
9000
8567
31573
21386
11503
95
5666
22480
12371
6870
22806
22322
23483
5431
2154
12557
19680
8933
9289
22006
7892
27708
1772
32079
6466
4296
11780
22808
25847
6581
13144
15368
27041
28807
14511
26076
14551
11788
19184
27120
10842
21902
136
25612
3483
20556
22284
28544
5245
15660
5151
5235
23387
26794
11671
8056
12877
276
31963
5986
2983
23289
16783
17754
13251
23007
14196
814
13825
20788
17289
17388
4875
29063
31863
2736
11358
5624
4651
17338
2310
1517
22725
13251
22440
32519
31409
29073
20934
6997
5651
7626
25663
26567
18793
19718
16661
16101
29548
22567
15987
15296
10806
1773
9967
22825
11690
18629
24332
4386
22801
28642
1027
4242
22529
8847
26563
21309
8835
30404
3638
15346
1140
27639
4038
32006
13356
14132
1312
25858
15454
5488
24631
25497
15679
6171
22156
23261
18667
8180
16558
4274
24324
31265
4860
21634
19356
21375
21426
11570
27989
30263
12836
9045
9926
1426
9028
31648
32545
11278
10090
30110
13843
28593
7509
25253
20204
8349
18029
10505
22272
5605
24650
1935
27469
11423
30586
11557
16734
15674
22399
30928
14191
31506
15384
30181
12241
29250
10178
26748
15248
6073
893
32290
22612
8081
27603
30414
17797
3484
20247
23063
13490
13375
16619
3235
22836
5507
9988
23011
6926
23145
9010
17917
28952
21630
24218
15370
9821
15792
6726
27778
3777
10848
10465
28660
28391
25016
13755
507
6993
4159
32020
26733
4809
2218
22934
23253
6144
1782
19235
32292
3702
10675
23249
18595
7833
5539
51
25132
25905
30595
27611
21658
12795
22569
23324
8318
6548
30415
22805
2580
24217
7599
4330
12917
30221
9424
5461
20749
11003
5919
16734
8528
9564
11713
5734
22697
22586
5544
15210
14515
6934
13156
390
4524
29320
22844
4536
18727
19493
9086
10215
14592
12709
28435
32548
31381
14150
7766
21295
29235
10603
8231
6973
11983
15753
27962
25080
29175
19011
28597
24264
29704
19156
2299
13393
14496
12718
10690
30781
1878
20064
12396
26683
23721
19133
404
28743
26423
827
3815
26157
25904
16025
16437
7752
30217
2245
29383
15760
13429
13564
756
27860
11409
19251
5103
20803
606
25782
2531
28209
23669
15375
27202
21528
26358
29737
5722
16605
706
23221
5161
5461
29930
10701
22898
17416
10855
3287
19728
7477
25611
27821
29323
7190
24247
18171
29673
6500
19407
5352
32198
1822
11755
1272
8615
6535
28111
3120
12940
366
15262
4732
20420
7089
4170
15951
4613
14852
25423
9097
3772
26863
26785
22941
9634
22294
27362
15603
19600
16829
5593
24459
19860
2699
17696
27876
11076
23182
11036
1308
8018
30336
25650
21336
26465
10313
19000
25446
21527
25028
7210
31393
20084
31942
19999
30741
18274
15453
5499
32740
17805
29525
1381
30185
1396
29697
20348
2970
24513
11576
31941
25907
27093
6301
13032
6673
1192
24099
22941
5211
19920
20689
13409
5096
9951
10435
17517
22621
18162
7794
1768
13974
2695
19253
25436
7496
30095
29447
24167
19684
7109
7050
25779
18110
25405
5196
16935
14190
21824
21577
6495
24694
29015
20658
28506
17702
13990
12525
8051
7869
22395
989
19347
23505
19239
23139
7332
12017
12813
27429
26441
28808
16376
9102
2252
22532
8370
18966
4184
20536
2770
5571
2152
27391
29909
24303
29823
14371
8304
19789
22298
893
28709
10023
21474
15965
15125
9705
16935
6188
4885
29667
17290
2639
12547
14155
13049
23375
31579
20097
32737
23863
23301
8599
18846
27454
21105
11537
20279
27302
2790
10729
1864
21220
19479
30423
29759
257
4600
9935
2251
23104
13519
22730
12434
513
22414
15561
20771
9957
4192
27159
22315
11059
32642
27343
9195
11387
18516
8351
28393
11897
8368
26315
28646
27963
27258
5493
25873
6790
2936
18971
18810
2679
30564
6497
20425
4966
8256
3601
30000
9487
16618
6496
16542
23284
13808
22643
566
3581
22693
21281
9983
10594
4213
6139
29917
18122
3701
22921
17088
21941
26430
28887
283
21015
32508
26928
9880
20037
31682
31018
21770
21525
12833
3299
19106
24897
16376
17801
29543
781
18829
4640
12000
21802
3293
17791
7699
26585
16177
19868
3508
20820
26866
28682
20630
28265
13246
12224
7781
5736
24251
16412
19095
17983
19756
10536
26528
1764
25410
283
10853
4851
9524
24355
8692
32665
19602
27489
6002
27824
18390
12341
10836
43
22588
4285
31955
12469
16851
2200
1177
9109
16852
6384
21441
8661
16179
1719
28158
26787
26997
20016
32282
22775
14785
28594
32675
19062
2617
31145
12513
1431
14219
29661
24842
10500
194
4087
28345
32323
6499
17217
2717
405
8629
11693
4718
8478
31072
29209
6182
30535
8249
25553
26989
1121
6493
11605
11093
11147
1149
21597
24135
30421
24952
16155
24126
26277
12847
7872
13106
20570
28309
25409
17880
4144
32517
7259
19592
4707
12505
27605
1150
30616
22840
27909
2886
22648
6703
13717
27762
27806
32259
21383
14222
6323
23750
27767
12886
10199
16425
25120
31526
13379
14737
8226
12209
813
24173
30467
27638
22508
24262
10355
13680
605
27159
2260
9869
11397
22112
23033
28258
11128
15734
17198
30877
22393
1181
2681
20923
12130
600
29472
7035
19271
13952
25963
9618
25174
18580
17323
32416
26625
16464
4219
4451
1120
11393
19014
8746
27600
11287
8202
16525
23009
3452
25435
348
13167
30756
23466
5333
5134
21606
24263
3354
19116
25994
21157
26850
2417
18979
31838
13934
19690
22175
16502
25279
15975
32284
14436
2310
5537
15741
16718
22108
15776
15549
26645
21939
16604
6788
22161
14348
16547
5624
9758
27883
31674
2774
15191
7944
10311
29633
3873
26952
9454
26330
2284
22507
17723
16528
20021
2567
15680
28858
11087
1845
28799
7651
31076
7562
10250
4836
9655
23497
29672
10937
15915
31702
15291
11917
9993
20846
17056
23063
24062
4374
8791
31273
28259
849
420
22918
31425
30742
2548
28661
32661
3713
24644
1939
13136
9417
9535
19565
10146
1138
16550
31310
4088
7876
31733
7382
20804
28027
12356
5580
16124
19392
2923
23989
10597
23384
12393
12966
8465
18972
14087
10582
5030
2985
20152
21623
9698
23384
2244
30279
28380
6769
3493
28770
30861
24219
16817
26074
10638
17559
7418
17289
31779
23342
14963
8870
9849
14952
25172
14743
6188
6911
5055
20230
28940
531
20899
25399
21793
21791
14049
921
16877
27180
5549
31899
18672
26693
9783
24000
21362
3114
2187
1014
21372
9545
7606
7716
1576
24297
31787
24578
11034
10665
869
22317
21839
22825
21197
5755
14614
18951
10205
11147
7003
9229
26502
4769
17963
3240
22223
7345
9845
23964
18112
31674
30478
13303
14206
26966
7416
27459
14007
7054
6372
22784
32064
31730
12789
23634
4093
21738
15815
5622
26626
26951
10672
23674
26103
10781
10566
16558
5313
32469
11809
13910
32607
21374
3298
13601
7697
24932
29555
26079
7872
26084
5265
12270
3226
15230
11400
15093
6909
2348
17214
14549
6038
31730
20339
3037
18378
16055
8007
7486
13652
9299
10749
30654
11824
14313
12030
31408
31672
10103
17953
14627
5390
15531
17705
22874
20665
22521
7824
2172
22931
8682
7555
22157
27362
26295
9005
3741
6085
20502
18744
24383
8658
29012
3473
26429
8957
22948
27500
31370
3771
8375
1417
13176
20072
8588
17845
9259
31974
22410
5523
15438
1416
4556
5276
14084
10798
28860
28517
9506
13489
25059
15392
26523
22401
3583
102
11836
396
27990
17460
20121
10594
30283
22067
1863
21399
6703
9532
843
22633
1113
21275
12755
11427
20345
25747
17956
12738
9513
12963
29652
20821
31685
264
15161
26538
26237
24067
23073
16806
11176
12124
13507
12789
5467
4263
19190
356
12347
26310
3489
16010
27791
19631
10355
12462
21914
15728
5076
29157
21287
8048
795
29819
10597
5367
769
30612
10997
13808
23637
12051
20802
5870
3826
8891
12049
16750
30959
2196
29017
348
32277
7825
25172
11224
17302
18287
8918
17209
21499
28384
3550
7250
16223
30953
31338
26869
3035
16521
20368
19382
2625
27035
7883
22769
25357
2557
14483
10511
28568
28146
28464
24580
13199
31685
31695
19996
2724
31408
14806
3576
24195
16635
11381
17363
30984
3432
637
25099
18095
4047
3190
5852
7500
25862
22764
18286
23292
2563
27401
15378
29019
2629
16233
25032
12535
28016
4905
17670
26885
10295
8513
10676
12115
5246
18964
25723
25726
13504
22854
22847
18533
18095
24014
17130
13021
26907
18508
10348
17575
22805
17308
8960
9375
2644
31659
22960
7477
7896
18057
22043
11809
460
25536
5750
26195
10673
17893
209
6697
17849
6764
7067
18917
23153
960
12137
19550
4515
14740
13811
4598
16763
883
14943
5067
28392
16799
3779
17202
20293
30744
31461
3425
3385
4091
18501
18283
21724
17165
20317
5746
27419
26008
27175
10263
21597
630
28640
20278
20071
32107
7692
22737
8572
12216
4794
11593
3273
13036
15369
4564
20993
19966
24811
7723
9285
14489
10025
14979
32326
10423
15015
14783
9133
24177
31210
25572
20923
8725
19415
1229
25388
26746
701
21280
27490
4496
28822
17280
3263
30011
4234
7172
3667
12898
27061
23528
29879
29763
3882
19331
8760
8713
24888
18553
16952
11424
29676
8754
978
28360
16086
6795
26557
21352
31248
24267
9587
13861
19581
3288
27538
12852
12111
6315
32642
21356
10956
9729
88
23968
20561
10835
20730
7723
5527
27401
28036
31692
30005
11243
12267
14517
30822
8664
18401
6878
3597
32186
27128
28319
21238
9145
31241
6014
12127
25263
13527
9030
28087
16348
7408
4953
11941
10972
11988
20550
24140
11733
8281
31646
3790
28149
12110
5124
23566
4124
17247
8068
15547
21973
26424
20518
25738
1675
23790
22210
7106
30970
20890
22549
12286
20707
29767
14357
25134
17668
29710
12162
30176
327
10623
24510
17854
31034
28483
22750
343
16063
28160
17921
30754
12549
24445
13280
5567
6070
3335
9639
29569
32370
3347
27652
9002
25725
1060
29309
5877
5300
27887
30470
19162
14790
11197
24531
4877
672
28946
9067
13256
27433
12172
30462
9802
32048
10509
14072
12064
7586
22301
15830
10659
14849
12937
7480
11458
27153
7760
27960
27905
22997
31168
9723
32706
4025
7645
14213
25539
25361
18946
21458
29417
14018
17355
7970
8508
19519
11825
14996
11570
17080
23543
23798
9520
5774
8518
28124
26190
13577
26772
22255
30811
30797
3786
32648
27425
8074
19109
9854
6377
6004
9052
3644
29250
9971
14980
12054
14079
21531
27953
25565
16511
5470
4191
17584
16689
8960
19600
9238
7510
31948
23734
25162
16649
30726
13394
2774
6013
27040
20702
28771
1927
16560
14953
15056
6492
9506
30593
7041
10651
28330
30805
7162
19854
2045
15643
15020
19629
4673
15280
18958
21347
23746
18558
17904
17173
1254
1699
4877
17249
21091
9040
23775
30883
9135
24686
1463
958
32441
12936
23820
12057
6614
30181
4115
27879
28926
32500
2193
2732
15160
2542
11758
15868
21587
19894
15498
28294
28375
13828
10068
24914
8763
2242
14232
10567
10584
31414
24344
240
25886
30562
28767
29056
30598
8232
12626
27411
2759
18098
31752
12854
6349
26257
25051
18090
18151
25124
1215
10085
10688
1724
6867
6106
1424
7165
20534
19066
24211
648
31516
5243
28091
9687
22049
3800
19874
17767
13533
18585
29634
22813
26296
28244
18920
5347
15359
2804
31718
20370
24888
17849
19848
20756
1203
16768
3274
19402
31330
325
29768
1323
20970
30182
4598
29102
4858
6441
1553
18410
5084
14849
11862
20220
7754
24077
4465
27690
22146
23650
7864
13254
6301
5514
5657
340
16412
27852
11345
23279
3524
26286
16223
9192
8108
4281
12089
25265
12180
5756
11965
7673
2936
10196
8426
5401
31845
5226
22096
22447
3980
16508
16069
136
30101
22241
25434
6084
27701
23623
15502
24628
26115
1984
14529
5127
25735
1149
1771
21670
14484
216
31117
20956
7384
11928
5608
27706
24242
6257
9070
22202
2371
28875
20342
31650
18120
15813
14643
10411
27687
1656
31207
18019
25287
25984
32084
7888
25765
9401
15987
30550
16037
17990
15465
474
3366
7896
15287
26920
9944
25900
10161
31890
10706
23254
10289
16090
24287
29246
16268
23635
26393
5608
1221
19522
26554
29944
19969
8586
10286
30965
24379
20105
22125
18637
28985
24637
25991
32025
9407
29867
14976
27043
13826
28801
7007
8229
1119
14330
5250
4180
16973
28418
18484
26909
24977
1179
23682
7983
4017
3455
31562
15545
22186
12806
6292
24181
13797
13131
29477
485
18280
19338
850
2269
17738
28109
19475
5697
873
10440
16984
10256
12639
12545
16032
4769
30897
22068
11463
16685
19274
26613
28191
24462
30248
19863
8643
20806
19542
21837
18216
6595
32282
32399
28405
6626
28783
17343
28181
18097
10421
9997
18186
15737
8360
1688
15748
22780
5775
31701
18482
11259
11701
18997
21720
1275
29469
8450
4770
24393
6770
13450
14008
25916
1853
29312
28434
26554
30299
21919
30606
28413
23469
7312
1343
18583
18449
26638
31752
14004
27537
1096
8810
9376
2011
24967
18331
1161
26353
16
4056
14981
10786
21324
23291
14551
1337
24614
31056
12654
14836
6837
8869
174
26552
18203
25504
13683
898
25005
30038
23123
3105
21076
13080
25636
20131
28466
8848
27070
20237
4745
16910
2306
10575
18393
4380
7452
32374
21577
1880
10756
16932
7752
28035
8523
31805
14452
19669
25620
21220
5051
26771
9825
28838
7360
30180
6032
6900
18560
1505
29733
3287
21557
21995
25801
27103
15483
31297
20115
23901
12209
5841
30855
14801
32674
6735
10844
11430
22116
12165
10371
23069
12929
22762
12644
30088
28245
27253
24555
10680
22199
21939
5955
26040
5340
31768
23521
25020
28535
31635
15813
28756
10021
10596
14332
28645
29193
12082
10602
28762
23219
32344
19142
24855
1607
3457
17894
23342
9691
5236
21053
23510
5920
14897
31394
793
30789
26940
28754
10956
13080
15929
3897
27076
17263
17593
30573
22343
15558
30292
24572
8897
21289
12280
1767
21432
27477
4480
25198
17922
30234
31624
30606
13878
6915
8064
31177
29280
30265
22016
6181
761
28069
12123
7031
24598
24917
29303
14817
1759
15137
32220
17306
835
8590
16138
3309
16874
20978
13328
14725
15979
26073
11098
19687
25024
1960
13771
9280
9463
23168
32524
15713
19497
6501
35
28424
19888
12704
16455
30305
14741
23649
6130
32204
13640
31657
10809
225
24468
15975
2137
12721
12497
20450
13202
17231
11100
5718
28984
15760
28740
17634
9479
15886
3142
17569
9655
19059
4348
14616
16336
6132
20049
9168
23232
27675
16440
27459
29738
31434
1182
18685
25986
25981
28060
25339
10199
16335
1010
5207
2543
15680
3505
10535
3225
27701
27959
4514
22847
8768
27744
20612
1723
32162
18427
10420
8299
8206
3963
20004
9096
1712
11503
7673
26291
9070
10549
8685
8145
7022
106
25329
31769
20184
6820
20246
32363
3549
15588
13997
6116
7928
1606
9389
11951
31347
19835
5718
1822
24366
29305
22036
17145
9372
30833
32166
27414
28174
31746
25471
14121
9012
22956
30573
2014
20960
6279
21112
18213
23822
27957
32269
8909
7458
26901
13916
21845
21872
10681
11262
28927
8961
7323
2267
24869
18580
11019
15435
5584
31716
25196
21115
3463
6185
27808
23315
12645
23009
27841
8981
14191
2000
5138
17928
32548
11590
821
23127
7253
18848
19358
15604
1078
6417
9543
16448
4278
23203
11429
16943
19980
14200
15580
28071
18066
12118
14895
11050
16599
11875
24762
1205
9199
12332
27491
232
30222
5100
9998
14694
10582
1548
17936
12415
10988
8934
2022
10765
26705
14030
2344
2971
16112
16211
20408
1997
2547
4546
26431
6396
16987
19180
8666
3872
25936
27689
20752
13555
5301
18845
2824
20563
9728
11706
20472
488
4937
22022
9185
18440
672
11551
28794
10455
22436
26108
17257
18355
850
23669
15545
27087
1562
24326
16777
11805
22584
17872
18177
31858
11329
31456
18827
28645
16380
22452
17471
16504
12148
31739
15518
28666
32331
413
13956
15915
19281
12795
9304
10274
25173
8312
10118
30444
8252
20024
13615
8566
23888
15144
29471
1452
20954
2110
24831
15587
10482
3842
8651
3956
13718
4685
31111
19370
32250
27728
21294
991
4383
24025
25324
30689
23207
25298
14476
11675
26856
12298
22068
31985
22847
15929
8016
4843
24230
1598
13260
12310
5769
21162
2950
9767
8150
19074
26115
22754
10324
6465
25185
17978
25653
22557
21388
22970
9198
7307
9397
3875
31814
20485
25088
10327
13485
13579
14717
31349
28624
15720
2138
5702
17002
5558
18519
20440
11357
2596
29049
26984
10241
10359
9219
25989
17340
17231
11938
17523
31187
15020
17640
12494
14975
11696
31227
24431
23620
31143
21391
9876
26238
10820
2321
4154
27197
16173
17189
27598
23890
27323
28499
8965
11178
11770
31741
22025
29403
30200
4245
725
7165
7740
5645
15330
18363
31892
9102
12803
16553
23060
9068
5517
26585
32091
17498
4796
20393
10776
2778
27986
30942
14797
5880
32641
26103
12755
29240
8203
30907
31391
31181
13224
19989
7235
14603
28072
3105
9271
18463
985
22151
6234
766
22955
23816
6964
11419
26258
14422
9598
21085
23468
2345
30948
976
19620
3471
12297
12955
24534
8323
4044
20146
18868
22466
32202
29388
5992
13274
16419
13592
3259
5764
27266
28715
6453
29491
7255
6205
10373
28141
29799
28822
21028
23642
23943
13635
11318
23835
6308
3341
17841
31068
10247
22444
3008
1197
32727
11319
7786
12045
8160
7135
22639
32072
31378
3293
3698
7044
19789
16809
18781
15894
19932
24685
2
1178
20799
3769
5118
4930
20397
30072
5603
22126
27097
16675
5270
9341
21365
29236
31733
12771
18164
4574
18109
2940
26261
7931
1963
2849
11933
18246
3554
31352
23779
16586
10381
22544
29074
22426
19909
29357
11563
963
10421
20192
12233
7039
21244
2779
7593
30123
15698
13444
27881
4219
2927
17864
16528
4205
26409
15154
29903
11131
3804
30908
16519
21653
8974
28901
4106
15182
30547
16899
32038
29654
27247
15835
2144
23336
2491
3951
30589
2948
970
29463
32071
29984
11851
13523
3725
28443
9009
26848
2156
21682
14610
4745
3021
694
23245
11584
12847
18749
624
19437
32679
9625
23385
17030
13860
22662
20379
3552
28152
11431
1187
28101
6036
308
2843
25926
19091
27885
17934
5458
1531
3410
19789
9608
17855
22037
20242
12106
4488
29904
13540
24339
26804
7412
4026
16394
12191
20481
3939
26071
546
30205
2341
26805
3930
23071
20901
26568
25259
24523
28166
1458
15876
963
24661
4961
26980
32155
4901
23850
7069
5485
10358
19996
24664
463
12252
23950
8025
25090
2013
31483
10500
10348
28314
27664
27680
2376
1458
20738
14556
16797
19811
17189
13583
19052
23282
16827
26052
19502
20045
24841
29174
26238
19184
28593
664
8210
30725
1595
25561
4847
19407
13557
19365
10461
9800
17405
26991
31769
32521
14748
9006
12363
10859
6869
9125
22455
31212
6718
7656
14519
15316
10511
27164
1897
24088
7801
24446
26533
14462
26937
4007
19250
16898
32620
18190
57
13688
165
30414
1017
26996
15933
27561
28093
24423
7658
30285
1547
19978
2707
26839
24095
11008
26467
3478
31640
30647
14621
31505
27760
21903
31151
26955
22321
9534
18953
27717
23398
13683
30255
14277
22096
17593
32653
20566
24539
23198
8588
19856
5072
15381
1122
4505
31564
32538
4654
6636
10865
404
8772
19801
26203
18303
28357
27469
26454
1098
2164
84
2894
21374
15556
988
3207
25761
8758
828
4238
7770
16097
32245
9071
31958
32082
22327
29480
12137
25495
167
24414
14713
16535
16991
12623
6808
17317
17462
4104
16880
12884
15426
1239
20708
12428
26268
9220
28916
20189
10851
11708
16609
21268
4100
15182
7442
28428
27832
19610
18231
22983
26446
18885
12588
32445
14890
19762
28448
14196
22158
18862
5366
17233
19736
24811
747
29102
8076
32304
25978
12845
24532
2382
27773
32587
16453
17878
32148
22328
31012
12937
26058
14054
10089
32016
20086
19295
2242
24046
31072
19805
14555
28850
2085
15124
21469
23665
21213
25683
8757
24691
4602
31947
12694
6445
24435
10414
32577
4463
21283
14205
6020
29663
15980
283
20096
28838
19231
6437
30256
11113
416
19590
13735
17787
31301
7493
26009
22609
15872
12450
5661
29750
6718
25442
8625
30527
27662
30823
29055
20610
9862
5507
22239
899
6242
654
7708
32751
13551
24246
15995
8589
25640
16407
19321
27761
7710
29068
2901
22899
21917
17092
22222
18143
30220
7832
9774
24942
30869
23451
28551
6517
21638
31475
14909
30813
20215
18792
3012
27219
28078
5819
4523
20544
4415
30521
11482
28156
31351
17295
16920
2239
16123
19168
29648
18904
28973
27413
10516
14753
32591
885
1506
26290
3563
30069
14502
3413
20850
10193
16641
21306
11043
16347
5065
27500
3374
1299
16465
13956
27162
8953
31466
13085
13156
15647
12457
21127
11113
2434
2155
1472
3717
25882
29975
5791
22397
5808
15651
8531
8986
13296
7002
16908
30487
23743
23772
19192
28734
16591
8294
5745
7117
9072
6867
18805
30
20905
1251
6742
6279
16007
5692
28594
18560
14773
12718
27558
2563
29773
9915
14143
23353
18414
11351
8753
12114
29711
30956
27340
26292
17810
7073
16939
4697
23708
31452
24751
1650
1189
7173
16044
81
21195
6286
17761
25477
32364
25648
3118
21063
10227
18551
30209
9493
498
14720
17170
1436
4210
26626
27344
12507
29319
13451
21018
9350
27175
26636
12723
15272
5691
21912
16624
32397
4855
18793
30900
10719
29799
26916
670
12559
20299
26973
10369
16374
17445
15454
22549
32701
16528
7716
3820
8954
27347
8619
17063
32027
27574
9068
6505
10504
2709
17699
1676
772
20402
22229
8083
31188
8399
20754
15712
31524
3069
17528
15784
32550
13487
25208
30883
30588
5906
861
16136
9560
5537
19849
29752
6882
1268
25090
6329
27610
10712
12846
22759
20862
23973
25307
29670
17838
19660
24706
3803
22862
944
2253
18524
18924
15799
3414
8229
6818
10912
29618
1804
13374
7703
22190
11063
20641
23942
19672
21644
13669
47
6210
25961
451
5496
898
21397
5043
1413
4093
11639
18516
24588
22886
32646
7055
3429
21121
11777
27383
5601
16173
5856
24564
29533
4001
4106
17697
8471
246
5576
19186
24000
9958
15738
32666
21458
17107
16521
32300
7203
3082
13212
6400
20155
19786
15887
856
5602
31616
26017
15939
30590
10709
17004
19650
18588
32490
12059
29482
32589
3938
18775
1481
22195
16802
22146
2764
31067
7892
24744
13152
9677
13618
8114
28696
354
28545
733
9359
3414
1499
28267
15950
29214
27570
409
13040
5372
24338
30928
10628
11216
32038
31
21298
17201
32766
2537
14114
27324
2447
32219
30105
31660
8188
21537
18021
11692
16148
28890
13948
28137
8987
21449
26848
11370
12493
28749
24261
5028
7840
16787
2806
24137
17226
28426
13429
16226
11651
5399
27745
4253
26892
1547
6941
15080
5360
5970
26799
3390
12042
20204
1126
30145
14535
1314
4032
20746
6445
20081
12426
17341
24604
16843
3657
21088
20180
28415
16089
11117
18872
6517
26196
22437
5970
2846
3638
17576
4246
5035
30654
24003
9835
2045
28055
9993
24679
21981
22711
3749
14554
32750
7304
26734
31247
5599
32325
18364
206
31973
7079
11130
2085
7273
13506
12413
25193
17150
19753
15892
17271
22421
26713
24801
63
10996
25941
18407
26500
32100
15757
6115
6109
3242
11012
2272
30464
15929
31154
518
11839
14758
2088
10163
20563
1884
15218
4045
3161
1937
27201
4182
4634
21881
842
23616
2959
27321
29417
25219
20389
5918
3082
9070
12861
8335
30793
28730
5495
8000
29528
18661
8240
27177
21921
19518
15817
10167
12845
28220
19242
22209
3013
26771
5383
25533
25943
6537
2914
7732
12699
17670
20050
8819
26101
27627
30722
2948
13470
11685
18428
348
12799
26626
5032
30550
26973
2371
8207
12000
9403
18546
18661
21108
27644
14326
6343
15563
32585
26212
14017
16461
20658
408
19731
715
16664
12293
19765
16752
9290
5193
13592
4341
20590
12036
14767
28181
15523
4843
31406
12865
29412
7960
9106
16532
22831
13220
7649
32521
5607
5240
14515
28652
4984
28256
26993
32654
26425
12898
2525
23101
8086
15181
14162
24179
15726
29076
14157
32590
23738
24925
1325
11072
20592
30422
27959
2824
13735
21704
22749
11489
16891
31086
12352
28665
20787
9607
29939
17444
30241
14762
31234
4562
4810
32218
23859
24127
15303
1882
9611
32745
27371
12482
11028
30535
17702
22611
11230
16312
30633
22664
12868
11450
28747
28397
12400
10076
29996
1332
29986
24566
24472
4230
23980
18455
32302
31511
26946
26815
25153
19453
4464
26830
7294
322
3052
22461
11471
20536
22926
4236
10624
16396
18077
18683
24993
21150
16460
8445
32427
12176
9092
18026
26982
1438
26852
244
30217
5677
20999
14940
7075
7974
31749
22246
15035
5892
31548
29194
14131
28460
25680
21356
26995
20605
26224
12302
10947
1577
23259
3012
247
2755
28067
20201
11602
27545
17329
25681
8869
30275
16906
29566
9911
25724
23121
2839
8937
31281
140
20373
26650
18904
11819
576
27081
4867
5702
29786
13433
28469
28454
15002
9050
16628
29959
13532
6437
6431
2588
15894
16456
1666
6100
6286
5699
936
5468
27210
18002
30448
22373
24008
5964
30947
3367
15088
28875
21701
3749
3143
15245
30570
24627
9317
8474
16460
3894
6057
28327
26842
19500
32299
7995
30226
26092
4594
20752
26705
2606
32104
10812
7530
28493
28170
28816
6390
19276
16228
22721
9964
15384
21053
20677
3186
1292
25615
18816
15090
17850
31418
17312
14703
3561
14456
9158
14362
29402
11284
4582
544
2512
29015
26608
16839
27598
13764
29616
19129
9891
30085
4083
24223
16164
1188
22763
8178
10425
14462
32724
9998
22043
17781
472
28041
18267
9446
17968
962
14631
5979
26509
17597
22857
5889
11446
31790
9328
20060
29810
13011
20787
26425
6312
5383
27731
17892
3269
10133
2624
1180
15198
16074
12767
17220
26391
27598
25739
8027
4803
21556
26458
26670
13516
10191
12705
25420
14805
10439
9402
13627
6815
31213
28932
17001
2345
10060
19500
7269
31004
7424
23723
20303
1893
76
32400
9102
1316
7910
17792
10176
10693
26773
24571
5879
12396
9982
16352
28450
25751
26555
11316
19401
25087
19630
8223
22782
3007
13973
6967
29328
32439
32222
18178
17281
819
11708
5557
31162
16840
30074
15938
25086
16255
17424
14738
29
25910
16884
9487
30570
5698
7474
11878
22382
6745
23487
27787
8414
24240
10250
18941
5835
21088
19413
25675
12313
25102
19779
1239
15666
22219
25138
5850
5627
7225
11722
16040
25608
12783
31830
30262
23820
19487
29011
21209
403
26486
23495
22608
13299
21572
9429
32005
15231
31965
3213
17296
2047
27455
10505
3453
18781
20981
23477
2895
12193
7227
12526
28100
26399
18786
24015
15451
9455
6006
20551
29972
22430
16671
1391
22903
20515
21189
6683
3287
30485
23287
18864
26584
25115
31246
20277
9519
23971
5389
23724
19369
16087
12236
7330
31087
4556
12886
29189
29832
30717
7567
27190
9375
19193
29466
5471
23047
22360
21625
14599
1532
17395
7542
4323
18476
31061
32194
4591
30070
7532
21981
25534
31729
30596
23349
1038
18480
20599
18322
18592
4036
8989
6065
13127
9475
12554
7471
19518
14344
20345
26538
30398
10491
131
18722
29648
20371
11413
31141
1889
23512
4128
7723
29588
13358
12690
14015
15964
29839
29574
14303
30025
29464
5943
21286
25506
28103
17211
13096
28341
17795
25198
11934
3179
27228
28460
14019
2079
23829
32451
1277
2480
27103
8487
19392
4821
104
26856
28335
26289
19732
12130
1541
4008
30602
26932
12596
30576
10867
7923
31948
17771
18558
24095
24477
30516
29352
13909
4896
26488
17338
5831
19219
14087
25875
8170
4196
19498
24743
15726
17232
23608
21576
7283
2252
13156
27173
20986
10020
11993
14992
17817
5602
7433
31492
13428
17649
30785
7782
24680
24322
12161
19083
16265
2863
29068
18171
16335
29150
11835
18676
29452
2281
16918
16562
14113
27388
37
3054
11890
15934
3588
12709
7319
28211
17974
2842
31573
15585
5307
32286
23500
28465
485
11407
26609
6297
24423
15647
6207
18936
19375
8534
29098
10177
32630
31963
24533
11100
6549
4591
32644
5065
23834
22330
27988
18823
5531
6858
27818
14772
5578
22105
31465
27765
1098
6350
8936
23192
27329
10503
9379
18040
15151
17878
17712
7201
16254
10057
23285
7349
10074
9519
27161
22799
10306
9943
25912
16293
25567
16411
26203
16819
2197
8093
29735
21398
24665
12881
10068
19573
16834
8252
17505
26919
5986
1659
7558
30289
29014
4742
20715
26063
21788
25270
14103
21334
16293
20485
5547
15447
3499
1302
27216
28454
15941
1653
25070
30043
17337
4127
20511
32121
22161
27717
15075
1997
32497
10061
20117
23193
18471
17690
19997
370
21124
23437
21352
23527
14186
13899
29717
32611
29607
26561
7793
28757
19457
27494
17062
30349
24594
15680
7215
4329
24407
2730
12175
19506
5251
24660
20547
321
15129
31115
17141
15974
21305
5307
20466
24586
26554
28978
23006
7314
31354
23078
19623
1927
2802
25338
30903
20468
27406
14525
11886
15888
22075
11508
11727
13341
32449
23961
15993
13968
1363
7779
985
16242
3812
1864
24991
24838
27837
19521
1134
31660
2765
16973
25304
2821
6208
13752
19081
20056
7763
30109
19906
20533
31078
14506
9482
4440
26706
16163
22816
23247
9726
22057
18739
31584
16685
8253
24917
29733
9882
18176
5422
22649
4423
31292
29421
25880
21778
24616
25220
4737
14217
23272
25877
9887
19199
18260
26791
2473
32736
6394
1054
25159
24641
30566
12138
15606
10683
16545
19454
17069
14714
5367
4484
17089
32401
20477
13007
5126
26256
4819
20241
4407
30809
17319
846
13463
4399
9850
12304
5849
30736
29479
18269
21821
15173
3233
14054
8957
3127
15740
17025
2535
3460
7599
25305
7755
18258
1432
31844
10775
13796
12864
662
4929
9835
32481
23381
357
22046
22437
5804
1712
1932
18865
20163
20476
561
21602
17423
8252
12360
24534
2502
6939
20193
31919
22166
8928
25651
20755
19862
19861
28723
22263
21373
13672
2918
20382
17426
10321
26611
4188
7139
31477
26876
3232
27194
715
17454
16690
8013
31613
24983
25784
2741
23441
28088
383
7713
23624
20956
23672
18508
14534
1704
19841
31788
26740
29938
27878
14445
22691
22743
14888
8989
26994
23303
8189
3497
12785
21604
31127
29960
20358
28620
32041
21046
17552
7730
12200
20196
10827
4340
17871
12910
14836
11880
5733
6925
28973
13496
450
22350
21922
32497
29328
29634
7149
8278
23503
20727
13751
18938
22555
21928
2848
11918
20018
4401
25441
22647
16049
25157
16560
9764
7966
30179
13157
24734
26155
12934
26714
8288
11577
25501
30359
29802
2844
14650
12335
32657
3102
28686
31333
25
27462
13717
28947
30085
28890
7310
22861
22702
6690
13742
10049
6675
28271
8341
7009
23152
9564
10497
15045
4498
596
17474
9930
5993
2388
750
6144
17247
28914
19157
67
5608
30111
27959
6183
8282
29225
27957
23450
7936
24964
2694
14788
31081
11721
25707
31794
7430
28799
18661
10548
26101
2074
1061
25987
2583
9921
17476
6439
14952
15956
25908
23448
28304
28078
14583
27428
3765
21287
8206
13200
28564
26717
1589
10242
21712
19253
5965
29727
28041
6172
16538
18544
32561
14739
21038
17930
12955
20714
21669
19822
14165
7243
26387
13486
12600
32251
14651
10449
9277
2269
30210
15993
21139
13880
12835
30147
16622
10425
13091
13679
21793
8380
8840
321
17135
1479
326
28582
15134
10583
28538
8859
4302
9952
7258
18379
18697
1295
29292
25591
18587
31826
21495
28059
5156
1690
31672
31439
22123
7264
21973
1643
8437
17126
25879
4206
6871
20415
2131
7585
4552
1425
13353
23159
8570
28186
29937
25912
25899
5489
19699
862
26487
2702
17110
17984
17520
18701
13404
25325
12784
28719
16716
16731
25134
27426
25263
1729
29840
28290
574
8001
26816
28447
9756
2762
18434
30209
1217
28989
30917
30121
5430
16846
28791
1178
28552
25006
14238
8472
4471
11751
29733
25136
23406
21639
28147
14840
22968
18688
16835
11544
11760
22479
13871
9097
11449
7516
26381
13981
944
25633
15103
8256
31647
11791
22342
12157
10996
27949
1495
26180
11377
12163
16817
9322
11812
16950
23917
1009
27802
4084
30743
19082
28240
16018
13372
5208
4970
20468
25924
7159
19879
18990
9986
17341
5269
10984
5002
17471
27137
10759
2883
9239
690
3978
17213
23781
26455
8369
3524
20884
8637
26725
4405
31199
19013
24276
24848
26387
2454
13404
11599
1558
25231
17322
31734
17064
22655
28451
8428
28649
17817
28034
26633
6683
30114
18883
9584
9642
22765
6721
8223
24425
25481
13083
2756
25119
27833
22491
32466
30018
8868
12378
11733
18690
26190
1246
15619
13194
9159
1414
32531
21378
31395
8424
82
15320
19113
11768
6387
3264
30928
27948
31142
7673
103
9437
26221
7762
9363
23793
5035
19566
22014
32183
22910
11460
8398
22034
12623
24809
14036
19674
12712
1042
27142
16767
31813
12501
11056
24559
21101
5167
24806
27578
17283
12747
10941
18036
10712
15745
25787
13660
27075
11806
32523
10810
9972
28003
32245
5006
25605
18768
13838
30694
16466
2722
6316
24720
18443
21658
9373
22385
2695
12800
20249
31797
27355
29544
30964
29865
24236
17076
17432
15460
3905
4058
23859
6061
4316
15079
3501
11673
9291
8004
10717
3444
14010
25656
12156
9058
5067
13999
10330
24646
32233
20538
9551
6371
8409
28502
25973
24642
4753
9457
32148
24915
22094
6954
5086
31702
5601
14681
989
10364
1353
18767
32425
26698
9351
479
31582
17215
21422
6813
3021
6710
27962
19685
26994
20494
23202
26143
20135
3591
22321
20290
28694
10095
21777
11671
10868
24703
14505
192
14445
7296
24105
25080
1242
14129
7522
18588
27962
3437
16348
30699
2144
30985
7458
31242
17769
17404
20833
19530
30449
22210
16945
8366
7815
9730
26035
22696
3165
9070
32732
7460
10052
13802
18960
14279
28888
31985
14579
4473
6648
25397
21628
31265
15226
17542
22091
7599
1820
10997
572
19040
1213
26425
27964
27709
12237
2130
9819
25062
2306
30316
30243
3725
28748
13573
10280
19781
23308
4178
4833
10621
14977
14815
20918
199
9858
6263
25946
29151
8307
20291
11867
15592
626
16437
30200
30968
28369
3496
31026
17111
21449
24384
10790
18692
22380
28184
7065
22777
16348
7196
19157
20912
11195
6835
15284
8038
12002
25762
6906
9375
10070
3885
23271
13418
24183
13950
32269
486
19067
2379
1120
10501
1051
14260
11916
13456
17548
18794
2955
17772
32689
7958
1142
16155
28303
8953
23195
7557
7681
27855
19409
22521
21933
23802
20744
30063
27446
29404
11044
13840
21940
25221
12812
30200
5473
11662
6653
11578
17300
17220
8997
12580
24308
27658
26477
6853
10213
1016
14998
30381
8519
18632
20615
8692
2400
16115
7653
30846
24342
29207
9957
14460
18274
5276
12382
16182
26369
17047
1827
777
1133
27630
20879
28331
1547
10686
8033
439
8358
761
11210
23141
18972
25684
1477
3224
17495
20320
4775
27167
21631
1270
7927
8244
31342
11993
29055
20041
15461
19607
5283
31237
23293
26544
18930
1161
352
21242
23547
1271
17848
31044
16994
11317
3560
32570
19507
5614
11387
15497
17525
10970
18905
20547
17667
30784
28097
21636
11159
8377
15603
30038
25896
18998
16173
28370
886
11588
16729
13960
20707
10639
10245
21537
22148
933
17939
11587
2168
12285
2994
18613
3192
20280
8589
19652
20144
16294
17474
15589
22733
26636
29717
15003
8024
8101
19686
19867
14658
22374
6752
30511
13760
26758
31860
5336
1113
11326
12293
22071
9020
16590
20453
18989
2008
8128
8705
18242
30119
26992
17624
13123
14154
2508
20786
28207
28123
6745
17422
25685
27263
9591
17628
2998
17978
12005
7148
20656
11272
9607
27943
13790
2345
8807
2813
11066
6076
6395
30110
24708
30607
23718
23149
5864
18742
8064
10161
13787
32602
20058
2190
10054
23124
28157
23861
16102
16890
23987
855
12530
29113
8969
735
23551
10981
8914
29408
27170
24908
27503
10956
3412
5649
29774
5096
23322
21688
30385
12028
2917
1661
17329
8783
7862
4074
15234
25554
12167
27816
18936
21404
29415
15766
3146
23190
11364
32024
1047
24952
6445
19890
31654
13300
5752
5845
32626
9264
1826
25592
4326
634
15509
14827
30309
15672
26351
22120
19597
15645
20577
3564
15549
20899
26580
15300
31956
16821
24275
30827
31804
21675
24229
2579
25128
26492
6329
17282
16665
25135
13896
17695
9127
8595
27445
21581
22142
10544
12344
15607
5031
12669
26683
29036
29449
26196
29956
23662
17455
27042
32533
6533
13643
28259
29904
1946
27515
32718
1247
27072
28748
18636
6099
2645
6269
28591
3339
5194
18437
23073
16088
5823
14166
27994
4574
26323
7652
7831
5054
21434
26081
26567
27890
24848
19787
29831
10744
31596
6185
6992
8114
23353
14354
30447
28429
2497
3310
13366
27617
15499
8961
26610
27416
31463
4645
285
15379
16839
25174
11092
20809
6608
6516
13707
23601
21425
22085
20735
24675
24244
7354
15468
506
28050
14195
12160
4924
23948
21124
6800
9597
5047
13178
3723
8512
17560
12953
24876
10656
23024
22888
24947
20206
27353
19056
12373
21660
31250
22080
4531
3673
28312
25012
18825
6270
31350
375
22888
28585
25565
28359
12838
11175
25719
14712
11732
24984
4857
23356
26096
29005
2808
4129
14812
16885
18173
6235
6543
12793
24795
18244
26763
15908
11328
929
3342
9223
24459
7463
32653
924
16093
6974
28254
17449
32115
26884
18869
16487
18739
661
19409
32228
13444
1930
20855
29606
29283
22207
5792
9233
6324
5978
11119
3595
23765
21256
13669
14685
32377
1418
20696
25180
21684
17777
9889
2250
12626
27173
2582
26103
3693
21292
13112
3627
14911
13481
26925
16712
30004
3363
12528
11948
13891
10376
21575
12373
2431
21618
21749
16712
15593
10664
8241
13107
20361
3816
5720
26449
22205
22756
15071
3726
19920
11146
8331
13548
974
136
26084
7205
7063
30480
21991
10642
21043
20696
251
27467
32613
16486
25126
30864
1155
27786
25729
12647
7556
19756
23785
8583
18523
17735
19448
2677
13956
7734
31795
22765
31964
18479
20613
2435
30133
1037
22253
16522
2346
23122
29555
6453
20400
876
14176
28668
17134
9527
14510
11329
28879
2500
32190
19764
25813
13145
20809
15860
15280
29112
4761
13559
5391
23716
22009
8875
22454
22434
26986
29533
31696
765
4503
10331
20359
15884
4875
3157
27091
7863
23458
1801
16271
568
24637
21536
3794
6943
698
8530
5244
8345
5156
22481
16399
753
18214
5349
22977
18775
9926
5587
20175
31969
25936
6916
6163
17615
6031
1635
28377
6163
12355
14599
17391
10257
20432
29714
11515
26787
15412
16601
15377
22880
5435
9285
30085
29726
6390
8569
22526
25781
3177
20404
10956
28166
7300
1913
1660
8252
19285
27374
19369
17490
15739
19843
31765
8406
31710
16083
10744
31724
32157
15567
29079
32405
3656
20761
12569
23857
25680
7598
29334
26947
31675
7368
15474
28789
2332
6147
15337
3292
6339
6846
32234
19068
11825
25540
10793
17935
30671
6700
29808
10498
27359
18813
14389
9921
23474
26902
29298
24372
26139
29389
3505
19081
14885
19671
13414
4661
8449
2792
7554
31541
20034
19098
1861
17818
20813
12051
21588
9540
15114
16354
32523
14318
19424
12075
22292
7275
15841
19204
15673
3886
32577
7710
20854
12304
28941
936
18259
21838
32281
12912
21617
4049
7739
844
28002
17587
6582
30392
17597
32766
8441
15808
16498
25783
3210
18977
22876
24091
22845
10667
6421
30248
13481
12521
10766
30047
11740
14596
11743
12233
24142
29925
19931
9016
7956
8602
14824
19151
7766
5627
2446
19396
26883
30093
13133
24421
15555
2726
3636
7769
13870
3026
4527
4393
12091
20598
18337
10751
25083
14515
9394
2989
9095
19597
15083
16880
19255
22093
31360
20214
6676
31779
29932
12831
13968
7440
22083
19457
4213
29955
2244
17326
16668
19523
13998
20793
15327
13836
7766
4470
25296
8829
27765
18178
21420
18354
4294
11395
266
9773
16593
15409
27608
11386
7425
4246
4360
15890
11261
17041
24455
8577
8245
26785
19055
6596
7099
7008
19325
12021
26197
9038
27077
27178
18896
13264
6308
2202
2199
22393
759
27137
8836
29063
5770
15942
23541
30897
25556
13915
15139
20256
9697
15462
28591
23483
1679
30494
22654
18599
29437
7287
7111
2830
5185
22401
1386
6176
16473
17805
8068
27480
30564
20115
14656
16897
16659
23760
20464
12280
32346
14259
3676
29107
875
1530
22105
8066
3556
15129
2206
9749
27463
29659
32468
10303
25516
1611
27628
11769
15538
18645
5813
17578
26811
21673
8878
29862
13913
18272
23321
12276
5123
18402
13392
7764
15373
21127
30556
27264
23767
4220
19396
29875
4420
15977
5027
3688
15725
26192
19965
9060
9111
28857
29523
29686
17763
20748
117
17534
25925
20798
9112
9772
15415
16559
16296
15626
14255
2643
14816
10045
21454
30225
17815
27016
26074
6504
8797
1297
27374
15192
70
6760
12016
12160
32390
15813
24516
27780
30782
24721
24767
25009
5014
29736
29279
20452
18188
10718
569
10663
18700
29760
14130
16030
7616
11676
3570
13858
14121
1987
6550
7467
23407
10509
15525
2931
17781
6814
28230
9176
13233
27624
24496
29698
22843
12145
5601
30535
25891
13526
19347
16587
5128
9233
12140
4332
32742
24055
21109
23005
8752
17924
23245
30608
15391
22875
20127
7898
6473
14089
2897
18386
24693
32138
15614
6010
26286
8590
27175
3233
14486
8701
26533
29703
19965
15672
18658
26563
7090
2978
8265
24034
30617
9055
9211
2641
766
10587
2756
6141
3881
29582
13645
32056
12339
8319
30611
28511
29208
18439
5783
14777
25612
10584
20056
31651
28179
31293
29694
4586
9420
15268
2136
12153
3981
14169
20104
26932
5301
2836
15101
14627
62
25782
20130
15571
22674
21456
12885
13049
30112
21605
9883
31833
3630
30449
7058
9190
12145
18857
1319
12843
21211
26373
16264
20457
1588
19836
6109
31746
23020
25742
19763
22677
2480
21256
7608
21355
4923
2692
13358
11666
12143
11311
2458
9799
24996
10959
3900
19738
4416
19972
13508
16204
24967
31437
7875
21628
15285
25935
8544
32386
16202
4050
21324
24732
3238
15117
19704
25032
7637
11171
26629
15984
8620
26861
4860
23884
3349
22778
3391
27525
22183
24020
7999
1046
4218
22533
8944
26232
21561
12890
28794
126
13688
23271
818
20350
11848
19787
27336
23729
14857
4662
23745
22748
4736
22568
31272
6960
17194
2427
7553
1903
1743
931
17663
8017
9049
21429
27895
17190
14311
7206
28307
26044
12574
2005
14027
14211
22463
28236
27025
3311
11647
3395
17740
1054
3091
31590
23176
11707
14986
14425
27628
15650
27871
32248
2668
965
25039
14051
16832
15310
4840
15930
26900
26118
10979
19621
27649
16117
13875
13976
8124
3915
16862
24533
30861
23422
23692
2098
13187
14005
11741
21916
18535
15589
6144
16220
14318
30777
6018
16025
2610
13752
21859
26654
4451
3362
8047
21342
17594
8218
15051
29365
18351
21642
17615
16625
29036
3652
5651
26641
26753
11237
23501
17741
9945
19199
23386
28246
31213
6007
5146
7134
21303
10795
13185
7515
31978
15064
3947
14856
1760
10556
6832
9005
32724
8567
2041
23457
20177
24503
3794
14477
16618
22292
1792
24434
7980
16313
19988
25966
24785
20549
11072
29627
19894
9841
9578
5496
9488
8946
32639
4780
7258
15521
20234
31880
19090
3801
24837
20204
21412
10016
24814
19245
26663
22026
30238
28694
27975
1883
19287
13100
24834
25964
13468
24374
20120
19408
26437
15357
26428
19766
30802
25425
4880
20625
5376
26444
3664
2423
10650
11739
26317
20423
27282
9593
28062
6799
29648
14142
28946
8749
29258
6681
21225
28084
3029
27482
20163
20369
31034
12403
1240
5486
1677
9727
7402
28502
28090
3
5496
21018
16225
32628
4917
22772
19940
250
17592
27243
20158
26868
11893
9334
9750
4284
29420
21476
4243
6444
27424
31483
8051
18017
9035
11104
15063
18622
4048
14135
7777
5940
3697
32138
1025
16065
1986
21999
28940
19255
17629
24421
22927
11583
19800
13952
3554
16797
24948
22214
9856
23990
25751
11096
25109
1359
19453
4821
10713
11671
26026
23163
12317
12648
2979
29839
23843
23242
5981
28159
32307
9657
10614
26439
27371
8232
6563
5265
5335
2885
8938
2336
13634
8703
8209
20974
3403
10437
27734
9108
27707
10897
15456
8043
28693
1830
886
29681
13423
13974
14575
23662
25473
26118
4585
17367
23932
20917
830
3826
27165
59
8116
20923
10369
17167
9844
29703
12603
8268
21950
2407
7844
2485
21978
24655
28530
1270
20562
3191
30604
10541
1886
28802
21277
5544
416
2782
4071
17904
7697
2539
219
26375
9276
27487
28646
4591
9386
10985
8717
3947
15773
17428
25020
2314
6145
2927
859
19296
12447
8939
6179
32151
16788
3460
17200
29223
24577
9763
25815
29921
8709
32195
4153
14898
24808
25811
32536
21414
27545
9180
30698
19883
15707
10084
23084
23192
3259
8978
17657
12013
18117
28691
3035
29404
19063
10939
28129
27913
30838
21360
17138
19087
27392
30404
4960
10307
27170
8417
19904
16700
28715
8234
3834
26259
21088
23327
12444
9319
25073
15745
4468
14372
6444
183
19549
15365
10481
21361
20825
11224
31334
9355
5344
9986
30955
5428
18808
5058
14417
22095
22406
1978
19270
29977
1892
6571
24084
23309
4531
128
27020
1285
2547
9102
4668
13729
22353
26
2025
9964
12223
2075
31033
32573
18762
24130
28591
3420
13736
4920
10204
4070
7185
18471
14804
3059
17745
23163
9696
30453
11802
31978
6514
14308
5022
25009
94
17304
11869
23073
13894
22646
3900
3931
27734
7502
21208
14424
5938
10116
7961
28972
31021
11374
7946
6027
7356
25086
28904
20620
21290
21153
14969
7085
2957
10342
22430
5911
5624
13155
22316
22820
9970
12117
14840
799
12071
3206
10289
29003
23390
16372
4339
11302
20651
24239
26648
32494
30950
2179
30290
22373
29531
26071
28535
21202
32195
15573
17179
7240
26996
25035
23396
42
28884
1745
15898
22767
275
11949
17406
14627
19482
18163
23133
30382
14014
11633
740
31577
30522
9417
1462
32398
30684
31840
2492
3167
20990
28535
1852
32203
30008
32664
18606
17980
20180
20020
28107
14931
1410
14730
9446
13288
7501
16586
3711
14157
6094
29563
32534
32211
25760
28698
4925
2448
13844
13828
18929
9823
3621
20118
6442
31783
6062
4498
12465
5729
8154
2244
24370
1236
17372
14054
19858
31139
9953
17858
1154
2186
17475
24470
28757
27493
12800
14268
22286
28658
26474
1674
29886
29399
23584
31864
12813
3047
4924
28800
10518
20385
26318
19915
27768
18937
10122
1161
17577
5724
25789
545
22414
14574
28806
29834
28233
7446
29762
23800
19795
23868
10568
13756
21194
14289
2519
12133
20236
21904
3660
18732
19332
17668
19096
18575
13252
20299
32754
21563
5332
2585
30409
13871
26314
19200
13565
2335
5275
24558
25678
21782
13873
12535
32021
24416
12478
12116
2354
12711
12623
13740
4933
7260
13732
15763
5665
14425
5951
3665
125
11204
19643
18660
8429
13878
21855
30024
3601
18460
755
29941
24332
10590
5586
32426
18488
29503
24385
1897
28697
24965
24063
15554
4239
16089
2334
29781
14415
28784
15632
13459
16531
25835
32517
15044
19217
27260
2677
8782
23594
12363
23800
4404
25957
30488
13406
3549
21531
13601
13052
25111
30836
12614
7748
12123
22674
22891
27545
6227
17419
22558
3937
9113
15261
11641
16987
15298
285
20298
12594
28827
25521
5234
19027
23986
7231
28555
7676
23064
20005
15566
1174
21862
43
10035
32581
1534
8629
26841
1725
19603
28734
27305
15447
28908
20737
1847
12644
7140
29433
29928
14529
12982
19724
7002
30380
30583
19588
22528
8917
4836
18366
30221
12472
27486
2342
23956
21035
27955
1635
15853
2099
10271
6094
14170
13852
26131
17449
18410
27337
7988
29838
32670
21576
28455
9381
16331
4521
28556
25370
2495
22289
7112
13902
8359
6154
8712
14669
689
11293
17795
1281
32109
8611
13823
14757
24953
13016
150
15483
6493
4401
32186
32194
10164
31472
24695
23267
20621
20213
19192
28907
29200
4823
3149
29501
20581
7987
27499
23177
22737
26180
9076
32760
8226
2228
30009
30889
8270
11442
29182
17761
31063
19269
25469
10878
14705
26592
29997
17453
28775
26166
707
10973
4667
29263
12281
15348
27917
11996
11663
23232
13885
7624
20368
15792
29396
30479
22743
7108
16160
25043
8145
20034
14751
17325
28805
15019
5407
6721
20433
6381
5666
4885
1014
27098
32647
21923
1623
12761
12903
13228
17021
19419
1342
13264
18015
26769
5707
10844
18400
3549
7481
21603
9114
10886
32766
10512
14554
4655
12036
21818
18155
30090
3206
5433
12184
10953
25406
24824
17132
23125
12349
7756
30780
25539
17434
19844
14440
3844
32590
25666
7517
24027
11743
19081
19166
4500
17980
11798
17541
14580
3944
8180
25860
23148
29275
12363
23217
3729
31398
31865
19778
7889
19029
25443
4308
31838
1305
21517
2611
9071
30375
27241
10325
16040
30811
20077
5927
7894
23073
2408
3981
23264
21141
17814
26787
11259
14953
11250
20042
23068
5895
21579
16608
19635
14456
31642
16974
5014
28293
29843
21576
31803
6428
1658
11216
1835
6133
11832
15868
20915
23924
30126
2554
18397
10450
21833
17489
12959
11128
21463
18281
30289
7595
22681
27982
5476
1646
25497
14001
19282
15012
8253
25392
21457
22390
1565
24279
12876
15348
31762
10470
3475
17919
12687
6100
29650
22118
8757
7829
6848
24655
30625
30489
28696
2009
15753
22037
3661
5119
7175
3077
27002
14272
3124
14194
18583
30332
15097
27760
24307
10146
3618
30060
6622
23944
32692
4388
30374
13210
17281
20983
29894
18359
27385
607
30809
25304
31555
12988
12501
5363
10637
21587
22517
18463
12704
1430
23799
3832
31415
29606
20488
12869
32401
29974
8701
16856
9925
16882
3139
11446
5206
27903
13593
9336
1415
581
25596
20465
19952
28363
23139
4369
5330
5538
9389
25097
19880
13860
30552
3504
7934
1918
27763
18214
11142
11628
13654
25783
29033
27204
5264
16898
13275
12854
13345
3418
8946
978
11242
1132
13752
10698
19553
25634
27263
18938
393
4040
24948
26021
25122
13166
1399
12034
16156
25997
14122
22519
18258
3053
11848
15908
4981
1989
1337
6179
11846
27941
8931
2062
27913
18833
30402
14146
11318
15854
15163
24419
17521
28579
12845
25761
19388
5368
4042
25913
30444
8385
1957
25150
12121
20801
12299
26009
12506
9801
12183
18767
17393
672
26881
1026
26690
31911
6455
7867
842
8765
7087
14310
26445
13281
18683
14238
18064
6934
9118
6443
26313
8204
18206
28105
10452
8828
19802
31915
14503
22996
7710
9280
31112
24724
23797
24757
638
3832
26942
7099
16133
26839
9346
10634
2053
8907
29445
5926
18693
658
10907
11745
1436
7860
25533
20513
21289
16742
24796
4963
6852
29359
32757
15232
14197
28105
27238
31535
17571
1482
30464
7628
12495
15748
29277
32344
26754
5801
16756
28608
11651
23603
4714
31330
28238
27650
4012
4813
12738
17351
18746
11720
27418
21794
18502
21911
18974
25863
253
9337
23450
31334
5797
18549
3600
8203
9704
29782
28330
32195
2415
25077
12914
3264
19635
18870
24517
27454
16656
29525
11269
4967
26908
17379
24975
31092
11830
27915
25069
21782
5218
8602
6220
6676
24660
29503
28720
25653
25546
15758
9318
23136
25631
16971
31291
19714
20253
23270
15595
5040
12820
25410
3420
28174
10024
16826
23052
27631
11503
12390
4936
8381
7228
11162
28576
9756
12341
10672
21655
12746
21676
8
14239
17097
11948
6476
2884
10689
4945
24825
3239
28832
24797
2075
1326
25987
28169
1880
21626
19673
921
559
22169
32453
5171
28546
31357
29637
9841
11090
7341
1170
9525
21963
31291
24903
2621
9088
20470
964
5879
759
31200
8533
3990
15208
9955
24463
11365
26818
29887
20603
13659
30959
2119
31223
31728
3673
30157
27736
10032
27565
3547
11348
1550
19679
25124
29728
23546
20846
5817
4053
23478
23529
21376
22808
17509
2738
27107
5626
21733
11778
709
16157
2398
24365
26810
28953
22299
7463
17015
3357
23193
4679
20871
19674
11230
26444
2368
19868
19724
18334
4598
22202
26422
31446
3182
24369
18802
14207
10645
5772
24112
4894
27250
29959
2762
13169
7258
5875
11612
9461
25955
26460
11477
31402
29979
24042
20302
6938
11641
21509
19099
24216
22547
13628
17184
25286
15250
3816
11494
14170
9571
17164
17135
18465
15280
25216
2246
10308
11151
29263
2649
8906
1913
8285
19979
13406
27133
11085
11526
21074
12469
417
1486
8933
25466
23587
32028
2753
7124
22404
16617
13256
180
20804
457
28944
10854
3025
5754
9260
705
24051
32189
1966
30113
29031
12900
745
1431
21707
1453
27388
6366
25786
29646
21772
4753
20535
9937
24016
3100
15439
7074
2643
17137
19194
7527
9717
3708
2371
2831
16819
29272
2216
6958
14505
8387
10180
4616
24021
335
20011
7659
14110
4059
8086
19907
27029
10178
27200
21992
15098
3922
21647
5946
19586
22400
3575
7280
29399
25561
1820
429
20321
11964
30006
31316
3780
7623
9402
26910
28842
31375
24375
15978
31938
25492
26749
4308
2313
18804
22277
9224
30024
19550
19341
20953
16349
3530
19459
2445
22463
19047
17828
22907
20413
20565
31333
14041
22278
9621
23954
30671
6894
29374
9141
13263
30191
1521
2489
32297
4078
526
5967
11994
21440
3624
24721
11685
24045
6455
2789
29542
18612
1549
6437
13730
31055
21388
17149
28770
21112
5397
23444
16962
28715
20291
2926
20165
20654
3290
24977
6891
3791
16378
32742
6150
4461
17305
26339
20681
21561
4400
9319
27810
11710
32435
27109
32074
13983
6343
19909
19098
13856
27952
15367
4256
14312
22920
23082
25586
12038
12855
25164
12354
18993
21919
14738
1331
23892
32663
17866
9579
1098
28955
17999
3049
25317
16449
13357
23449
9782
25711
28038
27942
11016
21196
12341
28432
28078
16116
10160
19454
9983
21488
4659
19285
15006
31077
16667
8201
23167
30987
30864
22964
934
6241
29286
27621
14386
31392
2117
16314
6811
24301
18696
945
20024
3794
32100
11707
16644
4335
24522
25490
17057
29677
2958
15693
3229
17844
26440
5682
8181
2782
3707
24523
7127
19051
32372
11068
29100
438
2677
23763
6742
5287
23315
15841
12470
3627
31965
24776
5490
17633
16958
2902
32757
14359
31909
6993
8375
14580
20706
6483
14526
13302
10964
28120
19045
11936
5185
27798
18268
19820
29445
10765
24560
30215
29295
20318
22412
25021
7144
24672
640
13362
25301
10225
20738
27220
10175
16010
2930
13709
30385
24343
9187
5949
1250
32261
16598
20583
12692
22172
25928
31147
3644
25231
23024
22388
12771
28625
15298
15986
23500
18603
21431
7243
10583
8716
7120
30861
25381
17440
5465
488
9597
8483
21611
31642
26607
20088
25780
7978
10295
5109
27514
18009
15460
1410
10974
29014
4153
23266
19038
32049
20947
31184
2206
7826
20876
26190
14952
29867
6432
3386
15089
18539
32270
7458
12638
19444
13121
24921
20358
28240
7664
21322
28154
5983
29123
22029
10563
24596
22583
20536
25706
6881
10051
6136
21694
16496
27452
25952
31441
5268
18422
16128
11460
6015
29996
5306
5572
5941
23073
31953
20181
30017
3208
18243
29902
29862
13985
23385
24485
9240
10406
4988
24301
14444
6501
2890
8093
27470
23086
5097
7955
12850
495
17051
20313
24973
21406
19859
20646
4164
25559
11016
25640
20324
16839
9863
31744
2581
10056
24717
3215
8649
29773
27733
752
6841
31105
32751
1221
27794
22059
27282
23863
19307
27989
17715
15160
31995
13869
4438
9483
3593
27563
14885
17671
31779
24436
11199
29592
10131
29695
29906
8838
8591
502
9836
3450
10928
11487
26126
21438
30118
27387
26115
24388
553
17518
14319
15594
9266
3489
11691
18940
2924
8421
15440
23290
24293
23385
5522
16284
16650
24845
27472
18452
20434
27751
4456
12179
30009
11462
29136
4110
7152
30822
1763
17218
7251
21892
20472
21750
30107
7874
29753
27264
10069
18124
1971
17290
16147
32572
9897
14358
28257
18107
23342
22464
15610
8809
243
3651
11068
1664
7005
28991
22746
12852
20954
6970
977
733
1654
14308
29597
599
15017
9631
9388
13481
13939
20542
18451
26854
9643
10509
27520
4433
8085
24594
23919
26308
19634
17043
8609
23379
7900
25305
2506
8236
20370
27955
18059
17089
6288
20029
1183
9514
23202
3681
27225
21956
9915
1695
2382
2591
23873
21130
6223
16663
22444
9107
2458
20544
20559
22922
20816
24712
31861
1122
28714
7703
3248
13109
5736
8058
1902
13447
29451
18433
12749
11215
836
10597
31409
8244
30252
10414
7187
26772
30901
27220
26268
6346
32225
18853
27506
21553
22322
24422
30802
10596
12641
23485
6623
23368
18771
14159
6201
15181
27976
32677
8658
30960
7766
17108
6269
2693
26134
24157
13512
4915
13469
13650
29580
27200
23213
4538
450
10126
29741
13623
6808
22886
22231
23782
3013
18293
22833
15495
21529
26388
1470
13534
4184
25805
3701
18776
10824
26394
5234
6386
32265
28271
6124
24151
27045
30331
9319
15176
31464
15532
3370
21313
12146
20465
19956
31066
31498
19907
25579
30059
2101
28774
13013
9331
26375
21100
19082
30779
7738
2940
8361
6710
21117
2641
4747
13740
30734
20485
17269
11543
17035
28816
11026
16078
18182
31884
26656
23776
1111
14395
11113
15427
17846
17354
20213
24366
5001
6359
28030
7875
9850
306
3620
30705
4301
27360
14434
8089
4592
15718
1089
8687
18516
5188
31435
4388
13692
703
23235
1858
18516
17635
5523
32599
25027
457
6278
18901
1923
790
13879
8249
14641
1476
17482
7147
7072
2085
16729
5221
28275
14628
5937
10392
32747
27855
19775
30603
4861
14866
16197
19526
27560
9669
11345
16622
30085
32490
12784
7473
14496
20527
1951
29669
4230
2747
3714
17387
22943
20006
2393
8282
2238
29129
4271
9177
24823
13113
5972
13133
15281
11790
4878
21429
5883
233
7564
5969
24100
17333
8603
26122
8325
13100
26781
9486
10914
13725
7222
443
13682
7405
4168
25534
8186
18909
26914
19068
26401
5258
29172
6577
20415
7738
14214
6486
30455
28757
15146
11465
15559
3250
20976
1320
15581
21268
1048
21245
18860
24565
205
15137
7616
18562
31248
4826
14158
22502
31986
10055
4624
12747
6662
5118
13135
32286
29206
27891
15426
531
31509
16284
30358
19050
4437
12114
3918
19184
10490
12539
29645
5960
13231
10726
1329
6379
3735
30198
5603
26222
3206
6403
25964
8196
28786
8061
3723
30019
27684
29266
7044
14379
30515
8722
13498
8548
4659
27986
7552
10695
18986
1614
29485
7456
4163
23506
25198
18994
14791
26970
18145
29692
15432
21112
26847
26683
31264
19830
19865
24368
13082
8508
19814
2211
28014
14965
25691
27176
27379
7150
28957
29345
32400
11838
22003
26372
22003
12972
12319
3167
2950
23885
6511
13081
5279
23149
10255
1914
24568
17200
8353
19309
14430
17785
3727
23941
16301
779
13984
12607
5627
27631
6090
7303
276
6165
28232
7805
10279
25662
27884
888
14270
22040
8373
2635
499
2987
12964
28360
28385
14837
31692
32131
20826
32465
8105
5337
29656
2590
8370
14128
29109
25116
9009
4735
12446
18201
21075
8466
3653
31310
7035
18311
5718
27652
13276
5149
21677
5371
7239
814
6086
32523
5953
27897
14196
16652
17753
165
13270
29172
23481
28803
16519
22335
10490
13204
4118
21140
23613
75
29622
21157
17015
25747
9014
19287
28172
7956
16691
31011
31904
7602
28556
29627
28457
17751
2070
21489
18505
26355
19857
28885
25820
1473
10459
30750
17101
21195
18020
26060
10797
432
10210
7947
27782
23205
32326
13401
11884
11706
24558
3819
28502
2911
12060
3405
17324
26150
17575
21322
29985
458
13040
20747
32067
21361
13592
17795
3664
14126
7792
16394
7756
7882
24113
25927
10320
7620
27502
31572
6181
30358
11590
285
5138
3386
13150
21769
6385
25325
21135
11997
7304
32563
31195
28893
10775
27163
21414
5172
11566
7108
1826
13461
24257
1312
11788
32547
2174
5624
21142
2190
4702
25648
2468
20095
3707
22605
32058
26679
14113
820
31541
10867
4903
308
23610
17042
13440
3655
22253
3321
17677
12181
4963
10935
21941
5690
4825
6757
9144
8009
16294
22608
18496
5393
14702
18907
1594
5535
12697
30750
10851
17028
27651
24019
12710
7640
14325
19571
10661
14462
30037
11420
32662
5546
31257
7606
12624
26529
27649
14550
5285
2496
25222
31458
10483
23488
25870
6647
9974
25144
6497
18951
17120
20579
13920
13511
21676
24356
3829
10440
23215
5447
18758
17379
2672
25866
5678
7387
25529
17116
31981
12350
31214
6500
3870
5260
26526
16069
6378
14747
8280
20257
8572
14138
5312
4188
20404
28437
23777
17186
1824
1497
23749
1323
20776
30616
5955
10429
26248
19310
8985
9587
27908
10853
30267
1598
15702
23958
31594
30889
17772
30609
9735
24929
23248
11519
30762
6644
4456
8326
12015
15321
27231
9709
2320
7345
28515
16513
23481
24524
3601
24759
27031
16623
18349
9490
12339
31828
2327
8775
8062
30707
16122
30368
28588
4608
31303
11422
2374
14517
14562
12514
13179
12113
9883
24397
31928
9313
27231
27495
4472
32062
21423
10237
30044
31447
31826
29199
21118
7088
12871
17129
21251
24363
15870
11663
14575
19975
22728
19294
10301
27686
26507
23537
22320
30611
19898
7234
6372
6339
27780
6417
30248
26651
8780
138
18576
27827
24154
14114
3013
30810
7376
13250
22816
1242
24287
26407
16759
30333
29498
12937
31031
26575
8907
12666
2739
25254
5542
23314
700
10848
1083
15945
19314
31596
2255
23972
10585
25612
9517
28180
3760
6744
20632
32027
14590
29575
8709
16944
19693
24682
27271
8037
25691
4921
21515
5447
17071
12946
22597
11781
9065
15807
9194
9173
22270
1592
14880
18068
8674
25192
27699
25772
4582
32180
31113
15163
15812
27066
27608
12658
8952
21718
918
25403
5586
2539
18609
16158
30666
7520
4993
15205
10259
27496
8699
26238
25203
19335
3367
22178
81
7506
13012
15540
20496
4726
26506
7788
30363
23035
1216
31668
3905
4298
10063
25426
32196
7021
12839
15048
9900
19735
26944
15736
481
32740
14548
30476
15225
609
31948
15637
22223
32335
23672
27634
2005
15524
3714
27380
13995
27347
6437
15296
24944
17741
25242
6388
20568
19272
9683
26637
20478
24511
8044
648
26108
31674
1759
6727
13242
21967
10231
15671
31619
8937
12423
15408
31710
21576
1627
31004
5403
30409
14703
24668
27948
5992
26207
4455
1462
20739
7455
31412
30824
26465
8172
27867
19852
4978
3714
26871
8411
25816
20880
11854
2198
23719
23145
19252
29394
9577
2812
13612
27924
3174
23046
11345
2589
8226
1926
28148
23047
6182
30066
31367
10385
27139
30888
29369
30136
12181
13863
20451
23687
17029
24703
31651
23599
12561
27014
2758
14170
28688
31821
8044
23997
28208
21330
13926
5100
27779
16119
25571
19827
16442
28723
17228
27938
25008
23432
7788
24488
27818
18485
4052
17508
30173
24492
9342
6263
22960
20806
16560
6174
26692
24118
19491
19007
4785
25020
26981
27201
32147
10651
15484
9249
7366
13004
1228
22210
15469
7796
3643
20613
6969
29460
15762
14874
31208
32255
15398
9110
17419
26898
1721
26565
13837
22687
25499
22977
9329
9642
1044
28867
18523
2136
21767
26170
13650
18084
17103
31258
23620
15188
29805
20855
16330
18731
16869
9042
15790
3681
27109
10163
4523
27728
19112
31992
30067
14192
8730
30572
503
9093
6461
3867
13794
16407
7883
24549
17766
6435
21789
28626
5948
20496
5963
12197
4838
16612
22933
27060
9272
1976
26881
4854
6166
31338
20038
12894
13951
27281
22505
21095
15819
17334
4006
12529
9008
22977
7953
8523
15499
31665
26493
21649
14173
7824
20765
31800
276
13478
5481
31463
1165
1262
2243
6024
24790
5830
10075
26272
32056
1514
26960
24027
7797
21155
8728
17900
24910
572
28449
32403
15944
9142
31160
18687
31408
3261
4139
3159
10973
25306
23082
18580
10677
17641
11379
11153
10611
10446
16303
31845
16807
16740
20118
20720
7805
182
24410
16820
13635
2674
15427
4070
8742
10906
24470
29125
4924
9341
22204
31019
25800
28134
24736
18530
21177
10899
19289
2360
25459
31720
21769
23126
28626
30949
5125
9933
27756
25174
10806
7154
22551
26441
18367
12652
29612
3525
16607
30603
9994
5049
15129
8156
14173
23603
13715
29690
12960
15570
28861
11942
13408
16254
31026
27418
26563
11350
23011
7835
27338
28650
14706
20558
30419
12715
26332
844
29282
11936
6491
1784
20512
11354
26507
8593
24356
6185
14795
18691
28786
9872
15334
24067
30145
1783
4595
7514
32130
32672
21625
15233
12317
1500
6103
24175
12926
9855
739
27055
4560
21137
14546
20661
7304
25670
6744
25458
19622
28720
8719
18726
10039
14004
24605
7542
13599
18875
22802
25534
30997
15017
19471
17576
1775
25747
9261
18942
8224
9901
6428
3260
31103
8961
17163
2410
3658
21863
9672
3752
9322
5809
30505
31243
26104
24614
9386
14119
13313
25394
23639
13549
5766
18779
7405
17720
28103
12407
4412
6818
18626
14108
15055
22684
1270
11609
12239
27070
7020
15779
28709
4187
16120
8722
5599
25945
12221
14798
25813
14655
26607
4804
32140
2960
1501
15261
14170
3160
5934
29168
26059
23556
10602
182
3396
32118
17341
25343
19174
11865
11768
32484
29621
6578
10457
3261
12026
6328
31628
32404
4070
30182
31345
31705
29303
26190
27424
17750
8096
11568
27051
5478
31908
7627
13091
20578
18883
28531
31069
6493
13336
6116
9205
7953
16066
8150
8852
13592
18242
9682
13423
3424
10532
835
18704
9689
17634
18384
24153
15984
28165
32489
32710
27457
1165
29600
19186
5896
15763
26299
7517
2521
24365
27399
20332
18450
29586
23535
8369
23949
14206
8780
14701
26906
18392
15231
25939
31788
21139
14014
27535
8914
20178
7339
10247
10217
79
29995
18913
27025
18941
24437
23365
20957
5100
28777
30308
18383
18541
19236
19385
11395
11384
10193
23950
14506
5962
15553
5315
20026
19794
15807
4811
4708
590
26013
25847
25543
18098
15891
31991
227
25673
6602
4766
29392
28190
29875
21221
4143
1949
11933
51
11362
9974
21511
26587
18168
22210
26930
20710
20331
15081
27515
18452
20750
23747
31976
27933
6977
637
28161
9532
14823
5567
6625
22254
21018
23947
18572
4856
14109
3945
2947
20135
19345
31681
18582
4955
748
22920
26362
18247
5928
29982
21147
29554
18104
18039
18867
11009
11968
12922
10396
30649
5509
31654
10211
28608
14627
9723
16541
22691
30334
21016
11006
31645
23674
21409
11047
3863
32623
1763
8256
22891
8407
10683
2503
28909
32586
15283
30503
15660
25261
10607
5517
7541
14502
18248
20471
22681
21842
24374
13710
14832
11323
22003
6709
32670
5508
11101
9570
32277
29543
23069
17196
7388
19426
23174
11174
4238
10924
19647
29804
30245
24430
3621
24699
13176
27696
15851
25158
16643
14353
29955
1030
16615
23100
13634
10833
1841
4375
21439
25838
30559
14782
25212
16872
23329
23471
23880
22241
5724
7367
7651
29865
23668
12653
23396
14607
19147
7437
14552
29431
3205
22216
10028
3245
27535
9833
7757
28793
29407
19867
29069
7028
1533
20826
17225
21145
4546
30632
23496
11807
14943
19841
26471
28423
10914
18704
24563
21233
26741
23587
9559
23091
21160
2781
2423
13356
11248
23210
21339
17878
22319
11640
32144
32411
10485
23845
13259
28522
29255
11059
21456
22537
10400
22723
30098
7853
20278
31425
16028
26056
1406
24156
1199
13346
24306
4537
941
25387
26642
25832
10933
18320
31913
30487
17552
18444
21329
9221
32588
22145
25145
26042
5926
32583
294
32374
10414
707
27832
32487
28197
11580
3823
31902
27690
24811
12525
3268
20886
1617
31230
22281
3748
22222
24533
21726
26453
13678
27673
4324
1298
2566
31520
31396
19347
21120
22522
8832
29953
24179
22961
29161
14679
26871
26063
13267
1294
1207
31777
358
761
3655
12219
26359
32110
6328
12604
21814
23206
2154
20051
12969
14438
20514
2690
8537
27359
1116
13602
19659
25300
14563
8360
21553
16122
23710
24358
9442
3236
1965
10261
22792
31647
28597
19281
28312
2395
30327
21861
27272
26444
1704
18697
15420
8336
13052
4585
30017
17106
19333
5288
10557
3694
23867
37
2598
29142
20444
17405
5299
21556
5622
20561
24848
29521
9025
713
27606
22709
7475
25816
27450
10768
31183
8002
1157
22744
190
18140
30148
30004
25248
26259
1984
10265
23204
27312
23600
6322
3670
20827
27694
16646
8121
17501
19176
30165
9622
42
152
9666
32275
11294
4534
5048
12167
2055
1643
4230
19341
4836
1610
30668
2136
3820
23611
29723
1094
1746
30391
20056
26551
14408
14395
19553
22815
1986
11254
25331
30554
24956
29381
16076
20032
11198
31842
26892
31098
11871
24793
2785
27028
5000
28219
5219
32594
26042
16021
19133
29000
12050
27171
398
12197
7628
10690
911
14928
20999
32164
28277
7478
14535
11335
1561
1762
6208
11688
17110
11598
12626
22196
7986
29944
6736
22783
26817
3641
14085
27320
6215
31954
29177
10973
29981
15816
6896
5547
2006
32627
3764
7513
8225
8145
3092
15109
29169
25888
23085
3055
3548
9387
9192
20197
14529
19428
11460
22014
26286
32691
17110
16523
23809
17934
4622
4427
16333
28106
15547
29918
3711
10416
23889
19580
21441
3028
21866
20711
3230
27170
3596
24990
2791
15674
3370
21588
22230
4222
1133
22688
21490
8808
15668
17398
11570
12322
1497
22998
19557
8016
1078
25667
24785
31280
4455
12407
14619
29158
722
17365
29799
23313
1125
23839
20159
22690
26655
5609
3257
10478
3794
14414
19028
18690
20007
7393
12580
25142
30690
9446
22959
13829
26215
9411
23574
31771
12925
21169
21496
26288
30291
3511
23443
16661
16833
4313
16940
23692
9167
26253
433
16221
28027
12398
14238
18982
4535
5940
9501
18291
18098
30436
31345
6542
19544
6980
29076
31385
31772
8338
31775
729
1525
19573
2155
26965
32422
29492
8694
12960
9027
15654
28936
16883
30193
24682
23958
126
6125
8919
22886
3840
1232
14390
5492
13718
4881
20655
9877
1488
24011
27522
23898
25354
31680
16888
21815
25850
10143
24216
32484
18565
15746
13469
10756
25303
12731
19368
20997
19122
25808
21427
12871
11270
30916
13638
25984
31171
2968
29165
5215
29163
31506
26857
30575
10219
5565
21542
12351
2347
23857
4461
15808
4068
15764
3035
4078
6194
24161
22930
32434
2922
28776
25006
10247
21933
7447
7803
31069
22973
31479
20453
26682
22288
11129
12847
7719
30243
1523
3304
7114
28433
29670
11803
5968
32356
25218
9671
6670
7211
28012
21902
8551
10573
9918
10417
18160
1820
8272
2108
13266
19757
6710
24446
25456
4456
31369
17596
31050
30299
29291
6695
11809
29651
29765
15114
6237
3502
24403
2376
21419
27883
1123
28422
19434
3843
26585
10405
12104
32636
25847
27379
19368
20411
5723
14754
23368
16666
10185
505
1184
21818
29995
19913
4493
14491
6870
8867
8622
15209
23311
24904
23566
19609
31950
14689
25604
11061
1986
1392
5464
16884
404
8967
19367
24846
4208
6968
14601
19022
9922
12108
4080
17257
7229
7607
1108
8846
22562
13132
26637
2366
28863
31918
26240
16734
25654
11271
9085
28811
20095
1788
16744
5549
16560
28896
4759
1231
7548
25895
31228
21806
7930
30238
16132
30095
27048
9178
22718
23254
20656
8046
29760
31957
12138
20066
14919
5474
31777
8800
6173
21932
30746
6447
4032
1487
8402
30950
21312
17061
18056
7257
12137
19935
27643
25560
2466
9301
21365
7705
29973
20123
23816
32114
8976
8149
6680
27979
12971
22220
14874
23508
9132
21825
13466
19443
28839
24961
21635
17281
5226
9785
2203
27061
32408
25740
7501
27104
15251
3171
17323
28251
21407
12036
2483
18366
9541
32743
10193
5203
16118
22468
18342
31691
31729
28145
10248
21295
26727
15339
16970
15641
12508
16179
21693
6691
8400
3419
30326
23968
29855
28256
6226
6794
678
28986
5944
23740
32679
11954
17310
8801
25198
11892
591
2477
10933
8805
27243
1739
3910
27702
1199
13846
22367
8506
4086
7819
25434
116
28416
30846
10381
3829
9075
19597
9328
20069
31263
32467
2813
16863
19590
6750
13405
13570
31644
28898
3520
31044
1995
25262
4493
3466
27194
25312
2747
25590
4943
3029
10110
14848
12915
22500
7975
14025
11029
21068
28485
17323
23281
21610
29713
21269
5522
9008
24585
2454
30997
210
22234
32055
49
1730
12163
32526
30068
23519
8632
8976
11215
6890
25220
31271
8277
32057
29747
12933
26944
7599
11631
4663
5685
26603
15273
32765
26057
1984
9403
3673
29763
27877
3019
15590
18339
14062
15730
25579
23780
7547
18205
32304
6783
10416
7604
17680
19504
19941
6010
21200
3068
17566
15669
16175
15475
10173
13966
27198
30771
14070
21946
26994
6829
19588
1626
19192
17964
23322
9120
9032
2835
2077
31156
6397
5221
13840
30294
25316
32139
4944
19652
27731
13650
257
4318
5052
4660
26184
3464
14209
31704
17338
23120
1290
19932
6933
29777
15894
22481
32558
24150
26702
7815
24619
3139
6944
17035
26610
7601
24522
12271
31458
11225
22453
31561
12480
11955
7429
4094
23028
15711
4462
5057
25845
11715
3913
9046
14338
22390
12519
19612
21267
32220
8741
27082
19983
9619
12352
16889
1855
22798
3051
4835
5635
8320
29087
26602
21955
12540
11315
25180
7465
5850
9644
22261
30093
24412
31318
25765
26289
1426
16916
26772
10927
9850
1012
29540
24111
16492
2054
9142
221
437
31599
2543
23067
27267
6841
31036
5618
17921
22125
27091
11855
16066
9700
20604
29804
4707
31834
3920
20108
10348
5188
25537
32235
4216
1251
30171
245
11158
22042
27850
26038
1262
1661
11419
8338
7592
14250
8519
15158
12297
29916
15085
28622
11743
18365
32607
1144
32288
3964
21728
31481
15822
20000
27180
26800
2077
24604
24505
2760
2520
21027
5693
27313
25601
18749
18032
9936
8632
12571
17939
13173
17757
9383
7729
10254
12537
17632
22181
27803
28122
29157
6876
23394
6014
6735
7132
10980
28083
5316
21381
13327
20987
14282
3351
26805
13365
9176
22261
3645
12922
29619
16809
4249
28742
18168
4135
376
26840
23284
15702
6076
16603
9660
31436
17198
23365
10106
3289
10352
13696
26118
10184
6452
20168
18102
12897
23724
7892
14966
4531
23617
24504
28699
25104
2184
12042
244
16728
2674
19011
19362
3707
5315
27241
28970
16953
27077
747
10313
17708
26941
26573
23304
26377
15006
7940
17039
23331
26493
24868
30014
24112
31301
3384
6906
26960
29996
5105
15301
5707
13669
7684
23698
6426
5783
29133
24151
29354
27279
23608
21347
16604
6450
8417
16114
20432
31925
13690
29439
20579
19984
19566
89
22518
13743
29379
27897
3442
21611
17733
9363
10120
22714
225
22379
8254
29730
29263
15210
16807
17652
2292
25457
28657
2102
4358
8429
21670
10209
22769
9132
20267
31053
17913
19439
20109
16361
7201
25280
30844
18479
32076
11397
16792
11991
25507
2518
23276
10315
6966
6796
6328
23644
32486
5914
13940
10803
31874
21537
7185
26762
9264
9278
2178
30236
18191
3111
17787
11865
26906
31990
18553
5727
2640
2244
25858
22054
2834
17786
29742
20986
12236
20964
5478
30767
2007
12551
27756
5904
15262
28597
155
20248
1536
18526
8561
30053
23798
14633
29770
31337
3446
16451
3950
10467
20119
12919
17998
20749
4085
24576
2827
13335
1879
31643
2360
17365
16783
30688
24033
2741
15010
20177
4300
20467
16681
26548
13054
19472
10487
3870
18049
384
4348
13649
21349
3491
16489
26311
19973
1526
24341
13071
12940
13707
3360
30168
31159
20150
7638
13900
19164
25866
31190
4255
3883
17283
27763
24039
18996
29445
24666
3630
23465
1285
20341
26821
3685
30342
27152
9948
6318
16200
14651
7248
29111
24892
16495
25284
8297
3130
25204
15091
26467
10742
3457
6212
29248
26161
29350
2720
26648
1836
19559
31360
1865
10850
30890
27466
11895
14710
27091
14301
30417
11115
13101
32106
17302
26131
13452
10375
27352
21450
10544
22654
23425
356
7661
3307
25747
22627
4745
20870
436
18797
19046
23613
20713
31486
4192
20870
5538
20571
29177
8947
27895
23751
13748
15366
5937
5880
4286
29000
31372
24780
24531
26005
17211
14137
26464
22970
17581
7810
24293
6722
15
7857
19358
32652
29714
25665
28258
13345
6638
22811
18635
13637
13223
18884
32151
16844
20366
27348
4174
11055
9484
21162
18469
15583
11931
15198
14883
11737
9493
8439
16002
20603
16433
4062
21848
29846
24650
14227
15991
12228
1379
5535
18577
32764
14185
19658
7072
31843
17335
31885
644
2149
29664
11466
30702
15621
8616
8635
31358
31857
19539
11305
27688
25562
4899
18910
220
3970
14620
10844
102
25879
5642
27599
24467
22591
6341
9281
29845
23924
16052
2829
19112
32530
9360
22166
22774
18606
5226
8760
8376
31914
13552
28799
30367
18438
15852
7575
31602
26745
22029
22020
2040
30913
32234
26003
4120
22327
11332
29329
16703
23206
32651
31034
24578
18781
10404
7028
10501
18051
29418
6334
14619
10667
3443
611
16558
29864
31124
32755
1634
23459
17063
14323
31989
4971
25355
12500
28778
23051
31341
15906
3686
28066
14662
19966
19930
25967
9637
10958
31202
8492
7471
1331
25581
17053
14436
23100
287
25960
29476
2521
30451
2343
15985
12690
23333
25020
24438
8056
10959
484
16328
29020
15570
5136
4845
13376
13175
5488
29979
6155
12630
18256
26433
2945
21879
19111
19532
21617
17080
6637
19363
30768
13934
21806
15603
2119
29263
5213
306
10089
32144
13290
27870
23208
330
20374
10118
31464
17442
24455
9356
23187
2345
11159
6441
29582
22017
2290
5041
12652
25666
5600
6169
11234
16923
26591
26038
25979
26173
24565
19015
25229
15092
6468
9782
11372
25751
9695
1563
5341
18211
3548
30082
19918
3875
17579
28398
10564
16851
2214
3358
5524
6276
24808
24974
10710
11074
11619
5185
22167
11957
32045
12478
3790
18757
7963
17497
32017
17281
8337
12723
6409
6082
11928
23940
12580
9483
3377
6296
15497
2356
6378
27416
2385
26184
1710
9483
6900
5931
21985
22556
19713
6016
10413
7838
3603
8905
30358
21453
18176
20176
19797
8535
16979
9543
5091
1563
10237
171
980
14896
24903
12398
19686
5161
30987
10324
5850
21399
19492
16158
21890
29904
7715
16486
8988
29167
26179
21962
5342
5404
26784
2892
15826
16398
28579
29433
21476
19661
14785
11209
11066
27581
28517
20423
31683
8920
13610
3441
9491
21051
11854
28770
25710
25060
868
7470
12578
31930
16712
1166
13082
31949
9304
20925
1969
27872
9185
6177
18628
17189
20952
1070
2571
14663
25291
5000
16553
26029
29206
6247
18689
31230
22106
3136
32460
19168
6699
30114
7016
1286
27913
25950
20083
13161
8338
20202
17561
31445
1525
16391
4266
11944
16298
15266
10992
8919
23393
15352
31423
24369
18488
8190
7757
6120
32048
2048
25796
3917
25570
25992
11926
17627
23406
17025
10257
5495
26549
924
4659
12534
24776
10739
3519
2272
13983
22509
7312
7283
7439
7521
19758
17899
13302
20222
17567
27905
32697
27882
6784
17074
17904
23721
15188
27201
8799
31297
17691
13183
26665
17563
4647
19018
9024
10541
26155
32596
20000
13014
29077
3622
4029
8201
7965
1124
5561
9262
24478
11858
24283
22597
26661
11415
2493
7885
5704
5953
31684
32484
28346
21002
29781
15023
27164
30169
24646
9468
1045
29580
403
31270
16548
21493
16211
16441
7093
14626
12778
29271
5875
1250
16255
31579
23006
18564
23729
17339
6173
25058
17797
22195
12821
27039
17059
25248
17338
22188
20163
6314
5541
31505
12386
12197
9320
15850
23481
3641
12830
13999
12527
24641
5702
3513
27278
7026
16337
17922
20532
14141
7545
21549
395
7158
24661
9926
28026
3381
19626
970
18845
4989
3333
24426
7667
10523
15238
4108
14551
11857
5503
915
7986
26804
3390
23008
19694
4563
11814
2200
22958
14617
1797
27688
21948
31989
3745
27143
29506
24375
13972
2107
20414
14526
8282
7711
29104
4176
10409
611
20117
22729
15616
23124
27929
23160
12163
28254
30601
19398
32006
10191
21127
23832
14696
7133
3073
15351
5666
18411
13924
20847
14111
25352
1036
16308
18895
26809
14080
25356
4727
16632
14556
23016
25547
10620
28430
22612
13502
17467
8005
19090
18585
28462
30759
2818
7498
18772
4675
12102
5119
2297
32070
12450
2036
1848
11633
29609
18313
9407
23882
29462
9112
27602
14226
4600
2309
5011
23928
22802
22679
18560
7436
9089
28934
24125
27638
32415
8021
20116
31336
16680
26977
10682
29265
7579
26299
23507
14036
13283
7091
27577
14328
26167
2741
5881
11937
30015
28633
28447
21695
10104
23221
23604
28101
32729
6774
10372
13149
18359
12335
31141
31321
28646
15216
23220
9197
3361
5403
15330
12060
29611
3187
2863
32369
13879
31350
19062
9711
3078
8045
18090
21834
25167
32449
21599
12888
7395
11536
13708
14274
18961
17536
3215
27647
19911
29523
113
1155
18427
22716
30316
18739
14921
9201
1194
19485
12510
10626
592
18790
29332
25321
22715
17283
31838
3170
31241
12204
19431
21757
8412
18062
15734
21745
15706
19777
277
15923
13177
27257
27378
31559
20089
23552
8965
12375
3506
8292
30707
21122
11919
26861
22835
18806
6107
26577
15471
20289
2619
20139
29229
612
14844
4394
11694
24105
13839
16390
17430
3383
16466
4153
26318
19044
31506
25195
23847
17354
4045
24238
320
13341
13116
30827
1065
9788
10896
28316
15688
5893
13821
7228
2300
26990
1141
11516
31361
24785
5302
2616
25876
5512
10118
5161
87
6074
10045
31580
11254
13428
10373
20067
5771
4348
26718
4042
19391
4194
27493
26701
28082
14167
8789
18759
7582
578
14286
4974
22455
24977
27477
5566
18005
20557
7581
30899
20564
14578
29188
27067
26299
7293
10593
6891
21917
12230
6653
27377
7229
25360
26847
18762
4213
2015
26701
10933
20825
2314
16271
8679
19735
26896
16374
28800
24098
31407
2845
9278
17295
1971
28271
5232
30911
23053
6121
21422
12350
23332
2081
27080
30187
15728
25992
27132
15449
25668
5356
14700
22902
32235
15169
6607
13930
1015
3232
19558
14018
5590
3216
24881
6862
24998
9093
1636
24903
3914
11686
27669
27701
25022
26323
4151
27920
679
22503
1739
23590
11311
10554
4693
32572
9487
32363
8333
17272
17133
16220
32600
28287
26345
29309
24054
27354
10355
3150
28285
13214
8799
22559
15238
9036
5691
24090
1574
10742
23008
27268
16416
11939
17223
6720
30296
8181
1694
4245
16267
30729
15003
14897
830
14239
30481
16749
11508
7291
16833
6098
8100
5899
15730
14556
32106
17225
20292
2559
6013
26851
11841
31720
6753
18073
4405
20741
19038
11495
28351
11591
25648
11237
937
21287
30208
22635
4981
12775
17555
27768
5944
10522
4290
18133
20140
9574
20778
3573
26496
31369
13348
31264
12018
7834
32248
2769
416
10897
5965
11100
28059
17418
24548
2771
15038
21574
6534
11051
19774
12403
32571
27547
5761
5933
23741
4677
2100
10052
14892
6424
15768
13248
28675
16885
20252
6434
14155
13840
1073
30701
2575
13466
22362
30821
26639
5277
130
31639
21432
7719
31123
23961
6996
32426
12612
11539
17023
23715
24627
31742
8154
20090
13363
11692
771
14505
17895
26121
30404
22305
3216
32288
29578
30185
17443
8673
5657
7433
31135
31521
11903
13222
12701
3554
15174
24174
23848
10709
9454
7479
4304
5405
19867
27618
12794
21590
18698
27270
3706
13270
20681
20683
4708
30258
18600
12435
4126
19460
26475
19424
20154
30956
22465
498
21123
18901
25978
6063
5078
16506
2804
24392
6196
6184
29398
794
8596
1989
16897
30674
26622
25873
15812
22997
4437
3372
8783
14815
23413
13913
15723
7401
11390
3841
8552
13137
32110
19963
1110
2869
21238
6154
8056
16927
14470
24231
8949
31208
29099
7169
4561
5334
21914
4163
6684
32008
2317
25621
15721
31508
2637
21605
23938
24558
17296
19303
346
1548
6022
2778
26179
28103
7215
19342
12641
30981
30703
30243
21855
2581
5348
22803
96
2522
7799
32755
9785
6444
32049
4085
31453
29051
17617
19890
28952
14517
18587
12326
4481
19562
18930
9468
15786
18479
29993
27148
13209
19264
8343
8227
25980
16745
489
31490
31128
13094
19900
12969
1667
24841
30060
6613
24467
11868
30502
32199
1430
7944
29765
13127
4035
27829
475
29929
8433
30515
26509
30351
15623
5144
16549
21039
4788
427
13154
12758
3424
257
12946
23277
17250
23398
32099
32444
5235
22271
20855
29740
3170
24237
822
16081
24074
24883
28776
1831
2690
11164
259
26652
2195
17111
10817
13775
111
165
10230
8600
28575
30645
24609
24392
18750
25356
9409
12210
26213
9387
18410
29802
23270
5996
13847
12492
573
14382
2754
7232
22723
27185
21298
10685
29989
23235
29589
10380
13845
18461
25166
25167
30783
12168
11664
23105
26751
9924
32556
4543
18001
25769
4775
30216
10889
15631
20880
23361
9796
5100
2576
10428
19998
3004
29635
6777
1445
29478
30406
15341
7950
13788
26898
3
8999
21699
13832
6753
21901
10580
9292
32236
18719
30786
11735
9358
6322
5980
7752
1079
6151
10934
27515
21793
4346
15619
31837
3417
24827
14150
20991
13691
2754
31658
18153
31420
4159
10157
22704
8750
10448
16772
12235
16704
10167
21691
22946
24452
9931
16925
26856
26038
18797
18131
28715
32249
11198
32464
2729
18787
21008
26220
26470
3772
11418
8014
2683
18051
879
31888
14513
10290
24241
6686
16718
7364
16129
863
6703
14963
14907
11544
535
11718
20576
18061
7495
13259
3284
9705
16463
2465
18378
21471
23843
30010
7164
31378
18033
19295
25759
15282
15666
5877
22422
12776
31872
17790
4070
8565
14247
31971
7274
7190
15998
32368
26312
7210
15352
15136
1699
23318
17142
32027
21778
26345
7519
19069
21585
15164
4467
25945
16311
24925
4444
3326
22504
23468
2310
25720
16204
24644
15921
8794
31424
9950
30405
28091
27275
19955
22885
3199
20371
6945
15430
18136
12497
6864
22082
9227
13570
25365
1576
25720
17567
32215
9303
23765
2064
15920
4747
5818
5661
1301
32246
23138
26277
14650
1939
1456
23954
30256
18103
21616
524
14032
23017
32224
13805
32477
31219
19310
373
18405
17209
3268
18240
13672
10570
3330
29812
21565
18613
27978
319
26928
2846
2178
21889
4848
20880
17493
26053
17193
6421
29563
7286
21229
19844
11579
25424
13912
16027
15918
24852
4980
27469
5701
16256
16474
5981
22541
3454
27802
24364
27954
4508
31197
15824
17475
8380
18377
14693
7092
19724
30501
10664
32297
313
26686
19650
21490
23520
30857
7777
11729
24390
17289
9485
11524
18760
27379
10682
11391
10133
10769
3481
3962
31770
14436
12852
22827
1470
16269
10170
29141
336
26734
5527
15617
30397
17292
4424
25867
26247
4279
22382
32737
27506
10734
6945
28936
9345
5501
24454
11488
31520
872
4004
16680
6563
14860
18547
18116
9711
13828
2358
8382
5239
330
15883
11404
10091
1438
22721
18321
28203
24108
27625
19942
22786
27753
31792
30297
13585
13374
31724
12214
9353
17256
9460
25414
26398
10271
9397
16534
1720
15093
20098
30329
15467
16386
18476
32080
8617
9022
25811
22153
438
21550
8699
25958
24413
1219
31458
17664
738
20351
1554
16267
9271
2265
4402
19163
1394
16355
12065
11815
4479
12842
27718
13582
21266
14045
7457
5079
22496
25906
31526
24829
21519
31238
972
18411
6635
16580
19937
22788
14810
903
18720
6886
24210
18051
7173
16624
14729
21153
5088
11010
5037
21353
23337
4739
22102
3109
27155
2217
8313
26691
25955
10740
15390
27388
24451
11004
2068
16947
12242
8813
10723
160
21567
13392
7170
17197
4374
652
27722
17824
17177
1708
16043
10875
6099
14562
26654
31264
8233
10316
13786
7481
28978
26743
13515
22103
18249
30754
3392
32473
24416
1348
18148
2832
31383
12880
2287
6561
16397
16567
10909
4650
28917
17582
10208
5928
8941
17971
20049
20248
29836
29514
13933
18652
28730
18317
23806
32609
4421
19683
28887
16511
7985
22928
10436
31520
21327
28526
13761
14501
31889
8313
9578
17797
5532
7313
18611
19767
287
19580
29401
27987
24675
7723
9369
1012
14372
26174
30623
15712
22432
31434
24129
9451
13805
27481
2925
15640
14735
31282
5856
25346
7754
15067
12697
250
27957
31197
32398
21618
15120
20935
25501
19226
8407
4469
26309
15176
8855
22418
27542
31645
30849
1884
25830
7654
28221
31399
20166
20800
19585
5413
1205
12160
225
7396
18451
31185
30697
31768
2776
2207
23913
20507
21125
29364
14096
27058
18267
12193
3388
8850
17355
14688
5649
11299
30767
28983
5833
15235
30391
19423
28490
14030
15270
2278
1022
18333
1470
31058
31199
30412
4856
6535
30929
13697
5497
619
26677
30569
29890
30151
22971
16965
12071
2545
5751
22182
28546
14504
568
22004
11048
21823
18709
2485
23580
11774
2888
12300
11139
23749
31552
29056
8280
2802
8689
25599
9825
11397
15727
16163
354
30338
28091
9652
144
5271
9180
10349
1608
25087
1842
26115
14337
10662
17672
27747
27264
12686
32360
16187
7755
5489
18483
10173
8287
13480
29041
12704
8997
14155
997
31079
25507
28314
13028
12261
12015
5275
11368
30465
23530
12037
97
31671
3370
6493
4683
29023
20280
31327
18693
21042
26364
10399
28897
2314
25717
17008
1016
26729
19886
32005
19648
4797
30189
28374
5856
14306
21805
22853
25154
19433
29646
13698
19562
6936
16012
2220
9223
24369
22190
17209
23240
14840
12927
12183
18801
14575
8706
13331
31278
18020
3042
27643
27943
11181
30376
23551
2900
2227
12848
17885
15251
25773
13662
24382
19960
15406
1037
28634
12644
12386
12616
6883
10073
15252
20925
22433
27148
3828
29294
23898
30908
32152
26538
1652
32323
6336
2108
28381
1515
24926
10466
20907
29314
13014
27649
27136
27569
19202
14742
23345
13705
4985
29552
25639
9823
4113
14749
25093
11994
5794
21282
26122
10314
13325
3823
25274
23867
25213
12561
13368
75
29933
16426
2039
1336
23531
18206
26513
4157
10139
24336
27383
28575
27390
5517
21963
21379
25716
774
9226
14338
3968
9604
18926
13695
972
21399
11027
11064
17773
23439
3288
30748
27239
8943
2056
13789
14708
23071
15802
10821
9729
6241
21365
25293
19834
29702
31384
11884
22983
27362
1785
27053
27927
12029
22733
20740
31452
11147
7624
19810
12822
22047
11653
28423
23765
8219
1319
2712
22777
7275
9793
11377
3645
11635
23795
22076
1396
20293
12630
15042
1298
21016
2074
27650
22253
6390
13934
12160
6981
12468
3360
27872
19714
21287
7942
27315
23358
10901
18076
19857
31747
26986
12014
3432
7254
2604
25529
21779
4468
19377
11469
47
28507
15760
14517
11050
10380
28885
23194
2460
23312
8441
24421
30427
28345
26897
15908
29898
26794
22853
10159
3313
6169
132
14731
18387
84
15990
22542
11899
9218
29106
29636
2649
5548
22066
15890
22348
29052
10243
4377
7168
9284
24129
3805
7290
9153
4675
15271
6897
31778
26387
6056
6880
22212
1313
31710
23129
24128
32312
15932
30108
9127
11696
24837
26856
26892
26854
20857
25745
30019
5097
31155
10067
21737
28278
10706
21222
11428
11559
7255
28370
172
13031
6606
3461
5515
32425
32689
18339
20001
8538
11913
413
10986
20499
9046
12165
20100
26260
16433
2849
11115
28142
2096
28734
16136
31615
21130
21318
32234
31779
14587
1557
21843
16297
17770
16137
26102
22660
8906
5720
23551
9155
21822
28071
2132
3396
15744
30168
7962
25636
27523
18211
16252
21369
1111
16232
10407
21316
16206
6851
16409
9633
15965
31330
19740
13377
17860
19859
3469
25114
5873
20769
2018
9565
29346
6369
15980
32169
1611
22408
10200
6782
18615
22719
4348
17908
2545
24954
19409
26541
14949
27269
20411
13320
11587
26975
12049
23447
23076
6988
1497
20180
25072
1702
17875
27151
23295
9844
954
7595
10366
29758
10694
26250
24853
17439
13173
10950
2246
10011
22155
20130
8729
18355
15703
5568
23158
29879
13881
9364
21970
20060
31841
13848
23950
18830
32217
22977
30363
32135
17094
19890
8931
28577
23019
18737
20964
20840
28270
19287
17566
25844
27359
16907
26800
31606
19830
7473
28350
16912
4508
8734
8213
20714
21165
4943
14226
12418
3069
91
16832
18755
6681
21031
18496
29018
24911
26457
19566
3269
15728
21775
21825
29612
7892
8144
5235
4853
30879
195
26338
31507
25667
2846
13367
20766
7750
17890
29125
22057
16454
3526
19636
30928
23610
21360
16222
9488
23802
2539
5625
18012
20482
22870
9847
12268
31858
27097
16298
24409
27482
23262
5036
19815
17717
14973
8574
16673
10419
4407
25071
22828
24252
21992
15295
16213
4017
24055
773
14956
24053
7632
1998
4693
2476
19860
30727
31324
450
17934
6301
30153
1583
10730
6626
27316
16250
12065
2867
22299
28540
7352
12760
23602
8039
20650
18219
5114
28423
25123
25084
25877
26951
13294
3893
18649
502
2865
23994
14243
8395
32344
24979
12142
23975
20559
29261
2212
21019
3060
10397
3379
9258
29644
24391
1508
11856
6644
15166
12777
26819
13403
32525
23732
30712
303
11637
1552
1129
20373
16216
20586
16278
157
28886
10607
14921
5237
27061
24797
28703
6109
17670
8594
11332
1498
15365
234
11134
29103
30786
6215
8045
3337
20734
23793
30481
24186
30680
10785
4236
15400
22697
12632
14377
24263
12460
17653
6302
8388
8418
12551
142
15811
16308
5728
8530
9804
28123
31723
11001
15297
29309
2623
27021
2196
8856
9587
18328
18614
6052
22836
23015
22099
14708
19222
22670
20156
8030
10024
10541
933
3227
15051
24177
3216
3056
12740
20701
3209
28302
10639
13514
20
12856
3830
20908
10084
4771
31203
16024
24781
18978
31603
18435
1916
17795
4683
25293
10854
20275
14639
20606
12158
30121
17361
22735
14123
12546
32230
15468
21497
3049
16511
17656
27279
21434
29079
5713
19937
5095
8680
9494
27558
24730
15620
30311
7437
13468
32672
3308
28587
26229
10291
10009
31416
30933
5568
12976
5244
18994
18671
6535
31748
26547
31587
19339
19225
1869
16712
10757
17523
27948
26923
14364
21033
16468
3599
13467
18540
4744
4029
245
16501
8042
25947
31111
8124
1765
32320
8988
8043
1736
9479
20918
26642
30643
6370
11404
5532
4407
20785
13135
14210
14649
8020
10417
8510
25239
8893
1576
7939
16143
17225
23791
25259
18524
9680
18511
15601
25761
20219
21788
30432
10763
26709
642
24459
1458
23461
16386
25087
18881
14460
3255
14198
26327
6154
7134
2509
21677
29493
8853
6712
28152
7917
13027
16437
17297
25273
18425
21694
10963
23958
26551
24003
2884
11522
32114
3543
12152
2644
20981
27690
7475
21070
17605
14519
14542
10997
10922
24766
14300
15264
30058
6005
9997
11088
2264
26363
1874
22847
24845
19853
17985
956
28150
15100
5564
20789
18447
606
26317
28566
8813
5124
3029
15826
7682
5037
17894
13246
25117
7929
16749
31782
7728
22561
17940
29979
22742
2276
7654
2698
12308
29125
30644
7955
28383
6515
18616
30487
7135
12425
29049
23059
25971
23927
10734
24109
3829
1216
30950
4621
17215
24935
15016
30958
28782
419
31446
3317
4326
31706
9623
15297
1430
28621
21492
4419
25981
10257
14211
1232
26220
28606
26947
7284
17166
28779
8136
23178
16935
11353
4248
10633
17177
26862
212
14881
29612
7525
18715
1927
4878
14789
20651
30221
26137
23055
17353
16373
16597
14780
2404
9351
18750
31590
15349
3425
22343
6342
10665
7695
5662
3806
8130
25051
19122
6775
1338
3046
25459
6350
2218
32120
13656
24715
25963
1685
2599
9970
1019
5329
25585
17757
31138
17509
6619
29418
11093
1921
12837
18033
6106
22500
7524
5305
3373
9899
14098
32491
19747
32358
12105
17734
25933
2929
16844
12821
15903
32386
24135
12510
9553
32126
9688
26077
22406
5777
25037
22960
19756
27005
22448
3412
20131
31538
7809
2640
5025
26528
22850
17200
29141
26057
31417
22581
24266
21018
30321
5195
18703
13051
770
13883
3221
27557
20882
23074
1624
4403
24220
5922
2881
5628
16368
9559
17995
16161
5115
8205
16870
6242
30281
14384
8345
23094
7496
27395
18666
30234
1359
4373
2178
15657
19678
22898
29325
21741
9768
1302
32096
28277
462
30375
9054
29607
22254
27235
2844
7896
11356
27223
31427
12442
18223
21201
6838
14293
8832
31513
19317
8218
5230
22108
4802
31283
17509
8425
25602
13055
22177
28064
18405
11389
28909
10150
10057
27942
31921
23646
15708
22912
18987
24981
29953
11248
30973
11261
13686
7887
18920
27101
25139
31937
15831
13830
4629
2882
9759
30473
16827
898
2565
16039
1329
3443
1409
15753
31947
28960
1345
7986
4436
29248
1009
25137
15208
2571
11450
155
23071
29516
1800
31928
23788
15544
3985
9725
17604
21886
25235
10810
16514
18463
23388
18197
26762
6016
19728
12215
23980
29246
14503
31429
20300
12353
9269
11410
11456
20116
30574
12691
1530
23923
361
23827
24423
5286
2980
16423
32022
526
7753
27877
26909
1662
22959
31185
14649
5324
2340
22936
22452
26407
21226
23297
21388
7850
10623
25888
31697
306
25121
17357
19023
18797
5266
6228
24941
15668
10265
17006
8533
32283
12745
21872
6229
18502
2053
28099
21125
4990
12100
31380
19627
19075
1042
20428
3675
3236
18008
5187
12131
11662
27100
24624
19558
26466
20491
8165
11974
29450
20215
3769
11207
31436
10652
24133
32498
6943
23911
24019
9144
26046
26873
13843
29272
6908
28712
3344
1027
3415
24902
9827
8765
25423
32678
21414
17798
11129
30557
18732
26426
30415
24134
10991
10934
27978
17993
26058
8636
4275
17628
10473
12313
8630
5065
4989
21124
23352
12082
27316
19658
30698
5331
27624
808
13854
2184
3863
760
19930
527
19859
32401
3371
10254
16634
16488
3772
31832
11881
22907
16039
7532
20973
3823
8587
16703
32314
19191
4575
19771
25760
5369
26502
12167
6458
21740
15779
23945
10089
26117
19118
7081
19072
15506
32456
29272
7873
8998
23627
29777
24201
21238
16038
14879
32711
27523
872
14048
17842
3449
18842
19016
6844
7383
15186
13289
18113
28241
5509
19377
21893
25587
25117
9140
16733
15622
6219
30507
13868
7479
5919
2749
145
3830
11862
25086
32095
1309
10611
28214
7502
8146
4369
6755
20720
14510
5751
22657
28902
31263
23917
5128
30291
1546
6222
11703
6033
28597
10847
25744
7459
3301
17503
20516
747
25155
12127
20496
14749
12036
14804
5320
7284
23497
31467
9619
28452
20676
24604
2007
30735
30493
14594
27543
2747
27028
13674
314
5764
6247
2474
23694
3470
25718
11572
2316
14334
30117
26474
13150
18282
20610
7860
3102
16013
28456
7632
18401
320
24931
17258
24692
8358
14356
20461
31589
14246
16343
17816
6597
27550
20196
3796
29997
25941
10803
24261
11775
22066
17892
31
12014
23980
25821
1595
27073
25346
23477
5226
20819
14124
31441
12169
13535
4881
25548
19925
24698
17914
19996
6401
9953
10311
32499
5766
14453
9825
30820
10811
27524
30703
9159
10021
22986
22349
31582
25232
30520
19769
30521
32094
1524
25808
16726
22432
2976
23482
29965
25187
11231
8865
28075
17356
3093
16871
26718
360
9327
30360
32081
9405
8740
7069
13335
3621
16122
13107
14157
27100
12811
9372
27515
31575
7625
532
27964
13015
8000
27399
15007
16703
25243
24193
3020
7714
24810
4582
7915
13345
11042
8163
31553
10100
26213
9124
28572
27334
23940
5192
20466
5702
19395
29842
13893
13563
17628
10977
19145
31831
24134
5474
22345
8720
32182
11908
10695
17451
28903
21932
2659
5978
12951
4139
18558
20359
210
22125
8990
30385
10354
16754
4244
9719
10727
11394
10589
21746
6964
7965
14919
13128
27450
4914
16852
16510
27193
27537
23779
5646
15252
11937
26253
6074
5332
22870
20302
32287
28144
24158
28517
28557
1740
9627
22653
6934
26111
8150
27276
2533
13529
17074
12284
6866
7333
222
17673
23603
2347
4751
20074
14324
29817
8750
17203
9706
8163
12621
3578
22628
24137
18912
18744
5891
21400
20394
6899
15308
19859
1525
29594
1660
6612
7558
13361
14875
32013
24272
32685
14548
12180
17512
15266
4612
799
6585
1051
13969
5580
29177
5833
18301
13924
2908
31073
12987
24032
29319
24383
4673
25132
31303
4687
350
17964
23427
25389
23630
19197
4463
25739
7692
9853
17923
30164
20583
781
25260
24846
16984
11413
6465
4101
30867
3785
31032
7334
3164
26795
25882
16553
27804
22865
31796
26739
13620
10729
19600
27962
4241
30970
24867
14954
22400
10989
72
25159
25412
17355
11885
26068
17895
3656
18700
13300
23757
13313
19934
9168
29071
11010
8779
28280
23814
7307
28452
27597
24741
10516
25748
5790
10764
11662
31316
7185
13531
28140
31
31301
32452
18658
4710
29237
16869
22764
18244
20704
10580
9875
10164
21415
13307
20460
18690
11254
14758
18785
6783
26150
18010
7091
15225
14242
16361
17216
28010
30793
2499
5250
30320
19220
6927
18905
2045
14841
15098
7818
32208
18703
22351
6919
2340
17650
10569
30321
7207
20585
7333
12635
10669
30022
11514
19921
3366
15502
11597
18584
11981
4570
11744
14264
14371
30205
29772
12856
27804
17639
14799
25897
31384
4810
9191
31206
22676
25723
11040
12697
674
18202
25642
23041
11286
2805
24366
32627
14723
9642
4450
31
5862
32652
31964
25749
15904
12360
2724
8584
426
28361
19212
9937
28548
14424
4164
24502
24686
29448
5929
2157
1883
3921
12894
31964
5411
27899
11166
25763
17528
1853
20304
24668
25115
11303
22108
7201
9551
17213
8766
27471
27791
26469
32601
20874
12924
22531
24973
7426
20249
1378
20235
30196
22842
15446
28008
1907
15418
13599
25841
9576
21997
2449
3647
5080
12501
22130
7691
21349
11929
3108
17219
5912
14002
12931
27484
18269
15720
9233
8427
13903
14077
1105
14447
26934
19240
30064
16241
6990
23749
20778
25040
24011
14794
26860
14678
31001
1917
4406
15246
29544
16100
31812
14810
24680
19837
10221
10176
24145
11824
25291
7045
25639
3714
11420
15613
17724
21515
30184
5793
3574
5674
741
31970
7634
24567
30103
32701
8873
20089
17211
6800
22835
24346
6374
5676
14025
599
29546
20779
24687
18108
28281
25220
4881
12304
3853
19036
24845
3789
3334
9503
26866
27603
24597
5328
27015
23644
5082
21661
22288
21043
10057
10935
21964
15393
31570
11360
15810
2728
5313
2118
3006
27892
13667
19215
25494
23055
4202
21045
1969
14932
7698
24852
27082
17702
21125
3137
14578
26338
15356
28446
4308
17169
19496
24491
11837
9955
20688
5279
19676
32729
24507
29112
4678
10945
14800
28239
10812
12007
27004
18991
30769
14730
8276
1191
519
28045
6140
18910
30746
23407
31303
19047
32383
13693
5279
12565
7054
5190
23208
11025
28573
24400
31776
13865
6671
11785
4618
10603
28558
13568
9995
11251
26004
4949
7956
3585
22320
5231
16961
14415
1799
14828
28417
9633
665
8670
14200
6813
19141
7476
28193
4061
25999
2678
26040
579
15650
18614
26711
7564
28689
22211
10719
29992
30434
29343
14745
16201
17101
19763
14109
17979
14785
9794
20083
1011
13224
25756
16249
7146
23788
32404
29828
10028
8762
18099
27722
1707
2438
28846
31488
12250
7247
25238
9919
10103
18212
9807
9004
7848
21095
3907
12376
26186
22609
26711
24805
11398
23606
15903
2923
14501
26378
6477
27417
6437
19749
15728
13216
30732
323
16347
7244
2428
6351
2786
9844
18568
25953
8525
8981
30278
18309
13830
15290
3877
7870
27669
671
10881
31434
21198
19989
30837
29224
29257
25384
20977
16856
31763
13184
3852
6754
29731
12933
6043
15897
26128
1479
25090
21665
31361
5276
21578
6063
228
15115
15220
15632
16739
9192
19725
16877
11027
3649
26371
31565
12911
505
439
4059
29702
14259
2131
16106
28528
14321
2910
6326
28294
30077
398
3052
27859
26377
2781
27757
4933
25618
27102
22351
7208
18698
10066
6181
13141
9909
5111
29569
9895
212
7328
31415
31407
24577
9354
19683
14249
15066
23022
26925
686
31329
14547
30283
22315
7587
12326
9032
29841
16536
7436
1412
21582
2635
4215
6141
15357
17978
4856
16332
16345
11520
23252
31219
18808
8241
10329
5717
30390
23942
15474
9222
25839
27962
7546
29381
15473
20403
7758
19911
4144
11877
23462
21431
26044
5108
9125
4090
31089
28568
31662
14647
4845
26566
14458
14615
32200
16397
23655
24905
31359
22078
12307
29130
15280
31439
18730
21603
17293
10369
29564
12659
13707
24385
12371
16878
28762
9804
16387
678
1050
31127
27074
11465
22732
9838
30138
6059
6406
23387
3421
26566
13547
28489
30201
12032
4443
9193
22924
25132
14183
26453
4569
18386
6152
22772
10683
17459
14352
5533
2234
9864
22624
3839
31964
23435
28252
29248
5821
10552
156
25060
3042
22485
15332
1777
4939
27696
21591
15696
28743
22312
1767
24439
8077
15982
20240
30021
23175
17037
9414
18989
25841
26152
22188
11927
22691
31363
21638
26755
25515
13638
32241
6000
11423
21373
18770
3964
20786
28130
22284
28620
13060
25183
17654
30766
1727
30415
22028
25085
22879
6405
16996
16454
32721
24591
17252
11048
9408
12987
12339
14977
26796
14171
15981
5063
18492
28870
15131
3891
15573
11423
20450
14373
19307
9946
10362
11460
30103
1659
3170
8420
16618
6049
16594
2094
18562
26308
18162
11130
3290
8507
19017
11648
30182
24321
21368
17072
15200
14776
4904
8286
10077
21742
22849
26402
26403
15264
3164
3199
24126
14076
13692
1986
12241
619
29688
17965
29227
207
28092
10837
16538
22281
4018
6857
8068
4031
12922
25588
26291
11356
30561
28997
9713
18264
29073
8589
14293
11193
28549
15016
30428
1498
30912
16479
18619
4459
21439
12941
29684
26809
10284
30337
29608
22831
4436
28580
15788
24861
13531
2907
11999
15033
12718
17455
4538
6244
31546
24620
29480
30254
29916
28294
14744
9371
24984
18563
12881
28840
31757
6548
2310
3337
19112
12997
23979
8373
1049
11608
27783
7844
6147
8365
31881
19159
12280
28518
2015
4250
15524
28616
21189
3590
25416
29539
25755
30921
24427
29173
5947
16426
11468
23436
12425
4167
3482
21995
14924
6817
16615
26927
3132
18395
32091
24498
15451
14015
1061
23856
27017
11394
24631
28968
5203
23113
9651
10373
31245
7147
17824
25214
9760
5113
18914
27835
11684
18684
3433
10937
18738
10237
17576
19567
16627
4171
27209
22578
24317
19576
25631
3030
23520
7333
29788
22806
31099
13823
19204
309
16405
23434
19361
5094
4521
29726
23353
21866
1920
16815
19069
20472
19973
7633
12355
5217
29398
24442
18486
28148
22807
19978
10700
3487
18443
17802
27513
28760
18405
28721
1571
1211
16603
14637
3285
21493
4221
23712
3255
12768
2373
14568
10558
14447
4207
17699
18592
4685
19978
20722
25739
22721
9040
29054
21270
2261
23347
16313
7160
21431
18744
19431
11767
20063
19080
27228
2212
17522
23877
15751
11846
12903
16922
8495
29204
10984
23574
23293
30375
11131
17082
13371
28846
9313
14928
24795
484
14270
1663
22459
16447
29691
19229
39
15722
3433
28484
22688
8822
23335
13992
31451
13261
6981
1319
8461
20839
16937
162
4198
18240
22834
1292
3291
521
12444
7872
14889
31773
26788
32536
3607
30392
5612
7995
14331
21347
1312
1334
8575
8627
25050
24399
27813
13619
17603
27029
4873
22431
27900
20924
2663
27475
10428
3368
4700
4610
12602
21832
3953
11179
32205
15909
5973
16841
21073
6971
4714
13003
3278
9863
5763
12739
30292
7649
24301
28258
6953
19084
1452
31012
28199
9996
25094
14280
15199
5943
12358
32259
11778
26255
26298
7797
28034
207
23550
2012
5620
6340
8828
17032
4025
12638
15668
25103
2653
15623
4537
16193
7871
18227
15228
3678
23666
23609
9293
9607
18020
9057
1567
1907
701
24382
14860
1635
16906
18494
30873
4952
8603
30079
28474
3459
3369
18404
20249
9725
25533
2921
14611
11192
25548
17075
11011
21430
8871
20716
21060
20856
4883
30157
26481
21434
24371
20476
30575
14685
6575
22937
15790
4773
2575
4883
29611
17060
6248
20545
14778
21750
7227
23470
32002
23471
4762
25652
32457
27026
32652
26828
24818
31876
32435
5796
23491
27712
18220
19826
236
12619
9911
15881
12229
6187
14360
22313
7896
13524
22717
29852
7839
10851
8608
1150
31119
6926
26479
5853
5461
21595
1515
2946
14687
2961
31374
21005
7838
15980
4720
28744
11402
3093
12139
17077
1895
6737
26749
11113
21447
23289
2415
8989
21329
17834
13748
24707
16064
22973
12948
2518
303
31866
7306
9397
14483
1928
3050
14385
8073
7080
27846
21797
17490
2980
3603
30918
12571
29569
11272
32122
27010
20476
31175
3566
24919
10805
28223
20066
20639
11173
22609
12360
2271
11861
32305
9230
12183
7506
19472
7480
524
14684
22008
7345
1610
5598
12535
13667
19818
25123
26495
16133
11025
21190
3341
11060
1593
16234
13577
12486
10036
18604
20717
16731
9965
6742
14762
32052
25458
7637
26696
6473
7599
12526
8652
27541
9340
13484
6750
4533
12507
2205
21419
26033
22394
17982
14985
13594
13184
20659
18393
28245
11910
3259
10418
14390
2530
21732
12732
10193
3372
32251
8665
2188
32251
32711
30731
27257
17648
5623
24722
27363
25590
27992
32084
27431
8647
12619
3458
10693
3763
3447
14457
29111
18077
30651
32742
21506
5190
22118
7470
8074
22990
22187
19981
2858
25207
1871
21629
17924
429
2981
11737
25110
9027
31420
17730
19727
12544
16087
9538
19296
29018
2333
27823
10645
17281
11666
2770
6118
23711
31558
1737
25609
27230
25805
22058
1355
16044
3310
1769
11999
26811
2975
16508
23670
24395
32562
24636
3344
8235
15817
13583
8209
26877
15119
7748
2199
27963
30250
4542
19211
11639
1003
19797
30966
21479
2376
14201
7958
14880
14861
13080
22962
31778
12238
27330
810
15509
11552
22284
12498
32338
8457
1074
29184
14117
32436
23296
1380
32721
15721
28914
30872
1365
5309
9114
26104
8046
18694
834
17588
12381
7186
20691
32548
12778
13849
4853
17243
5033
6895
1656
16894
20092
32638
28147
20311
20825
4980
1194
6821
11086
4921
6325
28598
5826
13860
4191
14008
18941
19694
24269
9805
12523
9319
11232
23517
29724
103
13147
20016
28944
17160
8009
20028
1970
5138
24985
2619
24866
7351
20748
18177
5047
11137
3409
17293
18501
21640
28270
31454
17563
25064
865
14344
32592
10354
25607
12422
8384
5282
23102
6354
5457
977
9798
26419
5371
15788
25198
14550
17415
8677
18924
3361
20758
24105
26380
19268
13414
16465
27789
17937
29777
30940
15943
12813
4886
24989
27922
16839
2524
7345
10724
23656
29940
8116
29753
8844
21855
32564
1976
13648
2960
3686
19731
29612
28530
10008
21039
8708
10669
11751
3461
12281
12838
9906
28872
4229
6084
27983
3783
22599
30074
26236
22678
5659
14466
15640
13800
6638
7142
32659
31936
7633
32069
12707
3145
1355
28372
9784
3841
9972
10915
13747
10269
21567
19234
9298
4138
5016
27875
19695
25840
16559
7585
25579
12443
1811
15490
26213
27677
27394
12185
2479
206
21632
4783
16130
3413
20646
17219
8048
29132
32061
28111
21531
26399
21131
77
20133
9653
16237
9722
26087
24403
19366
12378
10982
4157
13431
4476
2562
27550
14192
19327
3185
26409
32645
31061
19948
10753
26724
21703
31400
25302
3078
23993
27016
18769
20100
1712
9873
20147
23597
2705
414
16825
19925
20396
30037
27074
26479
31736
31321
23859
9439
7840
6849
5915
2313
4799
22986
4115
25390
32616
17352
24169
32376
6378
14947
8573
28627
1874
20735
15466
30207
5681
19836
9193
8163
4511
8480
17267
11557
29823
28113
15782
23799
19461
27528
3050
7988
29814
16898
16724
23467
4911
10937
29899
17339
29161
28434
5737
25120
7995
5848
13347
23820
30816
23273
29101
7801
59
12335
14232
22206
10136
32466
23998
3425
27317
22956
21727
13357
26625
18942
5004
28804
21539
865
19012
3830
28478
5119
8926
21778
24436
25858
3878
9595
5289
8013
27339
10815
6537
18538
29817
31077
30156
11204
25154
26565
1464
25623
5442
32285
27368
6436
12419
17504
31309
17833
5918
22353
19314
6544
5539
31825
19716
19559
15035
10101
657
29712
8972
10204
20368
13242
15453
28224
29602
22288
17403
8650
7191
11695
1115
30507
11956
15070
5632
32232
12723
3449
10143
22517
29964
21551
4482
3974
24819
494
14378
32546
3490
5786
568
32761
2136
24581
25998
21111
27042
18204
20401
29977
8409
32094
28017
23936
6380
7827
5581
18372
6751
6842
23569
4106
3732
31811
3393
19033
2122
24190
7354
3241
13667
10324
17431
7997
7658
24373
23122
1843
21588
9809
9771
8026
31494
15883
12238
13123
17176
6058
21936
20635
18521
20818
10426
17079
28307
11828
21417
27761
9232
24321
4533
29747
11612
11940
30832
30289
24141
26416
6386
12700
25665
791
15411
25140
1447
32414
16056
16029
31425
23949
20338
19221
17319
14635
5603
30501
8080
27241
898
14711
2381
9310
21601
7655
23830
4851
781
31196
2953
20960
13237
15065
32240
20439
23183
847
4035
29182
8568
2486
16750
2979
20699
28123
2131
32300
16339
30844
24595
5452
3988
30994
265
29565
13831
13806
24600
8874
7092
8839
23463
7467
20709
20499
14825
25335
7688
19540
23650
28437
29526
25269
19623
8532
31666
29589
1637
28732
22228
21987
8868
30532
16038
30443
18509
13638
7150
11375
1514
3887
20014
27898
30894
27387
10952
25201
25781
30433
30566
2795
8844
28874
25497
23490
1524
520
17857
6891
8675
837
7980
25218
3532
15545
11138
681
4128
30369
32608
13715
21013
28140
31299
23004
166
311
4008
10012
32475
10747
11121
4283
3402
5637
13707
19207
2782
29991
30926
9859
13015
20270
28964
13698
31762
30227
17646
28661
32139
26742
28067
18818
31776
14407
21434
28118
1432
18887
25035
5947
15587
32431
21233
13165
15267
8622
16498
19113
11500
9753
12962
23816
1352
4063
14596
10763
31743
6075
19891
5751
10645
24493
2048
9315
28563
19370
25181
12687
3467
21139
6010
28663
1878
23396
23213
19624
16544
31406
28567
14547
29095
9287
25861
2336
22847
9535
30484
24388
20506
31255
23705
20950
8518
21806
959
18014
19447
27004
498
12720
4743
19842
15100
12920
31419
2689
878
14869
9032
11243
16962
14251
4757
25367
21950
31091
25283
4920
16284
14422
28395
22928
23655
443
26022
26081
10792
29597
25811
14117
25154
32480
660
4222
27291
9189
26522
14960
25084
23900
24227
25678
19387
11609
32064
14834
7831
170
18908
433
15075
23657
762
22159
3047
2509
27582
21166
22659
13381
16815
15885
1813
11720
16315
5487
22685
19814
21116
32152
24351
7204
25017
30399
13129
17414
21296
25665
11606
30061
10898
15507
9522
13987
27344
30074
32223
20917
7317
126
23
21633
7699
27548
18483
22287
8195
31291
19275
31781
29671
19041
14239
24597
3987
23079
13365
27098
27115
362
17348
12899
5358
13252
20177
30255
14580
7866
6424
17690
21811
30775
9773
25719
27016
4410
20835
5982
28021
203
7405
16711
14438
31539
31811
5848
16184
10604
7624
20732
19195
5335
30633
5685
3319
31533
7176
3635
13294
7864
6234
21413
26273
26307
25613
14415
18325
25679
8814
3933
26135
3847
15307
29175
16510
20086
4564
12821
15280
9080
21319
28565
13288
1518
13005
907
2742
19126
1311
13784
22087
9691
2668
28926
5606
7432
26367
26674
4035
32323
3869
25523
15347
11991
10796
10075
24761
26258
12571
10099
17412
11057
19453
32716
5688
8217
13047
24843
31281
32328
5725
26693
20102
18570
21016
5324
7178
4080
28747
20552
19865
23678
16182
15625
5393
3620
32346
16027
8606
18928
26333
28827
2875
18305
4913
32714
6005
4799
2545
6496
15218
5577
28683
25763
32563
32559
9764
15031
9750
22626
21816
4280
16543
24680
11905
18438
2935
32468
25243
22752
16309
25334
5093
2869
14429
9039
18474
12726
4390
28999
7553
6960
8833
13603
18033
11801
32470
9777
4441
25193
21777
13125
32527
3499
23645
20329
11464
13651
11567
30417
5432
23378
11143
13
27898
30952
26227
3458
7729
7097
4308
13083
10096
22820
30564
9276
25047
3024
6136
32248
29311
3975
15875
387
27417
28488
18524
21226
24017
14743
31809
4097
26745
28440
2459
21405
31459
16220
9347
30980
23694
2043
22534
13218
13701
18915
30245
20222
7813
2287
18720
10988
31838
18876
27125
18435
10907
8632
24611
30801
14693
3451
28339
2126
17061
347
12921
29711
6761
26682
30104
31932
24201
1187
23620
12868
10634
26646
20172
17743
27842
29855
17623
13685
13757
7341
21997
12205
25312
21794
13114
12552
2892
28071
28303
16799
7686
17218
12970
23497
31828
298
20663
21394
4970
25562
18199
21097
14661
12900
9567
15129
20696
25096
29092
2555
31078
6149
29430
1385
19759
32175
1322
21109
29518
6850
23005
16859
2274
10742
19125
26933
9580
7123
8426
23662
32376
15303
30213
7033
28288
11126
4584
2115
25357
10321
27151
30950
30239
20330
9749
14879
14031
21382
19834
5634
25907
22900
675
13036
9602
28318
28450
24250
28280
19934
17720
6712
14076
26259
31384
30940
9985
23027
8302
10421
20394
25251
31904
13982
11953
23173
18516
25271
265
21201
14258
6422
10434
29287
12011
25273
10798
3683
18554
25279
1090
12530
4266
13272
26686
613
6744
14843
5265
18564
20730
15447
22262
28709
11232
23435
31204
21757
9914
14361
8485
15285
9051
23832
22980
12864
6332
17194
24877
19053
13124
32686
26512
25272
19014
29751
20870
29030
20172
4668
15607
1489
6035
1809
19771
29696
11862
25621
639
24186
591
5934
8299
4700
9212
18290
26626
27050
28191
27175
10441
10211
16392
9198
27947
1240
11542
19003
17948
22973
17788
6408
31229
9345
23617
28875
6847
21851
28299
12453
18252
6822
4124
220
7202
7918
285
8587
5953
27979
20762
4504
29512
28653
13135
8679
15835
15609
26658
18637
11591
9620
24560
18888
31081
15164
31500
1389
15308
16223
2821
1441
6929
12582
31016
6668
17812
28050
13894
6347
32588
5579
22456
5989
18163
12213
1439
12289
22119
13507
7792
9942
593
784
13233
994
15620
25772
17405
29919
16552
8499
22094
2931
9367
19877
23164
11175
25095
20081
29440
16026
3050
16339
3070
32119
15890
14432
25475
26788
1945
6624
26379
16188
21632
25691
2630
2752
6806
16247
31515
4873
19867
11777
22254
20097
24230
8137
17694
8851
19140
21939
6866
2144
31970
19467
27638
27060
1773
7961
11648
19000
30263
7669
19704
4329
18205
32669
24887
1480
15335
28229
22639
22483
6895
23790
18283
16181
6150
23354
15896
4026
27923
23423
17733
20357
26109
7962
27047
9733
25547
15622
30752
14117
6922
30381
20288
16067
4463
20221
27149
100
7870
6079
2047
24358
29930
26916
5711
12790
29566
14241
15986
10242
19003
31741
15840
20849
12035
8617
27417
8274
10998
12111
3050
30163
17114
23981
24812
4020
32448
4260
2639
27131
5348
26252
10709
26856
15318
20939
26145
24363
26583
28838
13106
17493
30598
5975
1067
12173
5052
16479
19029
27268
18100
22301
25958
12459
3695
4256
26884
28323
28246
18106
23429
5620
17442
2389
20985
22787
25593
23050
3434
25406
16345
17904
32098
24986
7738
20914
19374
28479
9199
27621
21858
14977
13646
22936
13597
30227
29328
20780
17038
27255
21371
14182
11063
15289
9790
12994
2161
14173
30108
2314
5809
16022
6732
31528
29193
8377
31648
4921
31730
31216
17254
6370
20040
27187
2316
8167
24470
14452
14343
25849
15508
13850
13684
27856
31470
30385
2304
6522
18759
12256
3334
10739
16510
21915
27128
22517
23088
18073
24832
2065
12414
7433
10727
16383
27408
30593
26677
22323
32089
20023
31642
5552
6685
10355
12172
13601
49
17988
3634
30758
1155
4723
23169
19436
32090
28853
30117
10240
29406
15396
13218
8293
14554
2544
25403
24036
21953
1106
3347
28835
23279
29122
11794
12537
4658
15466
28938
8833
9353
3546
11162
3437
7723
21245
8787
16925
29643
15436
22554
15089
27931
3649
27853
4187
6287
22031
20266
29496
11363
22160
17900
8544
30943
16767
5174
2171
20442
4327
15669
2839
1405
5339
11010
7160
28233
2408
15557
9135
32347
18632
32
25711
28143
28120
6603
20507
1828
31437
8571
1187
255
22562
29961
25233
2993
16340
18128
29151
29213
26834
27479
2316
29845
1711
10800
27247
16612
29083
5663
19402
11154
2705
12415
31778
3683
12242
23522
7118
28705
21905
25080
6863
22939
5872
4274
29023
31726
21291
12966
18124
3075
11027
26294
31367
30553
29375
6892
17272
22021
27518
11945
22933
15863
23055
32767
23987
23422
19733
26715
29596
29455
10181
27751
16993
12354
17634
9006
20210
26141
17899
6274
25835
9365
25235
11930
433
18258
19569
17152
30142
25011
31481
6827
12345
11282
29611
22887
26826
22089
25226
2174
7084
25460
5840
28817
3076
29433
14304
19143
16497
6854
18044
3370
11748
14042
15928
22093
1202
20999
27438
15410
21479
3062
18420
620
30430
8299
30667
31617
270
29642
12569
6546
7207
18651
11290
29246
3166
970
27090
14787
20228
7794
26438
31078
1886
12762
4331
1302
11697
14592
2655
29772
13468
28886
7767
8757
6314
31115
27353
30995
3624
7435
7595
3297
16692
24265
21771
18741
23575
14524
30880
13931
18389
10663
7857
6656
23298
30878
20885
30268
27350
20934
18794
11540
29316
8284
28170
19022
17608
18937
13627
14566
31679
12052
12582
26545
6908
5320
25355
8512
6104
23511
9778
6919
15369
10480
18213
32702
5751
25133
6940
30984
28235
9696
11193
31827
27720
7823
19189
24319
28254
22589
9051
30146
14716
31467
6260
17227
32167
3679
2946
31269
24649
11044
22640
21983
203
15570
7946
3946
11109
14736
11370
28866
11829
29398
6322
19408
1167
25464
27905
22672
19605
7904
26015
15983
15111
17818
9339
19703
348
8983
26584
10157
23057
22698
6467
26938
12097
14807
18632
458
3958
15821
26725
21682
25791
10801
23487
22869
8706
23325
12308
17224
23188
19561
4209
30132
30727
18473
18981
17916
579
24182
30069
20896
11736
2674
5777
27490
9363
10374
19143
25511
15440
8686
22007
12319
4110
29048
9287
13992
12105
25992
5143
16240
22404
17248
7224
21082
27685
12190
8792
932
8325
6
5569
29638
2120
23170
8772
1693
490
17767
3951
5576
12187
3322
8199
8787
29261
8755
1458
18834
6923
22209
15603
336
18060
6733
25947
24362
5896
7427
27134
28469
16458
31567
3621
24039
6663
22244
12866
31028
11374
259
25897
19703
27392
6650
5500
24212
4514
18923
30567
19419
22512
30414
29326
20784
28373
7097
11332
31465
31832
9567
510
1528
2489
30680
2055
13258
6077
416
24693
5487
19782
32737
32347
4602
29734
22517
10560
11307
14389
10790
21712
19275
23714
441
8402
2904
23430
17964
5466
22626
9151
20923
28480
22837
26875
20777
4304
27960
14867
20668
27331
16789
20891
6794
29039
16794
21687
18931
29242
26208
29743
14447
23892
10666
9158
10122
22438
8207
23496
19500
10501
32348
6371
7966
23212
3636
3639
5834
6633
22009
15792
11842
13078
30704
27284
23940
14539
3231
6744
26365
11090
31866
6072
7755
13403
7359
11271
3143
19185
5023
707
5187
21421
18334
27500
32400
4394
24124
28054
3140
30904
3541
25406
30777
16213
18118
3418
2393
13017
30673
22195
6681
13168
29123
14583
14660
24909
11859
30730
18426
21149
32334
10142
14584
26042
25329
12035
21786
930
5782
16192
10525
26279
2196
28514
170
14696
20576
29460
4752
8703
23544
8048
16978
3452
23937
12821
6881
20371
15406
3706
26282
27281
3173
25986
2259
5012
21277
31568
31682
18172
6283
32604
6368
285
3581
10950
3484
28470
19206
6379
8626
11431
26075
3639
12973
24670
27389
8506
2218
20115
30744
31229
26720
12981
32299
7062
1629
30116
28394
27642
16274
5152
22881
28179
15122
18818
14809
25106
22807
21161
255
16391
4934
23864
5699
16558
12852
30463
22911
26764
31784
4534
26585
18747
16675
28401
10218
27907
26653
2128
24864
8362
24978
18422
25184
3980
9021
9533
31728
26094
4388
31144
20629
28047
30676
8730
16888
22656
31726
16453
31822
11830
8930
12388
25912
3806
22779
1837
29160
16624
6300
11265
10374
15623
5833
25447
20690
11248
6376
23992
6154
2816
22473
7708
11278
27307
5093
19892
4546
31571
16099
20249
15028
23646
24161
9734
7679
24971
3056
1873
22639
17030
13920
9504
6117
26810
2111
2905
22013
20326
6044
8282
9711
10739
17168
7659
6579
17541
24576
5744
617
21200
7708
23140
4087
8493
17451
20994
5108
23532
10763
8005
27589
24812
5107
7187
22021
20330
21244
2229
14123
18967
20192
32395
4454
8045
23809
31486
13260
19522
2221
5813
25780
3230
12448
15628
2912
28362
7626
30658
7392
7337
30547
8945
20530
20299
14301
7492
23982
8384
2057
18532
19874
12330
8764
28083
6713
19478
9123
23357
10401
5901
28276
19692
23916
23141
375
30203
20535
31581
26822
16044
25226
18026
11217
2622
15872
1227
23716
6425
32168
4195
11373
23373
1706
22984
10552
18234
21550
5272
2302
2192
14969
32268
9694
7035
25945
29135
4010
10263
5572
16656
22181
12842
25276
32726
29579
28946
373
15507
28882
25596
22714
22013
14640
30295
25485
25369
12125
18569
9998
24984
29466
28896
16286
7783
30578
18635
18755
3202
20032
6730
10062
32265
19697
16803
28476
29589
28299
5975
31451
30156
5870
13908
26030
11571
7003
29292
31121
11332
13362
4870
20128
8129
15360
9747
8790
22855
24504
32580
10738
26662
9281
14202
25631
13424
25905
16511
11731
20560
12505
24819
7800
29597
9601
11401
28490
21935
13300
19571
29184
22898
27456
11290
23214
16312
12727
24083
24810
21460
3897
19790
31790
18020
27830
3729
16253
10862
27886
26149
6217
18607
17019
21968
29845
15663
10002
18179
5207
4889
22534
9555
2592
21194
15373
32045
12030
13864
5703
29382
3490
30517
27260
9554
2238
27876
30374
21110
16561
27179
26031
19967
31846
4953
8059
8660
6521
7594
23081
27177
18332
11544
20630
16886
4922
17525
16931
21416
858
31671
8121
25110
20165
28819
2570
23990
27755
9549
1305
23057
771
16846
1276
30580
31730
27383
14304
5353
15726
9269
12623
24165
20451
28501
23214
2883
29333
7834
19722
24817
25480
3341
30740
19946
24221
12565
14953
12516
6141
15687
20247
8266
13754
17279
13405
17900
3252
3632
28595
8950
9402
9208
21258
20510
18418
10616
10069
3618
8571
5474
24648
14962
12112
27347
15712
31785
2928
28132
31779
15682
20540
1660
32681
17417
7200
17768
4443
207
30837
16301
7931
25570
10150
13340
6629
20413
7826
12072
23444
31611
11570
8437
13159
22930
6780
6577
421
22205
14215
8231
960
1338
11759
22161
13782
2102
3451
25006
28029
21382
23805
17941
4544
5015
12922
12233
5221
20904
5771
22541
4210
10294
14083
32122
12783
7096
11474
8782
19180
27533
22826
1287
14790
28467
7648
1841
1191
21433
29972
30332
20044
19831
11284
27665
2059
4604
17790
13862
1300
11848
18085
32720
21239
3388
29750
11033
31590
16974
16924
4435
4924
27777
31392
7596
15039
17813
24789
30210
29474
12666
21043
9720
27983
25099
11138
73
13795
25337
29946
10844
25209
8709
6568
1561
9259
18291
11795
28156
25430
29371
2592
30567
18590
12161
14899
12093
22322
14023
2967
1196
31825
20578
14368
22090
14350
26794
29966
21860
17232
11894
26933
13202
22300
19784
20059
20111
30999
6084
16866
20040
28998
13927
2215
26931
19737
11893
18985
17122
5032
21811
1774
6360
3900
855
20002
12699
20497
7357
30338
16907
19546
16475
24184
15601
16774
13431
30599
16603
15042
25367
8426
6184
24767
31418
5496
32607
30389
1861
28875
9669
10408
5952
4001
7214
3818
16706
20354
9747
2785
7594
29092
8421
24842
2192
9483
30113
13374
16380
31732
18597
17972
12885
20596
23490
8520
4380
23645
22162
3962
31706
2145
26891
698
22358
13946
31829
21091
9484
2953
26073
29189
28379
31805
20635
1383
6910
8502
20681
30156
15421
5738
21908
27766
12900
27080
27966
22121
12021
23836
3956
21873
29210
32563
25055
16998
21469
24639
10998
9391
28059
25980
26390
17157
30646
20
13268
12665
12171
19265
1426
185
22948
21937
23376
29327
13358
6702
25797
22442
28077
27518
20142
31393
29678
22408
10599
15413
12093
17849
7608
17623
32217
21670
25585
28522
933
15091
12601
20809
8736
12147
3875
908
11415
7312
20866
4487
11418
8942
7807
12436
19116
12107
15592
9491
12094
10154
7371
30894
28639
29616
20036
26082
23725
25678
23187
7354
16911
16032
13169
17630
29350
28181
11429
24781
11648
8657
13266
30311
13455
22863
14995
8366
10074
9291
1737
28365
30195
6623
23860
13402
41
19180
14913
11992
13566
13243
3363
9344
18012
28900
10533
24641
17667
15215
24895
12037
14534
28730
487
16950
2295
9882
7465
7040
18720
6725
23802
26073
15859
27760
20426
24511
11908
52
25432
15041
21942
30262
458
5185
2035
2951
1277
27512
24865
24521
29722
14523
3793
26260
16234
2556
2745
2072
28267
18579
22884
13571
29731
3135
8488
29093
7604
8039
11609
7249
20273
6310
12732
29447
688
11655
25150
7249
15776
8845
13030
14187
28765
31863
21513
14246
29698
22209
16061
3854
6783
878
25999
27723
1259
22533
23929
4037
13339
19418
4878
31756
1907
19342
24568
1398
7676
26073
5284
1290
19895
13703
19004
12956
9521
11457
4310
27194
11096
9614
19947
24775
20877
23450
24330
3046
19450
13109
21709
16666
17446
29086
23053
20523
6598
19074
6994
7371
9687
26304
17037
31609
13289
18543
23306
21926
9662
12322
12704
22806
29971
26474
1323
13962
1982
5277
6972
13212
2553
31702
3342
5098
17150
20797
24764
7542
6100
137
17074
15437
12392
3523
29537
2407
29407
29516
15672
14543
18731
8481
1743
13059
25820
350
21861
23966
30009
9729
21388
22324
912
1009
12323
10878
27082
24383
27013
15543
5954
19627
22784
31557
6104
27754
4745
3228
4417
16934
27821
2144
10913
20039
17611
31433
4699
19569
21377
14156
5671
15181
9572
15992
358
4493
3060
15134
13747
17450
6863
23220
12731
496
1316
1275
31310
18493
28523
14048
6582
13574
2387
1184
10567
14874
1020
1840
6455
5547
14439
14556
10928
13322
4651
1326
20516
24242
4713
4113
26593
23688
32513
30774
1253
26465
4614
6327
14835
6853
15728
3579
6886
16371
22289
473
26694
6948
16587
768
6425
7700
24831
27542
14075
9151
32584
6943
16497
6504
22890
1953
1403
14560
1157
27141
12904
14341
28303
2497
31982
4489
5120
27572
10106
19189
15823
26705
20165
23533
23454
27904
13736
6837
20018
27841
817
20980
13861
17427
9974
25528
6879
5140
22441
7611
32194
22761
24557
8933
11685
16224
11624
3601
28292
32212
22042
12820
18805
13394
2029
6907
6366
6137
5773
13461
9446
28071
7033
14898
25641
6098
23643
21417
13488
15283
27541
928
8480
16810
14108
19207
1585
13534
31113
9702
11362
17956
16749
17753
10732
30242
741
10968
8436
10932
26479
2236
11780
13198
20476
3071
6844
547
15687
29508
10437
6342
4708
5911
2311
29967
26012
18293
21276
31105
21368
8847
4356
6761
2076
18635
13082
21001
29398
4620
70
8182
22519
10291
22133
6079
13538
10982
20294
17103
10850
16528
7430
22933
24897
14504
13279
6114
7446
9015
4940
12434
29022
404
17360
9326
19662
29810
23784
81
20200
2845
10046
18058
7117
6145
12063
1922
8786
11884
23343
28063
2133
11669
23388
16487
12626
31964
1040
8937
4913
23891
27051
4440
19810
29822
20528
25082
13868
29783
17214
19776
21058
1173
27203
16695
27288
20782
27884
1055
13428
25115
31712
27224
16328
8283
20909
9094
8127
11322
16386
25325
406
26835
7456
26397
9645
24788
9611
9428
28382
26753
9733
6432
31757
8444
444
1732
0
16579
26819
8925
19313
17786
21183
29893
15714
29419
4579
27960
3505
17227
4638
30901
9708
11454
6290
4391
31846
24606
5961
4805
9611
25848
26915
22583
3952
14040
2579
25082
7087
18375
8075
3333
2929
3089
25909
7341
29132
29516
20964
7110
8272
29333
2250
22795
16860
1053
27371
704
6070
16357
23761
9621
3291
29125
5250
4814
5012
20659
943
29089
330
15170
12846
32735
23707
7529
7339
17879
20910
25478
27546
16760
16579
7842
5743
19637
6926
15863
18194
17198
453
431
4493
11020
23416
2799
21512
25900
21409
11540
21240
10369
30844
25661
26003
19635
27416
5385
18055
10252
21934
31138
23787
1173
7219
24570
4470
28796
31529
7508
1007
28089
2234
23303
13540
17649
19463
8318
30623
32667
24254
16004
16470
19809
19690
32702
8866
22729
10000
17017
5170
20244
31351
24487
18369
8039
9159
803
13381
13608
12246
22845
7274
12715
16062
13682
10814
26894
7475
5755
29486
9825
2067
11146
30769
31498
20031
16080
30275
7528
17578
10562
6933
6839
16559
13213
29187
24628
3240
2215
7494
24449
2748
7352
12139
21066
31224
11898
14595
24873
4513
17645
24221
12743
26313
20142
2801
8261
20513
18040
4446
10202
15374
235
21655
16061
11519
1932
17817
10565
20477
9486
20192
2126
24964
1744
32730
9952
21649
6054
3228
19211
28668
30684
30164
3605
22024
13944
27902
32728
10809
12224
18651
6501
18789
13564
7711
17133
18446
24957
20586
28898
10991
16606
12154
7257
3541
10890
29855
6835
11440
30334
13423
6268
746
28497
6330
15251
29943
9585
30401
12427
14382
1967
5538
10066
27863
25854
14615
784
7813
15223
17504
16722
7846
30881
2430
23656
27992
3824
6306
11531
9342
1163
9189
3908
6419
24402
19257
20105
9919
4640
25760
7464
22952
20301
5276
6889
27275
25720
19174
12014
16651
899
30562
14559
28745
7390
2899
23876
25012
12041
6860
28978
8739
12116
12903
18730
1313
28650
13624
28478
4743
9997
22276
1141
29265
31651
1711
20849
19114
15090
23796
19023
17481
7080
25433
2511
10496
12830
18273
1973
20626
31197
19971
3695
20422
6242
7003
13303
7609
15646
8864
23035
9080
17089
21078
31036
27086
30136
20676
15412
22875
9204
23721
11515
16614
23022
9771
31339
5621
28904
13328
6275
9114
21109
10544
16393
7055
5435
32298
4467
15749
22264
855
24328
2234
30659
16124
25155
11210
6805
31684
24696
9927
3847
7021
697
21387
2141
449
25851
18509
17860
11208
8309
18547
4056
18236
21833
14247
12137
24125
30566
17197
16767
27462
25261
13684
3227
26976
31315
10219
15168
13461
22406
1813
8114
20136
19283
7392
25854
23555
14279
5427
20794
27889
1108
12486
32014
26381
12663
6710
9332
8955
20376
4441
29883
4693
23858
24783
31698
488
20531
20953
7363
19489
20134
4718
11646
4034
23183
16780
8664
16089
29974
5581
26579
6643
31976
21050
22816
27533
19419
32099
26082
6091
22481
3760
23733
21613
23262
1522
29679
7422
18093
8509
30758
14158
1823
9466
17394
23587
22582
27192
25843
22572
13106
10051
4630
14646
5881
9848
22293
23458
12220
24407
6461
27671
8664
9690
22900
12660
31738
25605
22394
13065
5255
4543
31343
3846
22075
24288
8854
5427
16400
17291
18520
31202
7265
27326
3212
13603
13135
11047
7669
25142
31844
570
6156
13126
4982
17792
16128
19796
29902
32306
15612
8305
17546
8966
17576
4144
9536
9289
15602
91
25060
32302
23054
6629
28396
17766
18363
23584
1713
25072
18633
20016
25881
27699
28632
25792
26227
24650
21858
28659
3490
7071
28412
9629
13694
22715
27608
7092
29047
7516
14991
18177
24956
20168
7197
21019
32027
24674
26669
24726
6633
20603
26264
4728
12580
26474
25128
23532
10391
27871
22689
1339
8894
18292
27650
26359
6699
14981
30984
13946
19496
13890
30452
30351
13982
28162
1166
24686
11573
10459
18026
22766
18877
111
31338
17910
15309
520
25732
22580
15273
26088
30917
7442
9321
20698
26262
27878
31064
21517
26943
2409
23195
7970
425
107
11539
6276
32104
9925
31108
20472
28408
16270
18166
32629
31559
9106
29787
3637
8308
31999
21875
18956
22999
27490
5869
19193
17729
9170
11727
13563
11653
24939
22039
19493
7735
14847
25762
3829
25779
11015
28750
19170
8801
29408
5724
24372
21560
2612
24088
8728
29569
20918
32699
7156
5086
18450
4752
3320
8842
23587
26198
28918
10978
12135
3046
30067
17445
23729
20757
5630
3192
5918
13276
21184
21805
13642
4278
13653
25668
31940
4170
6106
28466
16831
6218
25159
13026
12042
17307
12799
19706
19010
9654
8102
14943
2118
23886
5939
7931
1515
14899
30278
15038
14577
31350
25787
12258
11574
25294
7039
32372
8746
13882
3490
22800
7299
20712
10158
14060
16434
27222
6456
18199
1685
17079
23732
10499
9454
16280
29070
3650
14100
15299
31862
10637
616
3683
16891
3850
25867
3434
12123
27087
17742
3888
26009
10914
5482
12124
31441
5122
16242
23304
26057
18284
3461
26656
18376
14295
25160
15371
2219
9601
21907
17806
31029
1773
2411
19949
28583
812
19249
25939
4752
24925
21784
28275
17895
4464
17373
3440
28247
12847
5298
32250
32474
14462
16251
5307
1161
7137
16700
28657
9395
11328
10962
7004
16684
29927
2018
11098
14055
20689
12816
4945
27335
5158
25713
15181
6323
28418
9026
6378
6377
28024
19418
20341
3988
14551
24797
6990
15008
32299
26291
3216
20941
7687
25656
21748
11522
2434
23477
11507
9445
28800
20496
5163
25000
9523
10815
28932
3109
22753
4866
21395
5422
5607
5330
24511
1822
6910
6676
8866
5556
31677
7059
22322
24610
10847
4909
24096
6496
20167
1741
27904
2758
3777
16281
14507
9434
11147
364
7905
4711
6292
22150
4915
463
28547
17282
21280
6305
25979
30601
9599
17774
9629
19654
10525
25561
13519
11545
30374
26350
17084
12048
6601
32181
3100
32531
9623
26118
12854
26846
26668
24990
11171
5429
402
371
12884
20434
25058
15173
21207
27043
29356
32118
213
2866
28569
13595
21728
2917
12879
31315
22379
7783
30101
22232
32026
28902
21432
23251
14397
895
1069
29685
17303
23158
7287
15043
2659
21931
22604
10801
20889
17609
11507
30067
1645
3009
11248
28688
22040
27511
30947
15416
29404
17082
22190
13143
10818
23418
4054
15594
12455
6197
15916
1938
17910
5555
13740
22630
6071
5363
5797
25742
1097
16741
19226
26894
9067
10074
29544
29919
14338
28344
1578
6468
28438
11762
10074
29787
4125
26935
31417
18930
636
4586
30064
7837
19531
6739
29431
2309
28248
29076
4406
11651
16751
31710
6122
6126
14553
23268
28491
26545
11811
6800
27116
544
6689
5621
26082
16140
24369
10374
2344
17300
2244
32645
7490
32575
9243
8126
20001
32584
5711
29556
20551
3129
5012
29852
12843
17851
7102
18249
23775
12461
8197
22632
2032
27507
13829
21677
9358
31889
31753
3021
1004
28536
4744
5102
15594
13215
20208
16731
5362
29142
2979
18045
28703
19416
14655
4103
3237
14879
5411
12656
3437
31740
10543
30118
6143
19942
30922
26625
2469
23059
32554
26997
1997
5957
25296
9741
28592
2535
593
32404
26929
7000
15964
14997
8456
31623
9465
5767
28191
16576
25103
577
26172
14789
6441
9140
9697
9761
3193
29144
20337
18617
13598
31719
1427
2212
12450
12490
25819
5180
10183
15056
16552
14965
4739
17318
10056
28270
32073
13444
29027
10566
13194
18084
24726
7729
29564
30712
4446
29899
3866
14364
17464
32172
7788
24970
16902
5436
9992
21261
24501
10440
23769
15736
25885
4566
24607
31127
23336
15286
7351
31334
1335
18266
11933
12161
2497
8552
28591
27612
3645
16012
4787
9396
19011
29203
28572
7365
21998
4790
25865
20414
14212
25011
29455
12786
29785
26659
29496
6224
10480
16007
4555
23701
27748
29348
27726
4544
774
32657
31050
23750
9288
3086
7502
17800
22490
25367
4406
5122
11794
23225
32173
3525
22417
7461
28657
10151
24612
2051
3031
32697
4328
5640
7950
13177
15794
1739
31143
26185
429
14548
12245
3104
12101
27126
10482
19584
30532
20960
8131
4520
2875
19182
30717
6154
16164
32069
3336
4607
28229
16414
24066
13242
10072
9570
15111
15226
25576
25464
22448
18948
20222
4442
26329
8017
24317
26863
9128
3972
18123
917
27595
17439
561
17660
20224
7541
389
26683
14299
18531
14470
25373
4548
23611
5255
5052
4159
5377
7632
27730
31600
32218
18497
4427
9694
8129
14136
7583
28535
2172
30901
350
31188
15822
31676
11917
29119
28911
17915
2096
4594
1593
11437
18344
17186
17700
5310
19519
32060
17524
32304
2306
19951
26289
24253
1231
10346
31448
4030
8366
25191
21840
21323
6244
616
29983
13476
28998
17216
2398
18383
19276
28886
27370
3203
18534
550
24157
30789
32275
5256
12861
27601
9519
11317
3443
6075
31756
24071
510
5206
3781
18048
14312
12501
22991
29198
17529
15792
31441
6797
428
22090
25526
24078
31199
28112
17408
21207
15310
9060
7263
7339
10946
8571
12418
26443
7942
3203
19245
27196
27291
17610
2188
22987
5676
32667
6855
26959
27204
31658
15574
17070
6335
21681
18327
5922
6783
14940
7453
11581
5472
3683
24139
4139
24173
11765
7842
17464
27732
27229
2648
9361
19991
29920
12970
20047
31237
16868
29811
15537
2281
10072
11516
31401
12673
14927
12566
3483
6193
12270
14950
32097
18169
17801
16129
7570
24997
29705
26425
31748
27203
29329
5558
6287
10714
19553
13768
18964
4441
3578
17403
29886
9934
19842
17644
30088
21208
4715
7772
26368
8799
24656
1667
9034
20610
26911
32166
10087
11473
10877
1516
15288
12733
31334
3438
1469
24396
18196
16013
26403
11794
3619
10888
19966
11868
20210
590
23123
10158
31820
20880
31961
19568
12616
28699
29440
21988
11629
7525
17459
7259
23578
31333
9306
32681
27429
21928
24484
13270
13507
32162
13187
17942
168
3394
14584
28155
24687
26313
17424
32490
11067
20699
23727
3532
23711
27094
13452
7941
23227
25956
15997
28842
26536
18508
19189
13550
16919
5774
19914
20702
14644
10158
12604
29519
14289
5456
23092
6164
2752
30725
16841
19316
26240
26213
18440
16859
28701
27230
9205
6095
19793
24779
5325
20006
32751
30536
14478
22134
4225
15429
11193
17358
19504
30042
22103
29603
6629
12250
2618
17165
10926
16299
22149
9268
2403
8277
13423
10244
19849
27736
28995
20521
30070
24259
31147
15671
11190
4866
27183
3368
31662
30456
2297
32268
14719
9038
3291
10492
8494
3594
21907
26960
28929
19299
31053
17426
812
20691
19305
25522
10924
28271
16511
31738
22388
29300
21408
10821
17863
11042
20703
9708
15589
15053
10512
21762
8425
29233
13008
6465
23538
9478
31942
26947
25217
11476
5416
2550
22306
3593
27264
31818
4431
29513
10672
29484
2961
29445
15667
26040
31976
21327
20903
4522
8557
16364
904
534
30262
9899
6719
28250
27770
11766
29787
1360
22517
31143
2334
30920
7310
12829
9019
23861
24376
398
14558
12710
15894
31646
1261
9208
21474
9009
17805
25930
2703
638
17385
8882
301
2406
2351
30254
2318
9731
25818
25566
32295
19331
10295
14192
32440
23351
15138
21979
17968
9191
28177
22352
12107
27497
11605
32109
8573
13937
31132
22965
28051
17067
18873
14397
23960
26375
14760
8871
31733
20053
10956
3924
21981
16401
14716
4310
15592
27520
11198
6564
19454
26876
15698
10258
13175
25995
27891
28288
4224
11447
11993
19409
21441
1178
10370
10271
31549
4153
22962
2476
9081
11283
22201
30236
13280
30969
30708
29666
10854
2335
8854
16377
19052
25460
3752
3028
13027
20783
11855
22423
8117
10666
6734
15495
23136
4212
10187
15295
7652
22946
2902
25894
29152
2149
11559
27293
16632
7138
4775
29565
11897
7741
307
17472
28480
10743
15900
3710
10712
22907
4082
32028
8674
21747
25858
20672
12986
29280
17181
8327
23895
7146
25755
4859
28019
28788
9888
9023
31212
21108
11422
18061
17515
22786
23835
1507
15427
22319
7093
24568
10396
28055
25699
1909
15824
23098
11261
20834
8725
31367
10751
26590
9565
13242
28554
5396
12410
13672
28587
14954
12166
19032
23776
18427
31618
11157
32728
18504
1853
2497
27515
21546
21367
16556
12842
780
28231
26918
72
11094
442
15633
16377
1836
13757
442
10793
4441
26941
27753
26833
11910
1676
13622
11893
30384
30471
19487
26354
13017
31222
25688
25974
25341
25267
18914
13264
24647
527
13663
26346
28549
16113
4645
7315
22490
8768
27281
1666
20914
23043
28317
9880
25083
30663
18613
8294
30099
28225
13511
17391
20732
4661
3482
13743
10327
8855
17504
22492
29584
7151
30350
22763
21206
23298
5611
2902
5966
21166
22247
27293
17416
22806
22831
29067
6962
20479
15998
9658
2955
11386
9142
31833
4635
8644
12335
31789
25634
29546
12111
16598
30030
12976
26715
17236
11824
27444
10380
3017
26353
719
13158
12416
31297
20668
3397
17967
1169
12284
21561
9593
9090
4344
6931
10679
18845
20073
31424
19704
31300
18805
19926
17734
488
4378
19053
1836
32381
6352
28208
20853
19499
17002
28852
9781
10823
16190
12296
21774
11393
3205
19341
31404
19551
3845
24839
6546
12010
4589
8181
12313
29351
11520
10014
28597
6600
22005
24685
31099
25764
8478
20222
17376
12389
30025
889
3524
11776
14052
10911
687
1387
11876
27170
29786
14602
11751
32698
19825
23914
14871
22133
8599
31025
14930
1615
32427
8533
29705
29186
25417
9613
21862
30495
32404
24837
21298
25694
7475
854
24053
10802
26522
26037
12895
31137
21899
16490
2278
17747
31452
21637
26801
22761
4474
24012
8629
31376
25774
24823
12830
19157
415
10784
6896
22203
20761
3957
26606
4106
32396
19504
28347
8171
20568
1993
2367
18354
21831
23913
20300
17403
2907
30627
4993
26104
25547
5215
10095
22281
18504
1302
11003
14989
1412
32581
27395
8697
16117
20763
4933
1831
20439
20085
14204
16624
15728
2573
30667
9724
7831
12014
17503
20953
7287
3628
1105
16459
28817
13521
9161
13027
1024
7706
19817
5331
5121
21988
21225
20737
32690
8033
2302
20058
8986
29711
6785
1641
25450
28395
5837
27176
20610
30690
16233
2326
32695
17288
22759
11913
980
31500
779
26950
9822
8300
23600
12623
17949
741
29672
8188
32471
22446
20707
28237
32351
19173
3602
11647
10959
7370
21259
28125
32273
7979
11184
18393
15012
10015
779
31579
23964
18167
17789
6489
29163
25714
28184
27560
10464
32560
841
3858
23533
15209
18106
29608
23469
1247
7286
14169
12325
24081
27983
3780
11851
12210
2173
12363
1732
11353
18567
30057
12786
7290
32615
9797
23854
9877
28137
9095
15698
26541
19028
25194
27259
28668
6732
28434
10509
30693
25591
26913
17399
24874
31327
11909
23608
22623
26903
10387
20898
10911
17186
28506
10461
9085
22800
14129
4784
1853
6762
15507
30844
32069
9808
8749
12809
32462
20321
30004
18565
7647
5851
19452
27338
14460
25347
12999
30432
27675
29896
23259
15555
23895
24739
16343
24166
10216
3777
14150
28919
2771
1636
7797
17253
9438
2183
6786
28192
21831
15809
7862
4128
5301
31595
11540
23848
23151
25605
1330
24908
25036
26326
13640
7601
25579
25299
16775
25236
6563
28866
21932
2701
6589
6303
13524
31509
26465
30271
23442
3655
17615
4403
2111
18915
7760
27631
7569
1944
8555
3628
4975
29315
21595
3722
27140
32243
16833
24442
21267
14703
3223
25435
1418
9722
101
3043
28505
28821
29111
2241
14724
13830
718
18816
21111
13272
8342
22191
29339
2723
19416
17983
20262
30093
689
20268
28471
6929
24131
16480
22306
23295
14506
24276
32264
15812
28465
28408
16812
26860
5318
27989
19585
15589
10412
14960
8712
6
9584
15858
17752
15055
31774
17671
11774
10611
20404
8196
32520
26259
1239
17228
13405
13133
31173
28532
14928
117
31371
9381
9076
7458
17784
25922
28849
11885
13265
3019
8087
21621
23238
14338
29427
8359
14501
5964
10656
16700
16974
3161
6048
1538
25831
31239
21867
8800
20433
13700
31111
20628
6874
25523
4185
14912
7348
17874
17979
18981
1446
14681
30671
19246
4737
28453
7314
30896
27606
7637
16308
25584
1382
13173
31527
21222
4570
19034
10486
31808
24244
25932
16088
17578
11398
14059
2053
24909
22369
30795
12616
917
25489
4834
23381
29240
17031
8612
10078
13172
25623
3436
29153
11416
26596
18590
12228
23237
792
28170
8611
2294
28248
18196
20841
10046
28663
32018
3613
10065
22121
31222
23039
582
30459
15405
32468
19355
1218
8647
15486
30074
21457
28375
17871
10810
23727
4893
32671
24361
5129
29410
13852
1161
27299
14116
15458
30424
2452
26867
10828
5461
7859
23579
11401
8639
19789
11523
6898
19808
5913
21973
18714
5962
20845
7903
17703
24545
31409
28218
30945
21913
1045
15017
24841
7937
25471
9667
20204
26113
455
341
26680
10335
22823
17410
22797
29064
22509
12588
27735
24974
23411
14360
32348
9581
22353
20044
32145
17554
31953
18748
28082
26526
30372
31526
8465
31847
3283
5947
7215
23359
17656
8447
22409
20858
21165
27378
21428
13610
27717
26736
13228
26157
22458
22230
20842
24682
17383
486
180
17239
16887
10093
29753
29375
29470
15906
30941
13506
16007
9170
31570
28957
9101
30394
3048
30123
31789
7733
21670
25644
17339
18071
13721
11590
13781
21592
31596
15561
22934
4725
25657
15159
19723
8211
26271
2180
25835
24933
28437
21530
29826
30673
1917
30240
20975
1358
7421
28156
27279
16145
22538
10774
31673
4968
15045
31967
17324
26342
31115
25363
16069
11456
16839
32571
17654
24183
25355
28277
7027
5815
3680
23159
20142
21376
8154
27858
26758
9091
9839
1908
22203
17103
7688
26225
5542
27308
4057
3843
29479
22727
3310
12239
32222
20880
14087
22121
29854
8673
19366
7707
18974
25568
25958
15330
4338
2854
26510
3002
25530
31777
18406
795
7578
12982
10954
11460
30442
15403
1404
4535
23086
2117
15039
13189
1352
21933
26017
31691
19180
15768
18072
17661
2133
8871
1744
24674
9014
1804
17860
15712
9204
3567
9484
5626
16402
11280
18037
17559
26861
19373
28759
9989
12969
26534
19491
12989
10091
25055
29500
7785
23240
6374
15880
17571
20862
214
2374
9216
4450
17275
26018
8269
28058
11190
25990
26904
25356
24611
32052
10611
6422
12538
10514
25844
23168
32051
20036
9728
6831
29422
2432
24905
23323
12049
24606
12950
1283
51
1903
22211
2911
20665
13904
1800
26902
31806
13567
6526
20337
5177
7981
2782
6351
22489
3156
21900
21403
25396
4682
14805
31100
22945
22039
23413
9931
3938
7940
22621
26186
30343
8180
15539
25875
21262
27383
30745
8910
31311
17181
14386
29223
8600
16520
19554
23936
20
31429
30422
17378
18417
11613
20165
16954
15041
2726
6133
15554
23841
12511
13184
7357
3481
30076
3544
5735
708
31423
11785
2860
29873
17288
19006
23576
30088
14702
1415
16527
15729
22798
15065
30014
28081
30883
31063
22353
3862
23768
5583
16358
20374
4058
30088
13250
17203
11952
30267
15171
11298
8399
5983
30358
3627
28137
18601
16938
4435
9735
468
32613
30649
4055
1950
21909
10942
4423
531
32553
9064
1618
18445
30497
12809
31258
1020
6851
26907
30264
5603
5008
12143
23632
22179
7542
15751
32232
8316
32071
2624
26234
16593
15210
27315
3015
14123
30417
26974
22639
25985
25642
6271
17599
5559
19802
25537
29130
30820
9511
9498
31419
216
820
244
28777
16990
7219
19851
13100
12990
2646
2454
7920
30214
31238
9769
15751
6026
3800
10202
29508
21546
5309
25379
22981
22995
20857
22535
15632
8265
2646
28920
28386
16163
4633
10489
25667
25879
29493
23808
20830
21623
2623
19614
14224
2300
9378
3553
6591
27331
30612
30842
19181
12949
840
19483
2828
25451
13925
5667
26132
32049
26040
6781
2388
19659
27685
17349
773
32086
1764
24237
8229
20144
16874
9376
23683
5434
2212
22949
6422
26332
12011
389
3218
6474
1589
28720
8765
30086
21256
14685
15103
17575
14005
17265
1209
6616
24898
418
23512
32163
8104
6492
27434
24176
6719
30435
32240
27208
22390
5435
14388
13791
22215
32069
10589
21714
22506
16426
27904
18221
8777
28924
19961
24624
24757
24987
8123
2643
25943
9942
16868
3207
27113
10195
533
13503
8230
15537
20480
2991
9854
8299
30658
30163
13583
14848
22132
26036
5841
209
15612
871
17168
74
29993
27990
11040
16068
7424
30275
4172
2986
19536
1161
30223
30939
14477
30373
1159
848
19162
12534
28454
12031
23656
14529
13227
6655
3327
120
17744
19180
26586
18748
30789
16013
19128
15776
16734
30900
17200
10672
7689
7270
22085
29746
14466
20284
26170
15659
7242
27657
10920
17829
3797
18621
28365
1200
24706
5002
2599
3495
18897
2885
18241
11188
10449
5902
11470
22166
13015
307
23796
25762
28277
22866
32490
7688
2474
16830
26309
5464
24663
11300
28559
26949
18162
18799
15258
21416
28030
12520
20243
10696
28347
674
14554
12760
24474
2325
15761
29121
29427
7689
14580
23330
1402
22198
10600
30869
9712
15145
6614
53
28054
3305
23993
28509
15591
24795
21366
5042
12422
4195
8429
9571
25206
17868
7757
22191
19337
10218
25388
31912
22811
26877
10711
13623
2815
15577
31974
11873
11706
31300
25364
29384
1263
27552
32078
24437
31259
4810
19210
9940
9091
25665
2266
1280
14186
15755
23873
2369
16262
6868
18373
6356
8373
20441
1605
3818
19181
18436
25741
7666
9585
4568
10792
22043
2891
14736
6773
29973
27638
14083
15102
25368
25691
29387
21508
296
25599
9894
24415
11415
12922
7452
22917
7115
26923
5219
10472
30786
13610
18559
3973
22994
30078
26797
23225
1846
2448
31746
17751
8134
25568
31056
16377
4742
13559
5705
5011
1634
17053
4583
4686
6072
16203
32267
19091
3863
13795
19556
28773
30023
23967
8850
28917
10377
27207
14731
25712
22303
11432
19518
21020
783
5953
22903
31395
29477
31551
15619
7343
13623
4524
25620
26550
5548
9443
8423
4376
12351
28231
24995
16231
32257
31796
20101
16389
1181
13366
4922
15093
2784
17785
22412
22763
30329
8065
11073
4005
14077
16667
26944
2174
25134
29588
22006
21825
25980
17960
31992
26427
28876
23997
4586
31892
32377
27858
22687
30687
7320
26546
22657
21999
23425
18669
24372
13804
1419
31240
5750
10151
1046
13428
12618
13355
5583
28349
29781
21653
14895
10756
7560
19237
30277
13231
28415
4756
22198
12127
24873
22440
21250
32034
16426
12551
30216
20459
14461
2377
28621
2111
5854
28496
29817
10032
16231
16604
3234
28047
8185
25434
15053
31582
8669
32509
6706
900
24235
28688
23232
26564
7275
25227
15969
20720
21755
19428
31615
5978
19633
14119
10439
3980
31808
5961
5677
3897
20960
5050
14128
15987
3497
825
607
2333
15680
2284
27164
17572
6838
1968
21152
24042
21165
24494
10559
9091
30141
10799
237
36
6422
26545
22530
14680
27238
21561
27450
1653
15101
21996
14848
5071
17967
14809
8172
17963
14073
13082
10122
21111
12520
20507
31325
32184
24631
23097
4643
6467
21815
21391
3931
3888
12020
1804
22789
4876
22806
24265
27049
19150
24837
29850
28058
1036
9809
4324
5756
18799
27216
2990
18436
27749
777
17402
511
22293
13648
8533
11158
15000
31283
21421
9168
28006
13205
17763
15192
3598
5145
29601
31617
15915
15938
8430
24199
2451
24280
5631
23832
19921
18061
25808
29970
13782
18144
25076
3471
7659
22082
18474
23583
29674
16247
14896
12116
26542
24640
5852
17028
32712
15159
21352
32458
26227
24826
20494
19790
715
29835
23252
24262
12857
20215
21674
3133
13874
1590
11442
13587
10785
23379
9695
15942
5537
21453
6849
5871
28400
572
13215
26128
8608
16951
17095
17804
28048
27510
15138
11895
12827
16436
29963
31376
31119
6871
13665
7948
22753
7891
10971
1174
30623
28876
21916
8339
21541
14843
3336
13226
6164
31442
6101
20868
4352
28899
2661
5584
8553
5118
24403
10891
15853
28313
32332
894
19131
21877
9504
29448
27979
17023
26392
31773
9805
22261
13963
1423
18399
18633
11436
21132
7170
16202
934
25705
20303
25345
30443
10653
29670
9433
32200
7697
12456
132
5182
16535
28838
15897
1549
439
9944
30466
28689
4018
31251
25109
27601
9153
27957
11009
6486
13470
22435
22764
31545
12869
16885
2138
22784
12028
31471
31825
7083
6545
30899
19131
22665
27875
23094
10251
32336
30883
7409
5667
22637
10076
23257
31349
23705
26033
9360
24425
30381
3815
19421
25855
18103
675
12890
9398
1357
18420
28780
3244
545
24979
26744
30214
28886
14186
6740
31378
30738
14676
19196
19883
14037
7972
21639
7262
13321
27112
12889
14539
27738
2671
7577
5325
29255
20744
19942
20445
21625
2701
12869
23603
15956
28320
13918
32559
1741
17205
26601
12536
8571
22865
4195
8035
9712
18192
5893
22550
24905
749
16118
24045
9732
17470
5568
11676
19986
19710
9729
30102
9005
207
16995
1326
8556
27967
31949
14076
18453
10059
7643
23171
27826
8738
12428
24848
17511
25387
30267
20965
6018
14152
22225
18839
21332
19805
8504
2229
28224
23052
12307
21930
21009
10435
18092
13797
16528
15865
14893
16951
26199
28340
15124
6780
4064
4431
21217
15485
13537
11130
27153
16917
19932
16770
27216
19091
10225
10963
20715
4960
11000
4027
17796
994
17868
29808
2313
12447
29929
30037
20711
6566
5946
6265
25210
10283
1324
22624
712
12145
7687
19463
3696
29933
16254
4130
19933
936
23429
21928
22975
20197
8290
14737
9148
26628
26375
18911
30562
19366
23455
23515
1889
2578
5223
6049
23287
20183
2751
23774
12203
2995
10881
25817
9022
19124
27537
17840
14815
27549
10677
15076
5278
20619
11943
22296
27683
15832
8809
790
9120
28992
21977
28179
2052
13378
7045
21300
3954
28105
8896
14417
11505
30476
2294
2552
3173
14259
5436
14517
19134
19771
21035
15248
32367
16795
31215
7128
9249
5416
26779
28191
17321
8118
2239
23686
24888
3328
28221
9787
3794
30794
4952
14399
12802
27460
27662
17261
20939
17458
17320
29624
225
18250
6287
11444
14362
24413
27233
28504
13599
20922
11844
19714
12647
26960
23931
3003
1382
23826
21047
24508
3073
30112
26287
24114
23110
13859
2674
3391
8026
3192
16892
13633
16562
19602
17544
22358
1670
31513
11302
27936
27779
11095
27661
21957
27329
29781
306
5178
19188
16705
4378
17090
24038
275
27372
24497
9509
31089
7882
22390
17656
16591
8033
28632
21144
9178
8639
30848
21149
31255
12133
25784
31671
11719
7838
12914
4510
31503
25871
17036
27724
10837
30862
1618
32617
18925
12856
9797
30215
10997
26557
1563
13967
9597
12031
18950
25339
26604
32732
16697
10566
21918
10311
22953
30753
14546
18078
272
27624
19396
15927
5944
2004
23830
23101
21878
3954
4980
4794
20340
5204
5240
10228
28980
3078
4811
2045
7762
579
1934
12934
22154
15209
6904
3828
889
23339
64
26806
21416
25478
18621
1493
18118
8182
29260
3020
20277
20713
13554
9883
11465
11124
21442
9751
25804
325
29953
1412
31557
9433
17801
4453
20857
24047
27499
8083
19891
572
3032
3469
12353
1632
26690
30991
14783
6937
22206
26342
1688
10934
6573
19458
17353
19151
23195
11469
8424
30260
19559
18107
9061
8995
14500
30754
16145
2494
31808
23117
22492
11963
14179
16844
4323
1630
13466
6413
3242
17316
19253
18737
677
10178
16622
9496
19966
26061
28363
2750
22930
28347
11589
11979
3389
14730
19369
18021
8279
23487
5823
841
30078
1554
12970
5658
25494
14696
19471
11000
4111
18433
25721
5205
15974
30451
15868
6148
14575
21463
10777
4755
14033
4802
16354
25819
25426
2167
15710
24533
27221
5338
6191
8880
11808
4520
370
7968
2659
6502
24807
14328
18550
14999
2898
11771
10467
27442
14369
20207
9764
20563
31310
6900
21678
11825
16519
21524
1070
5200
8333
11291
1554
6648
29146
1193
15691
16101
31622
30085
23377
17472
14699
3380
28264
4558
31880
32715
9507
31592
27299
14337
27430
31403
8498
32392
17199
12528
32636
11166
600
17790
23548
5855
20630
29695
10502
14685
4742
24369
19629
13810
8297
31710
12259
15317
28268
10254
18658
30572
2606
17019
9419
1377
4476
22085
13453
7160
1631
12007
24841
24224
9304
26730
10868
4040
6890
20441
22268
5363
20825
10228
29870
271
6066
9768
12951
6402
26891
15295
21801
1671
8972
32597
18913
11576
22190
19083
7719
21995
5699
24575
23926
9282
25783
11643
6844
2686
10773
32364
10500
12180
20812
12950
18258
31619
29492
19719
17358
15844
13004
28489
23077
8899
11974
5340
20781
27053
11333
8931
7112
4874
24293
8222
266
30638
29180
10520
3998
32426
14111
29858
24677
25960
7656
31871
27745
19959
22775
7777
31186
1955
21559
18709
25758
17865
24674
2554
17910
14569
14280
3767
16183
15869
16460
28461
27662
6153
11951
21419
16352
26612
28433
19297
21097
22166
30388
26392
24483
9490
25348
27680
32489
5990
2516
13193
21852
27968
24299
2454
18310
23828
21183
8558
28221
17771
3712
28949
21194
2174
12632
2459
13899
17923
29426
16275
26710
26439
20281
14279
28895
12669
8034
11306
4444
21077
17452
32014
24870
6865
17766
25239
2339
23637
2738
21104
25250
7165
4490
28092
32134
4146
17536
2896
20903
7296
22474
12831
8053
16290
20221
6133
17375
10207
4121
30825
883
24986
10182
22541
4294
21540
8925
2023
21014
212
8490
32037
10798
14426
1393
20748
18570
14928
26286
32050
17596
29458
9889
10221
2318
19408
20874
5387
20585
16609
11058
3779
15221
12890
3370
23276
16642
8928
31319
4205
32167
22714
2991
24821
9896
5418
6717
10988
9245
22014
19051
26537
5713
21858
23680
18917
19049
15352
26216
8303
25158
14635
23220
20770
13228
30144
225
21
8867
5293
17117
14097
31517
13871
29639
8520
3546
12567
29686
12099
5257
30308
22078
14109
8496
21271
27246
25839
7373
1091
20765
3979
6462
20836
31911
17773
31326
8433
17266
9710
14961
15157
26486
23227
19906
12122
14076
17798
27018
3783
10917
13819
12820
29356
9391
15350
5151
32730
13684
27123
19844
23769
2355
7110
26904
20020
25363
5516
12756
27928
18789
3809
24883
11293
18218
32339
3292
7780
26325
14615
6017
13538
19026
15099
10503
26107
1094
10908
29159
29523
5785
28121
15828
16865
14898
25223
6558
30789
21505
3942
4182
22363
15171
24916
17331
272
13569
18625
25524
8564
18650
19299
18823
11793
21251
24107
14762
12156
30604
7031
4432
18729
23269
10633
25350
29571
17312
25912
18070
7228
2424
9445
24619
8418
30099
10161
25271
22452
30724
1261
4498
6835
22164
12243
1380
2300
14530
25459
14404
29268
13576
2799
7457
8453
17248
31211
18017
30185
14599
2368
24521
2756
12673
27632
32669
20182
2269
20575
4872
20913
19258
8640
27069
12361
15754
32205
9439
22602
25494
12987
3359
5550
10051
22893
5156
7822
1299
24552
1327
4408
25070
6151
10495
6275
28195
7791
24818
10847
14762
11718
32110
5296
23980
12832
21375
19549
24388
12474
21953
12963
12168
22507
13441
17584
27843
19287
18719
26989
18693
102
20662
20891
14814
16117
14847
7713
21862
6731
2675
16548
128
30286
7856
19033
21088
27894
18974
7447
20811
10243
6610
12977
27806
747
16051
28290
22546
2327
25307
11593
11326
9294
28224
1848
28766
3954
32403
30791
29010
24938
5736
25294
2538
17503
18328
8275
16480
11563
23779
5280
23846
9998
18138
30489
24290
1955
20477
17997
28600
7955
23584
6603
16327
14473
14099
17975
26870
32486
13953
1949
16368
6581
13081
9732
13933
5729
7404
18503
12980
29093
12054
26912
93
21829
1697
8838
15964
24060
8358
17209
28219
32181
949
25243
2215
19966
6263
26305
15150
26297
30098
12490
13127
3348
8909
25455
6803
20156
6005
30684
10338
23886
30719
5310
27769
15887
22254
23454
14099
8668
31992
8301
16933
31076
31844
16224
32742
6548
5046
1278
12943
1107
9102
23671
12639
10608
15310
14391
32483
13272
1019
26811
5236
14093
742
21923
1793
20691
2443
19721
26895
4909
17721
23826
3581
19079
15603
27586
4749
29749
15895
277
20128
31004
31805
30539
5185
175
26722
1411
24549
28702
838
22667
24049
27081
12050
11767
27005
24827
17470
9584
26712
5589
28082
15439
10316
3464
4139
10091
8611
23240
16609
32558
17129
19069
3943
29167
10740
18619
9938
28795
28194
4596
2589
2293
24546
1132
28620
25569
24950
9710
208
6011
15607
12734
32427
17741
7065
17102
5332
13824
560
28212
22877
26483
30451
25052
16595
16650
13440
23418
2406
25161
3617
3011
24905
16289
26958
14813
19548
393
28787
15124
3337
22993
25331
4814
5227
17203
9836
20161
15798
24364
32061
29539
22739
26122
1605
3234
18506
23877
27118
14038
13925
2066
22634
13300
9619
17974
15677
24836
24586
21784
19452
8149
2736
10011
19028
2287
24380
17706
15181
31177
20888
28309
20432
21308
9354
27419
16488
31800
12692
17224
29765
31926
26649
21249
6534
17645
18368
27229
4792
29897
23070
28854
23961
14233
28559
15872
22306
2056
9060
7770
197
28750
27460
13283
10996
6823
13772
10959
10466
17924
23673
29626
29069
29441
27848
30779
20988
23832
3227
32189
5317
5140
32223
10890
17107
18888
1388
24873
24934
10240
14636
26090
20827
17080
31104
703
13230
31372
6623
7501
30525
25456
31937
29507
29647
929
9915
28907
13908
32476
3307
22015
25199
461
8854
7357
19761
458
27152
22333
13608
9409
3292
30467
15256
25967
16149
13009
776
18387
29196
32446
5888
12771
6707
19084
274
15485
3130
31287
12055
4256
13687
19658
3771
9436
13195
9590
572
28423
3907
27365
4718
24114
7868
28876
515
12507
21195
8128
9737
31589
29595
20298
10164
29381
4248
1597
4958
20349
10124
5447
22732
23758
18184
16327
8371
2089
12294
26334
7034
1256
15052
27337
11586
22587
788
13934
6948
24933
8041
10548
7609
12840
26580
21272
31968
19325
4024
14078
6331
4745
5883
1860
1019
4557
22118
4253
4958
23197
11087
18205
1653
6867
1653
10640
11691
15044
25131
28432
12675
6003
25529
13015
24353
11525
11263
4689
7692
17781
7003
29045
29490
32649
3277
22870
13613
16901
19545
9461
21956
28446
19629
28762
25781
27697
24580
32227
12210
20917
30794
1499
9129
22383
12929
9294
21320
20708
12643
22812
18113
19988
2889
20045
30922
13413
20299
22692
9448
25566
26025
26231
19182
15509
20330
20670
3008
6251
2370
17001
17245
3318
5561
10743
1053
2495
29322
26948
22327
9902
32073
14242
26245
14018
2889
27180
29580
29445
14525
5719
16311
20928
13085
17098
18915
24043
716
6768
1312
8935
6135
21963
27830
112
7872
20107
6503
31437
24220
29023
15348
23369
10489
523
8419
13543
6949
26043
8574
8530
14187
26518
9759
18963
6527
11159
7595
4614
18972
17304
3677
29455
30187
6832
9157
25609
2983
10943
24080
23295
1407
12359
18057
16287
25019
20606
19808
25067
3747
26017
13482
18738
19868
25994
11434
28479
20885
5765
1359
15312
7329
1632
6397
21578
24805
30657
21649
5034
26805
14780
159
16063
18938
7589
12285
18583
26839
32547
30598
15159
3468
4742
21272
6286
4506
27995
23519
18348
26664
32061
13270
25136
1445
24814
19082
30207
27311
22438
24354
3900
22067
15018
25500
7796
25302
13601
9561
3864
5012
11811
24284
8753
5031
6420
5839
24911
11691
8240
28742
15810
15871
23910
20552
12301
9326
5482
31884
27544
30991
10502
6016
31397
2153
12465
7567
22149
23259
30306
18340
20492
19260
16806
30442
23618
28862
10737
3543
6491
24600
25393
23144
8170
2020
14505
30126
29777
11333
10749
15497
11388
17870
24201
17844
7631
18335
25335
30977
10076
4305
25873
11238
27738
3349
25043
26425
4818
18583
31173
14904
23196
31529
24456
16076
8330
20125
5294
13071
8675
25714
26831
19467
5139
24244
28376
9669
25760
28701
23719
29818
13664
14208
2261
23336
26858
27240
31443
2896
21322
4860
16697
4602
25337
25893
602
30203
22028
28403
31516
2931
20395
10301
24583
8345
25029
9608
21659
26555
24322
29226
27879
17024
2297
21936
27991
21105
28324
2172
15566
29367
3856
7091
15604
32550
5209
6230
31954
3195
15062
6574
31132
30178
14481
26350
25037
25532
14586
20500
3705
12190
16604
21008
9951
18845
3727
17960
8767
713
19056
8347
7147
24823
7054
644
11679
24516
29862
8962
17429
17110
11602
21398
8661
23909
15229
9164
1099
29434
8474
26654
7963
5495
25109
10261
25017
9304
5770
14257
15156
20792
27958
11
20562
19863
12843
15161
22498
1498
11719
10098
4430
3475
28646
30066
2416
8451
23383
30240
8614
24542
1421
19311
3369
9549
16023
8322
14490
8505
21843
11539
20446
5831
27614
2069
22060
25631
28750
3480
1124
14194
3492
23534
24995
5435
10492
11276
18964
5061
16135
2354
22537
28653
13755
11215
25418
24361
30281
31647
2732
17097
25424
32022
31718
8317
32592
11777
28065
1048
22369
5483
32718
11923
1573
2749
30268
13909
25339
30762
362
31921
12661
7242
2458
7345
25869
3845
12326
14098
19731
3507
31511
16271
15594
21121
24308
12131
1140
31511
6872
16649
19659
17016
6855
6470
11570
4649
21570
361
3147
11925
20761
5842
8586
688
23681
5041
10985
20187
1638
5392
10973
16136
28931
532
17033
11294
7343
30847
31794
3231
9722
25210
6644
22664
10744
6546
15539
25720
17629
15104
30548
30741
24266
4397
8748
9131
15079
13941
696
6423
31922
21803
7055
3044
6039
10462
14486
23731
23744
9435
2931
5088
6958
25587
27716
28514
1545
17791
4752
2035
21812
23457
23165
20850
21541
3788
27204
31365
21236
6790
19427
28546
11697
18284
20242
1168
24059
1655
18295
2825
19150
20863
31517
22051
19101
29949
21795
29392
2977
10005
12465
5858
22128
4052
20528
2931
24273
9910
21691
5764
5839
2411
18896
10212
14348
12250
6476
19796
30552
8551
31638
12776
5762
3953
14362
11440
18542
31007
18937
8856
7016
15453
15614
16269
23992
14369
22229
19169
12407
25587
24695
6897
15521
172
9193
27653
15979
18046
29222
7799
23254
13364
17754
8216
29572
25531
21328
1231
27850
2018
9262
4739
6664
30558
352
17467
17461
26897
20690
2180
32446
17804
12386
16148
16017
12754
26005
14764
26484
14174
30088
17475
17308
11624
31018
30816
6523
18277
425
24520
21465
27853
8490
10841
28710
15904
27581
31542
9999
27435
1168
4388
847
16008
2915
20020
23240
612
32315
25251
24018
8836
25435
7934
12499
12170
20336
12681
17424
10101
7180
21218
24002
10088
25173
9698
2669
27308
3583
20164
26477
15095
7287
1417
31697
13807
23649
10138
4973
3050
16709
3248
20523
7160
8069
8945
26018
4387
25747
5724
13034
25845
8032
1894
11950
27451
27928
5349
22914
19209
7692
15662
10871
2302
9968
23162
10733
1737
12870
16015
11945
7148
26138
12700
28968
11200
12784
22628
26930
23738
14587
17822
10674
21740
11407
15004
11972
8143
10969
23340
21008
8511
30158
22716
22871
14791
5729
22721
21323
31
16377
6745
13988
13299
2082
7982
30576
19942
18050
23454
1706
20695
12560
12826
28687
16483
2176
15820
2605
24747
26881
12413
27837
9047
4907
18357
8498
26075
16691
7460
16786
25848
23650
22080
31109
2438
9925
30512
7596
29298
11557
23785
19763
24579
5433
8855
20906
25697
7195
30270
12560
32087
22777
8353
9777
31576
6157
17507
29491
22976
25039
6252
17003
27741
617
8590
2421
1582
9579
12136
8835
32106
22976
8331
4085
12484
4577
12764
7722
29166
29768
23866
22422
31068
4136
2912
32533
18250
19035
7436
1151
5632
5787
3937
10109
16725
20726
16265
15515
18290
19324
4512
18590
18136
25659
32461
26135
7589
14189
20146
10552
3602
16879
7
30183
3137
2037
9345
31761
6454
5117
13305
20033
20259
25089
6858
18033
744
2801
1915
11552
7898
17504
15262
22180
6851
2174
25591
10946
13611
31302
15329
19068
20950
23032
32750
18474
8590
7626
29646
9676
30499
730
32626
3487
28079
10856
10096
30958
17438
5954
25770
14635
4590
8063
7979
5950
14644
9840
20561
32029
14816
13012
4145
23965
19009
13643
4663
20104
22732
4878
21773
2287
23321
18652
2494
17345
3630
14904
30236
7325
3072
209
22111
741
23095
20546
526
22804
22066
16891
22563
16465
8779
7551
13930
16964
30812
28881
42
19752
1410
3368
30727
13857
13088
15338
28967
13776
295
16344
7060
4901
21909
30342
28641
28789
25916
11791
32273
28365
6597
774
9140
7045
6388
23216
27987
23576
20782
19824
9998
19507
12088
5506
24708
16907
24897
21996
26611
27892
19235
19890
160
16944
4070
19274
22650
11268
21637
29775
250
12049
8181
13690
28493
31202
31844
28365
18357
4802
15807
12305
30765
6096
4470
6531
26188
17749
15235
13515
13419
13908
9385
23085
25098
4963
7673
30211
19312
9146
32155
17003
19602
29834
30923
18749
2870
2704
24354
16960
11352
20969
6935
8605
30925
16424
7109
27283
13606
23718
3055
6765
12503
8985
31297
16305
20633
29800
22232
4507
6156
2494
27141
7113
30369
7646
10318
21048
23479
16566
1974
8559
22020
2358
14911
20218
16951
6498
29100
15898
19675
10406
4235
27835
19327
2154
27763
15526
12564
22247
1419
23800
8598
21561
22347
26579
26863
3509
9863
2131
22808
21372
28841
15556
21377
11344
24638
2322
435
15271
27316
11648
308
19966
31585
13725
1706
32624
20424
29557
15428
12423
26904
15108
24406
15698
14070
29168
24899
10936
24444
18295
4000
15883
18562
10405
1942
13025
17948
17611
30856
799
4707
13870
31222
30038
29305
8956
30882
25939
11463
27268
32497
31473
13449
12965
23699
17202
11917
27015
29030
24462
13111
3978
8088
16267
29129
23932
10509
6286
6369
6927
31744
4081
10308
14730
13036
19285
4057
1726
19373
23354
16377
3132
23010
13261
3814
28357
14487
10240
6040
25090
32545
6880
30144
1141
15688
23332
775
14256
17068
23809
31126
18629
30049
17990
8156
31997
31709
164
24971
22221
15892
17997
31204
9989
481
23746
4917
15947
9896
29157
32672
21192
17466
20310
28445
28193
12536
22524
18114
30633
13116
994
32067
11989
25076
20037
8373
10736
30864
18923
27031
11535
8735
20406
32530
27976
32692
31608
20608
5151
28175
27401
10284
5953
20089
29591
23384
14453
22256
16702
15237
16847
11652
5336
11502
21030
21249
5143
1622
19913
8398
24529
7683
18286
24085
25754
10251
30059
12324
6552
18894
1833
27156
8595
1732
28373
32680
588
27257
29528
8055
26128
5077
7818
14414
7052
1441
23458
28112
18403
24647
23026
16479
32510
26841
2001
27712
13860
341
14808
17401
17610
30248
21073
2558
26540
17648
31980
3469
31260
16518
21172
3799
22938
13884
31298
11872
10150
30819
6192
27560
24018
29201
9169
30475
26651
10273
29727
23270
14713
19322
6389
16379
3765
16533
21631
20759
21371
16441
18670
498
23984
30089
11888
15702
29445
15681
9567
16003
19661
27197
30904
6611
3596
13115
25808
14490
24528
11745
13890
19536
10180
31490
21804
31986
3330
2077
4251
22181
16169
2598
15939
15005
13231
5513
628
22333
19833
30573
21577
27519
8873
13365
4643
22935
21688
20301
14933
19667
11972
16419
7201
30406
32299
14451
5348
10149
22872
8136
11661
17905
18653
26688
11347
26966
1730
8335
28328
7380
18461
26438
8040
3100
17635
9046
7511
8253
29182
9679
9674
20351
8608
6382
6052
9359
32214
24663
25220
16605
4448
20127
30269
24131
21184
21517
18055
5095
26001
2722
14068
25186
1562
17238
805
19234
21283
30885
30525
30476
27143
19018
3222
12390
2315
26187
16051
13301
11246
821
11382
7522
22210
20393
22931
29411
762
31511
9285
5143
25283
15306
17216
4145
28312
30245
24550
10072
28944
26924
8381
31566
1275
1094
14369
13136
14766
19008
19254
5950
20891
26006
17697
26108
20261
20974
27256
27416
17330
16102
16630
6061
5377
4111
8052
8839
11454
7737
31252
29575
18003
7666
16064
24137
20226
20297
21971
28677
3120
23256
6933
21683
31748
1
25325
6003
9265
30839
24530
16939
17168
13568
31747
8306
5874
22394
31608
10669
12212
3612
31256
22135
32404
13311
6700
25927
6210
23261
30484
21068
23867
8728
12344
1692
31826
32510
8258
654
911
23115
5259
1892
29501
9967
6354
1070
1855
22034
11060
18923
10915
19542
27736
19184
18810
15452
8171
27022
29926
2697
4428
6639
3444
7690
12424
23361
26540
17173
31624
19478
7911
626
1929
24075
2657
4667
16077
27816
2191
17376
9872
15240
5299
4973
16702
8122
23213
15376
24803
22630
15636
30166
32227
23220
389
16565
26091
5353
5947
24783
22311
27860
11232
28661
23478
32104
675
10346
31067
22442
16779
19690
2421
19150
10507
20971
19761
30620
27094
11299
4606
13081
3316
26698
31297
31844
8726
28705
15946
2526
10279
8371
31111
12685
25635
5595
22520
12483
6700
20230
14307
5882
23771
4410
5065
22531
26324
10840
18584
18784
12957
31134
3106
3822
17584
24943
10190
15047
23502
1623
19342
9318
31639
32586
3345
15116
1368
23340
26425
22371
21284
8087
19919
20577
2342
9432
10614
22384
4405
29498
20445
24524
29865
1416
19513
5420
2157
5325
3059
9636
8022
20830
17309
25290
14003
11546
8235
32280
20774
6897
6240
25745
29618
26531
29318
32167
30996
4042
21090
20829
12119
14107
25447
22953
29603
9449
29482
796
16470
27114
4118
8388
24917
4926
97
22354
17061
3757
9534
17272
3381
9265
7765
24469
1534
10420
16752
27796
25422
19994
14967
25105
3169
13442
26526
10686
30514
8393
17885
10758
6288
31824
417
25584
6772
512
32705
10309
19602
15499
29363
10229
814
14836
20480
25527
22577
6225
14837
16112
636
20432
12699
14806
14204
24056
9450
5845
19199
13873
11578
28466
326
7047
4602
31470
18267
18347
25508
4077
17829
826
17136
7255
185
4930
10313
8255
31859
8195
16253
27266
5446
30962
11192
7410
976
23044
18355
15284
16049
5672
13865
19431
11934
19221
22155
17798
26801
583
29172
23696
25347
25412
13407
25958
22397
23332
17944
22644
18667
23888
6512
14611
24146
8586
16565
25518
2180
814
24673
1828
9713
26039
4498
19822
6336
17028
18618
30594
799
17373
5272
28791
7639
4401
18791
7145
23843
12449
27733
25503
22466
8643
29494
18539
9291
5535
11386
31314
8385
26622
25436
15341
22631
15845
5213
5391
31701
27996
17905
6313
8012
4723
22904
16874
13127
30087
26735
11434
27474
9922
488
11528
1823
29409
23607
2642
12759
5434
20207
24870
27566
19197
10509
28887
12730
11194
14194
22546
22533
27427
3991
1218
18913
26644
29308
23344
9339
11472
23521
22639
24499
17550
4537
13303
31019
2612
18396
17552
21918
21602
11260
11378
19572
8882
28122
4266
4499
12350
6073
24511
29047
3939
19219
27542
4997
12997
13708
23187
13980
1939
21028
13313
7150
1293
19120
2996
5134
21827
3467
4332
25161
31519
27529
1149
27194
6565
21036
23085
23449
16506
30235
2398
20564
24995
463
20717
4321
21648
7312
29273
29394
2649
23968
10280
1450
22343
32694
23430
495
30102
26797
23856
11904
9593
22910
9616
12329
3679
23148
24617
30581
17781
14206
17974
16579
7532
8498
3214
23196
9084
17776
26827
9796
28073
29885
29099
1679
7749
10161
24247
12534
16566
30891
27426
5354
25465
26051
24563
19817
4967
28416
2407
20686
7223
25804
7056
21229
12869
31396
19011
3423
27025
29204
6193
25115
7691
29155
8532
3142
12558
23947
25741
21325
16426
16619
20619
29744
14630
9280
6126
13601
28485
23634
4268
22349
5577
10987
8884
23290
17334
17293
2514
18898
25816
2148
28371
31614
15367
4986
7145
2167
23210
24618
20561
24345
12666
10455
30514
12026
7817
19678
17865
7801
7298
21192
1219
32410
30514
23237
2282
28945
10567
5462
7940
13468
18264
4681
28408
2966
7206
31722
6707
28874
23074
4728
6474
3717
1583
31702
7393
11247
32680
15235
30155
1178
18853
26316
18547
15964
31098
26944
3962
29018
28289
28005
12705
30310
14106
15785
12010
28555
18159
12699
10490
16101
25213
31579
19138
24502
25552
26959
21342
21943
15501
28696
18493
9900
22838
4293
4739
4667
18858
28486
2987
31742
21227
11555
15729
15319
20004
23662
22767
18564
30955
7926
10502
28787
6851
17853
1023
5335
9189
1196
114
6907
10560
3718
29031
2006
25022
11547
28092
31201
2249
10686
26311
29989
18958
6648
4667
13720
6784
25726
11088
31657
8864
4705
20254
1818
7676
16517
30794
13326
21494
17748
24037
28259
3527
24243
14737
28481
11716
31797
14566
30963
19423
31119
7700
1270
31600
23885
21449
6224
7734
28611
30805
12835
26776
15941
9228
2178
31537
24219
28395
1923
13708
1711
31103
18070
9772
19593
32003
26645
15312
8829
9929
5916
7157
25507
17115
6042
17051
1160
31201
7336
20300
15395
9797
22810
9051
14603
1174
32340
13674
14055
17194
7520
15918
2085
13576
7741
8823
26607
11268
16761
15978
10330
15916
24578
30225
4321
31331
23865
12055
275
20556
32584
6092
11144
12138
8629
24431
32025
8581
30264
17325
1104
25679
18378
5989
27934
17991
29695
9902
25804
19166
3733
7195
31284
23000
25421
19262
20017
32246
18937
1130
10324
30418
215
21949
17369
8714
285
23902
26841
32672
469
4356
9665
21921
7403
7864
15618
14085
19077
19163
6922
29143
9874
28522
26740
10390
13478
129
3195
6874
5637
14878
13237
24890
26110
23336
12030
8302
12410
4528
16049
30641
14036
31862
7711
11881
30443
26031
25401
25866
10358
6917
1680
19768
9368
1760
10112
11564
27573
28388
24743
12888
15747
31675
16540
22350
30564
28180
15070
24798
11507
9451
9483
13950
11996
22795
5203
6640
29682
12754
12075
542
6267
5941
18246
7497
26574
25859
20417
15970
9249
25454
926
14776
156
10439
20595
29908
434
18569
22883
11681
14256
29593
9806
15569
1942
28108
21317
22395
30247
31914
21569
5129
10556
13170
8468
13905
4957
16478
23967
1794
32146
7975
21062
14914
25463
21708
18593
10645
21903
6288
8308
25857
21978
3649
12514
24432
25258
30144
18909
14933
9138
29630
27105
29842
28000
22468
31714
154
3693
886
12675
1490
7090
22296
19848
20798
11837
18257
29326
14681
18340
47
18937
31044
20633
14700
5935
18211
26047
8176
2820
10693
26300
30870
27508
20867
31632
24627
25496
30826
1061
19669
4051
3484
9766
13384
6733
12275
27925
31711
31650
15336
12440
5488
13275
28851
13588
28065
3997
28852
14973
3938
19872
8466
28013
8379
14435
11426
28275
7368
2078
11786
25517
28418
8441
17702
18585
21439
379
7082
28712
8701
30021
7433
27924
25179
24576
26006
21620
22376
13460
11497
3726
23328
27802
12165
10732
13748
5141
23480
25778
20874
15708
17858
24622
28805
29019
10041
12977
18054
28667
28075
19357
7475
21727
7302
24000
25847
29777
1589
17376
22345
1148
8332
5015
3634
26331
30822
21090
13577
9713
2188
244
13954
31547
30681
28880
3047
29027
668
6166
4516
30390
4926
22429
1289
29656
20005
26435
3916
15030
5335
23681
461
25021
17507
32579
10142
24394
13053
24822
20547
31073
12520
27106
30646
23969
4249
20666
12207
30071
31257
12401
11809
19091
3499
12368
9480
3992
6575
29254
18274
8472
26566
15231
8059
4799
25911
2871
6766
7374
10897
5073
27881
32203
9874
18979
13616
9335
28744
32533
32357
13825
1142
14186
2310
17529
29241
13789
31927
18823
15083
27504
26434
14685
26952
16897
11484
16874
9167
29982
19882
2641
15979
27930
9347
1689
3923
20576
760
13222
2863
16136
20113
20328
27772
27816
858
24914
27185
3181
16286
9998
16803
17258
15603
14703
6054
5423
23158
32167
29941
32414
7256
14010
25044
13050
17562
19250
25843
12097
26900
4885
27030
6076
10940
16916
20723
5076
29221
16901
13019
7207
21830
4499
4509
28379
2685
31540
1320
7730
3284
14428
8559
27999
21890
21745
7186
28569
20149
26366
30010
7533
25486
28331
10180
21592
20845
29293
9379
29845
7792
11130
7551
4404
22838
22144
25250
26220
1513
31894
22549
2610
23675
18547
17926
2826
15407
15325
2157
28958
30812
22885
25072
21901
25198
5714
30211
1029
13613
10459
11859
23188
17730
1689
3941
23483
6902
10043
16506
9925
22846
24444
19127
19030
5621
26706
21378
9543
1896
26216
22063
18865
11031
1487
8412
5704
18874
32241
6297
31211
31875
4550
2253
5497
6051
24650
469
12261
7695
6446
2797
12429
8836
27085
11092
5063
14792
13923
3755
3517
25140
29561
18590
20348
1135
13220
31687
8775
29052
15727
26575
19761
503
15766
8919
30955
15003
26997
534
1498
6664
9663
30147
2156
29635
1395
23605
24493
31871
13580
4169
6677
27547
9721
14084
7332
21995
3660
4217
16434
9659
4278
20461
22784
21521
8371
16186
23698
18227
30466
12657
6593
31337
10840
2243
14092
21252
16469
21410
27439
18079
19127
17699
9207
13989
25806
3239
3924
9492
9520
20666
15024
9856
22445
20795
15487
13658
4997
29886
7191
19058
473
17710
27586
24251
26720
8119
18706
14926
19547
7138
14197
13490
16843
28162
2313
19035
15073
18640
18866
11120
27574
594
24681
10194
5692
1
23255
7257
21109
11818
5922
17761
9954
1685
16391
6789
1343
27237
20265
6058
32621
21311
2472
5952
18608
8110
10998
8644
22298
32454
12774
22153
14663
16136
1030
20921
29771
1158
23343
13206
32233
10824
12634
11526
9990
21229
7861
13647
2652
27797
24055
19743
21363
11263
27376
29391
29133
17135
28516
11240
3169
21971
29209
18407
18764
29861
31791
16445
15810
6931
10416
22938
6730
31710
21096
27243
26411
7040
21495
27298
25889
32273
3620
12469
26197
27755
10356
32745
13196
5261
16380
19408
20895
2365
30835
21776
15147
25842
9099
871
25225
5104
29313
8428
4097
2485
26099
23192
28730
26004
28659
10756
26357
19104
31833
3188
31227
28363
21341
11029
26708
9551
2661
22659
16826
26701
30491
1934
4686
9652
22723
7998
30345
21349
11212
20501
11124
3733
23460
20115
28444
19058
18129
5888
17728
21001
18750
7781
29774
8551
16594
5340
20110
23038
16455
7433
7068
22091
25658
7401
13851
8374
32382
3018
12712
20922
2998
24987
7437
6469
10019
2918
13495
30562
28858
2331
6507
26645
6522
6287
24372
1670
2556
4548
2208
27490
22348
22635
16939
19071
31223
1703
29180
5055
31589
13588
28623
6966
3433
1032
31027
3215
16407
18969
13813
11691
18902
3039
24796
13452
5558
8443
26774
13426
3075
10839
7411
26179
18714
15792
15441
20528
13947
27218
30040
4246
14880
31523
12519
20514
28685
6627
14413
7993
8745
14258
3005
17047
29260
24275
31996
13110
27289
20911
25181
21873
26638
6941
30191
11113
4953
29664
13557
1704
23533
8561
21398
32004
10582
12800
6358
9414
14025
14773
14021
23564
19712
30011
29430
8044
20037
30079
13107
13274
18636
14517
17007
10188
837
21661
25084
28572
14258
5636
31487
8493
28790
14733
1056
4817
15279
8625
28550
24938
10438
11781
13570
8656
17477
6075
19594
16755
1512
30572
11498
23106
25846
22549
8886
32203
1745
31583
4995
15267
15308
13091
342
26376
15934
29741
25181
24517
26581
1600
8413
25174
20780
30043
22380
9037
3999
10299
7520
14836
1374
16417
30599
7732
30656
9685
16665
15797
24538
26603
8426
27719
10577
20037
24292
13185
21356
18137
11701
17831
10349
4020
15557
6097
32546
16959
9835
26442
15031
9154
3680
11831
31950
24358
1140
19321
15825
3071
32639
25044
16263
9930
1179
12880
3558
24178
20112
30175
553
23322
2448
31297
31778
25110
30501
1573
17872
31546
3687
18577
21812
31576
27762
22403
24673
6148
10519
473
30675
26778
25554
30830
6913
30851
7420
4742
31541
20147
12098
12652
24732
3702
32086
1881
26009
5485
10212
17816
31839
15059
24520
30184
29375
5125
10366
802
26686
25154
7898
13595
27243
3503
6137
9164
11120
20894
11383
26032
1766
32271
994
32110
18670
29303
29807
19128
27517
13761
19180
627
15863
20371
20214
29208
11008
18130
22380
4698
4239
26984
804
11529
24131
16709
27100
6710
28155
23203
22899
22680
19105
16271
29529
1326
22854
19621
15940
30246
6260
17179
36
31998
27071
15361
29786
5097
6558
24774
12836
31348
6521
3327
22364
1385
8195
15716
19299
9715
9162
28699
11864
27652
25613
23098
18573
2036
29645
5767
3643
3947
31526
12674
2932
2432
8928
13989
19546
1570
24130
8938
5519
17591
1830
24718
236
11780
83
12308
21110
9549
20998
8846
6541
29885
29906
2328
29287
22792
16042
32165
31677
28750
9789
26878
21700
4163
20610
10759
14175
18317
7315
16964
659
3693
8638
11165
18747
27298
21465
15198
14589
2698
16855
13954
28028
7051
8857
31537
975
24497
9222
25479
563
18072
12382
17815
26620
3469
7627
13488
31186
10992
31802
26591
7705
2268
30056
27060
23985
21259
29504
30025
23776
23539
100
9345
24716
23861
5898
21390
13230
5944
21001
23990
259
5137
13363
5974
29957
4519
31206
10535
15385
22292
10462
12480
12554
31054
21069
19036
20406
21254
15150
26590
16391
13264
24278
6418
3365
2693
32716
10550
23786
3813
15066
13753
15255
11905
20580
8770
20421
16601
6137
3572
2718
18113
21032
11761
10316
14601
19605
12572
5298
10844
3148
4388
2138
16489
29268
29886
29103
18497
3720
1841
32365
27136
5282
26904
22869
16304
10137
7779
28709
21354
28461
7584
21959
18622
11199
25721
5321
13654
15463
13693
1549
27861
19265
25379
32706
17413
5127
19467
28818
3890
30949
27784
15133
24529
22920
10588
26023
17766
24697
14274
29197
5540
15017
18098
29182
32725
27981
19808
11111
28540
15851
8966
24879
569
24757
17379
5157
5358
24855
26499
20535
11296
30860
19522
23012
15264
18357
23564
20468
4458
9644
3686
5478
26573
31126
11186
6058
25292
21111
21934
17680
31941
12619
31039
18305
9808
14674
3437
22381
7530
15019
17326
15108
16339
19236
3431
17833
23732
24913
6832
27555
18821
9691
13912
15894
15918
28443
9000
25394
15468
6887
24172
24235
1655
15020
27568
15977
26850
17853
3528
32640
23490
17899
4371
16226
16146
12886
2816
3412
13910
27779
13008
28702
26495
5038
14238
29703
8463
8801
14237
21760
11133
2629
15522
6432
18907
16953
25058
12112
11702
31393
1788
26184
25150
27648
13370
20410
29350
29642
5139
25548
20430
29555
9717
30924
14624
9676
3650
25375
11448
24207
10137
20859
8903
26680
14678
14679
6201
29719
30556
26527
11413
20644
12050
2475
22309
23058
17835
17010
30552
22823
27563
8187
17508
17482
10662
1301
24623
5854
10827
23368
4464
13006
26018
8459
26897
105
4498
10295
22233
16497
31654
6332
28999
17518
12305
2963
29889
328
4591
20980
15854
12309
18637
15560
17248
28976
10092
30817
21110
9611
28610
20585
4992
29254
6210
28696
6437
8832
30301
29354
32514
23405
29257
22545
23444
22184
10241
12775
2392
5835
6541
7334
2864
19006
22147
22811
4105
20556
15566
6680
22971
5244
13998
23146
2864
13342
6656
20234
8649
8740
3264
18840
7677
15667
4812
7940
8004
3066
10474
26255
30515
5059
4365
9458
30696
32071
13268
14300
424
31687
15188
5538
5063
10840
19223
13618
25800
21375
31076
12874
17862
22269
28097
487
21779
8684
18615
19199
17438
27915
14549
14194
13466
13655
24824
20799
28892
8923
29641
16371
901
20936
10374
31336
29282
12744
27910
16555
8336
28560
30967
29246
7140
7348
9835
5248
22921
2496
13203
7529
9707
1668
20937
22138
19412
31919
9684
27636
14037
6304
7528
31817
5352
29816
15853
15312
15187
31092
20609
188
21200
27514
3904
19279
3818
21233
14275
7755
29866
14550
9958
15274
29811
26892
25039
6542
23339
12020
12332
9083
24219
16446
11195
7108
18713
18943
26896
12611
2148
21507
7571
7501
9167
28260
26312
24037
23970
23899
5843
24624
957
14167
10811
12074
13182
10572
19182
31382
5349
21838
1157
2619
20726
32606
3530
29005
18271
31876
19319
5674
18267
6174
28737
25159
20438
25463
24085
11881
6866
9115
11426
16152
30729
20842
30999
25936
15060
24556
25390
6011
16203
15588
23401
5788
19118
16296
9883
29645
19204
31279
15019
2539
14849
8300
22677
16272
10029
31194
1969
9537
11587
4441
22072
17385
22231
5944
772
12166
13884
10643
29847
12835
13477
30431
8543
8966
23690
28355
19769
15914
9038
29993
16435
4080
30238
19350
23190
18705
3612
9398
10788
3799
20413
5692
25758
7053
14703
23785
27529
17204
9600
9961
15666
12407
25403
22630
30448
28129
27476
32344
19625
3918
13190
25498
6551
3999
25978
31811
28236
14002
31979
6963
16372
7058
4360
9708
7387
5866
19737
15012
2607
14784
23654
31896
28422
7263
19796
31394
12450
6549
12242
25614
25588
18975
29427
32682
14432
21602
17884
6428
32704
25692
32737
22648
30635
24537
21483
14354
14327
10986
21277
3217
27260
4243
695
21317
12315
9156
2362
15035
22272
11402
14029
6542
17955
30087
27871
18303
16917
3488
10510
3272
28409
20981
14151
7086
13264
21526
20271
18518
25339
28788
8386
29401
19450
10517
5178
22426
6778
6284
16691
14808
9871
4393
24844
7295
6718
15469
16528
32068
4158
20160
29910
17904
4095
9062
22373
26620
2796
21680
3484
22111
16110
9327
8018
20900
8753
18606
24761
14911
15402
28833
13192
23841
4057
5592
25433
28298
31563
28088
8527
10015
12388
3884
25341
14140
10971
8344
10371
1163
18310
8719
28154
26070
24792
10181
19475
20761
5288
6343
3066
12252
5939
17897
12929
19903
14181
27904
18042
5463
30804
31826
22116
3896
25614
10827
331
22355
31636
13682
1769
31875
26662
24731
8977
32354
20929
32605
14414
23905
32487
9926
3527
28952
8606
22094
9317
30938
30139
11530
26424
6797
5216
32546
15127
17336
8388
24453
12679
8414
12850
29147
25311
7947
8021
6332
13225
11180
3762
21535
2378
9891
28790
25621
12774
15003
17778
951
894
3993
22372
20572
30299
3028
18040
12560
16048
5831
4110
21058
10619
4740
29374
2493
16556
32587
21401
14042
31369
32091
2226
29427
30801
8456
11486
9754
6175
19726
24759
21515
24082
1829
7399
13664
30891
31446
31139
28932
25718
7820
3957
2538
29421
12014
21823
21759
14489
29804
8061
2909
9850
1816
9418
19649
21161
1208
11174
9791
13372
27929
17782
28980
22122
6310
15052
7805
18160
32056
3305
16870
17330
13616
12416
29157
27558
31940
26045
20361
30446
6550
20870
19117
14916
24715
15361
30321
31131
19930
6230
491
19971
25443
14774
10521
8910
16707
22940
12826
3569
11429
21330
19102
1965
30938
14520
22940
17774
1709
9281
6467
15347
19952
27710
3378
3247
9563
7007
10475
25199
15511
21110
14981
318
31893
30591
28066
3461
16932
21982
31393
20087
9923
5095
22037
28588
19379
8611
29813
1548
23377
1233
30229
23535
13475
9772
20308
18563
30001
1004
16663
5741
21782
28047
13687
15795
2390
11481
21687
29913
8306
16410
26233
23882
3386
2479
21297
20218
21475
6347
23001
1866
3417
28536
19943
16172
13526
27096
29052
27783
29620
10929
16350
13021
24448
12584
15400
18219
24143
31693
6208
19216
9557
23768
18442
25394
1459
25522
21723
3294
31633
32696
1329
30446
13165
16443
11425
25072
31154
21963
14352
19332
18573
14517
18982
26886
26620
6346
31744
13677
21544
31330
5669
5747
24052
9377
21948
23799
14806
17657
4604
9375
28902
27632
21987
22209
26676
18212
16939
21636
29279
15500
19322
3138
8035
19200
10457
32305
16051
21500
1639
29763
18312
12961
20558
29002
7032
17404
10743
7008
22346
17547
25978
9606
9737
9981
3929
31883
19031
18490
25197
15152
20996
9379
14368
10633
10207
29339
18653
19366
30668
17990
20677
17267
6423
8848
27812
2525
29448
7026
17187
17206
4024
28017
20031
13019
20770
11879
22777
4628
31869
31621
1359
20027
4042
18585
28268
29217
5545
13453
15132
16045
27504
1840
13442
14022
11646
15418
13581
8819
15821
16266
936
19777
6343
16049
28465
998
27739
13236
15917
5411
9551
3342
18106
23023
26328
5877
17092
2257
8296
2526
13436
22670
13767
25155
28422
13828
28005
26020
6002
4438
6383
30924
12782
1609
11296
11093
3898
25582
13786
7278
11868
22402
28533
7388
26260
16018
22103
12863
28050
25698
964
24471
3559
11920
14072
22278
8634
31989
17779
30936
9660
16588
26005
17344
30814
3862
1898
6756
6465
12861
12231
540
31981
32503
2454
16119
18631
28781
8558
28928
2877
20381
32615
5823
17476
27132
4908
6402
20996
7008
9809
17373
5585
12062
18663
20719
25950
23663
27726
26343
7213
25113
8267
12871
24906
1355
9818
31592
30009
30664
20294
23998
7213
26951
22262
1118
30843
18458
12938
4029
26957
29967
1191
2235
16795
28308
11278
1248
27479
14110
8308
24549
19176
31435
4494
11894
30426
14406
31851
20022
6100
28907
11014
14084
1226
9259
21020
29053
28531
6706
16699
22209
13566
16840
22812
32122
9985
9589
15410
30747
24754
15337
28035
18534
31833
6042
20919
11313
15621
14767
18030
10089
126
3101
17367
28503
3452
18192
15487
6946
4630
17804
12134
15766
26237
3412
8280
19491
26602
3595
27258
30505
32725
23449
8484
22387
11112
26576
29422
5377
5939
32592
17166
27402
8993
3495
27873
11585
25259
27837
26055
12888
27979
17264
12596
18370
4916
14203
23300
4798
19008
30364
27663
657
26410
23286
3326
14354
30461
11956
19293
1644
19660
21231
13553
28960
6052
19921
15691
19273
5311
1019
8605
23588
12794
8485
16077
11471
13449
29700
3528
25425
14314
16753
14873
20187
6423
21191
1722
2382
8704
17293
29993
20988
2360
21077
25279
1459
6639
14563
4158
22520
6176
20370
18345
12688
13579
32756
5208
22597
10214
19129
16715
17382
16080
25810
4543
17552
31750
12246
26623
24108
4953
4516
20093
32057
23520
28490
5921
26828
2538
20261
1249
5588
17718
26186
13202
16291
28519
5413
12797
27050
11954
5984
566
11908
4314
27398
29737
55
23134
13033
3702
15798
22001
6209
31103
16810
14378
28565
8382
20081
27517
9439
32349
31591
22634
13035
17664
1893
32244
10752
23526
13448
28245
2498
24880
4404
1008
29271
9856
21080
25223
28873
23494
8947
6318
27307
23639
3287
30079
27904
21056
24237
26256
25176
9177
13113
29218
29756
24477
32223
8603
7116
6712
16486
28727
9639
29410
19965
4602
11531
12780
16251
9961
21054
13720
31979
11897
12332
8494
72
20296
21841
588
13701
18187
17369
24702
7120
5831
15622
27406
3096
16197
23507
14622
18637
8640
17111
20467
15079
22752
24939
25492
41
7660
5135
1428
11943
3643
9226
13868
29062
25835
27217
2957
25347
31958
6570
25459
18358
11970
29713
21246
3864
24536
28507
18622
15684
21592
3353
5388
8698
6794
27071
19617
233
8696
18182
14689
3886
21210
5518
19832
27160
14802
16840
19624
27438
7129
18451
8161
32115
1657
21541
1811
22504
12350
28589
7488
16723
15719
1078
25301
16703
15584
13391
16954
25156
29045
20457
17064
27016
15168
26624
23867
10118
13667
17790
10312
17934
23549
18268
19696
14221
20054
27658
31477
11151
349
2577
20173
11394
30293
31735
24053
19133
18891
17250
23944
30913
11979
26497
5904
31934
10835
4776
8092
7001
8968
13114
1299
24492
6440
9164
26055
9358
6848
7815
9805
17173
18463
32718
14733
2650
31882
7201
12053
25724
28465
11586
31667
19688
24674
6806
12354
31703
9981
8397
4804
27416
12840
7366
19889
6159
21315
32172
10639
9982
25631
8806
1219
19331
7530
9774
32167
6754
12654
24703
732
10373
32508
7221
15842
6977
28834
18928
3045
3547
23588
12729
30938
28747
30250
26600
28875
17215
11831
2372
7023
21859
1754
621
5630
26080
15912
26231
32579
20514
23145
6360
2547
9439
28434
20100
2365
21589
11764
10838
11170
19923
6322
30898
22535
14458
26232
20073
24841
10565
29162
3804
656
31303
17243
7525
23975
10036
2880
15858
26251
21283
8420
26867
30977
23442
22877
5751
1773
7339
19134
17553
5409
19142
20366
15617
31347
1326
24185
24080
5394
1576
2630
27324
27162
5169
15881
9749
25445
6280
2458
15847
8101
32492
4677
18585
2223
17063
31683
23125
9242
19659
23913
30058
21001
1980
6048
23022
28229
19438
7573
30887
1935
2544
1842
3372
8500
21930
32588
9031
13025
14051
25118
2974
23225
25350
8182
914
30117
17445
14382
5224
4587
28990
24670
28070
28675
31677
11216
16064
1446
13891
18228
21492
14119
22694
7317
31347
15110
9529
29580
28609
23491
29517
25012
24670
3056
17143
8029
14758
138
15892
5253
21238
17801
19083
12804
12816
182
4562
27398
28353
22205
8628
25278
31169
9859
2641
8793
19162
3769
7526
27441
14924
29106
13006
31044
2417
27505
5705
18916
24221
28167
637
15024
14408
30748
19770
5314
7023
6603
10498
22570
311
15283
8137
23451
18388
23626
11001
5221
10921
14197
3257
6819
1456
3158
20079
15798
26653
30053
2179
15602
14910
1731
22375
30870
31398
9931
8660
12034
22154
21737
5206
6692
8555
21167
30218
308
28661
25381
15014
4769
23080
5217
30139
6731
10421
18264
4919
26610
29099
27124
31022
31214
26706
5991
30426
16417
25687
4798
9440
2859
25642
20409
6868
31708
3749
32218
7680
1775
30702
18876
11617
24821
11678
18598
3827
26255
20003
16992
16943
21728
12131
19781
31697
26178
22689
28826
3806
10040
21413
16670
26342
6053
6423
11234
30598
27707
7213
25435
17714
1077
14726
8886
27441
26441
3413
15211
17129
24536
29889
8469
4189
1385
16012
26497
22516
19285
20211
26373
16764
26563
15062
31507
11374
9943
7705
3853
22900
32295
12618
27995
19752
29807
25220
1212
20511
12677
30099
6105
12326
19087
28504
2848
9931
7795
20591
17615
2336
22159
25360
21327
9403
24491
8243
19908
28161
28459
28664
8930
25509
26761
18757
18946
19307
14083
29873
2677
11314
28561
30369
19736
10545
20250
25776
11304
8833
26855
10837
13656
16091
6488
192
4641
17060
4310
7684
2650
22566
2824
24443
5384
11553
1610
29542
27511
2434
3931
17877
21130
17266
30037
13511
3663
13458
31203
20369
13270
5253
20910
9604
19780
23728
2328
26570
1059
6461
8493
25233
17916
19302
30934
4460
5928
16624
22096
21237
2019
1269
9437
32696
32674
19943
15034
26700
21159
3282
15184
32451
21970
481
27054
12101
25786
31268
32567
11255
3580
6800
23192
12321
22995
23624
6910
32401
24297
7707
31621
7994
6509
28493
755
8225
14438
30618
23462
23930
21831
8312
26571
5389
18883
25501
26065
18655
6114
25281
14621
13583
6229
11429
11008
23806
25351
21332
14310
29618
9716
14248
15568
9085
24126
11793
6404
30937
10109
24722
6146
29847
5463
4620
14267
2361
19282
9919
7934
1948
18149
5646
22579
16090
4053
10626
9291
21358
17087
11538
31223
4505
10736
29858
1304
16133
22653
23241
14967
12201
31633
7383
21431
8684
22017
14359
18312
9741
6694
11345
4637
5314
5611
18323
25055
22815
25893
24369
31843
4538
7715
6667
28569
19725
11398
12302
25415
25883
20051
17150
7862
15959
26439
13426
5804
28097
7787
7456
6041
2642
31208
18778
24597
11674
27931
24281
16266
26536
3308
4026
3374
10794
24156
32454
2869
28373
29534
14582
2628
7431
18920
26678
24872
29355
8521
9066
3272
29790
14781
32687
3160
10447
12863
18147
19920
9068
30878
30567
16029
8763
32723
28963
21654
17157
12434
29643
9009
5050
18463
21089
20727
529
6499
32764
309
28271
25663
22983
1525
26122
14112
21068
28204
18510
3796
25075
17461
23424
10396
24773
4222
5281
14978
11638
29826
5781
1516
17827
29175
11396
30834
13144
12872
17281
20205
29653
25157
10089
28368
15250
30234
1806
27068
15232
27005
917
24398
19346
20524
20253
12604
7804
19095
7842
15776
25275
13017
29472
5011
29909
5613
32251
22014
1762
19743
9374
16557
24907
19392
26466
933
8402
29982
12210
26808
5586
3764
18798
30550
10440
8861
2956
2726
26643
26191
29701
3541
8952
31109
15087
21167
13801
4477
8422
13932
27655
25700
31921
2252
6629
26895
19491
26982
21903
16107
19518
3900
28619
21047
23711
11924
4766
4208
12822
28931
10514
16653
7316
13259
29751
22125
25674
103
29032
19214
527
29539
30159
24319
14082
1393
9004
18840
18289
27322
6609
13160
23802
31858
3057
3183
21488
24751
5659
4749
30721
25723
258
7227
29717
15399
20607
31609
31096
7651
17369
3335
25148
27276
11075
18392
21209
22725
13990
24772
7959
22089
8609
22141
30254
4992
24783
31172
6699
27984
13384
17885
9877
10549
17258
7488
10833
14228
9689
16017
6339
28748
32196
1490
22070
32143
1898
19928
25470
26864
16861
1531
27867
32444
5382
20498
16417
31630
6378
15007
28182
14366
25131
27462
6940
18266
30674
19844
17168
15032
22091
6557
29809
202
9137
18390
18117
4627
31053
17381
4152
24601
26201
29862
7815
15035
4105
27663
30492
8133
4812
21350
25211
10434
2255
26545
18140
2833
22978
6767
5657
24123
14304
10885
21195
7300
28201
18811
28848
4544
25586
8424
5201
11368
31136
19499
30177
25837
8881
6748
27495
12108
24828
11395
24096
10979
1337
17415
12062
1155
22723
21865
20278
16070
5277
13105
3609
21667
18867
25897
25793
27199
7779
32714
16143
6
1340
4084
2226
23547
20742
28386
330
7500
18946
4700
7117
11818
10355
11566
27946
2007
6236
13274
28205
32001
10892
6538
5283
32334
22232
22856
1982
3384
29608
8049
29627
20763
18101
10087
16577
652
4880
8583
12557
8429
18535
13659
10828
9790
14212
29712
11848
11574
28694
20266
18119
15763
11188
26486
26800
12974
27167
18496
4720
28754
8903
25287
10652
22990
12177
24046
23512
16201
21720
3636
1783
13654
2738
10726
27748
2761
27508
3476
13248
20680
27512
9409
204
10533
15901
19166
8330
20203
3088
14458
4511
3382
24266
20659
27644
6216
25946
25328
27581
31962
30309
13522
9041
6576
29547
26727
6364
22384
29003
4769
21209
4788
18954
5639
6148
27742
31696
5547
26231
29740
31027
5212
26131
24972
20152
5148
23073
20145
16791
18901
22073
10726
19391
14663
14947
20770
6426
19781
14973
3037
27154
16417
29917
22307
32596
26725
23607
14311
29396
15811
30912
1945
8721
10831
17555
28411
3482
31724
10068
816
20945
2564
21780
14613
7407
25469
5237
8917
17992
6376
12303
11192
27345
30459
5906
17980
13023
17729
28972
16487
9521
23824
10669
12891
11057
11452
13801
15147
10871
31498
6877
32749
22415
32487
30230
8465
9724
8026
3535
6641
31100
28600
11354
16040
31886
15383
19137
19496
16434
14852
20140
16007
2288
12665
24453
24986
27931
12809
5851
20421
10327
10334
4100
21265
18521
26597
6919
23679
5870
31944
5817
1437
25919
23069
13861
20566
7251
14429
13617
6414
14037
14359
16511
28399
2072
7397
5266
18045
29784
13472
6194
14961
32323
16080
30225
20164
19895
26726
31150
27146
5070
12206
13178
30977
28696
17535
10298
28778
15143
14517
4012
8471
23121
5344
26221
4678
177
9534
22298
22061
367
4839
16053
3286
5953
7496
20555
2349
17714
2002
7124
19544
13475
4083
31835
19270
13455
32582
12639
12939
15891
11783
10104
7275
8749
2505
13374
27956
17604
29803
18790
18898
2280
3912
25390
23709
21084
18094
13820
23669
16465
12690
24385
2577
1397
6529
7588
6036
300
16090
21597
11873
32285
11579
24030
1841
14833
13369
29113
18531
6743
22612
8638
7827
13132
20521
12899
17261
665
25066
21098
26307
1181
13580
30141
11742
1612
27711
22429
15634
22648
7075
26619
32661
18512
28473
10278
8594
294
5528
15015
28792
15221
17121
10857
5528
23842
24564
11550
24303
28418
14820
25821
2624
2973
17833
25872
18023
11057
19477
32397
24297
28922
4618
5891
17871
23985
20713
3992
28597
2899
4941
32464
13854
22051
18938
16817
13322
5874
11536
10277
20683
21150
15749
16543
27924
729
31441
1793
26195
23595
8427
31422
25664
13626
629
24635
9398
29514
21299
12668
14787
8192
30402
508
28155
3179
10119
23004
17169
9541
2533
19520
16040
23669
32691
19703
31078
19417
20461
2394
9290
30019
30377
18550
30784
17345
12621
5741
17395
12834
6912
16153
3043
15029
27998
23539
28855
29780
14704
31027
20436
161
11483
5689
21038
12176
14167
1324
23902
31782
9315
28129
6902
18048
32056
30718
2577
28438
18171
24671
20270
14145
28982
32184
13886
2811
2185
30844
6907
6118
413
14846
11132
21905
12378
22231
14598
25334
16218
30855
2854
23879
15261
2655
26876
5098
2174
11678
19674
15810
20453
14554
30222
5040
17087
18081
19707
29785
15787
5985
19823
29994
9718
19077
27440
1178
4810
13025
9432
431
5794
19024
14563
27844
15617
2203
12551
5513
4196
8605
14276
27211
15477
28325
27707
19574
8321
1820
10307
3672
26156
19560
27834
32295
28772
27919
26649
8774
13971
8992
19275
2756
24601
12751
24768
23590
13305
26207
6589
30566
12498
8261
1526
25403
24850
9354
26974
23195
16230
16497
25662
9342
16245
32602
24964
6374
20173
30694
16222
30492
25117
29788
26120
28988
25254
31307
16611
4339
4076
30065
19910
22920
10673
2524
13976
19225
30243
20815
10527
11048
30805
2023
24851
13910
27372
27646
6263
8045
21275
21840
21033
32676
16337
18268
12983
7199
2352
782
23412
9398
9282
23450
31691
20471
24295
21163
3284
30830
6162
16317
27429
7972
18485
1735
17131
30565
28154
8734
569
24518
13108
918
17823
27751
24085
4330
29439
26230
25249
16222
30364
25844
10338
4770
22132
25276
22622
762
4048
30145
18246
3740
29465
2967
20464
31321
29165
20277
12807
1408
4978
7161
18690
5376
746
8684
12114
6604
27784
8008
8672
13956
7298
21303
14262
26705
5224
3550
16892
14097
2740
410
26663
12468
2210
14729
21613
13285
6722
22861
1148
19949
17611
2572
4715
12245
14130
14523
2545
32459
26875
2461
7637
968
6992
9478
20901
32367
28752
16741
27563
7991
3241
3713
17181
27852
30569
26115
16020
6323
11281
25909
5823
1837
4843
21513
12633
3679
21406
32093
10328
12463
13824
23677
20840
22129
1323
17386
22935
19139
10451
24922
18770
32693
26839
17151
1168
23982
3861
16908
6989
8715
23427
30326
32314
4360
32380
6135
27571
32484
3415
28761
10481
29760
9534
17137
23425
29129
12349
19818
5876
5910
154
17860
29401
12499
13925
31131
15592
29216
9039
29357
7040
23860
8384
17559
13396
8006
3107
26591
11105
25517
23941
17975
3619
25158
3166
23552
32520
11542
13998
4878
13605
304
15948
15019
9255
7897
20603
16606
24717
27883
3007
4333
5141
27511
14319
15136
5748
14766
17546
18888
32330
13058
334
26496
15957
26504
17671
15027
8933
29601
30374
6750
17296
31449
11410
23
15654
18959
22083
23375
18408
25815
9228
10708
32244
540
8504
31129
26116
15370
13401
14266
5720
30506
31197
28859
1009
17615
11490
26129
20992
17586
4684
7395
13726
18905
6676
18961
16829
18109
10978
16246
12127
17579
19423
15978
30214
27243
8388
21387
18539
22048
27704
8126
18802
20079
3160
12912
3422
3811
9623
22818
15169
13200
28616
2084
25271
2039
22905
16544
22996
15658
30083
6107
14171
19249
26335
17336
15665
427
16059
20606
18193
3000
205
25562
4480
27415
16872
12584
27908
11916
5325
750
12689
26501
14659
32169
1604
8956
16746
32717
20820
27039
8524
17159
25669
2863
23733
8901
14430
14630
18245
11256
20318
13468
2755
23064
3179
4971
26548
9577
6475
24722
25644
18046
11222
7127
23781
21243
16299
23729
11406
6047
6179
7268
23909
21377
7811
27502
6408
14489
28790
5666
19080
21891
12986
31891
9920
19584
31769
8627
3813
31678
27803
13756
350
31449
17658
8143
3285
4513
4694
19163
31118
3102
16938
14785
7415
4049
12927
9910
2945
22077
4703
12776
7343
28838
9869
25444
30060
31001
18035
1079
3234
21676
9564
4819
24072
27399
15331
22197
16188
30499
26027
22341
2833
21842
1873
14846
5930
29312
20639
19406
10184
16568
28419
14784
21984
21738
17471
15576
7025
4587
30049
15678
31252
1213
26102
12448
28629
22033
29563
14289
11841
29962
1300
16310
18368
24388
17281
10594
18213
10773
3405
15744
25988
12562
31560
28401
21059
3541
2360
12471
16756
15614
14028
25362
13410
5240
13521
7144
12394
28414
29352
20074
22541
12509
8184
5621
6723
2555
30368
10294
27665
6424
24816
12946
16477
21588
20504
9925
12802
23281
22240
15049
5152
5211
23706
8185
23733
16485
31829
13686
7538
23766
25684
14794
32455
1060
18879
16331
28993
10623
17559
27330
2325
22033
10223
13773
14333
19333
10842
19074
22850
12230
29344
10965
17434
9737
23733
12860
22581
30989
2795
12817
14483
15009
5990
11575
10392
31848
31184
30464
16226
1497
30031
14670
25946
11145
8884
9721
20489
11181
27382
22385
28718
13274
1502
9381
1549
29712
20739
27683
20489
25335
4857
6784
1909
5992
32454
28666
8104
23343
2965
18780
31567
23312
29871
28706
3080
6152
30118
13790
4140
32212
5843
24282
25323
17080
7683
8191
4767
29817
30574
13301
12634
22187
10985
19340
5057
30259
12636
23899
29214
5636
15989
6311
8112
22828
21150
32646
19526
19988
10541
27715
1036
16131
22235
1541
24996
27621
11384
26796
9848
4427
12765
1020
11599
24754
19745
30205
27423
19976
27152
25761
29218
22124
13784
6824
11052
9270
17158
27585
14652
13367
10673
9202
15185
24642
30709
1593
24703
29418
1700
7796
577
10382
1591
27262
14609
16787
22539
7835
7990
2545
1994
2326
13790
31217
31014
22824
8300
21557
7630
19740
10771
25848
18330
2993
18852
18071
27401
11456
6052
20304
26094
13598
27298
3146
7782
2500
3527
28118
3597
7725
17839
2293
3442
25088
6007
4634
29640
12783
1560
30001
24286
20447
14835
11999
14161
9801
18093
19212
17664
23264
828
11423
26560
29812
10306
648
18513
6166
10394
3588
5521
8573
30769
7708
8688
6824
13592
25711
29988
22213
26327
1842
9758
13394
18435
5237
4412
19074
19987
15016
16064
1506
25455
27229
3457
30780
1994
17744
30176
24507
19122
32420
30974
10577
21605
4207
4140
29270
28903
27257
12451
19826
20817
32321
14198
20156
30572
19521
20932
8995
32638
22131
13618
14094
15460
7188
15512
12351
23009
680
15611
16125
31030
20542
9916
2674
31731
6901
18190
15442
28940
20927
15789
28605
22575
16997
31438
1895
12117
16588
22865
12022
32408
21366
10558
2987
22084
2379
15983
24645
29488
23706
22410
10274
32079
18267
28979
28072
5250
27831
22911
24547
8112
31690
6059
27503
4633
12199
31758
23193
6887
4252
27724
16577
29446
23224
16333
13571
15670
11659
16493
8214
11359
26925
9077
8563
25636
23682
3787
20410
18362
10427
32357
22610
11003
32288
7683
16976
6582
5645
27422
22683
10570
3643
13083
32589
2163
2369
16837
30812
16739
14427
21498
23417
25109
12905
8868
17720
32478
15419
6636
370
17221
26123
4266
13544
1300
8779
5151
18984
3503
14754
7142
9653
3493
16433
14888
25954
28293
28698
7184
12031
30451
3395
28286
21047
29946
13911
31488
16825
25252
18190
4350
10134
14536
12207
3892
6378
25636
26067
8549
11455
4267
21099
1614
31278
16160
24836
29146
16839
22756
5194
24468
17972
13837
17355
26977
6168
18871
26366
30319
22845
26783
4484
22121
15087
24046
1197
7405
15267
16978
31294
20799
26589
18771
3186
17983
8784
30949
24382
11928
14150
32569
28377
16699
16194
6873
10108
524
5348
18676
10855
730
25102
11766
25636
12437
2117
27740
22543
187
26714
24007
17686
4884
19785
25167
1982
7071
32353
14873
23910
10444
15525
7468
27856
6635
12147
1408
14301
23013
1123
24408
23192
12842
18034
5074
15222
18922
12384
8637
4317
9608
32342
14506
24546
14924
716
2630
22615
27224
682
17895
12805
31965
7341
29284
28470
26254
16397
6698
10359
30293
30301
32140
17819
14917
1202
16219
18435
12497
10247
16311
2589
6715
28896
6436
6187
32335
558
29665
1606
14928
14195
9077
26530
11059
30246
17034
19219
18443
11865
16638
24784
16581
20121
6200
11640
29973
12054
6584
28242
22448
14340
3058
4825
4540
18240
2397
28536
31364
6455
21959
3474
14193
14596
7659
15557
6198
15320
21829
18800
842
19359
9765
31858
1691
17632
10243
18485
24705
27621
20498
18156
5360
32029
20503
28184
25331
7358
22396
6993
11861
27054
27296
24131
12705
14244
17522
9207
3150
13451
30270
10068
307
32039
14791
19173
31041
25850
10645
16348
7792
30057
21392
7767
8954
26651
22990
21219
2248
8354
5546
1342
32041
26973
28950
23650
7370
30620
27186
17342
13283
31494
29981
5575
20142
15416
12298
20399
11805
3759
7575
12916
29900
6632
22875
29981
8245
15813
31422
27713
8739
5683
6670
19144
11881
25098
11215
24565
4307
20789
9810
30373
8029
32274
9609
14801
7331
5659
281
16986
7833
30151
2225
12806
19836
15275
23194
32709
3848
5861
2192
22842
29164
21690
32465
15734
28027
29054
24947
13575
18852
12468
21498
19249
17188
119
24362
11387
16378
11289
26906
3694
10267
8713
29578
17561
13928
20730
5238
9944
21981
24641
23788
11478
24331
18303
8730
25297
18888
2433
23723
7069
10021
5732
4692
1004
30624
6397
32169
31436
12699
13176
26678
21361
3085
28478
27339
25653
24952
25629
2071
1757
16155
23203
21880
28190
29800
28106
9746
29792
14008
28635
27679
18369
11582
5772
17541
5981
31033
12907
24750
9677
3694
30080
17044
25837
28630
3374
32539
32482
9364
4955
31396
28764
31017
6865
21471
6169
24811
23267
28896
24491
2996
15955
25206
24954
983
22899
4536
12300
26712
2955
27616
8836
5980
20347
93
19049
23774
32673
17699
30377
31140
4349
30022
26590
5745
2451
15815
6607
30589
13841
11438
17978
1058
25266
5720
1233
30424
7010
25875
11394
18787
14115
1768
23035
12619
12975
28088
16238
16525
7775
21899
8593
32400
9035
17700
9706
3418
25523
31961
22089
12036
15006
18337
32150
16235
7872
25199
16844
30249
11425
28094
8006
1220
7164
7533
10554
25892
9317
6862
13187
27723
5423
19706
18851
30016
9357
31591
5896
14412
14839
32444
9358
8809
14288
29667
3910
16632
2117
9568
7286
5554
29048
7906
20192
26337
29918
7960
24903
24528
15845
23494
18992
5504
25563
19480
11494
17308
779
27958
23488
21935
28969
13592
20390
4245
4336
10140
14546
28720
2313
16854
3284
3420
25135
12199
13785
8228
20625
32657
18220
29238
11383
18633
23293
21908
24105
30606
32098
29581
16653
13242
18587
2028
16911
5527
5786
23663
15685
7411
27587
6266
24275
7799
32496
14605
2829
6964
696
17652
4572
13951
5105
4413
12643
15871
29043
10735
11234
30724
24863
13049
29914
11290
26144
21865
14706
6623
11377
3294
18457
21009
19871
26944
7021
9707
21201
6318
3163
8370
6149
19896
28552
16267
29852
21967
8688
23439
19737
29689
18638
31265
29222
21450
18619
30591
28888
10383
14361
16280
14387
19660
20658
2334
14321
30185
9373
18139
23679
20520
6754
17224
3145
5850
29789
6748
2615
31955
26472
1442
24951
31003
1204
11918
15998
19430
31480
31505
22857
20422
29390
2155
21737
27424
2649
18497
14398
13789
13356
29679
25603
10081
32103
18975
10762
24769
32547
19099
27081
26416
32529
25695
22038
25275
861
18931
18479
13623
24025
24567
17405
32119
29271
31231
4506
23234
15446
22946
4112
1155
22498
9166
9572
2627
4533
16478
28627
20437
17058
22511
7259
6608
31284
25583
1661
15939
15506
1270
1346
19875
22437
4954
2428
18440
4989
7678
29006
12953
16881
19306
13550
8517
29062
20769
20650
2229
18323
29998
4137
27774
17826
19969
7924
15770
32280
13433
564
32025
31769
7234
24510
30484
25254
18017
13900
10723
1800
525
27405
11663
2674
28609
20577
12170
14050
31375
2525
22174
9032
31671
29078
8996
25322
15480
25244
8054
17415
18982
3268
29863
25018
20605
13739
14193
3362
28213
2807
366
20928
14294
27104
10891
6432
23758
16368
14011
12732
8897
26886
19432
15645
11040
11937
17455
18755
14077
19547
12364
6471
23838
7604
24147
24895
26192
22801
14498
31074
17405
31749
4371
19565
21761
19662
11382
1349
27834
5411
8766
16349
20574
31277
25722
16730
7826
5587
1031
31605
21816
13626
1284
24353
27016
24716
22407
17006
9826
4089
18574
23982
17634
12796
32569
9174
29494
26336
23094
31271
15788
5506
16764
4877
3599
15704
16444
28743
13620
10674
31508
20552
13008
27200
22151
2781
12172
13525
25002
8465
23900
5226
22815
1102
12812
2406
22087
22724
12316
32541
32436
14094
12749
14998
18397
12563
27260
9873
8982
7723
4655
8392
9663
29316
28526
11382
443
9667
13140
11798
25124
27886
23525
5229
60
19337
4258
4810
1191
16383
11611
20621
2264
3908
28485
12774
19658
29625
30796
7647
29936
13136
7338
26013
25710
24816
11961
12514
1929
19739
15621
5079
8796
27086
30374
12809
30669
9640
10701
4785
23744
591
4252
2616
2955
27152
24635
23802
19369
2245
20008
32587
16818
11260
32718
5815
31626
28245
6234
8334
3289
12844
22730
24993
20412
12152
1606
838
7611
6387
2740
418
5370
7292
903
20263
15795
17081
13015
20827
9187
29184
1719
6875
14660
6264
10947
1696
4988
16763
22520
6274
23188
6719
22217
18170
31659
10678
26478
4652
29676
16306
1152
3109
18365
24397
13251
13921
31289
10376
22851
22672
6369
1330
16546
13465
12174
7436
20656
15328
14507
21802
7484
10693
23968
24220
19242
10093
7057
6222
31430
23748
8265
18477
11352
4802
29553
28555
21241
19182
16390
16069
2468
28705
21002
27683
7824
1165
7289
29183
26813
28925
23422
30762
7117
22878
9959
27787
3606
6783
2263
3849
9461
21781
27834
29868
23397
10754
31358
17918
5840
3031
12801
15544
15909
18839
23237
9370
18218
14014
7147
25499
11796
5249
20575
19778
2901
8280
27472
17748
15285
27578
227
30127
20132
24871
18216
7030
11982
6764
9037
12142
14577
27683
5905
28072
13547
19065
8828
97
25880
27444
28109
21030
8154
18676
20405
19260
10105
27576
962
32318
13358
6821
9502
2056
25722
23299
16761
9940
1980
24713
6212
19619
30467
21210
23072
12511
28705
3151
31894
9534
9985
13815
30216
12777
314
25820
30183
15582
12259
7304
27943
16530
7082
23240
31472
21979
22304
4272
4503
5390
2903
11487
26572
4708
4783
6917
2581
31139
13805
23714
8315
3322
16269
7952
15490
2860
22874
29379
17247
16625
26683
2000
18534
18841
23120
5036
27586
17138
6973
17462
4456
30828
8902
25592
1102
18811
20893
5034
22999
20285
4215
15608
10642
1373
25957
8838
27941
31287
29538
12592
7300
19004
6184
30358
23143
27288
7241
24792
17658
1811
10618
11166
16086
30517
31538
7772
17456
3758
32116
32724
8272
19701
19944
25308
5957
12334
21297
12385
22488
12113
24187
4780
18878
8073
2899
9700
3090
2266
20924
4564
14338
11783
32383
28911
15304
19379
1474
10385
25052
21190
25564
5768
22631
8722
104
14291
19707
823
18328
11433
28802
28355
28109
15806
30581
23454
4452
18113
27215
7590
11986
10793
23104
6038
6899
12849
20005
17452
30623
801
31672
23179
22143
720
8452
4574
32286
22887
4637
18494
1347
28519
20237
4310
14463
3310
13841
27972
32258
32310
9734
13891
11186
24926
9502
30599
895
365
24535
17129
18928
25236
5166
16068
11010
25523
15631
29599
24883
6431
4625
7436
21210
17571
12128
463
6585
3780
31226
5955
10453
25929
5151
29690
1158
8955
30210
21924
16586
25770
32453
15922
14814
12144
4516
27707
15120
19514
4977
12958
1999
31875
23616
29545
31492
27747
29027
16889
12453
1481
7065
28771
28038
2308
11650
3091
14707
3721
3670
3507
24445
22000
23767
16463
18577
1599
16004
9142
25679
17259
12048
20003
5144
15644
25618
4380
19561
6833
6398
26011
24680
26756
22356
25452
11197
27247
3863
18390
3747
30607
4993
20349
28735
17223
20469
26503
15152
14216
18741
31230
2151
17488
16085
22901
27705
18545
240
4079
6578
30612
19993
5372
20525
24957
19860
12069
18209
32401
31175
1162
3134
26005
3819
7882
1977
3768
20999
26147
6884
18388
17439
22491
3329
15857
5544
31710
14936
16395
28224
23976
14727
7957
23708
3173
27418
20285
706
26199
10075
11890
21112
13177
32363
5155
28156
21346
16018
3658
245
619
13524
28586
9642
31252
23493
4948
10866
28836
27806
31088
19307
15376
1679
8506
13423
7198
24663
17483
24388
28618
14355
22298
8723
23017
30035
29378
540
6412
12659
3078
7847
5799
6697
7058
18494
29043
25178
7043
6169
1808
13618
32298
7130
16623
24435
525
27003
10351
8973
1839
12164
1606
26864
18834
5505
4387
17694
9465
179
28562
260
17906
4358
4383
8202
27668
27203
8894
4713
8582
7559
8810
2620
3009
18164
22029
9947
14742
13222
10656
27236
4722
9192
14483
11674
19169
32168
1647
1523
593
809
10938
20972
28185
25080
29723
24480
13753
11809
18110
24985
25699
7586
14842
9702
5051
6176
14641
17261
13276
28377
11256
12675
5275
20698
27000
32186
5135
20338
31508
5114
5713
1766
29261
19668
10880
16230
21986
13842
264
6720
27195
18835
5924
8020
22791
1622
15266
16072
31781
8148
20711
6909
20416
14227
28722
11969
20415
21752
21029
9158
17500
3933
8321
27986
16914
7779
5425
31545
24765
17545
2698
6409
28157
18430
24785
19844
7899
28084
23805
20051
1199
10934
25791
23544
18753
32699
15296
6661
30254
13051
9770
14219
19341
23617
5225
31702
27091
30530
15411
2903
21236
28717
17093
30946
1739
24195
23664
30490
16060
25129
1365
15913
3224
22204
14189
31156
24768
20772
16844
21261
15246
7020
9510
27563
3568
8912
6546
23512
3414
3096
8590
2474
32463
25125
20035
27700
15726
4810
6411
3837
32755
11741
30257
27058
8615
6797
1272
24599
29320
14069
222
32323
21158
5618
22561
17677
7373
20274
2947
6850
9316
5518
15178
13337
19093
1946
1420
2408
28335
28282
6569
11287
15816
24311
9497
4181
9638
28882
32104
7947
28384
87
11134
9230
16960
11830
15396
27801
7532
4495
31172
10746
31429
20556
29552
27787
12432
4531
29990
19172
19284
32571
21843
2383
26498
18335
15253
21885
20059
22578
17605
27255
23055
16498
10293
12502
25890
29663
16950
12087
18708
24078
10206
24298
12353
31993
10248
14570
16134
30105
23963
3858
22565
22199
14096
1421
107
32255
5934
16527
9616
21334
29464
6722
19550
20077
4490
29956
27157
31382
20320
32207
27919
27863
3416
29432
14496
24637
11032
17181
6208
27763
13171
6233
28140
2707
7656
9145
8137
23612
18795
15604
2315
26853
5225
10838
29205
17777
13830
9470
21473
23043
15529
27977
27299
14867
21946
910
23465
17090
17066
22796
29318
29546
7988
3360
14703
13434
23779
2748
28901
129
6101
6676
10901
9096
10430
15002
2940
1189
6191
22829
31054
11725
22297
13965
14105
1514
24717
4627
13605
28973
10437
27807
6176
19366
32104
30673
15223
29202
15114
1404
13063
19700
31730
2903
4085
4583
9249
3830
27866
12082
28304
3577
1316
5533
24504
13956
23481
21635
16727
1007
13533
15401
2930
5054
26453
31310
24214
18131
18636
25859
29540
738
14711
26557
9037
10278
4853
18089
28313
3922
32377
11327
9134
9163
30250
13594
2959
28180
30154
28167
16291
8841
7830
30812
3256
2129
21102
18571
1863
19598
2614
13046
13561
5590
27516
15109
28523
27623
24923
22646
25646
18326
15519
9973
22035
24329
7977
13293
933
550
13974
24221
22262
6987
2587
32366
17055
10304
24499
17284
28674
16234
31869
1427
8914
30017
17503
29940
30166
13828
31984
25080
21737
26539
14229
3708
22598
26653
9962
15805
25858
15267
25443
30318
14042
32668
25395
11016
14127
30067
10604
15458
17743
14799
28776
2689
21494
31753
21353
1969
21
18915
15228
468
1233
17271
5027
5627
12495
19309
2098
563
16559
1905
21882
18850
17110
17636
27045
24274
26737
5586
24033
18508
26550
14885
2753
29545
21357
10520
15327
10597
2992
20206
18119
23221
11247
21219
2320
13466
6711
31075
4556
13559
7091
30330
31267
12384
4723
17548
12602
32371
18540
21318
16218
16491
27584
8916
17486
30194
8256
8020
13580
21559
18991
20619
7320
4929
30281
12759
25638
9603
772
18021
26239
3504
28438
15780
21157
18128
28983
15354
8634
29332
15656
7093
9246
16870
6644
14916
27096
19397
11638
9639
2615
18000
8475
15908
3768
22048
1002
8252
1323
26587
3521
27357
32018
18438
10209
13785
29770
27931
24236
19607
30445
10204
8366
265
30326
11750
28379
10973
7206
12937
25111
9976
6823
471
10748
27424
17136
20987
26839
504
24680
16077
4339
818
8270
9123
10011
23552
2136
18281
3674
31691
16538
3828
16645
14632
13482
10643
6907
776
20482
27623
6444
12846
22949
19701
12888
3815
13062
14714
11545
24309
32293
12670
5924
4044
28411
25644
16844
20737
19480
15841
26568
13055
25227
7299
24629
7676
28930
7700
735
13611
20018
15751
8636
31283
20089
12754
15289
17633
11458
17220
19641
25369
31402
2841
24283
29971
23521
20812
16636
22980
4306
31916
1662
16281
5254
18738
13383
11627
20933
14482
16140
6064
13183
28944
16079
21998
5227
32405
31654
3190
20974
10754
14271
24142
1598
23236
23201
31599
11719
13993
25012
24368
15310
29681
14852
21251
25172
4521
26434
2399
4413
27188
7180
25853
28849
21547
10093
16455
23235
17767
23464
18702
6224
11355
21041
17531
25898
29607
12541
20296
32630
25579
21755
28207
18003
22489
1507
675
11197
30351
5934
30655
32176
26659
6757
15228
19088
14463
1695
22566
25800
23663
31046
16913
18866
3320
29721
11656
28599
27884
15479
262
16311
11451
16346
14249
15786
8332
8610
18403
9352
31884
22036
25203
31079
11142
28322
7571
23011
29621
31596
24691
2499
24022
9736
8935
986
4736
27006
21852
4650
8632
2967
1297
12624
26817
15192
4228
17180
2609
30921
42
21631
11338
10747
22370
31402
29062
328
29100
2932
24436
6365
16406
13564
10179
26486
31480
14480
1948
29289
7137
19662
12598
24806
13265
27401
29604
21629
29097
3055
5361
10976
27871
5992
4718
3307
2166
3009
15179
28385
558
8201
22885
26105
504
26043
23647
30489
15788
11678
15092
17121
1278
13290
32395
13035
18863
22444
11532
3153
30720
24939
1267
2928
13164
7436
16291
27884
19350
19187
19964
2037
32129
11371
17199
24008
21759
12104
25041
17016
17004
31947
32559
750
14491
28613
12514
11310
26385
13823
30883
22493
25713
8410
25184
8704
23864
26931
18575
11271
6826
27273
12994
20746
30221
6498
635
28498
3092
14570
25154
27419
17566
5086
10998
20120
673
15528
13153
11064
4192
6348
15886
8232
7141
15234
31071
10777
22443
21412
17882
8259
5019
12491
14020
682
25145
9142
241
32160
7712
15851
19418
18059
25516
13472
6384
13800
21238
27355
13616
17040
11781
26329
26872
16954
10050
13997
23065
4930
29741
2089
21549
5033
30799
30721
27435
2396
7279
23598
11320
24505
9737
3473
20672
24143
8956
29913
10182
15589
15747
24230
10616
14526
3174
23278
26887
3868
13170
11169
22709
259
26662
1672
5168
17471
11951
11891
9502
1449
25367
10131
30201
24741
25273
2853
26397
28655
27128
15952
14879
23448
31280
4177
18273
2123
23533
981
12771
19413
4443
18342
3420
19172
19710
8842
10890
25615
16547
22121
32198
19479
22679
16045
21467
16237
14102
11758
18712
27892
1030
20175
13988
32263
25830
3107
2578
24510
12545
17493
15157
12653
13799
19462
21558
31854
8221
1015
16355
6433
23572
1578
21066
25904
856
11844
16263
12056
10762
310
29914
31461
8336
14364
2045
1084
32139
29285
12468
8607
1033
21301
165
27885
14845
3591
19818
21800
17132
9879
229
32123
21224
26623
17363
3452
19906
22304
13988
22190
26236
9283
11403
29514
21245
24576
7377
16959
26632
30560
15982
25719
12655
15166
474
8028
23172
30451
23841
18587
31441
23090
7734
7975
6921
14896
14217
13698
1598
28168
15067
20792
15187
19039
30289
25516
4789
67
26568
22
27718
25433
31337
29389
31130
23352
17021
24002
30822
1040
11138
32333
28981
17039
19582
45
20061
20229
22163
458
24370
31686
20948
11708
7033
15056
7255
3473
15136
9901
24459
31179
30252
4763
28620
19241
242
26091
18997
12584
6282
18087
9398
20936
13185
22391
17510
5779
10958
3269
3610
19164
28423
23840
1334
28485
7637
20702
11459
26244
2982
13574
32450
24422
5537
30061
28096
8211
20447
25118
9387
5781
25560
25599
30948
21140
13083
25778
17045
19555
4675
28090
3909
7489
12326
17119
25258
3288
32079
31699
31166
6154
10159
24853
17429
21741
32399
4118
1901
22548
21193
10907
24967
32529
10040
5474
7221
17463
17773
2568
1973
32677
2723
42
20285
14720
245
12747
31703
29055
6351
16117
6511
32685
5795
13475
12842
29290
2269
31455
5114
3507
23064
28200
5232
20388
21394
10262
18129
7739
9181
15169
22635
607
15832
26206
1833
5153
9182
683
26214
31809
29501
12686
26111
12020
17386
3448
20396
17380
12403
25104
11920
3961
6708
12174
21774
24919
32206
32100
29919
3112
27605
16420
32097
6811
31177
22174
13362
21932
16200
25160
15358
39
13185
32484
32149
27495
32492
7516
10049
18788
5433
1521
13910
24557
11142
17812
16138
305
24276
2708
26247
28036
7868
13434
17215
608
12382
6962
6016
23210
23963
20843
6728
17463
9348
26175
16986
11919
31505
27159
18321
30449
31511
15049
20085
13719
2676
23300
29196
28730
21388
22766
8179
21977
8698
2059
31404
26551
30591
4705
13882
13219
27966
9434
8939
891
13612
15081
23158
9715
20418
19824
17221
13459
18933
26850
24084
31487
5991
28325
4539
25467
23775
1466
26952
3246
16119
32415
30801
27814
2324
11892
22921
9501
16539
1374
31632
27899
30818
25641
12304
13084
30821
30001
12549
24146
3515
3202
4188
20142
5832
21310
17856
1019
8115
16959
20145
3468
8986
12286
5334
10040
17157
30131
3732
10146
3609
28606
19935
9150
9487
23878
29008
27536
21604
25376
11128
17463
30289
13810
21621
811
12541
12184
14786
28355
25842
21446
8276
2042
24525
2031
11490
8562
10042
614
9860
26553
28704
13508
18303
16076
5657
13705
4191
6361
10021
27910
20807
10825
22431
2426
23942
7934
29296
32379
7530
13529
6530
5015
29273
24448
27256
17980
8477
22878
23452
725
13952
17899
25880
31030
6681
18733
19050
4154
17253
14463
6162
15530
17690
18577
10637
16225
8887
23728
19335
3758
9312
23367
20045
28410
7401
11174
7297
32427
22065
16643
10769
14664
6065
22206
20329
13789
31572
16874
25832
9377
1161
31752
12945
20438
11671
19221
2052
9201
24370
10952
4268
763
1611
23317
14393
26423
15404
14325
13137
6405
13507
15977
130
31750
26430
25276
30076
14209
9433
7177
11389
15877
4596
18686
26124
30800
13673
20959
13034
6000
4636
11214
31302
21032
32468
8521
12336
4501
12361
1012
20560
20753
10622
11161
28888
13656
1616
26221
439
7914
21583
16021
3088
15280
28110
14568
1514
23521
2870
28919
3625
3623
32416
13898
9405
18174
19874
3821
13081
5981
7528
17196
30950
13977
9479
22170
12537
25478
6671
4696
643
24799
19295
1171
4744
4328
24126
6479
18835
29777
24999
12387
8615
4190
11235
21701
4216
69
13918
30984
25051
13784
27571
23843
5756
11619
7177
372
6863
6360
2978
19205
27209
17961
20401
15629
29391
17654
28012
27578
19567
3944
28515
3117
6478
14941
25872
17863
8673
28869
175
10403
352
15947
18256
28003
30328
27961
1834
25136
11329
31637
2098
10492
3951
27536
10988
11018
972
29474
27009
26033
3558
20206
28435
29789
17668
15467
14669
31702
8543
24389
30782
23237
31375
5633
8295
17268
19012
481
25362
8917
1846
17927
230
30918
11359
16860
10937
1427
16487
19123
25765
28860
29024
10410
8030
19705
6323
23249
31682
7548
15194
26255
27826
16502
23120
13889
11041
25308
10054
19235
12394
24939
29080
18036
10983
15082
24447
3541
8383
30639
18312
3827
13567
10852
15941
26213
17133
28171
11330
28120
17305
1344
58
30057
12724
32446
20875
11346
24485
805
1768
31945
29658
12283
21838
24357
32604
9200
11065
26691
25255
8294
23575
5928
29880
25648
8189
9703
8295
9114
15257
25029
27639
16810
25704
20124
7916
11942
13608
6525
31260
4054
18065
7833
13833
5259
16448
1634
15214
7265
30196
15853
18968
4800
25852
20123
503
9129
9712
22776
629
11695
9888
14051
5126
5443
16458
2288
4097
23861
32272
13066
31406
10360
10152
3165
928
2342
25686
18035
24645
16579
2583
20380
13499
21958
27935
13460
32485
8789
17286
17760
14271
16465
28991
377
7918
30354
20553
3884
25756
2932
18729
16961
9602
8338
20375
30171
27974
31697
6008
15775
13064
24993
5644
12824
1080
25727
9065
23642
20906
19902
20520
1254
4844
904
17246
27086
13271
4128
13518
8218
100
11881
22364
9321
705
32684
18373
24284
1956
20118
21390
7727
15584
896
11322
20009
7734
11764
23232
27959
9325
18284
1852
1364
27300
4956
26853
11307
15848
16499
29247
20096
19202
12062
3474
19148
24210
335
32154
7975
27490
22396
13952
11883
19188
24298
17161
24727
27741
5419
2574
8817
25942
25830
2092
2160
6545
32726
20924
6360
27721
6677
28933
295
12317
27291
29873
15024
18718
5377
17022
25222
13607
24715
566
18587
28269
24678
13537
31273
23638
28974
19513
19281
18063
12212
22110
9219
32345
19709
4555
5149
12835
25486
32137
29399
8030
12774
14754
3422
5773
24141
19417
10431
1435
10188
7320
23303
31858
10365
16426
32680
24521
3333
24618
19231
15933
25950
22844
16852
31652
29402
24827
5698
18078
5988
18482
12887
3180
18953
11598
28702
24326
13496
13075
17819
359
24390
3983
26615
3628
2997
1868
10717
27741
10166
10442
6435
1675
30572
23596
8109
30747
23923
6962
11150
9441
25633
25959
8817
28401
27660
17564
9272
32433
9164
30100
24802
20787
11522
2305
1458
194
4761
4271
1421
31675
29771
11520
16549
7583
2919
3736
20308
24165
27858
16473
29770
3093
11340
19858
31211
17042
17653
6259
32499
5559
27408
29893
30300
8614
11014
23256
24193
30045
31150
18108
29571
2955
6603
6067
24812
17825
31447
999
13970
7467
29951
29785
9407
32609
1646
23834
17294
1785
30158
26045
27032
2112
32268
30220
21968
9065
26460
31482
12460
20773
12670
30681
10374
7540
13119
14285
11585
1210
21314
13185
3887
10005
15872
32536
1330
17902
15630
21607
24098
16334
5023
3425
24943
32371
1097
8914
8968
2852
25612
849
20091
15681
24208
22127
11613
14110
20398
53
27884
9489
22066
30926
26355
29386
991
19584
29166
27363
20148
22497
31855
29880
10094
5191
30656
25721
22862
2176
21962
4478
5916
12739
7733
9946
22892
30951
24273
25138
29216
2003
31541
13520
31022
4918
8102
31475
30372
27768
23354
15721
28137
28656
9532
12640
11845
9047
20947
27258
3235
6268
14815
29471
27286
26682
6692
16151
11931
22951
28074
11352
4510
2447
18275
1564
26047
9761
28431
15927
14933
4839
17757
20648
307
2300
13139
1390
6443
1913
10479
1181
25041
10288
28431
28848
15489
11421
20622
31521
7844
22297
24240
10039
6446
25681
21696
12064
31083
14583
24311
16191
26364
6071
18592
31687
8989
29549
21882
1161
19753
12693
19038
27402
20575
28930
26913
20185
24294
10452
25532
5151
7695
13220
2730
26744
26587
6913
14994
2561
17853
14112
19750
1203
2208
30415
4427
23023
8748
25515
3706
18009
9029
13971
5990
6634
981
4188
28639
22081
6092
10950
2550
1850
21861
5551
7778
2498
20650
21639
9250
13546
4154
28676
27492
6458
8010
20503
24486
19015
234
29214
13595
26247
26761
20315
1360
20837
23484
1957
7951
21393
8507
9309
3460
5530
8492
1956
6814
10430
6821
23499
20664
4609
21100
5899
16249
2940
7937
26487
2040
28664
30174
6958
29732
1211
24061
22741
7524
5538
27547
15429
26234
6000
10556
11136
19629
17510
4591
30698
21543
26388
211
8118
5020
18286
14810
17310
9004
28194
28621
9431
29323
12841
27536
16196
19039
17564
14504
21482
31977
11978
31482
30628
2536
30343
20949
31255
14778
23751
27699
14569
29637
27243
12860
13102
21525
16218
10252
28963
17478
22484
28086
5151
7077
15363
137
8902
2706
19923
8594
25984
21801
10500
1377
26410
8481
18814
12560
28171
23283
27620
10370
265
30271
23659
20969
19740
3436
10221
12939
32516
9360
25401
26821
25911
5007
31918
1872
28190
23430
19464
13763
22144
27498
21625
14937
7231
6124
27900
20725
2370
19104
17126
29539
27314
11359
27325
30433
18537
20202
29518
8926
12455
6607
12026
9473
27655
32401
10065
1645
11698
14339
28386
1604
5075
6389
17744
32105
3147
11794
16809
12171
29093
14089
30452
11615
29772
15083
18185
11308
9211
15316
22438
30349
11638
19918
23998
23155
8312
5362
13076
14441
20972
28369
27145
6172
11871
19218
21426
26138
4278
30556
11310
16090
28956
25206
24887
27389
63
6828
9974
28883
700
2933
20252
24353
215
15956
5678
13601
7792
8956
23328
3019
12083
8887
29990
25683
23310
776
7111
16371
26344
23439
5427
25834
30096
9006
7894
29893
21747
6250
17453
14301
11155
2324
6105
16929
6708
15656
754
21781
9688
2293
7837
8987
32238
19070
19425
22514
29383
22049
32182
2684
12361
5750
26975
31684
4327
25466
4346
18239
7377
21741
23638
26706
2407
5112
13316
14613
19700
28691
21169
20055
6809
15142
16563
21730
23175
12526
11745
21503
29297
28067
7592
31037
29250
14296
6491
20847
30987
8610
23755
4852
26175
17660
12568
23867
11042
8042
27078
4485
20607
20701
14355
10477
1177
16855
18568
11174
17765
29903
24271
11653
31478
1751
25540
29631
5689
9084
6606
10227
2018
28654
27504
15467
9126
12641
2075
26015
17323
12978
17223
19706
16445
11598
27074
24801
4034
14672
327
26098
8944
2281
9810
11657
20797
29445
31795
5513
27031
4395
25441
13657
15190
29861
27154
23596
11119
14050
11016
17542
10730
26904
3758
8444
7062
10029
8803
26171
3067
20952
31254
30283
15248
13316
20499
4373
24110
6005
22300
11811
7621
3245
29372
9128
13646
27153
18904
16064
14336
17992
26503
12536
22727
29156
24100
30481
17906
13380
8353
7425
27947
20408
1565
827
15277
4327
11193
2352
11953
28014
10408
16662
18473
30154
18566
4328
15281
7800
16363
25774
26563
9306
3903
22014
28458
4189
2000
27843
1721
7769
10017
23869
19260
2873
15494
26441
13231
3675
3309
15075
29614
570
26879
1513
25133
74
26984
3873
14441
29731
17778
638
15646
27106
30681
21151
12283
7116
9691
21401
2387
821
31886
29430
25109
28833
30838
12542
6142
28456
19287
16181
525
30495
21576
26660
18744
13300
24073
9308
14685
24922
6038
185
7803
934
31484
14820
546
32633
5740
12571
23848
21664
27534
7733
4510
56
22807
8928
16642
18966
17054
9006
21174
358
27308
1872
16049
27793
13074
19105
28789
28773
14207
31718
22081
12912
30289
4819
28807
15020
31660
16082
30112
22626
17097
4865
23999
20040
16785
13177
27428
2540
21099
26582
658
27222
28754
14068
26626
23017
31018
28662
13209
16267
27220
17549
4824
2822
19328
22647
10771
24749
15298
27205
10788
10306
21737
31074
28256
791
22796
3409
14026
28020
24165
566
21127
3897
28002
32408
20114
32708
17658
30309
31921
277
14654
24374
26280
30256
24624
31189
428
6339
215
21757
13850
12809
30867
28000
3945
23278
2735
3822
10334
1908
20021
23381
10110
24917
11782
6596
24521
13802
12073
13301
27045
31563
29028
1130
18457
12472
7689
23031
28219
7736
14611
21632
14572
14207
2161
32516
12482
9749
1442
19162
10310
16053
3458
20539
2656
26100
16996
30721
27919
10275
21600
29358
15453
2165
9199
8368
4499
19301
29365
20452
2729
16466
5789
29272
13824
20076
25387
12885
26196
18644
15630
1949
748
19967
3061
12785
10259
13916
32420
15574
11212
22070
21831
28825
23234
5851
9734
21649
382
11006
20441
9892
5596
25178
3998
27660
5312
24728
27497
32603
26629
15219
26651
16317
26806
17434
15670
17790
20865
32725
31471
16332
13672
5100
22149
24509
20154
10437
4306
29844
14914
2124
11040
7488
29374
31639
24125
13093
8339
11211
2002
21023
4542
2617
496
8644
28174
973
6380
17386
31632
937
4973
3178
1867
2317
195
26147
17966
21626
16762
2369
16967
28695
32303
26303
10294
5971
163
27946
2272
16844
8974
2728
25448
21872
18870
4154
2907
17377
6847
23102
16170
5918
26693
25144
734
12641
168
7633
4871
17475
22823
20256
1013
17190
18097
10793
24875
21716
14583
29603
24849
2148
11206
31999
233
20830
17044
8613
7428
3871
16985
10625
22838
9086
23968
13502
28039
23727
1757
5329
11051
13928
15617
14010
19893
13891
1612
646
27783
26468
3426
21529
8333
14683
5282
28970
12843
17995
13235
8335
25459
17484
4959
18107
10908
9743
7077
11141
28847
11969
18441
19755
10372
32049
5679
25750
20973
21044
17064
32479
15665
5705
18444
20499
8892
25209
21577
9011
25364
4225
10298
2943
783
5683
5500
15092
14404
12314
3709
8724
6591
8029
31957
15589
18681
32485
20954
12604
9991
29634
1390
8763
27153
15563
30492
23833
9990
25989
25956
17185
9102
8263
28498
5374
1088
2971
21590
821
11030
26342
26191
10227
23069
31308
25065
19977
28273
13774
8489
10549
18281
19381
23622
25507
11791
18996
27835
9395
20691
30793
18074
29949
10112
31204
7203
9107
21358
32587
24469
4229
20474
957
5956
171
1843
24405
14316
24222
7894
12338
31045
3336
4477
24277
22743
11806
26643
16842
16144
1130
10123
9355
31380
20686
18129
13729
1492
20934
16641
8204
19170
18413
6104
21477
22916
9155
23144
16962
17287
16557
1039
4186
4949
20797
18345
1514
4298
24756
6917
15063
18500
3525
5782
18452
2041
25244
32107
32710
18318
28191
353
28838
11749
628
6040
14503
10550
15555
28963
27354
19809
14909
27652
3214
27778
7773
4183
28091
7622
20077
28109
24737
9854
1613
27996
5292
31090
10864
27445
6299
16504
31527
11511
18401
9285
3362
2082
10059
18050
11059
19662
29924
8739
1366
18589
28438
17908
20719
30190
5905
7540
15954
11091
29297
15335
26504
24390
4122
23975
7249
21527
21607
5051
12133
16425
20613
19882
10495
18014
10521
13713
668
21200
20521
4724
20480
12226
5689
9426
31099
26326
22196
12668
27498
17024
17294
11943
24320
954
5160
18239
8263
8185
7028
10366
30049
7008
2393
19902
2836
21300
23385
16011
2694
19601
16497
29437
15428
23387
29760
21060
23689
13686
21868
32645
1214
17978
15170
26853
20029
22049
20124
19683
4698
23235
27144
10730
27556
773
17702
19494
23656
21389
28498
28056
15991
26489
23939
7269
24617
10576
3955
23412
29346
6200
4097
12599
11604
28010
21715
6345
19141
13796
16703
2362
17043
13405
20588
1831
25781
8062
10932
29837
14851
4175
10829
4830
19961
13552
4905
27477
17848
7049
538
4487
26701
10627
22330
29756
31798
4857
8074
12412
7714
26217
16857
6893
29945
176
29416
29532
26396
32053
13515
30361
13550
30308
26002
17032
7315
10846
8489
16501
27384
22510
31357
2472
7699
26560
20448
31289
31852
13773
16047
26150
17884
3866
31282
9379
24980
14242
2499
26033
11618
3216
12851
1522
21040
5810
3689
21692
16846
8491
6988
108
16881
10344
15076
7421
10363
13653
29371
30937
11516
30928
27018
13294
29561
15198
26641
19717
13421
29980
24903
6479
9742
8697
17843
23105
2769
9763
9754
26018
2352
22207
26970
5091
12459
31453
6550
26798
20493
22699
3219
10689
240
8936
27490
22525
3203
23196
23872
16058
3467
30983
22970
3422
29608
30167
26133
12078
19418
32158
16876
21860
29251
27778
18203
26497
4399
24887
220
19940
4433
31786
15920
19100
24399
7935
9089
21627
10882
16446
32645
10347
247
10057
26469
1285
27833
9362
24095
17504
30290
6666
2857
18471
12431
26589
17495
27631
12676
4444
28414
29127
7376
11834
31834
7440
8994
31740
1325
28559
6908
9131
18601
15552
5815
1996
4752
1901
7112
11922
19610
23936
24385
7249
16151
9750
11163
12854
17621
5588
21426
25910
30276
15742
22289
24900
4056
26309
7024
27847
6063
13153
24443
8267
1652
12896
19157
18038
30595
24510
16221
30782
9293
16949
20400
18778
12030
6998
32495
6390
94
24025
11714
23211
15605
24114
22684
27566
5491
29029
2881
18504
30287
28186
11654
13702
23213
17396
3416
13105
18053
7455
18944
18944
11266
15912
1189
2573
16424
6162
31251
19846
698
16550
27067
5029
32091
17674
28154
2018
32243
2709
10654
2407
20564
12770
28326
18116
15134
12323
16969
16868
17375
4792
25146
20543
32383
8449
12075
27474
27612
20592
8336
25932
11185
16098
9637
22027
1468
10031
6066
21574
3616
1023
8589
20236
26888
21728
16481
7021
29069
14742
16815
2679
18394
22450
25234
7012
2701
15975
29767
7697
16225
15512
10732
22962
12042
23861
29576
3013
14433
32200
2636
21316
24257
13131
4633
23583
6065
28989
29762
24297
7107
9973
22418
18641
16060
18229
22929
8149
4852
28162
27907
30514
23552
6323
434
2079
5263
9289
22893
17082
2962
1534
11857
27459
23712
29217
3655
6024
18328
25888
4046
8352
11144
17127
17403
23772
10445
104
2493
13819
11900
2939
9830
28573
30465
25833
18279
12795
14342
8387
20827
11476
2455
16633
8264
26283
18563
7719
7457
3119
30725
21170
19599
21499
26275
23572
15088
19071
6743
26228
27041
6718
18413
30330
8568
9275
22956
25953
20117
31917
18744
25422
18779
8186
20663
29664
12473
29667
14131
6408
14766
26876
15423
8219
6156
20576
26334
17701
25724
14754
15264
8321
9154
27911
7694
4774
21314
22002
24904
8772
7875
29087
19437
144
9076
5652
4923
10203
25644
9557
4472
18538
21238
216
15248
30594
5069
20792
6655
21698
23716
30253
18673
6582
5802
12988
17320
18344
9419
27051
32543
26553
29562
32312
6125
4401
13742
11531
5995
10772
29482
29032
5145
5622
19458
19113
12606
18191
5467
30188
16847
26002
13170
28681
4754
315
21728
21447
8067
295
29468
26703
14455
17897
15425
29664
22783
12762
18961
9925
14223
2992
19002
12932
20448
28499
31705
24921
27794
16620
9789
16866
29718
22078
27885
15132
31947
19001
9452
7310
27751
11980
3899
32452
9881
4348
7328
2047
3821
819
7846
26923
25071
8666
2533
10001
10643
17961
11651
974
20692
23358
1019
7300
6812
2413
285
3919
32740
11224
343
15739
14620
17471
15922
32244
30413
24857
27679
21501
3453
10723
25972
32293
6355
1464
1714
29047
23035
4130
8201
5362
21836
20528
8222
20793
29480
26056
23563
18571
10276
8511
6311
19188
26729
14631
14601
23237
27227
4712
13895
21827
31864
20115
17539
5020
29314
5234
18729
6175
28128
18148
1650
7083
1346
7655
8237
3944
3972
22007
23998
26294
5589
27031
19815
15715
12568
2349
11462
11809
22154
17682
15007
27959
22437
7658
21980
31606
6469
28465
3538
1391
17930
26647
1990
17123
32765
1678
23984
27259
21878
18593
23102
3513
32061
2055
13852
28975
7663
13304
14963
13551
9379
23871
27824
24898
28366
18577
10118
11165
19300
31517
17718
2000
5952
30052
16142
22913
30918
4171
26159
23001
32455
12398
6548
1405
9892
17336
7504
9920
3511
15665
30487
20503
20974
790
29696
23245
26041
815
15241
15863
23335
24925
5084
20907
27212
29811
15185
21101
14053
1350
31539
14570
6463
1032
22471
14825
28244
10193
394
638
13111
11391
27579
1152
28595
8896
11289
26430
13359
1645
2030
28782
11989
3866
21068
31078
7156
28395
32663
17551
5538
29609
4675
18198
1701
15892
17631
15076
17556
891
5459
3281
5433
3467
5478
31508
9018
27749
9347
30718
9720
3827
30396
9449
16568
13691
3343
31083
23809
29300
744
27343
1092
11673
21736
10181
31939
23869
1253
15448
11691
27102
16178
12833
3715
28668
25888
186
9674
21547
8388
25206
23260
23912
26107
24911
7958
18857
1196
12320
12858
4280
12365
9237
1557
18752
8361
25183
1375
25640
12256
5676
16866
12833
6575
17110
19935
26491
16369
1626
17581
4669
6246
24589
18083
13940
10164
20362
27704
1227
11691
24559
29801
24412
26317
29513
12891
8390
1806
25164
32322
22912
20952
17480
11649
30573
29522
29528
22035
2992
32482
8413
24873
8897
14065
3626
12564
25280
494
15745
24166
25610
12437
12095
20564
30731
31089
32595
13407
21075
19871
30452
6452
18411
27350
26260
12496
6377
20132
23567
32231
30786
28410
2345
28807
17888
23531
28215
13817
12020
11953
7452
16360
10382
27121
10359
18116
30827
12096
4891
19305
16397
28133
21440
23548
15889
28384
16632
8214
14782
25132
31076
28709
19674
20802
7207
31759
32705
6878
26011
17688
27576
23557
1091
28421
22398
27207
14849
11393
548
17218
7561
19137
4127
5479
4118
8292
20124
17921
15196
25501
16659
6258
11197
11155
11551
23232
23231
8456
6285
15185
15806
8761
28082
11251
11486
24070
14850
30240
13892
10835
15071
25727
12678
6574
11439
9645
10079
5170
4145
19518
25000
30635
23057
4095
14211
763
16570
13438
27098
4284
7275
14541
9224
25894
3469
13442
29909
4915
23876
1538
21416
15618
19524
13824
1528
13177
17382
13376
30980
14639
7546
20897
25540
27785
29663
7002
17695
7459
13138
31620
4702
4209
23428
17113
10721
31142
10223
32699
24080
10452
4713
18040
11413
13653
25594
20172
30153
10091
18411
2727
18539
25891
5407
6705
5528
26239
16807
16651
24823
29907
13456
16600
16693
31088
27135
15613
17585
8064
7553
2980
3704
19761
28316
6151
16243
14358
13226
14827
32735
6346
28391
9834
15614
16854
6600
24054
28428
7636
14990
15259
31605
22741
30748
2436
1861
14593
8197
16065
19936
27261
21226
19016
20467
17042
19203
3897
28330
15883
28923
30310
18212
16094
13057
14610
25124
19727
21020
18681
3081
24274
6590
31121
26880
27632
13725
20112
6520
20587
6590
5038
726
16997
12498
8620
4202
24382
17606
29845
162
5117
21910
30532
4734
25841
21090
10278
10052
22680
26819
31553
11381
2495
24159
7541
25087
9451
10427
32002
20660
21752
14161
15179
1275
25344
9187
27610
25030
3454
15630
17571
8132
23219
7970
9101
19671
27209
20273
3374
24520
2615
3174
2262
13370
4836
19352
32208
732
20111
4383
30180
10723
28654
7399
26912
22968
23573
7363
30425
31213
19354
22787
12268
23158
1783
3912
22089
1302
16943
28567
13747
17175
23477
28589
31169
11070
649
26770
9513
19454
1956
12913
3645
17900
24214
12967
1206
27251
4462
4122
1201
13001
11226
460
6903
8993
24975
27568
24193
28195
29675
15804
9020
27801
6873
18751
18953
15723
29942
117
21000
8653
17138
21592
3862
27063
29240
9402
10644
1173
15057
30353
19307
2625
21637
25746
7756
20526
1860
32257
32573
24294
6853
1991
2897
23478
26989
21445
27062
15015
6770
8808
30453
19633
18240
17021
13686
32300
4124
25415
10051
22919
25607
19663
29965
8764
32741
29308
1652
7171
26846
5091
28547
21063
26117
24544
22394
29654
15671
19942
15569
5852
14150
8595
14969
30994
12119
19592
12901
4147
12681
8823
329
32432
27864
4989
8098
16548
31808
24755
21494
9482
19237
32512
23133
26414
6386
7217
9536
31841
24577
31307
7009
27121
9147
5407
30491
14168
27136
17952
10988
20660
25545
23154
28464
28023
2315
20291
23855
20320
11231
10334
15194
28074
18145
5373
24274
24707
2773
22239
17962
8383
28561
8091
20846
28622
19479
22580
15204
31723
14849
1773
14353
5271
18466
18271
23679
838
16490
2248
13246
23640
1290
1702
9513
23626
18649
12165
4074
9518
9974
28181
16321
28760
23983
2175
7937
2139
12450
2553
18907
7988
13858
27289
26334
21700
5085
26982
26815
388
28347
19637
7510
6516
4617
31923
11754
15188
4566
11326
29870
16407
27805
1017
19339
24213
28709
927
14368
14208
26022
3479
6408
23961
18733
20681
14427
11811
4161
1201
26487
3480
17351
11185
2048
23708
28963
20396
9765
14639
13984
27856
2085
24614
28434
32435
22290
17116
16570
25506
17622
9509
4969
2614
21363
22403
12776
7463
8591
24989
6808
8549
24623
12524
17238
14949
21955
8120
21665
2233
4707
26691
8191
22244
14680
22596
21916
2156
990
22678
15669
32561
24872
7474
30260
27388
22437
4443
797
14171
2946
21528
9256
2989
3696
22759
17712
4473
23719
176
715
29956
11050
16120
2747
21538
27469
8023
23429
3916
10101
16172
10079
12531
7456
3983
24143
24340
14373
29575
9106
2829
21308
3709
12859
21423
25024
22257
29980
19860
26292
16748
21993
9650
23813
6070
1947
21041
29966
20552
20499
17786
19297
31236
5376
22417
31941
4132
12290
22948
15227
19057
19984
2020
18886
15797
24087
19859
32170
24690
21219
3934
12787
18388
15427
28654
18553
12517
31592
17082
8611
10752
5775
8479
11562
28808
28640
21938
30751
22233
25493
4565
23600
18047
4446
8584
13351
12967
21764
4482
14771
3794
12877
31617
28779
7633
14369
27870
16912
11501
7914
7012
12306
3942
9793
23650
15958
28191
30150
4607
31543
16279
1359
718
18635
31771
20550
20386
19303
25146
22604
31652
8549
24442
15138
15010
18468
29001
24522
31146
21073
4662
32489
21976
21349
1889
2672
30060
9327
8752
14459
30495
26132
19012
13690
27576
25556
25516
16782
3546
15503
25944
15670
11296
29767
13264
26922
31084
21287
5158
23943
14203
13764
19240
31789
28605
12964

