100000

31574
13757
27650
11571
16462
15079
18323
9114
25364
23782
28128
2577
10446
4251
29527
2598
8290
18082
28214
26859
9006
14643
7398
25590
19962
20806
18059
24492
1578
26363
2521
19136
24376
24888
3625
23286
29794
30868
19148
1837
2720
8564
22687
25244
3801
24947
479
15708
17494
5128
1087
11814
14199
25187
14648
26975
18597
29335
6305
2385
25479
4606
18815
11196
13945
24281
13598
2189
32314
13624
20577
26093
14820
25370
3926
3453
23330
26580
14093
9952
18077
17079
427
7035
14519
5357
18618
26488
25212
6820
10691
31761
21205
16239
22815
5899
32767
20968
5898
13184
1340
6811
31481
30690
26825
23071
2350
17725
32271
29318
18057
19388
14365
16376
16033
18543
86
25754
12307
20555
25959
2996
21274
19571
13949
26644
28256
2998
24244
29101
11796
3416
5330
9860
28989
26901
13109
21197
334
30819
19466
9296
26618
9464
19904
3346
22345
140
19388
14642
22508
2528
16207
7185
12750
17151
21733
22709
17131
31939
6527
2416
14437
31644
7267
10940
24020
22925
22801
11626
30430
18807
32122
29692
22281
8090
24685
16207
11212
17241
15442
20093
11500
28221
538
13825
9990
23613
22646
12828
5223
20797
6983
30840
14372
6100
28502
19724
28520
23890
15942
24127
11528
3842
11975
11344
21341
7340
27916
32757
24658
17502
22398
13378
8124
19308
25522
22477
22506
18614
20376
26896
9341
25641
29430
12814
29562
12169
17685
1850
22686
31853
27323
28052
10994
21387
24664
27669
8351
28981
5252
3149
23810
27428
1705
20043
9475
25461
15869
5053
11683
27889
11444
18008
14549
1169
21363
15738
29839
17473
14599
9998
20512
13029
2647
30641
15300
21914
30359
9746
1654
26174
7103
13727
19973
21298
5948
21598
13674
27742
3813
4120
21849
24950
17968
26301
6934
30076
5030
13828
2442
2951
19092
20050
4246
28866
27908
11485
28327
1975
14827
8465
20619
14542
27556
24883
9091
19472
15005
21060
19865
4145
30801
1832
16435
29390
22134
15111
6377
28147
11895
19188
17556
28384
23844
29388
22695
6669
1705
20833
5827
4203
22204
30680
20101
6637
4379
2128
4515
22855
1590
10181
28215
27894
16424
18227
9050
8576
31724
2046
1013
6397
17102
16273
31700
3030
14367
24133
27388
1741
28461
15749
19263
19005
23923
6449
21517
11939
15628
14399
4237
12894
29550
2216
7148
5299
20564
12930
30710
8724
14588
26217
12771
5538
5011
27428
18803
13296
1774
11910
3645
778
25210
23953
26435
17334
17014
18402
14539
4089
17503
4681
23658
17117
24492
31927
24418
3442
14012
16221
31534
23827
29709
17170
31834
30442
1966
14581
2968
27831
22775
21844
3345
20172
16503
12749
2553
16220
24110
6835
22630
19190
8188
19380
30050
10829
3162
24504
17726
20794
9544
30731
11818
28420
30598
24255
16643
17374
10759
10316
25708
28593
8611
6266
13856
7708
3340
20097
5767
13242
27907
31854
4743
24739
27852
11720
8092
15413
7903
24948
24107
19988
29152
31446
22035
10351
29137
20025
24966
30597
10631
19569
14871
10856
14426
4542
23571
6401
28705
23540
13333
19285
3934
11225
19157
17926
27573
5583
25409
29
8355
1459
16079
26118
5740
31236
31761
3548
30037
31304
17290
232
22804
19627
14016
15972
22661
12010
21906
23428
13726
5743
19916
25783
18853
15294
26873
25642
416
29967
3192
12685
32526
9276
32722
28443
12500
15326
27979
22484
30842
8115
20663
17165
12183
25668
18575
299
8586
12740
32068
30124
19819
20026
4819
4711
1090
4835
22682
6164
14198
20689
11114
16398
2952
26841
15837
13144
768
6828
15082
29406
21928
20292
30390
5374
18425
25218
8621
31815
5843
12309
12754
27521
19313
26525
30291
6893
2971
27664
2401
13006
14877
16989
5182
20263
31609
21328
6552
28871
29401
1206
14869
32643
19271
28097
10031
16835
24864
10926
14402
27968
8134
5028
21987
13579
26518
23264
12148
30930
4122
22031
28405
31071
23167
30459
24349
13921
26697
14186
14250
22895
2629
31811
1013
21066
31679
13299
22473
2146
24054
13327
18037
17820
1997
6715
20512
15955
32195
13386
14685
23197
9765
13223
256
9423
3459
12275
26671
323
20320
15599
16572
4952
30509
6045
30130
29627
28025
11938
557
7141
17762
2543
19055
10981
32335
21920
2865
26464
3553
5156
21303
8918
17958
15263
15143
25126
27664
17036
20379
28501
4646
24487
24949
14475
2938
266
12403
8286
2779
16022
9219
9043
16971
19348
1624
30370
5812
11164
30141
1082
15318
11958
41
26629
19588
30912
7444
21101
13072
6160
31114
29727
30212
28506
19070
22287
15634
30419
6496
18620
8782
6294
16114
14773
9115
11335
87
13916
18531
22007
620
23786
20364
19528
1884
29875
31143
18898
10863
2732
17258
11717
3619
14122
9312
4047
12414
28908
9695
19264
22946
4444
26171
17772
22690
28178
23609
29520
660
11162
28358
25209
10216
11639
13545
18722
29688
18279
29175
24989
27359
5097
8710
5364
31119
5117
10915
14543
19486
31787
968
25752
24161
21190
27912
8670
31420
17266
781
31735
6968
19428
18756
13034
24790
9705
31703
5516
5412
4778
15836
18152
27149
27438
30668
29412
27637
6688
31286
13858
23046
25299
14516
15653
22724
6531
12575
24245
13032
12510
21247
13700
7275
16578
31557
32017
11233
27209
22589
13773
32264
15619
18878
21629
14241
386
4516
223
22910
3356
26751
10128
6877
748
19085
25389
15860
9754
4326
184
4813
8540
10999
9022
7252
26557
3121
19127
2991
4766
8706
16942
1485
24826
26117
14626
26434
15342
24694
3115
31314
25720
12008
225
21323
11903
25402
30969
18201
27923
20167
24753
12308
29687
3549
23663
29980
21084
26481
31140
1768
10992
21776
26359
18331
19735
18201
30624
4248
29560
31018
30225
19096
19388
27352
2524
19450
11154
20643
13521
29018
5879
4392
11110
9316
31668
8857
3165
17642
17960
23659
15264
10293
13127
4430
25712
8857
995
1378
26302
20300
29995
5288
13273
2681
8817
7607
24138
20879
13360
1200
24828
32223
77
25203
24993
3430
32669
13331
29264
28135
15528
7816
5747
32318
8108
6820
3808
14832
15333
7497
12614
17158
524
4056
20171
15900
31774
11500
28147
13493
30302
5449
23492
29137
14749
12559
22568
3266
15033
12596
24978
5691
25444
17712
25572
7082
22566
22778
20113
29895
24485
28468
22014
3949
20261
27554
25647
11690
8267
25057
31903
18962
5158
15446
5999
5720
1904
20324
14275
18463
23568
11490
16746
10253
7140
19404
20925
5921
14526
22584
8137
32327
3500
16268
10160
23594
1405
19695
9548
25930
2688
27133
8726
27214
9103
22463
6726
30875
25164
29658
32060
26917
1707
24070
3359
20869
31665
4546
25028
2893
4475
18503
4817
17816
6273
14010
19746
21733
16924
31909
22379
13605
27206
22184
18975
29202
11937
26988
32401
27075
30396
14553
31066
7549
20881
8073
21498
1229
19538
23164
27074
5843
9829
32013
19441
32225
1709
24868
16669
10565
5643
26542
21460
12642
8996
7498
13444
16902
13157
5957
29336
32503
9541
7369
20708
5839
18378
28753
14659
30730
2895
19808
4990
23646
12164
28275
880
7755
4790
12084
21096
3314
1617
7920
1999
12842
19619
5963
29963
16081
9186
11059
14498
4448
625
530
31907
2754
26719
29512
29762
9575
27185
30168
23746
660
22753
14433
1432
25085
11046
30033
9165
14229
3062
22357
29860
21413
12873
532
29565
20763
26145
4892
9977
15909
22215
12060
18783
13055
9815
28501
20542
19210
20094
17227
5972
13341
17027
6848
12975
18463
29316
27618
11282
25814
5123
27076
12186
30202
21409
32523
27553
25998
21544
24810
10211
26224
7887
20048
22495
19758
26810
20319
11393
27419
20929
2337
26877
8098
114
31094
32510
5083
16217
12113
13824
21596
32639
21284
25082
15698
25648
5017
27969
27856
15361
19075
14761
12134
2834
28180
7405
6902
2705
8784
31825
19395
16767
32449
19333
30667
6839
23661
29389
19543
7212
16389
24671
18896
9074
13407
18700
4564
19328
10534
23587
23433
24500
10705
28307
561
23
209
24911
25087
23267
6927
18167
30505
8002
16277
3252
29503
3417
28555
10852
15547
18309
614
7671
3289
18660
21084
13848
8105
9496
3355
28688
10850
30023
31930
27880
3065
5734
23792
16846
27634
7352
4228
10171
15223
8337
19204
20050
19623
18528
698
22026
29744
13292
16092
13711
26912
11486
5635
3686
22264
16512
28894
13520
22018
9924
25896
28402
15845
6792
15575
12082
1655
1816
32151
19940
10962
12021
1142
1574
17066
12245
2529
14856
17886
2026
8655
16881
11852
103
3132
19262
27626
8513
27097
2603
24339
4658
10498
17143
19742
3332
16112
28227
821
17676
304
31932
7012
26613
13139
32249
6129
7103
7400
11942
18668
7686
15271
12771
12294
26760
26095
31207
22183
32482
29043
9193
19002
18842
12848
19264
13004
8802
26018
6089
14293
30107
24119
2953
10069
7449
772
21395
4899
22566
30646
8236
22658
1225
204
18478
17910
32328
30724
15274
21334
17643
25875
2513
8225
21251
3737
32277
11285
17195
5972
6283
32254
11214
31636
26004
11469
21481
751
30908
32489
9490
31285
3810
5066
32442
18855
7066
19395
20143
15203
17871
25119
4836
1571
6061
28016
10357
28711
26045
14884
3046
7792
12626
13145
28332
25647
2597
19955
17902
9853
13116
10731
13964
10316
3856
24041
609
21150
5870
8470
23237
19701
24990
18219
15446
31242
32067
17103
14329
11457
8322
8735
19739
10589
30438
14734
14653
18160
3203
28911
24751
17686
7386
26320
13467
10723
18685
24074
14918
15386
30964
10646
6035
28064
27742
2722
18633
18992
15963
13540
25493
15951
24746
27951
2899
19075
21007
30276
31369
30400
5112
16362
17844
6691
9055
3137
15176
19171
30962
32595
1266
2692
21618
19692
28192
589
22361
30892
29635
25597
12991
23642
339
17082
27774
26747
32532
30794
32661
21283
5529
27269
23498
10508
19078
17674
2196
29925
23194
31538
28471
28908
29932
9794
4145
30399
15220
5093
10197
8559
11470
6361
1590
21975
23355
31720
7750
9516
5353
3354
4159
15829
24948
15657
13122
24188
30892
18741
25150
32613
5785
20153
4116
9726
20668
23486
26361
5816
20632
20302
30491
22806
6001
7724
14471
16899
12116
20418
25674
30825
27991
18267
26838
10239
10530
11666
32168
22115
3502
3594
6696
3688
26445
32096
21457
21937
4843
23390
26513
8319
29331
1394
29299
14279
2869
3422
7547
17800
12198
18480
16593
31579
23784
18805
16931
1868
11180
7850
12868
19176
31509
24307
28185
2199
14527
25360
18101
31532
27136
14732
29891
3003
23149
11063
23332
6570
5024
25559
23770
2315
569
4891
18981
2857
27683
6608
10475
21857
7193
5975
23645
14900
26216
27479
28632
22682
27382
32687
2313
21912
14467
28335
17749
21524
13615
22919
1656
7913
28732
767
29292
14647
16662
617
10892
18684
22416
8916
32249
4073
8561
17027
6973
26222
10543
18078
1326
27928
20986
30502
20245
26652
5372
22318
25616
31028
9184
19785
23989
11177
5265
12351
11768
1713
31300
3076
8271
6652
4024
13034
30228
14474
22204
28437
8746
21951
20723
26671
26595
14521
13780
4446
24865
31201
18932
13171
12220
32448
15240
26469
24100
26645
10277
5373
13128
9764
12235
18898
32182
10064
14626
31864
6659
21740
19203
4085
14445
21071
7994
11124
9663
12838
21131
14910
7029
5647
22003
10213
23329
27747
1327
11458
6413
16466
1667
16034
31266
20534
22452
31165
10504
24097
11350
5608
18063
28344
334
15371
14670
27205
2447
20436
8330
21511
22567
429
28249
3021
27519
15596
27910
19907
32222
17994
13240
25739
16176
7831
20047
16783
23558
32172
7311
28566
30173
31136
11392
5014
28835
11839
5140
28617
14711
30903
3595
7427
27313
7061
24084
28227
28962
24304
16437
12936
5789
228
26476
18662
5557
2627
20375
15064
6857
23430
26257
20696
22078
1546
20638
21805
1036
17785
19465
30981
3196
11653
30731
4035
8752
24541
751
5274
355
24153
884
11867
13426
19832
371
9611
411
15117
29121
185
26117
15669
10583
15118
16897
32140
2992
18726
6800
1185
30835
24606
5157
22951
15442
13039
2732
19053
2354
6650
27338
28560
14732
22756
12391
16623
25363
30371
11882
20063
31895
23513
963
28832
6953
11105
25007
1680
2688
2344
1847
4767
17563
17215
5626
19587
3240
4398
9261
31533
12581
23946
12256
11003
14661
19914
22403
5167
405
31830
31656
17824
3039
6369
11787
26543
1614
25337
4559
11133
19924
13020
4362
14939
28617
1166
2948
14722
28373
14632
25276
13829
20239
627
1836
3331
11622
11445
27342
9249
26177
15051
31967
1591
3938
2168
4835
14410
18704
26365
25321
23227
10869
26602
29456
27325
19781
18995
8778
14348
15520
15750
11872
25309
19258
28636
23351
30224
5305
6479
8017
29101
11870
31275
31126
22926
19176
32583
21589
7257
21941
150
6534
26290
18731
19961
23634
13998
17494
32343
15317
17290
9170
13552
25378
3485
8684
20718
19079
10891
16900
15165
7699
8636
2870
18077
27990
27916
22073
22006
2152
29124
12934
15595
11821
1482
9917
3761
28630
21780
20549
20258
28075
15202
9779
14861
20744
26157
25454
5329
10150
21210
23568
15914
1052
32052
16911
28746
1958
21017
7452
26924
14628
14963
31179
27941
19814
21099
5109
22460
17574
8409
91
11963
342
25342
6539
27526
15389
16501
13320
28332
31004
31591
23973
20924
25205
28927
11314
2906
11278
32285
24410
6545
25746
7247
22988
9835
22457
19197
13721
23231
26058
6371
30685
21323
29790
25028
10146
27650
23654
5213
19457
21927
31087
5273
5514
10651
15909
3587
14055
28660
29206
19072
12475
19406
31929
24894
5328
16870
25007
20968
1138
19813
21064
24604
28182
14073
30793
17182
20032
25130
24045
32206
30627
1260
5929
29399
9865
32112
4148
2346
25461
14912
9543
29867
30983
26763
26530
30505
289
23741
13263
11668
19784
26963
32042
15722
11853
6126
29345
30323
24364
30886
24761
15534
5940
31648
29905
20107
1896
2275
17835
15194
18214
19047
17704
7684
29702
23663
32595
28665
2309
22553
19105
2153
12515
27700
19832
7095
6089
30801
31981
20267
47
24093
30930
13543
7933
31982
26864
17436
752
2971
16273
8573
2880
17553
1346
19444
12672
6179
4566
404
10949
22818
22190
28880
9226
6062
7736
2538
7635
7755
25782
1198
11025
17720
11841
28255
5958
4092
32269
21490
14313
18753
21230
23674
27916
4325
19739
26596
5436
4175
24883
1508
30889
18687
15485
22831
28551
12649
15988
15083
18355
5124
11139
12899
11674
25758
32013
5376
7255
32754
29360
25205
6427
2428
18635
12601
15826
23436
14397
16186
22275
15770
9072
31440
6392
21721
5271
6127
12320
782
28979
1442
12465
10147
1756
22452
10641
30455
21822
30896
24183
23545
14690
14349
27982
6133
24111
2210
25306
5294
5680
864
669
7340
663
575
17916
28119
11138
26489
22174
23109
28030
25847
2069
27473
24649
22536
5312
15085
6877
3417
8687
30521
30889
290
20297
17492
17442
28573
21867
28785
27258
18876
30674
11822
7343
25115
19963
18722
456
26164
10184
2229
24156
30674
4390
13621
21843
31432
14573
29478
9712
27362
16136
26841
2832
19996
11733
25152
8108
5906
8910
26368
27813
3000
27242
30408
961
1099
4926
24545
19440
5767
15464
25607
25301
283
9005
8056
14209
27482
13281
26186
17026
19763
8711
3073
32540
4963
19386
18785
2518
21481
27724
13441
2105
9914
25132
32545
15828
30391
3085
28477
29315
24284
324
17891
3569
26554
10610
2113
3164
14631
30564
24322
12440
5172
19255
32731
5975
10591
16320
21856
4007
7946
26411
22813
23740
23596
15073
21474
17648
27463
17072
30814
4616
2458
14118
3055
26297
13975
9021
4537
3435
22423
18750
11254
9276
17357
20191
10124
19016
19576
29870
26085
12840
5469
23731
6395
15800
20853
9297
1458
1821
14307
21870
16491
31495
17704
29396
6102
26676
7322
9174
8711
10294
7699
17206
8141
17781
998
21830
10815
17015
7447
10574
24215
26207
30667
10798
31812
12980
4093
8772
10554
26212
22131
30352
20621
12809
9200
7446
20286
362
27820
21124
25429
32325
18433
21269
4399
12364
8295
6837
29466
24173
8098
28774
10015
5462
11066
16610
20255
30521
1324
3202
22306
14540
25823
27742
30187
28565
7257
29366
7120
5476
7603
27281
17352
25889
29898
15011
23238
29895
2360
28532
12613
12465
15491
12479
11044
7189
14483
9752
8629
31438
618
3794
11281
18526
9487
4384
16814
8243
2251
1146
27443
31529
19096
15171
30090
26193
10199
4008
23351
5873
21057
14283
22505
32715
16416
9505
23119
19362
19647
29464
18477
24827
15647
10494
18607
21281
31979
21278
2301
25707
10158
14124
12047
32193
12868
10211
28355
16221
18575
15340
29997
3791
13163
27650
7726
17988
23267
23636
10312
26887
14501
21802
23216
328
20147
11980
20901
2845
30300
13472
25857
4294
7019
17298
23822
23605
14238
10168
27034
25038
8793
32054
3918
18539
2204
6240
32571
12963
8499
14623
3254
11596
28972
3478
13670
26430
13454
18437
28571
5722
16200
19437
13025
11723
27240
13941
28374
18828
24973
17932
25656
29482
25759
25936
5186
9164
20925
23854
14905
10096
2935
29259
834
17783
3902
29091
30838
21092
20504
28785
20280
3809
10649
17230
5062
30723
32526
28828
25103
27854
23291
8741
8389
19708
8904
23040
29362
29946
12983
28341
21071
15156
30233
4768
2963
21138
20418
27291
2057
13890
26298
30679
8485
697
11061
22795
27864
24564
10181
9937
14434
24836
29391
28492
9576
31945
21564
5391
7494
1022
29552
5434
3750
14453
8576
30950
10578
27044
5023
30148
3142
14945
8666
512
6666
29674
24070
24428
26430
2600
5878
25050
30582
13621
7153
29897
15433
17435
21602
9285
2725
3295
32722
11528
31333
7614
12820
22501
25638
5046
24511
9319
29014
14920
3810
1717
29325
22653
32754
15544
28705
20263
25351
32384
10485
27753
27976
3556
29585
6265
25252
26985
13688
16293
26564
9830
25781
7572
12349
13925
18360
19919
23817
7115
26464
17791
7992
20924
26457
6777
29411
27449
14504
15223
1634
11659
23172
32168
8638
10725
7528
9068
8809
6725
7270
16472
24365
1435
24766
7809
2147
28461
25519
2295
22629
5434
25229
8079
10310
733
14612
6118
15552
31029
13820
4002
24429
29635
7629
21499
6202
19475
20469
17019
6938
16543
16920
9985
15863
25328
17831
15116
2798
12550
19380
10806
17083
24058
6917
16383
25458
3554
11367
8908
1905
2293
8516
16432
12434
10736
2168
20073
21413
3000
25953
1838
14365
14912
11573
32680
9
27309
11929
16830
27718
32440
5999
2709
12531
22356
3311
21079
28198
14993
2553
308
8413
20673
30633
30119
8248
31961
13357
16379
31461
5146
31699
14093
18651
14576
26726
19027
17739
23834
31419
13597
17619
12043
25223
30491
23542
30352
30835
13856
18889
9396
7795
27941
31470
6881
31315
3217
14534
27975
16019
28600
22755
9345
30068
19361
188
17014
595
31500
20901
3710
19766
19379
4350
27847
19621
12497
8362
17654
25019
32481
23491
15377
14972
5288
11147
17820
11881
5493
26790
20482
18770
6312
23687
4151
30828
29297
30505
12444
3491
31194
3327
26403
3377
28680
12589
14003
31088
27837
32760
24526
4332
29730
28027
17521
12989
6596
27804
17211
23828
21724
575
19922
31251
27091
6330
16003
28386
3333
10120
12584
8447
8902
833
25423
26069
16546
27081
24472
4241
21481
7880
30815
4657
4460
11355
21915
24541
4737
7178
6662
4987
17229
15353
25471
31358
1602
17506
10924
1790
12518
28994
17891
22286
17878
25683
4939
17994
4107
25403
3646
15791
861
17923
21490
13744
1605
10698
23385
7813
2279
15291
25669
8903
3408
12348
25040
30778
1276
14952
25595
13034
10139
6080
17557
20089
10004
1053
7007
25015
25803
10730
15725
12403
3104
25231
19407
3985
13880
23344
5489
20317
31487
29080
20544
8223
4973
23920
28046
9456
28937
31157
3512
10443
28332
17001
22278
10727
32392
23176
13266
12100
31080
11837
15341
7300
29497
1366
19774
30717
14538
6646
6060
22284
23248
1929
8255
25772
27181
9725
32641
13895
18802
9520
24363
25292
14242
31908
31485
4097
30777
890
10478
27163
15468
17566
11397
14732
12723
25407
22919
2844
22917
9090
18898
7739
3682
27511
10889
3477
23063
20556
25713
26088
318
960
9115
7954
26628
13787
580
11119
13359
16092
23289
4449
20575
9588
1535
17200
13459
21809
1521
10517
6128
6461
26539
4497
28606
12104
22887
31747
24500
1731
15654
29050
32629
79
14930
24520
6490
16757
4769
10968
18034
28823
15932
26689
3015
27942
4897
31002
23779
22550
31685
30225
10131
143
254
8631
19691
2278
11041
21790
11146
22475
32359
6822
7968
10692
5782
27412
6445
22234
9693
16612
14091
8337
23295
30177
31022
7198
29364
7922
32683
3285
30796
23095
28663
17121
31125
17236
26609
21047
12799
525
8739
13773
28926
10004
12101
13062
16304
19230
26883
4465
2496
9276
513
31412
19850
1385
22299
5827
6015
31839
26097
14422
19659
432
3235
11673
2358
28433
30425
2341
5192
12281
23559
30511
12721
24683
29423
29439
20712
19983
15975
28836
24593
3976
5980
20199
17956
9730
6167
9597
18508
23818
19647
17281
24205
23715
19743
29217
15274
8598
9130
20375
3142
20489
9660
22107
12617
5203
8483
25750
31109
1551
734
22490
7834
16751
23332
4369
2326
10964
25257
29876
8161
4251
25884
15166
9945
7993
13556
9695
28857
23434
3180
27508
26687
5990
32716
29111
13454
5238
25835
9907
31953
18757
21490
3708
3873
31898
9570
22812
28329
11014
4441
5328
3335
27321
21521
20597
13046
16793
31657
16957
23594
8598
17192
18086
2684
32567
7871
19373
21575
13945
23886
31806
12818
12762
810
16368
20335
1969
16926
25327
25378
448
12975
31289
21126
17164
12964
22542
9261
32749
3270
9377
1479
31841
19941
28436
26949
17573
27419
19107
32062
21511
7509
19488
1169
7670
5646
31647
20812
11611
29022
3698
26316
20012
2356
32088
1830
30013
3551
19185
12230
23130
2004
3701
18774
30868
9899
5798
3810
26840
362
14595
28729
19142
11270
8511
29590
12223
17959
13553
23167
15424
26412
24461
3566
29551
2927
23187
5551
24820
26314
17926
7945
5386
16474
9504
22176
9942
15234
4932
6554
12535
12851
17716
16897
31838
1131
10884
4712
19808
252
17231
1234
1801
19343
32296
207
6324
25576
12883
15592
27096
12908
2614
20285
14373
15840
29194
12653
7120
28275
24278
15286
9771
511
414
23390
20088
5516
15063
2129
8447
26646
25119
15883
25694
14992
13867
31672
10529
28968
2305
3994
30610
22989
31847
12716
4050
15342
25243
12677
28713
5509
5956
15230
5531
10581
25769
30999
10940
17007
18721
4247
6341
20731
12490
18419
12006
17461
30590
20209
21470
17846
18179
29837
30154
14837
9602
19356
11322
10765
18491
687
16522
31425
32374
29498
4208
5309
18621
11254
32465
25118
28744
31363
26329
17717
12985
14418
17738
27784
22026
24258
3092
10266
14531
9865
21543
9197
12912
13910
24965
11204
22610
9397
11675
23597
31317
20786
27601
25791
27714
22721
15456
16289
28470
10589
355
588
20307
30960
2610
11153
2485
9075
2283
4829
3751
13398
1617
23740
29719
7970
18394
6300
11336
27485
23555
27604
5319
22446
16615
28132
29088
14401
22800
6654
10449
5229
8845
31174
20991
18324
25668
27991
28264
10571
17802
13446
23833
187
1009
7530
24417
18247
15201
31772
16773
32368
29803
20411
31669
7413
27865
14515
24383
22334
20106
9279
9219
18170
18557
20781
27175
13832
15915
4578
1036
4243
282
28573
7296
17026
18607
4864
3381
1039
23620
5580
31089
22965
9082
8684
264
19280
4304
437
8072
5760
6773
1388
2995
24654
13659
25096
11058
10770
1677
27962
28295
3476
16066
23211
10564
1137
21554
24197
14970
16064
3752
22836
6517
19702
6617
28782
6822
8455
4596
14704
225
10958
15994
22667
11977
5039
28496
14816
3208
23931
12307
18280
30147
26771
17835
16439
17356
9553
10787
5377
18458
29859
31415
28125
19191
31737
3119
15689
25209
28770
6508
1134
13747
7409
16449
11430
44
10342
16516
6716
27025
24074
12644
23667
1446
32219
8444
7881
4226
22505
21033
16252
15100
14080
3225
12110
7009
24199
13093
32389
5736
8104
5217
15159
21607
18866
10609
1220
5830
31163
14110
30884
436
3465
1321
23651
11802
15795
8158
10473
6093
8963
22509
23295
15368
11039
29814
11535
31769
16488
19299
7723
6234
10531
13306
27217
22371
25047
1970
22510
11646
30453
9542
32416
30812
8638
10761
27456
8966
11362
21881
17696
17941
24933
19222
22673
6182
2631
9845
10921
17033
16740
5520
31299
28217
6937
28000
21062
7441
27176
27822
4395
9020
9054
8486
2489
21742
9331
8877
8467
15441
25137
6388
3573
27587
16856
16205
7483
16446
8642
23230
8099
10263
21827
22100
25811
16876
6099
31162
26526
26584
15215
28170
3971
31464
5692
1251
11126
723
29550
30140
2532
30181
2920
1400
20977
15677
18212
19514
516
18744
21206
3450
14213
18989
17356
22105
9189
24923
21913
22065
21215
24095
626
9585
9726
23403
31448
28328
10592
20851
16504
11743
9657
28585
26703
31276
5018
21228
18449
3460
21492
27644
4812
32465
20952
10802
10440
25156
29056
15982
7859
17389
28819
2640
16378
12425
7077
4011
4218
16539
31997
29750
4440
22974
26780
28037
19757
6713
2427
10552
28519
8916
21523
1395
27372
13034
546
11662
29696
19136
31661
28429
20840
18453
20801
23250
18639
12538
11135
1681
10858
8420
21464
645
16344
3072
14996
22369
8780
19654
7705
8330
15341
12241
14186
5763
30845
29166
4078
7592
26937
25715
25715
11552
24577
11218
14706
8717
17849
19565
1172
21253
12271
31148
3958
30662
31166
23373
30633
14629
25586
15612
28670
32072
108
23588
9984
17429
27849
18436
30401
10218
8254
2053
16858
22159
20678
31819
8621
5737
13184
11402
18925
11248
7250
31003
17761
13155
16595
25167
28644
17082
8808
23043
20913
26588
25517
21364
16349
22290
3350
1365
26149
23995
1238
4639
7658
27970
15871
2729
13946
21070
25323
32504
4753
27704
32476
4440
16160
30914
27359
16299
26444
18438
502
22274
18874
27820
24693
17770
4874
15456
12973
15881
16801
13443
22216
25449
30380
5921
22004
27667
22625
21540
30916
30048
27016
4807
31442
30860
31291
28493
8618
5644
5610
16626
15075
11041
4770
31778
17807
26030
9614
1257
19158
19015
8382
1451
10717
24714
15911
7701
23277
31154
7147
32339
28113
17769
19931
17027
18303
10462
10298
8810
25339
3096
10180
18790
6521
4490
6895
27300
13762
27623
28785
26003
22232
17975
20226
3737
26077
29227
23139
28676
9009
20653
18847
5955
3803
10428
12945
16982
12330
24695
11942
387
155
19575
15589
8523
32254
2402
1324
28828
10197
5053
24764
14152
27645
4610
19447
28854
18064
1267
9577
7896
6409
21037
24070
18780
31913
23808
32434
32039
5146
8574
9991
24575
8275
1490
26962
11399
23739
21972
10206
10865
26257
7386
22390
30447
13195
20944
19237
12650
23485
2443
27968
24695
15037
9050
2470
8967
11269
9182
3399
477
26264
12828
24291
30022
15337
27345
13588
29444
15864
32261
3471
6283
4286
19171
10663
17776
27339
28104
13331
14878
2350
29850
29680
3787
6805
11611
12554
5802
26037
17150
11607
866
12012
7289
22468
23744
8485
12827
7220
8360
15869
19744
29894
8018
6436
25987
8279
26547
25349
4627
8777
22584
1705
16073
28546
10170
24280
7513
27831
31407
18050
1031
8682
22685
2142
11964
18225
5589
29137
5721
3770
1373
3345
21067
20492
1838
18058
14432
30863
18079
385
11992
25935
15650
24567
25792
2557
19758
16848
25723
2359
2428
16180
13474
8712
31862
8758
31502
5811
1005
9139
22066
28844
5386
28541
24750
17896
31879
13241
4898
25430
28446
16262
30784
174
32322
29920
26406
24937
17678
4547
14314
1808
24955
5267
9846
22714
3541
16315
22422
25553
28272
149
13391
6676
26519
15754
3955
12514
4037
20346
18802
1461
4632
10845
26227
11245
5378
31019
19107
1999
31042
12538
4301
6861
1298
24422
12076
25863
20386
14390
24189
19
198
9789
30551
22265
14571
25469
14783
8066
13648
23699
13048
30899
1139
25423
13720
21140
24265
29858
6113
822
30641
5565
11341
11507
23211
3191
10347
23032
10437
30447
28138
28929
19031
1651
27123
26468
26864
24993
32445
21585
17808
29132
11099
18776
16152
8098
26072
5163
7422
17163
23429
19878
29253
19028
2962
23052
11437
23692
28636
16020
9255
31534
10246
28708
16011
26369
23243
32604
31629
19517
16786
17878
31982
31215
4675
30892
24303
10398
15194
17467
29963
5167
9786
21799
16101
27910
29635
29344
10624
25710
26406
3555
28846
22587
29432
27395
13515
25006
7302
18153
6314
19352
10601
7833
31696
13250
19290
31672
9440
23437
15943
27211
28759
27606
3238
31682
22393
12316
28169
31541
25484
3301
29682
14061
24899
13661
30953
806
26749
25665
1485
23059
3120
7163
8552
15651
18079
12815
15941
15235
30164
10677
15046
16868
31818
8647
10097
6014
23018
23006
18315
11349
20792
4793
32744
7355
27855
19934
10241
3606
30987
12419
28999
18659
17925
3502
22711
13307
17860
23452
22191
5397
23217
6240
16640
14989
27212
25036
4932
29284
2078
17556
4466
29319
19694
1713
30895
5716
11832
28932
12903
5466
27099
23612
15773
5984
23058
1273
17023
18857
17829
27441
1086
22903
97
16596
9500
30670
28613
11179
28871
19066
18430
24198
8421
28244
5398
19862
20464
28352
25704
536
3652
22138
8791
20787
19830
15763
63
31268
5608
30902
30380
28568
15002
19888
14282
20569
32579
20783
9757
21293
25761
20938
9074
10748
3853
29762
19478
8240
31570
25864
29253
30817
30143
17151
28133
19762
1915
10114
5237
31094
19993
28585
27968
19352
29036
10952
30166
2105
11165
21049
2748
26
6010
11868
18531
15677
14609
3291
30807
2887
29822
11315
24249
24361
26369
112
31727
25087
22100
13623
5786
9016
10811
4362
8648
13816
9308
7624
21356
15802
19025
14963
32523
11834
13820
31286
2231
17042
16410
29863
1089
28579
14619
27465
21675
21942
9266
26709
24540
30051
10408
15034
10903
11187
11637
29538
28846
14721
21265
18359
3443
23078
16264
32102
18544
11605
28877
17250
23128
30787
2384
7213
15933
523
19154
15699
8962
3922
13176
2103
4372
16678
28959
17
6229
23340
7920
24888
6745
13563
308
15773
1237
23235
13161
17048
4180
8498
31893
3048
22316
12440
15834
10229
22705
19273
12107
12631
15528
21315
24318
8604
27391
21264
9826
16710
19387
3566
2515
22804
17201
23342
13932
2179
15993
20698
4637
26003
25632
410
4605
18894
15645
20952
19169
28807
27142
10275
28717
19040
14468
31953
13546
10767
11525
3305
17177
11873
21680
13376
15687
3454
29598
13025
32354
9584
25415
25010
3019
30175
13626
6741
28076
26398
28178
22093
24972
620
27813
18786
6945
32627
20862
31558
1893
19221
31374
9336
17900
27496
26398
21097
19572
25855
6152
5854
26814
1388
16423
18069
5276
14082
22796
2859
20556
16864
28658
19517
30468
7723
16116
13262
16846
15258
26238
20968
27798
25144
23298
9094
12673
4197
23276
178
3713
31262
215
13803
2343
3455
17921
19657
25784
8326
2300
18404
32386
11290
27815
22001
17520
14412
9053
16430
31197
24028
31340
6145
16038
255
14793
26587
3203
10591
11266
27491
7831
7012
25203
4817
30533
5810
2493
21911
30790
24051
25204
6215
16632
27606
12824
10673
18169
31063
16455
6987
23797
14658
13360
30935
7100
27890
26187
9023
24984
13919
31304
21188
23517
19288
21829
1111
20161
28172
17475
22087
3950
20175
26331
6173
25686
15131
12845
4549
16327
15829
8218
17902
2239
5330
24243
13234
26113
8090
5104
23418
16232
11116
2470
2844
27004
16514
21939
13639
12099
21653
21115
22561
11866
1700
31641
14126
14659
18418
718
27764
13313
5710
12605
5341
7906
11158
26843
7132
17309
18046
23073
27219
14492
28814
16900
31925
11931
25962
17446
9320
15474
32598
13646
30829
7471
19705
27158
14658
5224
13409
24035
11271
27856
18248
17946
12513
17671
11414
26001
6300
7863
17191
13380
32148
25564
25037
12106
9173
22115
22681
25863
9345
7671
5974
4514
26738
26648
7511
24505
13857
20077
5747
8532
22214
30555
18765
5400
5825
9430
15065
3006
9529
9591
11035
451
5891
23503
20274
352
4293
20476
27798
24764
23643
32633
14750
12385
28025
24379
10053
28140
6546
17401
30765
20233
1785
9419
18660
14495
5959
27638
28007
13896
20732
18950
18404
1540
3177
16158
31940
3118
26573
20109
10217
17327
18110
4257
30516
32369
24778
5824
20043
2583
9055
21940
22425
3307
27368
2631
9878
12055
22329
19472
20296
25625
16173
17036
5898
26737
1933
12401
8844
18332
24884
18750
17691
32326
12913
1303
21794
3260
12205
26320
10737
3488
26446
26696
9918
9440
17627
248
30441
23272
20320
31435
24453
14359
10004
2352
18963
13424
1593
22126
27792
20371
18756
31545
12979
25835
16958
5250
19568
4136
23402
27539
1472
13808
19752
25690
19364
1233
27417
9733
615
635
19588
12752
4388
31020
21496
23579
18057
22891
23091
23488
31450
25593
67
25507
4921
12293
27883
31371
18980
24991
31048
1328
24895
9327
4276
13973
8276
16039
18411
23191
17816
20534
28525
11974
19248
4671
9507
15733
9715
10953
10564
28429
24946
26808
31354
17831
15669
31740
32065
30425
12104
32264
12944
22479
28663
24197
16828
20382
29397
2120
22937
17366
28931
21122
11490
13142
26798
4663
3547
29541
13786
24562
27956
17150
10334
26038
16433
10346
15152
18743
4616
19733
20707
1610
17547
19354
6510
19867
17414
9248
1327
15262
12907
19177
26928
31688
19884
1320
14504
11262
5481
2067
30661
5198
29643
3642
19368
1757
28080
22295
19378
31776
7688
17638
30718
16207
126
3255
31022
16151
20316
11457
3435
22160
30888
7417
18087
8814
28307
28131
32293
13947
22293
18856
8508
18245
24273
2922
15192
7187
13118
24788
24897
23838
26632
10741
24992
4606
19380
2894
24255
25699
28548
26153
13712
31493
26266
11053
22001
222
95
15152
28718
11414
550
19020
7111
23615
9229
31029
23412
6466
21796
6345
8807
6297
2770
19433
16081
2879
8052
31624
19879
21221
1094
20737
7078
28391
19079
10926
6037
13694
18392
16054
14794
11575
23014
24614
1263
6820
3400
6724
1030
5713
11179
5664
27051
16121
29996
32363
13465
23546
2309
21900
32112
1031
16748
29169
20918
7197
1720
5283
16411
17080
24006
19998
31233
31558
13723
9567
11835
11740
14410
13630
277
20264
8984
13310
17813
17575
27103
6435
23553
22807
10672
21891
22945
21808
11964
20896
24006
4239
4469
9781
14348
3827
12016
17167
17371
32171
142
30750
7476
9551
5851
5324
4778
9135
15286
4493
30894
521
32691
30648
16912
31615
14013
31637
451
1991
10240
31927
14817
32293
29958
24716
7150
25750
31775
31538
7777
16206
14855
31372
2912
29797
28355
1942
27852
6094
2508
4597
31101
13192
8559
31187
26575
24600
31092
3049
18781
16694
23806
989
21516
15047
20402
2255
15436
29195
23067
22575
1178
28440
30029
4817
26185
29319
22985
24643
14211
21357
13729
23646
29323
31117
3549
795
16964
18379
20252
3752
14327
2788
20863
31675
3665
16477
21442
10279
7595
18873
12716
16301
25999
24559
22954
27412
20343
23323
17847
30075
3799
8820
31614
23535
16990
22654
22467
31545
14969
6017
10495
20473
2330
21049
23882
31993
16055
11471
18302
3003
30869
25096
16282
6996
9286
2237
8804
29053
7281
19851
29779
8680
721
29899
11179
16336
31616
14532
26090
19924
11638
22560
3171
24581
11340
26781
11305
9278
12102
16901
1326
17588
14737
5472
5292
22733
6089
1128
7876
22582
22207
19773
31590
17456
6008
24154
10864
31530
25721
26312
29466
27285
27713
13969
4753
4852
17688
888
15842
4658
7687
26087
31514
10297
296
8745
5547
27072
2848
4569
12818
5476
15337
16795
17591
16123
17621
5898
28693
17701
30671
4849
3610
17699
15332
957
26833
237
11011
15410
26174
27518
15617
8798
11146
20339
9184
10955
31584
17364
15697
5113
21398
25394
15735
30219
3600
30962
30446
31425
2273
6376
25612
20902
6580
21800
21863
13451
20587
1560
27031
4147
19717
22730
12861
9552
11461
6025
10820
13742
21136
24754
24934
4527
3736
16326
242
6647
26935
23740
3533
2408
5405
13724
2999
6993
19630
5705
26064
25058
7846
17054
16475
24804
28159
1725
6081
16551
10516
8612
20697
11579
31750
15874
7782
13794
607
27976
24546
16582
15349
22786
23930
26344
18706
7784
1369
19545
12753
2096
3625
18604
15563
6823
8919
29611
6387
9728
31639
27209
24255
21228
2089
24536
11401
23915
3930
20348
25140
29153
26573
25056
16402
24684
11771
23335
27909
6773
7033
9510
10213
11909
25466
18896
10274
13914
14484
29169
29099
27451
24519
15392
8206
21640
29883
32750
27872
17557
17225
20836
30047
6072
23101
22701
854
27041
15194
21007
23873
13546
19615
18976
25010
4335
28361
27190
29171
480
23833
26911
28653
3861
14935
29714
21320
5025
28439
9190
6612
32041
15675
21122
5928
27895
11449
25749
26505
28490
13727
23431
2573
15600
19284
17327
26111
15127
11552
21190
16262
11617
8174
19099
24450
20022
30033
29705
29367
16734
966
17958
25645
5327
29753
3518
14038
17347
2250
10496
8818
28686
16592
11126
30640
17839
32286
32315
3990
15525
3974
20584
18978
11524
17564
27599
24626
26951
28348
16876
3233
21224
29519
17688
20659
7470
21321
25088
22451
12871
19446
11606
15834
28310
29943
6598
15987
9806
32648
18988
3389
10560
31492
21508
24337
14577
17066
1569
26052
9456
30881
1955
17231
358
12858
25379
14381
11247
14710
21040
4357
4776
1992
23807
6025
29066
24091
8798
2718
31222
7703
23530
25021
6288
18592
29314
24473
19793
17824
14075
14338
18904
22791
4885
19721
18945
26896
18094
18277
23225
31173
1334
3605
785
453
1891
24903
913
31813
25894
7289
8142
23637
19421
25566
9790
17764
25802
16643
10828
11527
32708
29362
9384
18934
22060
29719
28129
29783
31267
32545
18229
23360
17914
3627
26024
13175
24554
8412
13139
17276
9734
18507
15103
28873
5741
15975
29170
12888
1988
3223
21513
3174
17892
1437
1543
31095
26319
5824
29229
25754
27625
13354
4875
6382
869
25743
24725
19045
32253
12303
4985
7112
19686
30302
12976
17915
7171
28706
8019
17539
23641
24476
4785
11077
21187
13451
17054
2448
32486
10061
8206
32350
28264
3912
25570
25047
20573
30856
24065
10263
23810
15529
15019
24881
26030
8952
12810
31348
8453
19413
22026
9453
1903
27484
29291
1324
21449
5956
13077
4171
31834
11270
1195
14893
14344
3394
25442
22788
25547
17759
3092
25110
23651
18547
17296
25536
8262
24162
10293
24763
19933
30793
16831
28830
20975
29981
17248
18852
23134
6543
13331
6064
24849
16179
28973
17550
25393
32482
16180
5500
6296
23133
23797
16873
16262
10546
19665
26492
20630
19684
18520
32600
12017
28742
4633
14495
10434
22056
6583
23604
23530
31541
9792
7622
21236
3868
31419
32266
28235
2286
10496
8775
28074
23239
1741
17688
11733
2225
30997
9326
28295
9925
2459
4308
13483
660
31424
503
7374
31685
19865
21605
12757
20479
28229
5269
7147
24073
31358
31528
15294
9263
22125
32366
1515
32232
963
7468
12982
25783
28421
18076
5631
14415
10023
950
13170
20986
13149
17838
25341
26427
31534
32190
6535
32690
29898
25125
10719
577
3485
1136
4594
7533
292
7416
10306
3847
4608
12204
15763
3851
22857
28176
1767
25032
8228
31366
25517
21825
30616
28877
21558
11732
669
22471
13416
17945
9846
24703
3766
26125
5441
5738
6992
5488
26317
25837
16278
28011
13227
5664
8659
11638
26248
11986
9512
6009
14266
19405
25030
22321
1816
25690
28000
30934
2063
5640
2017
13051
29682
23978
90
1973
13970
24991
26174
255
18703
12630
23249
3165
12013
7696
5854
14784
18794
4328
30888
25002
29967
529
11812
30354
9606
30048
20325
1418
29611
8202
32088
10783
20965
7086
22705
31105
23223
19094
25893
10468
28050
20794
11482
29477
3566
18693
14364
433
14489
4188
11601
23715
9038
23517
11567
9772
6793
27876
16172
9528
29082
4436
25142
25422
14584
20628
5541
25016
11993
27095
28270
10725
7679
1953
3225
15627
7893
19591
1269
10000
28346
7478
4874
14507
20893
19382
10063
11463
12746
2032
9629
15656
29187
14702
26596
27216
9683
9827
22813
31396
9247
3051
15487
29899
10238
2963
29942
6487
29643
4636
24785
8103
10872
7036
7610
14859
21284
30758
18668
9514
15088
30603
4000
18081
10511
7137
9160
7917
6429
15139
26880
4747
28594
12633
28098
20061
23862
2073
1241
19280
25335
14158
4888
13628
11896
25400
25931
14604
16141
15284
8814
32286
2468
24766
11805
20205
3814
28724
3916
13549
6015
8412
12088
2998
2745
3753
1181
20325
4944
7226
32554
10815
1666
3492
18226
1432
16741
16497
9636
8692
28797
9449
10301
31339
30094
23696
22012
30546
24495
8687
2007
13335
10656
23959
14764
23661
12893
3172
26490
25769
9203
23295
19153
8556
15507
6822
3207
643
11749
29488
16045
29963
1694
30283
12993
12505
23125
30729
37
29977
7059
20635
20176
30772
23593
27484
14916
3832
26566
18193
24768
20211
27848
19310
29366
12319
10067
6109
22143
29125
17056
12156
13390
18075
25752
9828
32355
3119
6050
13361
18817
4489
1721
20415
2465
12556
16321
14385
1768
16798
28699
3896
7895
8969
20343
26770
9666
27040
11497
29392
31875
27941
21056
7517
11887
16106
12691
24508
11145
19255
4380
1553
29430
10732
10569
9955
16817
25191
26897
9760
6528
9896
21637
26977
13351
18867
12711
8560
14043
30006
30590
19720
14841
25196
13162
22747
30968
6721
22710
217
16029
183
11884
22192
24941
12168
20333
4495
25704
25613
28864
2864
4084
1118
25131
3605
5912
32699
32000
22802
7402
3627
30010
31755
11851
4962
16584
29183
977
10472
2345
7237
8197
4984
23353
790
7631
10151
2379
32588
17198
25030
29559
12649
11308
13576
10806
27099
8722
21992
7980
26239
29400
965
22596
2403
23775
5583
22786
27856
25315
20263
13845
30856
7211
15938
1836
23628
21762
11151
11019
5025
4971
23385
4574
22228
21521
9966
461
7484
4989
12545
2512
5311
30603
14669
5829
12951
11551
21371
24256
16726
19988
1350
5794
4136
25461
4061
9709
10073
22512
26760
19670
9751
28295
9359
28828
11640
4489
23640
537
31935
3521
18895
12951
8923
3565
9738
27364
26928
27250
2606
14505
23450
8525
22412
9719
4527
2637
27408
12067
7493
7039
8156
19156
16949
20970
25904
14426
23390
4733
27533
2113
4332
5958
11546
4902
17370
15589
21830
21194
21173
17471
19375
20837
7075
23671
26179
9021
24485
2330
1700
7798
27417
14489
9937
17708
10115
7933
6404
5567
31372
10454
32470
13678
5707
6772
15273
10536
7876
12122
26183
4254
18606
19952
32199
6045
21882
9080
26033
4507
4240
15427
28002
29584
12764
27685
26289
8199
18825
6950
4050
14708
6412
19066
21627
28360
32101
26036
10822
30275
20129
13366
3159
10889
22692
32492
23102
32249
20773
15930
7710
14394
28410
25650
32271
12822
1686
5899
23746
908
20432
28622
28004
22560
14566
4435
16068
23926
27329
11116
439
31
25210
15968
3772
27315
17438
12955
28380
31520
19118
6307
27604
8769
31082
9550
27510
25011
29263
15923
6733
23524
5599
10846
10624
10860
20512
15176
9208
28321
14055
518
7877
20581
23894
25792
18622
24387
164
10341
7528
2491
29212
17053
16154
7897
25193
2047
15454
3597
29200
2693
17561
22838
11070
15420
4079
27904
18628
10816
32353
21360
28256
25576
12856
29885
13886
25150
10663
23138
14270
946
7084
10353
27512
28687
7223
16682
4222
30893
19342
18124
30432
18665
5360
28587
21366
31442
16504
24707
217
25637
23621
268
20915
12156
16600
32462
22585
5570
13501
29239
18165
19434
29550
23019
20169
30944
7028
24667
7729
18368
18383
8089
26056
27207
22680
22379
1550
8071
12005
18846
19048
4830
24557
12444
21864
10024
9069
1089
8783
564
330
235
16336
27765
631
9424
10263
22778
26905
6037
23050
10656
13289
12316
6095
903
28890
3229
28302
18370
8957
28920
27512
1107
16289
24393
8712
29014
1726
7869
26504
20092
14996
9381
26584
13499
31375
5065
30571
12356
17774
17919
18066
14006
26276
5116
23037
19857
21246
20329
27774
29933
14471
9018
7697
10860
17833
20027
5146
6253
27540
27627
28397
17794
8164
16270
14483
22565
24957
13694
12492
17062
1210
3778
6736
27496
2760
27361
27994
9549
2124
9208
4967
3183
24396
12555
4155
6929
20556
665
15398
2773
9911
3443
29573
22063
1153
30670
24459
28185
4363
7318
15426
30728
3911
22789
16332
10271
7964
22645
1775
2979
11788
21106
10961
22448
23316
28436
25599
4138
20947
17803
24244
6901
24815
10492
9305
4969
20405
14220
15944
29184
14079
24506
30165
23634
24923
20465
21903
12612
30313
1117
20419
9596
30085
26367
11842
1048
17318
13820
12132
26527
20614
9275
29773
32567
5892
26670
9327
13337
31942
11504
27216
17219
21794
6545
11662
8044
2879
25262
11808
12093
14199
6724
25822
15294
9216
12741
19780
8975
1228
25196
31859
9048
26285
28622
10616
20994
6589
30899
2769
4904
6909
18979
11565
9544
16700
26820
10100
5439
12603
17507
20487
11892
23822
18896
22345
15187
4805
18159
27486
10749
24140
21772
18739
26941
17040
15727
24254
4543
3555
3120
25223
12156
19874
17741
1127
16249
9493
28666
7055
13745
2966
27704
30157
8015
13814
18089
11275
13601
12060
32419
8217
29258
25583
29315
1964
823
9847
26180
10406
8404
27710
22608
10903
11263
19453
6293
8580
7485
32372
21980
13800
7339
26266
5462
3577
22072
25846
18552
23596
24082
31309
29961
14075
14686
32125
9082
7654
24364
26793
1909
20408
17834
406
5816
22027
20375
24917
548
27150
11771
7971
17681
5766
2582
8845
16101
15123
2966
24792
2789
21685
3853
2463
2635
12174
8353
26302
21656
26090
3846
29551
555
20604
10921
28339
1299
19434
1326
27892
1058
30605
17693
11496
27714
20850
25048
13240
11276
21412
23505
29794
19863
30381
17657
1628
25230
15706
11644
12154
30342
11711
18603
17681
31630
23419
24121
10333
25863
26429
23467
25120
25782
6023
6666
8588
32279
28338
11227
8803
25588
25139
18257
15965
21559
5916
8384
11722
26109
18406
18773
15224
32235
14189
26117
28631
23749
21820
21187
30555
31804
30475
1526
18466
11784
19334
18474
19159
12599
27216
5125
2774
12741
9544
12925
12688
26220
32523
26441
20785
16573
27322
16789
17025
25456
14589
25850
6664
21241
22087
24237
30838
5212
15964
23287
14914
11841
18705
20197
19088
16459
13395
27200
7512
9382
3947
26047
5317
20447
27520
380
21979
25337
30046
18341
20573
9149
23670
26484
32238
20305
11045
15457
7286
31500
29753
21910
26567
30601
31153
4515
5761
27130
12484
8819
7730
4031
18213
3454
706
24632
3462
31809
13583
215
27483
28907
17620
16249
16352
13146
27087
1782
21597
2629
10275
502
17320
5307
5115
24583
31468
22476
30832
28909
14250
21638
26029
2617
9981
14883
27216
27422
2594
2176
31764
4735
1079
14033
21421
15180
30019
12948
16372
29455
1655
19139
13380
32450
19380
23374
5668
484
7757
19656
3622
7116
5389
15456
24591
28476
15740
24596
3639
18489
31326
31521
19507
21530
11133
30398
1202
8160
680
29449
30373
20677
10748
25666
11683
19224
8034
4151
22923
15175
26969
32767
18795
13630
2294
14827
3488
24047
19752
22458
1343
21298
27457
19724
23220
17872
178
29210
13225
31194
25110
9891
6186
8512
23411
8490
21766
17566
17852
15966
23928
11865
5530
25818
28678
3051
18283
20750
682
14715
19596
23933
14896
27569
24019
6954
28895
11208
22368
20044
4187
23013
406
9033
17098
10663
27492
12258
16182
19711
14793
5291
13618
16706
4247
21183
7105
29308
30839
10673
26483
10504
26157
4550
27601
30045
18205
9825
27643
3627
14094
5310
7824
21671
17199
25315
10446
29474
24151
8916
21755
18913
27281
26119
2051
7721
31704
1303
14946
16281
14367
4028
30788
6077
30869
30971
11499
22495
4134
21402
15698
14624
23365
13015
13840
712
31977
858
4222
19163
27861
28775
21276
9453
15133
10584
4401
13110
11494
6987
3506
19945
5741
29464
1381
13506
5707
31622
25670
32478
5623
11198
27178
15568
13196
31231
674
241
30924
18068
21538
16887
869
29443
19043
19402
628
31112
8197
12947
11592
6337
11129
31765
5992
26539
29470
29504
1495
26061
19626
23043
10646
23475
3020
28003
25451
8094
1040
28618
29921
4730
25090
11681
17040
26896
8086
12320
2974
5501
6087
4709
14982
25827
32127
11460
13080
9566
14775
2655
16834
26682
29919
23798
4109
13411
20352
25344
17002
15644
3616
29690
9007
28916
15462
9983
32477
29942
2942
18329
5540
24609
28607
3287
17961
19224
16779
18079
21894
2074
25975
30022
30866
5939
16300
32606
612
10932
30350
31183
23570
20450
18587
13866
10686
4075
31125
2873
16596
7454
6883
3035
21389
24666
13109
8206
30136
31431
2407
13390
24249
4037
5800
29470
3282
27426
25563
15588
11681
22416
22077
20985
28650
14678
12104
25345
8855
16709
17368
31608
17661
19438
11917
31374
27745
16658
368
3637
8891
1882
15065
25720
8889
24648
400
1806
5383
16494
27698
5423
13006
30686
22486
20390
29051
16097
4593
11048
7105
31468
22903
23780
31713
20431
31555
5467
31529
20784
3513
23922
23226
26680
4010
18885
27023
16780
28279
30783
23483
22399
14202
3048
9970
27782
30881
6909
2123
2540
5212
17222
5956
22214
3258
22692
2567
23338
2511
25066
3820
924
8024
22509
24382
30921
5538
23263
28482
8056
14759
20952
24437
21693
30842
10422
4886
14959
18918
8231
4068
10205
11858
25604
2857
4797
17384
23521
18423
1125
14071
27106
10930
28478
4501
3024
9678
30837
11912
4715
25562
2547
21351
25346
21182
16528
13820
30530
29761
2691
28909
3916
6094
2589
11163
18954
24951
4280
31051
6082
16954
17898
13188
15083
17795
20222
21431
19264
22515
2724
4134
28436
27488
13543
16382
16101
7197
1888
19142
1843
15227
10665
9981
23698
25487
1557
11263
13823
30774
22174
15145
368
14679
32287
1085
26287
19048
452
26888
11367
21300
14014
17474
29567
7643
30779
6069
15528
22042
31125
26018
27698
19916
2249
14688
16420
27313
21804
9030
27787
8559
3673
11211
21010
8662
28526
492
723
6248
2680
26830
2413
10521
26667
10405
9815
1875
20439
1748
30580
20285
19351
2390
15847
1085
15564
2396
13864
22716
5321
22839
13911
9001
1488
377
1745
9280
16446
22871
10498
652
4098
32338
122
7978
28243
28439
4674
10193
23459
19875
20080
2575
5582
3242
6137
11221
32408
3130
32455
3382
18006
27036
24587
14188
12011
1659
24789
7452
31478
2887
30434
20443
23882
26844
29620
12016
31903
7519
17896
29531
24455
16489
25797
15639
21667
6760
6673
1437
11030
19266
7720
7081
20282
17467
14927
3136
8082
6424
25925
7410
3584
27780
3611
15197
24888
31668
2374
1522
10869
3399
21491
20988
17259
18288
8602
21213
26748
12630
26582
18075
17198
25531
23668
19356
30941
11484
6601
17326
4525
11161
23881
26699
19395
9686
5206
29722
11957
7713
11094
1464
29502
27797
21256
8121
4919
24318
12312
27114
5570
9278
10481
6105
27593
1775
17874
6296
28839
15177
22308
29629
25380
17478
22027
30637
27303
13317
13115
7451
31911
19308
2061
17355
13923
15634
24017
11420
32467
5980
32614
21701
1246
6630
2313
5727
28109
31268
10859
12836
18432
23369
20230
9846
5599
32103
8368
30627
1300
26584
6257
19815
9720
4830
4498
2482
14154
21638
4854
15532
23079
5330
17070
6646
16950
3350
14279
21299
13860
5795
7782
31688
29776
19619
25112
23007
20423
1348
21091
18610
6514
26137
30113
4102
10638
6077
32270
21749
7517
23737
5407
2033
7451
4007
28949
29702
15924
19608
26835
21343
21940
18868
31212
3340
20223
8992
29953
3
23234
7717
17482
32612
2601
10126
114
25601
10835
4433
18344
22301
29699
21362
2803
14964
25496
21541
17861
20860
19775
31539
21460
4075
359
5278
22821
12665
5493
18056
28777
32487
9401
7761
5005
25664
7585
30976
29325
15455
28461
19172
11401
30129
10915
2683
7962
29756
28036
17042
16358
21728
10174
4014
13426
30173
4643
3243
7224
26774
26906
29347
16634
12437
16277
28689
8533
29646
32323
31542
2457
40
25350
9148
11992
19001
5287
10138
61
18769
7881
20279
8863
21691
27163
21714
19030
26175
1234
23329
26446
26091
20311
14136
22362
25364
24892
4525
4810
24215
14965
8954
1855
2660
5317
3874
5310
8766
26998
9368
24836
16828
32589
604
29977
23444
5309
26983
22824
13848
31323
15689
8846
4353
12690
30737
10289
22636
25496
5485
20755
2338
17568
14610
12583
10780
14162
5214
26723
32583
17528
20284
30742
22916
15098
30793
636
10227
3084
16437
10383
11889
14246
1131
31265
1375
23860
27892
11304
18086
17552
8600
2393
3063
29485
23111
20728
8792
8597
20152
30702
5852
9493
18768
28
177
8630
24901
23023
11360
6256
8195
1076
3153
9627
5583
24110
4750
934
8618
24550
22472
9739
28792
11459
13215
130
30561
13402
10782
20086
28024
21895
21125
28341
2202
14269
6988
10091
409
20122
3940
26193
9114
15295
192
20770
27324
734
15380
14927
30203
17428
10717
19955
20563
28794
161
2825
21800
11511
27768
23773
13285
22360
20427
26816
22244
24994
348
25600
12686
30630
11142
1559
14787
8919
12487
27427
4220
24665
14715
31382
7598
23898
20202
9775
9074
19877
10117
5417
3172
4212
2157
4018
31048
6022
24629
16030
20980
17522
32489
4957
23914
12347
3919
27690
9540
4388
13676
18566
10325
12998
30282
8677
8333
13407
19705
15527
24605
365
4308
1353
2524
14460
4357
19933
10473
29756
2380
32695
27538
10966
21500
5482
1397
6016
32070
28915
31973
25168
7097
25139
26512
31309
4618
29091
23134
21964
7697
17219
4252
3322
22805
9683
3673
693
3401
8774
16912
4000
1174
8052
27016
25462
13467
28175
15865
4254
27635
20696
11120
30208
25782
21778
6004
31512
24642
3895
31466
21064
12347
4075
21302
13683
20688
9518
11939
20679
30784
15317
22533
20442
16285
30011
26013
16633
18641
17716
12092
17085
1502
11330
28587
12254
1386
25100
5451
15692
26746
1035
1529
15996
25982
7303
23092
1024
31886
5570
21378
2139
16627
28019
4623
24339
23529
15477
19864
6664
11427
26305
5511
6403
10640
1946
23648
30610
26333
28167
21083
3348
26171
15750
21331
13072
5090
1791
27614
17867
5333
28151
14782
4889
19048
11782
11128
11123
12032
5259
25410
18762
28699
17054
16674
17051
27024
19270
22613
14532
26135
492
21486
31382
18699
3344
3775
19627
1391
4411
25212
3065
1584
2101
29214
24232
27561
6263
29574
26401
17004
227
15459
11624
5952
27827
5717
12971
3174
17328
7763
25371
21537
19108
13130
23034
13429
10257
14342
11253
30766
8483
11350
11189
28964
8932
24939
23729
28606
27567
19842
2118
21429
26855
17091
10505
6682
7400
3432
8284
3227
8510
15649
27199
30210
6422
7607
17257
32766
10225
8944
30104
7718
16544
19380
15909
10811
24684
16493
731
5549
2709
12468
18697
21601
6142
13353
8918
25778
12070
12962
1749
6326
30810
6025
17881
1218
25129
21631
4875
14128
2585
30533
21049
7519
7576
22237
8305
14844
18229
7148
19151
4224
31760
10339
10131
27130
15759
8798
1398
22287
9043
9805
9535
4927
16747
25681
29073
11626
16071
11497
26887
6546
12271
12493
28291
4066
2549
30746
29634
23791
16807
21680
12852
1855
27402
21464
26123
28168
27908
29483
16274
17721
7513
7343
32449
4798
22745
11842
27918
4352
27607
4156
10629
6828
24284
8016
31515
950
31645
28083
7488
925
7723
8064
15027
5360
9834
26204
2714
28177
7620
24662
17362
30521
25886
24080
23172
25020
32523
21540
15353
17551
19008
31681
31919
25095
16457
26261
11436
31459
3194
2544
17938
21133
3879
1318
27124
18589
8472
10037
24424
11167
11063
30631
2269
10518
26252
18106
17327
32449
22635
2239
26105
20764
24300
192
20139
19242
24988
32357
15324
27506
31346
13080
23393
8775
11013
25192
18846
9549
29179
29099
29340
7225
21701
6888
2396
2776
12682
18164
2411
7251
28000
21210
30391
13233
21186
17536
20385
26013
13375
12936
25939
16234
10095
25461
3668
32596
27691
26639
26457
8713
21501
13576
5727
26984
15830
32735
17398
16520
31231
25349
16096
8444
10834
3391
32218
23893
29354
75
29626
29929
3480
8902
27066
21715
6488
10573
21524
10811
12547
6883
21711
10712
9733
29842
24792
28850
28114
12373
15188
25133
6101
13110
15157
10051
24489
26292
3851
13073
12172
359
29469
28821
10001
17127
3513
32182
31253
9961
26056
6020
15347
21419
10149
7106
27388
18323
11312
17314
20513
2579
30238
31695
1779
25551
6547
32176
16846
25090
16882
3564
7760
10525
18932
1065
7696
23218
6647
26
6029
4753
16537
28600
13157
16177
31110
19151
18888
22865
5774
10173
13355
16094
32507
3446
26433
13592
14625
9932
26919
22001
12854
15086
30687
27829
14436
3886
29695
1520
23325
5639
25514
13965
9647
3934
8640
24123
26648
32264
3410
26901
539
5773
19801
21633
25747
2859
31911
31576
15624
22814
21021
27976
32640
31519
6431
21879
17047
9515
3653
13417
8658
28037
29779
28964
6705
1790
30060
1426
5379
28788
9346
18982
5374
15769
13073
9410
14735
23797
12045
7897
3183
32559
23833
9937
19831
904
761
171
12469
3496
13898
10725
17087
10397
880
13471
26439
6945
209
24062
9712
20763
8769
25550
14688
32361
24764
23915
5271
24285
2651
7137
21119
14213
20097
21842
17348
32048
23125
8088
3813
17453
6518
32300
5772
23894
28394
1862
6683
17486
31319
25670
17543
17158
15733
12627
7529
28294
13763
66
4178
24810
15993
697
32351
21674
20158
8084
3598
1311
26652
30599
11600
30787
18737
7429
31200
5561
14503
865
978
12045
31846
26932
7791
23868
20743
16894
13120
22391
30092
25360
19305
10020
8015
30633
17209
23846
27193
95
23550
11358
6452
25024
8222
3441
15075
17978
19811
20428
1680
22328
14743
15334
1382
4494
25937
10949
23520
14615
12558
14020
18305
12188
26755
27027
9414
13048
6194
2943
4441
18042
24892
30708
32391
19339
16246
6976
18420
3473
30142
32153
8845
17683
5264
32610
30655
22045
20180
10922
230
19942
4346
15862
14089
25520
3657
21568
27332
240
14452
20031
6277
5295
21871
24809
19708
13872
10112
27959
11724
23251
23449
1320
31367
9017
12773
16904
6617
937
5281
20466
1795
19378
4397
21140
13195
20754
26467
1842
12594
16855
8999
18413
14375
25028
29759
21574
23930
14070
14438
734
3539
27080
27547
16511
8292
23539
29375
96
5660
15098
29791
421
22814
4549
13263
3622
4209
7563
8824
5745
23545
27126
7026
20242
3238
30850
32086
13074
11499
30503
5709
4029
28018
18999
5741
32168
18958
28041
31814
27379
31473
28887
12215
6860
1567
4965
16135
15924
1314
17123
29232
2566
29439
405
10366
28213
5738
30641
13401
21077
23606
13321
10591
31581
13839
24553
20663
32427
20843
27203
14241
26184
15038
28169
3153
27246
16621
22491
15613
25671
11526
3810
3381
24056
8750
9468
5491
25566
14811
21017
24819
31511
12355
16101
7620
24901
13588
25255
4896
31118
13413
30824
20985
2792
11244
20313
21460
13203
24690
31343
31706
13798
1925
9040
11820
591
14701
1138
29048
8854
16225
20097
20170
27233
4602
32002
25508
4349
7143
24119
23120
6235
5347
21058
15477
9561
2276
1420
21481
11587
24469
10856
3526
7322
30727
30196
5056
23316
11427
25664
4021
20707
21348
1971
19846
20794
3651
26538
12070
3598
32754
12897
9968
31002
14540
17943
11326
13861
28685
21869
24119
647
23870
11024
18664
13802
17908
20631
151
16462
5050
7343
1875
18768
1612
27765
12496
21675
22022
3107
30834
4095
23195
4847
32168
11729
2570
13872
6779
29139
25550
22467
18535
21094
7253
21421
18281
21342
7348
20737
15193
32261
10905
6661
13178
6754
19585
16272
20560
3515
15915
2998
31665
600
2380
1959
26399
15498
5764
6357
17493
16620
19089
31061
27680
12265
963
3976
26480
31358
2991
26874
3759
21569
20776
23690
13137
1699
32363
6092
1965
2418
16282
7083
14603
1186
19820
27731
28670
8012
4130
30798
10996
16375
28349
31468
9995
8727
7790
24041
19238
25811
1614
24138
18753
30475
2895
30856
27137
1178
22642
24560
13967
18648
30523
1354
29863
27235
19555
28857
10476
17440
19660
29410
4991
16252
32442
29008
23247
9208
6975
21015
22707
32740
25591
19128
15798
3690
246
5701
32433
16079
31487
22214
16544
16630
9718
9690
13998
15142
3992
6306
9874
3340
18026
15066
1822
17412
3311
17737
27925
9364
19742
4956
14910
27961
24595
7182
17078
13927
32261
29194
23690
5067
27256
3860
3461
23251
12468
28325
19271
12912
1141
15317
407
20507
6884
5758
21243
1558
4038
13215
18309
1780
10996
23806
24047
603
6667
5138
13035
32521
29284
23583
12980
5653
3911
28579
2281
29559
8283
25841
17051
16331
31841
1564
22181
22354
3106
24598
2107
29242
24998
19737
22470
8735
20391
32326
30191
18641
5445
18573
27898
27736
29180
14540
29782
3125
13778
13115
8818
23531
8661
8711
28882
1726
11460
30525
18017
24763
13
1514
31753
10488
16631
30337
3969
16669
31265
23164
30822
32291
14635
9030
21390
30300
13491
89
22681
28852
3715
26787
19912
22838
1544
21295
28179
24274
12039
25345
30069
7773
139
2626
18315
32473
20514
26781
25693
8951
3400
26856
8060
5082
20772
25095
19789
2334
5746
16141
23204
29209
11713
29349
660
9312
16862
14769
5766
21389
144
28976
3209
13888
15237
869
18409
31844
5517
12342
20483
31412
4102
13522
26967
12157
3223
5782
17631
1189
5922
5426
14752
29420
3059
2055
15486
27250
28222
10964
2644
9338
712
7570
14404
17005
740
7068
7756
24098
31649
11795
20506
28508
11586
23937
6178
10900
32494
9916
10477
15609
23209
14094
30900
2486
1411
13202
31533
19571
18447
4065
11685
17694
31511
14318
10575
20715
19598
4399
12252
5273
20678
5886
26187
7160
13284
5694
12803
4776
8080
19521
27679
31267
10481
27881
24329
253
23256
21518
16970
24427
12347
26144
10400
23811
4838
25614
5201
25538
12909
13926
9664
17491
18277
29629
6206
3982
5843
9809
290
10560
18917
5357
1308
30762
28128
4877
30662
22348
12378
7235
6524
11363
11177
16089
26478
18352
22427
6584
12787
28923
29288
29064
27937
17880
30180
8473
28570
19753
27897
26882
5032
25572
15701
25224
28301
26390
14688
6593
4628
16168
3697
4857
3180
12385
25409
16212
6710
5293
15008
9397
16093
25245
28262
15583
14118
9646
22189
20442
31240
19406
28989
19865
15293
27676
7496
27353
10009
27376
16216
1356
16667
7963
24965
4855
10946
23664
9195
8408
13601
1923
4443
9421
31670
5808
11345
9905
30968
9311
18470
1224
18735
30343
647
22365
3976
8049
28966
14249
12649
7103
22447
28151
23554
4524
31230
19206
2085
5525
24207
12463
28759
6073
5430
3527
11559
24381
22032
20807
27582
13939
3257
6314
29368
11355
9151
7575
26930
3946
9303
9920
5156
1419
32335
10
32242
25956
3140
15854
15421
13530
10261
20511
18431
28887
25495
10093
7127
586
14731
29417
3233
1136
19149
14410
4170
16467
31694
19343
26338
400
1603
27110
23027
10332
21279
31693
1554
7369
12479
17015
25267
1862
14693
29809
31810
29285
32232
3461
5231
14818
18602
21983
7369
27360
3273
25710
16270
31093
21914
8333
27329
28521
19027
1763
4478
30779
6663
13703
6027
28261
25560
872
6959
19937
28520
9965
4423
12268
18832
12248
26518
13322
6485
22640
8541
31306
16663
29151
8747
4811
8204
28633
6903
1663
2029
22398
19820
23855
15087
5506
6532
17600
1525
32651
2392
15796
19204
1242
20279
28916
4087
21038
27125
4812
25972
27877
25477
30519
14878
2405
24010
15197
28172
8378
25003
10330
14971
2432
9318
13121
16831
6148
14118
15968
23424
2470
21719
32710
28962
16258
16953
12547
32389
3151
29747
27695
2799
6534
28779
23086
11846
10183
7187
5681
30339
11898
27910
27264
16739
7858
12563
19064
24159
19798
24472
11727
3295
18562
10579
12576
10923
7211
14966
8099
9890
18946
25337
19003
2990
30875
6452
20407
14327
7631
2733
14929
5207
10335
12079
5755
24591
27865
4636
26332
25784
22976
17923
6549
9852
14055
13941
25288
25733
29726
19477
8283
32182
19216
5871
11001
3481
14444
29451
14426
21913
4163
23361
12997
18034
12722
24142
10707
15845
7616
27176
16501
19632
30089
24975
15416
6333
9117
12261
6600
12186
13475
20287
19123
23849
9026
29884
112
23193
6977
22294
10400
27028
30700
17270
32403
12218
442
29837
22030
26191
12078
24544
844
12848
27899
28003
1090
14348
12651
19786
20264
16592
24321
24604
27188
611
14942
25865
12457
24724
30561
25213
26896
14929
8594
31989
4293
5913
25537
12306
182
18611
29418
7659
20328
21793
8284
26792
5179
15568
22298
19021
28654
28945
2178
24275
32357
3789
19500
21629
5546
12659
14101
30313
30259
29238
11773
17766
20579
26486
14093
4869
17234
14459
3773
21235
14545
6505
1013
5765
17065
17264
24434
26261
23844
15684
23148
28557
15055
1997
26742
13249
32125
799
22693
14338
143
8108
4596
24175
6259
12216
28391
25487
27499
27918
31855
12701
18320
1778
8206
32291
6678
19542
26939
26059
27601
18001
4616
31345
1784
22220
29442
30588
10794
12159
28249
4207
27822
13596
5697
3515
14335
8905
4759
11224
31368
468
2504
28819
30636
18850
4335
27306
22793
15337
26429
3990
25854
20767
158
11176
32362
18739
9113
6231
20919
13434
7800
11481
21272
2284
22442
7408
29198
6032
15717
14855
9777
30261
22672
19069
14637
12643
1759
27457
29195
23185
8256
12191
1458
18072
2934
29529
28845
4200
1539
4858
7726
13306
9036
32359
83
21894
18168
22967
32169
2293
7833
8260
22511
11673
24206
32258
28700
12828
17960
21264
2979
21686
12043
5517
32501
13219
11223
1453
24903
16853
31240
26636
11670
29670
19227
14914
29929
14672
10483
5559
1495
5600
31098
13497
11592
28520
25995
19915
29824
25525
10000
14656
89
15040
615
5385
30159
18728
28427
23244
1986
22240
13168
7222
4600
24101
30766
22929
25954
14004
5730
9881
10656
313
9553
4491
30662
26378
2895
128
4705
533
5600
30969
24245
280
23836
1467
841
23568
30296
11997
20390
11507
14850
14367
20827
161
8397
6525
14916
13336
31758
26116
31756
12776
3430
5349
15601
9192
16802
24776
2503
27942
4831
12642
26944
36
22002
17226
13418
25921
30471
520
22649
1397
27015
18543
26055
3393
20288
31534
4121
31718
6848
12705
1060
13014
12545
24813
13904
6504
20044
15691
3771
10447
12887
17828
5761
29773
22449
11615
2619
420
14943
6263
30149
1486
29128
24016
15685
23021
8654
17355
14184
15493
1854
27416
15599
13033
9066
23499
20843
7923
19220
26802
18756
23800
7310
23782
4352
32251
8480
10145
31170
29217
7594
31311
12049
14181
22154
3304
14811
24717
19136
31868
13498
2141
10832
30736
5493
1290
3048
12200
12234
28658
9667
14757
21867
21897
3533
25169
14150
8599
17672
6585
27657
7073
4654
29627
16358
1956
28568
28255
12692
16138
4190
29291
16534
21974
16576
16945
28863
8226
9669
19116
9974
11211
8225
2763
17207
619
22108
1293
7130
18311
10801
28494
15896
1802
7477
5345
6091
18418
26809
7902
28277
14154
19696
14013
18308
32600
23381
14116
9684
7959
16455
24318
16502
21992
20470
15053
5808
30596
23171
14401
1348
15413
2915
6153
16629
24902
22533
12777
23112
11703
16820
16141
11912
12086
28350
7837
27148
17227
24278
18577
32701
16595
16055
25287
14802
21935
7946
11346
18398
27837
4746
13078
28173
12295
30566
1938
14762
31547
28646
25340
24293
21084
20050
29587
9172
12470
30736
17201
31927
17431
1036
27679
15744
26684
6237
4142
1171
30346
19237
17923
17098
15871
2744
28851
1212
14183
20737
13712
24895
18899
9762
1090
12587
13127
13915
25881
29793
27059
32557
417
2060
2084
22463
7031
4647
7228
22656
25948
17984
26592
26126
29320
26491
27440
25431
12352
11225
19132
20222
7595
25786
26100
20480
13794
4257
12769
30103
16454
14904
11283
11870
31510
18580
31195
15030
21569
9401
1978
7785
9336
22625
15640
21902
8328
2553
6201
20653
29927
31213
18030
31779
16268
25893
3208
22215
23556
28880
5010
23501
13763
864
28096
17387
5304
11989
26530
25019
6180
4159
31133
7521
21419
18558
28060
21357
17068
29261
3331
6915
1486
14719
27365
14137
7899
30599
7798
14272
7890
31038
451
3271
31287
20961
18592
4636
30638
24409
994
21908
27848
25536
25807
7342
15645
22560
21715
28019
20379
23678
13685
7840
28189
26903
23688
13063
17215
9449
8358
1075
27249
1397
2522
75
17995
7108
31389
32568
4385
12968
25860
29450
23510
8772
24631
30616
28405
31950
12837
1383
16893
30868
8566
19406
31997
15165
9153
30295
14433
27218
15360
24935
28428
9469
7489
546
22183
19216
26014
1417
4664
13640
1390
27365
29430
17108
9917
7529
15196
24593
10490
20755
6268
27288
1264
9939
17814
5754
11512
23535
3561
14538
15724
2214
8393
7004
4446
12820
27634
15821
3978
13141
28700
10179
17290
16877
17359
12406
5961
4455
14457
24432
16570
23101
21950
19089
14282
18424
7951
5461
18579
4760
22398
30042
5586
18230
14288
24604
8091
1000
19156
17923
8779
10981
25588
32417
25023
20714
25610
18996
13507
27356
16501
3187
25805
32430
107
9351
13804
23429
9360
1623
11003
7450
11464
30984
23066
32352
12362
7876
25951
16232
15351
10683
27592
8833
27369
25192
1652
17571
27982
25366
9747
21774
29047
11426
25756
28718
9004
30850
7998
8642
13635
27654
27800
21053
10609
4318
17196
9068
19039
14045
25617
90
3072
8957
24041
25713
17955
12194
15379
7649
32068
16931
13858
3910
11688
14726
29581
13445
19625
14987
14247
28406
29774
31981
2514
23753
27934
32228
11760
16290
2614
15342
283
13959
2970
24527
3734
20220
31433
30422
28931
12652
13716
8803
21462
27851
6959
24742
10505
9594
3977
21161
26386
11115
18649
9105
25362
15237
7033
29985
6991
28746
14328
30079
1508
9655
3947
571
14263
21611
20995
31885
30636
10252
15333
13022
4632
21735
9269
906
121
28886
628
7397
14692
21351
24077
32380
15550
16698
23594
8093
12335
26283
24524
24345
8148
26033
28699
8264
14132
31494
22779
14670
1654
32393
14815
5789
10193
17120
30434
14267
22851
6241
16404
26950
24198
30515
8977
24629
16192
5296
23257
6752
13690
26638
20955
10307
24659
25151
2643
17406
3829
23829
24790
22945
14281
1450
23851
25767
28647
17919
1373
18112
30417
29155
26382
31700
10848
15127
19214
20292
30462
12463
18221
30323
6166
19899
8781
13445
15561
23335
16059
27494
25827
10464
32447
15886
2573
25144
22385
10244
26948
396
1487
11809
137
10020
6669
3223
5338
22362
19756
1586
21602
25599
21710
14557
26861
1274
10569
7015
3742
25650
29178
2183
740
8367
3036
31518
24490
3324
24152
24509
14030
11471
29279
8039
469
13803
32695
18328
14813
6214
25746
29573
11218
20839
15205
23206
23781
3859
759
10354
4922
25896
3257
362
22241
6857
9557
22872
32520
21179
11145
32473
8047
4879
2358
25
27164
28674
17076
19678
22863
24097
4201
14792
13752
28593
13978
18647
19688
333
3968
23341
27654
6609
31647
12309
29379
375
11347
21829
4751
21568
31916
27744
3598
5014
19579
27071
3269
31535
4525
12401
22298
7476
5080
12160
3707
2467
1556
25718
13789
1266
29452
26400
7784
4597
12117
25234
3184
21249
17918
8043
10408
1618
4968
859
4498
8618
599
10722
8506
20795
8010
31322
15140
24007
30216
24375
13955
15878
28028
654
14507
22344
5570
13268
5065
12635
7298
23273
32210
8623
23421
7252
13241
12728
13669
4817
23781
17556
13554
16905
17122
16366
8754
9888
12631
15394
545
1908
4664
32673
13433
27684
6716
18840
9163
23760
6546
12236
15311
20256
17616
5064
6649
25736
2604
29499
11340
24010
18158
6044
12915
26556
28965
26895
21774
9547
2457
26764
18250
6848
27138
5438
9908
24130
17271
16681
3407
12700
24873
6416
2531
26945
849
25494
29337
17549
26215
15267
17861
6990
19093
18953
3331
1155
3947
17000
30341
23140
14292
10063
6315
16290
27209
6563
5076
2543
16708
14149
1653
13761
32760
19695
1896
18259
32575
24415
6790
15597
26324
20408
21367
30310
1730
7973
6857
13799
25884
5567
18752
7665
21487
20657
3437
20642
9077
31641
20354
5172
17547
14642
1893
8390
28517
32561
14595
31583
8833
26988
2791
560
3545
18497
11019
3609
15965
28214
30190
19823
7584
221
5094
15357
6610
20731
184
23624
2542
32232
12646
5656
8756
26681
19528
24115
3290
14237
10078
2924
31487
30725
229
31964
16864
4616
9768
30064
22606
8837
31897
20644
18528
30090
8480
29837
26981
10356
4531
9501
30236
14168
5415
7331
21288
31138
21830
3473
6590
20988
24353
29058
15009
5490
32168
18811
19792
28115
8823
13169
24445
15194
20723
30988
22722
14733
16278
31659
18064
27494
9095
8616
9320
4785
23150
10461
29773
14005
26246
615
15225
32278
28916
7081
14159
24570
18007
14484
24209
28779
416
17190
723
19453
22820
13361
9775
26288
16879
31070
22843
16919
23899
31857
13624
20154
25826
12239
18060
31930
2097
17469
31603
16307
29053
27626
27377
2534
25626
20144
2059
664
10570
5015
5430
31669
16211
9115
27664
27321
32468
2479
27982
26832
10840
5121
11509
32316
7212
6784
11982
15608
1646
3740
18195
28315
31079
14412
29551
22910
9243
17494
16422
24865
797
1995
3471
1483
29096
7376
18891
1905
20716
15524
29361
12249
14758
31455
29704
2048
27635
17912
13817
31928
29030
20746
28611
13973
9560
19160
4785
10506
6015
1550
24906
7376
31939
30410
1735
14727
8780
10586
17098
21152
5856
5704
32076
31610
32364
30611
22231
9931
17376
832
2294
21826
7488
12049
10987
5995
5624
24981
11935
26322
4977
13409
10719
6763
2017
11164
16324
31281
18279
1729
15987
13838
13143
3744
17671
17403
12243
1190
1484
26984
6043
5983
30894
29662
8741
57
4593
25827
28657
11915
20770
5406
12567
9173
15437
4795
6690
25930
7024
16145
6944
9867
2096
28546
3322
4534
9675
5539
18690
20639
5454
12957
24267
15197
31240
6612
23613
20489
8766
18118
23528
22466
10272
18997
19865
23796
7932
4744
11563
22234
8370
4975
7072
11842
20328
4294
3697
32657
8062
4284
2337
15878
32196
14644
5400
7235
9707
7275
27567
24073
15674
14555
1672
30531
1410
12384
2592
7238
15444
31386
16039
10071
31345
5778
2831
30573
10114
32672
9827
11321
22026
27020
29530
25444
7064
2035
14892
23320
14657
25836
13476
7617
10317
2796
8310
6933
24369
1511
19412
21074
25278
32696
20540
29126
30615
31683
28564
3989
2024
30169
18296
24503
4437
26716
20179
2880
12081
32163
20908
3300
5361
28831
24387
14010
3296
24767
24157
17728
20244
7442
15324
9120
17568
10924
26514
17713
2827
2634
4951
14401
19457
313
26713
22034
15689
26995
9908
13346
23799
19724
25411
15023
15843
20684
22453
1147
30809
12830
30947
27597
4882
23592
18272
26808
30819
22588
3666
9375
19381
7535
1153
26361
13109
903
942
16210
27085
23835
18982
4242
11602
31989
31383
24962
23807
10939
20001
5772
23586
19151
11440
30915
3349
15731
8074
11811
30832
14641
21028
1817
29821
9338
5434
17734
24812
12941
6174
16256
19144
18330
19537
1817
3242
26663
10064
29284
16173
14260
14000
12406
3489
19098
14957
18986
17156
20281
14720
13416
9006
21074
17583
22438
25675
8882
23465
12462
23694
6161
10322
28322
14372
16697
1116
12862
19303
15723
32023
21086
21845
17662
18826
18880
17984
9545
26306
12810
24262
13251
20074
28687
15108
31849
31644
30030
7687
12128
12791
15035
4483
4572
15090
22723
11720
30272
3439
24714
7665
32647
5012
23159
13407
13282
726
3570
9062
8866
31318
30316
11845
8537
23409
2464
26204
25660
4242
13081
18585
30156
13899
10485
20276
20918
23205
32232
19356
9975
18100
5252
7345
1347
1646
22455
5427
31144
8893
23701
9850
24175
16850
20823
9064
25155
8637
23972
12189
2709
8506
22544
12009
13630
19150
29923
18695
23910
5651
21019
21896
10149
21328
1204
17421
31081
30029
2854
21689
8088
11622
18736
13542
18550
3549
28884
21527
21704
9845
31907
1326
17466
20284
7994
16352
16638
5544
19469
5733
3766
32741
15715
13172
24724
6766
7074
29806
23231
987
10701
29658
17145
27385
6987
6161
9344
13088
30442
31290
27441
12993
11043
14713
14835
16447
14240
3684
83
256
4091
12983
4972
11971
7113
29000
19978
18228
30679
29245
31759
22973
23731
6012
5397
26528
20078
32099
2644
2627
31137
29626
11206
21450
25006
741
26762
7659
17480
20830
28295
15102
22070
32099
27985
15700
15699
16108
80
18634
27610
26080
1055
8862
16608
2184
23346
29569
4642
30276
26044
28653
769
17021
12495
23224
19659
31706
8389
5610
23612
25527
6880
13772
26693
14803
29229
19009
26123
28744
7086
21081
32307
23489
28087
3620
26461
13287
28313
8900
18926
30748
30334
17606
4371
3180
10388
23731
19715
8896
1902
23009
2692
17493
10407
10127
17328
3949
19400
30769
19961
32069
22635
23305
26987
17478
1953
20471
21809
10879
15506
19858
3419
23635
20579
28023
5598
7023
21853
13026
30428
23040
5451
8059
20006
5666
20259
2674
6656
2459
30697
28109
8484
457
721
7681
7177
29657
29860
8128
868
8506
18020
4115
10224
24657
23347
21160
30570
23919
3441
31341
4832
26624
5925
8286
6700
8197
22942
7322
20668
6084
18522
21949
32660
15805
31526
6762
14485
8929
11143
14631
24319
28927
8537
19054
6453
9599
21174
24832
4032
25682
15129
5245
7575
30505
11715
6706
21917
19685
10078
24626
364
3407
25313
24232
32081
5386
13747
4971
5527
28102
30483
23507
18697
5813
30391
8396
5298
12611
18099
2344
11495
26114
23709
9786
18312
5603
19951
20128
23426
11180
11180
7008
31128
8614
16711
15159
8804
3990
15040
4141
15768
21743
30224
19309
5770
13126
967
31572
496
27910
6900
16328
4327
15461
1093
6347
30011
13975
16495
847
31458
28481
28112
22604
15049
28720
12627
8721
27348
22859
9877
23512
28448
15558
6982
20380
4235
2969
6609
1583
31862
9777
1855
32135
29129
25957
22616
6488
16184
12203
8716
489
30405
28300
2322
25888
31366
30805
21711
19934
18089
16912
10617
1427
7349
28082
11644
13321
29714
2198
7709
12676
21452
3626
5981
16141
31124
745
4896
6411
29192
15241
25486
6163
1588
9333
11450
21505
8792
7549
8577
32072
6635
15820
1974
24710
27873
5147
18300
18524
29226
14117
2546
12668
2939
14939
11030
1283
18000
23256
739
19722
3634
30871
18877
6007
21557
12260
7183
31513
20422
10000
24883
29429
15523
25705
6546
986
14891
16489
22540
24636
12248
18478
27290
32319
23306
9258
30257
21521
27142
22300
2538
11901
18494
26943
28001
21949
32723
21441
11866
29840
21592
16502
12715
30093
31449
29134
19286
19127
4891
26373
8693
21329
17958
4249
24923
21492
11777
10497
120
13534
27325
1436
7805
31373
2228
29672
15169
11405
7187
30452
20195
7822
13718
31000
1202
20409
5267
17891
7497
21572
14906
24661
15358
32068
16923
2382
9086
12995
9193
2631
9649
13331
17021
6208
19172
12897
27677
25337
29734
31117
12287
9317
31986
6970
11529
17500
8207
20513
15835
25744
9141
938
9743
26818
4337
15805
9407
20278
31306
24277
4168
28004
5541
25175
24398
25840
11622
6947
17153
25820
11480
7784
13982
2813
19407
20668
10296
31147
7564
18796
7864
30141
1760
16
291
8373
24469
30819
25371
9015
17161
24658
31401
23488
21532
21587
9017
26004
30796
15864
4582
3064
19999
196
7928
32162
25282
26941
18603
21614
27375
4674
21299
17746
787
13471
10748
3220
15025
5343
26166
27194
28417
866
7825
17091
14558
8879
25669
14356
29151
26634
4438
20149
5315
2634
19478
29501
32018
21221
25579
29707
18945
1357
27474
17207
26774
20607
13092
5320
2318
32472
2841
11560
892
22571
27530
29653
28594
27154
27771
7768
29796
10881
11736
1915
4491
10401
5375
1719
27144
16347
895
23532
20618
306
27423
853
7089
18135
25379
1466
1396
9719
8906
6375
6592
13016
1307
9310
30817
19236
31201
32329
28198
23173
2037
29874
10560
19825
17595
30454
3308
9800
25839
29559
26706
26780
19106
15762
5292
20175
13439
4049
16042
32228
29267
32353
24341
11151
17101
28102
9908
27278
16002
25037
24940
4412
29747
14530
5290
28260
6739
9956
23814
16467
31172
1558
20256
8753
30178
19927
24526
25489
21954
18292
6010
32326
12987
21116
5317
7800
12326
19829
8816
28920
24675
30413
25725
11217
31517
23060
24721
1312
18638
7528
26013
3109
26501
17200
5821
6297
19687
13325
7521
17474
10611
9485
18090
8902
4363
11810
4119
11197
3248
9427
26464
2825
31118
3890
8610
19306
22840
17166
28093
3917
30516
1385
17914
19429
1978
15916
9458
14973
9145
5146
427
29709
17947
1283
22275
27403
11850
20026
14930
14211
19443
14665
17739
26986
6154
8418
22307
21808
32526
16921
28918
3732
16526
11729
12646
1468
26604
28276
13189
31365
16993
13800
21749
14872
30273
10174
10061
23230
8064
5036
4287
27125
5494
13373
24568
16579
15839
17863
22344
29258
4390
2462
29443
2205
13283
2439
28455
978
18850
12143
20542
20312
25830
1373
29574
8587
14445
12710
27216
31110
28086
864
9382
12088
17601
8984
12080
18875
24854
15304
2137
4064
26632
12291
20653
1807
21563
12147
23173
21582
8804
16517
23783
13215
15184
4707
19880
31119
16168
11043
9939
21260
5619
17981
6991
14199
26972
30531
32443
16634
27573
25804
25757
24348
4157
12210
15036
6034
6302
23165
25290
18776
7098
17694
3910
9729
27047
4321
26529
21836
28920
157
14240
30455
2367
10541
11777
30424
18128
1572
28257
26409
15303
18109
31325
21796
19020
26385
13816
19408
27669
27021
2876
31002
4909
17570
28965
10535
2036
22718
22970
3049
26728
636
19325
30960
11426
7448
10757
9603
21667
2341
29162
240
9041
2946
27617
11040
2749
6282
6952
14702
11687
24459
27429
15801
6724
10873
24650
17336
8767
26084
20539
14478
29693
25896
25907
28831
22821
14052
28836
16289
15968
7597
20765
22262
26717
259
28529
24121
31257
27267
5910
31255
12381
25439
11723
13664
30344
17932
3709
93
14478
22586
2924
14949
5697
16649
23434
31147
23503
12154
30499
1370
25484
17699
10179
13796
17650
6440
20309
12182
29926
26470
10888
11121
15165
16369
4727
16949
8575
19137
392
28094
16107
29608
24468
13459
1467
4743
22857
13245
30121
25538
18125
31445
22449
25841
26020
28257
26393
27097
27092
9313
2991
32154
10823
28452
2386
25641
27760
2656
18611
20481
4914
7810
7517
8214
13565
3651
11507
14859
23866
17020
23481
21668
31977
26683
25174
18046
20104
21782
28889
11518
12599
1471
761
32647
16155
27353
18849
25328
8960
30730
19884
20789
28994
10578
12269
26988
2029
29339
10866
31739
14883
19857
14089
9993
19134
22963
32516
5938
31287
17066
30778
16511
11207
24794
21326
9109
26059
18488
7988
29484
12653
14683
17904
11715
7553
10453
18081
32658
26797
20675
20671
193
5837
163
9377
9175
30101
8038
23874
26741
21624
5062
1860
9796
29641
1754
10549
1068
28449
13544
8466
28615
9984
16506
31497
10517
28087
15284
9603
13937
31621
23524
9826
21699
28160
2907
13703
14328
22198
19836
24728
12207
7445
10514
7168
1077
14216
3303
25911
8116
32739
25234
23107
22439
9985
17296
27263
27281
2987
1174
1179
1519
30908
2854
26084
26731
3715
8545
28357
29778
23401
15388
8334
17992
26580
26421
10357
9275
14667
19495
7131
22677
4314
1757
18896
19894
26808
15556
17880
32161
29991
10788
4079
2549
11420
6576
32204
4128
6944
31324
18787
3535
1270
1902
26797
27048
7294
14040
4779
29756
20313
25029
5545
30007
28366
23410
25280
6362
14188
27199
29342
20908
31729
22278
26506
620
30571
1707
4258
1097
2717
20980
12903
23894
26788
3995
14460
15160
30427
1186
13483
1569
25595
12007
20265
8195
14983
7672
3099
9213
29287
20008
2648
14874
17874
14819
8049
21306
19826
5438
29935
24912
10179
26578
2779
24526
12221
30923
17284
16478
1714
16700
23676
4051
30073
22710
30948
26463
26828
4120
8425
32262
3311
11944
23183
28242
19602
1379
16302
1097
14073
19602
13625
10140
4442
32670
10182
13857
6023
11045
29003
25219
12236
24909
19494
27449
5659
18521
30561
15796
16998
30586
28723
23005
3661
5607
25802
2494
24057
28719
17479
16767
20552
30670
4107
15253
14890
24831
21041
9526
29003
21202
23899
28432
10738
23934
14770
5690
27689
11000
25384
31083
25630
7621
15617
3690
4553
21004
24209
3013
7119
13551
7495
23238
18854
9755
30698
26019
26874
22430
18211
5621
8784
24570
22332
5995
234
12919
20263
12992
12778
29117
2242
21738
16058
20641
15961
5781
18090
30016
12652
22479
31707
4682
11955
17413
26461
10913
4960
21038
14484
13091
14244
5446
9184
1731
25204
28926
5244
24799
10893
1714
13735
20942
26806
28315
5890
25016
8005
4422
28730
21930
31460
13636
18406
19177
20629
5412
435
7303
15604
4510
6078
18229
18620
21521
833
16216
13965
30000
6258
27999
24045
31735
22952
17491
14220
18661
1472
9903
32460
16741
26047
3443
3200
20365
7608
9588
20212
2570
1265
22262
815
6235
18753
27516
4980
10046
25020
17887
16143
360
5267
24734
28494
8313
5173
1653
24013
18991
30650
31025
28662
3546
4738
31426
27593
13840
28441
27794
27097
673
29022
30997
10391
16077
25573
31650
9427
1973
29849
6785
7040
22288
25766
18245
22712
9759
28566
6491
30720
15587
11705
14052
31180
397
30155
16320
21062
23606
465
28395
21835
720
23364
26125
9142
16733
21105
22348
32226
4703
1312
357
8042
7055
14452
12795
2099
25297
2578
16943
22189
20328
15493
16752
5973
19302
8930
17044
11647
6503
28583
32552
14674
12927
27369
17669
7956
16497
21423
25124
5032
2082
28825
692
21076
22605
5061
13673
24520
20599
5618
2582
32348
5158
3302
32382
14234
15950
16654
11624
7932
10508
9829
29681
12790
23958
23702
294
31031
16499
31333
978
20269
19943
10315
27285
28615
31410
20064
27190
13694
3322
22911
15930
10134
389
23460
22454
15777
20779
2968
28257
31814
10891
26577
10221
20288
29694
147
18840
17577
10697
11612
10238
3449
27799
12671
18737
26442
21542
5135
27915
21342
23104
12030
28611
16098
29165
14726
15039
116
7911
20936
14249
20196
8526
18868
31173
5431
2461
15144
4482
18418
18653
10076
15951
8085
4376
9597
29359
23653
6673
25752
24208
30574
7730
1210
29657
25801
9158
2902
6466
19227
26216
30438
32616
21598
29883
13781
19489
31716
22108
1181
4108
32152
19989
30509
14957
19080
3156
12685
32568
9888
26075
5060
25452
21432
25272
23802
25506
28114
14712
2522
26854
23708
2712
29242
32709
32317
28732
27134
1447
28493
13859
26937
16480
5157
19931
32662
5121
18266
21297
5879
19188
20868
13548
18779
9288
3652
21947
19973
7241
25221
14699
16859
9044
26625
4701
20236
14057
29191
17208
30709
4354
20348
10459
2374
24995
28193
16534
30560
18099
17171
32409
11010
30218
7320
26796
293
19915
16664
18721
548
16116
32618
3591
5152
17971
5202
10401
11427
26364
2375
279
17795
23768
28793
21098
6410
30464
8722
685
26963
21034
24252
19315
22263
25763
31588
18052
2794
4254
31294
13012
14239
12492
13578
1461
13683
21292
31893
7243
15944
5669
20866
8512
3184
23506
6730
31418
24782
18333
31362
21642
13367
14863
12125
6823
6174
16102
5489
30682
2673
8552
15294
11450
16574
6904
10220
21211
11930
20455
12244
24643
19267
3724
3138
32541
23172
1175
2297
3506
15577
24226
30200
23188
2772
1545
15868
28956
32703
28924
17990
2583
30595
14546
31646
29885
969
27296
12440
3043
23646
17931
12566
2929
11996
24154
12046
23061
4487
20944
27790
6969
7541
2872
18173
7475
29682
16833
1955
30652
13090
11020
7532
28324
7656
4996
9192
27844
31495
20718
23447
11059
28551
17216
30564
22717
22619
22455
25455
21904
26432
16932
26895
22329
1768
24711
21528
2255
19032
31966
32089
31598
27535
24895
24169
31463
7528
29221
4772
6838
13505
17160
26992
3893
27869
22832
28101
9999
19207
4298
1772
30966
25976
22588
5766
6553
4475
13750
14289
28112
15567
19209
1063
27930
30285
19389
199
26698
27082
6493
6616
10365
21311
31254
20139
31311
11560
7553
29505
31055
7721
25532
11021
12208
27127
6847
250
24129
26998
9709
16560
159
19999
17386
29971
25000
13477
26285
12301
21556
19160
20950
32654
25600
3273
29505
13265
4843
23855
10715
23264
30309
32009
28340
5466
18724
9861
5206
10356
17688
20257
4182
28990
22946
21776
808
7464
4609
7135
29239
19396
16397
23640
26677
32205
16167
11175
28592
30057
25456
32187
7143
27563
26937
9967
5083
16220
30907
8426
21417
251
4616
5827
6166
2
30018
31849
10348
15723
23307
13635
29317
26483
4412
3603
11557
17054
20442
3616
29837
9211
23110
25492
5452
24745
16563
28451
31065
22170
21981
13037
27487
29335
11513
10406
9304
22404
13287
17140
22365
2790
15791
7704
12220
19106
4395
9169
30028
28679
20481
9853
19197
1039
18901
14210
15283
26850
4028
15596
2389
15516
23539
2648
29216
22864
8657
272
24642
5709
23034
31607
14244
11936
24278
1960
13831
28890
27969
13658
6482
7187
7556
31495
42
3630
26756
30285
14532
10079
3386
2964
29175
1771
27235
10481
662
1327
8313
12362
15100
3812
4065
19643
29928
17825
1894
14137
21900
2465
14054
11893
30176
20679
14923
9731
25916
28383
20669
28860
14886
13095
5143
27233
9577
32526
17559
25729
15207
14907
31961
23196
26543
18385
25094
12680
16082
24818
9289
1556
8819
30850
25474
20204
27550
3117
19519
21948
3931
1707
232
19352
29058
5954
9017
31900
22992
8845
4597
26319
16187
12413
11993
14413
23939
31645
16591
30886
18698
1434
18021
24961
29925
21762
19581
10885
24371
16460
7494
19577
22445
27161
23403
32681
5247
21177
23946
31116
2391
8945
24039
11685
13499
5115
21090
5543
22431
6351
166
17628
19255
11425
8868
19143
26890
27307
12096
10505
14664
21292
6985
24705
23389
25009
9903
22967
23750
22675
2544
11387
29219
26049
6100
2761
18062
1215
10074
21232
21804
16879
23026
3315
257
17168
4588
22320
24329
14596
11569
1599
26244
7894
22577
31773
31633
27131
3356
31370
2046
4056
4949
29871
5727
1157
4900
9220
9053
5841
4523
25713
6481
19846
26907
7092
10770
10734
4391
12290
31498
29589
19385
20977
22416
29009
2532
7573
23922
13184
7451
22249
22480
21393
2208
17777
15409
19654
1854
29470
32208
21047
6459
21106
11063
17947
11913
4068
2575
13891
16700
4742
9527
487
29761
28645
275
3237
2636
22321
27175
8903
18706
14238
4580
29381
7353
9737
28097
16394
3980
17887
3214
13051
27124
14651
22021
27190
3747
23630
26787
12567
26387
20484
2486
32641
29743
6116
23478
9947
22352
20281
20184
20568
26474
14703
32737
12412
9864
12735
31032
5084
11125
15887
2624
10533
21436
18707
10468
11359
20947
18361
4468
22387
27540
19908
6319
15339
31980
21942
25633
27130
4823
16372
31919
2236
12940
19749
28528
17342
8436
6107
28862
12737
15969
20853
13709
6331
19069
17988
30460
13087
9345
27884
21546
23134
23463
1293
1611
15022
9185
2339
6907
29706
715
30635
10449
19578
18654
14216
12856
22420
10983
7076
10874
14147
4024
18906
20766
22983
26142
2324
22388
22781
5907
15024
1134
24289
26676
809
19121
13137
25205
26099
1260
22292
4371
22694
19561
20506
11466
4447
7650
2821
1865
5219
16533
30185
19171
17670
9114
14416
25223
32204
9589
11394
7666
29645
31208
32259
26147
26974
8715
4444
5647
29677
10910
6430
19351
22829
9373
31781
17591
18292
3093
28954
7424
28001
4407
29499
32584
13505
30634
29791
8096
9395
38
28724
4486
12043
4159
17612
20060
27893
3198
29784
25
3803
6326
13363
25663
904
12949
27938
23309
6797
23162
4314
30453
9699
16006
26818
8272
24275
7158
16891
8529
4627
19120
6814
11831
22322
10011
13380
15815
22325
20020
12236
17914
26243
24543
5720
12531
30206
15226
29593
7731
8051
27320
25933
17424
20788
11949
17413
1379
23811
25381
18732
3970
28210
11322
22085
5230
11017
8742
16756
30029
1384
28501
19264
28954
32429
5311
8599
11163
25304
18548
5138
8339
16110
8824
23931
22330
5787
3026
9869
27114
7450
9184
9722
13851
30042
4077
435
18577
15705
26885
21859
22996
26836
15368
572
28385
12067
20478
11255
29215
4191
9898
1814
22676
13765
27490
23661
10073
12639
17438
26080
27979
24801
14542
26734
1284
30673
9457
12143
13066
29930
26467
19737
29765
1731
17526
17481
4279
9132
11845
32641
18023
22744
26437
14636
8350
5314
13085
14634
20310
28873
2488
2952
4848
15901
152
5263
4133
23007
24173
9729
8255
3204
3302
31135
29065
30843
23751
13550
3076
23567
20540
23099
3675
10894
24428
19165
14105
16555
27474
16058
3610
14369
21192
21773
16959
7833
24037
8806
3942
5070
29577
24562
16538
4847
19766
8188
8838
27461
7458
11188
31280
11285
23178
28207
21476
1992
10312
4272
15981
29257
2472
11302
18060
32431
22904
13301
18082
16412
14174
32249
24240
12772
24431
3016
10369
27378
8188
31032
31782
8296
25007
13346
22691
15238
30167
24933
17640
1741
7937
4909
15619
13924
1992
13429
32659
20410
7150
19914
20352
13421
30635
1874
32233
21611
24900
3086
20574
19287
224
12892
5968
27950
19096
3520
2245
1578
20173
19939
13136
20966
25790
3804
7489
28100
25433
32431
25625
19084
23634
31763
28737
24917
3443
4729
4347
12201
31795
30537
5272
16100
28553
27759
12524
15069
15362
11286
20479
23496
5650
16819
5381
10075
24231
29766
11664
19760
7684
9693
17157
8811
8397
19545
8268
156
27486
26484
24524
3047
30561
6147
13719
9314
28576
15481
10721
1726
24087
13997
22455
24618
78
16093
1006
22900
13798
26610
8281
23921
15729
14597
3903
7840
13191
35
15115
8202
2070
16973
22086
17772
24057
27843
22467
11928
2252
11139
1817
25113
7423
2316
11606
2838
17962
15207
15858
20089
22432
17000
3074
31567
19271
15154
24494
6770
8871
3321
32741
8550
24128
21260
1104
19586
32545
10258
900
25680
18102
13971
29051
29238
10466
12987
16965
10325
9293
8539
9467
177
29952
4145
27381
22418
21807
9065
28476
1323
16469
7267
4674
14970
27783
15799
7633
9583
28161
12407
9538
8272
14598
20148
13807
28764
30183
30531
27627
22447
23393
20160
16112
32357
811
4564
7064
30466
27856
23732
7376
25106
8891
3050
31114
29964
13712
6744
31411
26748
451
8314
3429
4449
29539
22763
17757
10708
15414
20011
25519
3307
12299
5535
13752
27101
15180
15321
24661
12903
10195
17946
27474
18542
9214
27925
8486
12005
16390
29942
5853
16881
21900
18083
28757
14923
3445
11842
13485
32743
30712
25339
18171
4051
27381
15359
22333
31073
6793
14025
24467
13960
8159
12964
427
25480
25161
1389
22652
6605
5775
19866
4663
29206
18567
9595
26234
29142
8933
7104
15559
26586
26965
5436
5942
31789
22727
31720
5478
30521
25098
24363
9145
1070
29341
26968
10945
29352
16322
20089
21237
15244
18387
6219
12457
19762
32217
29577
27709
25290
21339
25197
14996
27384
5236
30837
14791
16834
18984
867
1563
16812
5880
17799
6961
28705
16820
9536
21885
18709
25233
30145
10233
28137
26236
15633
23067
15247
23725
6997
25092
3054
17022
14162
12026
9864
16766
21550
30744
9306
5057
29814
25412
19203
635
11878
6242
9001
13005
5476
5319
19993
13535
23757
21233
24237
2351
6132
6773
14707
4137
15208
3128
16395
6135
17270
16098
19409
31898
9199
32656
15293
3642
25900
2762
6535
12730
4686
20916
6670
28560
23754
8072
31994
25812
6438
13123
4000
19094
30973
8607
22311
1909
9801
4930
9705
32621
9186
13109
8220
5617
5953
24983
29618
5690
24458
32403
18301
30174
7626
24975
9623
9636
4732
20646
25857
25751
29779
3161
22154
18777
9267
17281
14579
30138
25216
904
14416
10377
27036
30937
31921
8619
4523
5013
3074
3177
24986
25736
816
25614
12639
18011
27278
1714
16770
9995
10614
27217
27612
1434
23859
10272
20895
30724
5918
21024
10902
19828
17928
18163
6574
8376
20184
30703
10934
28402
6261
21873
23907
1681
3815
21875
24983
25216
25017
18529
26850
17821
417
28713
12618
10861
8547
3474
11591
23310
15858
22478
27922
17773
29144
4690
11551
24505
6105
13541
11752
12567
211
23031
14573
21143
16617
26421
30457
31846
22496
9306
31654
29510
14537
13384
10787
27196
29921
9303
22325
11400
3509
1517
19580
9178
12938
17999
4344
3779
27899
14518
6860
31594
228
1702
20033
23168
895
31355
28173
15990
28109
22597
24790
6893
11832
14549
28658
6254
32118
6936
25457
20571
31408
8100
8029
1317
21220
8849
9792
10944
30600
10122
9447
21332
10352
19491
27494
21558
21745
13421
30556
14102
6215
9673
29560
19322
21812
17401
20540
27755
13546
9341
23041
20077
3371
11292
28732
27061
29103
27329
16895
21655
29894
27016
13251
8766
23358
7961
21092
6559
18311
32309
30573
22703
8213
21134
662
14292
13574
24540
19595
410
26885
30509
14063
21160
24942
30332
32161
13810
434
26246
11582
20784
13822
10969
25319
13710
20759
30766
14660
10405
393
1272
1736
31146
8704
10301
20791
14053
26870
23205
6758
22373
15246
19921
27203
11507
10176
3565
14868
12868
18871
24969
9476
2419
8311
23460
475
16046
5571
21514
18957
9007
15678
14817
29174
21613
3792
29822
5732
17300
8267
18045
9046
20787
8783
26384
22531
20789
9323
17815
19486
2835
25732
11121
23129
2632
11643
12306
5160
21252
2314
13142
8903
20260
18671
21013
14718
1890
11085
2296
32036
31945
7759
31115
1250
13933
26382
1427
22585
22360
12213
13473
3654
20679
16611
6119
29253
1175
27216
8267
20821
27642
24244
6842
21882
5742
1764
18111
4584
5360
4158
15188
9343
9580
14920
3576
4242
12921
10132
28673
14060
31555
13799
13876
3861
30664
8601
32403
1489
19784
30783
26742
9450
26358
7816
4829
26671
1780
28005
21765
25533
25470
10861
25913
8061
9318
24447
25067
19438
21696
21929
28931
13349
7390
14152
26999
4370
22655
7537
15132
8708
23875
3216
2236
11887
1378
9295
10344
21742
21150
1722
32271
19332
15734
15008
25680
29991
1181
3388
6029
28799
4266
14100
22337
1003
16401
18466
12691
2757
12114
7986
11563
18407
20848
28811
17732
16749
27813
8145
27650
2493
20308
28970
1798
6597
20799
21920
6721
8324
29946
22215
5381
27596
15776
26015
30050
20038
3268
4283
13743
9910
7338
26019
14439
27776
27319
376
9783
25964
9767
5334
29268
26790
30462
24318
30994
21257
12609
25653
27827
4252
18533
25447
1148
24413
5896
20240
8719
12094
20191
19805
24820
17262
9456
910
17529
30937
3585
12446
30652
22002
8016
23334
21510
18352
26500
5759
8538
12246
21476
8998
17742
10360
30151
28261
21530
8379
15435
13616
14319
14044
30282
20046
25226
29556
12426
24505
15624
18938
17460
838
18940
649
10632
7816
11711
28899
25294
29170
4359
7351
5008
9021
4539
16159
6150
18185
13830
14701
12498
11719
5547
26919
5870
30678
11672
32080
3042
13548
4541
12521
14906
4792
28958
3768
31287
24262
8231
8776
20165
24482
7488
14897
11949
18752
17314
8089
28172
20635
8297
26363
23556
8861
7658
15912
26801
16959
31046
23435
26462
4593
13888
29360
16633
3132
1355
21000
10949
28582
20455
3558
13647
25046
24366
23758
18339
19960
20650
2287
23231
611
19818
6894
2376
20857
14165
8677
18300
14799
16574
15532
22376
22927
8760
18519
19803
12570
25259
22527
14490
30961
26023
22982
17493
3797
13305
3349
25818
15917
12924
11816
25865
26537
15154
31437
26632
19493
19603
29800
13112
32464
17189
827
21607
17037
20813
24292
30791
22169
10597
24615
1310
30318
3598
8174
19904
4328
15560
1934
28859
31399
26304
13900
14289
8116
11240
24608
2987
30823
19533
2489
20427
17800
934
17856
15043
22452
17192
22369
32420
26114
15778
24072
21946
14311
31173
28264
18294
9815
24259
15554
14764
14381
28445
15460
8703
24013
9653
22640
27545
4104
10539
10718
25887
22080
18790
20164
19171
30668
31601
18133
16732
23709
18313
31016
21460
24866
23924
18236
19297
8554
17172
20792
29206
32649
20795
20343
5754
26940
29377
9539
25401
8400
22996
4321
24346
3391
8080
7375
10545
21917
463
13897
17750
19378
13123
3345
3286
27113
29122
8304
5992
26729
22240
7544
12386
11649
5827
29325
11308
7497
8499
15396
12789
3206
22769
28361
19878
23247
21834
25191
24084
30702
25067
8900
13178
22665
12535
10571
29222
7682
29527
25614
3442
30107
19282
11787
28406
29406
19805
7342
7676
26940
820
18072
31540
2292
9513
26527
25770
17206
32188
1558
22004
14728
11117
32078
22704
15466
13518
4444
22830
7477
8924
28701
13161
22345
5519
17272
3132
21607
1712
14563
19154
20572
12011
8745
18015
8160
16677
4970
31757
24253
28688
8803
24890
18740
29180
10991
9696
17564
30448
15566
31572
23372
17657
5798
13108
12219
28354
21063
19098
10982
22629
9779
13718
27122
32385
24670
32476
12051
13197
32306
4025
22956
18283
1494
13388
10680
19776
1200
12274
21096
29572
22313
30210
8205
8789
7600
23227
13625
21521
769
20602
8993
23587
14247
1328
24902
4125
18111
29716
26709
1800
10240
16277
29771
25335
13048
26515
12764
22755
22424
12238
23318
27314
16371
19103
1858
1945
16195
7142
12811
1700
12845
10307
15842
12179
13382
1161
30112
17896
20181
22895
20845
19006
1243
20361
737
26076
24656
30583
3178
13450
25776
605
26606
24740
2742
24211
177
17772
10599
3229
1144
2980
28755
16477
20463
29789
22296
8839
31304
17930
9767
18006
17445
4056
31947
10109
28088
14146
30823
17505
14376
991
24831
10373
5687
7551
32505
31557
20515
12407
32293
26312
7881
11321
508
27440
528
20520
20261
29203
22149
31402
11838
13871
28227
28286
27608
21337
12566
592
6595
4791
2016
28298
30093
18223
5947
11630
6213
19999
3423
8546
21380
2127
1863
30090
24495
24356
20751
27804
16246
10774
1441
4592
31904
2147
20880
215
8715
773
23876
13870
5870
2786
8792
8243
16226
10052
12352
24727
1569
26760
9263
29908
13197
29466
22583
14528
13812
13985
3507
30562
16146
9590
5858
32261
23255
91
17364
25996
25451
2666
5770
1541
30320
14667
601
18561
20359
13738
14991
19234
11285
16360
21593
2933
7239
19729
16356
2818
25939
28687
23747
8738
22785
25373
11665
29969
18027
17790
28375
16196
26624
24942
5423
26877
29391
3673
30378
6940
11011
843
9072
17720
8617
11688
12710
18926
32698
24605
149
17785
597
28118
14088
8835
3148
1521
245
28987
28898
25395
20576
13480
23507
9210
9597
6717
31381
24179
8725
20397
19166
17677
27690
27393
12902
28462
9182
6375
17390
6692
28817
1357
21889
30302
26954
12846
19450
21724
23640
12460
16326
18660
14905
28768
24299
4599
10170
6382
12361
25091
31584
8668
7200
21466
10759
7332
24019
9699
26313
25863
17132
3343
31265
11173
23391
13327
5200
3787
32531
15045
7936
13708
19614
18936
21032
8467
1361
3915
4143
10295
27252
13680
19796
20816
32722
11417
1613
32329
22393
22319
2606
7927
19131
28359
7053
23977
17528
13650
11492
31233
160
18067
15414
17922
25843
7639
4598
31081
22283
9184
26404
20289
13213
22818
14009
8626
19196
28722
15941
30746
1758
27771
29143
15199
7523
6451
26397
1155
30035
27789
31692
14712
8103
11056
15170
27702
2636
24553
18283
12300
20515
31644
18657
22835
19020
12673
10839
23209
18084
25484
9015
13884
1932
13101
21898
13029
28909
2618
793
19800
1657
12330
7633
5849
7987
16259
14188
30289
29233
3989
5198
32673
24736
26217
26029
21814
8458
1781
28405
18398
12244
28561
6763
10458
10507
23727
16656
564
28512
25542
10696
10579
17520
14991
955
24524
13897
32372
24572
30331
1578
4166
28265
9939
27787
22574
466
5746
24157
1510
8029
14584
14227
8488
7464
1050
28385
32359
5169
10738
14020
27582
10611
19865
12226
10790
29266
26104
4083
1771
30777
17115
25536
10593
8066
26695
19435
26835
30102
13326
23760
16060
10837
416
746
10553
14520
16420
4248
4543
692
11976
22817
3081
25698
13141
31990
341
606
32518
19256
7120
22381
30106
23674
1615
17762
2728
19144
21567
11586
2355
10984
9695
21158
31102
10975
23725
3681
6433
31160
29725
5219
6493
23680
21137
20701
6061
5269
9862
8358
1181
31521
9227
26846
27871
30177
13944
20945
22684
10539
31324
10525
13576
2863
5047
12056
31801
15485
13418
21356
3897
18887
26347
9476
30298
15080
28989
31020
31689
4902
25632
3571
21606
9908
10885
11220
19155
27003
11588
2710
8395
6939
24337
32113
6838
29740
17581
10866
27002
14537
19801
20769
26259
21583
3984
25696
22118
25186
15861
31638
9426
18737
26763
24333
20489
18683
24100
13209
30110
9427
16924
2427
13791
18592
10822
21124
24932
4199
22823
894
9448
5325
26722
25799
10072
8407
30580
22079
20010
13557
12961
2660
7152
15167
17966
31932
23853
20734
4561
10100
5991
18798
12390
15430
28285
19906
10211
25760
29755
15977
21902
19714
5676
14736
27246
32679
7599
27368
3071
21097
30285
2217
27946
27615
11850
8663
29555
9160
25978
8644
15477
17068
7766
11478
6027
25792
9551
14986
18385
1035
611
4281
8779
28103
10477
1050
23651
9994
22977
8713
7833
1189
27512
10118
12150
31308
27913
27009
19137
25848
22170
4693
30966
21642
15509
22674
31476
6321
14589
4863
7670
5389
32515
19935
3012
8341
19668
17780
27435
29750
12214
27074
25770
27836
20051
20373
24430
9206
11604
12997
2689
9493
8754
28089
1598
16470
26697
2602
16904
16865
3119
20265
25147
4080
8515
28772
16995
29747
30089
17061
26540
5236
14261
6555
30618
24183
17285
13021
1786
27428
2132
21036
21785
7399
15853
29432
18227
32088
23453
13094
14382
7703
1420
23313
28808
250
25676
9935
23183
19307
6835
13493
18128
18699
19942
15645
21713
412
29623
30566
21507
26141
23345
20541
12530
22838
9072
21787
17087
5847
5303
30991
3280
16157
4028
5822
18630
2165
1862
21416
19631
23811
14330
18605
8573
26437
4722
5071
23992
20979
2960
14137
6255
16170
18194
27009
2164
15050
20582
15146
9161
11293
21951
13677
21333
2745
6504
22072
3803
23207
3417
3448
29997
13252
19720
8084
13469
22632
27009
4409
22453
8006
15289
93
18984
13459
12575
3710
10759
30315
18037
16427
14648
28784
9438
30150
805
15028
5432
24968
2737
16345
15787
7877
5232
11894
23938
20082
24855
6589
31546
23780
27697
3419
14553
21722
788
6304
17026
25534
18452
5344
2885
29480
30198
11033
19515
31652
30632
23765
31187
29877
10287
5202
9063
1562
20192
32737
28947
24143
11219
15500
13254
21079
10389
5115
15257
10937
285
20889
26720
16841
30977
29426
10367
22312
28906
14175
23040
15502
28742
21222
16866
16327
30524
18524
3507
30204
11493
11980
4961
19508
15801
26141
17229
282
32327
32494
161
27649
9770
22981
21476
13605
14136
16745
11211
25396
25852
1164
8274
25101
4199
21165
27660
26311
11202
24637
4023
21749
6887
5633
21524
2344
25521
20407
7670
11446
17073
28156
18584
30394
30754
16237
31283
32348
24863
1293
9936
595
12564
5607
13659
18856
24435
26100
31482
444
7592
29758
157
15756
26958
25670
18133
31284
3747
18083
31721
19634
12089
21741
22567
7405
8431
9433
5240
4598
14624
5797
12087
5005
22554
695
29507
1255
18642
27265
30035
7342
18646
12455
31626
32330
19586
7268
844
30815
21367
11306
22863
3222
24905
31624
30709
9377
28280
16465
8153
6265
26018
8955
24231
27114
246
30277
30770
22866
7148
4636
26048
14246
19763
21952
24488
6581
23787
5411
9504
20657
27413
30098
30288
19435
23112
32150
29867
18398
21157
23581
23934
28271
28941
10965
21193
19571
30353
12249
9807
16498
3113
25231
23273
18090
28329
14288
20511
18007
5874
31050
19449
17458
12901
11299
22291
7736
32670
19167
7920
13484
25438
22148
21136
9311
18888
764
11589
30255
10193
698
9154
26574
12530
13729
26485
12741
5407
16161
13335
28344
23293
18339
7041
2027
10832
27943
17345
19205
6834
10027
19309
3348
23179
8655
18487
32466
16957
21560
5058
5671
10143
22066
23220
12526
1453
14617
8717
21756
19582
26617
14007
12638
28022
21236
15197
17635
30652
27108
18561
19931
22766
10818
21193
26397
5652
17479
19354
30287
4307
6992
12264
20321
11492
9607
31053
12635
27076
28352
9560
89
17580
17057
18215
24787
30403
16902
22328
6178
25491
26531
13692
22080
19385
16364
4525
19664
6113
22577
11746
14174
20466
10510
12129
14567
4742
2
29108
12956
8349
11358
4095
30691
20882
29537
6288
927
846
4001
7864
4785
23227
16300
7897
18367
26747
10224
26817
15411
1499
3032
1078
8839
32258
8760
17362
24001
22383
2283
31250
12857
20898
7099
1193
29602
27416
12928
8730
21576
893
2700
17797
14743
28190
24391
23745
14813
2205
30231
15532
10065
10728
8579
10175
19539
32107
32663
8934
15605
7813
30602
3214
25019
2105
15006
10751
8095
11559
19528
7916
16728
19386
21905
840
1500
21154
18364
2908
30756
27013
4649
30231
29743
29169
28537
13733
32073
5270
3571
1603
18829
11954
5926
26449
9897
13260
23248
10920
7137
22437
8447
3631
27991
5228
26486
5033
25737
24881
3666
2769
539
11420
14318
425
31959
28639
24579
3855
12786
28137
28180
11153
27280
29404
18185
3202
6795
10178
8730
13645
31856
20092
9454
13066
11979
31226
2820
13903
13989
5810
23635
32585
2890
22346
30509
20491
3920
22936
29033
22821
6868
6093
5313
21625
31495
31213
31353
16970
2794
7043
2626
31894
18773
6546
24669
5286
4158
31950
24323
12003
20792
5132
28421
20715
31546
21240
13232
21988
28066
2310
13811
32017
7289
1195
19140
18082
18937
30412
14527
4817
31052
10871
24848
14122
32407
25809
28564
32298
20535
335
22075
17676
32075
7721
6065
11232
28018
27916
9533
3037
19926
31760
21481
10232
20329
2793
11491
19382
6766
16481
7459
19518
6972
21510
18510
8114
3134
31
730
32447
24895
20453
14196
17523
30692
7664
15262
79
12666
22256
22429
28318
23026
21661
1426
19205
42
25841
11239
12634
9071
20884
22252
185
23103
31640
13762
29909
22099
24422
24185
27021
27101
5368
7541
31936
29198
8265
21526
609
19163
9738
10904
32462
12289
22679
6455
7005
12102
12585
3223
18744
4098
18765
10596
1644
21471
26773
29493
31036
13533
6797
23223
21947
17561
24816
30471
16794
4302
22044
28255
10814
28956
21444
20981
16661
25096
29157
28960
4651
4421
29179
26557
26872
32562
27252
27601
30589
22947
18021
7792
29583
29668
28028
25565
7794
32763
10294
1778
27305
27950
5201
11202
13325
4037
15749
21886
15901
30225
11887
917
27797
3757
3534
10783
27202
1028
7153
2428
12820
28947
9328
10552
11893
21361
14363
31282
25305
24204
17200
25598
21398
5173
21457
16775
8183
18015
9396
4345
651
26147
16413
23262
11203
17416
20233
5255
10940
9602
26796
429
22618
21432
30238
22872
30870
1930
32338
12800
1561
22227
28231
30962
23561
1771
12674
30966
12835
26737
11963
13359
7946
8263
31959
5442
5342
477
25622
15291
3089
24243
32654
26540
20598
28441
4824
18582
9371
14394
26633
13197
12121
4952
18915
1176
26537
14937
28237
12119
29369
32131
25857
17128
10304
1668
24197
25866
12558
19637
24412
2179
29671
7839
13181
25280
17553
25791
13828
25788
2348
390
16680
15139
18882
29348
23149
6582
24095
6022
28442
22001
11747
16669
13550
5355
14037
28386
783
4223
19834
23831
14147
14249
19431
18511
31586
11826
8915
2608
32524
28560
240
29560
31127
6408
1148
1854
2123
7957
11026
31611
15570
29197
29639
8904
28650
22018
26482
9065
11357
29158
31563
8075
17971
23027
440
13002
29222
6474
7523
26870
29014
32475
27280
4631
9534
12676
21166
6062
8167
20349
15915
14142
1115
7411
6285
17931
19293
1523
23231
25122
16471
30602
4008
13465
19092
21547
1794
10520
22191
1872
10858
16025
29772
31844
10419
21867
31749
31969
27520
7805
20904
14774
2834
4057
5791
1003
13406
623
24751
30855
13667
23828
18662
9138
9146
28874
26318
24343
20847
27202
3047
28556
1039
31903
21332
9717
8706
10621
22997
1893
18971
18994
12789
16519
2414
15955
26757
26685
9058
25467
11592
21894
8199
14919
29680
3237
5289
23717
8521
1920
23205
10575
6325
23878
10363
18578
15832
3412
16677
28244
16020
29018
11687
32085
14648
6841
13544
28597
4852
7984
1472
10423
4753
6328
18258
5060
4958
23724
924
13491
25710
11821
8268
3399
10240
28613
22997
31737
18239
6218
29891
30712
20012
28422
6475
20079
17368
21268
3367
17670
21206
4621
16289
17835
22000
4581
23533
30610
7449
21007
21947
27002
32419
2024
9229
12595
2226
23122
7750
9309
26353
159
12164
3698
20611
18610
21552
2055
4669
18528
5588
21326
2322
15900
31020
25056
8398
25812
4735
26553
11016
16150
13359
8068
8785
7543
27536
9242
11698
25653
16374
837
30806
21531
26642
28105
12675
23205
27006
10405
18639
11621
22166
9110
14992
13477
7818
22749
148
2382
9137
23106
31506
2569
3104
12121
26081
19363
124
26884
11752
26806
19724
3641
15062
29830
6418
17925
275
5417
10332
25297
28662
2283
23318
13029
4152
6896
24546
14890
26280
19227
19499
14644
28449
11567
3765
9599
17337
17204
28793
30457
17468
22301
6065
28353
20953
6055
16687
15151
29466
31876
9202
7444
29722
13753
13051
29251
22258
10821
12637
18768
10356
18947
19604
25239
3356
14033
12567
17024
6723
2290
19761
14594
20374
12977
13836
614
17607
18247
25359
25934
24450
10495
13161
29173
9635
25240
29166
18104
32678
12267
19235
32214
32606
31182
27028
10356
32490
18743
11374
31460
11238
30117
11337
3622
21214
4795
582
23215
32520
24878
1370
20586
16946
18146
29161
12285
14585
4688
12183
2381
7996
3371
10587
836
2256
8771
27605
20690
4725
6825
32225
30513
7945
13844
10092
18798
29948
8835
6790
15653
20484
5924
12985
31884
15122
5749
16025
22962
18052
7081
1949
1801
28316
14157
3117
14627
17969
24363
8188
5561
14756
30063
26264
5105
32278
19208
23616
12768
216
8529
24821
9038
27427
28401
31187
23994
3594
27648
15522
9630
19116
10603
6569
245
19118
14233
30658
13049
7401
8270
22196
9521
2655
14288
27580
25003
14196
2377
27757
647
25947
25197
31675
15029
26574
16988
27986
23550
8962
12234
21292
32329
9690
14941
2402
11287
13403
11094
13378
14417
22112
10612
25763
8515
16014
21525
22133
9448
7563
6559
32156
27240
13675
19742
21759
25823
16747
16175
9179
21344
1506
24092
11614
570
7284
8520
32369
12665
20617
17358
19925
17584
8189
4709
8817
8182
13338
20615
13290
22063
26307
30930
14709
3213
10225
23726
6889
14166
22372
26416
14361
5095
26258
1854
14944
1017
22244
1268
9341
11811
26657
17991
5281
1952
2858
18152
27847
11091
27881
18283
21828
8712
11652
30633
19871
32765
6102
8291
16290
31649
27935
4136
18609
24987
6394
20344
11611
2574
24976
24617
11055
13083
26636
3082
7377
25768
3407
1735
9293
16736
3812
26380
20394
26875
28726
15085
27587
20416
1024
15238
31058
12104
10758
25566
30798
29828
5379
28434
32119
20226
11490
431
17967
17771
24880
607
16011
29521
32722
26056
11690
21543
25587
29105
31813
16273
4417
15206
18824
31455
3929
25950
16928
979
6527
24604
28054
30891
30355
12883
26075
16731
3392
3149
11556
24091
2167
10893
5623
32545
8220
19380
29062
18864
23039
15777
30781
28241
22285
17884
8343
29793
200
26933
22581
24267
10996
22184
21297
3607
32147
31108
26032
932
15124
30413
7094
27185
14024
6622
831
1954
3989
29778
23691
31745
750
13605
9401
29124
27650
31511
11927
9038
17204
9809
15801
22968
12748
27979
22472
18640
3564
14573
16413
27746
21189
3061
20878
19127
26890
31128
10888
16476
21413
28524
24415
14628
5290
22149
9953
31344
24201
20446
13617
25262
25991
4091
14547
16928
25967
7629
11779
12511
12164
30934
31819
1567
21691
27278
4692
21684
16423
1796
29693
4310
21941
8392
28330
17185
26905
13321
26590
27871
8456
3323
31245
394
6824
11643
21419
6541
24901
13814
3209
16971
3653
21895
25953
3938
9566
1375
9648
20785
262
4970
3011
5272
25387
16432
789
20478
32293
29689
5336
24985
2537
20276
18130
17129
14719
6681
23658
5510
9398
22414
11779
27932
31254
32583
2696
31412
3350
9010
22344
32053
5263
1042
25093
6954
11633
22889
6471
2501
30133
20636
7926
9508
21394
1874
26920
24020
15604
1309
25912
8084
4906
30812
20760
5467
26334
14944
16104
28316
14411
24269
30407
2504
1962
21059
10985
10261
18925
19518
12777
3710
5552
6203
15201
14346
7277
31261
12985
32082
17391
12750
17468
21821
29705
25129
14449
4879
27783
24344
6568
17826
14181
9977
22483
7154
2879
2887
24215
29408
12809
19574
20899
28719
18432
11550
25409
20179
26336
16476
31018
16491
4440
30582
5023
2060
29371
12989
10933
12864
18168
22968
30193
3662
32460
15998
21012
19644
29750
20580
14648
26387
17196
25048
284
13538
6796
1421
21437
20997
6485
18137
5670
14887
3095
16731
12680
15750
7848
23520
29325
13046
22041
10887
29418
2857
26344
15396
16692
10541
15223
22243
15092
9270
16061
26670
19709
22174
16188
11216
3581
24106
32307
20058
26451
29071
16148
3781
16416
12085
27448
9050
24225
18746
7634
26063
29628
12986
11298
2739
1240
12878
32235
26636
10226
32210
18982
3902
17901
17260
3064
15918
22314
17353
17378
27560
20057
25002
22840
29438
9615
19104
12244
8946
16792
7443
17931
13270
8078
12169
28384
26866
170
23845
31864
24870
2139
31598
28366
23249
149
23891
31400
28401
14444
1899
31946
1931
12513
31105
11625
5453
3068
12623
10210
18546
29211
19082
6828
20710
24969
24607
13195
27050
7250
4797
7175
13179
10326
22675
6685
8878
5533
31323
10548
1119
32490
24983
8019
24266
30867
7194
12944
12537
24975
14539
29388
21920
19153
24998
2973
3397
26836
22275
25228
29603
17272
12315
25985
25681
6156
1224
7547
4767
8620
25740
22916
22721
15309
16085
1509
559
4886
8319
918
5451
22642
27291
5112
24644
10851
26223
11462
19771
10393
23229
18505
16805
26051
1609
1484
3313
11173
9109
11856
10858
17770
23023
29057
23134
17468
16301
28392
22144
29203
20920
24417
9611
26314
1095
29392
21032
29560
20717
13840
2322
22525
26070
5420
25208
30427
23118
19922
23203
31560
3202
26116
15832
9601
3211
31505
2944
12640
14504
31940
5254
2865
28363
10459
22785
18114
30552
23226
26899
3257
3369
865
19728
29226
9941
23964
14563
28265
25906
12921
3758
25373
19224
16895
29873
27286
8808
9245
621
24673
12877
13793
18697
22553
10946
26347
15092
30335
26965
31520
14028
24781
31530
5283
14719
13896
66
6657
31664
18453
21501
19627
32348
845
7902
9130
19133
16724
13711
16014
26990
29286
26917
1191
21713
22130
11428
17528
27310
14380
13254
26473
8476
24158
28408
3516
677
10110
2214
9922
13733
902
18360
22863
4851
16384
31581
20587
4035
23136
21511
16458
32459
19607
19895
14207
27813
2021
3962
4204
7029
4591
25651
5885
25035
30737
12444
13974
28875
3317
2696
17481
17803
9317
21867
14669
18876
16733
2075
29099
26509
27237
32728
17211
5324
6173
1163
207
6478
29210
25163
15790
5266
19952
15397
25924
1697
9360
31773
31511
24632
29141
1136
5885
24105
12889
1564
29069
13311
29581
8354
5331
18913
10761
12043
1352
4537
16928
26153
30464
14229
7864
10271
25382
12621
31320
12580
4518
29030
24195
387
27433
16694
9541
10470
10054
1609
14603
22229
10998
30468
1720
21626
11081
648
22004
19367
26712
28633
31687
32538
5243
30784
7016
22527
15292
24813
26959
27830
16267
22497
9361
25815
15027
6155
14957
24179
24972
6321
18466
14493
12914
19474
28420
26409
2679
12618
11983
13236
29269
15733
14907
4069
14247
24599
31185
23793
9816
9916
12540
19557
30299
17371
31075
15904
16796
32000
2166
16286
5687
17450
29511
4221
30953
114
25756
20537
27587
18926
31042
14651
19750
7381
13988
3346
8939
18404
20380
5632
9698
6656
11144
25016
8574
4892
25505
6502
31694
7261
10888
6896
31151
2940
21026
14203
4929
30061
25510
15154
27799
5182
32244
8770
18099
17473
28201
7977
31921
23661
13936
22065
24898
26114
30491
29239
4188
30572
28146
30385
2352
13930
32714
29424
9309
17775
90
31394
14947
8265
11339
1946
3674
11264
2446
10452
20708
32257
8690
8883
20320
7803
19446
25742
9056
18954
30171
30571
30301
30355
9982
18954
11690
8047
11109
32294
4775
7371
7576
6903
19255
2638
17074
18683
13940
253
27831
31478
417
10332
22312
10296
2399
25302
12757
31774
23332
6495
19955
7899
27370
27224
8558
31608
20772
16307
5249
10010
9462
4183
19843
19844
18085
20678
28420
18140
11853
22269
31768
15026
4818
13724
22259
29758
32024
21062
3510
19433
7031
15179
27017
18960
26985
132
29674
26372
32646
4991
26180
3157
8115
29404
14276
15184
20886
9463
15720
31942
9037
17864
4185
32271
25183
11271
11898
32591
24818
27027
2369
30456
6975
11028
30406
3728
20804
15071
14617
23733
26808
11035
4057
94
11076
27426
2050
355
13552
19498
32263
6720
9948
14629
1569
20246
29232
9702
12006
30194
20309
31108
21021
5202
13670
30723
26577
13797
26081
28465
4004
8339
24739
10959
17510
2493
21523
29681
28134
12486
23965
8104
17672
722
11874
28893
15896
11213
26669
20864
27998
14512
18089
9955
6643
12031
26834
17760
29395
15766
20138
18242
6706
27302
24365
19171
31508
25339
2694
23569
7448
20096
23683
3254
27284
19972
4935
184
7399
1598
3647
28959
17163
23567
10583
27254
5738
17928
22637
19059
4595
22316
5893
16602
32620
26359
63
22430
28426
31391
8967
17993
19775
21401
26252
5279
2771
18271
4851
20606
2870
17521
21068
23305
19733
10393
15813
4358
299
19572
19229
21123
858
26670
11868
11712
27130
13709
962
12617
8049
29489
22013
10595
14851
11546
21663
19625
1516
28266
20174
7159
30124
16492
17981
31111
27811
6870
11868
15194
6109
10571
11212
15578
18735
2596
26646
13245
2179
27248
19868
19500
20336
9017
16336
20517
8974
15370
9123
24094
8
30381
19521
29419
19698
18489
8187
19169
18141
25421
2436
24124
7209
14230
2401
31934
10651
2711
31643
19609
3503
3497
26039
12431
1584
5440
24807
22872
19461
21873
29826
1604
24910
18353
29874
14625
1456
7648
14701
24927
17644
26246
16806
17010
21431
18012
5828
6520
11974
27406
1107
17948
12328
6975
30713
31418
3800
1997
7596
14276
31891
16983
3107
5732
21991
31997
5514
9826
6285
30567
4218
25417
5112
15625
11560
1221
2094
6309
10973
11856
9943
24849
422
16909
10899
826
21580
23284
30865
28009
16006
12848
94
16325
21358
29637
19962
26138
24626
18038
561
32472
18188
2790
9512
13151
1652
5629
1847
25977
16532
27277
9206
22056
22268
13878
15259
10659
28311
5511
5763
27803
28637
25445
9998
32450
22347
6065
32176
1678
27152
31013
17221
21050
8970
9855
11685
18959
27632
15074
8825
22497
30417
4473
31821
26588
19389
27741
9702
26241
24258
697
32725
24555
16922
14892
17484
9303
18594
3950
23857
5603
11406
29239
24689
918
3675
6236
9879
13729
24582
3131
12189
3812
4220
31322
18945
26548
2897
587
12316
1500
24756
3795
4016
21985
10659
31051
12224
18827
31835
31813
10404
32672
1299
14707
25180
6387
5865
22213
19749
24221
18717
30418
2122
7563
29821
4217
27453
23353
9504
27080
9446
18364
21591
14876
25915
4358
32481
14218
17681
31590
27486
4990
24625
25422
13574
10914
21935
3161
28315
27650
8823
24972
29084
15213
2601
2781
11708
21278
551
31729
3219
26780
21228
24618
15762
6366
25503
2017
32316
24499
25575
15088
12947
7777
18434
5236
25041
30092
19217
19409
27481
30298
27574
3830
2029
28373
5857
20962
27425
21905
29927
14182
6416
6286
3285
30509
17485
21343
12803
25851
18461
12428
28652
32050
4835
31286
26684
6810
5339
7673
22315
14689
1803
10263
12810
27489
7799
31186
5147
24994
32661
16153
28070
12064
1536
26471
10569
10446
13424
9705
15248
1754
24810
15583
20678
11059
28980
6212
3338
12617
15244
31665
4773
11028
24473
18303
17050
12119
11170
6444
27519
7462
25086
19199
23180
14502
29388
5871
754
1300
32228
24770
12141
8
12557
27506
29213
8699
22128
32212
18066
18439
10060
14971
6694
27375
14060
11995
11919
18271
2518
23978
2740
23413
11590
18572
28096
23935
25306
15598
30837
4103
13455
26674
196
5901
1260
30477
17306
12947
28541
17454
26876
607
3459
23073
3670
14076
29418
19570
19216
21506
30587
11285
25443
26519
8275
6917
7531
23350
15764
17196
27773
16815
4186
13443
26298
18031
3313
28282
14564
8706
3397
6298
3185
14294
1945
11881
5086
16706
7548
8846
12614
10694
5881
15669
27443
149
7695
14773
9140
9040
20065
26480
17840
1557
27949
20987
23673
15544
23938
13440
18852
10576
9390
15456
3353
29686
4854
24348
21350
12233
25739
18293
15961
20790
28345
7634
7117
22902
11616
12259
32452
23383
17576
15236
28342
15680
19185
24804
8489
23663
28425
32742
29058
30086
20130
1223
2843
30278
4355
26626
31125
7322
6653
25968
4976
1751
26913
11956
29400
6466
31024
7382
28866
23763
13267
9518
22072
15160
19852
5508
14321
15389
7661
23413
12325
10155
18440
23320
27295
12878
18214
6370
14100
5564
13244
15047
5555
15155
21658
9378
29181
23297
20582
13271
32727
13642
4937
24119
28382
18438
15592
14372
26618
9801
10902
9717
2358
21703
29127
15516
21455
20375
24264
5509
16522
7479
19374
6594
28235
4817
25485
2150
7908
11708
9706
15406
30251
9798
15986
29799
12111
8113
1260
9483
15468
6523
14700
4654
1116
1507
20681
15000
13009
10664
25938
21940
20128
10516
8125
26793
2656
26169
11360
14022
820
5243
4260
4387
25061
9550
29878
18821
4660
29249
13695
19587
1134
18492
21207
9959
11584
14341
3573
31319
14285
20489
19498
9525
7678
9050
4560
8643
6937
16884
10621
24715
11414
1604
19324
8702
5422
23531
22909
4955
5684
25535
651
13010
21288
6418
25407
16106
5002
23608
30259
13600
22252
1603
26810
9168
28491
27153
10190
21337
5535
26249
14666
2685
11441
28193
13658
29190
9773
10147
29743
23471
15864
3122
17399
28737
32707
9864
15116
2301
19169
22401
31339
14394
18517
17373
29801
17743
1840
20289
2977
8115
13082
18560
7729
3427
6446
11033
20774
6276
28427
6657
12340
74
4135
30626
30123
12568
9575
16163
3750
2025
27373
746
12165
25838
2098
13407
3230
20856
11860
6387
2864
15641
28849
4194
32408
5638
2996
4148
17864
16576
3567
30858
23796
13044
5994
9751
14222
13727
9019
25965
30325
4725
3927
11130
20074
12420
22184
14162
12995
25621
12640
303
6243
30163
3980
6837
25833
9519
8684
25723
24104
10754
25858
15560
11736
31092
25193
2970
19850
21022
7272
20461
28386
21355
22471
4665
13312
9284
14305
24637
19519
27884
24827
13819
18722
10280
5332
30724
16267
4004
32125
25333
2350
10130
6763
5186
14918
11668
971
4146
8070
28380
30741
26923
22611
18833
26596
27696
24880
23925
29701
30376
8826
12230
4558
22881
22357
18018
18865
27860
24806
32302
17425
15019
22979
8375
6227
24704
32167
32026
4665
4072
14699
2082
24939
20400
30513
18353
26455
25190
31459
3425
5947
30235
25308
17514
7296
360
8420
22215
15178
29103
32610
28052
8013
3747
1741
4283
3298
14091
22372
27087
10330
23235
19231
11832
18322
22019
29669
29841
455
4579
18943
31054
29100
3615
7885
5794
23994
14360
10167
29600
15048
13084
13671
11936
15579
30183
27445
1764
27199
24938
2787
18811
25815
13515
10379
1382
23985
684
23253
19194
26333
2992
15213
31365
6016
8763
19381
26164
13860
31610
4535
19252
23890
4516
349
26136
20067
31615
1508
9851
26259
23845
16270
17894
27223
22024
18839
17908
6897
4148
7275
6579
19009
21716
24598
32334
24798
18936
17148
18153
2661
15765
10442
8141
31761
8653
17836
3269
2444
7793
31169
9927
31749
23493
204
23767
24451
27267
18988
15401
14969
27938
3342
902
25498
26199
27873
1520
27118
20701
16906
8329
17190
25714
23257
18353
13357
11298
18620
28527
10239
20935
3507
21266
26814
17105
15876
24600
28419
4675
27184
18510
15218
15358
25893
32569
28305
11586
15029
9909
4826
13938
27207
11996
19726
18967
14797
11561
26317
11560
13558
11997
26468
31881
11428
2722
12006
11217
19104
30063
18302
24912
3469
24235
24835
21329
16666
22421
10957
2716
18044
2531
32711
11839
16668
425
6342
15502
31628
20093
14617
21865
6336
16345
2402
31165
25979
16577
5284
25677
24071
5797
7068
24499
15401
1928
12885
15777
8532
11106
23543
21357
12573
27843
6367
8141
12271
31930
6901
32223
31232
15861
5178
2412
26243
27433
21409
6253
27424
31925
9248
28110
5025
4482
8710
2419
8686
24365
31375
14713
27195
28008
18870
20670
16256
8349
2634
9891
1065
22485
19524
17424
13071
8665
9560
25017
29864
19862
4042
7072
5242
22982
11139
32219
27350
1997
5476
20120
3778
5601
18650
14686
25655
25710
16307
16278
23181
2745
17456
4681
28467
7875
10587
14635
18595
13424
23962
10969
32149
22504
2949
14943
23667
1854
15605
32253
18190
28496
13405
4907
30351
28654
28766
25562
15280
11070
3477
20733
3884
9310
31416
26184
1651
12620
13025
31543
163
17411
29225
25939
8116
20199
6265
8113
25074
18531
11933
3003
28593
4561
16794
12082
28988
17818
2114
4980
270
12446
1797
10747
3653
31446
9738
23079
17235
17207
28031
7229
17655
13018
23597
17839
23916
19291
3151
27294
26592
29823
6820
30877
4135
3353
963
28344
15025
814
27567
22197
10425
14167
939
25497
11456
12135
591
22894
826
23630
25052
8772
9095
30525
22733
13430
7460
14859
16558
11822
21795
30424
24369
18987
14296
21232
17791
4546
13014
10481
14796
28707
2842
22065
24366
2782
25477
30554
4015
934
1936
22615
7329
1876
20027
7028
26929
20015
10566
23488
4927
29034
13476
20150
7789
14830
23085
10525
21878
19546
23955
19245
21954
22088
25751
30707
31031
8403
20348
7159
4689
11350
30140
26395
11893
14709
6907
15814
21122
25442
12345
17730
26026
12121
13643
3939
16000
13677
20108
10602
1617
18055
25296
4648
26296
13228
21913
23399
13677
6782
12686
31365
4702
23302
22312
3170
11265
6832
943
4221
7656
30871
17509
24409
7574
22275
10753
24614
27025
24112
20574
16797
11960
7250
3701
14892
22487
26325
25225
4947
31609
24809
28321
1102
23549
19262
6459
8180
11756
268
9791
23007
6282
18007
23602
26317
9387
19313
2476
31814
3528
2496
32524
13183
10578
24001
20586
4991
22598
589
29645
1664
14082
20764
3998
16024
32599
27783
3421
19864
20703
13970
17555
29749
21393
14633
21000
27749
26770
25514
28469
13068
23886
16804
24060
5336
21704
3807
15511
617
23342
19612
21967
28598
22449
15389
16750
17068
20628
25192
26870
5400
13698
31049
17555
19910
9252
29078
25679
21738
23283
27318
6533
26560
20043
17252
21656
20336
5057
10161
2788
32564
6071
16456
14581
23996
20782
26358
21751
15826
26587
1130
17774
19002
124
31545
12328
26844
9068
17445
13679
22821
29045
8094
27523
4522
6886
137
11847
8462
19686
5185
5946
5670
2312
3035
12713
13148
6944
2735
16163
29009
8532
24083
8238
5319
23158
25194
13624
23485
11921
14686
19408
1499
9665
13673
27670
15377
16712
7834
6768
7036
27359
13462
24959
26505
28234
4573
14418
10076
12591
21582
6361
12915
7464
12014
23196
28806
28695
18661
9644
20658
26298
3529
4570
15319
30079
21279
17960
1599
921
30495
11389
9344
23635
23736
3485
10147
19108
26836
10583
17541
4868
25821
7937
27262
16255
27264
14881
11585
29192
15537
30573
1539
12559
12783
22006
12256
25174
5065
18592
9082
26624
6049
23509
30179
5099
21680
25466
7869
25919
23370
17698
27039
17479
20835
12930
5819
12416
14419
26662
28350
5360
16342
17506
19960
14009
19031
19082
27325
29166
1646
26213
23307
14501
16807
992
7532
2126
22661
20224
10526
18755
26566
12314
18802
19616
8937
22598
18546
23636
29678
29201
11462
4472
18525
19058
3801
25824
12169
1536
18743
11760
11798
13921
2106
945
27321
25606
31973
13348
6207
24597
14096
17879
16593
29351
27333
14261
22134
14644
9451
29474
11481
18763
13089
9288
16461
27527
17133
27819
28174
702
31766
9220
457
29563
6734
6988
15455
8111
18964
5655
14311
19107
19673
28195
19698
31025
10338
5425
23826
8756
25965
26899
9885
17213
8599
3591
1454
11656
30845
17219
18029
7982
2082
26065
27792
31899
5265
5533
5154
15939
3779
12493
20355
26257
706
6480
9905
5152
12559
30906
7109
1070
22337
30287
22721
6478
27632
4957
27272
14940
20945
8656
11566
7606
17954
2304
19826
21673
3657
19661
905
11050
10424
2798
27422
12231
1299
25222
7318
30685
1941
31224
27544
29706
23472
5885
28365
26853
23027
31988
13540
24557
1329
1401
19162
9408
25312
10040
30584
8846
12991
24323
20509
13772
18876
12067
2749
17965
5140
10476
12586
15566
700
13461
6546
10928
26624
2886
18505
13164
1898
6001
7881
4130
23781
12134
31736
16051
24354
24098
12713
12592
16699
11880
29540
4498
30614
11284
8810
28075
1037
4011
6900
24412
19787
18486
26300
1289
1401
22353
30910
24138
25627
13183
22080
24803
14132
9408
20752
23031
4017
20326
14093
28536
3332
24868
6888
21986
3088
5224
6700
3625
15685
32234
17532
16367
26124
22661
2076
1019
20837
17223
18356
13031
13262
9668
32080
3096
1640
11951
3754
18676
7509
8363
13996
28750
32100
24926
10289
32293
13552
32455
19980
13199
15365
7890
19531
8944
8133
3370
9917
19567
32010
23375
12465
24235
3661
18152
10753
28585
20679
23130
11599
16914
1237
31641
21391
27291
3489
23871
12485
27076
29695
1499
3600
3525
4245
24971
1256
12485
8511
4557
24484
10062
19890
28562
25407
29438
24415
29588
26203
3455
12442
30954
22918
24505
5883
3545
9405
14661
19716
18158
32302
23589
7941
18505
7746
28851
24381
31036
29915
30168
25922
5653
17371
382
7331
5175
17125
25928
26315
3184
12391
2944
21544
8070
29656
8273
30861
2323
13630
23350
24277
21651
3572
31922
24522
26812
13994
21570
24645
23822
22189
25232
14998
19882
22633
27625
22309
8551
26412
3825
14426
30243
31276
13205
32187
10071
4300
26178
8788
8942
1051
29524
31324
88
4509
22226
13333
3546
847
21592
24564
18472
6373
19284
17410
28725
5718
7029
32386
13130
7066
11617
15316
6486
10674
29607
921
11653
30954
30708
24856
5395
1115
18569
27361
2147
28339
23020
28079
25163
9273
12510
16019
14770
24075
26766
30799
14686
27306
26892
10240
10759
24505
25088
11521
25264
6402
23964
20491
4919
10426
32719
21921
7466
7430
17852
4011
28380
16062
22890
12897
5304
11632
19901
28778
29910
31912
22181
8773
26828
13934
20885
31977
10695
26385
12855
7080
17114
5667
10078
24921
32149
20677
3132
29878
31962
10533
31189
23555
31212
20292
3251
31729
22473
9981
13019
32193
186
32579
5633
24748
16936
20138
30200
14979
6833
6440
1900
27539
11899
25373
10963
18891
21960
21906
4001
1825
31179
30654
6075
22321
13243
8655
3887
6183
25125
3303
3106
736
10374
9316
2826
9804
3353
31844
6941
12823
10478
4488
12040
21640
7740
13817
26085
12201
18680
20393
24679
10664
23974
19420
30296
7293
27248
27622
24646
10445
28277
20278
10617
12302
31587
24211
32296
14829
5448
31910
10732
18668
17573
8121
23156
25168
3781
14526
31355
19770
18508
2963
14583
19732
30227
23684
4243
23342
12339
5906
25440
9129
15200
20978
32455
18837
19577
21593
7107
13910
10844
119
12109
30796
8703
18241
7959
29875
189
2420
11900
28871
2285
2519
14263
13868
5305
21696
1364
22158
23342
16601
24549
21125
2959
27940
9206
10171
13039
24637
29763
2640
8190
11488
23592
19837
14628
16298
30296
16248
30924
14884
27602
31896
1027
32509
24337
32186
3905
21399
6019
26083
1414
15046
317
21287
9641
27860
21741
14025
2541
4296
31760
30883
19926
6887
1381
27080
17979
29820
15777
19049
32667
20693
16484
26357
30389
21390
5484
4228
16210
27666
11785
29814
3430
2654
22224
5975
21591
4360
29076
30470
28829
10368
2962
6167
3979
22423
9196
629
18796
1341
13913
29004
8658
18319
24090
14886
25131
9233
9520
12116
661
9527
21452
399
5364
26923
21511
25823
26177
3530
32211
31932
18981
7663
24369
21363
17606
25589
21669
24780
1761
17783
1511
25578
28697
3162
6876
5234
2958
16654
15556
28400
15026
31248
14261
8310
600
17588
20552
21894
11790
2849
8594
28721
15789
7069
5974
27009
20782
13579
22648
25109
1727
15537
13749
9739
32534
319
28818
10275
31750
12045
28306
14368
19792
22949
11436
30834
32699
16001
1788
22291
615
9494
10425
3503
13918
17
14439
27911
7276
13280
5198
30615
5425
9844
13098
3958
26484
31813
32036
15231
186
9879
12545
18350
9239
9980
10650
17612
31557
11291
6028
11087
15859
27567
816
9596
25439
24019
10958
17614
4647
15740
4365
9883
16989
29255
20398
19445
17881
18293
634
10447
10963
5171
24185
11872
11441
14623
18789
21709
10013
5897
1374
26626
16219
25334
17631
7136
14297
31595
15089
11166
8712
8936
31647
2153
25195
17330
16553
23374
15086
8405
26237
24154
20344
6250
13666
20736
22723
23318
19191
3002
31084
15571
14300
30451
26950
755
9647
26917
27380
21346
6458
12351
16311
10539
9450
19017
3460
29245
8067
4426
27482
14960
13075
24170
2002
1987
22565
26708
7672
19431
4406
24798
11353
3842
31341
5612
8797
14253
390
6545
30679
5182
23056
13688
25307
2381
472
11651
8144
2417
27045
5553
32709
14923
5669
16197
12553
27334
19752
293
30197
16028
8972
24448
15885
13085
31864
22195
21832
24876
22606
19822
7595
8330
30170
29202
1820
28759
11088
1886
14710
18645
117
25675
9433
14960
24988
11060
27716
32251
32468
31802
24165
23101
11104
9959
28847
684
20839
7954
28846
21368
19949
14594
24471
3787
18690
28886
11300
32592
24121
16675
16030
9202
10588
19680
2875
18662
2910
24703
7851
12779
15249
3677
22766
14800
31001
27228
19048
2871
28833
10446
26423
22170
10829
9366
1220
10635
5103
4233
21912
19264
31613
22555
22386
16974
3523
29495
26518
26549
11605
12654
29031
11037
13768
16468
27448
27743
32545
28967
5472
3655
13710
434
12172
9881
22868
27761
6234
28497
31497
1014
2851
23855
2051
23947
28695
32627
15120
20249
29328
3302
1383
1097
20896
16921
991
28392
7916
29937
21599
5776
24510
355
24470
2949
17493
29565
27372
221
27008
4774
1720
20964
22635
12838
11443
30398
14520
27369
8877
11342
26833
8831
30078
21335
28797
872
8256
19169
434
19087
13243
18911
31659
3604
4641
31758
9273
24910
4860
26144
2910
31249
9060
21786
19736
15148
13941
23803
9595
18486
6656
10910
2818
1675
897
11489
17191
12177
26961
22791
9521
22592
31773
3675
32590
4577
21655
23830
20961
2069
10603
13443
21789
16410
8565
15457
31955
23882
5681
23945
28296
3812
23155
15825
7627
2831
22872
13103
710
15132
8572
29218
7954
32012
12397
31565
17616
7762
4704
3173
21493
29658
10787
6222
25061
13129
13651
2689
32580
29063
24783
22961
4104
27259
364
11694
27091
30229
17643
7305
11393
20114
28456
17145
2300
3067
30611
15357
27224
30959
6884
15299
13596
9379
13579
20937
4317
22055
30566
5698
28690
17643
20279
18107
18979
14977
4181
5630
15299
420
14370
13111
384
18042
23740
19541
152
19478
7288
4019
21007
6977
8588
28920
1022
3706
3595
13628
1326
24379
25623
2668
28389
6270
15954
11759
8448
4736
27797
26249
25666
23493
18661
21888
1772
13148
22690
25342
10126
30820
3586
18871
8732
13007
15806
1483
21316
6502
7435
10990
9727
14605
23500
26054
8039
8521
12038
11412
23752
14847
24468
25367
14329
9855
12572
30126
1517
22976
13633
12220
9093
16365
24346
20816
17576
8481
27363
10246
14742
8560
28147
12072
7801
550
8942
31513
10558
2131
17980
29684
2466
11399
5818
9072
3984
30682
20143
6663
2986
12847
10497
12119
7718
17850
18089
8648
26587
31680
2148
22895
20891
30366
12459
21042
24004
3341
25062
28973
14354
27300
19677
18773
30647
6559
9071
4955
18350
23006
9094
23764
26956
26929
20042
12950
17688
8402
8085
19045
32220
3123
22951
28623
14844
23802
14620
14420
5895
24650
9499
17098
31628
22853
12239
1536
15151
25807
31515
29346
16635
19092
21897
27740
13306
24396
9092
24130
18947
23614
26824
28272
15572
20482
1558
5357
5473
3212
32556
6614
16747
13926
23796
16056
10067
22845
32764
5949
11313
9631
30502
21771
24609
15363
11937
2793
17629
10506
2839
11043
25233
30468
17704
17712
7914
30902
6424
18067
2672
12635
7876
17151
6167
32232
24027
1982
29456
25492
29258
32340
26341
10136
21752
8799
3525
5171
7348
3777
14621
3826
19308
26113
18536
25646
31647
6639
25159
27606
532
22151
17364
27503
22477
5144
6707
22872
24631
5286
6763
25939
24483
20620
19316
27201
13817
5733
13970
11565
12715
25133
29153
3468
3817
12196
14640
2755
30484
19443
2322
17130
5236
27282
28723
20176
3629
361
2793
7999
111
12342
23819
16257
17646
14126
32262
8482
8082
16615
19245
21752
9071
885
5201
21857
25591
31956
30354
17868
18030
20102
22900
19323
1951
31868
16950
25479
18894
4922
29023
23076
16109
31031
32409
18214
17171
28546
26306
13252
31529
1451
16449
19868
19431
1249
2454
19192
15615
5720
17973
25680
7319
10478
23957
1808
30461
23053
28804
9626
13974
26067
6333
18575
24
25200
18108
17739
7929
19152
12753
15790
5672
7291
3700
19746
10490
3257
32472
1753
28775
6393
29123
10583
20598
30323
25500
11057
25078
9485
13766
1300
9327
10619
4140
23816
3160
12971
285
30454
16778
11872
20315
3688
8693
4381
12910
32145
23698
21828
25918
21901
14488
30079
18145
19434
23795
26207
32178
8550
11250
21315
20643
26106
1856
8828
10964
15896
4117
1198
32100
3378
14253
4985
29575
10619
13306
17241
11480
31985
11414
11467
29169
14235
13307
28850
5945
30479
24822
15352
510
1848
7257
11896
964
8278
30449
10524
32732
17990
7095
18242
3896
11524
12874
1893
5757
18030
17821
26361
602
23883
749
30102
7705
24971
25847
9049
14451
18896
8039
20104
2729
11822
24211
21620
5584
47
12137
10660
27244
1051
9126
15663
3649
28534
1610
11114
29798
20681
13384
963
15259
9382
28033
9709
9948
15334
12787
31294
1079
22325
32558
2389
30170
7121
520
14079
20848
17806
4242
9308
2478
14878
75
32061
22056
24975
11411
13521
3434
26645
16738
30081
25924
19722
7737
18456
3429
25395
25945
13863
22571
9797
2868
27560
26042
2471
31265
7137
1356
9338
7763
11659
16584
24279
28172
29236
18069
1111
16910
27874
9648
24537
4691
27641
4092
17535
27389
31326
5850
10234
11664
27613
5626
12808
29279
2248
16497
25914
7748
7393
1035
17659
148
28026
14050
7374
3410
23259
17199
19671
1955
12516
17761
16285
12418
27380
20588
27918
19893
28425
19556
3780
7424
1064
9034
27014
1944
2047
12326
20498
10714
10185
9301
17177
829
8306
22309
21132
25222
18939
13215
9238
25147
29217
14500
17130
2393
19001
16188
7358
25673
27743
31530
20503
10769
15311
27076
12232
16840
9363
8961
8117
15436
32351
16596
11997
5687
5817
20664
4760
22030
9820
908
26396
23228
13791
4002
22854
28223
13714
30995
7576
28834
19625
13397
22654
12075
9116
22287
23509
15317
11725
19243
23981
22784
13932
14381
3150
19816
13463
5828
9082
13396
10950
8863
26354
7696
5479
7810
9788
5276
11461
7833
11682
22694
32302
19724
18558
27318
8277
23763
14517
13481
1781
7884
18306
26464
14775
27915
21365
24761
29270
24689
32699
11710
26113
1152
26783
32029
15873
32109
337
5593
923
21623
32486
9790
824
24184
29857
32538
27331
28858
1393
3882
10067
22539
20154
13011
17930
17940
28760
11282
23613
10470
21986
22198
15060
8406
9515
27853
28916
2187
30223
28508
25052
17237
14188
1875
29197
17856
25966
29375
4014
3178
29968
21058
6702
29969
6367
27328
27947
11760
17153
12124
4755
12108
2167
10147
24585
29514
18847
1542
906
24579
17405
654
17232
6106
28986
19915
29942
9230
22381
12302
28638
11659
11930
10456
32464
14342
32632
8849
5347
4936
8056
3709
18849
30410
11778
31981
24678
31619
30466
1458
24329
26622
24227
5335
30654
687
14938
28560
19003
24199
15143
1389
16410
21958
19736
25043
2175
10001
4110
20909
30458
26820
19907
4447
18863
18057
4364
5883
6836
15658
16988
19640
186
18595
28042
20384
8944
14460
5332
1672
17444
7765
13603
9541
2347
2755
24465
28701
32388
3162
3112
21372
8504
9483
2540
9192
28420
10673
12316
6711
16826
16358
13494
24576
31205
28187
19513
16463
15532
29160
30382
20637
18681
20640
7657
9727
10202
22057
26893
27293
15399
30218
26958
26470
30053
17094
1019
22018
10730
28521
15803
3848
23618
3936
19223
26738
28626
2189
2616
22606
4283
27547
18930
12214
21249
9871
514
513
19693
17824
24724
3131
12463
13897
20745
12499
10568
16540
24566
23444
32423
10969
8304
25046
17682
15167
30343
13046
7112
3106
27408
27907
16101
26174
27816
10682
28805
5451
8693
6069
32044
27346
12591
13279
24422
25406
8415
14123
18090
8502
13799
3206
1412
13098
29379
25354
10996
22316
7182
12404
19217
12546
26184
14296
15089
9849
12502
26771
17357
22012
29258
10626
4449
23396
14821
25713
24466
22290
27226
26070
11091
27451
4565
25792
27337
9092
828
18186
4269
31439
5301
30164
24307
29524
10088
22067
19625
29939
23686
14888
801
26056
7050
24015
13906
12545
19903
17625
23676
12268
29442
3132
2315
10580
29641
1065
28350
23310
21604
9791
19720
16847
11651
15358
19639
4929
3577
18814
4051
7765
10687
4193
30921
1498
31292
16134
27848
2383
13251
8191
5484
20469
13406
24006
26010
27177
20426
11947
26027
31985
7362
32017
2764
19413
10113
24538
7588
5360
11650
30496
29752
29510
18058
294
780
15192
7912
15246
2443
1526
9979
25804
23977
23893
23542
29146
6855
16481
3552
19501
14295
28756
18143
11241
18624
15496
14261
25169
28420
16521
19851
10369
15776
18543
21742
18015
5172
20331
19991
9679
13667
19615
22127
9766
7293
16947
19282
17378
22107
17061
2579
26776
24971
24672
28993
30509
22958
15249
1833
26697
29213
8758
27036
2825
979
30327
27379
15860
12935
20282
79
13361
27928
1778
25894
6903
19758
11447
6139
13124
6687
2972
5228
13266
29455
15421
28274
1863
25692
29847
13029
15019
27705
2589
12606
12320
12952
23048
4769
27085
30798
3054
25115
284
369
25238
27176
7717
32517
3851
2936
874
15320
14831
28914
452
4267
14098
17658
26781
25490
5955
19439
18016
13982
3174
2040
3374
2488
21447
18945
28627
5072
6830
21504
2808
5944
4404
28797
11929
21834
8020
9041
23482
25937
28741
22446
19030
29351
18439
12127
2969
9754
22333
22353
7247
16020
314
1363
31643
7420
18526
794
6636
18263
21667
27272
13357
10035
18547
30510
28476
1861
22461
4367
18334
5201
21831
29862
10609
25930
10822
7211
17569
20155
27692
19987
29023
1381
1217
29910
14543
21545
8309
9204
22017
26921
22260
28218
17187
32299
16892
28993
9973
24638
30315
14905
13949
6815
5021
26596
24315
18653
23796
11749
19487
21564
4536
7483
7802
8279
30498
22025
26163
27402
18611
1688
13819
25487
714
23454
25154
15591
15222
17857
16555
16252
32137
14423
31678
7684
23022
17776
20190
4520
9020
15126
15994
358
1930
9683
8327
14516
31878
23668
2349
29030
12737
30989
28608
13521
32077
25405
8179
22577
30346
20403
19272
6216
13117
22769
20171
6216
23266
5456
256
18419
1092
20037
7194
29953
4426
15586
6253
3010
32020
28576
2854
19204
20550
15707
23866
28471
12196
27038
28316
6351
14560
24097
31155
29162
8623
7568
19211
22323
19746
21390
8523
2054
19252
9722
18791
8661
30368
11121
19222
27338
9461
11028
14727
12205
7403
2443
31823
14601
18168
1866
9383
7050
19487
13330
8916
26538
5897
15291
28646
31884
27478
28722
32677
552
1845
13502
3785
20137
818
11911
8553
15123
25680
24152
17846
11049
5208
1956
28393
19598
13424
2247
31866
20778
32239
2191
16787
10447
9584
7419
8388
32285
29734
20290
4088
31395
2927
8471
6312
5702
1707
30508
10318
30183
28494
3317
17693
7488
14132
21934
31471
30735
11573
28319
5247
32375
8186
1695
29912
30883
8974
24279
9485
9644
10808
18632
27179
18877
28425
17808
30572
26485
21681
10856
4269
10380
15895
28274
12578
14778
2600
1458
2633
7636
10862
27993
28444
15417
2021
19786
32651
11884
10763
21207
10281
4354
21559
10443
18982
23487
3371
12462
8061
1276
17644
24900
12142
29771
3282
28247
26415
2142
5595
7606
10975
13349
26948
28030
29371
30519
3931
28568
18580
13683
6287
32387
14721
12775
15561
12116
4049
12529
1279
9467
26947
1443
13062
10439
32122
3692
23463
11309
10411
25845
26358
6085
3737
17738
27359
2965
27075
28730
5122
29842
23259
3328
4289
7012
19579
20003
12950
4202
16148
23962
14762
6398
4391
21556
32420
506
6071
16439
28351
31610
6910
32583
3616
25060
2911
28554
29798
6182
668
15370
30594
22335
25929
18523
30921
5889
14464
32637
2119
29717
32727
2563
21079
14143
14223
12149
2929
25059
16142
26356
20034
25545
18319
23324
8194
24093
6937
25903
3842
6074
20397
17263
8068
1704
15044
3787
31440
4834
14585
13246
5252
30301
7682
29301
14892
24135
24804
10800
16658
12684
22631
29674
18008
8351
7112
20540
13635
25207
23471
27775
2010
17112
18272
17201
30128
26067
21045
7065
1278
25744
27980
11438
12788
10059
2429
26422
8273
8349
30095
11051
2866
19965
27819
27746
26407
8582
26896
2671
27276
14587
3849
24515
28695
1544
17436
19479
26541
19402
18053
15886
18810
5522
22755
21
16192
2790
22064
19598
30703
17609
16886
27951
22903
2109
10432
27044
1242
2565
25807
2428
24709
8111
6927
11586
7392
466
1098
17130
26404
917
22170
22896
15981
25456
25380
6075
7952
6455
15363
6855
30766
17748
30339
32515
8073
9555
23952
6392
14231
12709
10350
8492
15317
18589
2474
22342
10078
2751
10832
24690
27068
19514
25950
25863
7678
16307
22393
12648
14346
15940
5855
24104
7221
20677
10141
17265
21777
24138
2
15270
23430
9196
12627
31047
9509
22989
2240
29717
27832
10582
15511
12663
26910
22723
31160
27677
26198
20450
25929
24291
29913
23063
26282
14072
9005
18852
19883
28991
30135
24615
10493
9973
4305
8292
24807
3477
18716
27973
27194
11768
3607
6687
9607
5825
25329
20535
16015
3576
22940
28037
8187
1525
17443
16568
20302
22912
4157
18042
17687
4918
290
19444
5483
17455
15261
6805
31890
11741
22627
4367
9217
17207
28835
19875
13192
17687
22750
19871
717
32225
32249
9765
32505
24678
6289
14893
6321
3592
10894
4557
20040
2078
31483
14009
9779
4250
1045
14854
11709
32233
1953
18227
20476
1562
15747
26729
6403
17731
20621
24578
14681
800
7573
15177
23978
31742
26826
640
11965
12503
32072
10792
3494
703
27369
10620
24637
7550
22110
23103
462
30079
3967
1463
11282
23785
25056
17146
27742
29707
21413
2664
31003
30973
18071
8825
31606
14980
12151
18873
8536
12855
22418
16912
2969
2528
23701
8519
27761
4133
25251
2760
27183
24680
11429
13989
6701
16875
3809
27100
10243
568
28623
17370
31995
20160
19239
1341
31685
20930
27455
13278
9324
5742
19604
16399
13449
30795
24486
3873
6071
8662
7434
3882
15430
24172
8122
14340
8244
17257
14767
7577
10840
29842
14002
30558
9185
1968
16751
16670
26111
19326
7883
22777
4064
30149
13175
16044
22750
31942
1989
22547
21239
8152
15803
24300
12669
25426
11623
23517
26638
939
7025
21177
13767
9184
15863
1023
28853
15126
916
26531
9612
1409
20674
17681
24476
31876
10083
3184
11520
6682
27802
21795
13081
27508
16607
9622
26427
14052
7763
26679
16293
14585
12624
12738
28855
15596
8005
15554
2655
5178
12225
15957
2517
12691
3021
30767
13192
27379
1919
11233
18776
9999
10700
21339
28933
31218
26270
17072
24295
29928
16166
5914
6368
11675
15476
5950
26000
16508
30789
26801
15303
21092
10268
16058
17984
21883
24212
26202
20364
5466
30452
21385
10828
20076
24324
5059
27043
21658
13087
18883
32235
3367
24714
5775
2471
16344
16900
5044
697
857
27294
17107
29654
18652
4813
5724
29238
19203
23486
30618
7056
25600
23785
28144
12357
3835
12265
19298
7644
6323
28299
598
3502
17257
22309
2204
19426
25082
2857
27565
6812
11851
7161
31280
17778
24297
23037
9923
2336
16369
6644
2039
9084
21294
25735
6556
8108
15234
17444
9024
12950
30599
9481
26610
15256
12149
31647
844
15737
6727
9482
6064
25504
15897
13822
12753
26500
4053
11220
1397
27236
13838
13277
26490
5944
29484
31990
10519
8423
31434
18268
14437
28858
13916
9922
10782
6417
15637
10913
4260
24661
776
24784
17477
30765
909
26196
189
13557
27366
31353
31740
22892
802
18466
23082
19116
26690
22877
8937
16480
18331
26938
7130
17713
11899
2014
11362
7041
11279
17619
11950
23132
19076
21410
20980
22187
9069
24228
29180
11435
4965
31765
2016
32158
20725
31082
6160
13761
27320
28900
16792
28285
28860
23910
21158
16609
19756
8324
1606
7248
4140
11996
20337
30071
13061
22185
21830
24962
5762
21653
1175
29072
16538
10959
23207
25188
7502
28254
19762
29789
18133
32437
29614
32680
6391
23431
21969
6324
5047
3292
851
22758
20788
20837
22773
8079
4817
1804
5826
24347
10644
464
11157
19083
15820
17616
23003
30501
14839
20901
6554
18025
23778
501
23475
11336
14098
8005
4708
9617
5987
11535
8976
29356
10991
6421
9539
27274
21553
17908
4849
31196
32107
9212
19966
8835
27204
19519
7939
3912
19638
20968
4432
4046
8487
15823
20525
4292
5590
26698
26982
25695
377
9541
6406
28424
11557
30357
610
3154
30061
14473
31321
16430
1742
31938
18139
2146
14667
1861
30632
25143
20308
8655
15450
22642
7148
14697
23462
11654
21515
31291
12255
30216
3905
23973
19643
14179
15261
24204
12890
24269
2253
18418
12676
9338
3718
20938
25907
12047
12839
10
25937
2905
3993
30721
5826
19519
27001
16363
15525
26357
25721
7363
11991
8051
4611
600
22969
6438
3616
18851
27444
24549
13465
8536
20730
32038
12636
27835
27662
28018
28704
1205
7558
2582
12108
3879
4240
15132
14869
24702
26035
1401
3559
7048
9047
18824
28423
902
3976
17847
12406
13442
22263
12673
13080
13794
9537
1180
24597
6974
4724
15987
8832
10095
2512
16854
9271
9704
3530
6384
21002
28234
32087
13690
27423
17970
15974
303
8084
5461
29102
21120
615
8144
5035
6536
21139
15033
12003
22850
24444
12026
878
16634
3213
15967
18357
31233
14368
32493
26234
32165
2462
118
24089
1888
27367
28778
9485
30544
12532
12272
14261
14567
14267
4149
13144
484
30034
10500
8808
32130
18520
32152
24067
14319
1425
25518
10431
24063
2256
24798
26279
9506
19738
29226
5761
28564
20488
29144
28755
211
17517
3965
19749
22102
22585
3675
15367
30844
4509
15852
26710
22467
1904
24767
13628
2618
30930
30083
12918
32057
2063
5730
20058
28495
7366
25232
26904
18044
12618
9763
11584
5792
3912
13349
20868
27700
16298
9959
10176
12088
12732
31385
7479
12908
23949
13848
4127
17091
26009
5639
7777
19221
31652
28193
20890
24596
3305
13517
19557
18561
31092
27891
23772
21920
23245
25103
6236
8169
7638
27268
25737
31744
29686
9266
4498
15335
24439
24394
27063
4211
24365
11105
23048
7932
32089
15044
6255
8025
17868
4108
27376
5643
26448
10738
29744
32441
1091
8548
10548
31453
30341
28120
21612
22716
2709
17376
18928
1691
30198
16894
12553
17968
3288
24506
1779
13399
31476
21235
16097
30982
952
24435
9026
13187
3492
17606
23619
30420
31988
15947
16277
27256
8575
18827
19824
25428
15327
9930
32472
2288
24018
18396
18719
23267
10720
8506
31403
10892
13886
4437
21753
23811
5875
21034
2018
2383
21305
10519
29213
18138
18982
18669
19206
16418
19083
6726
6557
23984
25117
24089
7378
7502
10194
24203
2304
26997
1422
8712
16055
1285
17663
21651
24254
24376
25541
23386
24408
25561
29399
18062
1735
7089
1314
5489
28431
12611
29043
177
30460
11705
27542
16116
17510
541
14528
30644
15284
12492
810
22605
4255
11048
4351
32596
21561
14222
25208
12843
9261
29576
31557
4306
24392
17987
23344
15360
824
22339
27133
8563
6036
23893
23188
25220
18973
22981
18786
2302
8260
5074
6652
32304
25068
26719
22533
30785
8560
16875
8019
20932
1256
19651
20301
32652
13480
15222
3479
6338
4874
12170
23538
9524
8558
6765
17757
9712
13950
10926
26240
3090
27063
6509
21835
4570
22565
27665
11227
10754
9837
32313
15005
31054
25617
26612
9653
3684
13296
5172
29089
19422
24076
7040
17177
14494
11920
14058
22074
10849
17938
24385
28900
32407
16149
27783
21601
21875
19666
18853
29255
830
14136
4190
26783
11248
22577
8578
2374
15617
32295
3428
28820
14717
22471
24717
28476
3159
19716
10418
19315
21759
26975
17892
7509
25142
15206
23559
19076
20258
19835
30853
25874
30365
7127
16452
29089
12499
11215
14805
22728
3852
10325
2030
1977
2502
10177
10266
1057
21767
32466
2479
30544
20209
17647
4352
29850
15511
28083
23253
32509
18703
7081
21528
4612
31433
4180
31185
12778
4894
23923
21845
18179
3116
15234
2233
18520
10466
10628
32653
31121
19287
14848
6087
16409
1376
12618
22270
21372
5985
22787
32729
19732
20835
11491
7110
23268
2663
17590
19695
6596
8698
8101
31850
23231
16394
13495
14511
22457
18168
27800
22608
6996
11246
26776
13540
8213
10611
15094
4676
27331
61
29791
1531
9232
14918
10930
29431
30076
9250
23814
28037
11637
28815
22766
7036
28355
14926
1276
25783
28451
22577
13443
1993
2354
14198
26785
26349
9613
12371
8829
8508
16183
2258
10958
19491
1851
6623
29341
24851
27538
19103
29003
13178
1350
22020
9173
755
12760
3743
4439
32185
23520
5301
30927
18274
14067
12948
3108
22474
29385
21287
23655
17997
10655
18121
23384
21817
3547
19031
5676
20866
6895
1161
3469
6840
19839
28034
20195
26423
9926
21669
13010
6302
32566
30891
25859
13442
27742
26098
6440
21859
15889
3864
4410
10206
22213
21449
22789
18469
25401
27093
23271
5037
13659
23686
12757
17190
18024
5680
23710
24752
9301
10249
13940
28236
20078
17467
22696
20624
17725
7736
18869
20896
20909
9550
7552
20569
18287
19835
27358
28623
18077
23170
14935
23290
16541
24894
21034
28844
17481
29495
912
27590
21836
10355
23877
23468
21199
31631
26437
246
12630
11278
19411
25193
3044
6896
4544
11813
20582
21894
19434
15135
2894
17030
25091
16082
5759
9563
22164
2866
12137
27582
11841
26850
14453
31114
23630
24998
10659
26316
22626
3867
29809
25626
16779
16806
24320
14631
12931
5034
6770
4500
11058
15614
6294
3080
13171
15006
25799
16258
6939
7840
1041
10990
31544
7274
8342
17143
23702
9507
1072
4637
10120
10343
9816
7943
16612
19775
20807
3354
30800
14160
8794
11082
11196
11346
27067
25904
17456
11716
11582
19037
28616
23262
21129
8175
15613
11976
13432
12386
31525
28425
10176
19880
1085
24130
13010
14715
21479
1820
32002
26610
4015
13183
14568
20562
25746
25605
3590
16423
24001
23470
17836
25748
6306
5077
16153
32232
31256
11362
28387
29041
18692
11330
28057
11669
21004
9748
22950
5150
30875
5413
4216
24278
22824
1695
738
12884
24764
25341
10431
21269
32174
27586
22489
12495
19889
16747
521
15361
27922
1442
7839
14799
19258
28084
17155
2573
10362
22853
11933
5018
8456
16707
19955
19183
26948
4888
30993
1783
8000
19492
28974
6178
21888
26986
24972
21941
15102
32649
26528
5476
1137
3823
26227
16674
31439
26697
10568
32568
21265
13629
6527
8340
13110
31068
3001
18788
2186
8018
26685
2020
4904
26208
12955
19828
19134
17421
13455
32238
144
3608
20519
2358
25280
176
15656
17171
17612
29927
13743
27965
20824
23397
22036
10167
2350
20313
13331
15198
13187
21942
28974
29379
9084
7323
19533
30006
30448
20242
30376
22563
12912
20734
12262
23202
24196
30543
28038
32585
2616
4216
4479
30788
22231
20771
29731
6568
28919
31011
17737
17925
6837
17578
2219
2363
11074
32188
12685
21902
10143
16867
8608
5884
22692
20517
3877
4301
583
29491
5717
14701
8219
23523
31233
2167
19223
32736
22390
27410
11417
20640
20899
21120
8874
24215
30590
4340
31108
15531
27043
30884
24146
14311
830
28960
28470
14195
2604
30434
3216
22724
10845
14630
20350
7184
16509
18940
18847
13573
14291
5275
29213
21434
32617
3576
25578
31206
23149
21399
20809
12368
4055
11425
20625
12422
15692
8504
26157
22226
20802
7175
28648
28778
28774
18973
21864
14823
19002
11515
8695
8696
8451
4843
27530
9304
2274
27028
11003
20733
8769
7884
27034
21395
21360
941
26596
3880
17808
26091
8594
8745
10417
21348
21206
26253
823
15353
25313
16976
4226
26013
22440
23587
29390
26283
14056
2146
15447
6781
30823
582
5057
17466
28030
17756
30648
21487
16852
6965
26068
482
31084
12639
26815
13347
4066
19349
20889
25187
7409
26163
8347
27657
8761
23789
24827
5251
26175
27071
31760
6618
182
4135
18359
6538
31741
18579
21493
14224
12264
21
15326
15300
14787
16478
32181
6505
13716
5098
7764
5379
7329
31352
7118
31848
27954
445
29524
9498
32664
22105
15957
9428
11374
24842
10985
30819
10271
17440
21360
3255
14249
19761
14710
24122
8864
12045
26587
8801
1653
6132
48
12160
28408
30727
14179
5858
22556
3069
1439
9497
31994
23
3438
15507
6169
16214
32289
15982
30957
17131
30065
30093
4765
30191
9318
14316
26634
340
15224
12848
30988
5148
25077
4483
5374
31688
15522
32670
13950
8468
18341
9511
19566
15585
1954
9790
5182
22899
22053
19795
26990
29660
19776
22586
11854
20920
5749
7041
12809
24347
8405
28673
14305
10440
618
7859
956
18084
2259
16069
4064
19050
15662
14829
20475
1695
24379
27390
9574
16841
7101
2745
26794
10716
548
24293
11332
7157
32106
24482
7333
5194
21563
18170
8573
23137
29784
16057
9273
15745
3389
8318
8138
30055
15874
31763
23977
31545
23167
22522
1048
28352
2995
24648
22954
23505
20327
30647
25093
29708
6926
24310
14311
4298
9712
26179
18535
4432
7815
23868
21374
26953
20265
13554
21957
29555
30184
2112
16256
23704
21431
32347
7388
15040
14030
15273
4981
9381
1103
21719
22811
23911
1321
30758
2006
26753
31292
16645
29479
6652
15295
27109
25233
30434
26591
20553
21848
31222
25769
32540
13193
4258
14634
13128
4154
25649
469
3716
24851
17214
1061
27757
20238
16236
9603
3545
1146
21336
18793
3688
7238
9420
23240
22620
5756
14134
1191
2730
30220
8792
24077
1360
27595
8512
3362
4074
12987
3451
9617
20096
397
6790
17968
30883
13668
25989
14819
1720
6620
11575
8126
18835
29259
17962
24169
8264
10311
7979
26313
16445
17256
27137
2524
17284
3662
15451
26085
29032
3302
15622
11978
30022
10218
12643
21946
30623
12711
32537
21522
19818
10243
30215
7554
12719
22462
30333
32108
15697
17656
18347
25484
4396
31988
12889
25566
26207
13595
13273
28092
30955
23364
23866
32327
126
31538
12991
21001
11145
7518
8079
23001
20632
759
20910
30462
18915
25384
4652
17047
12064
3481
28061
25658
24988
5688
16585
15323
7818
28217
32164
25327
2971
3675
15488
18642
29135
5742
28033
28262
6794
1554
15953
1278
746
29377
2070
29818
22872
24336
22945
3251
31069
5937
29160
26137
22967
14013
16055
13722
8365
15280
13218
6086
21151
19126
3390
5937
20193
2213
21649
29209
3786
11594
14022
25417
23303
13160
1317
29245
27445
18942
28995
3719
9136
27337
22902
31346
26021
14858
14732
18660
9583
5001
5053
29321
15136
26842
26077
17965
8541
21727
32471
14442
5744
2190
18518
22148
21400
29940
22725
24721
20131
22138
24954
20189
14783
1384
19758
18060
13710
12199
8881
16769
27000
24523
32731
28031
30277
30033
16582
1678
30443
29220
10042
12449
932
16742
5737
5237
27460
23406
14045
17340
5834
27405
5806
10363
19253
22550
6648
945
15769
23325
20364
16185
11633
32382
32230
5873
31031
12450
31840
23836
24882
19325
11429
24069
27792
13659
10343
9958
9396
32477
30549
13319
6865
8766
24903
18986
27576
18395
12476
32551
13806
13299
31111
13780
13826
16811
14277
4391
32029
3925
23314
8863
30171
16369
4605
22495
11097
30196
27065
27549
1680
27465
5653
23994
30177
19094
30125
14002
13040
11712
9826
6711
6838
26033
15881
27929
19410
28505
31584
4713
32544
14834
838
990
20109
8841
32299
18807
24106
18618
10693
5218
7039
8379
13060
285
1825
26268
27721
17627
15495
22220
13267
18985
11289
20448
7801
209
15242
16784
15007
25855
16488
3330
32611
418
2289
14924
15383
29205
26409
10036
7156
9983
29225
4921
4620
29304
29114
11480
16769
8045
10274
1032
13813
6213
28222
1543
65
24772
21969
26200
2922
26416
17948
6413
15825
28851
18095
16962
15017
9473
27774
16106
22446
32058
7479
10958
6932
6674
7379
2002
21950
17711
6508
27258
11697
8659
10574
20398
11464
20666
28496
32698
10153
2886
22885
8857
4343
31193
11630
26995
3274
18818
22610
29028
22620
17629
13137
17279
23045
29748
13205
5651
28009
2282
14346
13100
16368
6170
26992
10333
20854
26747
24751
9149
27972
22407
1898
8752
12095
6620
26326
21224
26976
23266
22733
21547
32100
32686
20254
11606
32453
4390
9512
10786
12520
4454
12199
31526
13720
16483
32461
16285
32691
5070
1685
23658
24099
26172
8532
17497
13072
8579
8336
5544
11092
26727
24598
12486
2608
886
3911
11354
23869
5424
9395
19079
11429
22891
12265
21358
31634
29686
32140
30965
11495
4733
16810
10183
8239
26028
15434
27037
6866
13719
3140
15547
20879
5466
9302
1213
9766
31228
5747
30867
27989
14490
10590
12747
20742
12225
27768
16654
8903
8219
15831
27630
12922
30798
30359
30687
32078
6177
12661
9858
18670
20193
24473
18218
32504
6403
8116
409
23728
24842
2891
15882
19190
18347
28243
20085
29301
14127
7421
15630
24606
17946
23507
25614
19925
11530
3588
12983
25449
21473
7676
17298
970
14886
21560
10236
31350
16041
4185
3296
7477
2662
6263
7366
13830
8876
29367
17165
18777
26239
32032
13428
3198
31546
14250
24800
8286
27769
29848
12889
25705
821
25352
15701
30159
6193
10185
17977
12019
26005
30828
16413
15133
7129
27806
10447
4718
15845
31157
26139
29210
2167
19592
2122
9425
26820
30084
5609
12158
18018
6908
17612
13876
9317
9665
17490
11621
24009
7155
31977
11094
272
7702
26837
28111
3883
14952
27182
26647
8606
2674
16936
27936
15328
20190
3480
18942
19456
32136
27315
25757
7822
30168
11288
12980
18873
20302
15633
7413
21429
30302
6933
8839
6240
2943
2194
20661
12836
14463
23786
25320
27167
28697
5563
7890
29569
19401
3428
16621
30262
31711
31429
3364
11462
32211
7750
22479
6521
3288
16410
6885
5822
179
25541
27501
18125
3790
21723
25398
9868
8584
28939
21192
18351
14800
21341
20378
30244
3826
17592
29318
19630
24752
5543
23161
31952
12181
17756
18287
19948
20358
6646
24991
6060
2202
3583
242
15265
14892
14137
2234
25130
13358
2714
11169
32408
15039
8597
11231
24207
26624
25755
27569
18607
24612
16098
25094
28276
3015
16229
18299
13659
19585
19244
3977
6983
24506
17613
509
14882
25536
19763
2217
11975
13078
414
1370
26400
2576
23275
17418
7051
10908
4630
23894
30595
29283
11773
7474
13692
5905
7782
16859
12814
31984
2116
9997
14934
23484
10038
12663
6554
9651
26705
3692
10795
25835
8735
7131
28048
744
3559
3201
28640
11886
26159
7261
31344
21396
20096
26980
22958
23066
26729
17527
14925
7676
14790
3730
24995
22087
18499
30278
17743
24108
3611
10601
17950
5203
11302
20236
4656
17522
32018
23981
29270
20253
28144
8622
1727
992
16371
2054
14036
24971
6005
311
22624
12493
31803
4224
20980
11524
12026
23379
15498
12116
30746
19721
18536
4086
21433
8917
26951
12755
7923
29686
3509
27730
10849
2609
26040
18286
21983
7807
31924
15883
6547
19971
10894
31370
8235
23358
8210
16795
22117
3974
4754
32594
5077
20660
19152
10878
16611
16158
6943
29238
7699
28613
196
27060
4233
5839
29858
9831
6092
13879
12055
1091
20682
9411
25377
1116
10780
310
13509
31155
11660
26055
28337
30799
724
28627
15136
14992
4009
28623
25598
28865
22776
21888
24140
12012
2416
11374
9415
27890
16704
15510
9668
19674
4898
9055
18527
7018
21144
30927
19668
16116
6005
21759
3117
2163
6816
18892
23326
6871
20501
9424
5165
23708
25132
3473
3349
10145
29214
21495
31597
11064
16837
772
3205
13433
10915
3007
13457
20701
1574
7281
30985
32520
27434
30740
14927
25061
25792
25097
16531
10744
1582
29193
4084
10480
55
25694
18407
17276
7068
14931
4573
13664
15586
16105
25376
23496
21846
17355
5630
31196
25935
10884
7722
11156
29619
3568
23647
31438
7868
8176
21830
19102
10748
3938
20378
3301
11679
2641
7562
30245
19185
12392
5471
9107
2592
2477
32094
26478
17730
21868
28400
12176
17561
17776
29952
14915
28694
31097
27045
3413
14877
20203
22273
25455
10120
22724
24425
930
6382
5072
28869
14147
14629
11040
18234
20985
13573
24760
775
20
8303
28296
21933
20256
11406
29598
2643
9402
4957
16793
28008
6051
23658
7777
22410
24339
24281
19989
24487
19536
9387
31045
30818
638
4929
17250
31928
24761
32027
9586
28643
21089
230
24840
29822
31157
22966
8052
16107
26788
1168
4407
1778
23519
24363
8634
15530
11315
9207
4927
1181
27158
26463
5911
16167
22400
31307
13845
7967
13308
21994
7492
5049
3838
29870
8917
2475
5239
15512
5979
18319
1959
24245
14139
27017
24626
20457
20573
16425
15735
16107
28712
5779
9245
11153
11694
9181
14830
846
25635
11192
29673
26361
29076
4691
27282
32207
19925
26492
18573
31164
3516
11529
1899
12502
9868
23670
28356
28714
1460
28623
2438
27580
20666
29136
1420
28617
24946
22860
12659
14159
21107
13259
3241
3024
12235
25463
7622
4690
8178
29753
800
27050
6397
19487
29081
32250
30228
15105
5564
13689
294
11620
2825
23154
17627
1694
23948
26256
15051
26171
18869
4952
10733
23712
11875
21495
18770
21230
25922
7230
31507
10793
30039
6379
13192
21914
21465
15658
24762
29809
10051
18779
26139
11951
16551
12054
117
22851
16197
30316
9761
9587
4700
2160
14201
24446
19776
759
5007
128
429
31131
25888
6037
5211
18438
15299
20033
16338
22893
17766
3088
14720
2394
15355
32121
11529
431
23407
520
478
14824
29660
17853
7953
31648
27647
2479
8552
4182
18412
24564
14256
31858
2048
24261
6483
27523
29720
3806
19245
12747
9984
6436
9884
1789
28207
30602
22230
24133
20913
11573
16512
32649
22628
18911
1916
17903
23655
15481
9986
10143
976
14612
20466
27338
12701
13825
360
11243
750
17463
3985
6476
11377
18166
3262
1996
19485
20138
18615
17633
803
6930
23122
18905
27681
2209
26436
13413
16793
27941
7734
10327
18595
10150
5916
32427
21470
26513
3522
26052
29356
28438
10919
22265
8351
21710
19983
1360
2350
2209
4436
10633
13229
8167
29309
20319
11132
11469
24081
2058
30846
9466
2862
9736
31692
7027
24021
26141
1195
20924
17288
10649
12732
25665
15895
9689
29299
5620
4279
11536
15562
32566
17236
29768
19255
9211
28712
31395
30427
13609
3981
30183
508
322
13839
26681
26293
22595
30918
17193
32236
26316
27619
15343
4741
19584
28552
13556
13525
29103
16093
24725
25178
24627
30048
291
21929
9111
32380
27182
4775
29823
9054
9987
764
13123
11012
27251
14021
30174
16534
11222
7561
11527
5114
5456
19311
9373
26787
10067
7854
25416
1705
13669
22852
11614
16927
8228
747
12035
3233
28807
10057
4501
17708
14438
17511
71
14898
23613
32100
24587
4590
10797
25963
16054
3318
25155
30434
15710
22287
5117
2788
31239
23108
29962
25842
15487
18490
5458
9957
27271
19902
5174
16679
1843
9376
15129
13091
16788
30660
8479
12282
22164
19830
15412
31608
18976
27646
849
4934
15245
27764
1530
30817
22836
28630
7436
11466
14176
10840
6325
14720
3691
14587
4036
20651
9251
30049
13347
24602
25714
15328
20641
10223
27967
22485
21493
10649
4495
2619
3328
771
6128
24188
31827
2571
14359
16774
24305
15414
7112
3874
22102
22178
26358
2433
20920
10812
2860
28440
7308
50
27179
8879
13900
8876
3029
6580
22392
23991
27465
1236
18395
3201
8016
26317
27151
1740
25080
3453
8259
669
15230
8511
28220
15924
21617
15992
31898
1601
13077
19821
24925
27733
26630
3160
20903
16791
28189
32698
8387
10680
16791
15602
12391
23081
29300
17167
13878
22923
13854
21987
31369
21351
15435
3928
29807
21535
19236
6920
26355
292
26279
20487
25501
8554
1866
7427
22075
2585
9185
31376
32224
17286
4801
22461
30510
31329
1574
13547
15313
4400
10194
24799
15180
26107
6135
3093
28920
8265
21335
9815
6985
6988
17578
14991
30804
16473
1344
15578
11150
26011
4327
32477
12503
1287
28943
15964
183
24466
9004
520
18919
24738
15964
14489
25619
21955
7242
19997
24542
20124
2386
11152
22567
14625
16358
21676
26762
3594
13104
6146
27946
8579
27896
1354
28590
27685
713
7672
25994
24613
26191
29712
9088
7883
5380
11066
10854
8742
27404
4121
12585
12031
7516
14809
4114
8971
7970
27143
29000
29540
30305
7846
27287
28474
17372
2687
25711
6854
566
26552
29232
13952
16471
22696
32676
18066
23314
19178
30669
11916
31236
4272
18658
13657
21439
9306
27028
1394
32040
19016
17301
32081
18461
1260
10075
25641
30043
3875
11554
22228
15775
20677
10032
269
30220
378
2396
30431
21453
28112
27089
16989
4859
4747
32528
31124
1217
573
16180
28862
18622
18710
1146
23737
13738
17148
23296
31159
13629
6110
23501
2614
5964
21062
14610
16947
8246
17454
24495
29338
22142
11797
20985
2306
21433
23634
8123
14231
7339
11943
8059
22871
17581
15897
19710
26242
24657
5375
28942
3403
2889
11610
30330
17108
1413
10596
4191
24665
11164
31340
5542
8364
20077
27104
13774
4577
11782
14508
27371
20298
7109
18626
19695
6054
1980
1274
10793
5013
32090
31517
2315
24655
21320
23612
30512
12950
4754
22343
18846
9705
22791
475
12872
3067
15074
17242
20183
20579
26538
30273
5289
17557
5718
13238
15898
26641
31925
32097
7427
218
22029
14717
30337
6186
15619
13615
19448
12132
23738
8470
13655
16714
15679
15395
12445
25456
12069
8363
2716
7152
6764
26554
17660
16224
13480
5803
7556
27393
25182
2805
6805
28473
18354
22600
16631
15940
19519
19673
22233
13094
5703
4090
22546
17636
16652
3821
32685
31219
21117
11258
2725
12273
13333
25535
6125
2963
13057
23752
18867
9439
19329
5471
3046
17307
17296
9125
9206
16389
22727
15330
28123
23492
1407
28954
27224
10015
8502
25569
641
18029
24628
21359
9339
11212
30317
17655
7555
6422
25002
13621
21809
32273
7908
2119
19966
1766
20208
11197
3845
28373
3682
7923
23302
27430
1195
21919
22704
16995
28292
10406
4128
25540
10128
18740
24997
4843
30524
27147
22982
31697
9451
4891
1670
17153
5968
21331
12774
26116
794
17592
9644
28
27863
5812
23651
18229
530
4784
17315
21784
3519
20197
29586
4322
3034
878
32683
19636
8266
13730
17598
27565
29963
11682
22584
9237
17292
27182
31909
12763
3414
1725
16243
3394
18415
18380
9209
31191
32766
16758
32696
422
14255
19525
27616
12461
1113
15432
28694
9361
12127
3685
19060
17552
24148
32753
30929
13751
1634
17534
26435
24405
12012
19956
26595
5039
18290
23268
22480
12533
5301
16152
5495
20085
31004
6767
11281
18959
7255
29160
22636
18921
13890
24316
19183
1636
268
18737
19161
28750
5784
24044
7881
1881
15651
14982
24195
29899
26408
31907
4593
15992
27264
11455
16744
9709
13006
14090
23341
2031
29466
26230
4664
20516
6844
5646
6711
21775
4476
3209
25814
12354
32503
13855
17470
26318
8517
12443
5851
30207
30424
23986
24675
6214
16295
28563
29716
22135
6540
9151
5181
14644
15339
8219
11007
11945
5781
9795
85
30843
22508
4386
4434
13818
7751
20672
27818
24222
22680
22618
14452
16561
6732
12984
17710
22601
26226
12475
20994
4729
13856
26166
26183
20680
15890
26878
25675
16610
14229
1605
14672
23694
12451
25123
20180
9696
10064
13686
8470
29616
29797
7660
7893
25163
18762
13406
13915
15463
17705
23904
13242
28765
25936
2070
21590
26002
21719
20297
13219
17974
24451
12473
30000
4402
3051
20149
20453
2139
8409
28650
24201
20204
6643
12665
22918
19507
20379
8012
7665
9866
22035
9897
9669
27273
22501
5895
21871
12922
28546
9505
17040
25101
17449
9290
22526
19022
28170
27136
31500
18899
26028
4035
5643
15674
652
1832
11280
21459
19719
13353
23032
7321
10105
447
26794
24423
4775
9395
21660
5736
4442
176
28313
7120
28493
25502
31169
24521
28489
2859
27345
15024
9359
10410
11428
12162
31606
22305
3578
12945
13653
14237
15481
18556
23459
10185
28913
4445
28253
18111
12516
5188
20904
15390
18758
24293
16056
30045
26241
19853
15344
19807
28092
3931
24651
21063
31581
15020
26106
7565
10956
1495
20559
29266
2938
30747
10457
5616
26403
9941
6097
5846
15696
21238
23476
30099
6175
31413
25650
25648
7750
13185
5191
4035
1622
24634
28584
10305
20285
6048
14176
6804
25103
20236
14779
12525
262
7518
22883
3420
10183
10806
4041
12958
16614
7527
28358
3894
21677
8872
25987
16063
5401
21901
19606
30080
27430
10678
32109
19009
26956
9031
30960
21085
18250
29591
24930
17433
19234
20013
19336
4916
17253
2536
11022
15295
30384
25213
24102
12079
11383
28199
7282
6065
13057
7065
19748
26045
1716
19512
2148
23534
32403
24199
18418
3345
8709
15586
2828
124
3032
17520
29074
28833
32389
6227
4712
22498
3510
13601
4380
16295
261
22680
14024
1454
21511
4493
4666
2979
30601
3110
25427
1265
14361
28233
21933
22231
28105
22612
20096
16062
22831
24079
20935
13002
20912
3039
17054
12463
10495
19516
751
28358
26592
16740
13901
9056
18482
26449
11296
22106
4140
4585
13571
28913
13031
7030
26474
32728
23068
22357
6024
23432
15664
7410
1648
10968
26989
32500
3194
29645
24467
692
17128
11955
10895
27636
28873
3948
21386
28878
16158
30985
22309
27114
30780
20375
3
21236
22129
7227
19081
12109
9706
14210
13793
9985
15828
28146
9797
28666
5314
21221
15482
22387
29775
13719
18074
32687
4100
27773
11799
9706
892
27352
1789
1168
31685
21643
9335
9645
4106
1065
22165
14756
3439
14163
13644
17957
14909
21825
7359
16729
21567
926
16060
27999
20076
32153
28042
2044
4549
24889
994
8846
17793
26352
3643
13890
25192
14196
6475
18567
5501
21450
18890
13251
13791
17315
8569
26692
20977
32236
5475
14713
6073
16289
22882
2914
7302
17634
1254
29765
18390
6216
29938
9891
25974
27769
3943
14186
8939
13306
19333
5228
31761
27461
9135
16144
23298
18716
21614
8007
28473
18716
3257
706
32760
17557
29556
7267
15846
3481
9782
6129
22525
16467
5455
5647
22435
16026
24842
9327
2071
2502
7215
1603
27919
28355
6092
24820
3232
14436
7221
8471
4189
23545
13130
11165
451
21539
26616
12105
9685
7655
7939
10856
15363
3074
27906
30908
9296
25724
3499
32185
12468
31872
24656
16116
9663
18027
3498
728
11904
1571
15062
18330
18341
8106
28061
9840
26083
13299
1528
30462
23449
32756
28883
18193
16816
12796
30738
31376
26565
10567
21458
10160
3978
21456
24817
870
30569
7782
8400
29218
30827
11010
26199
4282
15193
16728
21562
18852
18721
11692
4219
19049
31354
487
20785
27990
2763
27882
9863
27509
21065
7202
9735
27324
27488
23388
23321
15491
18261
26331
8390
24636
30249
9128
18626
7774
9664
12842
13226
20386
7235
3830
16010
9330
12738
13800
10658
158
3358
31603
23658
16210
10278
4149
10963
29509
24320
25295
32720
30514
3787
21491
4373
25228
1922
28863
30
13934
21795
10057
3188
22225
9233
10619
15148
9217
17591
29217
6064
18514
4719
8256
29122
3598
16802
7337
15549
20915
22832
15823
29726
25691
23314
24022
10564
29308
24638
5868
7796
17105
11210
6620
4896
24984
31061
21216
9577
3070
2723
20663
27874
28632
14471
8696
12951
5011
2822
7334
27214
31342
7353
17412
20748
22758
19827
16555
21723
28018
2084
7897
10699
20849
8189
18188
12343
22113
2261
25808
4169
17233
28364
12245
11968
1689
28974
19268
24305
12232
1178
12115
30220
17886
16483
20760
9121
19900
6966
31898
13155
5336
23293
5422
7211
5173
15364
12289
64
32659
4954
15601
725
21731
28795
12705
5843
32765
555
27340
10969
26261
17061
14297
22145
28779
12021
17584
27878
24515
3491
21965
6243
3605
2193
2706
25501
24837
7718
6626
21443
2965
11692
15595
30740
28570
8951
15427
4770
13165
1352
21303
15958
24546
28017
23904
13877
6782
10041
631
8673
20452
513
21609
2915
25233
5288
5038
25127
12745
30893
3543
12104
3281
16531
19047
24335
26207
11658
31204
17334
23631
26699
23342
13681
26519
16708
2831
29615
18557
15349
29202
11164
776
27034
17561
18411
32692
22282
18730
28116
9321
4575
22794
19288
31150
2263
20237
6860
12315
19322
22700
32661
6668
27901
23896
8241
28061
3687
28686
8567
25298
21490
32556
26399
533
18868
13955
15748
14054
31614
18349
20649
31438
17413
3232
5242
11412
5951
14468
597
26548
19472
2754
20425
28685
10534
14430
670
1498
14626
32646
1557
13795
10744
6507
9584
31221
15256
32335
4021
15759
462
12255
18608
6878
32102
32196
11063
25579
20629
30837
24754
19476
4756
1615
29146
17849
1678
20199
21696
26679
14780
28831
7185
29210
19663
13431
11161
15246
27790
13350
5639
11543
15808
9834
2032
3714
16460
17820
25622
16924
28063
1159
29929
16417
5710
1402
22350
26231
17148
1948
672
28828
7295
16000
4596
11230
7998
18425
12962
15306
7645
13360
23553
742
22301
21491
13425
931
8957
16720
18335
19853
31526
22115
29188
19141
25221
1644
9647
433
28730
19748
27717
7922
433
10322
19014
23446
22542
20377
26513
5007
9423
7828
8491
8292
18860
25893
26684
19495
20418
4617
4698
28839
23025
27568
32522
5862
5763
19276
13956
10958
29710
3625
26039
5919
7579
12604
23437
23980
519
19198
27504
32711
27306
22395
22797
19194
25911
2725
12632
24056
1251
7407
13520
31186
16074
17943
14084
29550
25998
23107
5974
22838
2113
15696
14079
8461
14469
8295
4179
29319
31729
15825
21318
24921
27831
1804
11056
11278
19844
31006
4557
21244
5288
2857
21384
7031
12919
27456
10489
21316
5871
32121
2476
26704
15003
20803
7204
10402
11958
250
26399
16015
30868
12217
10268
15661
15422
6512
29467
20746
31325
26934
32676
26909
25945
18912
18186
27644
4545
25810
22513
19792
1518
17173
782
6022
27875
17578
17710
15816
28792
8734
4730
18988
32440
11359
26361
15403
32391
16078
16470
11092
14216
6037
25828
577
28989
2619
7135
26059
3440
16502
15093
7290
8658
32064
11524
2623
21731
5676
22054
5222
529
5883
30955
454
26916
17258
229
11067
27865
27471
22122
4182
9421
17636
8085
9298
18077
16739
4750
26442
10828
4051
15627
8106
28133
16929
25879
18404
31841
18546
26387
1124
31690
14008
13562
13765
26273
2179
23273
31557
21630
22299
11486
14710
13814
13771
447
31031
1985
10367
8095
13027
16668
26770
15678
22984
365
27617
15566
15323
16678
25124
1021
2473
2539
7294
5423
6801
31223
4946
19979
16689
5820
32345
28474
17438
13001
13041
20843
20184
27377
15544
27547
28413
32426
25690
3731
29116
1971
6311
31154
13709
21754
28137
11500
17439
27836
10100
7187
18578
31214
32638
10069
13799
10460
8497
32007
12725
14096
2303
18593
5917
14965
16182
21257
9727
25532
8404
30740
12910
16383
10908
5450
26722
15780
31337
21993
30637
30853
31427
45
15409
4429
27824
10191
13903
5157
17356
27083
26531
12945
2204
5479
26606
21652
13600
26225
18003
17691
16295
13512
2759
32153
18407
15646
27587
21742
6733
26363
3131
5517
32146
11269
21972
16094
32399
1152
17234
30177
11858
32017
12111
26901
1649
22983
31539
11160
26526
27227
8800
19343
26236
29623
3501
10184
23218
21174
15126
18590
25661
15403
3506
16413
23306
15908
23013
21863
23748
26224
470
32598
27883
12894
13859
29283
23334
11208
11988
17863
25562
22352
28814
29664
16123
22506
29193
14805
4386
27547
13764
6781
29408
9600
11256
2173
595
2321
28874
31665
13046
27303
15044
30158
20413
14652
3462
14917
25442
5490
1209
15722
31481
22999
19269
3797
30411
30824
4804
17160
23905
20820
7990
8275
25823
26370
15094
4853
9876
4948
9965
11396
12494
8750
23301
12943
27379
30002
10976
129
32717
5326
8907
16584
16934
21113
12525
16695
16277
24633
28356
26281
30103
361
7891
1000
23777
14521
12948
6093
16117
6006
27828
13992
2548
4620
29567
8929
5811
32201
26522
22752
5392
7139
21232
4651
4743
21949
1006
974
20224
3686
10483
23552
21483
11618
16386
17155
399
18094
11963
25420
1695
1022
5769
15588
30223
13129
14620
18446
28453
7815
282
11050
3027
4282
785
2009
2372
11307
2737
9058
24245
30198
2104
28245
13958
15048
29229
12142
32145
12520
28497
21947
31930
31604
23763
13825
12487
29422
1219
14173
21619
22263
6345
13095
20669
19801
17687
3099
1926
21067
28572
16571
11355
32241
30586
31983
8080
17187
2235
28399
32654
2927
22591
25442
25709
21601
23545
27848
31174
12801
21340
6677
27330
23198
13327
158
21623
8138
20200
7481
12917
30886
16664
20640
31131
352
1443
31511
21808
5113
15124
31567
14895
24140
29038
5257
17633
6476
5221
32766
5297
17805
17870
11647
6717
4358
15445
30553
2985
18965
31342
19835
29496
963
29070
7131
3101
20298
26010
28693
24974
11988
9376
8789
25627
9606
26309
1400
26942
2237
27262
25198
18739
30359
8451
17123
3849
5558
32513
20254
28410
576
17807
17193
30456
3114
22372
16178
11656
10935
28231
30513
4819
18747
17606
1483
14330
20773
2091
26230
24747
5436
9900
23263
25330
553
19938
16265
14673
14390
11645
5046
31506
29269
21045
14474
11996
24164
11524
11118
11141
19119
6802
16307
31527
19639
32497
7031
29814
17714
18826
31693
32336
25938
30039
1048
12694
6474
22867
7352
19771
31759
23855
9449
12442
14427
26183
31719
20493
31480
4308
9559
22459
23099
2403
3298
28849
22223
6790
11555
23605
22963
17097
7619
22870
21382
26343
19682
2248
24835
29758
26553
17135
6344
1921
13950
5178
26203
27565
28552
21426
5742
1342
17844
2003
30818
32162
13831
3482
14603
17134
22677
13791
23219
12240
14497
19685
28257
28612
30725
16432
29275
29579
16853
22166
31209
2522
20543
11929
604
28751
2485
30452
6479
28840
31055
5492
14381
24119
9834
12297
30963
1937
3990
19485
2103
28807
19631
30756
30826
26711
7241
13173
23130
20515
24657
2136
16122
9633
19954
3168
1638
9749
21686
15099
8226
7548
238
24135
8354
13834
23891
31271
20496
23511
6125
28055
5705
2262
28212
15932
26665
3334
9334
16959
6664
9964
3192
7260
15236
64
24416
15926
24705
25319
28370
25838
31599
14881
29018
17395
11468
13316
28170
21020
11241
5929
2916
27892
11504
8357
17786
18005
26662
32314
20307
20536
9838
14543
9105
6859
30479
8990
2129
22724
29366
8365
2643
32245
12223
22783
13147
11297
19376
11019
32726
25103
11782
29933
22465
8412
26677
988
3783
31637
22250
16476
12201
17670
26771
27316
5859
20428
11553
31651
8333
29874
4876
32079
28031
21306
30104
28798
952
121
24664
4616
19969
6184
11248
5261
16077
25593
22558
8803
6756
3367
18172
15314
11328
3153
15743
17796
27575
19336
19780
23351
21467
11943
2956
15029
29343
30178
14725
23302
29499
11938
16843
996
10193
9873
12078
31087
22096
5360
182
4130
19609
28209
32484
15622
32736
5570
30267
30245
15189
25127
31487
30530
8708
10059
6717
16071
2042
15128
7179
22271
26282
10309
15121
16261
28815
879
30024
2813
2066
5740
23042
1281
7597
21980
31019
29790
14673
21760
22478
19841
13061
11216
3546
26924
24273
839
28967
4974
12250
15362
29108
1745
5838
25353
2867
10197
8066
26861
28615
5277
4570
20243
20492
23785
6634
16207
25688
30276
15194
16820
6976
16511
5135
1195
4446
11869
12807
27459
13906
26256
133
21960
17159
28900
4207
22679
25912
17339
16372
21808
17458
17849
1393
10637
17115
6080
24982
27059
8947
15135
15557
22406
28058
26630
13242
3297
17682
10302
6001
3046
967
2582
9284
10643
19596
32673
13397
1686
28712
15902
28971
2659
19473
12728
18592
5251
1655
22896
10490
22575
19332
8023
18520
5661
28643
256
31568
10394
7295
7221
24278
5593
26509
29673
22879
7307
32460
366
14151
28335
18187
26088
26224
3756
5357
20482
5421
669
25321
27103
14430
20972
10388
25428
15580
290
14115
27732
26647
32765
16171
13227
11261
15812
25516
15855
29214
22487
32334
10420
8718
5770
30954
11776
26379
11315
24652
31743
30944
27266
5176
13559
27657
25105
14506
11133
19736
8252
19554
12010
2904
32563
2208
31753
30383
15437
28205
9746
21705
18592
9114
3036
20850
1998
2252
11598
20036
28961
9145
29975
21891
18139
19052
19102
13381
22471
11855
60
32726
32532
11433
29098
2650
22115
2150
26293
2740
19999
28951
3641
31655
8205
31545
9548
30267
20516
28090
7866
2915
12190
2233
24242
24796
5711
10638
24254
5464
17974
28682
19960
12252
11602
18687
380
7783
31158
515
18713
2004
13280
19058
31820
29953
21319
17842
21358
5425
307
4795
24876
8623
32209
27862
16440
9397
23431
18852
18750
10123
1157
6243
25882
3059
16029
1645
20296
5317
8532
27905
23707
25047
12857
19526
6706
25375
7029
30605
22697
1820
12452
22231
30604
10353
13795
24983
1297
32468
7466
14009
1542
5926
11741
30178
31240
5859
19101
15866
28662
20157
18788
29928
16037
24708
4561
15516
13781
31817
30144
14675
23396
30915
30750
3350
2242
19186
30204
11396
31909
8449
26081
28882
13566
9329
8549
2832
9515
10100
27899
15534
7278
16791
12815
31038
28830
8100
8017
21883
16668
2759
9040
26507
26121
27375
30026
31873
24502
18551
8258
18214
23132
4358
17492
27641
6670
9140
582
3700
25323
26734
17759
17297
12696
30363
24444
3469
22510
3839
11104
17644
20975
27872
10572
4797
26367
12904
18895
24607
27473
29771
23264
24324
13727
10410
19242
4149
7454
32054
14247
27287
5041
22680
30576
1964
12380
2833
6612
31068
15868
29277
2727
11510
8758
5342
20700
32626
12462
30710
6999
26361
15993
13749
4092
21927
2516
5556
4364
14735
18966
11584
27825
15871
31715
19131
10967
12806
15779
12352
27966
14388
20530
24966
5581
9121
4057
2311
10026
9776
31102
14433
4999
13333
4119
2044
28095
16533
13925
23021
12449
14349
20702
17434
4235
23350
17387
26015
2876
24487
8787
11121
10723
31132
8183
18497
10619
13045
7361
25508
32091
13186
23511
17520
24585
24189
15124
31337
26192
26968
32440
19229
18578
20410
1374
26124
22111
18628
30767
9228
18501
8600
19286
21996
25578
8476
8883
26200
9817
22779
28372
21244
26778
2029
22049
16621
12933
28985
15958
12356
12247
19832
2615
4876
31622
14491
24447
19294
13650
16687
2329
21706
5533
31968
18834
7417
29564
17980
12751
20369
28942
1978
20475
6489
16909
14331
19140
9886
16546
27471
15559
24789
17534
7803
25672
12161
28710
7866
31527
16471
26766
13057
19215
6816
10986
27271
20977
480
29889
13445
2737
27573
29251
9530
11807
3329
9948
3123
40
16971
17417
16329
32078
22371
25195
16875
31829
29253
20762
8734
6207
9536
28475
16577
30331
27736
17365
22422
15706
6632
18400
27518
20162
30348
5791
2948
6950
6205
30768
285
8373
13502
31330
21934
27346
29496
3014
20815
9669
289
19721
22223
6832
28257
3200
16632
10180
5304
8197
9492
2228
3674
4354
7856
874
32733
20171
2207
19706
14677
23345
18242
15060
29374
9556
2055
5181
10138
1720
6704
6144
21978
5787
17622
2656
9218
18310
15917
24402
12937
803
10249
21737
7294
14414
13729
4626
27506
3950
24211
7553
657
14598
17193
16619
17682
2695
9691
11382
31698
23913
7701
28270
15931
25721
26682
4921
25195
27509
30440
397
14482
13526
10622
26336
5532
27117
19419
18464
28945
20785
17257
2725
6713
16088
3419
2404
18563
29604
29234
2661
2855
24064
4742
10359
23563
29003
12547
1314
23012
1908
23986
22237
28061
199
26233
10113
24316
5638
12518
22270
7299
4284
24872
13900
14996
24014
29278
20133
28121
11859
9237
10482
1251
6821
24843
10627
9489
31672
825
21506
20148
28331
6417
2986
27760
13981
4101
9140
29158
28866
26696
21522
19855
20150
21976
26208
12779
19217
29372
12056
31196
3131
26250
9989
11340
27010
10029
14586
25366
18025
14053
6083
6436
14403
911
12380
9173
10753
19239
3169
23457
29257
10635
14534
14335
4040
13186
1224
25222
32712
17148
11555
1363
25349
22684
18310
22700
25788
13939
580
13282
6150
6159
3148
9596
16228
11188
14683
22161
12955
12521
13936
15734
22210
24630
25217
25498
23705
45
8044
17069
14620
19367
12080
32008
3160
3408
29021
30025
27262
5222
5321
2365
15158
26301
4485
29700
9013
21511
32527
7023
11282
20050
6857
19629
7765
11218
4778
11303
16850
13793
26676
23720
30773
10564
32678
8641
26077
2992
12146
364
7406
31372
25585
10479
32417
22265
11094
6403
18143
29456
15841
23862
30223
9322
22101
21134
3372
24550
28331
16751
20506
17062
13576
20158
570
11355
19693
2119
20796
20163
12461
4188
25140
22128
18213
11455
13552
4298
423
15555
20873
13143
5687
23213
29753
10298
10746
11360
11116
1018
32747
10042
7194
2181
32720
19257
24659
22901
10605
6498
13340
17809
18423
18787
25721
18839
31179
631
13515
12345
24672
7050
11868
29541
3194
9886
3641
17097
31393
19309
17728
21399
13266
13647
15993
23941
26228
6239
24490
26905
2957
4569
30757
21283
27702
26567
4581
10635
6989
27613
22745
17740
14185
1441
3200
17857
2323
10191
12214
20768
20787
13563
27342
15940
23496
6008
21472
2991
10972
4217
4452
18383
19896
630
2816
20096
14420
15057
7327
32723
12049
32442
32707
21517
6826
24400
24348
28915
22632
6408
18521
9285
23190
595
28734
26505
11573
19835
31991
20745
13041
8654
19116
5663
11859
20479
24149
688
27447
9673
31440
2551
7297
9429
3120
21636
16908
8414
23897
28548
10979
2323
19402
322
26548
24765
28089
9966
16769
11041
24165
24478
2201
20136
9384
10386
20423
13117
26571
11964
26569
8183
26271
14719
12035
7160
25801
12984
2421
22165
606
28667
5355
23223
12720
8479
28019
4480
16231
2044
5652
22578
8403
23923
22973
11597
31872
1967
14460
14584
8459
1451
13552
13474
24117
13300
5633
30185
29750
20145
28878
8379
3412
21728
3815
17595
30131
12514
1213
27110
1391
19002
3159
20598
28904
25746
30790
26630
29533
28670
21210
16888
1981
11909
32150
788
9145
21214
25826
6257
10526
31863
7168
13209
354
13500
30017
20968
6012
20885
27257
21301
9209
24880
27056
25525
32589
770
23066
15643
28263
21000
27978
772
7560
17491
4258
16019
15700
9155
4878
15704
30250
1043
21234
22391
9649
23061
2144
24838
6835
6207
32655
19126
17199
29799
22408
13750
169
15051
6435
32468
5829
21076
14898
1254
26644
22044
24828
11880
29998
26669
31725
29286
20993
8588
395
26781
1384
17270
27820
9437
1792
3561
18662
25009
20279
24422
25416
15938
11685
502
29511
4985
22944
18795
20475
9316
28938
26344
1420
11739
22894
5539
24295
6499
14155
1258
14261
22354
28592
9060
10893
9268
26633
12186
28520
15726
30777
12725
32342
18721
17129
17033
19056
30033
26655
17363
10510
4679
17938
28095
14650
11315
15421
21934
24420
26646
9394
21045
10583
10207
30641
24681
11883
14804
19833
28250
16380
5940
12894
11997
32284
30235
284
23183
9349
12965
14187
534
9169
21334
30931
21930
23278
11450
13250
1493
1228
26696
7388
8566
11864
29324
29842
5388
18606
5254
19190
12081
11146
15437
13773
20069
7168
14583
11494
7181
11118
28093
171
30907
686
16475
7926
32176
28048
18102
6694
14240
14983
30657
9841
32437
17058
25505
380
4054
11710
14096
30760
19240
18171
3583
32431
15317
30060
22911
3825
19725
11539
23777
16648
20555
27660
1564
21026
14554
6152
9584
3472
12439
20477
18505
19482
27128
1564
15206
32150
21325
30212
30778
28857
3910
19253
403
19756
22198
3015
29561
29666
10134
7004
19033
14762
25933
27219
9571
12288
20015
9534
2096
28713
27203
30870
24488
7295
22345
15534
20003
3081
5627
7654
718
21582
15508
5409
8273
9579
12943
17529
30382
11364
22961
3121
5228
28600
18505
27626
29430
23096
30903
1050
16958
26648
4651
19387
6053
10823
11951
20032
1055
5116
17000
1485
21906
18066
2072
9639
1920
20373
5864
26858
9958
3357
1381
14714
11620
11354
15816
17211
6045
30321
26490
18309
15073
24454
2519
17618
7690
3098
19507
18106
22947
16536
30490
29218
17232
28458
6876
8624
26729
22481
32585
9858
7145
28341
16570
287
7047
31930
15953
9901
4130
11859
15745
9829
28002
1179
26320
17221
29853
23714
32731
22020
24311
260
1691
2891
29390
31169
4584
21026
2133
3656
6971
3753
16766
11733
5560
25864
31006
12797
30316
12456
11596
12168
4563
31652
26889
18814
29341
2682
28967
14980
3505
20487
14435
2153
30579
23986
24277
5629
32322
9191
16522
1826
20037
5831
22383
11045
616
2845
29808
24910
18081
24468
5090
11189
28536
17960
20766
25688
10950
16859
15727
18539
11709
11433
7727
19951
1064
22973
22060
30598
25844
10213
32337
6790
12272
6212
29058
19276
30929
15687
20423
25555
17273
5594
15533
22661
21881
10459
23785
20304
16596
29902
22335
11517
3078
2003
23714
3261
6980
21462
31645
22021
16134
4870
17137
25756
3011
20616
30592
30451
24315
26988
24937
22196
13691
6624
29813
28573
14045
27299
22450
18575
6734
4797
4189
4834
18580
8558
21509
17404
24399
1124
17902
27938
31102
15920
9140
17805
24902
24827
9520
6849
3823
8565
5023
6938
6448
5647
23553
11944
31404
30314
8384
21053
20668
28431
3730
10435
30575
23904
30880
14035
9935
1999
32744
31876
30054
9805
18912
24961
25601
20229
2652
10079
22196
6987
25777
22061
7966
6351
26651
22348
31726
23319
11100
12929
12710
16684
19366
8520
8352
17299
21179
27755
31822
24190
18515
18388
1989
27716
29374
8351
31613
1039
2762
4468
30802
12500
26343
28948
11215
5257
24969
12081
2476
19346
32462
29571
16021
9340
5473
13080
16430
32749
32414
12268
7763
27867
4599
5817
31140
21757
28566
12048
17217
19839
24131
20905
10706
24570
16521
6392
22475
24483
25876
0
26350
7875
13918
25452
11537
6247
3467
6364
17953
25176
11409
4221
32615
31565
9115
13532
2058
18784
9648
31996
2773
23743
4239
25766
5435
19108
11230
16128
28568
13447
25476
5985
19130
20370
340
5220
26272
85
10731
4411
5761
24251
8411
24902
17937
13884
6153
29156
25599
22101
3667
16010
21954
18229
374
19218
22677
14010
30511
6229
29632
12699
8609
18171
24602
31975
8951
23698
2252
9134
13386
24286
2391
3325
13253
14704
19673
11792
24071
8570
12940
11460
14024
27618
23439
1611
25792
2453
1513
3619
1220
7710
6347
22857
14387
25719
17941
27050
29328
22047
25884
11738
19056
18540
27306
10504
20887
29731
8775
22322
14430
6982
3255
8597
16472
16685
1988
30568
16948
10456
9022
24265
19173
3460
18239
4600
5121
18812
4019
31939
23399
24370
280
11841
24101
6286
31363
4803
31385
12422
2276
2568
15830
15087
32650
11696
24648
16019
31210
23539
30108
13699
10908
23187
21466
26543
7078
9743
30164
21427
17405
16666
23748
6644
5705
6219
13617
7660
27881
19990
17170
20930
30519
763
22838
24606
3085
28157
24547
10299
1416
22870
11966
16446
2571
22377
15850
29126
26247
17400
29300
25796
24058
26007
2543
27789
4662
17249
26971
11053
27108
745
21324
32510
6088
25204
18760
28282
10055
9061
7280
1614
12838
30968
29026
23983
9108
20275
15199
13553
11371
32282
29353
25174
19635
15651
2607
292
5736
27369
26732
5882
3452
32036
26509
9059
18720
11481
8402
19884
14912
13006
1846
9459
15180
10305
5458
9857
19774
24537
4735
32346
9689
19165
13115
13841
29486
16036
6350
17889
30821
11853
29741
15354
26554
11440
20510
28185
7622
19091
18077
26971
8704
9506
9598
5203
4227
14489
18005
14170
20754
19268
7571
24358
16217
1193
17649
19871
10357
1284
1298
27885
16823
4339
8803
30934
31909
9587
28999
21063
23618
2059
30065
12592
12176
10055
4240
10389
21842
24424
1074
12515
27926
30554
19170
11392
6515
27110
3220
6821
14224
20265
12868
27760
12261
31301
23769
12341
17478
8022
17231
1814
32541
5544
15381
6355
10231
2599
30132
31203
24898
13846
8882
14275
21332
28164
7350
32654
2224
7420
17132
4814
24453
32765
6059
32401
13432
13737
24918
18624
10915
30273
21120
1965
13534
2001
32083
6123
17469
17064
5682
25698
16346
14859
18845
29858
10708
23851
10581
13688
5527
9300
29889
12223
21342
7782
16529
8569
29943
29321
16801
11551
4038
10781
16160
4917
24589
22256
28657
10784
12651
27060
18257
2108
12450
19632
29883
5162
2717
5813
6920
28519
31921
27220
731
28451
14883
21838
19516
5968
19178
17484
25475
19449
18359
24272
15736
11477
5939
24428
7864
20252
4231
15410
29275
18841
10018
13163
29651
18177
950
4236
12311
4739
11908
15717
8706
21152
11994
29596
28149
26173
17370
8794
196
6134
6780
23620
5584
7094
9431
25005
26736
2692
30364
6921
5270
20640
19171
6053
27311
16847
5930
25750
15050
18419
20378
20464
23293
24542
16525
27704
27908
22632
8526
26651
10028
1983
17439
3679
9328
27391
1921
539
32737
25603
27823
2851
16203
2426
30572
1735
20757
15677
15102
20669
8553
31968
14459
14427
2709
8326
29251
22025
9393
31738
22734
21751
14466
5628
29864
1291
22943
27097
29113
18718
27602
26431
28618
13671
6081
9294
15429
29239
29390
30194
22844
14055
24123
25201
30125
28943
24978
8768
15109
27641
1092
8987
5090
3158
27280
16724
20509
29743
14758
11116
18952
8990
1805
9184
28916
26301
22338
5445
23799
12127
28578
11415
20460
7422
32649
28111
18362
22645
25788
30387
1498
3311
3844
25586
12307
5536
18204
3184
28296
13235
23757
1759
10997
24707
88
11663
21814
4109
19220
5255
20745
30630
15192
9684
28948
11497
10139
22561
9002
12532
27866
13192
12746
15316
23611
6312
16104
23613
11247
32248
23536
16254
28508
5978
25353
13749
23164
7156
30103
17983
21632
7739
17411
26739
7610
10832
702
13456
3257
7824
12419
8435
9910
29287
4573
8078
5935
24420
1514
12181
19153
8339
6238
14202
12699
15367
29898
15132
27713
2742
7967
16956
26830
29322
5486
816
12942
1716
16113
9691
31019
580
19535
13020
4886
20726
27932
774
32552
6735
32415
17168
10634
745
6105
24462
30674
6156
5826
27936
24686
6525
4822
24810
4422
5531
22736
11588
27037
2983
21430
5810
19256
2148
1813
21782
1731
28896
32398
21796
26480
28561
22161
11799
8673
14243
17001
8098
10824
4753
13177
11306
13773
27635
1477
9010
27440
20375
21940
12311
1711
3538
25364
16637
29994
31256
9566
23049
10885
30667
30011
10449
14158
18769
28488
27664
24991
21865
29718
927
17734
22207
26998
15520
16164
10686
8435
11772
10195
11429
1951
14609
8588
26077
787
676
32071
25738
8113
30749
31523
3936
29740
13555
27145
21943
24139
23653
27276
30434
31977
15211
22804
21437
2881
18156
9020
32390
360
18993
3192
31982
7707
22938
9723
28783
15803
23951
32216
6367
8854
18874
18791
25926
4712
21619
3818
1773
27938
17020
4720
15031
8425
6895
2554
15540
8034
22388
23773
6644
14381
25783
29287
21657
31919
1818
21445
3632
4373
30631
9508
11330
3733
19784
14871
11045
23287
1594
18745
4888
6485
17855
787
17296
6175
6675
4160
2252
24673
24226
15054
12207
19017
3704
18152
3023
15076
6905
16050
9162
28456
6866
13685
30681
30775
25903
17916
5799
19682
27951
20542
29795
5228
29076
14909
14355
3729
21696
14381
29484
15559
12509
24537
30560
12484
31835
2883
16056
9280
21151
20106
6626
15868
13561
1297
6348
10243
22487
14814
24946
23344
20537
28480
26868
17392
13669
2485
17131
9289
2780
25098
31485
22300
1676
17092
11439
22695
1863
21695
19835
14413
20340
16149
23843
22426
22533
32321
28740
6786
20393
13957
18734
27881
6722
1417
29427
16745
25753
5956
4798
27983
8272
543
25446
1510
31769
11864
3907
8953
11302
19621
23617
10899
5857
8219
24114
2569
14812
8013
9065
58
23307
12472
3972
23830
23089
1631
22665
23133
13976
23730
23093
29097
7429
8372
13200
21423
4587
16733
25285
25794
3039
12349
21297
25241
4684
21859
4538
5969
13416
31357
7010
15797
27750
28993
31259
31422
17134
30987
9182
4182
18122
10183
20471
11617
11490
23057
13987
32510
11370
28315
28380
26378
27482
20687
24180
31719
3870
5814
28769
13691
17807
13849
1368
27515
23075
5350
21149
2281
11104
30932
8985
6363
5271
6730
11949
4223
8142
24190
31686
31324
5118
31962
32561
26330
13183
5027
28209
17925
16064
28636
30415
3726
3899
3176
21106
22034
24232
3184
26287
16031
3697
13572
26722
23925
871
10757
13566
32521
27059
29250
22049
27728
29967
1761
25452
5433
28982
29185
13969
17532
13976
16541
9645
16530
22355
19379
14297
32260
6239
7334
2043
18153
2824
28898
18915
31658
23202
8382
9619
20745
8824
28070
23773
12130
24581
31609
28468
5936
21863
31024
12220
11986
28688
15553
419
23952
1983
22082
11956
6105
2478
24146
3113
16590
25613
949
25025
17669
17840
7230
18195
21126
1541
15602
27426
21018
18760
7530
31281
1478
13562
19065
5593
28818
18575
27663
4952
27534
11879
8797
29740
3095
6399
15930
19681
16215
105
22726
3623
16139
21497
3661
25639
17289
29762
24686
8215
5889
2368
892
24588
28163
2263
6948
26896
10561
380
10832
26485
25751
32051
14924
2409
30536
4281
32039
10186
18827
27394
28509
28987
9030
30950
15538
19319
22553
28951
27745
24293
29854
23638
6262
109
20719
28134
13433
28043
11369
16449
10060
3745
14000
18955
15446
13202
10739
8004
12258
32396
23154
21185
23233
28965
24381
3037
16695
20394
14398
9324
2325
20147
5497
25328
6946
16123
9107
9488
29631
11119
401
3653
26315
7557
17379
3799
23237
31695
10401
22280
16176
14032
24852
2702
16956
14350
5240
18503
2466
18280
0
23081
29392
23210
22555
8568
7750
863
20214
4923
19008
28391
25666
22768
16533
11465
25143
27007
23519
12106
11225
11885
26588
14910
16506
2386
24852
13342
6272
19853
22460
3419
16232
566
31195
12786
20235
84
2219
14657
12320
16720
15682
18456
17411
29098
24689
22804
23477
7147
6637
24360
8227
32731
15020
30333
20395
27123
1682
6012
29916
7957
16717
41
31357
12411
638
18354
16593
19438
5401
20551
6170
23608
26126
2861
17500
3547
17961
17166
28259
3075
822
24724
9735
2490
7274
23862
22959
27483
5630
22609
26388
9289
12317
634
10568
7392
1280
21267
10230
13484
21080
15388
19435
13529
29164
20556
15573
18155
17795
3936
19531
17328
6660
19636
4622
28274
17884
25616
7567
28784
1696
12484
24753
10384
25075
31479
14287
9038
3499
20284
13057
20216
9007
29798
1179
16413
8739
29598
14583
6723
1608
26290
7029
28888
29853
176
27839
13419
17355
1204
20050
28
25535
7934
1850
23377
26777
21575
1564
17323
15557
31573
17530
4921
15975
29902
28467
5867
19453
5450
30793
26953
1088
30123
30183
25956
15690
7601
29347
17933
30462
15561
4864
17734
19621
25894
13367
20470
10709
32019
26679
8673
18071
23176
29418
24022
11976
15611
11450
30250
22720
6520
28244
31078
3890
27892
27051
5949
12883
2271
5184
29121
5183
3576
1698
3798
29848
2405
30000
32230
24432
26627
9766
1494
29545
13307
2264
28473
21274
20630
21048
16068
17845
10322
17054
29698
19175
309
30921
8265
9728
27489
30241
27117
9300
32233
14398
20403
8929
21987
2990
16521
5938
3006
31731
23412
8067
4822
1228
27593
24101
14150
26806
30112
9252
11773
20657
26246
12072
27413
6471
15986
32409
12896
28875
17659
1030
5699
10975
7879
13000
22727
27960
22343
13026
25325
6566
12961
15148
17986
6478
23534
22193
31924
27962
17318
6485
23204
10261
16984
1979
26428
13615
21407
13925
3843
4296
32081
25629
25774
21898
14073
5012
25658
17239
25992
26698
27703
9029
16199
19117
24935
11495
11280
6021
12423
20687
30142
24207
8813
3152
23778
29800
13907
10889
26040
23469
30323
5790
29017
18785
31444
9033
30513
18575
3683
27538
29364
16688
10821
12506
22861
26190
15212
23070
11415
20330
26216
30842
31952
16668
15744
29932
28555
26873
7426
19291
7844
4281
8663
30424
25465
3226
28250
29475
25175
26879
12651
30577
27187
7005
9150
20076
31899
14935
28537
28540
4588
296
13823
15685
28100
8770
10246
3441
6074
11572
25584
23983
19533
3025
3672
23035
31259
23183
22763
6177
8020
8237
27513
11388
7021
10393
25419
31748
18713
1808
23736
28552
29813
903
15091
27703
386
30538
8743
13669
22233
23779
22470
7052
24730
5949
32030
7313
16294
13321
22573
22857
30990
11617
7862
1084
14795
28331
30612
11689
687
8385
9807
4298
20635
335
5357
18008
5363
18812
12298
82
4687
26572
18731
13051
29043
4420
29520
20258
8834
28112
3528
29093
24174
25571
29001
11320
23731
18269
29504
19299
4421
28593
13158
15818
1734
31047
26516
177
10493
13855
6616
13759
4996
4536
3272
17922
14528
27696
14870
13876
29974
12460
8037
4157
25180
11002
19803
1528
32654
24693
27896
12602
195
28713
12070
5393
23391
15928
23185
17481
25225
28285
27576
20789
2016
29294
31557
27308
5225
11847
24217
19025
28108
31077
13996
22551
15297
32239
24852
9989
453
15292
32611
12087
273
12913
2230
26918
30412
30442
6539
11817
2688
14300
30163
571
203
30136
29001
11006
1623
29138
12801
14336
9995
6338
324
24637
17795
27658
7835
22758
9918
12026
18730
2401
26135
23249
29503
16529
25975
7717
21547
20311
3528
27525
19537
11353
29613
23388
20348
1282
13424
25880
18806
24522
7996
13196
12502
13239
32396
6291
15385
6435
5603
25591
27892
30657
10174
8593
26089
21979
6086
689
15897
11485
32075
30400
18265
26391
14830
14115
31367
27327
26781
19043
32287
22069
14533
17035
31497
20875
2498
15058
13237
6469
23195
22650
4458
9821
25068
21240
7131
6027
25123
18261
3836
16323
3567
23252
787
32254
4342
28885
23314
16957
4295
30713
27940
25547
14863
4743
6534
11459
11791
7695
17304
16083
25677
24141
24884
13631
21642
20303
5182
10281
31989
25306
636
29967
6302
11531
24488
28821
6701
17466
24004
25989
16084
22563
30638
1300
19842
17480
18932
11367
22106
8593
28137
9045
1635
6966
2809
14447
25473
2782
4665
24125
1188
8201
22594
11723
6719
5803
320
29284
23292
16665
29510
8862
10414
26921
17125
27287
390
19605
19964
11133
4491
14497
30929
5204
30788
2302
16737
14323
5815
3565
7413
17488
31128
7592
21494
16126
13242
21757
20482
27380
15561
19260
4159
15248
10299
15699
14320
30940
18564
29752
27462
30991
4745
27271
28280
4951
21848
30061
15126
12245
6678
29892
32666
6377
16440
20095
15680
29105
10743
14665
30743
30156
3325
6761
11608
26212
15205
31465
1015
18539
30946
22519
27513
22564
12350
21131
7429
21990
7431
586
12989
4125
15749
28587
18767
20113
8430
31064
24518
747
26077
10455
27047
25205
32001
14953
18233
19745
1042
23602
6180
9677
19722
26779
7229
32709
26001
8181
5793
17801
12985
9567
26369
15569
29931
17129
19772
3023
18466
14585
2867
9140
29782
7406
22745
13429
8764
2820
24201
3535
18476
12151
10653
4489
25442
27372
20284
6905
20842
5644
12659
32713
24022
10354
6791
3579
22578
18119
8842
11051
17978
31787
4909
30996
1610
8919
15829
9046
30229
16385
30705
14967
29082
22272
12682
16423
15956
30641
23067
18632
14001
3097
1956
22061
18886
10572
5114
20386
9025
26509
9313
15149
3999
1462
20316
7188
28831
23515
21700
6815
22006
24874
7192
22815
3652
18709
27924
6703
17479
31668
5765
7226
31822
28004
30555
20030
1521
6581
7680
16847
13824
9603
29160
32350
31929
27746
7018
6587
11326
32064
7630
14809
838
19013
22439
25554
20498
4094
23907
15402
16291
14267
25120
7256
11562
14645
8897
8578
1472
16244
1857
6281
5207
5360
28232
27461
18928
6903
22268
29458
22031
20558
23834
21643
9068
11035
15173
18581
3308
18946
18334
30368
24271
16527
7828
17449
30763
724
28670
15747
8345
13395
8807
31704
26158
24094
16552
11371
6061
20540
26045
7455
12026
12879
6865
29245
16338
1908
23451
26994
16058
10603
13549
19991
13365
32504
12682
693
12346
29064
2361
17353
4581
26136
17943
1988
30573
15699
21553
8278
27222
7930
12114
236
7144
5257
8986
20088
17887
14104
20816
7280
868
29823
29305
31513
13884
12221
1194
15109
19520
16539
23706
2522
30989
5772
19707
19542
14332
728
22539
22928
10837
28153
8038
31617
9663
31813
1566
22722
1787
26062
14605
11159
7378
1415
4458
27181
16204
25512
1435
17440
26403
16211
7242
6464
22903
23415
5563
19861
15299
4853
16221
7841
9232
30721
9631
24036
31081
715
6148
13478
14478
4959
13178
21744
28909
19146
26344
15324
3533
32639
9734
26894
16333
20729
15985
12163
6797
7841
767
906
15019
26097
16719
27151
2033
19418
13733
27935
26572
21859
28917
14761
29696
5012
25918
19074
2459
18066
3098
17580
17447
15371
23442
26840
14628
27860
32054
15913
1974
7633
31598
23099
4250
2070
22795
27236
27230
19531
18209
25146
26066
13653
27929
29525
14010
3635
30466
12886
5317
3877
24104
3367
26819
9748
8168
30341
23058
7726
22210
27324
20569
27345
27056
12722
15737
6570
17846
551
17345
12318
21947
27195
3170
30696
11415
8497
25122
32516
5485
9842
25684
20172
32315
20949
26119
7778
28847
14621
19838
1101
3389
3780
2016
27495
15470
24055
25905
20214
2683
18401
28801
537
24858
9772
6243
1638
5016
14021
15265
13777
28968
13536
28206
17359
20859
829
2652
22972
20368
19369
25167
21114
9934
14279
9650
22876
26192
10000
20392
28738
28288
1561
12550
8453
27879
11028
27327
24085
19011
23450
27808
22112
16090
24488
19517
16502
271
17895
2091
24811
16947
15664
2927
20477
28061
10063
1335
17015
24061
18695
26824
22998
31981
15191
10680
16297
201
508
2141
4158
15553
27447
645
22650
14124
7376
15463
11017
31263
29275
30170
4280
21055
4282
24517
22558
28627
21219
26071
2178
7710
29668
16504
31737
1259
6692
25343
25807
10345
10219
6693
16936
6969
29988
28345
2023
5830
22114
8342
32207
28117
5410
19923
6632
3421
15696
6713
23077
32664
25612
27386
24899
9562
19373
2719
23284
6562
2310
18755
27453
29550
3561
27903
11549
22996
15594
1701
1135
7759
27237
32433
18193
20823
28355
28284
326
1332
11768
6579
22873
13075
14416
7176
22148
30298
26732
7975
3855
4665
8839
11500
444
30081
6399
29139
7779
12474
14864
944
16858
4720
10978
160
10519
24013
29638
6719
8089
20333
16828
24859
27908
25709
24890
25705
17931
6085
22056
31223
17554
2520
13615
16994
11028
17994
8755
15753
30531
7186
6174
833
2031
15312
24032
29771
23081
4192
19636
30595
8616
1455
19364
5977
16492
12749
9295
4997
24992
5188
5354
15095
15301
24489
17285
8717
15885
368
30351
2313
11525
23556
13981
1730
29303
26392
15719
19354
9359
10807
22035
4271
2108
17827
4791
1878
4825
32092
31513
23749
12045
31359
6329
9743
18672
14033
1041
18518
25967
18076
22299
12603
18673
29882
10516
29594
28987
25839
30592
7285
26256
12412
8302
21549
10269
12528
20989
8184
14229
27970
4895
22415
2073
23837
18845
8999
21594
30331
24923
5539
8193
14709
30942
14088
26703
11865
14091
4913
18432
2558
11825
8388
4726
27732
28746
5220
10771
27967
14462
29736
5607
27558
19945
32588
6795
21191
926
15911
23116
18893
31212
20061
16524
420
1248
16214
15462
5388
23562
4847
3729
12012
30596
13935
11911
27369
15921
1980
2790
9272
26947
15055
10518
9904
16640
13157
26668
30244
5829
9975
27406
8175
8267
6893
28120
19152
6185
4879
2687
30969
18330
1084
12469
12386
23937
24414
21772
32099
13994
18589
7005
898
31571
20179
107
4234
13803
14144
18116
26077
18201
12672
10984
11274
23296
1977
8877
17570
17346
7961
11234
28232
23874
23680
28211
28424
24111
16761
13388
14570
14910
21871
66
15558
31158
12062
16174
24409
10802
12871
24603
17561
19618
21928
21026
25926
25748
1323
11731
8898
3250
29790
3543
19746
13451
29987
23252
20357
27542
9897
3729
30372
23923
4250
12891
1451
25461
32406
7335
3400
20318
12257
12792
14593
21353
12120
11523
1738
11150
26538
12817
7383
27649
18372
12710
12719
6396
2957
24160
14978
27582
31956
14881
21436
26836
16518
32369
6106
11159
1061
25629
22652
2806
8053
3620
28092
31605
32377
7124
4031
21110
26525
9777
28297
20151
29237
11414
31766
2589
16678
13471
7334
14512
21987
8517
12632
22758
3996
1355
12538
14628
10930
29914
17184
30338
21613
6760
4467
22735
9969
4830
17228
12245
8558
21753
22402
5597
28824
10224
20608
15222
6999
27992
26266
8307
26559
16965
13473
24115
3138
15283
4788
26405
292
16932
4954
24458
1584
20618
22222
29565
12458
6758
10394
20017
5508
23858
7015
5755
25556
24829
5908
5264
902
27733
3333
25871
3150
12137
18110
23874
10465
27247
688
1185
14949
21316
21330
18327
20518
32338
29812
18313
18314
20151
2769
27669
10311
12708
483
6551
4307
10498
31739
12530
18205
26972
2192
15501
16762
3833
5335
28315
15330
11848
19093
21664
11612
17282
20786
25648
12727
17802
9486
17658
15227
24600
31000
31750
8735
6422
22172
23611
24700
25930
28508
24612
6018
28726
21987
20724
10538
6972
4118
24263
32683
30726
14348
3626
21745
16933
7967
7902
3659
7160
10051
20441
100
4816
18071
9358
12148
11857
26938
3950
24503
3868
9568
9647
2591
24747
30117
16460
2374
8827
28065
11853
4774
3185
7356
23624
20492
4727
4931
5416
11594
19302
15804
16429
11820
16168
2679
16436
24750
24606
3430
22585
16236
13247
5678
14618
6234
28290
27774
7325
19381
1790
9888
4533
30522
1104
20046
24065
24981
3006
18374
6294
14876
29082
12065
25086
189
20840
8160
23936
10805
28995
6856
20386
21635
29820
32240
1517
8093
8581
17176
27632
32353
16141
30780
29064
5070
19565
9833
9822
28788
6467
6864
11952
17449
92
17945
30037
22526
18904
9721
16123
25714
30856
27911
692
6117
1691
23755
11185
24911
21882
1560
10316
21297
21744
25500
27212
13004
9614
694
15461
1938
14926
11911
4351
16090
15734
20812
11833
14295
15551
32747
23340
19403
24759
25547
29300
9848
13156
30441
32237
727
14890
17961
16314
8205
26350
11754
19596
667
9340
17628
6944
21973
550
26902
11530
405
17070
9059
13490
18480
21095
21725
23708
169
26774
25278
5100
16677
22558
21618
1065
3487
21341
6129
5185
24285
10065
24651
7373
5539
12799
21124
12695
11814
6165
29859
9305
18371
32206
4870
9416
21745
18198
4088
8657
1909
8943
20870
20515
19669
26131
16782
31213
28430
30938
5144
31721
11657
23647
18409
5017
25164
2782
5462
25297
1902
14177
16215
19573
12493
12444
31452
3716
19971
27413
24676
15701
18581
30344
7115
1057
21102
25225
20067
20162
30860
22123
22343
16570
19962
24673
30188
7543
17150
16355
31481
1494
31891
12115
31577
12005
16409
28897
14734
30189
18252
8876
14664
30128
4211
7721
12598
239
32473
26313
20252
9775
24449
27606
550
8381
9750
8606
16252
23280
30241
13780
29974
26030
19583
25395
7890
2353
23825
10340
12739
21259
30901
26146
20940
17768
3957
10396
1390
2964
8959
8219
23519
22461
15701
3300
14684
19961
16326
8800
15807
8331
7709
9594
31060
16738
23064
19017
25577
19682
21276
5359
18980
4583
15910
16833
9498
23303
23045
30888
4124
23832
13255
20422
20692
28402
3953
24925
9618
28278
18675
30957
19936
30416
16730
7069
348
19448
11336
28636
18631
8063
20897
18504
27993
4744
6024
21967
29271
6421
26762
17684
19688
8836
18968
19220
20005
11097
14139
25865
29551
7229
4995
20367
4357
6727
19009
30981
2773
11387
28149
29494
3987
23184
27658
10296
2569
10487
10433
22165
15534
5656
5996
6313
15225
31967
8924
31563
14327
119
31260
26544
21404
25941
5472
25739
27735
31609
1848
29305
5992
32240
28169
1949
15990
2974
6590
28295
4828
7482
14779
3163
19269
7322
10002
21039
24440
305
7930
23988
13941
5590
381
3353
31424
19398
26736
2604
2301
16109
10920
4291
11453
20321
8043
29786
8088
29744
13861
10493
32380
11099
13916
21353
10564
11042
15334
9326
16524
14466
17242
919
13764
18173
23236
19725
8580
17817
19101
9913
21535
15659
19194
12457
21627
9173
6403
5301
16672
2510
167
14690
18318
865
11918
7174
9684
29753
24143
5677
27230
8155
14564
4668
26127
9076
30555
29524
1168
15573
7629
13433
32487
700
25236
756
7243
29269
5561
22517
30006
30208
7340
21885
27837
18773
22072
27259
21533
24165
31413
566
27798
10307
19584
17130
15228
28356
11432
8118
25739
3970
26602
16821
32379
20519
20448
3180
5588
9704
29813
16740
20996
5711
4508
1815
28846
5438
1346
22289
2886
1073
24960
5967
23259
14019
28438
25323
28211
8308
13333
17915
1565
4009
21211
28854
3075
6644
21828
9688
22207
7574
14367
26696
12719
31810
19167
11256
23052
29476
14227
3597
26231
13346
18201
22593
19669
9314
13710
21381
31325
25612
11016
11754
12783
849
11400
30657
9384
2220
6442
31745
30899
11367
1951
30698
12898
28002
6109
30184
13181
25360
3349
20410
17626
28866
17382
7123
24109
15912
22736
2561
8226
6420
4843
29516
13481
9346
26329
8481
2449
30934
9721
4016
6489
6500
11741
12178
13891
25397
11263
27311
2985
22792
18863
28767
18836
28824
21584
3279
11915
17693
13764
4007
25513
21269
20773
1513
24307
8516
6070
19228
16360
31482
27161
13739
23129
8084
6594
25224
25466
2885
7851
25620
30010
15639
21833
22595
23504
7724
22720
10747
24982
28234
19795
446
3355
22935
12062
10633
1395
7072
30983
26620
4306
21408
14322
5818
24922
28160
24116
30739
9264
18202
27466
4065
1749
27458
15308
943
9908
6151
5532
17953
7927
25270
17507
4496
10399
10272
23102
30196
212
10653
26804
32263
2425
31569
17900
12199
22532
10158
12828
27516
9869
11322
28997
28636
23332
13203
11550
747
6504
12464
13133
2055
4694
16233
25565
1123
1630
28218
25581
22257
11708
21828
26789
10118
31493
7828
11887
20793
27648
25512
28771
19468
23736
1071
29698
22990
4303
23057
32040
31295
26389
28335
15932
27254
27481
5484
6314
13184
14976
3948
16787
3146
27860
7324
7875
4800
31390
7666
28643
8247
20214
11510
6127
15624
31962
19585
6891
30590
19070
5828
9170
8691
1763
3213
9936
15413
23979
27078
29616
3119
7468
9022
19608
10693
8899
29101
21748
511
24938
3570
27824
5482
13965
670
19370
30139
282
14006
29031
18102
11992
5557
15621
17998
13305
30929
16752
8206
8434
13695
10713
4023
19082
30009
16996
5931
14385
14975
31009
19337
19604
14108
27454
32154
23662
22442
21115
16748
10145
10328
26333
6460
26757
30443
2215
18329
28032
22019
18054
3271
28887
26016
5132
21346
8899
1252
17503
4163
6600
20763
7475
22952
7490
5624
5621
31118
32321
4897
5961
32610
29334
15087
20151
5337
9774
20078
27297
6685
30367
31404
21113
19753
3329
23344
12081
118
18943
1480
22514
9431
14381
904
30480
10913
30877
23311
31550
32272
23981
4108
10494
8934
10274
15361
24668
13141
6779
9287
27356
17951
22143
29011
26033
32764
14617
27447
7215
21564
10341
24427
26243
14509
2059
5070
24738
20671
18380
27368
3455
21478
16474
7538
14977
13120
21101
11544
14132
17016
31763
29821
13631
26602
22599
30848
25750
6152
15558
24254
8176
8188
27166
11607
15740
911
520
14326
22479
29257
14327
24075
8993
6105
28657
32347
8890
19384
16286
17339
21159
25610
1439
12056
6577
12229
2848
699
6032
23572
25521
29387
9051
18686
32593
16148
3651
4419
8908
6662
32385
18822
14920
257
30349
15025
14874
27088
23697
7062
478
26995
5661
3538
30150
14369
3100
25079
16946
13965
11015
26346
32129
22633
13144
18569
7207
6184
28226
16785
27392
22537
6815
9407
997
21585
9770
310
28796
2775
1774
26145
28500
15302
18686
2457
3889
26527
9319
22217
5284
28285
12131
10064
24031
13469
207
11238
14536
28701
22239
18499
24396
1028
5649
26173
3574
3203
13407
1072
26816
123
25785
674
8745
3134
5810
29991
6279
2458
7802
31363
23967
14612
6412
24591
23667
8305
24744
5214
4443
12923
9604
11551
2135
9217
32447
1093
5540
4640
1942
12390
31885
24001
23770
23649
30852
24675
3745
16964
23665
24091
23101
19821
15434
22744
16490
10223
21732
10476
19403
14135
9737
32456
7064
19439
29386
12807
1681
2338
7190
431
27190
18081
2444
10675
31289
29350
5262
29116
9268
14008
10647
6440
23448
25550
5070
17491
25061
27063
9947
20246
24353
23993
15097
10382
24195
21625
12108
7199
879
4890
26230
11192
2727
23465
29029
24408
27583
22713
23662
11729
11985
27722
21152
25292
19059
26096
2898
9741
7654
25649
13823
2040
23440
25902
22612
14164
30636
19078
21126
17488
28481
21623
32233
5315
31568
22598
6591
28088
1106
13793
31309
13866
27106
20676
11829
22284
29366
4121
3583
23693
30931
10787
27129
15513
9729
16092
19009
26275
21629
1501
29984
162
26607
4991
12185
30041
12955
31040
27714
14300
15067
17768
23635
24656
29901
9708
5885
1522
17481
12946
19197
31323
23318
8790
11888
18946
18269
28684
8425
9730
18013
12872
13249
6941
12129
10875
3246
14849
2799
20318
22167
5323
10819
22164
13479
13770
21244
395
27553
29573
21268
12707
13683
17919
4373
1938
29453
313
27786
4615
12403
6393
692
20365
12049
20938
11135
1970
27216
836
17076
16233
19046
20365
4464
19630
31090
29728
27605
19816
3784
6093
22271
1427
1161
14849
19258
26782
11128
10056
26226
21010
4360
5904
8939
12661
3002
22192
26162
11630
24997
9641
31827
554
15702
10027
21324
7933
25819
3291
2754
18253
26395
24275
11251
15020
13161
1258
7660
10308
20312
30006
10747
29048
7888
11216
9320
32712
29281
20439
3424
12789
20440
10680
15922
9318
10512
20140
30398
22731
29963
9602
24361
256
24385
10398
20950
28980
312
2370
402
32074
23125
6156
20495
17791
31218
5824
26772
13902
4017
22344
29426
16273
22031
19449
29370
1768
2876
27928
9901
6494
27690
6045
31860
24650
26083
18742
27794
23924
28961
23951
21142
29305
19480
12497
5525
14193
1687
19305
13527
9422
5199
31498
3281
5255
22898
31989
26707
24183
25985
7544
12803
5120
20575
28852
23050
7923
28073
2212
17421
18356
19018
19547
20831
26265
10313
21645
23413
17556
27878
29009
12954
28434
13542
15653
29923
802
811
24883
20838
13274
15751
28371
2983
4086
27602
29264
21331
19139
27962
8943
17457
3132
6107
21549
8789
3186
30352
3145
9879
32305
6408
25602
28483
3296
10780
5026
26898
29097
16479
20795
17497
25562
7415
25649
19073
26763
19628
4600
10167
17794
24383
18463
31972
6995
10493
10126
19936
27339
17043
21772
8163
2447
15140
13060
23612
18945
12441
26760
19269
23139
16953
22934
15254
7999
4473
29850
10617
3334
17685
31029
31390
17655
16991
7229
8720
31042
4311
11525
16488
23662
7165
8158
5185
8184
18275
8669
20203
17981
2310
6623
8548
19353
32222
15051
5507
27345
11444
2839
1911
174
27444
1422
21360
21227
6467
14160
2972
15954
9875
32538
19029
4129
5748
20935
29849
3762
30189
10263
186
30043
30731
31152
5462
26516
11385
26978
5258
8023
1105
1711
26467
23245
6450
18571
7573
19750
27283
9568
13680
5832
1366
27733
8207
2221
18848
17360
21971
14086
17129
28985
3856
7973
17999
19970
29957
25753
19248
3556
24338
27035
12791
14955
28709
18089
27958
1972
10358
25968
16630
26230
16244
17135
3147
30527
23038
7386
20779
17152
28887
3644
28287
23756
31572
24417
16507
20701
12888
3315
6955
1240
32642
19043
21327
27985
27813
906
18793
15506
10105
8593
11028
28312
28048
5902
24215
22111
29835
30575
19642
4192
8845
7580
31961
32343
10992
9688
14134
12361
25399
16104
8595
24262
25668
5752
2561
23148
19404
25786
21491
5292
12807
23376
15254
9681
10156
31596
25445
29757
20508
5942
24568
24822
27613
622
13852
7522
26443
13906
32553
3663
16778
27842
10128
24630
24511
30370
31668
12481
8320
20864
30459
29066
17289
16502
2340
26662
31152
27730
17883
28514
12571
20213
12938
24012
29104
28153
9843
13686
24013
10391
28924
246
11065
7367
14921
433
10331
26536
21008
4954
8618
17699
24745
26805
15205
21195
11877
1441
4996
31240
29985
6741
16366
17781
28699
9194
31980
9606
7684
30234
8158
26734
26966
4679
8749
26944
10983
28606
22656
14932
15039
6462
10803
20204
806
17332
23813
26647
18946
16969
18704
18646
9312
31646
2303
30078
18513
17494
31355
605
12535
17110
8934
13728
18655
16456
19532
116
3729
2790
28310
4972
26470
19829
14593
4643
5274
15
20431
10786
32418
22054
4669
4356
19136
19910
31924
11736
28372
17434
31555
29126
14197
13106
16461
9206
29760
32003
29567
9389
15984
26544
19717
27577
3504
12040
28926
17936
3885
20303
7981
5812
29422
27969
2801
7897
9064
32596
28535
4426
6989
7230
13358
29961
19878
4791
13691
6965
21537
11904
1455
11313
22444
20132
14902
4099
26434
12542
6416
13818
12549
5883
14982
32660
20878
10145
29461
21150
11649
13008
6575
5789
2404
14792
32291
8557
21425
24812
9177
22312
21801
11974
5314
330
15212
15434
24719
8466
12743
14943
7201
16683
31821
28827
30017
2699
18729
6478
11922
8348
11314
16067
6083
2201
30912
32194
22025
8251
28094
20825
4301
26518
26625
19421
22178
8765
3800
24875
20089
5037
12005
9779
2328
23273
14123
10680
1736
12641
3175
19025
17742
4376
9892
11700
27165
1542
11530
15667
23754
11964
1015
19335
26048
12358
337
18381
9525
8533
15130
8654
30301
12446
9284
17283
4829
2685
27591
17369
2690
16862
20978
14001
25395
16477
26622
15915
29988
428
28137
16676
22349
7733
17026
27389
28699
26881
6592
22686
32357
9433
27991
5819
11937
5291
23437
21846
4184
27439
26698
29830
32727
24009
21615
20086
22568
24242
32617
25264
320
16979
1798
18076
11898
21489
6535
32579
24900
7567
11766
10329
1048
26384
5818
3195
12719
12445
8808
4789
31857
11334
16092
9543
18991
31468
21129
30121
6164
12382
16397
16844
15065
25282
18440
32419
28473
18743
15663
3042
20133
11704
16028
21766
31800
13891
27752
917
7661
18747
19068
9895
30224
4364
17828
29605
12530
25357
3814
1105
15073
3498
16657
13830
12887
20930
1176
3649
19058
2894
9633
18529
12708
19780
20570
28843
20652
29883
26508
12433
30149
30543
10610
12340
16413
28871
5835
12583
24456
13301
20526
18038
31862
25310
23966
19943
23587
21019
5214
3711
5389
15231
3846
8264
26539
1018
27607
338
3932
6333
17740
31736
8094
10143
6385
16996
16768
14016
4216
25430
25946
24428
24842
31776
15547
12354
13531
19446
4259
31381
21249
3172
18418
3858
31110
13088
12833
11683
7612
258
27184
11412
1744
593
26079
6901
30370
25664
1313
25151
21716
17336
13774
11066
4130
22872
32664
2589
10737
9915
3136
13815
8234
2297
10
20303
10568
21616
13934
31239
30384
24004
14096
20103
28993
5156
30450
26135
9261
4303
14824
1675
18951
16343
10317
12582
12317
1573
27893
6329
25607
2238
28514
17163
24448
31045
32315
22909
9845
3008
32249
27886
2908
31135
28644
12509
3527
13818
25918
29133
1849
14106
12990
19182
6712
31035
30784
24313
6051
7824
20666
6236
20038
20616
15986
13463
30892
18000
10094
7910
15668
5273
30252
24096
29799
10907
12948
6623
10633
8281
10027
31457
2414
14887
26249
27310
13200
17770
17677
30331
8542
12960
6863
22863
6102
4256
25046
29028
22357
19746
1164
9424
32174
24193
28782
31076
20090
15040
16648
25557
21936
16332
5921
4633
6262
28928
28723
13588
18486
11758
4638
3444
11251
18013
24348
16346
13278
3982
9720
13370
27428
24260
17019
1156
15371
3330
8744
16004
14909
26647
297
32007
26467
13528
29576
7231
9718
9901
3746
3432
20050
28751
18137
3500
6669
20943
21898
17476
22918
18395
15167
3041
10177
16445
12837
27466
4210
30628
9408
326
23639
25767
31965
26556
30667
21511
24264
21017
10137
6708
9408
27378
14
32275
11944
13547
21074
16639
23039
29399
1016
26638
13842
23328
1235
10901
18544
6761
22283
10734
30111
26995
23921
22136
25101
14909
25616
9696
24393
16496
5892
32415
14707
22777
23440
31940
30962
5368
16234
29684
27748
27609
29273
21167
3803
22720
32258
19156
7750
26411
12287
25448
30253
29395
27186
22419
674
7891
19801
26347
24436
18443
29154
31478
30629
30407
8960
17897
14622
5020
20478
16054
12450
25491
10196
7750
8705
3978
4856
16899
28814
15062
32630
6042
27602
27949
13123
30207
21634
21444
6350
1969
11695
7604
14809
10815
11837
30626
23687
26379
26262
27295
30390
26958
28319
8781
27534
5468
12268
24131
18266
9514
8240
4787
28055
28173
32759
31818
27979
13252
29079
11096
28569
11449
31843
18993
29841
7044
20515
8915
21069
8625
23745
10185
10809
12227
4677
1103
18610
13944
23811
30646
8915
32079
12819
10
26251
16968
16386
6131
20723
1771
6087
3033
16095
11915
25081
10827
11188
20940
29759
21410
4729
27491
23303
11489
25904
16925
11131
31200
3686
13347
12720
25258
12553
18300
20257
10275
6778
9171
7517
3054
6883
22907
10492
28557
14283
6576
22743
28362
27879
17440
21881
31062
28467
28074
1232
12209
9794
17509
28200
1865
20434
29924
6747
31206
420
29880
17473
17477
32139
22071
28014
30723
3010
2428
11037
25790
20354
11951
16231
7286
18900
23943
21177
5945
32421
1548
24964
14847
28696
20130
12854
17619
25632
4931
26474
27699
10317
27148
603
8634
18406
20731
27039
20476
26681
26871
18450
3506
16175
25104
22544
3095
22563
32009
28391
17553
6900
17939
23691
10644
18777
27868
29580
24259
26229
24008
19782
15449
15532
126
7768
8648
30132
16295
12119
23456
30959
15858
19907
8369
1016
23644
18745
27252
12668
30126
20715
11431
25163
29511
17742
12344
15534
7963
21010
5476
13820
22268
25687
16672
23144
1305
20766
14776
18205
452
16381
14006
2701
17016
11800
26629
24325
31258
7500
14422
29573
3711
17325
3779
14032
1839
20275
21426
22719
22888
4528
15613
30170
13670
10501
9552
8489
14562
30614
29394
16456
10969
251
20743
28090
9358
32505
16885
21887
19410
17072
19077
16361
643
13845
15917
16043
12115
4515
28108
12339
970
6734
15829
3386
25487
31673
26544
13465
20707
4776
27229
10590
622
15288
28251
30495
1598
31310
8392
12430
5645
3021
18889
15438
194
15116
8748
25605
19771
2055
11340
22963
31306
30676
5173
10050
32765
8409
23305
15454
30243
18237
20899
3718
1035
7580
9849
32611
32143
32255
2759
32089
20817
12043
13034
4701
11333
2424
13833
21766
30320
4549
4347
28646
3311
23082
20581
13082
23866
16591
9763
25632
17834
24123
28138
16361
24377
14351
25899
25391
5258
3060
6714
3337
10793
18130
22191
28605
7187
31811
2317
981
29817
29255
29089
4469
32705
5433
5805
25579
462
26625
17350
23432
20609
17548
6267
20910
30591
121
27191
811
18741
18965
32105
29893
282
20874
23009
1558
23348
4691
15997
9883
17630
20723
30726
24839
2760
8423
8021
12509
10303
1753
698
22077
7087
2838
16030
7166
25702
20546
18790
17406
3482
587
30363
3510
27310
12699
13640
2834
26801
28306
3492
14207
6440
14643
8689
1349
23053
6429
13988
21783
16151
29117
1478
3048
8252
26307
24986
15105
29045
25810
27264
3665
18369
8828
23577
29956
12140
11629
13740
14423
14225
22502
16841
29866
22238
6766
16684
10454
3479
15812
15587
20418
26845
24855
17332
14385
19249
12409
5817
3806
7732
24466
2381
20171
20912
15505
6188
3030
19420
28520
31701
19341
11996
14649
14899
24643
6024
18443
31613
31332
14702
29378
9819
25605
31770
29006
1866
6847
32149
25890
1857
15294
7723
17896
13717
30229
31089
1651
10522
30548
28807
1525
31883
1629
10651
8562
27179
16499
10414
31092
19117
11412
26011
16385
31569
6409
853
8906
28497
30523
3184
9637
28795
10696
22755
317
21279
30934
268
23048
8491
8360
500
25466
149
11887
30421
17273
22777
8034
3033
18960
31876
30224
3621
20839
22544
14837
15638
23027
28304
5452
16586
14058
9135
1317
27107
24314
6580
20407
7815
13626
9897
13559
6315
24161
9404
3434
22930
30262
8677
19255
30352
14663
13001
4480
8980
30430
27871
22002
7142
24369
19409
16539
22444
473
1573
15868
8371
4229
5404
30560
31724
14832
29658
9580
309
12560
22984
28918
2266
13457
29751
22043
21084
10881
25414
15755
2161
9293
32261
16424
17995
24300
8666
18640
541
4954
4388
2166
220
11080
9503
28792
14147
11794
22280
10028
15385
31217
25729
10940
12214
7538
4918
5685
15556
25894
22465
15578
5699
29083
25547
4030
5839
27020
24436
402
25894
7253
20981
23739
16869
10409
32132
16296
25234
31623
12921
13154
32223
15210
23982
4196
27949
29633
22059
9646
1872
5278
11779
22037
6290
6834
2681
8157
7162
29561
18279
17033
6606
29106
27105
30450
20310
26130
9749
28055
995
12345
31861
1844
12048
23525
12825
31638
21576
7782
10334
25261
14216
18514
22484
21475
20326
32633
29271
4012
6227
21787
28795
26462
11549
3161
3630
22340
18616
9450
31384
1773
5437
32271
16198
9162
27699
9673
8840
18937
27662
10313
2327
28507
1781
29608
6907
1260
28360
9176
12204
16980
610
19163
17784
20409
8219
2354
2084
16856
401
2713
10966
7252
1193
15089
6451
20045
1488
18302
17348
23861
12167
16466
2974
12767
25374
28169
4418
15321
7871
12215
27330
24316
1199
29983
1317
24385
26577
10534
13581
16087
364
8327
14999
17010
13357
24775
15491
4069
112
21356
32405
6899
3515
14698
22330
21602
28043
29406
10351
20306
31572
28414
24543
20685
32195
22608
16971
32159
27974
20763
1583
6760
974
21532
419
4591
31188
3449
28543
13753
5274
16379
4034
27867
27059
2679
10037
17676
31685
8589
8779
6654
5262
20885
24396
18159
37
23767
25522
5755
3458
2554
212
25780
30785
30400
11201
10100
8099
752
3183
20722
11990
26515
2069
16532
6774
20066
19157
13828
5971
32128
5278
31366
28277
27493
19793
13449
21085
20250
9250
6523
6542
172
15938
29154
588
15835
14523
9129
25508
10002
411
14007
28588
2204
19540
1991
27404
17428
9571
7539
32189
28189
26928
21393
273
29780
8757
20675
28404
24451
4707
31306
22129
1560
27585
23067
31096
17109
31831
11061
30686
968
20810
49
11173
17790
5448
14363
6782
20084
11814
13696
8332
16078
24008
3016
14443
18507
27202
5830
1137
8825
4412
12430
32051
3877
19099
31111
26955
790
7774
26305
601
18171
4549
2696
27464
9377
28601
19257
23507
29801
28776
31828
9543
7930
1072
3539
29834
26419
17854
17850
30044
4195
22391
14320
15069
13501
12310
28749
4431
24582
6807
756
7454
17041
27989
30435
27421
4205
15471
16072
22035
24797
2927
13334
25974
8712
16942
18521
2422
29938
26866
24775
22590
1451
28634
4119
12406
13255
1404
8854
25868
7949
16588
12407
22068
27764
8768
10858
7085
22347
12337
5233
9286
25271
12933
25327
28322
16226
20875
11778
16184
14706
7206
12051
30621
17080
14638
15532
29446
27946
18451
14473
3081
27028
13507
9201
12195
24202
718
20039
8575
11169
21448
20956
21877
27871
11504
21255
594
21103
16398
13688
20951
8345
15266
15305
20996
27634
26170
17750
2966
26064
2340
7759
25038
19713
28229
5643
8052
22205
30025
20383
21788
9176
1021
176
27816
5692
22008
4741
5646
6807
28545
22880
29019
14929
14253
22031
6648
2497
32200
13758
30508
18080
28150
1039
30179
15038
14618
17261
4014
14067
29687
24477
17162
14937
29078
11925
24805
6584
7399
29586
21342
15170
5546
6245
16845
14977
5264
4365
13827
2189
23198
7563
9939
23682
12243
24050
3025
2097
13578
27838
24153
1302
3362
29542
11219
19851
8539
27957
7478
22074
1283
3157
6091
15320
15443
29997
23348
30993
27284
17389
16556
14526
11141
4198
32656
6238
7169
25632
6943
28356
21981
22182
23934
27405
25360
17445
1022
8149
27670
21045
162
20139
9622
14071
29916
1985
16706
30304
18840
29160
26110
2516
2171
20156
29509
9719
23149
3868
5065
4800
20309
3038
25434
18895
21283
14016
11273
20224
29716
22433
32397
30528
24113
10737
10726
4511
12314
28262
22080
9895
3329
17648
18201
16876
4089
25328
2214
31205
1137
31141
3187
10746
2043
24806
31051
4830
31059
23063
12887
21791
22684
32598
22921
31228
31980
13045
20796
32374
17163
9005
276
5290
6520
13840
25132
3933
3501
29120
5744
11225
16036
13535
3911
11768
22682
21318
1910
638
32275
27386
21569
23467
16926
1371
20946
31761
6106
22687
28383
9124
23353
15743
7048
21264
22276
11568
8062
22863
27680
23445
7018
24442
15887
16819
14733
26335
2233
11365
20899
27989
877
9041
1038
11212
29987
15386
4144
9000
24068
11736
27161
27472
23084
14533
21346
30849
8622
13880
31576
19177
18904
25816
27230
15473
11193
17673
15500
24794
5089
6571
28572
11275
8040
24836
18439
21161
27186
23034
4459
6377
29296
27014
15920
930
21866
29797
10859
8103
18813
273
1538
21331
31071
13807
10770
28261
9387
1994
23949
27662
10649
11392
19752
6985
23564
9723
14964
8555
19923
31075
9802
2811
27688
26258
31341
24259
5757
13257
30315
26407
4729
24993
25540
9654
317
23364
21838
9471
14827
30428
30168
7334
11625
23116
10766
7095
14178
6175
2461
11577
142
6333
29591
11015
22068
9189
16920
13019
6893
7767
24874
29100
13482
20433
19686
14650
7160
17725
15068
5095
28803
9001
29365
19144
14041
31863
6679
4604
9073
342
30665
20284
5868
6769
29208
11956
12186
17510
19577
31249
5184
16249
26735
26076
23577
26506
3503
18694
14362
18500
32131
29380
16762
16792
21868
4765
4466
20585
1291
26304
1602
20361
23361
9372
22900
17637
28310
20395
27492
3836
25815
29326
26624
1686
24067
28255
10445
26802
1641
21571
30763
7360
5130
32062
6617
11024
13124
21580
15547
30603
9906
1709
14811
5281
7758
3712
17583
17026
2520
19347
28826
28305
27260
7802
12212
18197
26543
14814
11982
14130
11098
7704
12977
24345
18746
29438
23207
23675
13702
13309
27709
30531
3795
25193
3142
1668
16182
12816
2339
8624
14504
25621
6722
29196
20654
17404
14565
14432
32569
31489
30245
23283
1226
11694
29238
4022
15323
6060
22764
30400
6523
6618
1918
14586
8504
28316
16267
32540
20545
30838
2906
21720
17356
24281
14182
19540
7862
27964
1306
30174
29289
26735
31449
32732
12035
20012
30017
4865
24245
13040
23985
16071
12392
12808
10760
2585
5543
9199
2480
31823
30649
3799
25564
12896
18445
1414
2829
21587
28636
26723
18907
32503
25353
15569
11506
30164
23116
3771
11867
12641
30863
4208
9725
7544
24472
27826
9059
7174
30697
32521
5311
8199
28644
26206
24367
29874
13875
9668
19520
1264
29543
18329
28849
14099
18143
14030
28793
12485
19180
17027
17418
5950
9266
32727
25304
8123
8274
32254
30485
1067
10182
148
32447
12331
1804
13360
32221
14900
21254
4413
9734
32019
27809
24837
5922
26010
26549
6415
7541
18582
22828
171
4313
21761
20583
21707
14666
30328
32733
24084
23720
15343
22789
11573
22969
5795
8055
29048
29806
1360
14158
7574
14183
32676
13008
20176
3768
13812
25425
10811
32750
31023
29012
9308
9037
24336
16372
26356
16988
30359
8066
18717
16292
8377
4976
3478
11188
24919
12141
23388
11112
15469
20434
9338
4971
29580
12605
28449
23803
14218
11131
13563
22508
8824
5036
19645
15856
3540
2465
4604
2837
6400
13449
16193
16271
29683
13005
11871
28344
16943
16696
29444
16213
10738
23899
911
16667
25521
26416
25633
15218
24002
1533
2039
22904
18521
21627
23799
22345
7605
6200
13704
5246
31387
2106
1191
12275
23300
26341
8248
4302
3859
29471
32153
188
31817
29873
7293
15230
32508
26608
5112
6053
5
3230
30166
11417
4794
23563
31793
6624
12060
10879
13635
21405
23633
30684
8568
6231
24404
13184
30663
29692
16875
30569
1091
29734
17881
32412
21741
29084
6229
23239
10445
4892
22972
11557
21825
27992
19843
26274
5524
25662
18031
21312
30930
12668
8968
29881
25051
13380
28235
28774
19895
28236
30879
5215
21545
21018
32010
14308
5767
18046
9893
31483
4296
864
2637
10587
223
11195
26780
17545
22600
18666
19479
31041
27616
2851
22441
1047
22009
29505
22865
18782
16046
18886
29975
9289
32372
1824
31812
12624
20210
4395
17618
6101
32275
29176
5410
5896
22361
27597
30701
23048
14196
3692
3197
22347
32275
12696
10013
16191
20986
30934
21966
15921
27476
17521
7483
5487
22603
13248
495
20393
28631
7339
12742
5277
26323
7276
24993
24564
15190
9619
13150
8038
27200
12109
14344
31781
8979
27109
25162
21369
28165
7307
32042
8871
30803
4181
31476
27160
31447
11395
12403
19383
28381
10247
20583
26779
1331
29765
15156
16870
4991
17687
30424
8429
27605
23060
25375
19097
21129
27922
32282
525
1602
27113
19661
7816
3664
21370
15400
14477
17216
31216
3641
12866
17837
26182
10143
7959
22361
7946
20802
20135
19068
10848
16961
32483
31579
29001
1580
31085
2077
26661
4980
8258
15066
8311
9759
11676
23030
10217
12992
11031
21165
22672
1447
25618
29166
32368
25173
22360
8045
30275
14131
27648
20212
10614
14723
28049
7161
2933
32150
4970
17270
31784
24383
5985
28661
13245
20105
8107
3050
7081
21669
32764
3654
14569
25894
5614
30025
2958
20337
17575
25496
1912
25710
21430
5007
2658
9348
13631
5336
29471
2501
30552
2109
15906
16997
25778
19898
19268
28529
6268
22743
12482
15293
2436
7989
16261
24351
20640
21862
7335
25050
11852
28161
5170
13405
5012
3830
2347
28462
12853
28960
9935
20257
22527
24089
14108
16845
6525
16466
17043
5696
4056
31075
23869
9714
11769
29343
17644
2552
28910
7148
13507
12410
28559
19666
4600
26215
3425
15313
21977
10599
21690
32760
22797
22034
15398
20659
25629
1631
23306
30693
10547
13407
20871
10806
2849
29995
26529
14767
21924
24603
10145
22148
19178
30264
30647
21040
10835
7668
30436
6343
5237
1817
8471
21640
28770
2816
32407
28594
13869
23811
25248
26778
17066
7988
32081
11257
6262
12112
17606
27018
12855
16366
31105
5845
18981
4604
18958
5189
15050
25196
23014
10369
23813
24619
12181
17913
1877
15955
19992
20159
4692
13985
32137
19097
1666
4137
1790
17236
22340
32328
26542
15195
20269
27611
16213
29320
4475
1710
32218
27961
21733
7992
5167
29095
15252
12421
11386
28531
27759
9331
11634
1410
20891
10273
3339
6667
8258
9381
13909
14574
3476
12285
1697
11336
21772
2632
9703
836
29685
31543
15972
31540
15916
9150
22407
32480
12327
6159
22542
12317
8758
21960
29549
12194
16649
27243
1647
5912
28531
24080
10015
22896
30061
13910
27625
32121
8286
9631
11773
26290
14490
14973
19188
8285
28712
9063
10678
24276
11976
23217
1691
11040
24372
20155
19152
27848
8615
23144
29437
17895
1948
8657
18724
30081
15576
10043
30157
13335
16810
11335
11360
15993
6770
13161
30418
732
6240
13723
25731
9260
8062
24659
8295
18340
3569
28594
12901
24731
10364
30974
28668
28321
12357
14674
24620
25034
1500
15508
5780
6474
32121
28840
18904
12354
18565
30947
10565
3290
6236
21955
13752
26000
24146
13533
8635
12496
19700
32022
31986
12996
32400
27414
11958
7533
25847
20986
1023
30451
26241
21577
21639
14905
19538
10538
812
26037
26076
16852
23958
27775
1445
25413
7963
15783
15178
2103
6879
21964
28357
8016
20800
3818
16619
31129
29809
8820
21816
32049
8292
4515
26831
28739
18926
26637
23229
28725
10534
3193
2430
26914
8974
5106
10690
8587
30325
19226
31345
11849
12315
27073
31212
25286
10775
9398
150
4461
6774
4573
25747
12383
29989
4738
2767
13928
9489
14317
2370
17457
24716
22071
15987
28087
7411
14684
571
14331
25997
12432
21452
7932
6583
25559
10481
14306
22078
10192
17048
17276
3597
17361
10893
17644
5640
24121
16008
28833
10295
770
27754
1926
8743
30870
964
29305
653
22244
16537
12799
27181
5298
29541
30262
9210
32565
27229
29451
30847
20447
32761
17580
20605
21624
29360
30785
27350
23920
27138
3287
10665
26228
19644
156
15039
11583
19576
15954
7974
10931
19043
32510
22043
8744
31043
29664
12078
15108
24760
19624
1952
22667
9665
28135
30480
9209
15491
27588
12118
31950
26438
7408
5040
17258
9921
23004
19228
12761
32663
15401
20996
14064
14625
29280
20256
1945
31086
31715
12185
23147
25224
24867
20074
382
5369
15380
11020
22141
15246
9438
29522
11516
1115
22230
25746
16140
11007
8620
18437
18445
30762
31461
3696
16836
23132
17292
20228
30638
31727
5669
11651
25747
31319
12515
27557
3677
8873
20507
10682
21547
22362
3319
6800
25250
841
5231
11927
17027
15872
19061
31299
13699
1335
11632
23474
21847
12186
3564
9103
10510
31949
28304
17718
9379
26284
8272
21017
18131
6103
28388
17506
18732
11118
29048
23770
5735
6681
21413
6153
31479
30796
10912
32415
17378
27081
10929
21778
16336
28262
20711
28297
22113
27664
21771
9977
10692
6672
30674
18573
30342
12685
342
24652
9639
1874
967
17910
17651
29394
13918
23342
22927
9833
31891
17886
16595
23781
28048
10712
4951
69
28645
9657
15953
11713
15741
5907
18206
15114
25553
27083
27934
8402
5211
30399
7621
28303
22862
13740
28399
11132
644
18000
4980
18657
24248
5323
32253
2453
5365
7499
9750
705
12878
4840
9092
6630
16336
28109
5080
9250
29877
9369
32324
2735
22746
5381
10670
6316
27508
24518
6403
22048
8702
15285
8654
5180
21366
1069
20745
3808
25544
1716
4658
18273
17291
21470
19618
31882
6123
5999
27419
25568
7910
15296
416
2090
9148
23652
1417
28977
6048
19466
19414
30917
8884
12709
16836
28928
16692
203
5022
32719
16625
20827
13782
21421
13058
23139
1108
5554
9654
5185
27662
15565
15053
17928
21209
9806
28135
549
12670
6055
7996
22082
5137
3443
13966
12906
29822
31671
29276
19310
9061
25448
14169
31880
13096
24878
29724
27711
6466
6504
27929
30858
31194
9584
1232
11832
20887
26144
21572
20367
29111
24469
10159
11828
603
562
13172
23627
32549
1256
5461
30942
25093
13493
30182
7043
28752
23915
24129
9017
24083
12211
5628
27796
15270
18513
7512
13082
24964
15530
6075
8684
20057
20611
14945
22441
11101
14603
4942
24975
27361
4380
15495
29155
13607
25278
20353
21907
6007
27117
11482
27931
10607
29852
27719
11429
7323
1017
2254
26484
27206
4851
7477
27266
5007
9721
17594
10856
10175
2053
29700
2175
1241
22746
24154
29509
1651
20618
15123
26114
5829
23610
32589
2987
22016
30761
24546
2310
19425
27375
12184
12815
22405
17923
28056
11931
20863
20352
6178
21051
5160
14633
6014
11107
24118
18602
21814
3531
17296
21793
21378
7190
8289
15836
22788
5298
17003
15972
1205
26111
15519
17339
24096
19891
6378
9955
13774
1917
23633
28831
27137
20200
4416
2686
25509
14467
19487
276
24451
9791
24103
15243
22456
23320
10868
19547
8549
29175
20827
16213
4777
15319
9725
2278
17612
18727
8732
31386
18109
8816
19502
24799
21439
29752
17328
11788
25183
12838
26557
22177
8105
30055
19423
17104
10907
6735
28453
31037
9178
24900
26998
26371
26020
5848
804
26871
30726
1845
27332
31280
5455
16574
32062
11207
21188
27123
21536
18907
16789
11925
3640
20952
7184
2059
1633
7673
21269
25861
27805
27148
4042
29791
30052
5494
32143
5960
4924
18038
28725
16035
28298
21166
14954
14253
4008
4319
18552
11233
28471
30708
21296
22553
24759
12098
16160
16117
2901
29710
31757
23168
25859
30799
30877
4369
25550
7862
32339
29040
22892
14316
2496
31290
11541
9499
29432
28807
26517
943
31300
2505
17822
18014
3350
27896
17506
24421
22338
20204
23649
24597
29802
11786
24192
12687
21946
28962
10076
19148
12246
28056
7389
2016
1297
6338
10766
1663
8160
26770
11564
11200
4494
10101
3069
14113
2353
16250
25186
1739
5852
16567
32560
28952
12054
9961
9020
22355
651
8794
14005
21951
32258
26632
26807
13530
1679
19715
27932
32738
17930
12567
19606
25753
7103
31915
31483
16454
1383
13801
10207
32252
5208
28959
32104
10782
17144
8293
16734
24355
15991
1665
3202
28567
30910
20743
3105
29026
5794
7621
488
3661
3678
28509
30202
15810
2624
21812
20288
19411
25506
19083
17920
20863
18972
4332
25778
560
27384
2504
2831
29319
11494
21342
10090
15452
21489
11486
6723
9217
8626
26063
30746
8903
17860
23726
7553
31428
12920
20696
18805
14291
10697
2986
12782
16859
5778
9446
18101
25685
1534
26200
5750
28424
21824
4794
2582
21527
26501
5078
27206
26430
30759
21482
25433
8793
23844
18000
31570
4902
19918
25438
11842
22091
452
7052
9425
17307
15392
1492
14618
12181
5874
19807
15804
26157
8942
8797
15149
17104
12129
12853
5970
2466
20074
27358
23373
26122
26982
3468
2967
12912
31148
21648
17998
27973
14715
12409
7120
32580
24880
24704
21896
14072
17596
27171
7944
7551
25942
13327
17752
2189
19309
18499
142
3508
15585
371
31647
15074
9074
10154
3701
14379
14201
16436
24130
14024
17110
5307
22547
20832
4137
13744
14760
16775
23109
31725
7299
3717
20449
19864
14143
6488
32657
10826
18723
10748
16373
17008
25591
25065
26672
7666
2070
14302
27804
5651
18117
24797
13245
9881
24259
19062
14195
23085
1826
2633
18035
22020
23636
26311
31223
18623
9097
23864
13237
16528
22585
18690
14350
11423
14332
4136
14473
3500
16546
30993
25215
6645
21632
3467
17944
22618
30984
12047
10614
30399
25501
16455
7215
24498
18597
1997
24321
21325
8415
12342
29633
1886
22774
2383
27029
4806
8023
28326
14691
10271
17472
30540
18057
25506
24602
21210
22479
12359
13321
30642
7321
2093
30913
1671
4706
5181
3995
1824
24165
28427
18920
25176
28573
3836
14981
15722
31984
7086
17840
6763
13224
12948
25369
25112
10786
24289
17980
15058
27338
18600
24815
20711
11079
24385
29751
29715
1010
750
9056
11847
15245
29118
15693
14248
31538
31666
12300
27611
32393
16927
23213
9344
5182
1619
12629
7420
690
19323
26510
17276
9457
20421
5345
6967
21477
8385
1959
5107
28617
20237
14876
31434
7647
1329
7605
26670
3686
1480
12468
20267
24263
21729
4601
4588
27663
4260
1819
16257
10657
15673
10423
24287
20525
2021
10504
27432
30940
17782
26808
25901
30925
12258
19958
7730
4293
10027
4553
8177
17698
31109
30628
21985
29201
30395
9018
23479
28673
21199
147
5421
23640
7137
29280
29443
23140
18257
14988
2372
24724
6696
20755
23243
26088
28852
7447
32261
934
10611
17457
32505
24399
14131
1029
8837
28881
7798
18969
28394
30974
25115
32231
7563
15421
9019
12592
23025
21887
30802
10900
29203
13685
16287
32352
23508
8705
28877
10663
13262
18922
12754
25492
6478
16595
13080
6398
2975
30574
5850
17981
11404
1005
26578
9020
3104
20153
25361
21968
25008
30567
6446
7752
22044
1512
10914
12870
17233
15359
9075
14797
3346
6904
14864
8858
30457
29080
30076
15800
7096
1616
32431
23375
27045
12725
8506
22717
18550
32053
16169
21735
19528
6658
15405
32465
6631
17491
9211
12909
24649
26316
4079
22449
2907
4666
4085
14316
5121
7556
6825
15706
4439
479
18621
20726
28478
18240
24475
19087
28180
5399
28492
10014
20418
15162
1945
31063
22012
18207
18544
18558
30148
31055
20873
20860
25648
12055
21832
24114
24686
5249
21222
9997
24325
12931
15308
29403
31325
11637
2111
26845
19586
18376
32578
18717
5669
31990
13752
32513
22244
18613
2250
16929
15051
28272
6024
14678
282
21751
32723
21523
16456
19062
25210
19961
11081
17572
29347
4261
15373
28988
5229
26573
26441
10929
20179
15243
15737
9502
5332
17656
7462
26491
10704
28925
23140
25879
9526
25958
32672
19266
22876
23608
2968
22346
8622
18757
20651
18602
23563
32253
22867
17277
4460
16263
30192
14137
4551
785
22471
7577
1843
17508
23882
9691
17484
10939
29594
8236
20953
28629
12618
15713
32684
15689
3686
30439
31946
29722
23987
13053
15052
4747
27449
31008
8325
11316
25599
19143
20453
10326
27414
29777
797
14956
32728
27196
17668
18690
6514
1687
2234
14026
7072
15034
25739
16877
2232
2356
29718
28063
5354
23557
9646
10742
32454
2830
30464
11772
20734
9925
25846
14339
29038
23341
4828
10296
8537
32518
27842
10619
21238
9024
18721
23662
30763
14006
19905
14540
11928
4633
7129
6397
27863
42
1913
9191
5378
5677
24101
2310
4214
28826
194
17087
22743
10261
21687
21233
4693
4768
20556
11726
6957
9488
9813
18153
13426
2237
21781
29839
10253
14718
7261
7515
4099
16341
7924
25605
8950
23398
13115
17787
10735
12718
10001
23859
858
21745
31477
17343
22354
14196
22634
15266
24863
24301
18336
8290
29181
27704
26704
19422
4383
19275
12776
26082
23796
8044
32488
20985
4521
16290
26508
12162
22767
22377
12203
8198
18174
32681
19423
18377
10458
25577
16870
15519
2005
18368
26696
22273
1621
141
18746
6496
31191
14184
11459
8633
26164
1881
3613
22890
15907
19399
94
22340
3328
13107
18008
10209
28108
27174
8637
28728
29556
29287
7559
7790
26198
31346
22422
7408
31489
18726
3483
15294
26172
4542
28982
17418
29259
17410
1883
27137
31085
11454
5882
4329
27049
31348
27359
5484
13770
31310
27351
4659
22441
8534
20500
21175
18346
13801
30930
26708
3465
11625
7995
5536
20055
4659
30600
1018
31679
1489
31082
30566
2190
13168
22696
29848
18035
18068
28937
3406
20738
14858
10612
18147
10751
4895
4694
20257
27354
23823
17220
29528
12150
30912
15330
3500
7726
5296
19459
23731
12570
24876
18193
31040
9358
21700
1712
24185
12004
5371
158
14384
25980
22339
29661
27504
29440
20008
28949
3413
749
30411
16948
15393
1615
23186
30039
3725
13772
6430
3821
3421
29923
20093
10009
27447
31350
10657
30297
28341
25222
18193
5478
17081
3391
9183
29787
8449
28468
15578
19736
2811
14059
11780
5353
1242
27548
26183
12643
1769
26934
17251
29839
6431
23971
10795
9291
19700
11085
28401
4332
2420
21729
8767
32552
23954
22099
5576
26932
19646
3874
11677
23337
18874
8669
20900
28332
21417
27878
4935
10702
26985
118
23401
17713
18210
13793
13470
7533
8735
19483
1435
21425
22237
11643
20459
25006
15714
17088
18148
9392
6096
30546
21210
9230
20282
21194
21650
5829
29366
19379
15609
27744
11444
14226
19734
23835
8846
31781
4670
17735
29280
26089
29319
20464
17177
18398
23935
13502
6866
18574
29981
3353
28511
76
17143
1168
9508
19642
19894
26748
28714
32142
8903
23264
19315
16021
10324
11412
31370
25336
19315
8867
18781
30142
24221
10993
32335
13202
15457
17441
12938
20934
601
7349
1170
13977
30814
11639
22816
1717
30712
21272
7725
11260
26648
11032
17485
14724
8458
14309
25150
20704
19621
4167
14017
27810
5829
7675
31912
13341
16891
12191
17713
15472
29826
25038
19602
23232
20853
9099
31957
27588
12864
23011
4838
13447
5205
26318
6635
16489
3872
5975
12499
24679
26172
15612
20018
12189
3047
30296
30284
16649
10163
27391
5999
23186
30079
32426
135
24905
4262
16276
9708
23278
32630
5155
10366
10422
4836
27595
21236
24395
28285
30512
369
24597
19616
11146
10072
6072
21227
5454
26466
1502
2803
15883
29166
29238
21304
10641
7576
29373
23640
11865
28172
10044
1666
11553
32029
19985
13102
27607
31249
5683
24331
6072
13119
21105
6201
12985
24029
29178
9401
28710
4115
25122
27938
17545
8531
15715
32661
11469
25837
27554
16114
28835
29406
6068
4684
25637
29417
7713
10395
27833
7658
22824
9393
19769
26982
28163
17776
32081
4454
32620
24121
4136
29830
26975
13223
28226
30281
27170
4222
26277
23471
23683
9950
23354
22026
26465
4541
3191
12301
18029
2708
18491
20774
4146
10071
32761
2830
7507
13483
2585
26014
29972
84
4763
23780
25372
10220
32510
17782
6778
16347
18784
19206
2533
26243
5862
15671
17736
6075
3422
7855
10366
21631
11299
10861
5977
29413
11329
17245
32490
10835
11226
554
31740
12272
10441
21844
19170
30552
3716
26498
25715
27540
23367
16409
27730
13385
8303
21005
21619
23343
25124
27896
23002
26053
6714
17513
16038
14148
25177
382
25935
20177
2396
4789
12588
13814
6136
11775
20536
13139
2206
14614
21013
5521
13986
3089
12369
10904
18588
16950
11241
14082
6671
3343
9227
463
26696
15808
18976
18522
18057
30871
22282
11915
7527
18149
9642
32591
14705
31500
22182
20805
11538
6874
24937
25531
2489
17429
13931
18392
13366
16215
22194
10778
22632
13596
1177
20484
16405
14618
29136
7696
4377
8145
3748
14827
14019
21090
24192
7393
31356
5284
30132
10902
4009
29045
1142
8184
5843
16718
4902
28273
23557
32539
21463
22369
21622
24393
11530
23499
8040
23840
25020
21583
3664
12883
31396
17752
30775
27861
21686
17302
23648
5871
30955
31919
6187
9616
8516
14385
13369
8420
3853
25804
3281
15143
5727
1470
22915
18876
744
5262
22539
21625
14830
11005
7800
12102
15762
2362
22669
20966
30034
19541
29799
25108
24530
26870
608
9170
4572
15951
19508
17406
9893
21839
26466
12582
1362
8216
18133
30365
8122
19892
4036
19918
3694
1539
13783
22993
11767
8696
8843
16700
8542
13317
27607
6716
24050
29908
24080
23780
9285
26680
23818
20420
2680
20067
24704
8894
31672
13657
4021
11285
20745
16037
16476
31687
26434
27978
23733
14621
22105
4092
29946
32384
11745
7056
32761
10126
23249
2482
3842
17773
6791
4054
30979
11615
7949
17009
16626
21911
18586
30824
15211
29772
6236
712
14235
5387
16500
3257
12124
6225
30019
14253
17057
20825
25572
18397
533
13875
29177
29942
19711
22038
10923
13071
18025
2551
31980
2015
9601
4954
12031
16429
25919
7529
11067
6535
5960
21571
2572
13367
24083
1686
32058
24947
21066
1392
110
8660
22387
13906
29426
26634
9167
2951
32440
29645
32642
22195
28830
22806
32501
10671
26096
1936
15481
14740
29486
26185
21805
30742
10256
22446
11553
22292
5320
14774
16059
27244
13447
13917
31066
23572
24898
30804
29498
26215
13494
6135
29336
18620
31402
21631
4630
27197
6260
28025
1120
7927
3518
12407
15120
17197
29322
3845
29903
8434
5748
20702
30397
21495
9527
13920
29972
8097
29811
7998
28424
27486
24238
2421
497
22842
20376
31873
30635
10925
26003
13520
5181
26551
19570
9079
26298
31791
13697
5668
8549
16217
4294
6995
15640
6582
27527
30405
27623
15648
6157
14894
7936
8982
679
22063
9173
17748
22513
14211
7294
17574
24661
17533
22360
29183
13523
20146
18931
28101
12542
19699
13099
20848
17991
29054
10388
5971
5246
28788
4892
13497
27542
2702
24299
6708
6825
12300
25230
3634
12347
20463
16725
5585
4035
10088
19705
24565
104
9616
10882
26263
6408
14169
15976
14944
11646
4037
9209
11382
8485
16470
13306
19094
17048
13765
24209
24931
5308
27895
23651
30973
10497
29740
31481
32726
28388
3194
2152
6081
7353
32634
8753
14668
5543
32065
27494
8528
28916
5777
28174
15558
1666
10065
11211
1756
9370
17723
8634
3401
21225
1749
17307
3805
18120
13986
12850
26716
27841
18073
12524
17292
11086
6102
7878
15501
17123
27280
30315
29033
28463
2635
6556
12268
11680
2638
27605
13750
19749
9816
46
13966
11063
7055
24191
7417
16922
3513
9159
14603
27744
19630
463
20862
432
3597
25098
19201
12485
28463
12224
22994
15033
21337
3435
29071
29572
29238
31074
26442
11200
10884
9652
31195
26543
27917
1879
13434
1918
21465
24706
24461
17611
14754
19031
29630
10598
25992
453
17233
25428
7942
31661
19892
6682
15909
1091
29016
10552
3055
28088
28608
25587
1831
4630
30680
18007
24887
11371
10887
14205
18282
19753
19847
16650
19547
28109
8309
24568
1454
26559
2084
21145
12797
21113
1079
2008
31509
3308
8943
5059
10339
30239
26433
19782
21929
6426
21804
31033
501
20482
6217
9886
2772
8837
30884
8227
26563
25465
4554
5871
14822
20927
35
27290
1021
16494
30850
12925
7827
2605
32251
27693
15480
21473
10741
29506
4978
25225
14975
9821
32048
2149
23272
23913
9343
27998
23177
5408
4801
13986
17894
29649
12698
20879
5622
2913
5356
26066
27070
31889
8454
13008
32293
24446
24856
23621
22531
5486
8682
27178
21627
26569
9422
32733
5003
6246
32468
3708
28897
18184
30780
1681
32496
20521
49
19701
14404
2294
2228
30446
23314
31898
24278
4507
8980
3775
21290
30866
21907
10066
18042
32711
21446
19335
28345
29872
10074
18462
26681
15014
15698
20708
26398
1679
17169
14716
7443
32186
22965
11103
10043
15370
5031
32034
6250
1367
28784
3832
29590
9745
19151
20599
10888
18214
27912
21407
29911
14630
16254
4376
4887
31398
17796
16827
21070
32226
23665
29012
25511
29094
28914
11942
23659
4462
7845
31920
29228
16588
28131
26927
18244
30218
9181
27748
23422
14352
22762
30231
29970
13193
18719
19420
5591
11074
4897
7317
20660
18386
22839
27960
4951
2688
30883
17107
14378
26465
19251
11725
29827
19137
10003
6766
30492
3524
4325
2721
19138
7757
21523
7417
20817
24095
30052
1267
27359
32067
13262
22651
7480
21417
2956
22193
20363
32274
28528
3052
28258
16940
11385
30463
3031
32255
11176
5052
20485
9865
1552
28343
19902
6565
7981
9805
3964
18226
14710
31972
28825
30064
14645
24691
5826
9389
2455
2886
8105
22050
22527
8699
22266
14872
6560
29393
2193
2383
3915
14882
17130
3487
15237
4141
7640
7648
32477
25625
22906
4360
20093
10295
26987
27795
14590
5000
16442
21032
11649
7295
28442
28793
14587
4359
28122
31595
11728
28616
7959
28535
27044
26278
25776
9295
11629
6795
22650
29381
15309
7271
32053
29161
12704
12149
31679
3954
19665
17599
16520
1888
5489
20452
3398
32479
7434
22809
21226
18029
18480
28782
26578
1855
22106
26195
28224
24545
7152
27994
32523
13342
8869
2366
27796
13343
9223
28453
12796
24279
4692
15138
25236
926
9104
7934
11669
1819
4820
28216
18962
28520
3049
11082
24362
31601
29974
31278
15490
18845
2869
7201
30451
20913
1036
22695
15743
13809
10971
30671
31370
12168
11058
12728
5446
6697
32261
14164
26480
25335
11522
14444
15162
24226
24610
2788
25992
19155
27007
22337
20574
32459
17253
28264
2457
3911
13483
11432
10718
27046
3908
3579
10193
10829
15633
22409
27527
12875
3833
31342
13885
16441
572
5053
12874
4196
28676
11717
16210
18479
23358
9875
20157
12466
20647
24504
25703
1191
3370
6988
3993
21895
24169
10802
28729
19440
29082
20382
7229
18250
1172
32213
31077
8362
11561
20532
24362
5366
10935
26228
5362
6731
30202
1324
133
9371
804
8087
6340
7579
27184
11928
28825
5084
26995
30971
28202
25911
30324
12542
594
26735
20733
2832
29777
23058
19570
12760
5570
4256
17250
15225
29390
15343
26972
1045
21152
13262
28420
4496
7192
6633
11365
25750
29380
21229
17801
23263
8204
6892
32071
1713
7340
14594
10845
8103
20072
5689
703
28850
19962
15274
12590
26461
18768
31717
26891
10325
22004
19347
27758
19752
18380
3418
14451
12109
24579
21761
19412
25701
26695
26069
15293
20416
3637
28747
2779
27939
4881
21222
30391
14536
9147
25179
12098
22695
27870
31988
11440
27380
16235
27954
6026
7657
22854
24502
30463
29893
9791
28769
6524
24085
3395
4795
27516
32562
7635
22929
12448
22795
12726
25059
21250
10788
22251
25853
15559
12767
5602
13795
28659
14587
26604
11762
20609
858
29167
19653
21684
3847
22366
3926
4008
17527
14696
16997
18988
31759
13936
21534
7636
31975
32190
26870
17993
22734
19316
14294
7396
18830
24771
29051
29307
29553
19550
14109
15227
12547
5935
25678
16951
19482
10570
12326
21376
18452
31519
27037
6518
8544
26355
21304
6301
9792
11921
25064
820
19660
2364
25391
22210
10811
19945
20100
30705
28510
3499
17913
16543
3693
12911
2587
13363
28166
30185
25881
20013
19827
17614
20777
7938
15916
25156
24104
11046
22172
24471
6784
16490
552
15405
847
13704
4718
16828
16326
18428
30154
28858
11215
3094
14111
4373
30194
9038
10964
15141
21625
11479
27932
27871
5586
9335
5499
32587
4150
9109
17286
4152
13448
14484
26858
13358
18560
18527
29871
1188
3080
11845
17342
24179
19942
3592
31393
25739
13212
3120
11403
6884
14476
24741
29592
11704
10336
30589
24149
14576
6313
5139
22147
9180
9670
10841
25880
25894
30472
25199
30599
17161
19988
31348
2625
25534
9608
31388
23676
16951
8929
28546
4403
23312
24476
7872
24942
9667
19867
27070
17347
11803
15051
21191
11549
25067
14340
22626
20156
26367
26416
6879
30077
3411
29872
48
28252
12675
16379
18938
5175
9091
30600
20972
27349
26000
11247
24656
27430
22374
7755
20703
25804
8628
19938
31194
6363
30157
2312
2390
29149
30112
1344
19672
32026
22506
17061
5921
2326
7338
16008
14411
3418
26070
14683
15381
16247
18508
5069
25212
31049
10507
1847
1675
21625
31395
15671
26483
8005
28394
2714
2014
3716
28913
20864
6017
20708
31542
20154
6896
26487
7707
22135
17847
26478
19095
17440
15014
2340
13612
8576
9836
10334
25881
18728
26728
6609
17360
2066
15803
31204
16554
644
8866
22712
23770
24631
24067
26469
13216
953
27461
2695
21183
20752
13925
30202
30512
18336
24134
13793
536
29519
29001
18669
14840
30950
22558
12252
11299
16826
25306
5695
17014
2701
11337
30849
24899
22959
18309
27429
8590
8296
27591
26447
31612
2971
4734
16518
29960
18339
15262
10168
10488
15233
19515
24446
14863
32569
15190
1442
1669
4473
247
5599
12212
4220
31612
2535
18964
31278
16176
15019
18793
14225
1055
26326
32059
30559
9769
666
12679
7153
27478
13488
18356
16479
1129
9370
23496
6377
31672
32300
18908
12949
1594
20042
10190
22042
27362
7411
1845
4605
29739
26751
5018
12282
8181
26148
24805
6565
399
11199
32277
28753
2581
9937
8244
23601
11004
1224
31114
22205
1771
28801
4370
29783
9420
18698
11818
28975
22820
13740
11406
1380
22943
15145
19591
17516
12016
13890
21344
2997
30935
24444
4122
17548
14467
15396
6241
32063
5403
8337
20926
7550
20120
10153
6925
14855
21205
17319
10802
19331
10473
19483
29192
19626
9908
11569
9370
942
9400
7223
9622
31447
9258
30042
254
27754
6985
9904
14881
9680
23535
19580
1738
9716
18534
25261
19127
31469
19068
12199
26444
8925
16602
19526
13193
29721
22161
27936
12346
20618
30966
20747
19565
10323
24496
30944
20009
4019
23311
3198
13149
27693
23712
4369
7959
31975
28158
21652
9974
16977
2538
12948
5346
2310
2974
5687
28922
7159
10335
23934
26574
25030
10066
455
24783
26992
19344
10646
22788
10799
9340
1940
22014
31391
14421
10968
1293
799
15623
9318
23220
12154
21319
9717
18011
25543
30686
32246
20036
30861
8005
5329
10176
16939
12147
20338
8099
10103
19443
31492
26357
2982
10297
9724
6122
3948
21558
2650
1812
28003
14122
27947
13528
30129
11450
5971
29471
27878
30786
19337
4941
21027
620
23971
12407
20609
5378
20244
27089
24496
2304
5299
8549
22495
6894
27070
4875
31964
22892
21534
22421
17533
25103
15852
10314
23614
24683
18485
30358
12843
881
15098
11263
1281
23804
13947
9819
16272
24486
2486
17472
9059
28384
21034
5565
1699
13634
18656
1351
10553
13599
24748
3318
25907
18269
6577
19442
15977
31875
11811
4136
5472
5140
31825
10305
366
32284
20962
4564
5663
6920
31838
22490
6104
11706
17137
13667
25530
13277
11628
20616
3785
6262
15501
8609
78
29884
30592
23224
2938
21290
29349
25405
19531
10450
13204
15354
19380
30964
5727
24394
12024
22223
6167
29062
30295
14775
10897
21953
3820
22376
30057
31413
15318
30874
10312
29692
6806
31702
16995
13188
18104
31367
29508
30525
24758
17492
30925
16148
31769
9389
7802
24357
14561
9892
16870
556
3111
19199
145
12349
31745
25739
29408
11702
21158
3763
6245
18033
3282
29264
22881
22846
1900
19651
16775
14224
12391
27970
22531
11638
16102
7279
14523
17869
13987
8751
21205
7861
14993
23993
28793
25153
29376
9197
27608
14195
2433
22504
13677
16231
972
29141
3970
29390
30942
26629
8951
29598
27942
11843
20799
9992
21602
16225
26539
11179
32518
25879
6123
7
30429
12814
22994
27956
3826
25143
6745
2515
10929
5473
23527
26950
74
6155
11215
19228
23126
11894
4378
24271
7357
5631
22664
28594
4311
12460
25041
3365
15569
3845
21040
779
19027
19493
20514
13950
16479
28688
11372
15041
5245
19527
7259
12917
22293
1690
26959
20752
32540
17982
14715
4236
6386
14111
21990
28508
23691
22391
4533
19108
28366
17312
13997
10409
21050
29735
6900
1927
19151
8737
17431
1058
14636
17858
15185
27998
12533
25387
30475
6035
20087
6532
32159
1083
3983
10315
9569
12782
13255
24299
5600
10385
26563
10897
28265
5578
16348
13883
13773
3510
17930
20754
30564
17375
7943
3833
12626
20584
2737
22374
30729
21899
17329
22128
29456
6470
602
1066
5890
26448
9939
13872
16601
20306
20089
28543
5740
4948
22655
25226
20535
23157
7639
22922
20571
31712
24662
30997
10981
30203
13587
4338
851
26082
28176
28460
25429
4883
18204
26981
28368
25451
23031
4205
6440
19281
7608
16915
16319
3633
30060
3387
19897
25388
4608
7217
19715
21005
11105
6461
2195
23679
21729
16760
9201
18302
28893
6621
19446
6412
1948
31395
25811
7717
1403
25803
22870
3316
9287
22005
28521
5959
1003
3703
17884
321
13899
32176
24420
4174
17007
18586
24291
26204
25316
7839
22761
7497
863
20654
24187
13975
16804
24205
9492
13159
30118
28273
28650
26789
1264
25292
7794
25472
1347
614
1062
29213
29313
26287
28038
9356
31689
9300
30301
23035
11236
25104
5445
11817
28896
20933
109
23326
18170
16331
20378
25370
2754
11399
32620
5835
13945
9280
14819
19394
3774
18735
2081
22312
618
17365
20850
8365
16824
3474
19337
25026
20649
18802
16397
25864
6310
8010
19284
23048
15719
19716
30830
4388
14613
25143
24165
13261
939
23035
8899
19703
18850
1787
1365
13770
30157
1483
22831
15003
4738
10620
3824
3098
17914
5742
13383
20685
28154
32614
3254
27325
7859
14560
10134
17775
2280
5799
5980
16405
2894
18338
11802
2054
29496
9201
25417
30572
12403
8505
18117
19516
111
24891
9497
19308
21664
3756
16637
9312
30756
31808
17949
10405
14502
14857
22812
11233
5762
5375
26841
8202
16426
13536
9457
16855
23752
19514
15749
26996
27173
3781
20541
21370
12745
25079
9868
30238
6500
31699
10550
13993
21100
25602
11536
4904
11528
2852
32007
5220
4653
27752
17764
7188
26886
27994
17487
25426
27546
28669
25489
15692
11945
19226
8094
29244
24790
7383
24530
18074
1292
11147
9211
655
11290
18641
11032
3502
29088
27356
30560
29407
16431
28682
21382
24731
8364
16571
15676
31071
6389
17251
22774
2138
24007
22238
21232
28265
23520
18180
20850
23366
23648
28542
23635
9981
18549
216
23996
24479
20535
7126
8238
24377
30929
14092
28102
32263
21986
681
13504
13542
29219
16020
21819
17416
11081
14010
31803
12779
1325
22950
12276
13964
14378
7506
28998
26328
32454
9788
5764
13411
26261
25789
17273
5468
10331
7318
8877
26817
19313
2764
17380
27343
6250
7607
17384
19901
7925
29525
8584
19113
21253
4580
25569
16083
1328
3759
30172
10505
14933
5928
23288
7010
9858
4151
8522
29999
20245
16338
13506
31023
6177
13518
30639
5122
16659
24820
17541
26336
5269
6488
15582
27275
20402
28902
2496
16002
1083
8510
28958
30840
31338
30146
25761
2052
21958
27884
28072
666
326
998
6797
27578
9913
24660
20778
19815
13669
19572
10907
13531
15343
14698
15430
26489
6523
15317
29209
25603
18963
13990
24083
1037
21069
10290
8454
20914
3624
19846
20635
25989
26424
4090
32406
24778
13827
28937
17755
22503
21162
26719
32177
16661
6348
26676
455
15195
25255
31705
8565
16829
16256
13456
11203
7857
26949
22689
12719
13266
15730
2218
26155
27096
15665
20279
16230
23752
22725
20114
15692
6248
2600
221
31056
30966
755
15965
25449
1049
29055
32281
20570
19992
8522
1188
15671
16202
31388
30007
27685
19918
9578
30978
15969
32635
21370
28868
28548
18458
30152
25754
5637
6099
24873
9748
3327
11750
9774
22670
11060
924
8267
21438
27475
25468
56
5257
26998
193
21912
12315
23023
8972
23513
32054
23876
14935
3675
26570
21880
28458
18388
8903
8332
785
28915
11311
23622
5453
579
22383
5937
8138
23891
20975
4837
16465
16660
21992
31624
8703
23938
32630
14485
6902
19078
30702
15068
21074
26139
27505
27595
607
23985
31937
8683
11017
26318
11092
16045
18579
27387
24487
22887
25228
10974
4565
7066
1791
7332
15976
12918
1515
2466
7535
31136
242
12091
20433
17202
9045
26372
30432
24836
5664
6694
27185
21290
1186
1028
32684
16317
17696
2078
6623
6111
31179
7989
28823
3577
15854
8113
18354
16711
13164
25919
2095
17047
1130
7102
28551
22093
11593
12636
18752
6059
8919
13308
26303
24911
10438
7644
18782
7933
27741
21876
12990
27807
14189
25761
3935
9866
20359
11010
28525
20227
21868
4002
477
27906
14533
30168
17849
18486
5140
31084
26040
9800
1259
13819
29202
28004
21596
7581
27794
20470
944
8900
23277
26033
4443
14696
21330
21974
2608
29537
14146
30387
15058
15380
4258
1642
5483
30545
17679
24819
8096
1916
4977
22372
31940
32491
4051
3184
26699
144
4466
31278
13442
5080
18195
1308
8574
28626
26010
16484
8274
404
9433
18270
22150
12763
32422
20565
30148
11761
25648
23694
15315
14292
23955
10630
11978
16788
18345
18300
27005
22525
9251
31023
3132
8310
12249
16617
9661
28201
13151
16060
10326
12900
16857
17420
16239
19519
23056
16462
6456
31616
7621
27406
30871
31419
4933
20279
9061
1214
9533
7055
217
18732
21712
23681
31812
5223
20967
799
32767
11955
28104
23911
7330
13977
7147
25541
12407
31370
29960
32730
9007
5573
28789
12412
2515
21627
18351
12030
18173
9008
14391
31153
31559
3428
6047
26538
23044
3955
28132
10694
13870
16314
2558
23788
23456
4859
17590
4498
2181
16386
26040
27779
6929
1673
24297
17631
18287
23898
20986
25443
27130
19379
5182
18154
18863
29166
9400
4660
24290
1377
18553
1767
29233
17284
16681
12755
10167
8273
20963
11386
19074
13297
1606
6096
27718
11156
28616
13375
11602
16801
19790
15086
16580
271
20730
23619
249
22546
30788
1959
10312
15867
10829
24713
496
28761
4207
1189
10062
2917
23833
1926
7508
413
29914
18249
26166
13998
11707
32421
23398
16791
6354
14376
25539
6668
2580
1731
23054
13592
21099
10121
14237
21767
24585
28852
22355
4227
14587
12777
25807
21757
1025
27069
19428
26703
5021
29815
15433
11679
10090
6167
5522
12678
22447
4504
20319
16753
24372
1907
12756
4680
14164
1380
29257
14926
14932
25968
2114
585
16371
18983
20129
20962
26690
3623
17690
15182
2230
19681
1512
27182
28540
26784
17342
31156
28940
12743
25601
30216
29697
4953
2356
3306
28456
26815
8628
12696
3543
24774
20133
14322
28288
4584
14124
10972
12165
9164
7134
25060
15950
12816
15993
6693
7322
19525
29138
5738
4114
14139
26127
2711
28708
21375
1302
22085
1550
19747
29510
21165
13113
30909
2148
14279
20937
434
21720
23731
882
19893
1817
22359
25229
14730
17766
16202
18795
4880
20407
6128
9193
29822
32243
9703
32580
25837
28259
13218
19503
25111
30823
2388
1827
14174
14183
7184
15095
17936
16909
14382
4528
8937
25009
10992
26522
11481
24085
12134
5272
264
12627
8846
24504
28696
14355
17088
20746
22698
12801
32329
21939
2851
9855
5463
27197
6832
406
4885
16177
16263
32051
25110
3048
11888
10896
32759
926
2436
12272
5184
8392
20021
3727
28300
15015
25743
1241
12266
6430
13246
24794
9090
31425
24527
22262
2684
16686
5307
12506
24349
14240
673
26802
21299
10177
28499
1180
3508
12480
276
18013
27554
5284
9888
852
18481
28640
16493
14508
4140
3879
28465
12245
9365
22401
11172
18228
20620
29855
2951
13081
22129
16747
22501
19186
22605
7908
22681
14015
8046
11561
30992
4294
1874
6867
10832
20360
4039
32392
9785
3059
23119
28366
30731
30681
5833
19484
28201
6305
9038
28983
22813
6717
25434
15804
15323
20060
4652
12024
20810
11232
5231
31488
2816
25234
3353
25086
27981
22292
14740
10698
27772
6936
22812
30650
12117
13776
9064
31930
23271
20645
4748
10143
19332
7212
1054
20920
24332
342
30103
6566
13423
29415
24573
24686
1133
29481
30399
7373
30624
8673
19937
30924
7613
26242
11096
28051
27159
2721
1976
20866
22884
22697
524
3198
9412
4816
19205
26249
9727
22089
19288
9366
20750
16059
2401
26523
26334
24051
4620
487
17744
23510
26869
14006
30852
21145
17358
6147
29015
15156
5378
30365
1322
32275
10647
6269
6886
31759
24153
10583
10556
9118
12341
6511
27186
26182
11235
24238
26587
8792
200
19445
18021
21722
15130
29361
28506
10181
26949
17072
543
12401
12429
23603
11713
29261
5365
18500
22512
31187
30816
2889
13644
9147
5367
17882
14048
25711
30410
22480
28908
9152
14522
14750
24296
215
2198
32741
10437
4718
13956
15682
19830
30528
21411
13931
22191
19133
9198
7290
31213
20995
26468
16776
19126
29962
15974
31614
25122
22558
11616
10536
8090
10643
939
3467
26336
30644
10674
30073
32591
8956
6740
23394
30821
16521
2954
32109
14206
205
2634
6599
4834
28295
3499
17723
7682
6641
17737
4100
2815
1083
9963
27871
17772
24377
32611
3684
10837
30041
2742
11925
384
19927
22397
29880
7154
24884
31115
28002
15285
29156
20432
18645
10457
23879
24957
21387
6073
30938
5737
23827
17536
20399
20148
284
26603
21530
7594
1744
26960
22958
11242
19043
29151
27495
1223
25835
17704
21033
21230
1650
733
24425
20553
13897
13785
20522
27940
28064
21602
23596
29327
16468
5547
17760
9219
2056
16541
31646
9288
17783
22487
10394
8597
11272
18164
14357
3322
2980
29964
12368
24827
3268
24701
28358
15230
29390
10219
7450
20199
22689
9349
29263
28289
7022
31114
5175
14880
26571
15628
11566
11524
7426
7669
2568
5121
31407
11079
21575
11997
19594
8360
15505
250
2177
23581
10594
5428
4874
24854
15871
14605
7607
3243
19883
29448
21514
24357
3868
14418
19084
32448
9264
9639
25625
22447
18909
16244
8574
32097
17510
32057
3910
12547
23509
9266
17872
12614
31909
13622
12197
14178
20671
29151
2569
17755
25768
15595
21456
10626
11512
23010
7795
23360
14
20473
30051
5391
22530
29751
20381
20425
28891
24278
16255
805
5890
20460
21722
20350
14839
18251
25928
29911
5955
21413
11968
15133
4526
23796
2151
12203
2225
28184
5545
23572
17454
16834
12169
23068
18527
5778
30773
26887
9741
3708
19678
26647
6914
7536
2502
23120
5824
19258
21659
22398
30579
19623
24835
3705
4901
14313
25464
15528
24881
22588
9814
16068
22522
25802
30002
7902
21212
7884
21102
17316
5219
6899
11018
9440
14523
14854
31933
10561
11368
5324
8773
4446
31543
24364
14843
5112
2933
1683
23210
3967
6494
3990
2721
29912
1752
30425
11527
20318
21346
6447
22895
3623
20551
26370
20908
29320
25879
26358
2535
18395
30807
19401
30447
18559
20600
8574
5839
21537
262
21946
26534
23354
14370
8046
16563
9177
50
2486
16816
19363
18903
9729
19553
11032
21024
10611
15468
32280
14589
31111
20843
30117
23542
27641
32576
5866
18716
15843
6312
2940
24128
1574
2068
18145
26724
9995
2740
9551
22383
810
8660
26549
23077
31115
11883
12544
30293
27916
27377
26775
29012
23298
14194
9767
7339
17699
27617
2726
23309
29348
9390
10898
29068
19614
15770
28026
30988
22966
28363
1728
1015
7421
16411
27549
19506
23573
18102
27237
32080
4246
24804
18189
28422
2223
25635
234
25567
31505
29049
9659
8241
4616
25608
21994
27984
12779
3555
24079
23809
32439
14112
2486
24882
25847
4911
4962
3048
10727
8298
21970
2936
18136
9708
8834
14074
5078
17319
24949
16123
1417
18609
24114
22130
601
17375
26125
26613
4821
661
7079
11053
29014
29148
9144
11912
15583
5557
3852
10541
21320
2734
9676
10549
5788
17842
30719
29208
8639
1573
22352
8037
12372
11825
7698
24503
15837
30042
26497
23524
8228
10585
7499
7799
8411
28967
32335
3937
23167
18008
676
22507
23682
6314
16605
17135
23208
20446
14475
27976
27570
8134
9732
23175
6970
25248
17251
16871
21214
28066
6864
10116
24224
5078
19970
5575
4237
19240
30465
2853
18333
10174
1585
28681
24027
8583
16780
10510
16837
22551
18735
6514
16118
18610
17688
10696
14850
10918
8238
9964
25506
26078
29825
3388
10001
22453
3284
5125
22453
23048
8025
3388
25090
16527
9659
28015
924
16493
30305
4090
20155
30213
754
2942
31956
32016
24596
10895
21622
20204
31354
23725
9842
23351
7453
13174
9790
3741
11465
16409
8603
15342
15580
25870
23414
7028
24907
28677
3596
21635
25061
4124
22610
17745
13020
31828
6804
32008
22145
24134
1628
7194
3151
21778
26005
3797
28971
9369
23792
22071
29930
25836
11655
21251
18708
17923
14785
18196
11495
15283
20853
242
15007
9690
2386
26019
6645
18653
8574
19652
15334
10836
16253
25304
949
9731
32597
1503
307
20237
8175
20523
8254
29028
20161
17775
29064
18308
22186
22041
28826
14433
13853
11489
27416
12701
24706
31394
27974
29183
11993
13417
22475
22561
17313
30668
693
2408
26104
2430
4542
1337
6147
8736
24013
30826
27792
32089
6080
25847
24570
24360
2153
29175
14413
889
4566
30670
12459
11255
21974
7331
29679
16418
9656
5397
10895
13217
8022
23849
8135
9945
6995
32135
16884
30142
20640
12519
574
10473
20805
32198
22393
31980
17502
6237
26701
29666
355
8403
8341
9546
28845
4530
13830
16405
21814
29336
24593
29437
25505
9007
18186
12057
19066
21086
28297
30894
4030
30145
7953
14921
26526
21847
4847
19978
26752
32635
27237
12611
16455
14614
11016
5698
20180
15890
20071
18538
18892
26130
9197
5769
19868
352
2569
14181
32699
550
17035
23704
9775
17890
26194
26526
22611
4884
15396
29997
11479
7993
30429
12996
2312
12541
7884
12935
30034
12973
10842
12618
6915
18667
2540
748
20305
16805
11019
6374
20383
28488
14019
22307
4860
17456
3912
11027
21741
16996
20704
6395
15724
4992
23036
13199
18992
23794
7848
12738
23855
9321
19238
5853
5218
22667
31190
8398
20168
20967
90
28867
685
24618
6134
8696
18732
14229
25917
17101
17139
21166
8938
25628
14918
7222
29708
13001
9799
30044
8550
20379
29556
27696
17941
22858
13681
13914
12147
23769
9736
17420
29756
8229
5486
32565
1775
31423
12231
2808
18295
12535
15341
5980
22539
1337
14189
7493
14675
29597
29651
5795
29132
19385
6440
1769
17517
7354
12728
26561
14987
10163
8985
19965
1274
19508
14440
23249
30837
8991
8662
19776
10559
15287
3427
18389
27147
12026
15594
7827
12826
32049
15710
16686
11939
27077
9043
5500
887
18772
28864
22054
32485
30212
2051
18851
17627
24087
20517
25959
13647
24768
28256
12631
4573
27957
14558
32641
9906
6150
18116
19466
31400
6829
16751
22887
19122
29030
23293
23760
21627
2881
3600
20210
13386
16501
2766
13541
23081
759
29997
30045
23110
32075
22637
3620
7321
5019
29670
15816
12231
31494
17667
30097
17223
23354
29327
10165
3267
11845
32047
17871
7361
21160
22832
910
26242
941
21891
12714
32554
11259
29702
17693
22562
18024
5894
24207
30907
16654
10241
26130
31508
5793
7088
3855
20541
4608
30532
22656
3996
28681
15089
23904
21904
21426
21929
2400
30037
16469
1578
1500
552
3660
19770
29453
29611
3518
21809
16768
27018
19384
29369
16327
21087
11648
8914
12398
31187
22054
10777
31793
16902
2651
14665
21611
3122
1670
15106
22994
5259
31509
11977
7010
17769
8977
13649
407
17832
10486
12792
31199
17999
19905
9621
30287
21361
1610
9841
5525
11345
724
6547
1838
26313
21731
4417
32729
25069
10062
29891
21067
19435
15508
21866
36
16182
10099
5329
22306
15075
29111
16483
28308
31315
9553
17949
6418
28690
27560
26261
7788
26623
14132
2108
20960
5293
11080
20448
22672
3082
13871
8821
13363
30526
4475
29716
26122
31190
7322
2116
15893
5154
17834
1913
10888
1243
29838
3546
7033
28169
11330
5959
20187
16676
22123
27803
6319
13946
27955
30254
31609
21456
30547
6047
9457
17996
2673
30928
8956
5011
18349
24625
25818
26158
1655
578
23713
31026
8611
27219
21738
26400
6847
24718
20170
24586
1956
28984
31748
2807
32331
31028
10620
5769
29410
23497
11759
15581
15391
17829
12514
16051
12757
8481
24024
6607
6597
8134
22472
32415
22198
32016
206
18717
3528
24179
27169
247
13829
29852
69
9453
17977
16889
18306
17787
29955
10875
15508
12985
16173
12443
11684
16767
10297
923
8055
27596
26940
17166
4838
20585
496
7066
16014
21961
24580
8445
4296
29748
4278
2382
3548
27429
12452
11653
24177
26096
3551
29502
8776
21415
12354
954
23338
30271
15362
29735
1055
27887
25221
17185
10465
15833
21880
20344
4496
8940
28700
11316
22183
7689
2784
30166
28975
6244
11573
3297
6963
4398
4510
22937
5235
8049
12294
32011
8028
19259
16983
4941
19000
510
30536
27399
22691
10807
18295
22066
24894
6734
8375
30752
29607
30397
23467
13501
23208
15221
12180
9492
20142
29821
6247
13589
11389
27101
25379
20117
1059
17082
21601
13718
5162
25538
7468
31177
1298
3275
4628
8529
30975
31158
22654
28874
17326
2714
32318
29834
24237
14111
12136
12070
28108
20775
32354
4408
26575
23220
29246
7776
14181
29446
20295
25481
26718
7939
19930
8814
13592
28892
13176
22108
2106
21230
536
30265
18085
31206
12738
6085
30120
16937
10329
22560
4467
31859
25529
11661
10191
28093
2562
1653
2828
1637
21554
22959
12602
5257
1786
3070
5020
30131
28106
20187
8793
3004
3119
23669
8309
30954
31070
13559
31744
26460
6673
16649
30349
24488
11409
32153
12774
29378
23316
5339
29950
15136
18506
2190
15655
31003
18995
20866
28549
20121
18227
6231
16067
24041
26984
27527
6404
20462
7227
5799
12829
1408
2101
32489
32257
30735
277
10470
12156
3465
6687
19354
3877
25470
21686
5296
16014
21891
7469
512
15293
17108
2523
29783
14560
22333
4205
24438
7228
23354
9600
15197
15463
20317
31344
6857
11447
22256
19818
2811
11770
13788
32713
8379
5991
26057
26271
22173
19413
1671
2449
8323
3883
11692
17385
22627
20504
22911
31718
26698
14852
2837
25686
21921
9030
19386
31847
4528
11159
8595
16827
13152
7878
14209
18618
32325
28590
15431
12076
23259
24422
15600
7431
9232
9399
32363
18309
28163
10195
6777
10874
10764
9795
25545
27621
19452
21282
21856
7621
21670
18313
4415
21038
26014
22346
12864
13723
16960
7649
30018
9094
25076
22439
32133
26934
30641
23369
14423
10969
4800
18297
9201
7890
15555
14563
32156
4948
14581
7267
6936
29232
18611
29045
29501
14059
6460
4333
6627
2836
16053
19432
13056
31956
24688
30466
8464
967
31341
13769
29370
18442
22561
6770
21424
24470
11383
28107
1239
30156
27413
13169
8104
4432
18144
15939
10454
27675
31170
26902
13872
4556
14763
18347
11210
14399
32469
25566
21591
1633
32589
23327
22746
15683
943
28710
23422
30573
31024
25827
14785
29300
25826
12468
14808
5839
7220
26331
10063
12774
26296
24879
8945
5740
27946
785
10727
5871
6573
10402
6180
3757
19799
5684
10752
27818
3824
31742
16674
29951
5879
25107
28836
11381
23782
4245
5234
8786
2488
18469
30707
3187
29607
24223
20460
27035
1850
5124
2977
7691
16767
13240
16701
15955
8085
21998
14707
31847
10094
21856
24166
27381
28115
19779
4550
2806
15785
13178
11836
22404
17522
25354
14345
17387
26647
10958
234
24578
10724
13420
17214
5820
15060
22407
30826
15098
9487
11574
28285
22179
11953
30645
24848
28663
22989
12891
6513
14624
9650
24012
23040
24074
30060
23664
6360
25717
16270
29476
19890
21065
27439
16943
22279
3625
32307
19063
14965
11850
204
21237
17508
10630
14911
16998
19177
7852
10988
16707
6123
9755
26505
14324
16004
24975
14766
32065
24489
15930
10646
18697
8718
7447
21796
16182
24900
21883
14372
9968
22564
17901
18900
8721
19057
26423
5026
30937
29113
5565
9528
19940
12668
1294
2486
20056
22161
4537
8766
12899
26052
25954
2486
8677
15812
8468
26057
20841
4157
473
18735
27482
30273
13192
2863
6516
9196
17887
14434
17016
32584
30673
185
20516
7790
19745
18113
4450
28910
8752
13350
3264
6257
12820
30583
22304
13469
17129
3880
17072
9785
27756
17885
31261
3474
11462
17382
23556
2077
16293
23045
10922
29021
27537
27000
25580
11015
14718
3379
21881
12389
19101
26734
16702
30968
16504
15967
9762
28257
27454
14153
244
31106
12891
30389
6561
27360
27468
26367
12459
16971
4786
24085
8406
6594
7077
32636
18725
14225
18762
32660
21252
3004
18088
11292
10439
7328
28855
24056
12371
9944
1722
14386
7707
29790
13519
22592
29775
12018
11461
23429
591
12736
16685
24090
30822
7741
14004
22221
25525
14418
16304
29802
9837
19900
22008
24634
16450
11443
26361
2506
31516
28105
1542
24557
20495
5398
6384
6916
6285
20114
13015
31869
24538
18882
4415
10138
26817
30871
28518
30580
15238
13715
9174
30271
20507
5421
15414
22991
10390
26231
2917
10587
28643
9982
24010
28802
28854
28145
18405
9099
30916
4742
17194
6385
31795
4506
3344
15391
3407
30360
31845
23928
31870
19355
16612
17306
13430
21719
16649
25060
9901
6965
2596
22582
23569
2621
1709
8183
32250
9529
28375
2653
27485
6039
10087
29672
11842
9360
711
20784
25976
14855
6230
30945
30343
10932
9731
20228
7142
21377
12314
13696
9070
12340
21341
26080
28943
9039
32087
6230
6594
30004
32493
7168
10942
20109
11574
17515
28911
12779
1165
20566
21668
14509
484
11704
7560
5924
9819
16132
13011
11253
22801
1451
11201
7870
6969
21986
17476
20988
17009
30631
2549
11308
11600
22782
21841
31792
9790
13697
25378
31989
26761
22295
8763
15443
31669
21508
2408
26932
22803
28194
2469
19705
3989
30573
28814
29721
23008
24517
20247
18955
23203
20464
14461
11367
29479
30175
28029
14664
26664
26162
18371
23796
18660
14078
31141
25279
19569
14285
30225
3372
6483
27366
5316
31062
11086
9167
18109
20878
19321
28433
28402
4934
20116
10043
13121
27694
3483
23337
22953
29340
19611
27014
1466
15665
965
30096
27210
7610
16065
6427
17258
852
1605
30681
11417
18388
2021
6104
10039
27749
28717
9036
25916
2419
10989
30607
11305
30152
32212
9574
25663
26869
12608
18054
10223
7412
15189
19543
26515
13067
8525
11255
30043
24563
782
2946
3466
9018
1282
21649
12002
3558
3107
20480
22364
23643
85
12021
31005
26495
2297
9501
15270
12571
30655
30777
23883
3973
21947
10458
18662
15484
18108
6248
13260
19283
14041
20585
22528
19026
1612
20224
7847
4953
10116
31924
20156
4038
25461
12147
5125
29593
14387
24279
29254
13270
1471
28072
30900
15403
32032
11425
18860
10195
1462
31351
19109
442
3276
9495
4196
20450
29548
28719
23407
28165
3703
25841
14531
31612
27893
20244
6857
24671
22697
2843
32391
11758
17640
2521
28947
24111
8108
11573
2382
14041
14565
25131
10702
21361
13327
7187
7964
6835
14345
5414
28192
9011
20773
30782
26329
19268
14716
22493
20306
2073
31620
5745
15057
12330
8932
9174
24913
17625
28550
13341
2866
32598
16110
21388
25904
9408
8139
31717
20626
25997
17356
3820
931
19499
17333
23075
3686
32487
27058
2008
6022
22799
30187
8545
25996
8019
4440
1703
2132
21361
25303
32481
14018
27410
31356
18082
13489
28142
1832
16150
21804
16183
2653
8840
27873
5685
32336
25128
18642
27182
8768
4364
32078
21896
24839
116
8480
13361
1519
29010
18694
319
13254
32522
22373
14292
21045
10102
29754
15173
25933
5165
16724
2683
867
2309
7873
17049
23838
7126
4998
13534
3022
6529
11923
5070
6655
15409
29685
31628
31311
5857
10830
22923
24700
23071
7298
30565
12481
22031
9140
11531
31075
23986
3441
32287
10887
28520
12842
9886
70
18100
20456
23234
21251
15168
32059
15911
16892
4385
18547
22060
27680
7771
22291
31644
11041
27048
6531
3982
1225
9845
26373
30601
18065
12846
5610
9452
32624
30395
25606
11149
19441
22091
17249
11169
10376
1104
24367
4828
15910
28618
27907
30937
23819
8905
7743
6843
6620
15149
17871
14869
16629
24753
1559
25351
5120
23592
6953
23978
1478
13318
5436
20142
26694
29217
5978
19266
16644
30393
28248
25652
14244
31926
5131
27738
21175
13106
29369
32304
30421
4151
31950
1218
23532
16586
27856
19405
27863
23080
16789
23329
17715
12367
19124
8521
16750
30144
22841
12654
21792
2180
26781
6265
7071
4205
21493
3448
22222
21150
27497
323
20533
24141
32232
20831
20567
30408
11034
8738
8255
24246
4502
9240
18781
26784
11606
18598
1936
28848
31335
10733
8580
9144
12261
10737
6974
14197
10023
3323
30453
30742
17207
4924
30756
20216
27781
21938
7389
9908
29916
27216
16736
20571
30612
4953
8684
19968
2570
32269
11989
9847
20557
21639
26327
9821
18970
9958
11178
12888
27659
28587
17622
3744
22795
14178
1225
16319
20493
7045
17447
26773
8702
15517
10081
18846
17399
22442
25225
17784
20920
3781
28517
3743
5202
9476
27074
25212
24867
12702
1546
30110
25863
3663
22041
30023
12237
1278
20557
16938
5096
158
19676
18547
11879
17746
28011
6408
11048
29652
8924
10254
6472
23575
17767
21680
25565
25387
29420
7707
17128
98
10119
10701
14469
5553
17510
32528
28261
10072
30935
7105
1918
14021
16805
18006
14849
17590
29349
16672
17805
16031
32396
17100
6562
23371
28931
22576
16472
10949
20222
4933
24913
23929
20809
11119
28908
1687
11619
29445
24507
23992
24720
17933
24120
17348
12586
22087
2227
3859
23096
30830
3983
25298
5442
22202
12206
5545
30307
11433
3882
27546
20127
28671
21062
10029
2167
2827
31908
13770
12987
3117
29368
31590
11680
28309
12156
354
11794
24653
613
3247
2891
10618
27030
24375
2725
6367
23637
10360
7596
6562
6587
26994
18040
22099
20399
20420
5690
3370
11797
19474
31252
31120
14914
26537
18990
30433
30387
7526
20230
16497
13055
14804
12551
29389
6155
1684
1630
12867
17533
17666
29449
6820
3443
15381
3888
23624
14196
23943
1977
10835
15271
17974
11543
24119
27970
7627
25698
29818
4934
6553
11949
18106
19050
9928
14996
9966
17236
32690
13332
16366
12559
12429
18080
24374
31674
20299
1392
3046
2941
27326
11805
3854
16322
29952
31083
20777
26273
11538
28261
12519
18587
19395
27568
14128
7308
30675
23321
19557
30683
17753
17264
21225
3828
17506
11417
19168
23032
25307
2528
25398
29106
9649
7821
7139
14542
32054
4280
23918
9541
14535
7775
10672
15900
23980
10422
18907
8526
25919
2494
7611
9735
9808
26649
28731
28434
28105
32029
29994
405
2702
295
21567
13308
20647
12850
25947
2355
22433
10408
527
19480
30769
28279
4190
32560
19739
3176
10948
29848
15186
429
2423
8767
17761
22968
4332
1619
11785
21588
10653
12281
11820
21486
17674
16449
16874
1587
13309
30553
20745
31457
12819
8705
13978
7382
19064
31550
27609
16750
31218
22099
23126
16907
12833
9453
6482
21493
8709
11678
6764
4709
26560
1676
2429
28380
3997
10347
25536
31673
1106
11688
2614
17675
21634
4583
21320
11172
29062
1456
24495
30319
19309
10853
13969
3587
28225
19064
27884
5751
1164
25050
23608
23416
25371
2743
11336
17050
514
8800
13426
14316
1761
14985
30703
18639
17509
10932
16772
24840
21265
21997
8802
24083
10046
30904
22604
27834
18528
4936
24311
25831
3468
17393
12470
6071
823
9696
31319
17359
24129
2058
17991
9203
8242
4194
25341
19413
20675
8015
2198
18218
28832
1885
445
12035
2412
27955
23502
10587
32517
25541
25147
1772
1546
6346
26926
29512
25499
9585
11120
27428
23136
22351
16265
27895
26829
1436
26665
6084
15524
18080
17350
11315
32699
6504
8071
9191
25087
22461
29025
21260
1209
1111
15744
18479
11024
18765
27368
24147
21455
15056
19292
13633
8297
12825
23166
1055
11579
21664
30777
31300
16144
7055
8796
8779
27114
28534
29063
31590
5376
11328
23883
15605
3
8550
2957
30808
11685
25186
12075
3329
22364
31591
14819
8909
20067
24143
25968
7828
28163
7125
22517
17663
784
15620
26527
32665
19638
20719
16774
30761
31350
675
30677
32320
19307
19290
15147
27406
13010
5361
17217
30585
9673
24732
10956
14449
30295
17881
17061
13693
24493
23970
8231
19866
10155
28135
27352
24134
31142
26939
11596
24792
24169
5838
11591
29202
30073
30363
3874
30713
21406
13794
18544
23012
10910
18393
9697
32468
7756
30367
26726
1539
27329
113
15765
28096
16362
5408
5968
7289
30275
18370
9889
26
225
18600
32233
14230
16566
31633
7738
31426
7441
15901
29697
13418
1380
29317
1768
671
16458
8840
24826
4430
11208
20137
28936
791
21203
15767
27724
23643
31763
24557
29517
9367
5607
7195
32258
12785
9129
5796
21306
21265
4147
19083
3900
19250
2466
1543
32170
21625
19034
8062
19115
7301
29514
30385
20296
28487
23409
5685
32023
1044
30880
2338
11543
8440
17794
14607
21980
2126
18651
26685
27884
25741
8717
7186
30568
9829
16096
3017
3567
2315
7810
26473
22463
12497
17869
2803
16669
6137
18633
29152
28920
15819
3442
32458
16841
19429
11195
27498
16829
9683
3794
29890
32278
5855
15270
6043
7630
4650
24743
28978
3966
14588
4812
6191
20095
7001
23515
470
847
26325
32229
18305
822
30633
4111
24654
29481
5
22681
8981
4590
14760
2072
9373
28033
21935
14854
17935
1975
7850
24189
1962
11809
245
28992
29625
2355
27974
8699
13762
9893
18818
20940
12801
794
25557
2561
12564
22272
7169
20516
29688
10935
14070
31541
17460
30197
4260
28214
21588
20073
8205
23533
1177
27038
414
30693
24559
30243
31679
14518
25887
4073
12713
3974
28742
21484
30839
14544
22662
22293
640
2660
5627
1119
21733
25263
1009
9786
15206
7485
4948
7981
11898
12412
359
5566
24478
22723
26297
6038
24557
29842
12886
30689
5361
30236
25914
27892
28601
3586
8715
12594
6699
29538
25863
11056
3740
27920
30779
24855
19870
35
30709
15178
9753
26548
31613
23113
17310
14818
13824
982
30455
24089
9165
27478
27907
14485
6084
22905
18369
12065
15626
30493
19882
27429
24834
16240
9028
31967
6521
23893
17140
17393
6945
30730
10003
16668
21569
13063
23109
13643
8106
25897
25094
12755
9197
19215
14214
32249
13003
14533
17079
30133
15597
3743
2980
17845
11734
30056
5636
10405
17429
9660
6927
2478
14783
16051
5520
12348
20764
28608
21564
22789
6561
31192
1602
24647
286
19414
30243
24912
1337
15902
26308
28484
6427
12672
18114
19227
4969
5472
11781
15081
14454
6420
22936
26210
13495
3214
6583
23709
7031
13371
26154
10008
15819
5162
3282
3581
28105
30321
11906
29091
501
12493
32272
23896
11516
28040
30123
14174
32165
31648
30318
12851
6916
27173
1590
25365
4337
29411
8113
8646
16568
30785
18616
5517
18962
6761
25311
4989
84
10153
27210
12793
16359
27673
5826
13688
14328
9343
4871
14982
31856
6255
15976
16652
29735
8119
11410
31952
30548
5882
22438
3903
12873
1946
14478
3691
8285
1755
14736
32080
13097
4166
14115
6491
31223
24396
770
8493
23927
3116
7552
30876
17332
28695
6427
19962
12359
5265
23635
9370
13514
12826
13757
26769
17808
526
30291
28602
18067
26570
1550
3069
25774
13584
9911
4816
3853
3501
22778
32253
9441
11864
6076
2470
11096
6878
23982
29575
8140
30588
10530
16252
14907
4492
29214
9539
13303
23397
18095
2946
26270
24444
384
13324
22349
28367
20139
32096
529
3715
29391
23923
31134
26827
2147
31151
12100
17677
10058
59
30494
19264
10919
9853
7309
5785
2290
28893
6884
23398
29260
10188
20069
9274
10511
7685
12653
27210
18602
11283
31211
3351
28332
1300
11030
27981
31262
18620
28512
12011
21782
30365
20133
26277
31881
9893
5289
13959
14945
10984
31681
7642
17871
32415
28624
75
15843
9841
32117
10314
12890
26098
16771
18609
11959
28266
27826
16806
31637
27351
12180
11458
2619
3381
8906
29811
15985
252
32631
31390
2706
26347
15349
4745
4579
15876
24775
20985
17699
24024
10703
32151
11619
26116
18369
5272
22808
18172
21976
16285
8047
18439
22472
9944
11744
11915
21491
29553
5126
27275
24031
40
16814
27758
9448
32059
11054
2050
23346
2954
2040
2240
2274
4857
24430
23378
8078
22550
22520
28754
25073
5372
31828
15445
29668
6519
27438
31016
9866
13928
9457
3161
21706
30827
27612
14073
25602
30136
27224
29345
15609
13127
5001
8115
20758
25912
29219
26850
32720
3697
22911
32757
28774
17289
11502
6087
13264
5349
12621
16275
17141
25632
7385
878
11550
10416
22853
30229
2731
26567
11274
2025
2053
25464
14591
20280
7379
17691
4905
9662
17265
18162
20436
16236
17565
8461
20450
7784
27508
15722
13156
2132
13726
30561
11111
24787
21445
27199
7696
3401
3659
4914
20716
17891
25148
19045
3457
30680
27265
22379
29737
7406
26967
9441
28960
11327
1536
22351
2011
2109
4792
19280
26779
3572
28395
16115
1091
10639
22949
10848
4710
5150
18506
3007
15781
7830
5511
10837
27192
11801
7304
5360
19146
19832
5228
24454
14218
30711
16374
25625
31615
336
17797
2781
3099
16122
17222
23965
24340
22186
29608
27227
21103
22043
30224
14647
23262
30731
4047
22930
27723
14982
31057
19058
20661
10854
2966
16936
24891
2075
25062
6449
21878
10664
17345
23643
7436
15854
27414
18984
30594
21805
31413
16247
15954
21192
14597
22369
5438
11336
25338
16994
29923
6564
11074
6329
17297
6848
14783
11281
28762
30259
16186
7264
17513
5453
29014
13328
24214
24921
706
20317
3383
1567
27571
21246
31288
15789
5778
30215
23918
2391
17649
25358
10536
31741
16580
29836
25863
31116
11726
4231
11024
4039
3929
26478
31488
19528
22058
6725
22495
13249
2740
3073
25560
16008
26508
25142
28232
32339
30749
30959
10261
20800
3997
19933
29249
17944
11328
9909
31423
5588
6827
30419
7045
22112
28075
18467
12258
19104
7719
11073
21522
29617
26451
29407
17168
18289
13095
15976
18091
12353
11024
6114
28124
14857
16613
10521
32087
4221
17436
19450
20064
12959
22334
31293
4064
32645
22936
24647
7608
93
6452
5966
25173
5038
24839
19134
30340
24033
14188
19675
29576
8959
24785
24232
11115
28092
31408
12040
15249
10165
17090
21796
11667
1782
24175
18956
6730
29887
13960
9633
809
20872
15160
8882
21968
14914
9272
11877
19935
13024
323
1753
10504
23062
11978
11529
24937
2656
744
11764
25112
3143
18072
1787
27135
15840
20262
10634
4330
21397
19427
25082
8926
5671
7197
9654
17837
16884
16718
3229
7367
27510
16788
31144
24403
3341
3681
14029
5246
8702
17268
2083
27155
29371
21000
31302
22861
30309
27723
28669
3561
28047
17681
13082
17278
6725
30666
3234
3345
14668
11441
10286
15076
8364
19783
18065
21136
10092
23808
955
19795
15005
19004
13278
4267
17306
19320
7119
21796
17293
7366
2222
28526
18485
12666
2761
12210
7655
11815
22462
19238
25299
16074
6112
992
24457
7492
8924
744
18620
23566
28573
6288
20037
18728
15212
22280
7018
32082
11356
15149
11361
27519
29413
22434
7440
1159
11983
13858
21783
17180
6993
25364
13584
13311
18043
22368
10517
20083
22481
13442
17539
12531
10809
1757
19198
5664
15639
593
19126
5629
16566
27919
11240
1886
16874
11436
22951
5534
14579
10613
26588
24209
32677
31747
23180
11449
29382
6415
29273
8637
17080
28551
8780
25878
14167
11488
4817
11020
27429
7087
22019
10209
16805
20595
12586
17228
7428
6325
8066
8233
5886
24660
29247
19566
16640
282
12749
11617
12170
12434
9308
31752
21720
30
7580
26081
28353
9028
31685
9684
3039
28745
30171
10598
27632
20225
7984
5679
16252
2533
17450
17294
2745
13670
1094
31899
12203
8577
19805
7773
25487
2452
7207
26174
4986
30320
9725
1211
31806
1711
20451
18528
31117
4424
5829
29940
20577
22112
19713
6897
30874
12899
20774
823
10729
1876
8699
768
12270
20577
29636
19479
18845
5051
10944
3397
6118
9892
24310
30476
24469
30666
19762
30872
8823
21459
22858
18675
21438
22585
1445
4216
11174
2136
1022
18058
24153
14533
17254
6022
14864
17634
8072
26357
28796
17071
5425
16903
3940
10467
8208
22077
27791
6972
9658
16485
2276
20755
4592
18379
11984
18995
2085
22958
20456
17899
20027
22769
26064
12386
21646
5651
23131
31275
32563
865
15091
3609
5250
31082
15164
22869
29905
8116
19188
6573
32643
19885
17182
26159
18754
30692
28255
9719
1928
32121
28840
26949
21860
27091
21013
22739
13691
32400
12565
12133
30029
6594
24524
29089
21945
19544
28853
22561
7363
13530
30348
8135
29846
29274
31595
13392
15301
17319
29491
26924
10966
9923
11565
13453
29441
3223
2289
8383
14901
29926
29319
26551
6236
1664
27085
27886
31200
30648
6424
2416
2926
23319
16158
24111
4858
9298
28692
8350
23043
31098
29203
5499
3352
9331
14528
11756
13467
14503
17452
31438
10949
16635
26361
27210
13034
2563
14271
937
5630
23665
12717
5481
26713
15316
18548
2448
23735
32127
29536
21568
18563
19398
29640
12428
15701
26993
23209
8074
23481
18794
4494
23977
17202
20153
27315
16965
17278
18610
31849
15737
13084
32621
19388
26677
3852
25719
2644
23184
18390
15303
27545
15455
24525
20724
21787
17414
16021
3237
28208
6030
24035
32328
21215
17400
13188
11783
28156
16081
31905
19191
16021
9735
20033
2451
3213
12795
3855
18026
20615
3543
15966
16660
21253
2594
11370
874
18129
23954
2016
18679
25245
26657
25761
31401
15846
11362
8131
4812
29982
29462
17625
32057
22793
19707
22645
18379
11624
26340
11243
14099
15061
25614
7767
4941
14318
12978
28385
16786
19893
3799
1087
32079
15159
10090
19836
17909
23660
6544
8184
21746
6239
13883
14001
12257
31374
17916
14016
11005
31636
16152
23847
28636
15621
8669
14793
23642
15514
28470
7098
19923
17038
28030
4793
11413
3911
12178
10747
19348
3129
4650
16427
28768
1032
9065
8366
5973
9708
10418
16939
18449
22618
14014
20043
3628
7905
4075
22205
27171
5970
15575
23422
20116
21027
4910
1623
32177
2581
7872
16295
23279
32533
8407
98
1278
30816
6599
1370
19454
12779
4294
18365
22512
14594
3582
24287
4970
31791
31457
12090
11919
4701
23741
2740
20031
32061
7568
9760
15243
27369
22301
2054
10092
15048
21567
21671
22196
18865
15486
6972
19012
18771
7648
2175
14208
9940
18689
8812
25856
17592
13158
29001
16264
3077
21519
14820
15163
6308
11851
11548
21771
1291
32465
12450
18548
6425
16139
9473
19818
24641
29365
19676
29328
27371
29607
14711
26538
16151
12271
24698
19541
15428
3619
16113
22262
30352
27638
11670
26608
19744
27400
19027
23834
16322
3
6915
14704
18385
30691
19833
29960
14426
26517
14531
2376
27004
14788
943
3415
13077
20208
5263
30417
31387
25536
11834
21183
22599
12697
24147
2758
6009
32111
8398
2718
5720
2267
23727
22982
18616
6510
7701
32118
25154
2630
12664
14038
27598
7134
1071
29037
18452
30250
28213
30172
27524
4324
18732
13516
19314
30241
30882
15909
18550
4903
18324
14464
6163
2946
16176
27872
29078
16981
23263
15004
577
3567
15747
1952
27817
18846
19453
214
22365
14792
20723
16094
20168
30263
3536
8965
32345
20149
23820
117
1249
24025
18861
26025
26684
15904
16398
6692
27699
5439
15327
9315
20641
27064
5997
27664
15061
30380
24611
19576
20024
29168
21585
11071
14383
30819
28205
26450
13123
5246
8216
13342
17792
4908
9762
13568
15898
6876
4303
27900
13911
14549
27932
22193
6568
22730
11709
14476
31001
23215
14761
2365
11756
15051
17368
30823
3969
13
20555
28572
16506
25763
2638
8072
22300
27849
20474
28012
25847
24543
5885
21711
8649
22463
3742
4464
15776
23117
8955
9598
7743
12624
17813
4107
3011
29824
7951
18367
4230
31199
3635
19913
4164
8269
6198
27931
23164
10327
11837
31191
15385
3921
27679
9476
21586
8356
13421
14470
12495
12648
19888
20301
29965
14902
25841
24012
4355
17207
6527
7853
19206
22145
30188
14275
8426
27812
31321
11072
17514
1919
7155
26920
14025
28505
23998
5381
18362
17965
26258
21469
31614
25924
14435
13921
7244
14601
27845
4967
31477
3866
6830
26266
8904
2715
18814
1904
1203
13007
5438
19549
23980
20457
26661
28231
23631
2591
28001
16441
18889
32513
8468
3931
14836
16649
8604
16162
1731
30067
9751
30148
6881
1102
15910
27887
20373
3796
16114
15034
25065
8183
365
9948
17163
19260
21979
24603
18419
11724
20624
9736
31814
1481
21499
15082
7291
21470
31715
12792
31548
15130
19953
28107
22031
4862
21359
25362
23861
24532
79
29576
29394
9539
2927
29987
25935
18209
7195
14734
10493
27784
28884
10714
21755
6444
25423
19057
26457
28907
28097
15179
5245
22950
5466
2148
9670
28496
24079
24173
11120
32324
11165
30657
1464
30684
13259
21916
2368
5439
26095
6535
17076
7290
27571
4887
7598
31699
10009
21975
29399
12121
20925
27523
16720
9408
8539
30327
5968
4460
5520
22630
28174
28364
21221
12623
31969
4329
12041
19117
18341
2879
21086
17135
27746
22475
4791
3367
29736
29797
27489
6406
11069
27216
13920
14088
17531
29712
2810
3308
19443
13691
25978
11879
11478
14867
31790
11801
20118
11667
26034
15040
3400
712
29808
7340
4429
31906
27496
10099
18993
19851
28717
29669
4307
16631
24112
30274
13510
9021
24385
17579
30968
23461
27987
8663
17297
27842
8576
8199
1310
20226
29773
28732
6895
22915
21294
12711
12477
11560
12109
21857
26001
21997
27015
27228
14304
5751
16311
26010
31995
4592
7992
15004
26535
18449
165
22558
25095
6016
12515
23809
16067
14941
11106
6537
1379
28951
27039
12488
24060
20357
19438
28250
24591
24626
32630
9299
18606
4600
1405
9590
23520
9168
16358
12200
30023
744
9975
23204
3072
20214
3168
24303
11723
30925
3961
18703
13676
12077
9932
27896
16465
3552
25299
11719
10100
17154
19971
28082
32643
7841
3593
14911
25663
16518
10835
2229
4898
22609
7122
5840
6468
11212
2558
17337
6271
22393
22811
30005
26577
32109
28091
23837
4867
22113
18821
13070
32136
22791
25908
13921
11432
27546
27619
3166
31966
21433
15239
20140
18046
22645
20157
24076
13722
19113
29638
19784
22823
26506
29903
30821
11612
18814
5494
7200
9563
23346
2443
409
30739
230
18707
4681
13413
27660
26003
26681
24709
19730
17547
11894
10404
22396
25408
26048
24780
19509
1982
24962
24075
32295
798
4359
27347
1289
26885
26858
23201
4728
24685
206
221
7498
29096
14672
3841
22303
30113
32314
7678
8248
2662
30969
26332
28045
12515
18258
28320
21785
30704
2640
10610
13433
22671
24961
22783
9653
10094
9826
10781
13918
16308
31767
21933
5337
19194
1887
18630
10234
19094
25288
6160
17621
17952
8991
17005
30416
17199
43
1759
3581
27236
30107
20902
26535
32170
28732
1192
9515
955
23407
7958
17673
19687
8923
2125
21051
13585
31839
506
7622
18170
3658
1410
13966
9410
17871
4257
4974
22955
29107
9553
9096
31009
30025
237
14554
12023
10144
20118
275
9460
13051
22742
164
24974
2177
32387
17433
1013
15414
28390
15274
339
23850
28957
29965
18258
7665
15038
10127
26592
24914
6589
18019
12847
32579
30096
3386
23807
22038
27536
15124
9759
31725
2723
28501
2865
9331
29208
23835
32687
3790
22482
18639
17451
4047
14761
1018
17115
3180
15885
23386
5460
30833
2028
11062
6038
11634
470
3566
11337
11780
25696
22742
5702
10541
31686
23364
2905
21016
28884
5096
25669
24589
6406
20572
3593
19105
4590
27388
8290
5674
11222
6904
15761
17526
26535
2728
8030
15805
3081
10271
30045
17875
5580
25602
30832
20898
1927
21147
22413
20696
23678
25385
25026
16349
8905
8570
4470
5640
179
13756
23793
25618
10593
5777
28703
14027
1204
8545
13200
4619
3695
3316
17604
6124
12445
27200
17318
12342
7469
10111
6486
17435
27360
18821
7211
25125
31077
20305
13561
24172
24770
29666
27023
17164
28661
16972
28804
9430
32475
12298
12852
12358
5970
12694
23301
693
14746
32055
25327
9168
16386
28698
11835
13129
9664
18853
11146
7885
13600
12552
4890
29749
24801
14613
11077
9216
19675
22097
13898
18433
18918
31563
27984
16981
18680
20268
11432
18584
2445
12944
13651
12120
1868
1684
10180
2506
27367
27184
7142
29116
579
25032
31329
3019
985
7421
31514
7126
8540
20169
27896
15795
11675
19403
10990
5664
22954
25311
25142
4092
19772
9202
3546
31159
7764
2325
19321
5895
27677
13775
27976
31452
8469
16568
27991
15767
8305
15171
9750
25462
25278
27612
29719
1875
17860
28211
9493
7567
5039
11735
22582
25417
1393
28422
13197
19923
17506
22980
4835
3686
12073
15146
5047
32276
26080
28929
8835
1535
24947
13199
27969
22473
6729
12721
24366
2635
551
13098
2510
28298
21841
13627
7984
12518
1778
13684
24947
6805
19645
7881
11145
1872
3541
3304
30523
25420
14570
22986
1133
17772
17829
10632
1444
31157
25927
26737
30149
4098
9869
28505
31520
17145
4310
16947
31660
19261
31367
7395
18068
29413
7855
16973
30451
32046
13799
16818
29660
13932
5757
9788
12702
16455
8145
17623
6214
28195
29950
7235
13157
17888
19133
31591
3859
30916
19591
25065
26163
26805
23802
20219
1529
3500
13694
29304
2730
20326
10536
29743
22947
10077
3807
17791
31901
7926
5821
12580
16943
32252
3767
7504
18324
15693
23169
13309
20399
4563
8876
25986
2892
9142
32530
31077
13993
17872
8307
8561
12341
16738
15712
17160
27799
2565
18008
27322
27634
28131
9522
7702
5224
5670
3002
32703
5597
27569
5535
31171
15101
13326
16781
25129
19328
31400
1430
19913
25516
6715
726
1377
25884
31368
7255
20708
25793
22093
30002
3349
14886
7540
6647
16213
5112
18315
22863
7097
13765
10868
4064
12640
17156
10590
27505
12548
15190
20468
26959
462
3083
11731
5103
6255
23272
1602
17364
17516
28199
10269
26547
26553
21952
531
6102
19594
14823
18194
30910
3430
29398
14078
12556
17277
19916
24489
30370
28475
9046
27136
30469
20253
8909
18306
7941
6340
30496
21495
1441
18504
10451
16222
32293
31182
24904
21543
5525
349
29502
28066
32590
13549
19607
12984
13547
7361
13662
26841
19814
32247
8
29493
20351
29534
3834
21039
866
2183
21324
14094
1924
2847
10445
32758
11470
1659
13127
12312
24061
7541
8452
14373
5705
13943
30352
8968
11076
11733
18369
31444
28166
608
501
31227
26503
12344
11163
23746
13388
11745
15605
26353
17222
16281
30235
29135
31735
5353
22084
5709
4054
25723
6209
18306
31477
31275
22602
29015
30689
27488
18173
28548
27337
26013
3492
28859
2019
19283
18359
6690
14604
4858
13730
32519
1711
7263
3271
16592
2023
28736
2247
27440
7656
7702
8701
24737
32411
11314
3404
27406
21128
19979
26907
17615
27129
21719
15261
11739
19804
3672
9814
24889
11498
1529
29403
32440
29574
23577
23769
15584
232
10151
15704
30504
20218
5615
31553
27754
1666
15539
25886
16787
18178
21118
22562
7327
9692
16693
22633
27589
10426
18159
32384
11502
16173
6406
24104
18796
32661
15727
19031
23017
11072
3654
6784
26269
15830
7085
21780
30661
3060
24535
25417
2640
13591
31072
12826
15579
27836
24544
25743
18655
24261
18111
31550
7209
13087
8779
5394
9867
29858
775
11595
12242
24376
15174
31430
18935
22850
761
21631
13210
7223
3526
16212
16043
20622
18266
2316
3947
8415
10751
5271
18323
2117
25457
15255
29138
24582
15341
26912
16765
28790
29580
20924
31363
2328
2511
27827
5535
25607
9083
4745
29905
22676
679
25799
15374
8497
17683
25343
8759
14478
23739
20746
20040
4609
30380
21140
5330
12587
17431
24539
10667
25817
22948
30643
6627
10536
6408
13006
8699
29933
22746
7226
13394
30291
16034
29483
17376
710
32564
14843
10022
15888
31036
13935
10085
15554
24089
18236
4111
9686
23791
13001
21115
6034
1015
21303
4572
21424
19482
17311
11124
30395
703
29338
3845
16060
1505
15879
31625
9494
1636
31752
29730
20399
17577
5454
340
7504
31584
5271
4722
20815
27805
20340
4950
8811
17710
3152
2645
12535
18989
18862
21107
10299
1233
2738
17874
3863
24713
19683
27761
3049
28492
2863
787
8113
18474
29232
28284
7283
13352
10669
28387
23261
7498
22372
10149
29482
29681
16134
20279
32070
32359
9092
7006
7219
18105
19849
15778
22699
6853
23367
1024
3847
21139
15735
29151
29791
20713
1435
25925
30451
29209
27015
7243
32201
23838
8223
11982
19352
27367
31586
20584
2277
6131
25512
28318
14700
13342
6183
32603
8385
17595
22716
5022
23095
19682
23785
623
10241
28683
15386
16407
15767
8924
11052
13712
2396
24128
13103
11323
16765
2233
17771
8657
14364
2551
20642
6300
15022
15529
15253
14311
161
12947
26825
20659
27970
32481
10123
6827
10463
31419
13874
15706
21800
14361
14756
31132
24795
5849
19996
1874
16033
12303
5418
31578
819
2972
25851
18879
11968
21506
31962
14380
9619
31862
25335
21671
7153
3383
20327
17531
31040
2591
18541
32630
30319
10103
21496
19285
31633
16656
25196
2941
203
18319
22181
14572
30321
6153
20282
5742
30828
29136
5374
29972
20703
32396
21197
7394
3594
8333
31365
11720
12142
31583
31570
3284
11825
27295
11567
12709
25797
23310
5545
26659
6597
14820
27110
23149
12831
28263
29159
30483
20088
4539
12554
1926
22476
22780
30675
2764
16213
25994
17131
10360
30127
28580
2921
20442
23865
32569
27729
22387
15294
9978
16730
12459
28501
30132
8949
967
27269
4573
25482
18453
15277
13165
29189
11369
9123
28655
17809
25549
32668
3287
13987
10869
2636
19478
26939
5873
14414
26348
11367
2982
13253
11005
29448
23679
15172
28072
18904
31968
26603
18836
28332
18908
7891
23179
27895
17575
12717
27532
25488
20814
29349
19227
22453
19877
16269
14812
14671
5249
18487
10080
31863
16680
5154
12607
27706
18182
2905
6247
6809
12706
1689
8371
4564
8400
10930
3776
10985
21799
4911
14332
11607
24757
4153
22783
7207
20466
31673
9759
21549
24307
27069
19006
24460
3808
14365
18407
8824
12200
16734
28826
17728
12787
14038
26211
32651
21849
26129
23473
10465
1745
28020
1382
12910
876
9248
29483
28163
4931
14618
16902
18014
28845
19880
23854
19627
12214
3838
16670
16203
14797
4889
29928
28115
12733
31980
11724
7768
21471
11194
20745
22506
9869
31171
18419
13918
3801
20002
23110
11089
7551
1526
698
20585
10265
30912
29143
11998
658
7180
13067
8249
27869
2644
10234
11356
2279
28961
19989
2243
27850
10867
622
7433
9539
1379
14282
12462
15462
519
21240
9751
6288
1174
8546
26326
18334
17356
7650
25900
2652
30352
30679
22220
13376
1237
4215
3298
13145
16318
25191
3412
21634
25861
1929
20808
6107
29085
20757
19686
10618
1942
9707
9311
21085
27458
6951
12846
30115
23446
31478
17054
28156
18898
11689
10380
24415
13413
14600
3950
20731
10506
18921
11924
9071
12856
31745
16814
14141
13241
21497
27279
22396
31384
8132
24624
15566
1089
12593
3832
15506
16612
9916
3642
30811
21786
13994
3840
8608
7883
12373
10247
9653
335
10180
8970
22009
15571
32638
12099
24658
21759
17568
7472
11222
19158
4398
1939
28107
11741
26791
3516
2770
18559
17116
778
6239
27568
14593
14256
4716
7633
2309
16053
6511
12499
25375
21823
19593
928
13738
20240
5120
29366
27442
11345
28655
15381
20175
15502
7996
23132
2737
29443
13003
6959
29949
20502
24817
29915
7896
1060
11564
24381
22976
12160
14353
13280
10019
25529
19333
22885
17962
18972
30512
15912
21462
4986
20783
26144
12623
5420
12041
4103
9337
14163
27365
13755
26311
6244
2298
27621
5716
2533
20806
25816
15664
19057
12675
6844
25335
8450
31575
25835
23721
15728
21195
31899
20149
564
24830
13502
5463
7026
7963
26918
1828
1847
19848
26861
17892
29439
27488
24596
4511
4730
16932
1130
20987
21391
22957
2479
18885
5026
26725
8442
10445
14866
5047
1880
28663
23558
5316
26550
23439
19818
5464
5121
18397
17204
22812
22923
17401
27372
1805
29873
18145
7019
10028
26555
15049
739
10359
14595
21170
30239
793
23642
24126
17676
19166
19367
4035
14457
17897
4817
26782
7451
23465
21215
16330
32724
28681
94
5809
32564
32487
24835
12353
22081
3016
3218
7747
1139
14794
29950
14568
14083
8154
14802
13477
22374
11558
19151
19009
25364
12757
7639
9517
28813
24566
31754
3091
1438
22711
10798
30641
8928
6616
28756
3048
10371
24415
17592
10000
30793
19852
7658
31631
30933
30479
12331
26538
24102
4985
6682
32667
23391
31217
17552
32227
8649
13352
31176
3553
20762
15759
30659
9380
15608
17095
490
23550
11193
30040
13814
985
29293
18343
10253
24014
4638
9506
2605
14068
14934
31422
25294
21494
21730
9123
5827
25449
32470
3621
19042
27228
4817
11511
24036
24368
10370
2203
2319
26282
11627
1309
23058
26438
31461
12289
7088
26318
3429
10874
26272
26156
16637
989
25140
12157
14118
6228
30778
19046
18876
18391
32
2731
12106
6488
9563
27901
13448
7742
3336
13844
12066
10773
32468
2046
3515
12932
5402
25015
10546
27519
14412
15609
15140
29629
27028
15957
7602
9581
8379
11139
14468
24357
16713
7159
16141
22811
27374
6068
9233
23191
10528
6245
26213
25512
17926
8362
6903
7959
17557
23984
22542
12441
17913
1796
26066
13128
24118
28841
22542
31828
7183
872
30005
30198
18471
3943
3747
9894
8038
11517
11814
14478
3230
8133
15549
5438
9582
28657
1695
27041
28263
11745
16511
9776
10862
5109
29199
20325
14689
31391
27075
12915
18942
21180
7639
21044
25344
6692
7827
8291
1930
32383
32206
22283
31433
8795
20401
1599
26326
14460
10429
10764
27353
26995
15631
23724
21620
14195
1251
30972
2143
21599
2648
16689
24143
7719
17523
24006
29725
13653
9061
18616
15396
25059
12817
30966
19179
14928
28873
25107
10244
16627
19800
7231
9779
27534
23622
18549
1747
18726
14167
1270
27766
14866
9557
1525
24780
28243
28431
9876
29126
7715
1442
1551
10746
12496
24055
1335
26698
17867
9613
14371
23232
21500
13433
8226
8381
21337
24747
16883
22611
9399
5746
27705
6895
11232
23107
16937
11579
20453
6070
24198
26178
21942
25041
8911
4566
18671
2185
1719
21038
26357
10118
31701
17620
16450
4647
14749
28351
1021
16582
1423
13243
10702
9021
19374
23826
28144
31912
6964
29541
21384
11373
23428
28635
8501
2170
19808
2174
3048
11470
11356
7137
1014
25659
1170
6
22635
3690
4248
14464
9378
10015
13231
22485
15378
21182
25661
4134
2155
5135
6782
14098
3554
3902
6006
16599
2504
32294
6186
30394
24418
14798
18703
27818
18165
32052
3523
31264
29472
17738
28923
14921
8302
29247
20669
22375
17196
3583
6863
9589
18296
23549
11631
20489
6043
5680
12356
8063
23705
31579
31125
6484
11526
4754
21433
32720
7706
18426
14030
29928
27400
18128
19118
17506
9868
13485
17695
6458
10947
12808
30794
8773
15168
17404
9583
27156
3420
2891
26582
26139
10957
27812
19465
274
25211
3617
26432
9372
15247
19988
797
1575
7884
5891
12697
15123
10786
13553
23871
22550
25216
4063
10648
8159
14315
28563
14310
1273
4045
11416
9236
755
18831
29318
19950
4798
29033
30596
17038
15958
5497
19722
23062
6052
28947
11756
23973
5796
25177
28052
18819
8899
24075
27790
32671
19339
21920
13899
32316
29825
17301
11294
28391
30798
20997
24971
8620
1822
20346
3521
18569
17478
26115
13925
1827
26409
18566
30609
10936
25436
19032
3357
7765
23560
5387
285
28489
26256
28807
9130
30169
24692
20828
12262
30261
23670
8535
16954
19883
27387
30292
994
27
16819
11090
12204
14763
1660
4045
21500
6331
16772
8520
30228
21532
15022
809
31378
4476
17976
10441
30522
37
17562
26060
20982
3048
22961
22702
20763
15443
7964
25503
238
5163
21991
10129
4711
1302
23398
13711
5941
19351
25956
27216
16129
18239
18814
10252
31223
8994
21449
25230
9347
25225
28859
12683
8280
9702
11848
23858
32439
15373
22603
6404
8174
21408
13352
24806
27679
24779
8111
11380
2370
2866
5956
27801
12909
14376
26429
1884
5203
1314
3212
17917
21260
18027
2206
26945
7444
24089
11395
22538
28565
32575
8014
7210
28649
12644
9151
8569
32346
10292
24863
27430
26157
17270
13164
13130
20192
19262
18102
10435
21167
15460
457
16191
24157
14644
1036
17815
15920
29287
15017
13919
31806
7251
20718
30395
29671
17502
32756
30579
16035
6840
382
27722
24062
1098
10787
3468
18144
2281
28336
6119
12818
29136
22728
32379
22014
11341
11981
820
28086
17594
21252
10584
12600
3503
7667
13916
8945
18294
14350
13564
22143
23487
13971
11915
5307
405
32691
3719
247
23953
14834
25712
9092
29262
19152
30682
32120
29980
10409
25282
2477
23289
986
9758
20237
12733
2853
27831
26637
6548
20311
28731
9080
29361
2599
13454
8814
4929
19554
3426
6060
6558
22341
8711
3086
11974
9514
25476
19537
19723
25960
10470
25630
24332
28532
26072
19012
19171
29004
12148
8774
15776
23829
857
14101
19191
23042
1278
4894
13621
15481
9542
22919
29048
18801
26708
17590
15392
18719
15776
28180
20865
11473
7754
17168
7898
19482
26031
19302
32651
32047
6203
9377
23170
3217
3198
22238
13303
22508
10881
26324
1881
4159
13658
18705
32136
26430
21246
6790
21316
11253
18007
16966
998
6829
3990
24715
3149
25619
26315
12026
23068
12183
17586
13864
15139
7443
28112
31836
24858
2477
13247
4503
19861
7166
24775
7377
14900
23412
430
20102
20762
22260
464
23665
18849
7876
19826
27288
15692
5545
28243
1416
18686
23884
22148
4578
20073
25058
19834
21782
27080
18700
13154
31599
28625
18428
3764
16208
2021
9434
6155
5565
13963
26470
14388
1052
27676
31966
11396
829
27584
21282
17775
5017
7832
12054
29527
26327
10045
16968
5538
17045
18794
17363
16399
100
31221
4227
27210
20244
11012
5689
15806
6451
10365
3729
30122
13520
6334
19651
1399
16516
30095
8903
31049
20916
4436
8637
17620
22544
31880
14731
29809
23135
24422
31688
29808
28799
7145
1497
25264
7847
19447
22105
7790
30192
28633
4543
2651
7700
24815
31290
13553
11381
23714
7904
23302
27745
15257
1544
30882
31892
10544
22260
23566
26110
28454
18100
28461
4039
10645
19526
11023
13457
30504
24578
27076
15613
31112
18998
2670
9072
14871
17677
7066
17687
18145
30133
32721
17448
7120
192
16489
24427
11295
15819
673
25338
8208
20062
21230
5701
6882
7188
14991
19288
7421
508
21351
29537
22129
9534
19980
23660
32158
16642
7708
31858
32308
27021
16592
28050
5215
2733
20947
32670
10299
9560
25172
729
32142
4240
18010
12287
2998
16777
19543
20870
4576
24334
4865
4644
15227
9249
29021
5265
26861
21986
9500
14478
28804
20658
15147
12582
27567
28823
26246
20532
25710
22754
14669
11045
30471
24336
29721
31999
15355
7407
24464
27042
3640
28162
25655
1615
400
23589
21640
19302
7530
16244
7493
21364
12215
5482
20491
2924
19496
21318
15402
14389
19358
14259
2484
30053
24547
24487
2772
4429
3991
8844
14177
27189
11885
31134
1715
12520
9623
30356
7094
13428
8318
3458
30524
6955
29111
13822
9368
11501
17458
10114
5224
4778
27829
13585
6578
12066
28553
3101
15667
29935
3700
23209
23283
24006
29415
8363
15901
26362
18551
12468
12046
14145
23441
9170
10156
20923
4202
17590
8697
31280
17974
13842
13544
11930
31386
22597
29551
23011
16739
12858
16861
9199
25720
24973
5486
733
16397
22000
21020
29066
12058
23502
15033
28503
7180
14894
10043
11565
2490
26585
30039
3006
10394
7103
26449
20237
19509
15511
25874
11056
21720
29638
21371
3668
24973
26498
30201
19459
24137
24631
3673
3490
16999
23849
11998
11326
4949
23644
29329
22408
32654
22961
4057
11805
9672
18769
31051
11019
23662
4430
195
3217
3408
18056
12468
6183
31130
12494
20412
24510
31234
23110
17020
27721
3910
11791
16294
29052
22230
27172
2647
28372
14285
26756
9896
25047
23590
912
15488
28061
18989
6580
7340
7055
12851
29769
7217
6511
17542
5562
14816
6297
9121
13030
16940
12936
18079
23494
25913
30363
24566
5968
29493
1305
7265
30363
13035
23412
19998
25411
1685
13770
22618
11535
21234
10673
28394
6865
23705
24116
32315
654
3981
1305
20364
11487
25873
31078
15706
1943
23486
10019
3100
27558
13778
8288
15153
31294
29131
890
25111
21812
12597
5787
28125
13992
448
15488
21211
11240
15509
9855
1696
30610
28650
26568
22060
24313
1748
19947
27744
26314
9053
8858
7346
17136
24279
15024
17957
32180
25712
30323
25209
6697
6662
5910
5534
13767
19260
3459
20847
27990
2765
9815
24989
2318
15904
14125
29673
13308
1821
12575
28823
17063
64
15498
14111
19700
32491
16914
4901
8007
20481
1254
32171
18155
8880
12869
32390
15796
5518
2626
16910
30946
6632
1476
14106
24393
8534
7632
18732
27311
18835
6155
2792
30838
31372
31866
25803
3451
10935
6285
7193
4413
15782
13148
17943
17474
12508
22320
31611
30134
2783
21573
24609
15446
16527
24782
21247
13964
1205
31290
23131
5595
13791
27574
8251
31102
24172
7667
4894
23628
31459
5161
32489
6623
31369
14940
12836
20213
11826
26846
870
6422
6487
16661
19214
31096
22889
18302
9524
24351
5989
24306
4064
7240
14249
2344
14713
19208
15366
4220
4992
25905
3094
32494
32126
4981
6095
1646
7226
30670
2137
15959
12592
30493
29469
23097
1599
17937
17183
15835
16802
15690
19597
4736
13857
14526
16024
16746
904
1628
26498
30621
7001
10224
32504
5861
32190
27719
27299
14362
17089
9107
12538
8867
17343
29456
3674
23865
31002
3048
24664
15341
24623
18773
23382
3949
32136
31237
15956
22915
20306
22722
30985
10974
17425
30802
30770
3605
2450
9884
3115
9193
18465
2829
7612
21707
7677
1082
9525
15262
28425
2247
6077
11709
23748
3975
16103
1088
31355
17124
11910
2683
4542
898
19651
13768
2832
32287
8300
2695
20194
22718
22927
21090
12995
15108
18504
2006
18129
13794
13783
6894
6003
20084
21493
29522
14154
12329
13929
21377
9572
18981
2774
347
25523
23523
727
22498
20926
13599
9293
9793
8087
11507
29688
14
27917
5184
11845
25292
26914
10063
615
21684
1472
17080
937
24757
5031
24451
17667
5049
23210
6798
21227
24362
539
19246
32621
1204
23940
27929
13438
28493
29079
24964
16526
7539
17768
19336
20828
181
21466
3018
4366
30325
12631
8027
6529
15852
14789
26077
12766
3951
23221
4840
2670
14576
19933
20140
27311
25543
22472
18903
1447
26547
24268
18617
26744
20251
28221
27045
14133
28826
31200
10907
11252
16827
30114
29221
3108
18177
5514
8063
2081
17707
18925
26106
14598
6069
19425
30626
12483
20642
19955
17183
20591
1401
9501
18649
22751
28046
32242
19296
26999
13698
29212
24330
24896
11277
4616
7390
22075
11259
14048
31920
5877
26485
12474
6798
27228
30850
9487
27483
465
23246
12654
9402
20862
12969
9841
23598
17130
1362
28401
8575
30154
18038
30582
6239
795
24308
10737
21837
30317
4323
20910
442
29058
23766
31620
2922
11799
19550
9807
25374
20994
17873
22432
3696
18813
19786
26802
4350
7106
22257
8096
28874
28120
3709
26838
23009
10156
14327
17605
9531
28515
3520
15836
18147
28399
16341
31411
26455
6112
30802
16521
11314
22909
2357
31216
29704
32020
10085
5575
2450
7310
22259
21097
4619
26438
27807
18724
15065
10524
18590
19949
27248
18373
11930
30545
30836
10853
24315
25263
12573
16223
21861
2213
10208
5227
20609
13768
7500
13546
1793
31640
31794
17015
11742
11699
12808
31679
13284
16200
26255
9618
22129
5327
22196
2618
29562
7671
22196
779
15566
19424
16260
16443
12447
14219
19312
17140
31550
3215
9730
15784
9766
3085
13093
20133
14396
15333
20874
18665
11093
5674
7243
32567
23289
19668
28623
17770
20583
30133
13805
7178
4056
12975
15700
14877
19208
10787
8234
26943
7411
25516
32243
26613
13020
23822
3253
17983
1684
27497
17753
28780
3577
15539
12117
23602
957
3428
3976
3070
11625
26227
32357
23689
17057
30594
10580
20652
22953
24918
17237
20341
32040
1161
26855
2170
20268
10371
31528
29293
23919
3750
13885
6129
2777
17865
1780
9900
12869
20968
25512
29854
26248
31769
11366
28593
29615
24258
22093
11153
1417
522
26171
445
5990
7309
32422
30687
4381
19540
1223
24665
13652
23556
8446
26912
17659
26709
7794
3277
31770
31174
28152
6641
19405
26256
20534
17577
30092
4312
27400
30323
27568
21800
20002
20544
6963
15648
10999
4811
696
19049
17370
24872
15051
28139
22115
4512
21353
32576
1301
188
10947
18536
1085
6816
8511
31166
3613
3738
20160
6698
25162
24827
7463
18329
21587
20262
27674
23466
11683
14822
8708
18602
26281
2565
20060
17091
31542
17178
16683
2416
24102
14498
15304
25908
20546
6482
7910
11660
7781
17580
14801
27426
2782
7889
7925
27203
26134
22166
8608
20883
6771
20953
24841
4352
12155
13334
1168
15604
2109
13109
3399
10703
24812
11942
24754
23444
20430
15536
28875
7650
19796
8710
9545
22567
1931
26524
27170
29200
1203
696
1871
23620
22828
17228
9679
4433
29850
31875
9710
8934
19009
7066
10951
10052
22705
8433
32520
6895
21672
12130
14069
2729
31540
9681
13232
6560
20248
30468
27575
14311
17777
13237
7342
7459
9625
31462
19039
23431
8268
17525
12031
7938
25097
14832
178
27830
9403
4522
12370
30381
1177
8207
1388
22471
7243
4916
15244
19447
11342
3251
1211
14511
20889
3509
5445
6553
3969
26960
7360
9608
12506
12564
20553
16302
17503
20448
27153
2319
14420
18170
16921
9781
22889
16735
25657
3366
14562
29016
18279
28563
15861
27726
2614
5458
26227
30943
22685
15119
31403
818
24314
18750
14476
11143
28246
30547
14857
8978
13803
12086
6850
19209
13795
17649
8416
18940
20323
22188
27968
2917
5576
26844
30421
23936
17713
4791
21831
8540
573
20203
7904
16690
18198
17551
23977
24823
8622
7258
24528
32045
10056
13843
26445
27646
16699
21064
31941
29835
14066
1091
27055
28802
6456
58
7605
11246
29362
6598
861
30548
25005
1686
2024
8187
32539
14693
23163
17035
14039
26921
9852
11226
30001
6286
19775
15362
19878
12706
25314
32695
32495
2514
29301
29655
30782
25109
19806
10051
17348
14183
27132
12014
31350
30585
5515
8243
9489
28071
32072
1388
11867
31786
21205
192
19116
30095
4062
4412
30894
10855
7421
11813
32609
32577
24539
11405
3426
7893
29849
8997
23916
7298
5742
16466
1055
6907
31633
18051
19200
19261
10329
8897
15554
22468
32162
20872
18116
4094
1652
1493
5082
26624
18655
18048
1104
8312
7721
30156
26412
10978
22060
30525
22708
7679
10745
26537
27184
20099
16833
7058
30449
24590
20982
22451
19090
25182
5037
30681
31870
20163
7239
30708
9394
31187
22608
4974
19909
19806
11687
28347
18469
24229
2271
32562
17059
13510
23014
9499
19506
21371
17380
11273
8939
24068
1126
9578
29781
26210
21948
20828
29412
15558
20639
2498
25791
21321
4376
25495
4038
2525
8861
31363
9940
30340
30588
6828
7233
32192
28541
15567
32172
20298
12738
2191
15607
6918
24051
20749
2706
4663
22680
16312
9469
2288
14022
8551
16776
19403
3326
2469
29278
32220
9554
16459
11713
4840
24777
11605
23191
14803
18437
14062
1574
19288
3875
17869
10012
4349
4323
25540
4562
30789
1289
10390
465
1575
30211
26890
23702
7871
14795
23613
4498
30020
29199
11068
15221
14394
22416
7890
26284
19944
21704
24479
8488
13581
13263
31850
14178
24015
25471
10937
17052
3828
6103
30110
27753
11092
18845
20179
2927
27534
22855
13833
32108
24571
22812
27262
25207
20192
17047
23246
7561
17128
6924
18187
15931
24017
19341
18703
14289
17253
12303
14097
2424
12460
8649
5239
15308
4960
221
1259
22429
13729
314
30129
14835
20970
16065
28984
26959
9028
23719
20719
20532
17849
13338
16729
230
31500
22055
19556
26226
10151
25819
24055
1774
7125
1960
30410
15106
32049
32523
378
32424
25695
7020
32221
16175
761
6982
30355
19078
26060
13447
29917
17335
10053
19770
26290
16562
9766
10083
11024
30028
5245
1066
14481
3975
29399
572
4670
10516
19377
15215
32423
29206
17199
26021
13620
31017
20241
31474
30134
13475
10978
11521
15937
12570
23666
10163
4926
2342
23687
26378
3516
2663
14288
9286
9223
11210
15386
7757
24700
14601
1478
16720
31387
22385
379
29100
1630
18408
13848
32270
11721
2606
27373
31963
10435
17763
32298
6351
26404
6602
32663
4324
8463
16332
25478
28533
16770
6208
25095
15523
24363
4585
22106
12280
14206
2112
12970
9546
24580
32628
23544
22754
8694
25008
597
11998
13322
8604
18772
2516
18061
26150
21695
29880
5554
9090
3465
9216
30250
17775
13060
4613
4084
20157
3156
15021
15223
4620
20004
14919
13518
26582
2199
21430
6499
1456
12673
8658
25535
23244
7896
30731
22944
5571
1381
13904
8268
14225
20415
5167
27430
22497
24954
10045
30847
32396
6812
10424
20654
13916
12112
15979
31587
15637
10207
19154
7992
29878
7387
2175
16265
31228
926
29884
3206
1064
7923
19826
31110
29186
26642
9801
3487
10270
978
22801
8819
9310
6170
21857
1356
27320
5528
4989
11884
12089
18870
11901
670
24906
19658
27052
21265
31795
8333
9519
3942
16605
4815
1511
24072
15580
14441
21656
3772
17068
5234
22602
7033
14139
16310
12271
11129
22696
9315
28487
19600
25163
8710
769
22205
12789
11702
8227
11775
21113
17039
17067
22121
3947
13923
32630
3705
30247
18091
11618
25510
26645
29124
10672
30008
8748
28760
15276
22876
23989
25370
23439
22648
28242
2230
24740
29372
318
4103
23210
25594
25046
23179
6778
6583
26457
17173
11753
20354
28652
15554
21232
17796
3297
24110
9738
17753
17464
11496
4062
26910
2918
15651
13854
22731
24406
31150
29615
29123
7598
10278
7178
3242
851
32106
3554
21879
29743
22095
22791
27082
28722
26773
31626
12671
22934
26
31266
9603
28776
7246
22478
30950
10052
487
12476
22578
13664
5334
31850
13052
2507
3705
15115
17336
1015
25618
4652
18898
5494
29048
7319
10746
12545
15372
29047
26815
10942
25071
9918
13151
28099
2418
21188
27357
10966
25806
20784
25941
25718
7702
20252
22925
31776
16233
25204
10444
9419
27500
12447
31471
24245
31223
26722
24761
24673
19727
4865
28779
4320
29205
167
4244
30545
25404
21511
25899
17316
32065
28996
4827
21667
32086
21518
19614
24370
7007
4367
24461
6869
5216
1669
12535
6004
14646
48
25264
8283
21894
21102
4523
20613
756
12453
25291
15386
15509
17121
20983
21302
18086
16062
30573
25068
15998
1929
14168
20875
26305
6562
4004
3871
983
17700
30737
15163
23708
31688
2182
1782
13145
13831
22953
25140
19188
13183
21420
24359
19555
6808
24425
28437
8294
15207
11698
23643
4470
31187
2274
9650
18936
8950
25784
7857
695
12742
8294
31123
30097
18164
12004
7739
26737
22548
6538
29301
25725
23039
4318
30591
28048
27253
32683
24776
19946
15623
21587
2039
18982
20276
29797
25135
20845
10195
3698
23185
32234
9649
15901
13827
31101
8570
13938
25648
6836
26333
26233
25040
19959
18667
19466
4138
7938
21952
26850
9687
30361
28006
3575
7368
24694
16374
28937
16779
28039
30464
16506
18377
1622
3629
10591
2068
16841
7971
983
19167
5131
9385
6556
17614
27082
30988
15063
10289
931
5057
5433
28619
9690
19019
327
18135
28751
6240
14837
12877
29357
13127
12919
24417
20709
27780
32340
15180
3035
10167
32700
14416
16990
26562
20507
25590
32350
14122
5870
12955
25177
28608
17110
9258
19223
9600
22762
9771
14743
14521
20050
22269
6473
21358
8210
3679
13950
22012
7459
20278
31004
30462
5832
1674
14230
6766
27423
15313
13851
9229
7670
5744
9742
18692
29665
23679
14775
9419
17289
20172
8248
5450
28999
1571
32194
8766
18674
13773
13320
29663
10741
30551
3828
7360
14756
917
10649
15094
4048
31973
8042
13436
4504
11960
23977
4822
28291
26191
10530
16885
29644
18627
11288
13915
10749
19016
8320
15999
28863
10930
27245
883
3313
6969
14028
31940
23799
29049
29265
23458
10069
3005
11441
12608
14204
19068
15378
21630
15587
17188
13503
19142
8282
4119
2337
14387
17308
25075
26091
6905
24355
13847
7828
22017
29248
22115
15882
20179
31082
1598
4005
8889
24279
222
13401
14113
22857
11460
6193
10564
11563
10373
23544
24837
988
5328
1849
19228
19787
16301
5739
32371
24516
5379
14693
20688
18953
30813
22040
7861
2981
27629
9084
19077
10109
10450
28875
14055
17576
3222
27886
16495
20864
32763
564
31356
23801
15095
6730
13148
6706
2557
24168
951
16970
30846
18376
27946
18549
1200
5212
19506
5199
16526
29632
8524
13936
1056
110
30042
19264
5372
22833
23881
12
26381
28380
24817
28250
23187
23099
18748
16762
7019
20042
6539
23134
1425
31397
14421
26028
13027
29248
2833
6160
5671
27224
2391
1239
18256
26025
2882
17082
25853
8162
22296
21239
12099
19798
12845
32423
16300
756
30980
7755
639
23161
696
32680
21826
9956
21402
24021
28286
19754
25372
8082
29378
5420
30958
20443
23274
1766
25958
1213
4001
10217
6437
10345
24101
11531
24568
22663
10827
29789
17148
20428
450
23389
22022
3535
29851
17773
29761
12568
22281
26244
12313
14202
20582
9764
31320
6308
23415
11916
17551
28402
7153
31790
8888
8841
11580
355
12313
19106
20086
12894
15212
14630
4027
3422
32316
25724
25764
29480
25490
9118
16397
25525
8657
28787
7452
29480
11231
9305
6527
2819
15749
25344
1268
19353
1817
10111
2575
8647
15450
10145
21560
25823
2715
384
22259
4325
14884
26454
6756
28926
32469
15759
12562
20005
15372
24355
15083
30240
16329
31778
6536
11954
14608
18065
14771
26899
28047
24948
5670
18845
29313
17964
22422
22472
27858
5123
13808
27224
7300
32262
32483
9173
14161
19219
26014
4924
22162
7218
32731
19700
31839
27944
5148
4099
29688
842
7476
19330
4451
16016
9994
6222
5207
234
26778
31489
12889
8151
16188
545
3109
5171
28457
5271
4687
23632
19771
1122
7466
17481
13812
14732
15337
2195
30146
2397
32516
1749
1665
3536
16862
28922
17986
4419
14244
13956
2891
25202
16248
6179
14687
9382
17359
6534
15423
28714
10519
17777
2928
22271
3998
30736
6975
8656
27823
9099
24323
22824
16126
17114
16546
28387
25157
28379
12630
7139
17968
18849
14257
17924
3191
13327
7903
593
21065
422
11052
1912
10481
7836
30661
9339
436
23598
25027
4009
4344
22327
9317
8653
27820
11520
2717
20901
27107
29274
22991
917
32194
8426
22997
413
9629
28357
7750
12169
6749
17469
29944
20327
21285
17402
7619
27198
6965
6476
12168
12541
16142
191
20082
27058
5334
16112
6012
15612
25599
31136
25908
30659
28708
9991
20926
5414
11059
1898
6683
9397
21201
23792
18092
24801
31994
21938
15601
2480
22504
23569
7831
22454
8503
16716
6578
6976
6214
30290
3655
23506
28640
18132
11533
3028
796
19103
29556
9352
20865
297
10471
15935
1646
19305
16718
30925
4025
14316
18648
18490
1943
21798
15607
31162
30140
32262
30380
1247
11203
21709
2564
32014
16591
24607
16099
14128
28787
32346
1792
30633
24783
9000
5425
15502
5116
4944
31209
30738
2219
4818
26878
20290
19976
14642
3248
12531
3813
24596
2536
22776
22548
24585
6589
5016
7700
4009
23612
21823
17905
14562
18537
31347
13669
30863
23937
17418
11843
15436
31106
25498
30997
21129
30957
11314
8964
16606
971
15175
21241
21662
11246
11761
31234
8623
16505
13912
25335
25497
31395
9576
25949
29916
26551
15565
16266
20615
13407
23835
23562
20998
15651
25676
1602
10044
2093
20592
21075
10450
3151
31392
15426
3278
26951
32308
16981
10087
30017
8246
32448
11799
17309
19222
1152
12531
2291
29342
904
15928
84
29737
30747
25638
13779
18192
27001
1297
23108
4454
31677
12725
1092
29925
22790
32202
634
10279
13781
728
8988
12314
29878
1357
5300
19886
11555
28621
17444
29648
6565
6345
23527
22940
12604
1619
18587
31950
28673
9264
26300
10362
4874
8239
15795
21502
19342
24762
27663
28212
11593
18859
10514
26860
23586
17249
32623
6297
15628
14354
9554
15434
11818
31586
5537
16860
2614
20533
20097
6766
31523
194
22813
13078
24577
15594
32419
26066
18978
12999
20110
30402
21883
5511
23083
29076
24652
1659
18774
31551
26116
5227
11397
27636
351
17709
12297
17745
22993
23925
5264
22745
39
23279
4333
12961
32364
21643
284
7243
7945
13593
1664
19512
12081
1045
32112
5370
16508
12484
27634
10504
11730
4992
19910
18102
26507
6479
24999
24676
19156
19899
23501
5365
2133
14046
8630
3203
24081
14269
29478
3408
10381
27863
9325
23808
3892
14077
19944
16902
20474
26723
5322
14685
28224
18424
28956
13432
18679
24307
5379
29563
23561
17582
22850
20395
12532
23736
21247
2595
17080
15142
30410
29386
22772
9001
27867
31617
7756
21478
31387
2977
30221
6017
9575
10148
21780
18555
29328
16674
8684
16703
26790
17152
24630
27127
13814
11748
11086
22692
8273
22763
17451
14190
8719
10911
13959
25912
22612
24099
22848
1144
9874
10417
11775
27718
13135
21319
25623
12211
8745
7324
688
12123
12055
30553
32292
26942
3825
30854
15529
31435
14643
2626
20017
2366
32510
14008
23438
1068
4959
8014
4314
30300
26836
29727
1814
22745
2060
32684
28945
7237
17391
6862
3979
23664
28382
7408
12443
29226
30012
7290
15950
22357
301
5008
8337
4414
2973
15613
30289
5421
32389
15722
27104
23354
19561
27860
9371
4963
8486
21565
9674
12508
4074
13217
199
16294
25220
9259
18019
14435
28126
10921
7557
18025
4039
20030
20244
13333
14838
1878
18711
29025
11852
6879
23835
26809
20570
13751
15829
5643
12323
23648
9
5150
12835
763
8875
5156
30864
24948
25155
29586
29151
22522
23446
25647
12426
30642
16770
23147
28689
940
10794
13811
27455
32278
14163
22658
26542
5551
7694
7930
6797
1919
20888
28851
19105
18630
21886
22803
21386
3378
31492
24415
28232
32084
3528
4304
25341
12629
13219
28906
2036
17381
976
17417
12771
4469
6480
26685
31085
30630
9356
12375
31211
10497
16445
30020
28012
26856
3465
20890
18938
17356
23406
15217
17440
6049
23908
28788
23209
143
13630
26680
20393
32235
21586
16588
12994
25445
30681
22929
24736
27267
17561
4171
7110
30798
17857
21625
8845
27467
21268
1250
26217
1452
8777
19313
18543
18376
1970
27458
32532
20169
10781
13565
2360
2980
11768
5475
21091
26191
7096
29222
27726
8494
1403
18686
421
4302
12267
17657
26123
31701
16998
15891
26463
14137
16989
22278
17469
21169
24058
11619
27592
26985
18950
20450
27303
27386
14089
28406
10574
28825
8627
31653
24447
29326
634
10391
24848
29161
8325
365
10222
27248
3017
3156
16226
8411
626
10713
29843
8516
17796
9983
28749
473
8386
13710
7680
15828
10703
16047
1036
15533
31379
17334
28987
22925
27360
16703
9103
32519
3413
18556
19519
11011
29571
17101
5372
28410
32079
5009
2680
16489
14231
3133
4137
11647
3609
26283
16715
18969
21648
14772
25380
26865
27423
7168
19595
29970
499
26909
26283
32656
16421
23759
11013
21877
20957
30887
17076
12798
8637
26583
10997
24840
16765
21829
742
26053
17874
26590
26254
31155
6549
22829
31518
30671
3105
23084
4214
2054
7933
14938
31723
7916
22203
1293
4168
9648
4895
2314
22290
24144
12932
32339
28433
22537
1148
15936
13323
2066
20407
16849
5075
23177
28454
23107
13443
20398
19039
22497
20485
31055
11588
4893
26840
27779
17119
3039
15376
31643
14225
4893
5279
19542
18028
12972
25556
7764
13789
18262
17185
21965
1934
300
17185
7811
24458
15901
11225
15093
26275
29384
4671
21462
11281
5519
26360
23485
19035
16365
25190
23326
21371
31241
29154
14457
18493
25739
2630
20689
7912
13486
943
29792
7456
13974
25217
7049
2315
18917
12715
26638
30131
3209
21036
18051
11947
10199
25558
17411
1782
29662
11089
27681
3876
25845
6500
17185
30398
30615
22384
12393
7396
3697
32061
27954
5173
30392
21497
19331
7663
1728
19070
26976
24663
2763
32468
9279
23644
29727
247
24763
26231
32347
13018
31372
9941
16138
27051
28855
25784
21369
13401
8706
8475
8390
27476
11691
17557
23098
28052
19545
25727
16856
11996
13651
25433
22326
31552
25584
28778
26764
5093
20815
10919
14859
2312
30279
27350
14192
30017
10657
30963
25560
32265
11909
12499
31702
15739
1843
23047
32195
31063
24564
14083
3157
19276
9807
3968
24435
7799
8319
14878
14152
9767
6437
26958
1431
12771
29499
16239
16718
686
14921
28215
6237
1417
731
25941
29640
5946
12082
21588
507
13644
27706
963
15199
16471
31420
18835
5418
13185
6357
7360
22139
30021
8103
3124
17318
9587
10574
7400
5068
3192
21269
21324
25776
4064
28650
27625
8389
20505
16144
1860
2956
21370
31508
19718
26652
25219
21762
19035
28162
31079
12248
3992
76
29383
12347
20768
23265
20417
29801
3976
10772
16681
2159
2809
16504
22038
27292
1494
24309
29601
13365
6815
17179
31209
14954
10518
28599
14939
15241
7840
25508
9008
27762
7661
13028
17462
31307
18907
13807
4308
21621
14232
17227
840
21182
19463
10077
1332
3032
2150
20095
16729
28682
2605
21843
17058
31781
16953
29526
1124
6330
10025
29624
22500
31114
26377
12395
17178
4414
23598
17274
15540
27992
18784
25244
26974
3690
8511
6409
15937
4229
23775
21388
11465
14325
9654
29401
15276
13867
22200
22562
12584
15099
6336
8165
12940
9736
7730
32520
31993
27772
16862
30247
7018
1788
3368
20269
15858
31707
26982
6433
5701
22925
138
5699
23930
13663
4353
20568
26383
614
14555
18242
25902
21685
31787
28115
16942
25811
2737
26851
13149
26477
2230
17568
26877
3399
24376
5158
32652
16248
22343
12112
5705
27607
1199
717
12019
30129
17367
9846
15060
7869
20201
11742
30974
31825
11827
26411
2517
19669
1998
31781
23501
16761
4733
10637
21877
4131
12247
176
24757
25003
29097
26428
15187
28747
3734
18769
12476
27217
2560
12763
8450
27927
4908
15648
31009
11317
24480
6549
134
6389
1232
2806
8146
7688
5370
9109
1243
17271
847
10227
18419
20188
4947
20621
30318
13265
22406
24056
9822
26793
836
13104
30625
29534
5098
27182
9758
17099
5434
5816
4427
10267
1281
11133
23795
1154
6646
13665
3894
32555
29158
24854
20433
22385
27406
32492
11423
10065
11465
30954
1888
10783
9067
28445
4282
23417
29548
28208
29821
634
10185
29757
6955
32047
8103
14307
9400
24655
32569
26009
142
16166
10213
18241
18132
12243
31650
2561
14064
24499
28581
5710
32586
19485
12860
11849
12883
29520
26618
17999
3271
4521
17428
19403
28975
16154
11
20047
15529
215
30347
16100
22763
9042
26004
14750
12166
28778
7127
3443
25192
5599
5475
30284
28069
20490
19328
15709
5751
11467
15323
13234
19331
31426
27364
15115
23133
14530
25973
20714
7759
6530
1460
20458
3158
28566
32570
23378
16494
5534
30325
10474
28687
9918
10058
7438
26104
6990
24319
27904
27435
7634
19801
15235
16697
11308
28929
25509
4543
22800
9004
26076
30513
16825
1659
11092
726
3034
23840
5000
25620
32728
2627
16
5358
4918
17060
21177
12235
30545
12417
4571
21113
77
3770
9959
12913
30799
32563
27456
18013
13036
8314
30540
10455
29922
9898
26570
6260
1030
31631
3430
14593
29566
10762
14986
31244
48
6327
9080
18087
4474
22478
1174
25192
12836
1607
776
6068
5523
4674
31620
6973
32063
22693
13154
18634
4711
26631
8179
7479
2051
27341
14356
4540
6394
31890
1027
15474
13973
28365
24433
23058
31539
16557
8664
9472
13631
20040
8462
7561
7776
31477
16923
10089
4847
23286
3144
8337
23982
8283
29304
21799
27575
20258
18107
29901
31922
31907
3105
27942
9035
7724
6860
19862
10724
10984
19017
6218
12166
5381
5665
9337
4382
24085
28842
30185
29414
19125
14371
11700
32289
31085
512
30796
9995
24792
12419
7357
3856
30981
1676
4402
22332
5148
11698
14523
30451
10821
25234
11853
27362
7365
15207
16651
20533
13418
15580
1475
16394
24362
12574
8636
32550
28935
30004
12975
21991
27702
12435
30739
9338
5247
10989
8605
1870
20967
13387
26376
8137
9869
21339
19730
21817
15314
11787
15303
8717
19132
24662
18945
16709
25501
13662
25136
20519
22767
30396
9303
14388
20867
17940
10583
30042
17883
13548
2928
3179
27860
3774
22533
17870
23431
2379
20127
117
23666
20275
4405
12558
16851
6339
10667
24958
14165
18190
2200
17547
22254
13631
24908
12760
1288
13357
1810
7703
22495
25648
12210
25466
3626
24884
16186
28266
22781
29963
254
8828
31982
17416
29150
2977
3703
10185
32711
12189
19867
11348
25213
5050
25804
25446
29079
19133
3853
519
7115
7961
26964
31842
25451
11619
29490
5076
1072
774
693
2883
9783
5432
12174
30129
16969
9260
31087
21264
7007
24201
11703
28504
29029
22812
20561
14296
20799
11977
3033
31433
9738
23752
27905
17705
28580
12046
27956
21191
17006
20744
4217
17562
29776
22159
6809
4438
6910
20761
8068
25665
16250
17708
29425
24131
27355
5145
15173
27965
28748
11750
11190
11676
6231
8076
10672
2606
4452
20835
24951
3636
18812
2522
3599
7608
5459
2155
30809
2081
18566
19662
29054
10500
8993
24173
19600
2877
14436
10265
7023
16959
12999
15355
13034
28072
6459
5069
14887
6937
31155
8522
18757
31300
7395
17122
23359
5958
10055
28851
5908
3896
19304
13749
13349
29440
29019
18740
32222
19565
30602
23684
15000
31108
28855
28912
31166
21012
829
18931
3375
19345
19865
20395
12772
3870
29738
30090
11219
13804
15413
31055
22803
8131
22572
3636
64
6110
18736
18537
24097
15356
31188
23746
13960
22964
30244
2221
27770
13833
25830
13926
26000
29502
9759
12654
15517
2284
15065
32569
1937
593
23076
12326
13470
30443
22363
15541
17049
28997
15784
17141
22690
14354
17610
14395
263
11640
790
25369
2918
14510
188
12686
23058
28105
4172
16251
7864
26579
4217
8534
19011
2334
31516
18210
13308
5591
25980
2975
15350
23774
21964
17342
27817
25301
4597
25175
24541
17272
19350
1054
27338
15660
19785
30676
21885
6874
3369
5818
8573
28669
18577
331
9135
23290
3366
5162
30071
16817
21271
10586
288
15441
3235
31149
11646
8816
20188
12927
27857
28251
30635
5027
13037
27306
29973
10654
5784
24088
4540
30739
8756
10642
27305
10367
6046
3214
29256
4391
11093
926
9396
10318
31455
30021
20789
14250
17000
8457
7432
25625
5549
1225
9054
23953
8216
11345
22182
19285
12332
7980
1807
18543
4644
24761
12873
1114
32215
13954
140
23551
7135
10440
4828
32483
26106
29027
1675
29854
26288
19657
20991
5775
7223
24940
24246
20942
659
12617
1158
17762
2305
18877
18986
4276
30358
9627
3834
26180
548
30077
506
13979
8541
16983
2582
1921
21307
7762
940
19311
27039
22487
30539
19783
5688
25321
11707
1091
16038
27833
17725
25643
23519
19828
11283
32204
26834
19552
9283
933
9291
27175
13465
1763
10775
9587
10987
144
10088
28090
5024
31495
11899
14428
19059
28587
28023
27627
2165
11480
19609
5577
4945
22554
14222
7673
29140
24733
5664
27951
18861
30181
14357
14633
19057
22207
14420
27458
18914
3192
6986
21829
30064
26188
11404
10367
15616
18721
24510
25368
23277
10102
14515
10147
7500
13718
32469
13043
21621
11793
16328
25648
2751
14956
25930
2859
27018
21528
25182
28911
28547
12705
15273
20121
23587
5160
28444
9833
29817
2323
32467
13080
1322
29699
9021
24940
17846
29958
26750
2059
252
32527
15121
20877
9985
12963
10162
3284
11245
20692
21115
22432
22614
23155
26957
22366
28353
12162
5489
29761
19046
17128
12415
19092
23348
13928
16511
17999
8981
29396
32591
7400
6259
4222
28997
6507
4603
9200
20244
28365
8097
17117
18164
1150
29924
21847
22781
28989
18515
1857
21204
6192
19536
28168
11914
7220
9492
13966
22721
7538
32755
28519
8721
30003
12257
17224
24490
25589
29494
14268
32570
26045
18094
17433
4625
8368
27060
21683
4995
8669
30688
3663
28301
23646
15294
26075
1724
7839
7889
24668
18507
29181
23255
3879
907
6291
20559
7252
6024
7504
9785
31600
12266
10829
5917
4722
6681
6494
3918
28400
30117
29416
112
23443
17380
20210
3640
27081
6877
19582
30835
17337
32612
4889
26186
23164
10887
4785
30404
17546
15913
30119
14988
24690
11501
31013
31477
4047
22870
8114
29243
7799
12332
29187
22796
10741
16929
16916
27974
7482
8372
9336
22019
5263
598
5102
2259
15822
29131
29492
5192
2258
3284
24864
29624
15404
5643
4844
20542
16919
24078
10450
21250
16815
18399
12504
27834
22621
27787
19438
13937
1942
8714
10550
20359
10949
26983
19363
23802
2437
2081
19909
3555
23060
20688
6115
18756
18436
24331
15435
26880
21300
19082
28134
9771
6911
5512
17679
6788
27059
23147
18085
31552
5189
31911
24927
28938
579
24800
21856
12615
29193
28751
14860
15518
19768
27494
5657
26296
8548
20407
15849
2884
4365
21778
27671
5183
20689
17901
18512
13682
1247
14089
20580
316
4783
25171
22428
14993
15089
10505
4175
2115
4035
285
21424
28032
6950
20958
7146
11165
18867
981
25711
28945
28042
18413
25740
31173
28044
23000
22594
1163
29898
16813
19281
16875
13884
22742
6805
8230
6327
5673
8085
6261
24345
25941
14938
24978
8391
3456
11645
11129
9817
27438
132
18544
32403
357
23663
26437
24471
9743
5773
17111
10330
19871
23956
27351
5717
14839
15601
2512
893
4233
27229
19557
16500
7101
4529
19931
24321
15251
4859
11735
190
18826
26321
13160
32272
29632
7397
8519
31068
21338
10458
8030
12920
16934
29014
23944
11872
13183
21849
21400
1835
5234
7117
17052
30781
30495
350
23395
31421
3425
22667
11836
1610
14001
28669
18433
18921
9543
13080
8276
28994
24195
14545
15657
18957
6796
13503
12165
24007
18231
32372
19844
21417
12842
8973
19873
11994
7745
13576
10034
15588
18480
20054
23602
18533
7786
30897
4163
25607
12354
28720
4339
25009
6224
29721
13119
18943
26135
6646
10838
26608
19172
22251
15263
15583
3577
13126
29692
28853
3051
23640
16977
4700
17737
2180
6976
15479
16510
24981
2615
29264
17145
26964
21421
18705
9611
3163
3240
12600
18448
22308
19331
29765
26705
357
21998
15029
24617
17312
28726
11828
3815
10997
12743
3087
29172
24380
751
15336
12470
3920
10212
16045
8115
30637
32009
2507
32506
14142
18541
8862
30655
26224
17556
3628
7493
9355
18555
26900
29953
3906
12502
15297
18940
22665
28316
24291
20345
28326
24261
1056
22232
27275
20307
14086
7354
14435
21903
27205
29030
11883
22933
25883
16491
1539
31506
9487
15239
27397
13133
2018
11464
5461
22628
20931
13297
8377
26072
25538
29471
5867
11852
13959
28332
24557
23178
27972
9300
3229
22983
5352
7574
12169
10024
25494
349
14340
2181
3157
26848
890
10860
31497
31687
6400
15721
3234
6031
17199
30852
6035
1583
31795
9484
22661
2044
24607
6035
5965
13514
6531
14906
6172
30804
31809
3119
11510
11742
17052
14963
31590
7960
8338
13793
19055
27206
8556
27244
27845
5022
915
31656
6974
17905
1701
10892
21379
1678
24520
18550
3851
24676
18495
23407
26186
19046
23099
22448
29733
19764
12275
4710
3498
11255
30966
20915
8702
5260
31168
7669
22166
6886
10636
14410
13226
941
25194
23124
29927
8747
22417
9017
21093
19817
17910
21998
21976
12437
4894
19638
4106
31399
20016
17893
17033
12613
18254
28138
20892
10979
12581
19084
4732
29742
195
27508
18881
9387
32681
1004
28187
26267
17442
20966
834
13859
979
30272
8496
7081
29842
8774
31629
25985
12156
15993
32107
9417
19009
28303
19763
29073
6851
5818
19679
14912
22752
17965
27242
8754
4747
10973
21637
13222
9762
29316
26508
26840
14075
15596
26296
20586
20545
874
21910
20744
10750
6568
1464
20556
17528
11176
11434
16607
19905
23814
5671
23522
1418
28030
18061
2444
4920
1709
8591
15636
570
5916
26922
18385
22681
24186
10458
26528
31696
3881
24845
5254
22495
10493
1752
20886
31899
28992
11241
1301
9544
11257
25277
7133
24169
31341
13075
31743
15831
743
12960
2732
24849
17845
5636
18774
9683
17267
19965
19986
20714
22668
1242
6977
5958
29181
4147
6767
15697
32604
10968
15995
16511
17945
2823
4344
16166
31237
10466
11988
4753
16144
18719
30775
20304
30807
8194
30638
8145
2142
8328
17545
11573
26265
19430
25730
2652
11826
5425
28831
21826
2566
11615
345
655
8689
19310
9725
1897
27979
17635
27475
21901
3762
2678
13694
23966
7434
23820
28963
3004
32195
20197
24525
29273
13402
25879
912
5960
19235
27963
28141
5911
14661
23398
30198
4767
27142
17499
6578
6873
18761
18430
3779
3828
31060
12
17990
8356
5591
18186
26619
29372
10282
27515
2214
1535
12503
9046
8117
26675
27224
21431
34
22904
10530
213
22683
23512
31970
31284
32481
24863
30470
5916
2670
2797
14975
5961
602
12553
14533
31716
8831
8696
16412
27826
31708
20943
16151
32140
29751
27461
24922
26639
26886
30476
27043
3476
31120
3426
27916
21858
15440
17891
21386
15139
25498
22945
16826
8597
5505
11126
20445
15746
31479
10905
12832
11506
18998
17264
13858
3743
20575
21157
14768
11689
15969
20092
32467
5515
15645
6756
268
8782
3272
14540
12254
24829
13200
20279
12941
21592
32642
12435
6438
29132
24491
25030
7871
27299
22653
19595
24832
5497
6005
5244
12514
3055
27131
17007
24759
20643
7050
14854
13163
4447
32528
11650
20745
22928
10136
984
25728
18682
5158
25863
18088
8875
21218
24744
23168
18477
24441
25287
32442
29952
16577
27377
14457
20039
10652
14734
31577
6850
8478
26482
12976
14076
30194
7086
28691
6598
249
21420
25372
31971
31541
29051
32363
32261
27366
1127
28139
19449
27634
32717
16982
13342
22410
21549
30204
9243
3851
7809
11968
29649
28194
25037
24931
2959
10292
32504
14853
14981
5373
24282
28136
20860
12407
662
23160
21956
20989
28202
5512
24685
24240
8516
21215
32186
31514
4696
17139
8402
17
24559
20212
32697
14046
11330
22028
27519
8351
22279
20454
30903
19690
2443
30829
3115
947
18689
26838
8142
18032
793
16864
21490
27770
18645
19290
8379
24247
11161
11494
15316
13942
28801
9214
1632
17306
3574
23348
5940
15867
10116
18110
13635
9737
31718
10801
22105
6323
31075
11149
30221
6791
27742
6010
22769
7706
31784
15057
4107
18858
27160
30046
20617
16386
18142
27109
29616
28830
4628
28514
13078
13072
30742
10133
29969
12706
8724
24254
15727
26429
19557
6310
5735
13449
5918
28382
1488
20566
17636
9291
25233
5947
23550
4579
7769
32380
23982
20657
22416
11825
1986
17695
18317
1701
21606
28532
24841
5373
11324
9628
13011
15130
32431
6696
25286
3776
13444
21653
21753
13303
12465
32465
21301
14001
21363
11259
18604
10158
13211
31850
26087
157
552
17138
16641
4996
19483
3938
17939
2401
3719
16977
3055
13330
20712
3611
24849
14194
14773
2342
9426
19909
20793
13674
16607
11094
26270
8496
22250
17758
19275
1305
30367
40
22640
867
28634
2163
29406
27752
5399
23576
285
11367
554
17900
1976
18055
15152
20712
24540
281
14277
30343
15393
10014
11895
3184
28584
777
13435
13653
11110
30406
1439
22811
9663
21754
2176
26683
24663
24461
25341
28264
37
3942
13035
14450
27593
2421
16138
4458
9247
25847
13368
23303
2836
9973
17125
1352
3256
5902
12487
10587
24213
20855
13007
19390
18752
14912
9051
2468
12333
13785
26797
13722
19399
19156
8092
10090
18880
4332
24201
17215
18342
4423
9365
31755
23480
31736
18705
21798
8183
22216
32567
10040
29568
2358
16919
11352
26136
27068
15571
6005
521
12372
783
15093
26669
29243
11684
669
29256
2805
12180
17585
20378
5777
30531
11868
20405
24878
12260
20305
20365
28606
14129
2227
31950
1546
7007
25395
25458
19959
13649
4216
31122
1031
13068
7107
7548
19746
9835
3539
14855
6551
27667
2054
1315
14686
32426
6850
3252
1440
2628
23315
1441
17272
21534
31637
4391
9212
19087
27797
27764
1399
20795
18291
15985
23033
7562
2378
30687
22290
14169
24787
31141
21210
29167
4999
30056
29236
28978
15876
15453
3156
3866
29618
28763
26495
13671
422
19253
13074
32655
22727
28742
25286
14587
25391
31821
20274
2930
18644
18300
16274
29142
26471
3531
16582
17166
380
29074
28062
26947
26860
3159
3156
6479
10359
484
9562
7794
28846
18845
30550
3655
19473
8721
27756
30967
24180
25295
29883
27053
13223
8315
27178
19274
24917
22305
24932
1369
45
3784
3105
25925
16448
11851
4264
10185
7338
28772
31377
13993
29301
12042
10448
28320
32442
30973
23791
409
2057
9631
20379
18722
14091
23301
28258
7453
25190
14926
9915
696
20961
9779
25159
18336
15561
22496
6230
23922
1939
13826
6317
2419
1218
8738
29575
15488
15628
12337
8921
10056
696
31844
22746
24248
21578
4930
6083
9399
21090
8187
30419
10516
19682
21755
14487
22204
11087
17087
5736
305
13434
4327
25909
1591
31071
19853
30595
14289
26445
18134
24753
8811
17735
8902
32129
857
8363
10585
26068
896
27921
29903
11189
2643
23414
31815
2969
15618
11418
11407
29157
32237
678
827
31153
95
30226
24564
18636
17529
29126
19
27904
3948
6783
22639
7831
13292
17781
16754
3101
16097
16955
10611
4968
23647
31718
16703
3030
2264
13681
22265
1494
25232
25952
21285
9130
12114
29860
3071
28523
27234
25791
25361
21069
28338
8488
24836
4388
4440
32753
17335
29223
16448
13735
12942
28660
31006
16506
3341
7637
11431
3741
1957
8514
25089
25584
2765
25767
11896
17117
2133
26471
21874
23679
15095
20256
9381
19466
1072
7729
24711
8551
23630
13177
21766
32542
2249
30562
24186
20345
3286
23070
32472
21735
2106
1841
21288
6558
30812
29232
32057
644
3999
8392
21907
2384
5870
22017
31149
25068
3481
708
2656
3870
31583
8092
11932
10856
10444
21433
11866
25389
12741
3386
14801
30996
9825
28332
12525
13746
11770
13773
32509
10595
24708
32662
24236
12152
18974
3449
6706
32152
19687
28648
7115
16992
21779
14870
25192
5965
4926
8961
11941
18908
12543
14256
31740
16367
13249
697
6712
31603
462
19719
31532
320
15789
23514
2212
10048
27566
20495
5788
3540
5571
2722
17840
18547
24977
14961
27092
31125
19655
30531
18757
26063
943
3592
18368
16959
1539
25187
20977
16938
3585
2405
7470
10212
28097
412
3941
23792
22215
11340
25427
21865
16341
27644
23799
17056
23810
3124
8775
22791
24080
22150
3105
11598
26363
30923
900
27851
30414
8367
16128
29983
12474
28784
29803
3863
15209
12514
21206
20688
10896
25783
22719
27423
9924
8445
23177
26159
18318
20200
19753
4460
21441
15058
10529
10912
23563
5248
31154
92
25547
17575
27725
5018
3106
15278
29772
31904
30029
7606
22239
5928
18994
28632
13129
14781
10808
10925
23372
31848
25948
22036
4065
21132
16002
4655
30253
31759
10248
12719
22705
4538
11937
18770
2241
12515
1633
22697
29751
2633
28180
28703
17256
22591
23764
30775
4951
13
11739
32277
8233
25235
16021
10560
29657
8239
13049
16038
27949
21473
21530
21729
13033
2477
15609
7608
26434
29761
18846
26857
12181
9688
31847
17446
25689
20574
19871
23645
32083
20693
6482
1084
3592
2551
8032
1013
26232
21021
18897
5694
11273
30815
11624
13980
32450
9469
30843
9442
32441
6398
17410
16884
17871
4374
31469
10705
10650
20429
19387
11985
22947
4830
22600
6699
11730
30685
6118
21945
14630
5149
8112
25344
29865
17361
17691
17259
5796
29809
20174
13783
27151
28256
10164
27988
14923
25035
18511
9514
10004
15060
19023
13851
29873
240
23139
4328
11373
17805
31823
16919
8523
26105
21823
25330
11510
9343
28762
7123
14583
23763
12699
7071
26666
22448
27356
10385
29811
447
18228
11833
5293
2491
131
27844
32483
10707
4939
11645
23235
8271
25794
8340
14415
7031
3877
18462
24278
7344
18510
5214
2083
5865
5769
5443
23540
19509
18340
25905
16302
11961
24133
12549
20046
18633
27008
339
3235
28750
31401
10481
11707
18795
11623
31930
31643
23648
30218
14476
14386
17070
10783
13715
2704
12156
30529
21962
19540
22329
15410
18622
19299
31363
30762
3478
21472
6215
17518
22096
5720
2858
3109
12365
15932
5672
30311
5648
19605
9339
13976
20035
2803
16575
14068
15354
10918
1875
20842
1084
25649
6146
2734
11456
11004
19171
906
6132
18761
11389
5237
579
30825
1327
18278
25752
18736
28624
9194
24606
28838
17298
373
5963
19711
21804
21493
6172
14030
21304
9901
15266
29301
16857
14657
7869
21984
22946
29453
6184
30323
19891
8379
20405
29504
15653
12309
23258
12158
21417
24087
621
4406
23915
2889
5548
6208
21053
10828
28288
24942
7153
31922
2819
27143
7174
4627
24639
10103
13448
15708
19001
18244
22577
29803
15662
11076
26068
19929
7196
30222
21244
4375
22660
15278
27088
3261
16238
10909
7737
10014
6063
16624
15943
23840
30055
25039
465
9035
26317
24361
15708
23839
24111
19366
15422
24235
32052
10461
1540
11355
9573
17864
4880
27922
29163
24948
13447
17016
32410
26109
13162
31638
8239
20410
27394
21920
29142
5301
25218
16145
23536
8286
10728
20733
30738
14208
32292
29347
30289
22643
30844
23363
26557
27540
19759
26159
4651
22514
23896
27939
12600
20554
8214
7385
18570
27702
9962
30681
27481
24993
16736
31631
7470
29310
1010
7071
12267
25273
13865
1917
17164
2670
27653
28216
18476
22618
20127
13462
12491
22671
22541
20838
10574
4971
1670
17426
1351
22730
19142
22900
16631
19323
13748
13034
15378
16625
10563
17325
4545
18747
4246
14430
12781
29495
25447
31970
8123
8450
30889
21616
31059
178
27756
14312
11494
32072
7426
28263
32495
15328
864
5144
17849
31019
27334
845
32289
23327
19363
21454
7581
2797
19891
25712
17789
11060
13674
8938
15217
32372
16533
1509
19276
20933
13887
27986
30215
32713
11729
23808
4617
8159
20862
17774
16549
13721
8158
20190
23781
29809
28889
23210
18310
27575
16839
11995
13379
11982
3285
32760
23639
19864
12203
19740
14909
12591
9548
16971
12986
12502
5949
5382
20253
29487
2537
3869
27846
28590
10308
15301
1509
9293
29359
27370
30596
21377
21788
32455
26824
24173
26738
14259
14195
3926
25395
29246
3502
26712
32092
2940
1286
19031
19340
24481
31412
2104
21865
5838
31009
14928
27455
13355
23209
26140
32491
6966
2463
20019
1016
32603
402
32378
6919
29124
30159
26775
3188
370
16679
9384
22070
8589
755
10804
20743
18936
3413
5473
12486
1577
2240
19560
25625
26168
28858
6471
5974
1589
19936
2998
24228
8127
20779
14171
19293
22994
13427
8769
28855
19169
1073
30599
7076
24869
13961
21077
16886
9524
13192
13588
27847
2773
12970
223
8728
17427
4511
308
4536
19088
2126
24560
2408
4892
24091
5498
29756
8070
1125
10558
26948
25266
14931
22109
3436
10988
7633
26786
19617
1660
19925
26041
11829
22139
487
22171
18565
997
15072
17741
6105
2799
28914
17098
15499
20634
25320
2366
25708
30344
27311
3700
25443
8462
31510
6802
16215
25484
10962
14084
13135
18169
28869
2486
28120
7874
30080
28806
3752
8149
7686
28921
10112
28152
13266
20524
17495
4960
19996
26382
16052
5759
24665
1741
24668
8733
4609
398
6445
29610
17300
11105
19530
979
25823
26484
30840
7507
124
5511
16328
22028
8344
29599
4727
7766
28920
18431
274
23191
16958
26452
31197
15124
21097
27440
30070
17926
32412
11449
22198
18417
16928
22435
472
7729
9899
10587
28381
4053
2531
12421
15150
10417
23582
8361
32388
19119
15468
3625
26373
26982
5591
9847
24752
9198
8681
14468
19450
12530
29807
8572
1977
20742
29821
29104
21058
15163
26290
24020
17870
14321
27837
20586
29731
24045
7712
12158
25968
9644
7732
10900
32376
18166
21358
9439
4594
5302
9184
4019
8496
19208
23299
18749
4096
916
7347
21362
20432
17435
2427
30533
17941
23375
30739
10269
29165
32744
26663
15238
5378
26100
4698
18726
25522
15982
14731
18164
110
21779
8535
13732
18016
16497
19935
29029
10065
22593
28875
31439
8393
26102
10127
19479
3192
17302
28396
3718
20436
23753
28602
17449
12036
17968
2278
14793
18173
24311
15031
21789
29419
12462
22357
4927
8402
340
7307
19293
22901
19381
6860
2481
32631
4599
3444
5811
2496
15983
2129
32397
15650
1721
7778
11471
10556
1287
26078
28772
27807
31673
32120
31685
1072
30510
30434
13676
10702
16858
19088
27788
1588
24217
14526
17919
14880
32067
15284
30079
693
7553
28489
5914
32029
21471
4518
15584
19828
25890
332
1247
11489
11227
23641
19281
8966
31804
9478
19731
28315
31275
3957
20057
24917
5525
23722
6561
13069
8453
26327
27365
4126
13941
17116
6933
26383
24164
6926
8132
14706
11560
10039
13090
29707
19078
26079
14378
4661
6016
31434
12060
4226
26222
22210
20014
29346
31056
3223
4734
24710
14947
30563
23884
7876
25330
5650
29030
26174
1135
16418
25827
24319
10178
6056
23316
16997
30433
23700
6840
26757
9377
1333
21615
17611
1740
16384
11634
5601
5747
17037
25216
19666
19077
2530
5916
28528
161
28660
9461
31219
26665
14955
32678
994
9112
1702
159
11319
5141
14079
12131
4286
840
17744
23029
21694
8044
7862
4492
31451
32165
27796
24462
5691
5780
28379
18108
5864
28969
19337
25770
13685
28601
30576
18291
16869
29521
7225
19370
22984
18761
8104
5780
18855
5916
12322
148
7586
14455
31340
998
9560
17295
27829
912
28423
10168
10967
32406
32244
6708
6106
878
16398
17736
6329
30643
1742
28053
29801
2078
1889
422
29976
21681
9737
18374
11955
11573
4289
7700
3754
29159
27936
217
6391
27759
7551
19224
30301
13585
24926
25959
14317
30759
21764
22270
29647
12239
5222
27918
7999
9697
1354
27732
18902
21028
3244
237
7691
26817
13153
24684
19193
11511
32250
21034
15203
23569
31723
4573
15861
17557
20973
16492
716
23999
17312
22274
4665
29485
117
20578
8386
14556
14283
31866
25706
23379
14424
12858
20275
24606
7883
21414
21216
27262
22447
22570
4607
14431
30867
20782
8743
27530
13416
7403
17279
29468
28458
15229
12671
10551
13507
31289
28923
30967
5932
26944
16221
8360
14293
20308
1842
25654
71
4075
32232
17380
19976
14210
20181
2881
5566
8756
30588
19545
16792
28811
14604
6952
20202
16022
17194
7508
28439
20796
31728
16923
12212
11727
2358
13961
28138
20453
32528
27119
6428
29027
22423
13970
2250
6362
6125
672
27062
25111
18043
28008
1605
13557
5757
23753
28199
24182
27841
32491
16698
16402
8619
5166
8620
2383
9341
5472
4449
12178
25557
2611
16020
6197
8056
9198
960
10457
1869
28770
7873
12798
19373
14624
25398
26577
730
25321
27691
23876
1996
24934
4341
13668
13876
4889
8540
32488
10171
6548
11520
28165
22154
489
23029
26762
18704
20833
3761
6184
11007
19057
29480
30481
30616
32233
3381
2758
6441
31855
31804
16681
8660
15404
6158
9178
401
1733
30476
21952
23926
909
8080
3814
27703
12793
26760
2697
31721
26708
19812
7023
1291
10931
14643
23162
28358
28204
3336
9084
26740
7235
26019
21581
31840
27301
25677
539
16332
23321
32516
6402
17465
30643
7128
6620
11746
8010
31637
27227
5002
30253
14242
27477
2935
20242
22313
18782
2495
8271
16248
15260
29634
22861
936
9431
3320
11321
22396
19152
8429
8188
10635
6100
3721
32366
10402
6800
6293
29382
14436
14375
8059
27734
6451
17538
10317
6517
18260
29928
21769
3772
21837
24782
12828
28277
17810
1264
32036
9296
10081
31904
18682
2392
31467
25950
8944
1062
8372
8362
7511
31060
22588
26646
25413
8245
4575
26527
14741
4035
6138
21053
4398
6105
21327
9401
3721
15011
11947
2751
10861
23122
24006
6708
20477
28436
2922
22729
7157
22851
13015
16337
8497
9180
10343
12880
22127
19252
5486
6484
4437
23526
27492
6792
12982
32272
4678
7430
26641
16575
22073
4205
9818
14759
22641
10803
16893
19736
1873
3389
18465
12845
25043
4013
32041
1863
2603
4860
9345
2745
27559
8776
30103
19397
30682
19183
25127
26568
16121
25436
4540
10161
26501
13345
13940
4535
18730
14150
7939
17228
12008
25057
10746
10060
1136
11239
32330
23675
29393
19010
11523
24622
12371
20260
8290
20808
1955
9370
31755
24424
23089
5476
21139
14945
8663
22532
21569
5611
13755
20501
23318
5528
22134
31198
30730
13577
17782
13351
26009
97
27552
23627
894
12538
21306
28815
16319
599
30985
11442
4329
21338
14518
21702
26013
26551
22647
8766
11595
23977
30699
1863
24126
11236
26181
15452
7385
15306
9132
19476
26656
29665
4578
4415
28538
18053
6180
23346
30132
6362
15954
11359
25930
5637
848
18217
31202
17052
29356
31990
8986
25690
15745
29573
1155
4632
23195
21634
14061
32760
29147
6999
12006
23524
5853
30022
27773
20023
5849
26548
22604
29369
24007
12488
29109
24017
14023
5685
12907
502
27583
5716
19252
2407
2118
12150
7662
30748
17345
12664
6352
10748
22219
19864
22259
336
16347
22662
10769
22904
15136
29375
29068
4572
29104
2838
25266
17702
9186
28563
9791
175
21240
24705
28451
4150
11778
22979
28294
12760
17919
1639
18698
17980
19780
4734
29008
20751
26146
20266
3005
23984
17603
23800
16254
7212
10325
20592
6345
19052
28522
1259
24678
15789
19359
4517
3183
8241
22652
5395
11860
14132
6556
19063
545
17698
9230
7601
772
23559
30458
12632
10506
13383
18312
2825
13353
23439
17405
23039
10371
20491
4648
3044
24553
23514
3324
9191
21662
17599
1406
2063
2398
9241
2786
14543
12959
31509
32240
9946
1303
22306
29613
6968
19838
6821
11064
26010
13717
15854
6898
17643
23143
7275
22753
15911
6095
8732
25175
21872
11578
27975
1742
23903
8110
14445
31255
20632
32012
8316
20916
27041
25746
6982
29058
27892
30883
12850
11163
22866
7627
21810
6010
29275
11006
23029
25696
22876
28448
31581
10999
10344
12235
27955
565
17322
1356
22554
23428
21753
14318
20929
27168
9645
636
9565
6592
19121
24065
87
22648
22234
15058
22337
14302
1911
19150
5903
10604
7978
16613
30340
23077
25334
10711
31722
29051
28056
16958
2822
14193
19739
28111
3915
26109
7847
13277
5710
10672
7322
25886
28282
5528
21209
20146
7685
3686
28009
7777
17954
28876
21817
23589
18041
30505
3906
7400
13524
8808
4562
21134
32027
10789
1061
23862
15746
14354
7222
16829
13057
29338
3796
10628
18949
6852
17912
3956
10085
16729
20822
15935
15767
22345
17714
1000
16932
7499
31605
16005
5977
14020
27392
9796
32319
25578
2368
30892
9422
10025
27139
26917
25694
22982
4490
31419
17502
29634
11487
10015
5448
2817
9321
30446
14292
19883
15549
28470
25709
31699
14775
30775
1761
9302
14282
8550
604
10502
12180
26296
29079
19976
22453
23324
14157
22651
22754
23625
29423
90
2101
13243
11672
14756
7111
18680
21315
6330
3457
18712
19516
22024
8239
26500
19156
13543
15062
7166
8537
20930
3656
482
13381
7032
14581
15531
23734
31746
23812
1464
20254
29782
23715
18257
23100
12171
12443
26853
4683
20797
3367
12437
15481
819
18694
24055
3738
1599
15055
25107
5918
19046
133
22706
24896
21057
25963
9945
10625
26019
23065
25232
13909
22397
13008
26599
10524
25342
8203
16187
23379
25598
5462
14518
7180
28316
4707
24853
24987
2598
603
13230
17299
4922
9586
11697
20721
2347
14526
9902
5782
19110
20553
4695
27131
1430
5989
3976
19488
24132
27455
26756
30917
4547
951
26754
30173
6027
7791
10856
14144
1636
24610
17622
10912
16518
24632
30566
16318
11006
4759
15666
16605
29779
955
26775
3959
11882
6921
11321
6448
16295
22368
13639
6408
28501
14834
15105
30932
4424
21330
10103
26351
5312
9933
15763
29741
31377
22526
24665
19984
30337
22173
24430
26943
16370
31896
27863
12339
21953
21093
8196
2612
14701
28054
10765
20100
25980
7598
7995
30682
794
23347
31178
11281
8964
11524
14829
27682
32164
30701
18195
80
32381
27769
30313
29858
7882
1799
23200
14742
21346
22048
16624
15636
4575
31496
32605
4001
12543
6291
30777
27093
10315
9274
30442
9743
29430
19822
18925
615
6663
28461
15899
16100
10683
16338
24363
27632
5668
13105
8569
32008
21271
17123
22789
29624
9029
4319
8639
14023
25256
6218
7426
27055
20513
24721
10334
22607
6751
26292
29082
19172
13314
12517
3065
22070
13056
16465
27325
31759
16200
21822
25834
12273
21670
14678
9804
5128
23527
1090
12731
606
24381
3707
22686
13902
24037
1629
19374
10811
774
23422
10493
32130
17373
29757
11062
30380
10519
24990
24102
30185
18302
1365
31867
27578
11224
24096
23244
10221
15884
28250
986
5326
24455
28878
27158
12956
18654
20425
21091
26426
27317
4723
23580
30247
21983
13406
19033
13488
28359
7008
29294
20068
28686
8094
29621
11721
117
23018
7310
23885
24574
11343
8355
29823
28750
14569
1137
25983
7254
15098
25092
16051
25394
30267
27393
13500
2641
12400
19434
2217
15063
26943
21662
7786
3647
17474
2591
22407
20037
22875
1432
1554
27651
24392
17567
3034
29274
25719
20151
31201
30611
2587
21529
17424
21062
30079
10676
23850
5499
27546
18034
20223
6160
19173
9661
8930
2907
22377
13122
11868
25871
3356
9204
6178
8292
27757
24660
10565
6770
29982
25584
16041
3550
17234
13866
28344
29113
743
24635
14167
16293
11525
1144
18457
25914
17399
31443
15539
25768
314
5796
23473
26781
10708
31146
11623
20329
31975
6220
32553
29024
28806
21285
9919
9855
12487
18880
6675
20307
5402
19104
12077
25879
32729
1156
6241
21789
23584
23785
28871
11119
11742
4047
27884
20661
26668
31936
967
24409
32222
17679
9199
21482
24664
8030
18699
7358
24740
1122
1417
19676
9921
6379
21651
30232
13117
31006
18494
28288
7942
18693
26629
1271
3453
11851
21367
26912
1228
5952
32044
19070
8313
29475
4605
29401
21052
16289
24692
24547
9486
3993
21634
8219
13955
28450
23408
30450
23129
18639
17432
3116
7249
12338
28501
10890
5181
13726
25784
20902
16475
10033
8061
7966
23009
25362
10173
21236
22489
7928
19429
29493
5167
18668
3686
21209
18185
25935
7086
32747
19542
3614
23640
23786
26538
30581
30623
26990
31305
7506
23065
32270
24450
32412
5282
32642
25406
2404
10133
19717
1752
7274
3651
28157
2095
16867
7837
17118
24314
1913
4404
15692
9308
6036
17764
25472
6329
30680
5579
8940
15303
4335
20736
13858
10984
25480
10882
8690
14775
3743
14319
3538
30944
2815
20087
31620
7990
16390
21647
8690
2303
21929
23530
28509
16786
26551
6053
30390
19237
32354
706
19532
6368
28667
19159
5544
28470
4093
21255
20661
7796
20301
25394
5669
19354
12736
22377
23311
15211
15582
25509
30173
21440
17382
16312
27237
18209
13586
20355
16726
7830
19483
7018
28374
5563
19968
11525
3177
32019
12804
9240
27157
5790
23541
6086
15044
8366
19380
6145
24553
758
26098
25413
6246
20964
14904
9350
5806
7217
27178
19815
16934
14006
5644
24748
10194
31361
29317
16626
24109
10536
27555
22429
24664
27485
31008
10259
9335
7619
2020
9000
29017
24576
7370
20184
14167
6676
5287
5692
28798
27625
9609
21943
19440
15146
1340
30577
10375
21337
22803
13318
8892
19484
21220
19327
14791
10712
8021
19073
20488
27777
2390
12228
2726
177
30447
1479
21622
18167
9020
17602
2078
9585
14774
4317
1402
22429
14003
10399
13886
28780
12593
6057
17885
17048
29135
420
4266
9016
31516
6520
3645
14994
26388
6334
15129
22320
15848
19321
17804
30518
10750
1024
470
31730
11577
2879
27021
15285
15226
24863
10815
26081
24167
24899
1882
27972
18027
8181
4937
27812
27901
4960
992
14747
11302
23807
9722
6566
28477
18261
13408
19832
24822
19423
5613
26260
15003
13639
18160
6938
6296
12762
29138
3041
30781
27196
31481
12487
17088
28762
1003
24389
2433
6817
10679
8007
22418
8046
657
16954
15479
1221
7868
28774
29738
14405
4269
8318
20579
25435
16493
11637
18197
20407
3647
32404
19004
28668
2179
30154
19670
24764
14554
6211
6447
30115
19595
9531
23650
9970
7205
3861
2845
29487
22118
2727
932
2331
21084
10457
4377
19941
19658
11886
13306
5021
5325
7713
21483
5099
27583
10484
16054
769
7260
30917
6288
20174
3363
2338
8606
24181
20991
606
29879
26109
295
19172
9068
8778
20291
17100
21317
4428
14032
23980
16462
31350
11973
3761
18642
23410
13431
15086
26215
3347
11450
9715
14378
13451
24649
3234
588
21726
5992
25150
18126
5270
6343
25541
23432
3001
4010
30080
8560
11768
7495
32472
16665
9513
6511
14443
4218
12279
18033
8287
1521
22744
31804
2294
23688
6464
3779
30051
19830
15637
29606
14557
745
6754
27406
3057
10242
29007
12248
3100
14881
2129
29431
22937
32612
22686
9747
18296
18026
24292
22902
20976
21341
25658
12585
20214
7727
21335
13658
3342
17955
28161
513
21602
24208
30409
6596
32273
30946
8950
24599
5577
4065
26815
32423
14744
14390
32189
14841
11263
14890
6559
31054
19529
30898
20768
1483
26906
18857
7478
17622
8523
9052
25228
29123
18165
17227
3379
6832
30924
12846
5269
25773
26031
18743
31658
23329
28285
7319
8558
20073
6697
28483
30098
1473
4113
5112
25969
18536
3211
24444
5447
511
961
4136
14749
1586
26304
20131
9480
14235
16075
11248
24083
5603
4853
16555
20858
30507
19439
20879
29849
28842
2590
7484
27683
12951
8688
14135
2839
23369
12913
5171
15856
1437
2585
11151
13853
5784
19944
21023
27056
3661
5814
12847
15194
24577
30916
1221
24215
5518
10646
28711
19494
16901
14341
12189
23228
1943
2704
26744
20473
13494
6131
20563
32155
15479
3579
2201
16114
3643
23192
21320
27284
4238
19252
1268
3153
17231
13891
22542
31593
19730
25371
1382
8445
30658
9222
17903
708
24715
22166
8642
26111
24310
15929
12390
7855
26454
27917
11855
24325
27748
12022
2980
6938
1062
10989
22598
21728
21525
11931
12557
25689
2174
22566
4693
4102
23337
4683
13241
2467
27961
5805
20766
8977
30803
27244
1268
20372
6914
2298
6072
17726
17498
12586
26813
21163
732
2186
21549
15599
15002
2291
14922
14797
1692
27742
3066
23082
18817
2809
131
30912
12649
24443
22675
279
13075
9652
21123
8881
16451
18280
13276
17541
15719
2909
3099
19632
31353
15027
5297
4198
13095
12404
21070
46
23090
1900
23391
25679
13332
23099
26582
15749
1253
18856
3625
7673
21887
15672
20893
3696
5089
4608
26052
21443
4817
11191
19268
10383
11462
7183
10715
16173
3588
21573
2976
8165
27145
5367
23948
14174
8232
4151
22840
10585
4980
29149
15336
15263
14815
16929
28361
27960
9891
22121
1143
3550
5089
17503
12226
27058
12168
2887
6066
23853
12153
26512
11465
25944
28905
1192
25479
64
9990
277
30772
29092
23773
30914
8153
16370
20091
2454
19088
32114
23890
1611
23293
12736
9183
19326
30493
30591
27786
27394
22078
8780
4046
8570
12367
241
32153
18983
12890
4059
30198
17662
7247
12239
13545
766
27651
13528
5530
11456
14712
24964
28854
5968
10335
8783
14867
31547
4827
7520
8595
8681
20872
27251
15178
32045
17596
1815
29411
23835
781
23321
20031
14362
20755
24896
17248
14650
18031
18490
9606
2247
17419
8151
28055
798
8100
26229
25028
20927
10374
2748
24682
6820
27031
13707
21046
14801
19607
28721
1933
14637
678
31457
1323
31376
22023
26464
1034
18461
18723
19457
10373
16082
9937
8915
13501
18269
26580
10521
14908
4401
4517
21242
3800
17370
29300
10106
2266
23181
24169
6313
18016
24068
21039
11290
1024
28809
7859
1943
18094
24656
553
13843
23776
13321
21073
14560
31472
26038
7160
14627
30401
16314
23489
28036
26277
4147
13349
2090
10110
9866
17593
16614
3620
20297
1711
20398
18439
16940
21152
27470
12054
13946
29577
8282
5343
4501
27411
5223
18679
25552
19223
2426
24220
10114
18529
13761
30105
30297
27316
17281
2666
10480
32271
3408
4513
5283
10543
27268
25224
23458
19797
8171
13576
836
4937
18621
14025
17566
18847
19406
31643
19285
30777
12552
19733
22192
19725
27417
7547
28913
17960
26985
8677
12518
15603
1615
22430
14779
14006
9604
30923
27922
7770
5848
9293
853
19315
4387
15592
32331
31358
22911
17316
10730
6758
27316
12659
8045
4942
12532
5141
32422
27274
11721
29241
20884
26606
6219
15077
20024
8268
19862
17431
27301
2360
9595
7341
30551
31246
32630
13698
13253
15927
7136
9690
4409
7335
5478
3840
6112
30890
3770
25389
8733
28641
26760
5036
25123
6535
5036
27196
26051
19193
21410
4534
3202
1398
1342
4591
9199
28963
15773
17120
7732
2386
21851
31492
5866
24067
13318
32002
6706
3755
28627
26764
25089
25141
5520
12935
32187
8263
11482
26732
6148
4038
19600
17134
20179
16028
21384
19421
20935
30393
6528
6986
15039
1111
11351
28652
21669
12675
28029
9922
17546
6873
9128
22010
18680
16783
21704
3858
899
32437
31806
3133
162
15290
29000
19720
29117
5171
4544
26173
19847
17624
1287
2311
19086
3023
11068
1368
26641
24110
3249
19336
30993
5819
23967
12607
26026
502
27160
32148
5796
27481
32318
118
16198
4062
7859
14667
31082
6594
9552
20696
26583
2440
5658
27233
21194
12354
16497
4113
29398
7948
139
16028
24046
12249
13601
21538
19137
2930
15720
26199
7750
20667
4931
17377
30615
16696
21943
9473
11778
5841
22431
20342
30045
26322
1697
12702
7323
13878
15968
14559
6813
8997
23539
26437
23882
18363
9623
27756
3810
14859
23200
17825
17807
19812
32694
10564
20798
30931
15165
16752
7084
1768
22037
31199
20164
29373
13444
25863
13608
5685
23408
31881
2318
3458
21970
16588
9549
29674
3687
31717
19639
24010
29097
11195
31658
13275
27645
22376
30690
21428
6190
21474
4753
6544
12826
15322
20658
14162
8619
7908
28058
31942
12809
11225
27600
29994
18702
23161
10270
32237
13051
22613
8936
15030
22121
15597
29629
2728
25730
18709
6956
25317
22896
13725
9945
12880
24854
21808
23504
12952
29694
3453
23320
19058
16531
27541
29836
25893
13457
22420
7142
25420
15033
11140
13341
2263
201
12670
9457
3156
22955
19730
28355
11117
4077
21482
12459
26801
15473
22953
21701
22167
30054
29465
22219
5055
26998
13446
22761
23676
15169
28517
31436
21904
12555
29498
9981
29750
3249
21944
19053
10086
8162
1577
10833
9812
28811
12304
19503
2106
403
12557
9273
2391
5065
9730
32219
8503
29467
21364
21136
20022
9224
27956
761
14912
1368
318
9776
7386
14858
2529
25434
32358
28558
27424
2427
16546
21556
24409
22927
4211
20965
5924
14038
9441
24849
4222
12655
28514
2024
26919
7976
8539
22989
12360
13973
10980
2823
31577
24671
5836
27834
16962
13023
26588
25878
18112
19435
23392
14287
2827
31984
13540
13005
7094
32065
30524
4900
12502
5807
11975
13894
27238
90
12532
27512
11242
23495
29956
31106
23379
2098
27154
11435
1827
16421
28241
228
14289
13641
19350
15428
28783
7805
23830
3508
8842
27685
17008
1004
6482
5828
17390
28830
8186
15310
19463
3056
26466
31927
6697
27696
28404
21584
4790
9667
29900
22099
20557
10079
12571
3388
23114
9851
24781
27227
9360
12291
25449
31784
15494
12623
28729
24278
18271
3414
9900
6955
13727
4639
32248
26510
20442
25209
22531
32610
191
10220
15236
1170
86
8431
31077
8045
17542
24411
16749
20661
23258
19232
27163
10738
3973
15671
28629
24588
1443
18136
28482
27673
9409
30956
7924
11892
32672
16325
3146
18447
6198
9997
8084
7690
9462
6652
11129
15236
15185
29646
2966
1457
893
29813
5736
30252
22901
28043
26220
20367
32577
15242
16004
66
17527
24383
3485
10128
18178
19324
21903
28928
12578
15118
31044
14818
6324
8942
13853
13608
25524
5308
19601
375
22016
9576
7192
25982
11358
11315
13895
9863
26817
28118
11580
11595
13256
2048
8508
27915
30600
12550
20891
16604
6027
8150
13532
13123
27160
12334
23578
25601
22197
5899
9639
48
15851
15203
754
143
3657
1814
21934
8731
10924
17443
10288
19679
1469
23063
17689
23820
5818
32716
29238
588
2938
13647
21156
10580
23467
6690
13368
9144
8543
29604
19485
516
23239
30669
9919
21512
31037
12318
20200
17267
24968
2264
28713
15524
16732
24685
30844
6588
24097
11060
32039
1016
16629
32608
26340
32574
25588
7475
10558
21493
17591
18287
2366
19226
26
14
14151
28816
23363
32050
16447
20408
24032
27231
6639
24130
25007
18920
20141
2371
15172
2727
3128
6279
24583
9713
6627
23592
11644
22985
31222
22623
13767
21332
14929
25499
13679
23950
14418
27344
5730
26682
23545
20498
9273
31519
3658
5986
21950
26993
28403
21960
20395
22926
3375
5794
1205
29931
10218
11067
5833
21581
14630
6303
23958
31804
20637
6062
13899
32180
424
23408
162
3871
26719
4520
27933
12672
2562
20908
143
13809
5272
28019
28895
14159
16853
22768
16137
23604
24897
7070
12901
29989
19863
93
6444
19213
20843
30588
29240
12778
16144
24343
25611
13255
16313
9635
9491
26602
7646
31431
14637
19022
3810
621
10343
10068
16370
15898
4874
28597
10800
8314
18136
2235
29201
32576
14738
27825
22019
22317
3261
12184
28756
5741
32422
15387
20559
24874
27812
23749
11944
1116
19101
25970
16666
2782
13259
4355
29006
10439
30912
26454
31487
28919
20136
16246
13660
2288
975
12814
2989
20200
23907
4132
26938
9756
634
12803
7272
23910
6230
12921
29990
25618
29672
27203
8839
16622
1172
16326
5040
32672
23604
7936
24565
2108
30815
11709
31295
5398
12523
4110
13233
15061
28592
20727
20875
14025
5519
17256
14926
30591
12468
28526
32289
5010
26647
24491
15987
8899
16457
25348
14562
11596
7533
5785
31067
9586
9860
19450
30595
8026
28143
8088
9046
15133
814
21369
9486
29982
20974
16944
21575
20636
29251
32269
10848
4227
20018
28817
13348
29320
16498
3620
18090
8308
4211
29194
31609
19392
28576
30356
14320
10083
23522
7571
17382
13288
2917
23826
13197
4547
17822
9285
10396
19941
19853
11452
11949
23694
16703
27612
14051
13923
4760
14480
30417
19392
32079
31036
11927
16975
7738
28147
6734
12506
4044
27369
4775
19805
12252
5931
8398
16736
29351
909
2453
6275
26393
11748
5070
32091
20552
17526
3576
14460
30786
15791
22303
9687
8200
6166
28413
5191
12506
22143
20837
17254
4789
3201
8418
29605
19483
3882
25755
15516
20242
7666
23929
7582
5999
6126
13964
31889
32340
4422
5291
1788
26360
23785
18779
10594
10406
24191
11507
4303
23049
14496
25597
27312
24998
11075
5086
22247
28586
13945
19130
16415
17638
21851
7826
3677
27416
25920
18351
26584
17004
3380
14916
29707
2114
14758
847
21768
15154
97
27840
19215
77
190
11485
13919
28070
5143
9445
27468
24082
25214
29427
3218
12843
12207
23334
24553
8859
29764
19455
20698
1943
5928
522
5584
14761
23374
3777
11122
28595
21923
18093
6704
15921
32577
23246
14876
7102
14309
8509
26876
3802
19619
20752
26269
26858
22232
13694
19306
12928
1889
7236
19772
11485
12810
838
18036
3252
11593
18810
13128
21041
23085
26370
6490
25146
26769
28824
3471
17653
11157
27183
19486
11658
4687
11479
5863
12074
6333
25570
19975
17232
17662
25925
30377
1350
1218
26945
9246
18156
32512
25922
30513
25269
11751
3591
10164
28402
21782
17667
19551
13907
10255
29955
21723
6570
13545
8722
27161
16115
26438
12441
10472
12690
14213
10187
27335
22491
23097
29504
4343
25047
985
26592
1493
5445
5305
4099
26727
6880
16696
727
5685
12512
2619
19201
1882
26307
6619
8327
12506
17997
22619
31213
24886
3534
19805
14494
19262
24483
8533
29838
13095
2815
21309
11038
29149
20972
30347
21824
17050
20620
3424
10459
3768
27045
21250
2417
11204
23644
2700
27647
16339
26433
9700
12836
16409
7308
22766
16518
15799
19366
27903
21618
29909
9196
26773
23746
20977
29871
24389
23044
24950
11903
32244
2520
23953
2473
10058
24986
20032
30206
13412
7233
28588
14294
11721
24455
21176
22101
4256
15435
27610
16109
29728
3635
1066
16932
9031
32405
16568
19864
32463
11928
13347
1856
15198
19606
11879
11764
20477
6341
16119
25392
10443
7447
7436
16917
29170
7262
27196
26544
3803
31924
846
20607
4510
12570
21325
12081
18109
26207
23771
8366
10513
30532
28104
24919
20996
27613
12515
26511
14849
2106
4624
1914
23849
11847
10395
1028
6216
5873
7116
12582
20999
9866
13756
2917
17507
24687
6246
26779
31325
15848
18689
9721
22003
27727
1422
30541
12880
13941
6317
15233
30272
7489
8116
31332
10982
25498
30466
28590
27313
4487
16529
18238
15500
12949
14539
28325
12117
21370
19871
8168
18833
759
11219
2434
8542
23043
13980
14249
12456
20261
7532
8914
14752
22818
1035
1911
20330
9432
28905
27416
22294
25194
30131
29312
5330
28061
17956
27977
6494
21890
12574
15010
9152
1878
12281
27472
19256
8358
27
17651
1398
11446
31432
2699
23819
20772
7996
11834
27678
11721
759
20556
28512
29664
7257
12148
1346
30826
7022
28248
28005
17873
17675
21072
23633
28875
1050
24427
14187
13441
9522
30132
19745
6641
28779
21427
23912
11920
5488
8758
1640
3636
7637
27985
26997
17458
22955
11939
7234
18371
31314
19675
14929
6061
20367
13435
10926
14623
23262
28124
28125
7644
11530
21618
2065
13723
16890
21330
23455
11950
20174
19185
1969
10723
13867
1071
7999
26024
5842
21652
19515
9330
10360
22489
13068
21087
23250
25258
10814
11802
27375
4778
6776
30975
25290
8120
6830
29311
14112
21105
7319
8902
30591
17397
15714
14492
17568
19182
3749
32393
246
14799
27542
11069
28551
21082
11901
4398
13563
4709
23145
29059
28402
15837
3362
30257
21915
18955
19808
5988
7043
3606
2362
28704
32682
23754
22753
17960
17884
27543
22926
18719
2366
10973
13497
19693
7464
29543
10124
868
28722
11573
7831
31012
9618
21374
14789
22971
22693
31221
19599
16145
16075
14156
11887
4100
7032
6390
28568
12879
14984
1074
17892
5040
25811
10309
17934
20042
770
26118
15649
27720
25249
20640
15920
3779
20853
11156
14408
31717
783
2557
10403
22607
29857
29464
15646
4025
17169
12291
31469
12504
10060
9925
15758
16517
3293
26255
8699
18459
30398
18754
12836
8993
9837
20016
25756
20521
14659
4647
17555
18679
12290
2220
22020
9702
5293
23172
2607
4232
12956
3449
22602
18829
5327
22874
20084
17894
16003
20036
12010
10026
20995
12320
28029
4920
6593
11117
8516
12062
10149
18240
16014
16697
32421
14472
11546
16030
31382
31383
3723
18361
27201
20702
18710
22580
4026
5624
10878
11802
31469
31723
14146
11325
29306
8618
31253
15317
24259
8670
26510
29033
27458
32485
10785
30963
21025
4123
27214
3391
1540
21593
26392
32404
11818
19900
29369
3222
10420
19112
10132
5995
1860
16396
26987
27677
14794
6375
1746
12351
23451
7947
3811
12500
22212
24865
12084
6252
20893
14829
11782
20624
6817
23763
21695
4704
1660
2970
24219
27259
29798
22897
16286
13343
27824
7983
22477
20370
3484
1247
26269
6080
14962
17532
21164
23333
16592
2553
6575
23533
26690
5252
31915
7002
8210
32012
15465
29799
16226
17921
31268
18859
2935
6235
4228
19071
30808
20957
30928
4963
22424
18587
4191
11678
26992
26554
21071
12837
1041
2423
22906
5054
17719
12906
16038
21605
514
4620
9980
10735
26882
27768
5820
21997
2704
20846
23598
13523
15205
17565
9948
18522
1381
15138
7934
16674
6844
4684
4406
19356
32556
25506
637
9255
23461
23079
16477
13945
12311
27868
16738
19521
22404
8839
27083
3850
4697
17075
2180
24931
2814
6136
8281
21309
2220
10108
20836
13716
17535
442
30407
4434
5324
4226
19617
1392
25268
1601
12858
20574
7673
21123
23681
2213
8977
16310
3257
18635
18297
7729
8047
21110
76
8309
1967
27861
22292
19634
2679
572
8416
10125
20076
16654
11159
31776
5068
17376
21899
25922
10404
1243
17233
31753
27971
8290
10193
20366
31982
10997
21145
2544
20181
7766
30839
26268
25414
8682
27206
24011
20769
12897
11784
10572
18316
27802
11829
1667
22503
32704
29523
22962
7171
2746
7111
5751
3214
26818
1515
4502
7122
12627
24672
8185
26784
28489
5286
9973
7558
21316
16361
463
20552
25933
11806
24703
30094
31164
2895
947
15579
27992
16179
31255
26814
27841
9986
17108
30540
19211
8583
31062
11981
11180
8567
28243
25270
920
14849
21001
1240
13738
22950
21447
22230
20038
10059
23214
20444
8765
13709
15289
2702
21744
84
4347
20287
2489
26795
5672
3684
17542
8911
11863
24392
15815
19077
30470
22273
11659
4529
3167
19362
20965
15653
25274
22450
13461
25527
22882
12765
29668
9110
27292
11498
4816
16862
7397
29677
5225
26729
6524
22206
26235
30185
3104
15017
24429
5171
12315
871
21353
2270
11903
2125
1214
29709
12720
27076
29570
29065
21026
23289
20603
20499
16484
13270
5952
21240
20574
24368
5019
12773
18903
31042
22066
19197
8762
12890
23654
15145
921
18898
28540
20655
17650
13634
32506
3079
14257
18420
31316
8938
28279
28312
28104
14763
24858
21305
26247
18122
4589
32112
25109
21703
6209
17112
19698
5684
13355
7105
21626
14
20360
12329
4106
24141
4159
12520
17764
5818
24518
20778
19541
3585
3048
29730
21909
25351
25797
25341
6382
29821
31770
7957
11936
25782
27074
9320
6149
4021
14717
12360
15217
10123
26097
24660
22364
27360
1262
15782
12483
10703
2294
2126
203
3319
15357
22271
26024
21198
22381
24329
23229
30521
23917
30855
31748
31066
5987
13018
6321
13225
23991
3414
22802
31303
3291
10298
31674
29583
19336
486
28126
24301
1610
5192
17151
15859
17470
26264
20425
5033
14618
26437
27708
11813
14447
8751
8457
11868
28203
10006
17471
16952
98
13394
18726
17643
32334
31173
18283
14722
16532
2063
32126
21437
7880
16384
21049
798
7732
22099
6594
13376
32213
16281
8626
15466
17319
6259
18551
9060
12067
24068
9207
16265
13573
2726
31605
22558
26706
27356
6329
16866
29850
16009
13419
10726
3450
31327
449
671
30566
15769
7514
18234
3493
20461
25449
2351
27037
15292
28949
31769
3921
22669
21792
29637
17192
22969
13255
2185
27888
13671
25066
21975
11298
30651
15213
1809
360
22091
14558
9887
12636
6099
2136
25408
17555
9257
11687
16285
18650
20595
28076
24612
14271
15255
2307
27411
9812
20211
2532
11987
8751
14159
10567
648
24501
27151
3916
5350
7577
2733
29401
7494
24991
17511
23685
8953
29350
27701
4277
20188
13285
32510
25860
31532
17781
20491
1257
30108
3599
31676
27028
10149
4632
29306
2328
6430
15322
12268
207
268
30997
29294
16122
22715
20918
1727
28585
9486
23526
31737
12507
27155
12614
21447
20965
31962
18809
722
8728
10120
24036
21884
4766
21415
15025
3281
12197
11968
8474
18362
13504
32044
7908
3188
16521
3879
32553
1601
27532
3110
14427
19294
18016
2155
31622
16180
791
6358
18645
25810
19929
22782
11608
13723
6347
6016
3588
20540
24373
7319
9212
5090
9189
16109
3599
31657
11982
15025
7041
20055
19957
32490
13326
30282
7566
25867
300
5551
7009
1735
15505
10997
2419
9766
18421
22913
25571
23513
29209
10916
28178
32715
3336
23242
6918
32760
14748
1780
21777
6530
3141
20072
26797
10241
28422
15526
5803
32539
25792
3999
4493
598
4531
11810
27184
28457
11586
25239
12206
3417
16630
11759
18050
14723
22726
18139
15085
32244
2198
6460
4761
11713
27389
23003
24957
13845
32075
603
9728
6597
31947
18796
12385
19242
10565
27457
6486
22575
4295
22083
3059
7337
18597
4103
26318
28391
14271
26237
30817
31370
22018
16747
23215
15767
1330
10266
12843
23499
26342
20304
21461
15407
21460
17277
5798
9452
22606
825
21550
18783
23053
7662
23676
32368
19246
10962
24894
2336
3706
11289
7209
15202
28906
12904
13467
21292
23658
21644
10367
20429
10206
20332
15474
12673
10339
25148
14115
22339
26583
15092
27648
28386
9371
1793
22799
11095
32407
31802
23577
13654
30079
28181
17166
2595
7253
17179
15269
15527
9776
24217
26179
19651
12347
21145
4126
2276
27904
28176
22690
11736
5351
31577
17940
14560
16377
17122
3445
8198
3306
9766
4521
25776
14679
26331
24024
13430
3916
28268
7957
3121
19465
10665
24893
4436
25606
19646
4898
5504
18484
4961
5609
30802
4230
20816
23473
23424
12208
26363
22902
23844
5167
28285
20532
19543
23177
13521
12623
3074
29910
21315
8754
6129
27519
32036
25398
24617
6982
21954
7622
28284
5254
25240
24002
2650
32700
28097
14880
20202
11079
27827
28889
26457
9836
16169
31235
25971
3485
23137
22074
26224
27643
13448
7237
31248
22041
1139
2551
32746
8707
10639
7250
28416
24703
20507
29427
15256
31634
9620
682
20295
7750
12657
23400
18255
18859
9745
1374
27947
15132
15858
14691
7527
1987
31011
30870
4277
4448
20220
18245
15166
14405
10252
3854
13878
28325
13395
27716
26547
4367
29105
27285
23743
10294
30367
29929
2475
30707
21789
31884
25767
32653
10731
7056
3728
20279
11260
13933
32265
22234
20520
24811
24781
4629
21793
2626
10052
13699
19368
13439
28244
16700
28417
15145
15225
7326
24996
27941
16152
8013
8757
32215
4368
11128
19638
4490
7059
15710
31740
26898
10292
5137
24415
28847
17216
22394
22710
13877
26962
24478
13955
2666
13090
287
24170
20912
29598
774
31720
18404
31804
8639
1857
15237
31630
17253
14522
1049
10775
16705
15369
14284
14685
27277
14346
25691
14655
9341
32435
20272
26505
19328
31050
207
7622
14787
9429
8048
20821
5878
13011
23789
22975
21844
8745
31711
29000
32733
25695
12292
9156
15846
25356
24037
8108
12244
31119
32181
7537
2341
14080
9595
20752
2992
31847
32372
6631
18477
19243
10674
25799
18423
22477
22538
29770
1041
13525
6445
871
19815
10765
9749
30275
2647
3054
10915
3402
28016
10072
21126
20095
2426
5510
7518
6416
26294
3136
15905
5934
32103
32338
2494
539
14736
8254
14593
27781
27648
9518
439
1810
19596
18476
19218
4924
29084
30101
335
30815
24809
10443
19605
12048
7556
21035
12065
30385
22299
22847
20128
2370
7800
3892
27868
16762
17226
9614
21403
26391
16168
32026
14276
5490
20947
24868
22468
28758
12987
747
22832
6930
31685
18770
10668
9677
12620
18648
26379
25882
2918
30666
4792
26573
25704
29368
5204
32524
28844
25893
20384
3241
9105
27266
20894
2991
26052
31582
22771
1850
190
15063
15760
29580
25486
14420
31633
7518
9433
31094
25957
9076
26143
24651
16688
11892
31807
16837
21869
23288
318
16491
10456
2530
13124
16207
31115
2800
17639
320
12135
21904
684
18496
19893
17397
29131
2361
10253
1130
19507
2027
24183
13542
32206
28457
25809
23777
1798
14661
6513
14695
26760
31945
12043
3947
31816
29031
28116
30813
24517
16691
4071
23807
21390
31248
15592
4724
13317
13160
26856
19865
28515
15393
6793
24729
7420
25804
23651
30396
6597
14879
23974
17024
19987
17317
1536
20971
165
6836
193
32031
23269
28064
829
9007
619
17198
21105
10545
27587
4683
19434
28565
19056
510
30179
12725
16944
26012
23214
940
15746
18747
13141
25196
3430
8808
9600
2571
13924
31005
6297
1630
3791
7405
26159
12745
4683
14978
27032
5717
3725
25929
13019
25859
3426
26988
24781
30561
8179
31233
26233
3930
28487
3969
16325
18770
13833
2683
22867
29811
1932
28297
12198
17729
2060
18820
27014
5749
31287
6900
29093
11272
17899
20426
21378
11406
23618
9810
24462
17605
7372
3683
23182
10606
8219
23001
15424
27483
2949
20804
16705
20938
21029
226
21550
12017
1827
20939
4617
25306
9525
17260
28127
113
28518
22838
14248
18652
20247
4247
2671
28938
21315
29482
26035
25999
13575
6443
30220
175
1377
12333
20754
26296
26680
23055
10362
31894
156
30764
14466
11425
29264
14034
30096
28089
7301
27894
15637
16533
29161
9253
3512
5976
4576
23742
2737
23397
1809
25183
20082
1397
20261
17565
20621
31719
4043
18424
25298
11095
7424
25357
2487
3441
13453
7182
13310
4615
4817
23152
5521
7778
17600
227
10673
5846
23340
25479
8271
9881
25412
28253
15034
14806
18522
4092
23419
24060
745
15493
19837
31836
14550
7384
1650
8947
13046
15880
26737
20356
19409
21773
18148
28907
15269
27321
12961
4781
26030
1006
20823
26323
2725
6669
17452
8697
1159
30641
24996
23970
28567
19870
18117
29902
25766
5108
889
3791
10386
2985
26163
19544
29965
29749
10965
19159
16031
18831
4306
29188
7150
7769
7311
16314
12862
26199
2064
1543
19252
17702
9936
20351
30687
13611
16624
24021
25849
6857
10644
30380
17513
6103
5259
29354
28685
13137
28462
17102
10679
10573
16522
24580
7285
30513
21697
22775
790
30756
14253
29223
6121
9666
17095
3131
12744
20756
16967
17560
12885
26559
30093
1074
10628
6523
28352
28834
21082
29127
5557
29562
19700
14812
21010
19413
14794
14047
8371
24114
6709
6234
6220
13954
6703
10989
8528
28799
10074
9025
25874
31296
31045
5438
14379
25866
28394
27518
1051
14442
25979
29441
29747
31616
27742
20258
27058
26782
31350
27081
31534
32530
2212
13283
821
26431
13709
18959
565
23795
22174
20890
22425
5108
6734
8622
5685
19164
8099
3270
30692
39
9976
24165
13423
32139
16381
24840
16305
11656
6399
89
13049
28479
21354
23461
26032
23687
396
23696
31036
13886
12699
9736
23587
27357
10746
28535
2164
27471
15032
8253
355
16900
18522
16221
21555
8257
29658
2934
8281
21946
1007
20214
27358
26210
29583
17546
16645
12930
18866
8153
28206
25864
7770
3697
18682
7202
28880
17665
23472
12
13104
27850
27615
15399
12071
1360
9541
3658
10236
3669
27632
24668
24013
3591
6563
8227
22044
18297
10875
18775
3466
13648
7378
22011
30433
7359
2148
2285
27480
19637
12464
18107
28691
23892
5794
28856
29930
934
19822
30287
28779
19851
5823
4248
32034
23030
2577
23593
23576
24921
19291
17711
153
8798
5362
31165
2362
1752
6314
22115
18971
5369
31806
259
19562
197
29938
9696
26408
29126
18038
2808
21808
20738
10510
28052
27765
13098
23280
24093
23179
13076
24813
3633
2665
20587
14932
17654
5997
9894
3092
28078
29088
4150
1824
29836
5948
2564
3608
26054
1899
27418
24101
748
21074
17568
16165
17016
27214
32267
32520
28070
6781
401
15481
20614
18049
3296
17601
12367
22400
31247
2281
31734
31343
5333
28191
27391
5009
20473
32092
32404
2874
28425
13891
6356
22489
30799
2379
7789
26933
769
15648
22125
22775
13752
17223
31829
1129
2339
16385
14447
29565
8957
18803
29282
12561
23868
8707
12804
30833
19852
29189
623
23582
24827
17559
2903
18894
24566
19401
21659
4019
28276
12290
26649
18176
23665
28319
17863
18346
23198
3036
24064
2411
26455
7160
1563
5645
2005
26516
6978
28901
8613
12125
18305
6046
2136
21226
7454
56
4989
24295
31785
14415
20684
18036
30291
2465
9892
19400
9476
18379
31416
23578
9639
11091
12549
25281
12361
24043
5895
22426
31842
7156
3884
3242
26610
3906
4233
32516
5328
18207
20171
12013
28735
29074
7793
17215
22723
14817
26937
31755
22067
28756
18136
14466
6158
24380
3566
5142
11794
28980
28985
24284
12043
3239
32009
30005
16874
18578
2292
15021
15638
24203
29130
15395
20487
32259
12236
15659
27408
25800
7448
13488
22908
24781
104
31966
16861
7982
12284
14910
161
27759
24789
15907
4326
18949
30244
26694
30608
32023
25858
19373
25752
31365
97
6865
32422
21546
16707
7935
3299
2910
24362
16127
29448
27839
19663
22772
13244
22834
27926
29571
27932
8228
5186
2615
923
20246
10597
31012
28428
6744
31771
19403
24061
17172
8824
29502
9031
7823
29503
10117
8675
8876
28757
30783
11007
7090
13685
20620
593
28494
16164
29227
31916
4316
7656
11232
27857
2786
27061
20249
21127
16861
2472
10448
32750
21569
9208
435
10512
15291
18985
27011
4537
5049
13698
20922
19849
10540
10178
15216
17991
14220
17423
31871
31864
30493
29743
24550
13872
24690
11770
9579
4137
18735
11535
9349
9490
15891
29895
5752
16169
15925
11879
19394
18444
15245
14234
20662
27340
1207
29982
17767
7236
31732
15805
27847
32169
16242
29055
14096
19810
9933
4382
19299
23065
14805
27066
21679
11282
1170
10446
5589
22715
27781
27747
2314
13445
27441
9091
3708
22259
20954
21233
28216
9456
31373
4631
12619
21862
2656
21568
5671
9228
10491
20999
9289
9856
20823
9999
8985
30613
8134
30709
30738
11502
16692
13443
12322
19148
26540
18983
14420
10788
26654
23203
2476
1269
25951
19205
19538
7384
11377
16090
13812
12249
9733
21407
10085
12165
318
12408
19850
28228
31672
15909
18806
14057
27337
6961
9172
648
27142
8300
3973
16519
21257
2460
16267
25848
25202
5744
21542
12582
11820
14261
9020
27246
20722
7372
24574
29521
28433
13660
26057
31431
30831
31556
10826
13781
19404
6356
6886
22369
8008
16188
26969
14918
21029
16708
2973
29092
3023
17982
29453
13177
19481
10553
16074
20854
20682
22648
27998
13323
29784
18723
20895
3013
27123
21307
20182
11481
31429
2515
8225
18689
10361
25470
12054
31622
22778
18180
15785
23454
28541
20569
26448
2297
30401
25039
15717
26263
16533
21898
715
30684
7836
25396
19156
5094
6221
3571
32610
25374
16957
11928
4685
23309
6817
28186
24069
11378
3854
17474
31097
22417
3972
20135
823
23245
21163
5085
10196
12153
12124
1770
26510
2284
12131
24313
24368
2515
16260
5971
6198
25548
8380
11146
9266
5424
32456
25591
1902
14639
20460
18023
14035
7715
25069
32530
11529
5662
14431
21965
23264
13765
8231
896
30447
30050
7224
31705
28795
26676
4000
32578
2458
32266
18632
2321
23703
784
20983
28159
20633
20968
11033
16092
16768
27644
20671
17281
24336
27667
13414
8709
1873
1827
2556
1588
8245
3942
3744
23868
13436
11696
11434
31146
22485
17664
8427
13205
5702
13397
1334
22809
29389
27331
25630
776
14664
453
14850
8667
10130
20949
1863
22255
12783
13626
22501
28142
26282
27938
25637
2698
13564
23792
11945
24178
6960
4055
17324
31614
5
15528
32139
5677
15188
15336
29316
19538
4594
9254
28606
17418
10456
139
9610
14065
13185
21939
26857
15766
24980
26811
11854
28460
20419
31900
8613
10626
32755
31159
32659
5429
7325
13233
5120
14884
2932
16768
467
14372
4936
7110
14332
30709
6442
30046
14264
26741
14545
565
4112
7188
15420
8284
12963
23176
13977
5979
1446
31426
18022
25031
22313
6432
17110
13591
5532
32228
22646
15283
29073
18405
22800
13646
19652
12164
17103
29046
6744
30178
17061
22633
5219
21584
13802
30251
27309
7
28486
15317
20149
5658
17104
27440
245
936
7543
24706
17255
15958
11170
11944
21832
24828
21267
16741
23580
159
1041
31226
24050
19872
9670
31223
12521
21810
8678
4176
1011
30481
21393
31923
25817
25458
23931
32025
26496
13621
11082
22940
21098
31842
8767
25224
29823
19667
17689
5300
2062
9518
20278
22547
18191
16919
2812
3206
5291
12707
26487
22772
24574
15119
4419
28829
9243
28338
4781
17067
10576
29232
16149
18442
27564
23793
28055
25466
19135
14545
18154
2019
26273
31513
10887
6376
20022
2479
28430
14782
25263
8329
486
32319
5204
11111
10788
12858
23681
26562
29359
11022
6383
25343
32673
22391
11317
10473
21232
423
1935
13918
17485
30617
477
1096
12364
3490
8175
16080
8902
12105
12799
31950
124
29272
27263
2947
29692
24627
21014
8842
8649
26985
15589
5132
26550
14217
9486
19764
11155
20791
3703
15074
32011
17534
22475
26276
3789
19304
7362
24546
19178
7884
3491
17752
1662
27496
24583
713
6291
7471
15583
5874
22594
29924
20408
30142
17947
7144
23358
23224
25800
10833
30463
8133
1260
21307
23154
27667
2129
11107
22840
20301
24643
15858
29857
7441
19255
25494
9842
7331
5553
4055
18662
24803
25188
2217
16370
23676
15770
15421
18381
1631
32726
10525
3248
8816
17336
3192
28635
638
29474
19130
7640
21369
12185
18016
23043
19167
6638
6411
9034
18552
15645
25299
5682
16451
8309
9181
12314
176
17657
21552
22468
10511
4615
11716
20241
25673
30007
23772
29196
15310
14726
2710
26410
5838
22964
30145
9425
14764
20970
3566
28694
22960
13472
17610
14539
6396
1726
2475
30393
32449
9985
9064
27690
16306
17569
23662
29099
27321
10545
13584
12047
19945
22982
4127
26039
10165
21339
3515
12305
30815
26228
2152
23135
1971
30210
26725
14522
29428
7559
16697
7766
22295
634
28046
23047
27439
21741
7490
23556
7977
17261
2492
26860
4793
26154
17532
32262
30868
25944
21494
19149
14816
24276
4769
25516
28136
20235
1099
4614
31253
280
5551
25977
28186
18988
31305
27236
28782
5171
7273
10662
20223
31668
21383
21929
2085
1273
21718
18592
24532
11377
4635
14348
21783
22098
31424
16773
3001
24962
21284
13495
32325
25016
5686
16043
3122
17631
5442
23112
14423
26555
18955
10777
11173
24014
3865
8016
20500
28797
12884
4619
6110
6511
5586
11991
17644
31798
21230
23922
17549
9009
5018
1238
29550
944
5622
20594
24007
3418
3617
23227
20434
18636
23118
24803
19073
18819
15643
25576
12400
30460
4639
23249
16153
28953
12482
23093
10311
5063
29010
21756
24525
24030
2131
23145
29047
16201
11286
30041
29505
4710
14477
4293
26567
17583
17757
1422
9469
29339
25141
13690
4896
31423
27998
22393
22508
19513
14484
22830
16912
29774
28693
31146
2271
12114
30711
379
13384
200
13246
15333
16648
5835
27694
5487
21790
31917
18270
930
6271
24797
1806
6669
1548
29198
314
28812
18625
6037
1776
16074
31023
2323
11614
20741
20268
2389
11567
14865
7113
18552
19480
26272
8068
12625
1197
30144
4287
9740
24698
31397
26225
28690
14415
2985
15132
26417
20187
17041
23551
5111
31100
4626
22668
20830
19286
5268
9756
12719
30371
14389
11234
10912
22601
27665
19229
19647
25010
12993
14226
2580
21720
15905
13370
20482
1695
30806
2104
30831
7016
7696
16397
22053
29155
19981
3855
24695
12324
12767
25880
16935
9978
9198
3195
20359
32636
30400
25660
10207
26340
16760
2688
1551
11425
21917
2882
1141
1703
16925
26440
22545
28682
1938
1877
18151
21963
25027
28577
23973
1522
19054
18310
10374
5340
6469
2428
29558
11479
25910
28487
21879
31724
2799
28271
2883
13308
31906
22769
25907
20751
16133
30260
19551
6632
14238
10302
8967
3805
12349
28968
1074
15077
13258
27855
9876
6899
10304
4813
26293
3970
18938
21672
15440
3185
27694
27720
7929
31506
8887
28335
7683
638
14615
30436
12193
10795
6844
32048
31563
2752
4226
11917
9060
295
30586
22620
21017
6116
21738
15446
3468
6822
27540
24773
5938
2076
13883
12532
23161
22026
27492
484
11951
15260
28250
20288
28703
30202
20852
17555
13437
15132
19866
26297
7812
20192
21254
29076
5341
28250
5960
15872
24643
1387
17549
17416
29925
25237
11808
3418
27403
23821
11825
11256
27389
8466
4310
2353
4129
5758
12367
8400
1891
5531
9870
31891
27865
24119
14327
990
11431
1275
23396
29617
27425
19192
876
4824
14384
4995
3301
30305
4599
27715
30375
27219
31414
23432
18067
21149
9710
26846
16340
6221
198
5091
20069
30466
6573
11605
19411
16036
11073
18031
325
23890
20079
10870
2745
17820
6108
5775
32656
1267
9348
9171
1101
7773
22946
6053
10650
32110
23503
3651
15500
5491
365
13212
27687
240
17478
32354
26661
13645
30321
8543
23795
7884
15990
9996
28925
14526
7857
27488
10027
30199
3068
26598
19115
3455
22408
1554
18418
32650
28684
27605
5885
26282
15906
30319
6877
26948
8173
22405
6770
24385
18432
2163
13943
5
891
2019
190
11429
11127
5535
6333
10836
17829
24739
29002
24863
6193
23415
9123
29403
13549
10939
29617
15963
16299
25091
27022
8934
29674
742
9284
6119
11702
29266
18904
27879
31177
22562
14471
17849
28918
7411
23887
9972
25288
31283
21425
9895
4966
20602
12982
5447
4281
14366
11056
13036
25297
2
23362
17597
7045
3758
31522
7849
2394
22949
18206
30041
4519
26354
19165
3170
30198
3333
29160
5310
2220
25789
360
20349
5357
8646
24370
18616
32186
17701
18944
16071
22620
24081
26369
2483
1542
19717
18581
5870
4278
15635
21073
19778
20316
18299
7754
27912
5438
30076
18320
16538
28827
5226
15864
12555
15502
4097
1823
4885
2614
18169
4267
16466
9492
3546
30676
20655
14004
21522
27172
2079
19856
8005
890
19596
19249
20708
19797
14355
32151
27137
17231
7024
26587
16738
232
1207
32275
24532
31877
7750
22646
30401
29625
31223
8641
9477
27842
7322
17625
32254
29015
23970
7601
1762
26273
28446
12654
7766
9863
8683
12745
572
15918
14888
20405
26572
30144
26603
8514
23014
1389
14386
7874
20902
7088
4637
31530
15674
6356
5210
23483
26864
9142
26336
13025
32403
31692
21728
16987
3832
11366
17144
2204
22996
1332
21931
7537
18384
31753
23566
16869
19168
23518
21187
10082
6352
25882
4907
12824
29728
17169
728
15010
30481
31434
22337
4839
5376
14085
16826
21055
17907
5500
6051
11480
4210
22890
19167
23127
26008
10058
18056
20418
873
11745
992
20637
20838
24702
27531
6995
27487
9857
22268
13528
20105
9242
17966
6029
23760
83
7572
18788
10862
19537
82
7492
18877
28630
6829
9135
2377
16139
28864
3746
22570
7549
1393
3260
17553
21093
28068
24483
18592
29228
9135
12708
22911
302
12045
28313
27820
13247
29782
9232
26514
28523
16750
11433
11614
29058
27133
10944
16142
16085
2080
5708
8650
16570
13663
25095
32632
13142
20446
31696
13707
18715
8151
11341
17947
10127
28999
6612
24379
8527
30184
29324
27783
20820
864
463
26364
31606
440
13523
22285
22062
7695
21130
15602
8608
5520
27334
21316
12249
11425
16545
24519
16981
9821
13340
1671
24772
20549
28422
21286
3341
30258
22816
27764
30868
21135
6014
9792
7865
20164
6960
25966
26785
10229
802
2634
15928
19437
21825
21788
10358
597
21215
30973
26850
13866
27737
20712
10837
29550
6135
27412
12033
27933
4115
24193
8113
8034
15486
7889
24658
25099
19231
16986
3507
32571
15325
28281
2185
8798
25536
24105
12726
13154
11090
14036
15307
29221
3148
8041
13771
26153
4718
19886
13106
30351
25519
32216
13621
15939
5014
2137
14668
28788
17896
2553
4334
24903
25731
21032
26267
1740
27786
2962
5152
1585
5826
21237
11799
8501
24380
12335
26797
6112
12341
9628
14760
21105
13370
18846
23464
26521
5008
7805
5804
21222
8402
7282
29145
28546
14556
8702
12919
2845
23016
16000
19517
9512
13815
2823
9934
11844
17523
1381
23683
23546
5906
8581
22123
25772
30205
1278
27024
14283
1842
8423
22908
1611
1318
7662
25596
12116
18607
20132
14884
25915
10786
7195
2707
7856
32184
8371
249
10297
12087
25905
24278
27103
16590
29713
4484
13606
12608
14110
26999
12099
3397
21311
22212
11146
12333
30356
20192
2598
30662
19649
16298
28428
28544
3466
13228
25906
14031
22945
2974
16891
9937
22971
28972
23798
31537
21481
26362
28617
587
11046
6628
12904
6288
32044
22410
1931
29484
21133
19980
19806
32231
5374
30994
9850
20553
16374
24592
20244
32258
32632
2504
21108
18057
12588
18704
13481
26626
31669
18133
25724
6501
28735
28000
2466
28637
27223
6360
822
13166
8704
12552
10854
26331
9219
4195
11628
1735
9350
23621
5824
17434
24544
12924
21643
15782
32172
20487
21599
32011
10780
5405
1830
15063
22929
2674
24921
11762
27240
19381
11123
27194
6422
31581
13988
4714
31351
9125
18889
24896
28771
10453
23196
19935
19587
12484
26408
20338
5474
9115
897
1042
8647
10715
28593
16106
32323
19362
18933
16792
20742
5418
12586
9431
12278
25746
27522
13403
7427
17633
25979
16893
7348
31304
7442
13336
6918
9127
19763
21299
4727
5459
28021
6880
10590
20759
23044
4579
14717
16248
14302
28055
30169
3645
26947
1166
8906
22575
9830
21624
5198
31262
3689
8006
26274
14628
17544
25487
9492
7726
28053
13362
21267
10935
8612
13117
2952
19159
9735
13325
10857
10365
893
18615
13450
17400
19622
16039
29111
30141
10426
20103
27905
15716
30331
867
20309
499
7016
7434
18515
10079
21300
29111
31068
7504
4982
4848
5869
19237
22434
14767
13356
32056
26936
15808
27841
14179
30779
7274
24807
4291
6117
21073
14275
31931
29593
3227
7156
9532
20505
30034
26219
14916
11513
7945
27517
23205
6740
21443
7734
31240
5821
19216
32241
26673
2424
2937
549
23941
11499
31518
30850
12489
32079
25502
2365
6700
32683
27959
21928
10120
29955
21807
25861
17893
19916
25458
21404
1087
29092
25468
30731
29577
12096
9337
29406
18417
26790
17579
23647
8038
20380
19469
1199
4439
18016
23094
31254
27582
14489
27519
18840
16734
142
31080
11721
11592
11414
31288
8162
28580
14543
996
32531
18350
4371
5682
16923
12031
28456
20510
26391
23054
26935
5245
5527
8694
17536
25056
9975
15226
24651
25019
2285
24390
19746
29383
11870
18295
25661
12964
630
9822
29502
19139
4599
31361
20511
1155
24273
25571
26984
26778
4596
24198
9893
28087
32610
1581
11543
31334
12424
18278
23722
15923
26830
8648
6439
9746
22637
24442
13227
28670
29056
26101
2136
8673
4959
1034
9290
26548
40
24870
1996
7399
20638
29141
22732
1283
23095
5509
6541
30606
15216
16781
14236
815
612
23917
1797
19474
8605
13399
32198
10638
10026
8175
17284
18181
27121
20560
27005
19468
8519
21839
24254
20428
6846
19715
29846
7080
574
23429
1866
289
28760
20468
7946
18166
13014
6844
7460
29071
919
31000
18808
27291
8602
31190
21548
19449
88
16219
8097
20948
343
8934
26277
14355
27644
7449
4842
1776
6049
6069
22454
4838
31719
3237
25821
13265
6989
5694
17901
30545
31746
21701
16808
21103
8952
19761
19895
5763
17722
9523
27292
11605
9087
24692
31721
24706
17407
798
28847
12321
32389
15773
20538
31911
3782
1447
32507
2056
8433
16505
20422
4639
3207
25188
13630
5200
12653
10121
10125
24684
11072
18913
4696
9940
20200
22656
24305
10210
9840
5146
28367
5252
24340
29894
6716
25130
23964
15618
1870
5603
27881
15863
27928
19138
15054
12543
5921
30599
5921
19045
15638
14203
10513
26988
699
6812
3769
2450
13351
16634
6902
22805
4657
17761
9590
6327
17190
15160
8466
10430
15293
17321
27742
26432
13388
32259
4222
17309
32315
22364
25147
11085
19897
32122
14678
13276
19375
30964
12827
9778
1010
12948
11578
20248
957
26624
467
14584
15454
21401
5584
13028
32303
2980
20599
18650
8136
23720
6975
4423
9587
8982
25827
29641
31969
26671
23222
19769
8475
17955
19510
5353
15034
22390
27875
26410
4187
13736
26706
6418
23374
19221
31869
14716
21646
31770
3677
9039
3574
27513
27835
1284
27569
24063
13635
354
20979
356
4058
19852
23270
6770
13361
28734
10472
24169
28058
1620
10483
31651
4379
12428
22876
5492
6593
3724
26817
14164
24375
27431
16701
832
6807
32220
21469
8029
11648
26015
14424
9951
24425
16605
29946
8745
1333
1722
738
18997
18183
1437
25197
6967
30807
10990
21490
31357
13894
30750
2224
29594
16430
18664
24580
20675
15998
20183
1248
4729
27589
26121
32632
2665
21516
10034
3902
7568
7785
23267
24849
29090
5329
12813
30129
2477
24110
26561
19575
5625
7857
12345
9795
31540
29290
6428
29877
21707
30230
16126
18848
30363
21048
31782
23227
12745
31851
29845
28058
24814
8950
9028
16349
32632
30369
19628
16296
20557
18119
31371
10323
22449
9133
25830
22370
11369
31506
27722
28087
25632
25351
2392
4358
7947
1793
21889
24970
30409
27437
4365
30710
21645
31235
19042
32687
29310
4126
2691
16696
3166
31307
10967
12525
874
6624
14380
22005
31106
9039
1787
7538
10122
11002
23789
28154
29456
29769
21407
3915
1839
14074
22690
14906
29875
20153
28359
25837
7549
2289
5273
8010
28458
1249
29738
5039
12527
23026
16403
32740
26823
30792
25014
14926
7121
30615
23750
5989
28147
18488
3082
17256
25796
31356
7005
25679
20905
4160
25338
6145
10046
3265
2038
8903
15863
14002
1550
25088
19463
16524
1699
22295
5248
19238
10499
24243
4540
30341
8170
26669
7933
29941
18505
16711
25936
21592
7493
18971
4023
29119
11651
9553
2694
19255
30115
14485
21006
9190
17418
4424
5241
11862
2533
374
10997
12560
15722
2313
11797
22893
12641
24380
10611
12457
1508
12370
12955
26425
5731
25479
26404
27230
2283
32071
5664
30715
25255
29086
6327
9380
17831
31472
7694
2039
15328
18666
28270
815
13172
7096
27042
22006
4148
8056
17568
30075
30307
7151
19052
22981
12989
19579
9274
13639
25528
29769
27859
19124
18442
712
4921
21780
22123
23646
20622
13848
668
7001
13618
24234
21416
23848
4396
9673
12138
28619
15307
404
32591
29576
32396
22180
4702
17632
10047
20895
24693
17089
1382
32522
4821
17661
22238
5471
30176
22267
26561
9568
14370
2733
27018
9386
6799
30657
17786
1677
30219
15132
28219
22299
14896
2692
29892
3199
18763
12444
25724
657
21927
1302
10914
21671
9231
13604
3308
2477
22414
28719
29550
18040
10873
19660
2494
31319
14511
31212
31574
14827
16160
4178
20281
15417
29836
6219
9946
11774
24461
6041
25657
20290
19928
15280
31567
3888
20672
29733
29356
6693
25340
4451
22367
3591
7081
15264
10262
18648
4755
22031
31622
1419
22960
8791
26125
15126
12269
14405
25238
29128
20781
9661
17086
733
1935
19191
27189
30288
25072
18152
22886
29424
13234
2045
19290
29878
16827
21775
27353
15702
16576
25236
25299
13076
2243
18450
19967
8665
8666
27098
18882
4742
3635
10994
12370
11400
30037
31571
15899
21933
5288
5716
9826
1077
6456
1383
23336
30509
18102
15107
3153
18680
4032
23009
8709
4143
865
31851
13911
683
13276
4210
21028
20191
31397
6943
28990
8043
15793
31020
4554
31983
6639
28499
21223
541
5911
7943
26257
5651
18594
13155
23236
8423
25
23136
32228
28291
29843
24138
25180
13235
890
29557
17798
27004
28301
3628
24011
29360
15147
21738
21515
16319
5838
717
27710
25808
25814
20039
8540
22032
22920
10263
14459
15946
18006
26231
3895
9145
31584
12439
10583
20250
25148
15947
16814
10500
13810
16384
25150
380
31819
757
18340
30149
9292
9640
5040
26741
28157
28814
4947
16334
32623
9990
7102
24138
19196
25744
17096
2424
10961
23098
30352
13063
21930
92
14436
22560
4317
4229
32482
27386
17306
23477
861
31400
20337
20685
32387
3381
21012
18243
6204
24562
13407
25114
3797
527
10901
7954
22877
32105
2541
26140
18767
419
5965
11536
28530
17784
13141
930
18430
4687
1951
7059
29184
11792
6469
8484
30207
5943
25764
30672
24544
18215
26208
12090
12295
28352
13737
17509
26559
24883
5052
803
13532
8469
5292
7120
159
17331
17762
16703
26073
7846
29410
25333
21075
29607
30417
22421
22382
3748
11572
2972
28167
2579
30587
2126
12701
11654
28862
26353
22198
6783
14150
1080
24702
15238
28495
2050
22962
10618
25356
5445
5308
31525
25580
13892
14112
13074
20764
22793
5142
16291
26445
28687
6776
16734
15799
2879
23007
2952
5214
32029
25354
4853
22420
24644
1919
16158
31935
4368
15476
20852
7260
28570
9455
22260
27972
32233
1837
22524
1326
11878
12609
14941
630
30353
4349
2481
797
31219
789
6639
3344
24915
7554
14396
19373
12845
31013
24068
18051
14944
16045
6730
30041
25639
31418
9532
21874
1610
32066
21003
25616
1174
18485
21241
8759
21642
20828
948
1459
14931
7047
11746
31581
20987
27367
31741
24217
14557
6329
3681
2595
27484
18980
26275
26124
10964
3685
7461
5887
32721
10281
5351
13001
11391
1594
8608
7704
9058
12126
21518
30595
22087
9597
24714
13259
29051
1025
21471
20321
22330
23938
2652
14632
28522
7331
7464
23163
8074
27703
14806
24690
32485
27305
6201
10849
6923
11418
634
418
24705
21195
9063
32405
31672
14142
3854
16100
17980
30104
14731
20748
5166
21194
20510
31001
30196
18416
10369
12976
16943
13433
14968
5203
31725
31625
22441
30689
26913
4251
5550
3164
27984
14187
7785
13551
31884
31507
23191
22832
15014
8308
10920
2722
6816
6103
8655
9086
4705
12756
30549
17075
13996
7028
8754
18731
21331
26002
21214
15440
21416
7047
16229
12751
3893
11526
30138
10395
20141
12100
10317
29494
7458
14684
10463
5932
14711
24563
1429
17888
15385
5143
31820
21130
17642
26989
14381
18817
17790
1932
3457
3254
15242
19108
10182
6529
28569
22371
24066
23457
3073
9753
8535
12670
8214
18714
14808
1456
25501
29284
17819
8645
20100
31873
11791
7743
22736
31407
1936
5085
30422
5183
3897
29212
9646
12091
15098
7932
7141
11851
4074
17415
29298
17881
13022
27792
23019
11380
26426
22841
12281
10866
28679
11448
2314
19674
1862
21978
581
16257
24452
23239
28611
4722
25519
27017
15100
28307
10536
20936
1407
32134
18457
19415
25575
2254
3593
12533
17674
5171
16046
2252
22899
30567
22274
4158
3859
15081
1689
7521
30003
15402
21297
1224
7341
23791
6795
25605
18524
16886
26233
30059
465
25820
18233
20761
26183
32062
10241
16180
16345
1311
20955
32627
16115
23689
4275
10721
26631
20599
11950
3294
2433
2291
14782
11367
19964
8828
18292
18072
16054
30378
11029
367
19009
22549
20975
9683
9084
17778
14829
3029
3266
22527
13930
7221
25441
28962
30531
2856
32590
27468
1584
12376
15127
21028
11860
8237
14360
26082
530
27211
13042
28152
29475
8540
31801
7928
12517
4111
26989
6066
16630
16224
21036
14748
1538
12827
28069
24696
10457
31131
9296
15664
6085
2008
10717
22533
4122
25249
29546
32232
26126
7205
24056
7464
32459
13496
6432
21838
12483
18900
10754
15942
32324
13918
6783
10943
24140
2091
10408
27091
1950
28355
2677
19435
29205
1893
6587
28381
569
10827
31832
5464
4880
7470
7344
3458
21047
20237
1630
27359
8752
299
31523
6005
30462
343
21538
46
24815
22895
848
24701
14778
6183
18726
28996
10185
5895
29337
32502
27608
25011
13131
11001
11455
8815
28675
23630
13708
14306
3419
9075
22997
22554
5816
5512
29773
25809
20863
25266
13204
21743
4230
11197
10580
22352
23497
23301
20361
4806
16479
1174
30752
10082
23724
4498
23236
21743
31959
15059
13557
27328
23422
5842
12378
25772
23209
16071
856
22870
18685
20242
32739
7602
1843
18138
1172
16836
8648
2804
1020
19115
13045
4102
5689
19935
8417
28652
18630
20919
3094
28250
8344
5934
561
12483
614
12518
18654
11642
30024
2925
21764
5656
29571
19136
16957
16669
15779
8461
24201
22234
25547
701
7747
17806
31050
23474
3156
16591
9838
10701
2726
20523
3229
8372
30428
12560
12449
15058
1856
4073
24388
23455
29692
23690
16413
26401
16526
15822
2729
29363
14710
26750
4510
29445
31281
23925
6267
2916
3947
21250
10084
25147
2417
19854
20781
7898
4837
11135
8117
29815
24501
10332
6773
24178
2125
6961
7000
29150
9484
29749
26061
26684
15861
15786
13339
18313
25256
9221
12022
19324
32400
18767
847
29705
15709
26571
2672
23849
5045
2009
14407
17373
16422
19738
17410
23664
22624
7893
16093
24061
13985
12185
3384
26418
23408
10276
30189
8275
6030
31108
15328
16002
4650
6780
30168
19517
32596
13353
6285
23336
6836
485
26370
781
14972
26732
15636
21025
3739
2110
26707
4745
24628
20292
786
2332
25934
19893
1466
4459
31949
21051
612
15102
26273
4434
16038
19425
19517
23537
8108
19552
11594
10605
7307
14
1181
30874
10963
28684
14695
19507
22883
27271
12460
18044
3458
7043
4855
10277
5675
8919
6731
13938
2471
19321
31836
19609
8546
18428
17663
7276
2039
6231
13536
25143
19853
31976
30835
4076
30310
6841
19245
13181
22453
13569
23283
7306
14000
8174
32723
1340
24039
20641
7154
17009
7380
11899
14277
16153
26035
2455
11908
18143
32148
23191
32476
25613
29358
12196
5093
21673
19702
27312
6739
23268
11504
13566
13808
27830
19653
19429
11082
1730
6039
2769
20904
9855
19217
22154
24899
12185
22338
19897
29107
16533
28843
25256
15528
15029
2198
16969
30938
283
8106
11386
24899
13104
9917
8583
15499
26183
25065
2288
30916
8830
482
13677
12119
9957
26502
27184
9534
14563
17846
17770
7028
725
5477
13328
938
17911
4078
21215
27964
25480
9131
24734
15971
297
5827
9635
3500
19591
19523
29848
12201
8761
24433
10367
19686
7148
2397
17396
5150
18877
1208
5554
23727
6886
25577
1625
19788
14749
3422
29551
23282
24121
21024
15268
13341
23959
21163
24666
27707
30396
9724
24676
31585
9147
30443
12302
26173
29145
3003
29278
8780
9456
27632
22426
2636
10769
6240
17674
30453
7533
2445
10751
20452
26486
26674
9749
10456
13633
13340
25780
16160
20527
19771
20957
27476
6348
4857
3107
23364
10487
3530
14327
10286
24900
22277
6185
7476
26014
13042
4012
16908
19761
4388
28826
32250
2439
26377
15479
26363
18672
6335
14778
4419
22568
25641
649
29418
18228
579
28869
12259
21901
29362
2886
25133
27008
9632
22632
12877
5845
30662
14790
21499
30895
13514
13637
15132
25267
5068
20309
7408
11628
25148
23155
4493
8686
20718
24562
27020
18618
6000
1532
3074
8162
24987
5844
28850
31854
15208
3421
2688
6909
28421
19168
13865
9136
2344
23050
306
9539
30628
25396
23838
19325
30266
13800
4836
21707
15793
2976
2720
2856
10536
26576
15241
17471
17836
14631
22563
11476
6
8210
2742
25440
25814
32387
22014
9723
9958
13552
28196
6015
24504
12446
7661
24555
15969
12063
3122
11269
6298
23322
30096
20548
4629
9802
11872
4844
19981
1225
233
24955
24353
28047
15317
30020
26978
17461
1250
11098
10923
4095
17370
5039
23857
9242
14789
31613
10330
7458
6237
30437
5075
22504
11714
11735
12509
17777
30831
28721
28135
16450
14189
21803
18530
18138
19142
27122
20689
16257
30781
13203
13599
10560
26684
2075
17718
24113
28430
764
9677
19193
30286
6323
9601
16274
6816
3496
26664
15694
20895
21590
23650
26136
11286
5803
12144
28925
2162
28338
13130
18412
18807
4719
27371
12986
25907
30475
12528
13161
24624
12081
11361
30634
2286
2231
1999
928
1936
11649
7839
31207
5590
19362
5285
9429
29515
2245
3061
9472
27072
17612
27893
26880
30200
28598
29879
21110
26789
30406
32134
11341
5011
3297
13759
22079
22308
21049
14563
18843
9212
7976
16105
23366
17661
30302
21977
24320
1398
25151
22934
4073
1943
16775
7675
25156
24361
18224
32554
8826
17532
12693
19489
1378
29600
31959
16271
3519
3031
5248
31461
27403
843
18534
14255
13683
765
2259
8997
11042
16126
11746
6141
21186
7905
20012
10884
10048
19056
26788
15085
12496
28318
26048
489
12082
20157
13274
19320
14643
30193
725
21502
30070
7397
25347
31641
20596
6076
19270
17330
21442
24651
19062
19154
659
4229
26627
15031
24445
24886
30684
23720
32640
245
25999
18437
20036
22355
15025
24354
26530
2137
25728
3669
10854
19506
31943
334
26707
28452
6658
17063
22376
3525
27331
31164
10338
24939
8276
15037
26242
12516
27806
7426
1168
14695
5961
2974
15136
9163
28197
1078
7188
23031
5321
14356
32610
20634
30586
17271
11544
6428
25934
28461
26781
20436
5520
12388
16697
14971
7271
23230
19415
10976
4787
14499
10762
31198
30008
32219
591
11915
32510
18524
19858
9651
759
9056
7667
19845
2275
16571
17097
18827
12657
23660
28135
4832
9639
32370
15903
26781
5507
3809
21253
9364
2531
28724
19957
18497
3490
5093
25688
22013
29188
15675
26402
19061
12884
26212
25503
19035
15051
31683
16752
22619
5812
24971
465
10065
18894
30605
1053
23737
22770
3918
29587
22374
17909
2141
16986
20088
720
1763
21955
23688
8190
30844
18383
19237
14886
23365
25073
12932
27386
31543
13588
16755
16735
6579
29408
16783
1230
13149
27705
11191
18426
22574
22793
24768
3763
18885
19776
23146
2826
21502
32537
26771
13750
5062
17054
20139
17846
8238
24174
21864
19256
18878
7614
9403
29114
25611
17310
31234
11631
19851
17277
3711
22500
10665
25328
16905
32739
277
10415
24065
28824
15454
15584
1160
13298
11458
7833
8175
5196
5957
21152
26223
24909
30208
28533
17947
31756
25532
10898
19730
28280
26047
19185
25081
4600
2022
9423
24745
2382
32500
688
28452
4545
17706
8099
7886
28539
25880
5831
11738
31024
26290
27662
32002
1792
4774
4673
3451
18591
32749
4676
6952
18099
8096
14236
9998
4989
15118
26158
1544
28348
6155
32073
18363
24782
14219
27623
2509
4377
25199
23088
2898
23465
30878
3136
5255
27162
13912
25130
1731
21433
25543
6461
10410
2278
8919
12934
676
3517
20296
8853
24462
18421
9474
11908
17839
25607
8360
6710
31725
5523
20079
3037
28480
14080
31537
18623
3176
3172
31677
12089
25051
11683
32370
4612
7682
23514
6924
22711
15780
17918
5309
2445
32419
192
640
8297
27366
13748
20906
22295
3990
19891
22209
17109
13453
6782
24722
27410
10251
17315
382
15733
29355
31397
789
801
1942
14935
14310
15160
17655
5513
8084
32413
22703
22758
4397
20735
23881
1053
24504
787
17200
24127
11533
2592
23071
10600
24298
28865
3802
14754
27202
17639
12572
29446
26840
10013
21968
29477
11533
24336
10627
27046
18422
6478
18202
25648
13746
12878
26304
4490
9211
12977
31011
16384
1786
24775
736
6921
28768
2901
19515
27688
23730
29077
14612
25360
27364
27775
23831
10507
12842
15687
8242
17308
10763
9511
1868
2659
22711
10846
30004
13378
15258
11897
30679
16318
7729
14801
30135
15016
21277
8277
20376
11516
886
25481
19068
11017
2145
30159
21970
21202
741
17126
491
14517
9722
8624
15021
1866
26339
4920
6795
22158
1982
29427
27061
32321
12378
31814
7563
26508
2376
18761
27736
8679
3381
11979
18749
16186
1143
6550
23659
15170
24293
20723
19349
29239
24556
17009
26278
27308
20703
15075
3247
30390
11663
12456
23843
28752
32540
815
2374
5374
22794
21433
23011
17585
11415
23393
15677
10219
26188
25178
29001
291
2515
15481
7706
11627
16392
28403
29853
6224
2898
25447
9606
9986
5684
19487
17546
24245
20511
7571
27599
19014
19595
16686
13217
25378
6214
25941
21094
356
30987
3750
30932
5949
19286
20093
15969
15257
29303
17085
12795
18431
3813
17101
25338
3513
28374
24032
30291
26166
27916
3706
7182
8876
12786
18224
30970
7937
2791
15535
22687
31724
19418
4351
15220
17496
28439
17417
5458
521
26464
3415
20521
1409
22592
796
26354
25893
10396
12916
11492
30620
9099
3308
5355
19832
7016
20293
3414
28184
17189
17781
17359
23500
12769
4079
26001
9019
17597
20004
12245
31234
21228
21066
25741
12446
26634
16988
30549
31628
30895
19042
1703
22446
17731
17394
30030
3569
24340
30455
14365
6701
933
22449
11232
31053
16970
26109
1939
8879
8177
4567
16082
12494
11587
18717
26769
32030
17132
4757
32269
13111
22582
23090
1538
7990
10205
21139
31
15200
5919
4045
9399
16649
4882
16234
19641
16565
22586
8626
5602
1404
22619
10281
5937
18355
12940
23896
14748
29384
29069
31184
2305
622
1114
19053
4447
15098
9472
19416
7238
16653
8624
8015
25228
21620
15378
15529
1602
12876
4827
1428
26854
25194
18850
7714
12762
29690
25328
11908
6421
28005
150
29205
18969
29561
32323
14234
29477
27588
6741
14023
21675
7744
8432
24326
25860
6710
19789
885
23651
25180
21845
2093
15624
9280
21359
29898
11190
32490
662
4136
11366
7357
174
26986
5949
9375
2840
29249
22972
18010
27012
3691
22583
26177
31494
15481
904
11286
6509
15318
30468
31019
18128
21509
12974
2504
22889
8490
17835
17869
6566
2508
31990
1176
1662
16857
27221
18473
13314
32490
22412
13188
30772
16841
31184
16471
23067
22833
31102
30685
30487
468
8717
13058
21107
18338
20034
9672
17209
3145
25762
14825
29770
22264
30765
31934
10925
20841
24905
9311
17960
5662
25341
28684
12301
13291
12383
26572
11351
2740
26192
16211
16629
25976
19814
24617
10086
30094
30762
24329
31878
4911
4484
24712
8872
26421
28531
12535
2532
25122
15873
5001
21171
9316
22135
3257
32441
15320
5837
11238
9185
23180
19812
6208
21935
27337
3320
25832
14546
9297
31952
28755
29945
1765
31031
21232
30952
24074
6192
8458
17611
12813
26214
1007
11978
19013
28770
28242
21981
9368
27648
28654
14050
1600
5668
27756
6125
2511
6313
14727
15839
20081
3226
26734
8250
11378
27813
15977
3891
4864
3020
8384
9
29489
25694
30681
29590
23624
21286
19872
11044
11572
4834
11051
8065
32601
3063
31135
28246
11923
19554
27213
12724
8824
15346
10785
30192
15582
24756
25661
16817
4510
18351
22497
25671
19351
26066
1422
32318
25333
1323
14187
30771
2227
4698
26855
23527
27486
24132
20896
17298
14620
10252
6020
21370
750
831
27701
29123
25906
28238
6578
12425
6508
11586
16949
7724
21829
15531
22359
28651
6868
28889
3194
15029
24093
5455
18536
11835
9175
8309
23096
1610
32115
20365
30066
9816
1625
16104
14707
4957
18037
21082
18450
16356
7666
491
12163
24161
7749
24271
11132
11717
29806
25753
407
29776
18554
27307
31992
7334
13901
18929
19759
10534
17310
2767
19551
29047
30531
12119
28832
24163
30127
28096
27811
6121
18105
28435
17301
22925
10399
26152
21573
24819
5194
4817
8072
10924
22227
1365
19933
29008
25671
13856
14413
8909
18343
17848
30869
16382
21555
30963
17543
23168
31720
17768
6318
9409
28488
547
30257
18521
27225
4253
14329
30366
21232
4587
17174
26482
3119
31797
5727
14944
9037
9322
32089
28136
14741
4146
27227
24854
20402
9252
15343
4954
22057
570
29050
5779
10023
11393
4896
26477
19837
16405
20706
8173
15593
23629
7433
14410
24471
2611
17864
18943
7399
14391
21021
2334
15729
7716
9720
26599
20551
7506
12703
6297
30073
28958
12369
24968
12767
17303
14889
30576
12306
31354
11590
21001
4796
20577
12841
11995
15378
3639
24414
13908
11934
30959
16479
30488
27458
18293
17333
11160
28794
13541
21600
32230
16097
764
8825
15816
1783
204
24342
15627
25633
27059
28526
17945
18673
12429
23358
24782
168
2857
31339
22920
27129
20986
9704
15997
20240
2063
28634
18258
32467
8005
9978
23273
2920
19644
10555
10106
20983
391
18862
229
12209
23464
19874
31046
2065
9019
17679
26570
97
10225
16949
20930
5249
4800
13440
27126
26852
32729
27311
6716
32219
29915
53
19273
10262
1862
14815
24262
29287
18226
5560
4007
19658
16961
4650
11448
11427
13010
28773
24952
582
12151
30213
299
10172
28330
29166
2091
11461
29371
2171
18303
9241
12813
2777
28334
22003
3970
23981
26581
31696
14132
13053
14840
26996
13158
6989
26006
18223
19898
12808
28544
16734
4260
26914
3563
20788
32030
14332
11203
699
18589
12680
13890
23573
14148
17837
26818
18952
26200
12781
2767
13754
6901
25925
21633
10168
26879
23380
27912
7229
18010
12992
14217
27826
24158
726
25129
29297
14725
13424
27495
18126
3431
25116
4526
17496
18665
890
24874
11612
12465
26598
21468
7083
8157
17495
14313
7581
16628
22663
20536
9302
21276
28501
25403
10056
20366
15975
11277
8441
840
26899
25022
18695
28929
10880
18667
12137
3938
27400
913
7415
14195
17633
4898
23853
22356
15357
16601
21804
15661
11566
24651
3073
3687
14478
8256
2090
16157
11038
24000
9814
7629
11181
11633
19821
18260
12028
3872
9168
5913
30495
32669
10722
26504
8742
23756
24007
14018
3069
20473
19564
914
1937
12908
13255
30372
13108
8253
6752
11249
27715
11626
16
12414
9734
28967
3080
2118
10199
23413
23574
20596
30343
2294
22820
20950
27901
2304
13570
6031
18464
18928
30053
24076
10744
8129
12335
28217
22543
6365
23792
14580
14622
5426
24493
18114
21989
21385
12513
20416
24923
26899
18114
4061
3079
22341
9157
11079
9902
13286
11876
14115
22574
5991
13855
14977
27306
17778
18881
15247
29671
17349
17124
11532
23798
21313
10935
20480
3348
32574
23551
23979
15310
14114
1628
3515
11881
9778
30414
19650
25728
15784
18807
14054
30703
9477
26787
10971
13296
1192
32005
2318
10116
24224
13123
29475
14101
27071
31414
8098
29017
8943
8555
5613
11129
2249
29037
26230
10355
13668
13126
13102
20413
19051
14787
7233
14123
25459
23288
25856
1042
651
31364
25886
26542
11028
2326
6688
15041
7891
7472
27919
31869
28996
2347
112
14500
25905
4732
6774
6382
18564
11829
32629
9643
16986
26319
20634
31145
18264
20262
17114
27992
10306
9925
16936
32044
28361
4964
21739
28483
31909
5039
21423
31816
8420
3913
18714
32663
6018
10257
3618
29345
10041
12452
30334
14226
20890
27683
8538
30514
18781
31542
16975
5641
8950
6736
30354
1223
29545
5429
31340
28643
20830
5050
21226
4737
27768
9164
16341
12441
12003
9396
2532
31830
7468
30617
305
27324
26710
6471
16362
15246
26154
2351
1353
14447
25550
8622
15558
28487
1689
17810
1419
27624
12070
1754
20008
13554
4775
10941
22664
4083
32380
12014
14883
20691
31237
13343
11382
14448
15028
29124
16816
9861
7782
5913
20911
8912
8179
15718
13098
372
31235
20353
5424
9884
27684
2709
3281
11617
22042
31779
11035
30190
7542
8518
12104
24289
4459
2875
10549
11765
16604
11552
8214
27614
30393
14076
4457
14197
20620
8704
23592
21525
9039
21005
27715
30533
8833
28790
14925
6551
32121
25606
29557
20176
26361
2629
23993
26952
15110
5623
19542
27796
14071
14054
14467
4963
30669
28385
21086
27814
12994
14341
7719
21492
23589
24635
29100
18732
12388
15874
26116
27484
21355
8815
4480
6881
31276
11377
7647
1744
21119
24922
3777
10645
7469
11931
19551
30938
11847
14543
18040
19627
18365
7164
17295
16855
555
277
12371
7065
14326
11459
863
26743
9880
27492
2339
28267
14904
32341
11298
8769
14206
28268
3423
11840
14245
26569
273
19468
10962
719
17310
30155
21668
7789
31431
12935
30476
12194
22304
467
8031
10816
27076
10930
18857
26352
582
29108
20037
10870
10475
31330
19882
12854
2326
22492
3720
27127
24579
4289
532
12008
17336
6735
25247
17376
22073
3788
8302
23274
14588
8996
4294
22529
21660
8147
4934
12568
18641
24837
8570
3934
6304
8700
31916
5567
26319
6067
28157
28846
22172
7873
19637
4898
25775
127
16088
17630
19532
4973
26618
26102
19661
15058
31315
2959
25424
2467
24086
23014
19629
3238
25343
16276
25515
32727
12331
30224
12147
29451
26157
27509
13892
8659
10078
31109
26729
675
31348
3566
14184
20788
15191
10189
11645
6182
3632
20081
6470
32234
2242
25953
8640
22751
1533
416
22130
20155
22480
9263
4072
813
19264
32212
13411
6593
12983
8218
13519
3843
27294
16281
22005
11495
3117
27511
6642
7784
17026
24111
24040
26224
30193
19345
32755
15864
16796
20491
8543
7536
26435
25894
22808
30049
13661
32595
27233
23121
4967
14568
21449
10215
10364
11878
19035
24399
20518
28669
29974
17632
20852
11346
31901
252
3148
30847
17199
18488
4355
22875
22744
20157
22059
29181
32745
2799
172
31611
21927
2892
29207
27127
29504
25494
4406
25309
6915
30004
232
26726
17871
5846
14635
24161
9420
24408
13947
19506
27482
6121
13147
27
30023
6508
8241
30650
7493
6430
19798
12755
22427
10361
31598
19792
25882
27737
17909
6534
12883
20318
7195
31674
14087
13201
15314
19940
27103
26442
25381
6834
7261
24913
11211
23248
21267
2115
17660
5991
28179
2359
32643
5604
13734
418
24597
28922
8001
120
11233
17130
24244
8852
9064
17666
6053
20058
24463
2147
17213
21147
1266
11272
7713
27832
16764
13316
12964
31243
18485
26123
21307
22658
16218
20276
6449
14989
21683
22269
15259
29243
27681
912
21135
30624
7287
21317
23185
11897
28298
20327
3150
12051
4748
15419
23693
5736
32661
2622
14434
8587
12675
27823
20900
6215
30980
14669
4002
19203
4593
30050
30738
10217
29662
13312
9290
11080
4335
10635
5811
12086
30445
6263
1146
24185
1688
31571
26504
20136
13631
4103
27829
1421
3215
10330
4664
28110
23721
25527
2658
32460
21623
13872
13965
7116
29759
24771
20047
28245
3704
16092
1779
16344
19165
3356
20265
5783
24513
3417
29436
6591
30114
11238
15365
215
26880
2580
25054
4702
24175
4600
24282
30128
23788
30575
31987
23594
25197
19040
12036
17806
9916
32321
2617
25513
132
2781
29635
24883
8364
2644
22224
4086
6117
30819
30394
16947
23167
30437
12670
21313
13953
15258
18033
9079
28664
2856
29998
2892
30607
25951
2259
2493
28512
18113
9069
12783
29194
9026
23984
7190
20484
32332
3820
23957
14129
17414
20796
19559
30900
18390
5633
4541
24837
3109
24206
20456
22084
14178
27941
24442
12494
23113
547
26536
527
27493
31095
22003
15767
7123
23640
30984
30831
26954
15160
17124
12973
4440
25587
30267
24390
18926
18509
17179
7716
25375
10395
5837
23672
13861
22208
8956
20306
1445
9563
24600
31855
13108
22335
3837
17745
28185
8996
32208
10389
16212
8092
5162
11650
5856
11080
27257
11742
15926
9547
28835
29189
21522
2559
26604
21308
13689
18407
13337
22594
30715
24805
18389
40
22838
11181
12373
12131
18331
18810
1080
29472
26741
9216
14769
3799
16166
1953
10215
2083
22964
11747
14236
9425
9861
19490
1805
3894
22375
31362
1306
5318
30164
1832
18343
13027
3187
2474
8514
26099
2529
19139
14854
28341
16562
21580
12223
469
10419
15719
335
5566
17778
1790
18768
17071
22017
7276
3066
26897
12790
19577
7239
4616
30646
20108
23638
15944
28660
10268
23821
5930
19060
1640
8451
13822
6165
24680
1693
30115
9742
29955
7543
598
7800
31106
27397
7112
4621
3141
25210
15731
20271
16308
5096
8493
10796
20857
22185
20478
6848
25069
29439
13615
21211
16335
3831
26531
12965
7228
25235
7531
15807
15067
30503
32148
30156
29273
30212
17475
15921
4373
19028
27909
11544
31260
6725
22368
28091
3671
23402
6574
6111
13827
1630
30251
8350
7778
11690
9804
18538
32688
31720
28754
10831
32601
23849
15136
20600
617
22421
5193
29173
1092
22353
23662
15804
17815
29094
3527
22253
26510
25439
20735
26202
18248
20082
21573
25926
11656
31459
6304
1389
9901
7910
10626
23109
5860
29252
29345
10116
24220
4351
10242
30946
9018
28985
29782
26400
4110
28754
24970
11849
9094
15185
12186
31032
23714
5765
3494
1626
23720
18540
26951
2485
20761
11219
18467
28713
14819
11583
24511
26614
24536
14220
24469
21119
3935
21460
8551
846
27498
146
13266
28759
27816
1031
29478
14209
24827
15837
9333
7522
32556
15371
18154
26954
25310
5880
3932
17028
1216
22755
16931
29400
775
29826
24363
12884
19996
3817
21575
24653
3473
8366
10695
19872
20826
12875
23884
31805
25402
14275
24283
30695
19579
20361
25649
11317
25570
26781
1622
23517
30690
5112
23925
7473
26896
1322
3819
32746
18647
1602
414
16421
20589
25326
11408
10923
17413
3811
13236
5749
5703
2943
18176
6000
24573
20653
30659
20093
15
15626
30777
31420
30641
20806
31068
12298
22235
15052
6910
22216
19705
29093
8725
22751
12773
28057
26966
8192
6930
13976
16389
18737
20746
21593
11019
12677
14618
24897
15433
16426
1867
17542
29740
4521
19605
22420
24961
26730
13648
31408
29579
1655
3051
23771
12883
21633
21472
31481
20800
31272
4327
6706
20455
19319
3691
16793
7460
12206
15162
30475
28778
25925
28032
17242
19799
18221
8950
16811
25996
30553
4439
15901
19643
4733
6932
10156
13057
20758
31816
22868
6519
14762
17390
32377
13572
18513
27986
5766
29557
12148
11717
23509
22223
5589
19093
4559
6883
30159
2876
32340
22820
480
7128
4701
7862
12900
29659
1503
10439
24739
5380
27379
15138
4878
13966
31797
17665
24262
12455
10857
18467
606
15395
11621
13855
7650
23154
7211
14328
11288
31183
20565
5105
8453
10683
6326
9635
20915
29610
32574
7244
2354
11260
9758
29546
28381
20270
45
22921
8670
16210
26762
31065
11765
30140
23939
22787
15733
31999
25270
17341
11407
18200
20086
29085
25042
13288
1649
25002
4083
23528
28559
6713
17610
29464
5405
17271
27038
22584
19242
20546
6306
9275
20529
10557
27583
19961
12793
3619
10388
13860
31162
8539
28092
12157
25473
20941
17743
22343
9429
5877
16555
20988
1691
13109
372
16448
22071
28784
21465
19
29172
2772
15897
3658
29862
15863
10566
7232
17550
10278
1866
11721
2429
30714
6695
21351
20028
6187
16515
21697
20780
19881
27491
24400
18474
31721
8503
3420
7093
893
12823
22823
23891
28392
332
20584
32048
25008
2066
7162
777
32181
30108
12246
20040
12992
4185
14143
8561
11359
15478
4412
31932
20977
19364
29003
3076
3325
31259
30804
11231
18888
15582
23004
18959
26150
17729
24955
9497
656
23977
27792
12083
26999
916
11315
6243
216
25305
17259
17382
31249
5680
5537
11471
13299
20724
22869
32240
792
22056
17168
24829
21622
24761
23706
18671
24117
24834
23660
15271
21182
13205
4456
24276
18965
13625
14024
19478
21864
22575
17493
28772
28904
7866
3801
31403
18391
7902
19670
7607
32482
29543
21368
10583
30898
15917
8137
16060
18622
8087
36
9251
18531
18270
29164
31668
566
659
1917
25001
26521
27364
27235
13746
1164
6939
19915
5016
9670
3303
25910
16161
9477
991
13173
1845
20386
10692
17873
25662
7016
16390
12170
21973
7590
2698
22915
17306
30851
22443
31291
25955
12946
18815
18943
30362
11430
17499
18270
14560
10728
9881
8158
2550
7718
11672
4333
4318
13934
11269
21786
17981
20444
30041
29061
23556
20656
8867
30612
18511
6051
5256
3816
30606
30076
22152
23440
27106
25822
18307
5244
16330
29796
11131
24116
31230
5872
2715
15818
28827
20031
376
14348
17793
25537
26264
28927
22009
9128
26929
24457
28572
20031
3378
26990
19568
13182
10375
31614
6739
11483
17817
29196
4509
26978
3861
26017
24321
16392
10479
12274
25780
31805
6822
15632
5841
22720
11977
31967
30461
7351
27578
2249
29511
3839
2482
20915
11345
13249
2565
27184
26293
2118
21416
16629
11170
12556
30960
24462
23750
19993
2716
335
16241
27023
7190
5772
17143
13441
23798
2061
1622
1541
27592
20156
24856
20618
17935
13217
29563
364
31114
19472
464
32454
31413
1569
7969
14216
17555
22881
27414
31177
9643
28615
26393
862
24144
23274
9913
171
29734
10608
24396
28089
24290
28874
6873
3465
29265
7967
4661
27560
10652
10629
29291
7172
14282
27255
4449
11518
390
17540
21945
32704
25635
23876
22006
31441
28125
1168
29408
19174
27490
7154
28969
9724
28305
4699
22096
17571
12929
18452
3270
1437
197
28407
4944
28583
31726
15071
15276
1431
29522
30301
15479
8359
9228
20397
6734
17681
2884
29160
11316
9436
11697
15994
16179
17653
30811
15063
7494
30849
7846
1642
31607
9842
6540
27854
4933
3416
11306
26689
27464
31098
4478
10326
4888
8486
14191
28906
22122
6981
11021
25944
11132
9266
6683
5105
24756
9421
3531
21926
19844
12235
17096
22024
2704
26960
17017
22387
29971
3263
8581
1925
382
1233
1938
30677
8547
18916
25683
3810
16530
31382
30145
1354
7554
25235
936
17213
242
25515
29798
12848
6351
29992
7919
22230
31321
11614
32277
18252
3970
2435
10503
20884
29590
26561
13591
26180
801
26506
25792
7039
8974
9260
18407
23589
780
32165
12641
5959
24374
25528
9654
990
1266
22336
10020
19644
7961
5573
743
14530
3417
9037
952
9044
19160
9844
11668
22794
10266
19135
26302
11432
23589
7470
12807
22609
12515
5904
24141
32503
20167
19227
20290
25110
27571
26812
17262
8098
24858
2476
15224
3134
28002
32196
26273
32174
9356
2322
14481
6543
21526
18476
3158
31813
24096
11972
30890
19510
20431
21629
14708
3382
14063
1021
21138
18497
31452
16452
20438
23408
15522
13372
17998
1574
611
16529
31433
1418
12793
7106
20886
21819
7901
14457
27535
26687
12103
26136
5207
28220
23703
24468
26079
30954
4852
15494
17711
5576
13363
30847
7267
12302
16890
1180
30195
20195
29477
5979
23864
977
14440
11949
10284
7542
29750
30797
3698
29308
27106
5199
12694
22731
10245
26108
31381
7420
29215
26333
28832
3601
28033
12310
27933
29028
5482
11766
20719
29406
14960
12747
7927
25961
4385
22011
8154
26536
5099
26704
29445
16613
15417
20116
12527
2635
22239
6494
670
30805
30648
14635
21101
22662
20621
2480
31244
5979
28473
10095
4552
25214
9995
17289
17677
15164
10604
27091
20521
3385
4546
27947
2898
7522
26772
28173
9963
25892
25070
12129
32003
11739
23303
11671
7199
142
23329
11254
28473
15833
7089
11313
9992
29226
23488
1084
18562
14897
657
1629
1184
19345
21892
28550
15713
30172
17722
4066
23569
12222
5626
25006
23755
1144
26451
586
13117
30096
24323
16784
27819
9415
31512
15204
13110
23116
20309
12172
5727
15151
12759
3011
15559
17432
6905
23560
25400
23609
15476
5436
19689
5249
5067
28140
2302
26387
31718
14700
12623
2806
508
31013
1642
12302
439
6191
3291
14155
19603
1315
4011
15136
24712
7722
11302
31799
29160
9050
19169
1635
19594
9027
10748
8662
20520
5572
23717
25748
3078
6436
25565
30759
15828
1373
17535
26516
14294
18875
15998
2447
29250
18598
2414
23275
19434
9660
14918
23892
15898
14884
13924
20032
1988
8990
22481
18979
5082
7902
9927
12258
7932
11162
19568
22667
24659
7394
8945
30531
14781
6960
1703
13696
13098
16832
19632
24440
17734
20129
686
13529
14168
6413
23495
12730
5225
16886
28401
25553
31658
21217
10860
8167
20496
16119
8335
11146
2881
31321
4552
12034
14259
7093
22495
902
22034
15383
5754
12719
12771
2305
21734
13356
26984
15549
25876
21176
11459
28914
15330
10569
30813
32630
7836
12170
20105
25955
18883
21644
13413
23661
29965
696
30209
7794
22700
8201
30148
1875
6099
24184
2827
2307
13431
28855
13330
9693
28755
30497
7960
25915
16174
14578
20158
30276
11872
32179
23985
29957
26003
6905
9608
1476
9415
2639
19696
14992
25497
7025
262
30493
30148
5819
24068
18127
22760
25568
19232
22805
3978
2271
19889
6136
11612
5427
6036
3316
30911
19786
21710
2054
17799
10809
31858
15622
27902
430
10438
19255
1835
27174
15009
25373
18772
12128
19479
32398
11713
27409
13912
24332
18627
5593
11990
18002
28405
9334
16294
7469
4290
1336
7977
31885
28455
4532
10987
19676
3514
18621
2507
28558
1516
25744
14685
9978
8075
8527
2700
12392
21131
18353
20868
17515
5637
20471
19663
29041
8320
12578
1981
1176
32112
12387
15370
29891
7164
17619
30395
1006
15108
25444
1097
2750
22115
18199
26625
8796
31089
2416
25259
8324
6860
7976
19562
6617
25945
3361
17891
24188
4741
27039
1185
9436
14801
32180
16056
22224
14733
6908
31145
13539
7395
31115
16518
17390
8984
12836
1367
14573
19471
10411
12731
22283
3599
31453
10963
29695
6341
18239
19547
5787
18829
24660
7962
25506
13549
16403
20093
19675
26978
20376
8575
13923
20320
22298
31435
1607
19092
10781
9253
21074
108
25577
26886
8228
26585
18490
17542
27524
1620
7225
9855
26360
32287
2987
5104
10898
20941
28265
9887
17676
260
528
12291
25368
25218
27641
864
241
24414
5996
11060
23094
29584
17424
3538
3064
6068
22694
17741
7442
30731
19959
11927
24760
7363
17931
29674
26451
26488
9116
5735
29068
2554
13770
15102
6567
23121
19473
16013
10003
10238
18039
21836
16447
30340
30218
14696
28335
16679
24969
11502
10574
11252
16994
21227
22790
17921
19932
9170
2958
16630
7830
285
18563
16844
21040
11319
15547
11989
12104
9370
12246
7933
26536
12596
30741
20047
19133
6416
24688
15291
31820
20274
13538
21526
864
5571
26888
20066
17799
23662
3306
7504
16957
24073
1049
6659
8873
16760
13050
19479
29063
16846
5729
29410
3942
8630
31073
13305
14099
28178
15715
4854
9813
21473
26742
5753
16090
3430
28134
15981
13170
10887
25872
12173
5499
14451
8820
14374
22172
3207
26380
4638
4791
13939
6621
1589
13848
23960
16331
21643
21491
3509
9649
1635
16653
14019
28849
3366
18105
25629
2249
21163
518
28388
4519
7861
17207
12194
26047
30141
371
29485
18330
21746
14014
14031
15729
28543
14376
28579
19194
20748
24132
24898
32130
2439
4572
18335
32316
17956
4323
22576
7897
31650
32683
24143
5208
1489
6745
30431
21536
24657
6805
12082
18252
23708
9606
2858
18502
31046
22013
13983
7831
16004
14064
26113
27901
17388
16939
10815
17854
17275
14146
15335
22845
24028
24266
398
29387
29671
3528
21874
14271
14697
32106
20062
23753
25891
19189
4046
17795
8725
13311
25940
16969
9724
25310
11578
24651
4377
24416
22121
32736
31540
30653
30089
9502
20961
13769
13674
13991
27650
13422
9891
7877
30349
26970
12921
698
7823
14069
13570
1105
7281
23190
650
16825
1146
2806
23605
1939
150
23269
6118
26954
22358
13371
32608
13219
25655
32530
10923
28053
25895
18738
22970
23386
16709
461
4426
14278
11497
7533
32525
6104
20196
13866
26888
11407
19209
31776
11321
22270
21996
2592
3710
17059
13801
29350
26546
31221
21864
6411
26137
10556
19040
11004
29182
933
30490
20011
29850
32406
10296
22084
1592
22335
21493
5923
18327
5746
24238
10052
27280
1716
2210
9851
11768
20628
26870
23781
20680
12603
6652
17950
16507
32581
31412
23732
1720
29135
10643
14812
14897
24017
7300
23908
30411
23983
31277
12777
8447
5898
6259
8522
30848
4828
17472
19804
15902
23492
13955
16608
28906
22174
23161
11442
26267
2391
18732
1347
17200
17407
7737
5192
5079
24608
2517
21172
4366
2639
17426
7908
19464
18944
17759
8986
19282
15263
26702
45
23222
12508
22683
4223
4704
11078
29545
22318
22847
25883
31950
28559
26286
23646
20114
4312
1876
5163
25652
31260
10568
72
26670
23165
29561
20220
9850
2461
27726
1316
2133
9301
29577
8323
32067
25002
4977
13402
30035
13308
27952
13368
20644
2689
17530
24852
26664
18162
28271
3225
5032
15236
10179
9921
20745
17690
5660
18853
28877
21945
30907
14228
27613
828
19551
32610
18053
28233
26214
15106
9408
5507
19254
7255
29622
26881
17371
15432
19587
12800
30449
24595
29754
8916
2245
10467
7465
8997
1719
24996
19807
11351
8675
24342
3692
19018
32000
9760
19048
5188
4487
19560
31287
12843
28696
18208
2314
16888
24603
7203
4393
12648
8867
10560
22001
24564
23703
30165
7960
7428
27667
17056
22841
22112
11532
19411
8076
2791
28979
29030
4852
21891
12060
14769
8768
9308
11424
25146
10154
28748
10368
29388
32676
2196
18250
1737
31957
18125
18305
16576
23902
16161
16632
7234
9569
16570
29567
4594
708
14971
26817
16860
7730
22510
28013
6152
32099
27262
9620
8014
23198
29415
16467
30315
5500
24298
3761
6997
8430
20293
458
204
4737
31202
21550
8754
14049
31823
25220
2460
20380
12910
30579
31785
24105
25966
3778
16531
8233
26361
21437
13315
8428
27823
24283
8490
1079
16340
30367
3469
28229
5445
22460
28960
11531
8625
18556
3095
1729
15877
31586
20217
20893
12328
1295
2294
14562
27625
26978
20602
21273
24630
995
23042
28062
9358
20322
12591
12639
6840
20699
2072
1249
22710
10653
4325
20356
28405
5291
5530
519
24262
21347
16944
2126
21778
19805
21738
2147
32072
26518
10470
4796
155
22222
20211
10172
1387
28974
10402
13947
17152
17198
14752
30922
32126
27574
9026
20594
32277
899
32354
2493
23417
5069
1898
10040
9874
24615
20654
6838
20340
1958
28415
3992
22161
16709
21628
10828
7725
14216
19884
24852
28691
18272
21706
21001
2951
9807
12128
14943
20347
13260
2584
29418
21766
31209
1742
5601
3601
8499
28905
12771
15444
23514
3052
11831
21633
3090
12360
17496
8638
10680
10869
12977
15705
11065
4160
3237
11959
30128
103
19410
18318
6222
99
1687
4180
22271
27781
28627
22776
18506
11844
1008
16847
2681
11478
1825
20689
21499
11261
14567
26373
25350
3364
24794
10810
4225
9898
6310
14072
2592
9598
30548
11958
30673
11500
459
30285
4183
10422
1174
14509
24884
1383
15079
463
19917
17124
26332
1515
2505
5444
16130
26858
4794
2017
21784
6686
27903
22191
23061
6193
10217
29133
25452
12635
27932
24410
5518
5080
7992
28554
22448
17050
19385
30457
29903
16955
29724
831
19954
4661
29252
15812
432
18005
31771
28886
11505
21613
2684
25336
10489
27210
10065
31869
27298
24549
26360
27478
26344
6621
4332
14633
8363
28709
15265
1955
17329
27898
24495
26382
28907
30745
9779
31526
8185
16942
30322
25128
14831
1167
1728
4653
20826
26922
29857
8374
7038
11965
10285
10376
3810
23877
1721
16826
19215
7864
14515
16396
11668
4086
1742
11130
14413
7677
4703
10001
11493
17245
27911
14850
410
14829
21395
12021
4928
29883
4128
32159
14473
30281
18307
29335
6787
22262
13800
2405
30306
4026
7864
11484
11392
23830
29633
20907
16546
20043
30609
7982
12157
21707
24354
6794
15737
26605
14013
2040
8884
4324
3608
30305
14410
29426
12226
10540
2772
9177
26560
21588
30254
26771
7545
24253
11902
10818
17615
7880
23153
14186
27279
17701
8904
9566
24587
27112
23316
26104
18949
28639
10173
25997
5839
12835
17737
17696
8113
12270
21723
1238
31115
10924
20986
12970
14523
27221
5524
29026
11329
7161
2627
27586
21537
32413
30158
2047
5897
21061
31731
28535
31540
15698
15972
16030
26254
7182
15887
28988
10777
28294
24994
24278
23695
22680
17743
23401
18505
26700
14285
20575
28767
5736
2207
25019
28945
13630
2968
29591
16230
16841
30111
9168
3090
19192
30384
3072
19869
25418
13603
24492
13762
20635
3633
15039
5654
28222
16308
13367
30698
30027
24366
2335
27505
7994
16909
29629
21030
22193
15149
780
10344
27291
20895
1645
4711
30586
21673
24985
12356
31486
28941
23770
32116
17878
11150
17787
16230
16326
25777
29308
18277
12794
18881
395
3007
2970
22293
24624
23591
21662
20374
30024
13656
17124
19835
32436
30715
9599
20567
30546
1739
6739
27734
6444
4087
16863
32451
20464
1479
25945
3022
12193
2691
17152
10637
17291
21393
29870
7232
18812
18397
9388
2009
11569
23934
1227
23228
22543
31382
15280
21955
10516
23929
15472
21893
10508
20498
15453
16600
20232
10883
15135
16532
26892
26892
20742
9370
32008
22830
14238
6677
13833
8720
16516
5888
12721
11297
11897
7913
16869
11263
9397
17652
30405
21656
8317
3874
1249
29839
12536
7891
23465
737
24895
17034
38
24264
2227
21745
32744
18143
30099
3357
4160
19335
9678
9234
11695
16522
533
29578
20381
29183
20277
29170
1102
8302
18852
12214
2323
2100
8025
14782
12989
30760
15329
1337
14935
15230
6832
18585
16917
23276
5045
26078
9863
30988
22065
18968
28690
19970
1480
26151
30881
1630
11737
9414
6552
2372
32523
456
30218
27082
2856
9888
13611
1953
29487
12327
16648
8952
15268
410
23925
26525
15147
18658
11079
13157
22357
6169
27588
7119
954
14409
6232
30436
14152
6519
8842
27489
19418
992
28717
19480
31756
28290
26587
17044
29518
7902
8607
3324
9272
30205
4082
21305
22814
3761
13545
22363
13027
4381
14252
1337
2578
24439
28202
9560
26154
13
12043
14095
32570
26758
32742
13800
32174
3691
29621
20040
27753
24806
19846
17747
4372
4041
15219
6154
7861
17361
15827
5558
30339
11309
3762
31114
27385
1338
7551
18308
14633
31889
29445
28820
11347
5699
4509
512
8118
30563
9633
25607
21158
14789
6691
27589
17119
11526
26079
17494
281
10444
9327
29502
13276
21583
20414
31752
15510
1817
11711
26414
13035
9994
18015
12345
10828
10142
30136
24361
30155
3699
28295
20759
24109
8453
16608
29721
32321
8124
14624
31334
14705
12842
11044
18619
151
26765
32184
9213
22802
30364
2642
25119
23064
2944
9473
8774
5197
27424
24736
20523
6037
11425
25423
30401
2855
16941
24356
9753
3044
11764
797
28802
17638
2161
30809
17140
30299
15343
16264
7343
24212
6475
673
27167
14681
10747
11987
1795
18816
25423
27325
11214
8382
7927
15585
19021
6588
31942
30294
7563
14445
4534
13758
28914
25760
2091
5752
25266
13009
5500
24599
9575
12101
26799
18962
1270
24406
30340
10172
12983
27915
18102
4215
7386
12523
9853
22565
21763
3603
25687
27616
19000
21639
30984
26347
23037
7622
16863
29672
31933
22433
12348
20043
4460
29004
4687
30734
3179
24246
22818
30631
3500
26134
32730
12855
8726
27590
30778
13828
13355
12373
16488
2345
28648
13528
1524
20620
7660
14720
31254
25361
14813
2674
15159
7437
18440
3794
30643
2046
11847
20001
11742
10873
5160
24522
11589
5219
3659
30967
15670
31588
6412
3241
3202
31641
9826
12808
20097
20617
17159
17656
10583
6747
5850
29932
22902
838
17537
13823
11876
22856
27730
18497
17599
28699
22132
18766
8574
24421
2113
1062
4729
28975
18671
29496
30764
21656
22896
10432
23735
26826
25494
4435
31786
13358
25723
17592
8704
23516
5664
22778
32745
12118
7252
27579
25037
7285
30936
21963
25357
8099
2752
15610
2316
1099
7452
30762
26350
2446
18648
31144
11935
16184
11745
13244
21271
12018
18313
11134
8157
9657
24621
11756
27082
12686
26645
23354
15632
10095
13211
31849
11387
17799
25744
22299
9718
17826
731
29606
28752
29667
2147
2407
13888
7609
25648
1369
17063
27919
14541
24293
21014
963
23024
12028
7568
27482
19804
15716
657
11506
21255
30799
27726
9591
14456
2610
25151
27162
31604
468
24539
20735
32729
16550
22947
29238
23754
9042
4961
13549
1292
6294
11186
15588
20144
6739
194
19489
7667
15585
21079
27876
14178
18598
17681
30685
32066
4583
10992
19101
7214
733
13590
16971
27394
3084
29390
20120
504
28368
16846
12532
19729
5689
5049
15363
7607
29208
11496
10058
32672
2138
16490
19247
21749
12437
3401
22816
32180
11745
24847
25618
3667
6889
9097
19757
22950
23618
20427
26821
20994
3323
32372
28557
1443
6517
25908
4103
14923
31860
28555
13375
27692
21111
21715
20409
13320
14149
20352
18856
22679
8649
22951
22368
3881
12831
4797
23310
12172
9711
12962
6823
24368
26362
11741
25374
30601
26610
28458
27610
11189
17295
18994
3687
12639
20959
2969
9836
28899
10206
19005
11741
178
13638
23997
26993
28665
29864
7737
14679
9341
25020
20825
25125
20425
10742
26769
25105
16268
19289
29859
9827
3389
5520
29285
13610
28928
16699
21700
7982
15309
4487
28681
20007
15567
13313
10843
812
5642
21164
5509
6510
17473
3152
22010
24870
24087
18198
31510
9932
20084
4434
11431
14986
3626
1184
20908
3056
8409
24370
5213
11753
22800
18280
26475
22254
10164
28065
28808
12665
31398
82
31786
4285
28320
9813
24204
23956
22624
29571
26102
20409
26889
2948
16959
18231
29126
26342
1424
23073
2736
28269
8810
27268
8434
24746
2795
22682
12330
13775
21837
9536
11027
30146
2479
6314
22370
13424
32024
16726
8429
10340
23993
24382
10258
3992
21618
3922
3927
22155
24472
19237
19534
13715
19190
4327
32700
14453
26897
18323
6393
25651
29105
13161
18586
28453
10652
3743
1614
16203
14245
6740
11782
8930
19173
15301
30809
30517
30281
31171
21030
12726
25933
28261
22395
32589
19974
250
30133
28144
17510
31809
30953
21620
21180
21725
2179
27811
31610
13315
22317
21390
2107
6774
2547
25637
18948
12213
6820
8196
11978
4466
14715
6800
20533
14151
29182
6723
24484
16037
5927
25668
4977
13069
15042
26171
31094
9858
13334
12899
21200
11838
31175
481
23778
6052
21243
12628
11165
26998
9148
27565
30975
1352
22686
30529
3546
32052
13729
22812
10199
29136
3160
17048
186
3165
7499
32047
23272
26945
10395
18574
14118
1720
29156
24298
6051
3014
15207
5015
29753
31600
31849
16343
17392
10283
22230
29168
16324
31637
4138
4737
17064
26211
4497
29717
27338
3226
13133
249
24601
515
22361
31563
25605
10968
5964
852
3717
5316
2431
22552
23647
23563
24946
1578
29348
28932
28524
30917
15225
20944
17250
8473
16413
3142
30490
10211
25640
7213
25489
23872
26129
31150
17817
23235
18675
27656
5574
3013
2961
29830
6027
4092
20631
26031
25505
11344
23587
31420
29096
15849
2691
847
25873
25485
9281
30561
8507
20777
13148
1916
26844
429
15833
32043
3235
15133
2426
32688
27932
6373
19662
4340
21459
4206
29034
22212
26556
9198
19317
1081
16594
14212
27242
30584
24319
15492
26393
24476
2108
10000
21231
32497
20985
25064
11384
23907
22975
13442
32034
32566
28948
20318
1092
29687
16543
29332
4958
20914
9868
25263
32675
28773
21554
8125
19636
31157
28403
4775
29871
8416
14436
9407
29032
5875
430
30104
27382
3901
28213
8986
12146
26627
18807
22485
22523
19317
29750
5014
16125
23777
11481
25144
11187
17959
14096
29885
22251
14701
9911
20638
11530
15123
20989
2398
29007
18409
11973
14437
9820
11168
8012
9996
24562
7039
29196
24309
25084
26967
6369
5277
12495
25273
23403
8244
30384
12390
2227
30892
25238
18951
27665
25872
25650
21023
2381
22551
26925
28221
25604
10745
32689
28534
22093
9345
554
24338
15005
5475
12366
17286
27880
23249
22875
12707
26377
7753
31647
32268
31844
12721
32062
8941
30922
17061
25136
11754
9885
22544
9097
19030
52
19961
3069
15270
4224
17312
15779
23589
18160
12234
17657
29673
17043
3929
23849
31749
22653
25119
18826
8704
22891
27124
26730
8070
23210
24582
25355
14942
1588
5233
7915
156
13853
11280
21576
5400
24365
28818
28132
8222
3791
26320
5638
14439
41
8029
5313
22600
3213
30047
25464
13098
31504
12190
6562
32570
29560
14299
5835
1890
6236
23651
3547
6519
3206
20452
21915
9396
26524
23422
8821
7271
24064
30493
3452
29418
8180
15367
3244
16597
13314
26033
16498
27762
20635
21719
14959
25969
30974
18635
8569
18653
24923
17166
22242
335
24120
18717
253
14178
25365
30861
7903
9830
21579
8538
2403
10585
12346
23165
1393
5139
21411
17596
19327
11456
23891
28614
10327
22931
29954
5503
6939
22201
31098
8089
5255
2188
23036
11108
15223
15882
7903
32743
23209
30597
25978
10799
23491
1435
21316
13287
29592
5225
17466
10281
25511
30460
14465
23188
29924
18184
17741
9375
4028
11485
3329
3372
5459
25494
664
3681
24080
19860
31811
28083
347
11563
22867
23107
19109
21914
16218
17774
32681
26689
12941
10655
23538
29198
3437
13160
26014
32057
7079
210
32609
27441
23608
27377
23501
10966
11988
3515
13776
7912
28809
538
29310
18623
19360
32319
4112
2877
16068
20538
1581
6658
8038
26311
31593
26846
7007
23659
29708
12172
32215
14528
24084
21917
15206
23565
7805
23218
2426
18714
959
3822
1273
16707
16793
12203
11303
26314
23053
15468
12233
22898
6060
6163
24459
329
32019
19029
13727
31685
19894
30058
17831
24338
5084
21513
4821
18347
18411
21395
4432
25640
31974
7823
22234
29526
13876
11094
16049
26765
19107
8975
1202
10814
30892
13534
7108
7884
4089
10585
17268
31645
21540
19004
8413
2672
31938
29277
24267
22769
30368
23010
6432
1674
19020
29361
6006
9341
19415
26920
6917
23600
30682
7439
17351
20423
8631
9930
20699
26872
22305
15571
16424
2587
7391
3432
4418
21889
26828
24705
12177
32519
32035
5637
18352
23531
2297
21565
3091
9438
12811
31369
11501
7770
27578
11346
1872
6965
16212
2111
20374
3447
27029
24492
15105
6505
29038
600
27806
24302
7172
29277
10607
27926
25084
5222
6088
5105
18934
12316
3578
2209
19543
21729
13359
4019
9292
30401
32149
8624
12812
22437
15551
15854
21085
4298
22344
24492
20313
20594
23737
18782
20082
8154
1196
6726
24500
17771
22578
25156
4682
5940
2675
10223
12868
20888
17556
5348
5015
17988
26846
15455
3685
30565
4380
12296
4223
29463
19524
22287
26665
800
24410
15226
11293
1246
3474
16830
25810
32126
11189
32397
23293
15983
709
7920
12121
11798
17892
5781
8099
2244
8050
2154
7401
11749
6518
7531
5893
19834
25919
15799
8549
2505
17995
24554
21773
24914
9319
25255
5086
29958
2328
9332
4376
32436
3130
19915
17182
3012
29671
365
8825
20519
2970
26362
23072
9614
30356
17343
19702
2778
383
5583
5269
14292
14162
25941
23882
6431
15732
16424
17248
18539
15140
5024
5538
21738
20504
22697
8475
28680
24164
17941
27168
21079
11166
32055
30353
27848
7488
25773
3419
14881
5197
9597
3905
17579
11320
32356
19677
13355
24833
24938
32225
30740
24737
4026
15779
25083
2984
10161
12505
17483
26917
22837
14496
26938
4550
13384
22212
30204
22080
17884
10043
3638
9457
30441
4850
19381
29380
25022
8141
24160
11094
4501
489
26731
27735
24681
21028
27342
4146
26380
3551
22006
19440
13172
17410
4794
25689
14677
4929
6032
15965
12534
23966
24065
20147
22589
21807
19546
11456
18955
17954
26533
19642
24528
16894
25047
9485
20822
4139
22603
17150
1761
1973
22127
4750
20858
13901
28862
23969
32136
30865
3054
18015
29600
26509
9322
16603
23454
16257
10754
20466
30197
9188
17377
2423
8003
25770
4288
9613
12841
10435
14170
7507
15193
8676
23328
7367
13296
11657
18733
19428
13831
1851
29052
13070
24452
28686
89
16048
22326
28527
11285
9764
10274
4380
2814
14803
26391
17524
1422
23709
22153
16625
14563
11387
31900
5107
23919
7778
24446
15295
1521
4459
23546
29639
19108
7474
19018
5676
13494
8059
25901
13953
32251
19740
10042
22994
30947
18967
4724
28644
13482
3334
5662
29119
12750
4540
1745
18794
15046
7977
23755
26358
13553
9342
11402
9917
32205
29074
3482
27884
10345
20100
25515
6719
12061
13987
15846
15884
28024
14986
16513
10627
30330
19855
19601
18484
6915
607
23072
25042
13452
31458
14464
10550
2069
3941
10462
15526
21854
28919
1818
31576
26202
19219
29911
21554
13025
10368
15054
29140
27813
8054
21607
26584
1895
2306
22922
17752
4459
18347
15026
12465
28713
24918
836
28807
21829
28775
5664
1546
32705
12329
6261
15479
7538
10352
32473
20961
24752
15485
28825
7473
7762
8481
30029
21868
2010
32294
8368
24116
21996
16106
12463
15762
30469
22093
20928
7922
5737
31181
32117
1903
3933
6128
10065
8017
8343
3555
11226
13524
29683
24672
13807
23596
20071
31700
3676
20677
31801
16322
2476
31695
19823
22882
2111
17402
13960
12687
15516
2686
26985
29152
11271
31071
31386
25876
7511
1775
26290
14003
27138
21140
3088
22002
25978
16075
27852
32727
20156
27757
19693
13471
37
31538
221
7261
20872
13171
26
7907
24703
32052
4141
13029
13054
18529
7136
10332
26670
19032
2732
29225
27512
13480
11377
13051
24031
18712
3434
4466
10644
28396
18015
6021
29636
11619
7452
8481
24757
12164
2339
7698
24081
13594
28830
11047
26498
5374
12695
18065
31102
13460
19307
9101
9829
6296
15484
24899
457
29467
26663
10477
22028
21192
6390
30523
22577
22380
29462
5366
19948
4022
27403
741
23035
25659
5282
23789
25273
13244
24103
30843
18161
1196
3033
16935
21744
28653
1947
7825
14302
10459
22764
21135
20302
18059
22809
13963
9491
12884
30641
14630
30037
24463
9018
29985
31973
12444
10786
24190
462
11558
10233
19170
18989
28071
21213
22846
30018
24622
15669
31918
27334
19040
24482
11938
21631
11452
32562
3131
22035
27428
17367
25336
30490
24217
4888
28817
29558
13383
775
23075
26087
15809
31091
7822
218
5773
19294
2075
18818
17123
28849
24931
2346
11186
8239
29036
26826
7140
26536
788
27352
8931
5231
31667
14176
92
14
17660
28247
32067
5431
3620
29741
22039
8446
10311
27809
6759
17478
519
22489
9621
6521
1654
1458
5338
25213
25398
21333
24202
21219
31198
26379
28313
19041
160
24146
27743
4994
5673
8752
3480
31388
19657
21959
6831
20739
28884
4906
2108
12412
3656
27247
18891
4852
31151
22277
16863
4722
24647
8008
29494
25931
9057
21075
22351
27285
775
22549
32298
23261
23521
18344
23375
28957
31834
30685
25617
8168
21758
32284
25364
9960
2086
3947
9485
7306
7384
30668
25289
16376
22761
7116
3185
10056
1636
14425
23052
7666
10288
21716
17733
18312
25068
7015
20590
23201
5918
2969
16070
2071
1421
15135
8695
25202
24299
6389
24803
22947
9655
26286
7072
7926
20834
23561
4289
1346
32177
10436
26584
12642
10594
18613
1337
12009
18450
24086
19200
15634
11102
1569
27477
26614
1865
23517
12270
16898
5597
7479
23254
20903
7702
9812
1133
1875
25083
14118
6833
20385
14350
14141
26043
5581
21478
27616
13708
19050
539
21597
7434
16983
23394
8349
24134
495
13049
30203
27648
18560
17478
30294
9325
28670
25531
15717
10552
29945
14076
18507
30918
15053
14404
31596
11454
24601
2309
14974
457
14194
22478
18147
3222
14424
23922
22582
16418
31848
13671
8996
10550
7380
5484
17021
817
1041
10350
13962
2567
1999
4269
28322
11658
24366
21787
4344
2536
18735
15876
29879
18805
30568
25844
593
21419
4349
31702
28179
28015
25035
3929
254
11926
2534
18584
25554
28840
16710
29177
8299
6884
957
17237
19792
28548
14636
14682
6026
15938
11767
31790
7858
8218
28598
6485
22350
8274
25134
5333
26462
30392
8319
5528
12593
14123
32414
12561
125
6748
16134
6691
3503
17366
20651
14142
19328
10556
10544
25547
13001
32466
3929
24778
152
19775
27075
14521
6787
5266
26067
6840
3388
8322
2796
28908
22886
29178
3557
13857
679
25045
30906
20147
5375
24806
31361
26798
5208
31035
29600
10036
2654
29858
4670
7455
9872
19565
4855
23272
9367
18035
31188
5064
27863
25431
22394
7708
9029
525
28321
21262
6264
23705
19912
4466
20738
16922
12583
26606
5888
12808
16614
10846
18928
15546
32652
30326
24771
19755
31930
27561
21043
16381
8217
6730
22359
27582
8337
28146
15477
32363
31676
5921
13335
21554
410
14376
24673
11132
18566
22854
1697
23083
7528
26641
8488
26656
17453
17943
17241
13057
7284
10950
1023
32569
32394
23689
25060
6720
25753
1332
22175
29212
13340
9634
2989
17960
15254
27804
26051
21780
14468
29949
23139
11309
31120
12052
17326
31710
28935
31050
9849
5495
19341
11269
7842
30254
24336
7372
26020
868
1530
23723
10090
23593
15019
13785
6497
25601
1830
11416
2001
27368
7434
1885
19821
5781
10693
8753
26921
28924
15108
4439
9803
16406
18285
22319
2757
2788
12177
12634
32706
28594
19228
16671
26751
12185
22095
4877
7004
4935
21425
18914
28979
3331
13825
28844
24296
15339
26222
14382
19777
13440
31499
9093
8952
12901
12669
26636
13583
5988
502
1148
4452
23474
24168
21336
22405
21364
29170
7304
5061
28033
29855
27203
20624
20330
26447
9523
20987
29368
19445
15316
12191
10100
11779
22814
16552
8173
3875
28259
3625
27061
3112
5242
16307
30701
20036
2077
13861
8898
7291
17808
18629
16440
8535
1923
22672
14887
14558
11578
11727
17794
23233
19435
21483
7903
29910
28520
26498
28724
18888
19965
2746
17375
10254
29596
29654
10474
3353
10295
18951
27788
2258
5486
17540
3315
30019
28522
16348
18752
22164
9481
15755
29396
30522
23355
460
25546
5227
14252
17327
16068
11989
16035
9067
23531
21391
18474
23285
1841
29008
20591
23762
29658
3551
10090
21801
2362
28618
17344
16668
27840
4187
15591
4184
27955
27080
12427
1259
13116
30122
5937
17751
23333
28592
19483
21732
23520
12437
19563
26170
24395
13647
29067
15406
28594
9866
10955
3293
7829
29780
31308
6903
2220
23066
14622
31070
23337
24275
26277
11504
15933
9595
1857
8352
18653
8643
22061
8140
25030
1287
20136
19147
12735
30592
20563
14789
2846
29115
25307
16839
27277
19017
23767
4118
29966
19385
29172
4036
5949
26307
27727
19842
10709
21702
5410
19893
16246
15989
4259
2252
32678
15052
12585
464
13077
14922
1425
11068
25893
12890
9952
3600
16041
7442
2345
26401
32237
8479
21426
11955
12280
30208
1106
15945
3853
22643
25117
2236
10872
9005
836
6283
15239
24526
27190
18546
19414
25620
32267
27198
4303
20303
25123
20447
8306
31765
28938
27327
25426
14902
24223
30034
26592
25842
17782
23279
31468
10602
9082
20958
10601
4437
2519
23474
3953
9716
1047
8152
6281
16200
31370
21617
5413
21378
5100
10589
18799
23227
23106
27032
22852
6885
9989
18122
13695
28674
6786
793
28283
25748
8833
27970
4051
11860
21541
25320
26988
25382
7443
19756
27062
31309
4054
19325
27950
28123
20355
177
10024
4204
24216
13909
1995
27412
21802
19010
17245
14230
16960
6769
24257
19159
15482
25361
25917
914
26102
17110
11137
4428
26483
22931
17381
10123
9911
13579
2035
28995
15407
5
23333
22673
27606
10142
2799
30379
9559
27363
28672
16408
20342
2207
13510
16668
25260
32626
25904
32375
5905
5155
11191
20047
10624
4663
24479
15722
31733
31427
18554
21664
5433
5502
15087
21136
17346
6170
29369
11667
26580
22485
19954
29166
10477
14667
19858
20556
6752
21134
32563
28779
4928
29560
13335
23573
15743
2112
10603
5714
8279
2636
1485
13020
10729
29510
20493
467
31781
26226
17200
9138
233
1087
9147
6530
2413
7196
31278
9549
31966
12428
22222
3798
23113
381
679
8327
4539
4310
16850
28843
30887
21839
2804
19165
23943
3973
22535
19904
32454
30030
29789
4337
26846
10057
27617
26426
32702
9402
32673
4361
14190
12693
17289
29472
16373
25305
18801
9613
10363
17695
32091
28381
15787
20851
5877
32653
10075
9314
17510
449
2415
11092
29254
20792
11258
15389
21742
28544
28327
19150
5875
2150
2904
12753
20717
6833
27660
16437
11901
6416
6150
582
25742
5968
31788
30817
23770
22482
4781
12294
15024
19773
11750
29487
7413
25712
27271
480
16746
10939
3313
2560
27948
9294
19939
20839
16001
26353
23126
17976
19409
19702
2725
26993
13299
21612
5361
18368
939
32406
16068
29849
5232
17308
20980
15237
18546
28287
22731
31677
18395
30034
25956
25079
9045
8616
26712
29824
32717
7497
23195
9611
12151
14121
16032
24521
23571
29850
15556
16697
9838
17088
24297
30786
24363
23621
12129
30463
15555
14159
16143
28890
13003
4015
22216
22108
20086
24924
22527
17219
15450
26399
4258
4821
23415
29071
1599
3701
373
10816
31851
27252
21549
5944
14948
1321
23659
29346
21493
7236
13810
10951
31130
27743
193
7737
5093
28374
30613
26705
11808
10713
20399
20956
29748
18111
17879
14866
18378
25245
31905
3016
12463
19736
4079
4838
11389
10615
439
17946
8568
9725
25607
22734
30902
15733
25670
10584
9091
14094
7100
24433
4099
22633
18773
20201
20761
32241
22689
29337
32136
3435
23072
5016
2648
30413
20669
28850
9340
14164
30872
31253
19889
4817
27400
30030
16553
30532
17377
7540
24681
16043
11250
5027
14064
17180
27858
13228
18201
30994
29149
8459
13762
1029
23161
8218
3630
31037
414
3972
9640
17639
7829
5627
25193
25961
25343
22574
27068
28915
14874
19189
31072
6486
3392
30159
28718
8730
12720
14735
18939
31946
25489
28498
4800
32659
29236
29620
5369
27150
410
29252
18250
11353
1334
1333
15720
9324
22515
32086
8247
17834
5497
26180
28976
24247
6316
6877
7430
29066
17270
32249
8585
20931
29639
11093
19146
32062
18906
13520
19328
25320
9145
16346
13482
3025
29187
5929
4214
23171
18925
1197
9314
21651
22663
1991
7841
10869
6977
15286
12992
29076
429
594
27017
17570
23686
18172
10280
15917
15858
28117
12940
372
12036
17198
11536
17784
24197
32576
24923
5718
11508
12829
19076
16595
14795
11239
11386
7225
22020
13632
15012
9826
32732
11265
4548
9746
19415
22575
2337
18314
24324
3371
7909
26457
24194
27432
964
32630
30787
21730
2526
27276
26896
28046
31463
29077
9165
13068
6533
22442
32255
2148
20985
22553
1419
17520
24066
19129
25536
6358
24574
25210
29080
25914
14675
14912
24891
19121
8205
9202
8389
4984
14281
28109
23113
17126
12753
4607
13590
24991
14472
1137
15417
23051
10761
4836
3651
30982
26123
2879
14924
26329
13064
7207
28215
11369
32414
9169
23096
6319
32053
24852
28052
6760
27874
15043
20648
25102
32651
4409
16429
24582
12364
20021
11706
29467
2074
9961
18826
23339
5542
17485
22912
17440
7300
17849
360
32034
16269
20915
24704
12300
10882
10502
10295
11548
32498
28692
4148
7918
2141
8812
19354
15019
31641
25759
25483
16510
17781
10320
6891
24647
11421
22155
16230
22164
19133
29784
2996
21965
8425
30095
32539
4014
19261
12781
20022
29434
6080
12392
20726
29038
1166
15552
4582
25076
26935
31575
25267
21274
20322
28482
6635
25026
16054
9888
24069
26651
32762
298
8610
6352
7034
17676
13586
23167
5805
30196
4378
30572
13590
8808
16116
30071
16488
7004
408
10827
7149
18948
9274
24537
10024
6119
4628
7429
13242
7477
7013
26270
4738
2394
3002
3220
31752
31187
30060
22373
22556
13120
22122
10713
10426
28859
31288
27375
7217
15721
15672
19479
2692
3150
5417
16289
25105
614
749
13174
18288
9969
20879
25606
27806
28174
18052
23425
25435
20875
10033
29002
28368
27644
14254
23977
6261
18954
5834
13760
3122
26126
6991
25536
32709
479
5767
28508
10595
21223
8190
10878
2466
13437
20106
5689
3222
21615
649
5120
17978
3549
9578
14101
19986
26190
623
19011
32271
24829
7344
24016
6323
7284
9828
29102
6773
28252
32092
4081
14951
29076
20688
27526
24086
14976
21598
22305
1202
9636
9296
10359
28015
29809
16158
23470
32042
11358
14387
2833
10064
27707
2036
3849
24060
11202
7423
23112
19807
6512
4784
26184
26213
2707
12522
17396
31893
12707
6420
9381
31546
3797
17505
28495
30144
20206
14165
13821
5984
3157
3717
8058
13824
9837
18590
6481
3156
8993
29096
26104
24394
20161
5004
23369
4773
3596
4052
25905
28903
5774
18099
8364
10869
300
12101
8945
20470
27389
17687
16617
19452
6235
28394
27366
8166
20026
17076
28818
26629
21945
19176
16678
27389
24055
12535
31708
14446
12328
28951
25766
6868
27112
31555
4384
24748
12750
25987
25027
16601
6725
4973
7004
24133
9879
30444
13501
11979
9803
20032
11443
18773
23217
838
31800
24385
6843
4090
30953
25866
26894
3130
15290
11812
12377
18637
24552
39
6630
7075
11823
24880
12911
16734
2110
9604
20786
30738
10344
119
30023
14153
2460
7309
3378
10571
2967
32478
23733
18844
10072
14783
29928
19653
18388
12958
29323
13655
6892
32558
30362
14894
28316
7621
3362
25075
28277
3330
30292
30692
21837
1714
1495
15832
26421
25076
3171
32637
18347
24732
32652
27365
17
27606
21467
21057
19038
1036
15651
15084
29716
26633
18706
23979
28018
14174
2055
31795
22762
5124
14371
12267
11989
1860
9891
5620
18790
11732
15213
31847
27868
28483
25320
29917
8188
17558
18961
28725
26815
21044
8396
18321
16712
22783
22135
22178
22808
17092
1221
2854
30341
19925
31946
3502
3176
7156
10834
26533
22551
10355
16759
19086
7059
27034
27251
23693
18434
8521
24498
11817
11359
8414
12844
15696
31856
1113
10225
10651
17400
10431
26885
32212
6703
25020
28271
12982
10607
12939
26509
20211
24368
3611
2474
18556
22582
25194
32210
2812
23817
29493
24805
18341
678
18388
2539
29232
17268
12384
2727
3871
9337
9750
7791
14150
15054
2816
31547
29833
9552
3282
14587
23527
20121
12050
17198
2232
2863
16507
2224
23858
26618
16292
24019
11314
15612
29405
17586
12346
22588
14169
4034
29621
21763
19347
4778
3715
29515
6378
21845
23729
885
16526
32069
4744
14906
28576
24874
20938
228
16021
31411
9272
5566
8156
10916
32599
4297
8640
809
13684
8368
1935
3177
30694
5118
32252
14175
20115
655
28354
29413
10422
11076
14218
5906
27359
23035
18447
6854
7739
27071
27520
18307
9493
14139
16678
24447
6301
6005
10310
27127
13288
9913
9033
6597
28729
978
30234
565
13951
19329
976
3605
18974
26663
12173
27915
20722
2501
17573
27436
7313
23078
10755
26313
6353
16731
25801
22668
907
20072
11831
8644
20894
6205
8398
5374
25910
10984
16565
27861
31054
21768
25435
9483
26227
27013
14942
27096
9419
18814
1452
4481
12119
19075
12520
21549
11381
19717
24591
13813
32681
5898
12123
22330
10396
18213
10855
7995
4965
29606
16021
29926
15880
18958
11437
31215
22332
17094
15814
31776
14962
15632
16234
4336
27922
5949
2805
3926
264
5921
7230
23519
127
14020
31609
15103
18156
10586
32348
7588
27471
11381
9345
7185
8118
31098
4876
4842
10754
27473
29581
5771
23021
11361
14888
12446
8268
188
5875
7149
11154
150
5791
29300
11670
22268
13915
443
11926
22723
28405
14691
4475
1982
31554
26622
11614
22068
24001
14884
8268
16016
27003
12227
16198
859
21037
31670
18316
11112
1961
409
13596
3662
24698
26076
25205
1307
22471
25623
21920
4935
25210
24477
24177
7143
8096
25172
27147
30499
26643
32196
12194
31722
343
17005
6789
20965
30659
16734
5467
8105
25569
19459
6828
26928
7959
26175
11940
12938
11142
7866
9748
15056
21298
16765
24250
25434
16995
6332
19650
5937
8524
12274
396
18119
28907
19764
4016
19430
12080
5310
28736
18919
1633
2771
19789
24100
3005
26564
21932
13488
20832
29262
32249
21829
20326
21544
21213
15485
26707
7389
16525
5445
3251
26328
29587
9871
16893
21181
14033
18760
4285
19712
29379
31370
7666
20912
12804
24082
29621
8851
20244
17652
15644
9080
12120
3213
31070
20681
12130
27066
27192
1120
9331
29767
16783
31899
5950
1707
21078
22963
7151
17906
18610
1353
27500
26106
11612
14402
8667
32226
14408
4821
18020
192
13956
31458
56
11922
1890
13446
7378
4472
29913
26860
19325
23328
27433
3942
12822
13953
21438
27836
16147
25036
5975
7364
23748
9375
2919
23090
27097
30332
20155
30898
6949
27003
22878
17716
10913
11579
17338
16519
30644
15902
2303
26666
31921
5302
18633
351
15778
27002
19453
6784
5188
24766
20723
13974
32082
13026
25307
22312
19206
9417
16473
22609
24798
25740
5491
21269
23708
7792
3245
31221
20624
24086
31602
9153
29465
4082
11702
30894
26474
14078
5338
30121
906
10928
24016
14826
14238
28969
12927
21195
31339
2479
10857
31195
24343
15197
11915
31022
14383
15385
21636
10744
27631
17351
29946
16730
23997
24508
314
24444
4342
6774
23582
5340
26861
19338
14900
20966
10801
9181
19740
29892
8463
18967
15922
26999
4440
6997
15470
4135
21349
25631
8584
23991
16983
9625
29279
27293
24483
15101
16027
25585
20431
29512
9105
4803
5238
29492
30312
28082
10130
29543
22906
26810
23547
12010
16637
30542
10026
5596
10979
29863
14403
6248
3582
26203
83
7668
17512
19761
4053
31899
29986
30772
28028
1246
16635
3590
18988
30102
14004
16503
13897
27693
21089
24150
15413
9486
3090
14216
1044
8282
14771
1878
25811
32477
18481
22795
1640
11072
4063
6847
31067
9088
18455
21102
26501
30367
24100
10573
16920
19097
13151
16733
4319
32409
1689
2368
18119
15725
3257
588
16287
5175
31910
11486
19228
24934
4712
3824
26912
12261
19850
2286
6971
21138
28354
27846
28531
21490
30932
2879
10304
3619
14515
11147
9691
32530
6377
8479
29880
11502
17466
29634
9553
11996
23428
19940
20774
11756
17130
9522
28930
29259
18993
20839
26751
20667
13418
1381
27340
3137
25298
24196
7342
29
9974
32298
6085
9727
27
24988
13073
19576
18396
27667
13493
4527
4629
22291
20730
30293
17408
31992
6806
7387
9886
12754
18479
2274
30809
7794
29467
29427
16871
20933
13162
1136
29297
31841
15654
4042
1781
2654
25305
6389
16617
3943
8528
16921
12321
14608
6303
28811
5106
15210
5733
15867
22424
27606
5457
2543
11733
32278
21989
16240
4059
6058
29818
8962
9068
11609
8325
15578
19520
24334
22808
13132
27815
17893
21164
10627
6511
26758
27165
30324
17672
18866
18678
18452
9702
17691
7919
1737
23591
11897
5300
3359
6774
26330
23528
1981
22063
23609
106
4503
17091
10067
24279
24677
7263
15286
25680
5459
1480
24091
31613
1530
32138
21749
19153
4495
11857
1866
10256
22106
7831
32194
25871
23402
895
31230
22972
648
15105
6186
20317
22121
12616
11990
12573
2344
13656
24833
9668
14067
244
5751
30406
16644
30655
20062
26751
21714
24993
11
26557
29577
9324
32282
12415
3512
16576
4029
20988
1866
5676
13396
13287
14264
12949
17726
242
14973
12508
27119
6801
9161
27323
4675
31232
28025
496
27410
8839
12359
1182
261
2301
32062
12528
1448
5259
27506
7167
27328
7346
11757
16374
18398
2191
17900
13684
15924
29534
9548
7217
20136
31294
21823
30437
22055
5939
30019
32357
9276
11633
9813
12303
24545
10968
13921
7017
11925
25275
8190
13061
20910
1509
12888
9384
11761
23518
30061
31914
29024
8554
7805
6304
19283
12371
10427
11577
27338
21608
26185
25446
14082
29126
7523
20670
30278
24662
1499
20256
22280
8343
15045
30618
3888
19870
29811
17545
1460
28763
7844
7938
14953
6173
7928
23409
24601
23640
24487
27008
23765
11175
29299
15163
9356
3085
24539
10097
8669
12416
30354
19293
8490
1960
12079
12165
29166
10212
30758
13283
12880
15502
32247
1859
30968
22656
17317
11756
20769
20950
8042
23426
15599
2806
28585
9259
12803
19662
7204
18673
17486
5725
14191
9064
29474
1397
21669
29840
19599
15551
25945
6908
23276
27391
13263
29748
4276
22425
19820
27993
9876
6229
29036
1799
8129
21599
22483
20607
26767
14482
25766
7686
17216
245
7002
32392
30489
15238
26253
13441
30140
10295
2036
13854
27313
23095
17557
30879
26950
32370
8502
2815
11417
27483
17173
17367
7667
24041
18649
1664
5463
2015
12233
25463
2139
21329
6460
6150
6967
32612
1104
12577
18460
31317
20447
21903
4295
7357
6319
31562
28245
10771
18409
3111
29529
14962
26061
15801
21548
29084
1187
8307
18820
10048
22517
10766
328
25720
19451
16170
4515
23190
12631
56
8792
14112
20739
23959
16469
31001
31879
14077
3978
11138
28271
2585
20219
10529
3836
29815
25364
19841
28954
3235
23101
14138
7058
22161
8111
32626
29313
22332
20614
2724
21769
2958
26391
22177
17222
18048
12419
27092
8323
14978
16525
18377
26030
12829
22440
3825
22538
15319
28500
9119
6180
19799
24747
3159
7432
8649
22839
25416
28596
22404
4615
279
15053
4330
32002
17630
657
7312
23675
7541
6413
26784
30981
14320
8848
17787
27016
30568
15967
15266
8596
6655
10154
30934
14838
12062
25279
6270
10121
17153
19070
19274
21583
25462
4621
8726
20160
25057
3789
17
866
30340
24204
30750
13466
10493
15868
6522
9410
8720
9059
28575
9851
19111
29077
14697
1861
23575
22304
7032
2125
17829
11718
20949
22917
2889
28208
9432
19194
434
3040
9545
10339
2953
19816
29637
29429
15354
29913
5987
28031
625
19583
10136
11954
17313
27595
19800
11712
971
18577
24446
32042
1597
26740
7790
10194
1561
18078
21241
25688
27735
16820
21633
4771
9997
9736
14941
14270
1518
10257
15486
27622
16401
25369
1875
28385
1781
12342
1771
22161
19137
27003
27994
3016
5072
28015
30813
2398
5484
30398
14913
4481
24026
7215
27136
19789
18328
3286
32430
2716
4066
23691
6675
3104
13946
29851
1690
8111
2729
31933
19562
28381
2433
20551
8658
15824
29030
21409
15082
3152
11981
15866
15479
19742
1602
11067
22032
10119
8112
2617
18303
30520
22237
15151
21866
32340
30004
29291
28979
32196
14535
13127
6172
10191
19604
30555
11695
8426
5639
22001
21853
721
31681
16313
3941
5590
2456
8895
7415
13433
5599
2713
28569
3386
19431
4325
10187
13995
16325
12787
26342
18889
28502
22974
30794
30348
21633
15649
5560
18109
27836
21319
19197
776
22994
868
15569
28242
32739
23202
22270
19277
17580
24159
9669
24649
21512
20117
24189
27981
3511
27801
23421
18534
95
6665
3900
5183
5584
25599
12983
17650
21644
20107
13075
26398
23175
29793
8836
23866
29995
20174
12397
1832
31391
14833
27849
2061
18505
2343
23241
7777
2706
16327
5822
16962
12777
16912
4922
32270
14602
4703
12658
13616
8320
28325
14567
19770
17256
25113
29254
27957
27001
7978
27020
18228
14913
13752
7021
8240
30129
31107
4599
2575
5596
11492
13427
1030
15868
17339
20108
29985
6838
21160
4787
13600
6047
32382
7105
6021
3582
32756
12766
11499
20692
3998
22178
11929
14873
19996
23675
18519
7497
31890
3407
13441
17183
6488
9314
24153
21152
13554
8057
32417
19292
4930
11072
26218
29937
27900
12009
27687
26576
25947
15126
12037
4932
2066
24569
9343
25776
25478
11961
9260
29720
4922
27160
26076
23010
20106
10836
9700
4574
20381
30794
25526
3973
9877
9185
28341
26494
19720
22950
13639
12903
3508
15284
2603
3281
5230
471
21517
22668
14940
25841
23383
8998
25188
22940
10827
21934
31204
24080
13135
4541
29092
24392
12679
24504
17161
31072
30633
4687
21899
5954
8461
841
22632
13697
22788
3460
25754
19589
11371
26679
31495
9705
6528
18299
13049
8481
20980
26122
11469
11104
25409
23622
7407
28344
14653
26749
774
31876
12015
3179
24939
30467
8610
9216
2272
32325
14905
22884
19583
25675
24770
6713
12784
27754
3662
29216
29151
6640
28927
28286
23725
21002
5730
28544
30566
21733
4095
2652
25844
21012
17967
24794
28562
7218
27950
4628
18051
16328
20593
10361
17411
368
26682
10520
20350
1851
28009
10268
12288
12625
24469
1682
25325
26071
12635
15731
19186
21526
3830
23006
19259
29401
29456
3749
8934
15894
32216
32523
7352
30673
16981
9932
26383
28734
32250
862
10264
6438
28282
25207
8770
26763
14814
31183
31987
20111
7380
11303
1401
17042
21322
8074
31811
11163
28475
2259
16977
10233
4553
20591
31465
30762
14989
29796
30092
4347
8491
19346
29736
6385
19753
3641
8591
21736
24577
18364
19496
18426
17780
5541
14564
2722
15906
22504
8820
7457
30808
13932
14522
14625
11049
8135
13437
26265
26560
9546
21344
22512
5364
22589
20501
20837
18717
3179
10958
8110
30246
9186
22004
25055
7140
18420
6940
10894
29862
13185
19511
15413
20494
29305
5384
25815
4127
15004
220
15591
31894
16772
2165
19813
24702
13286
15431
24906
9727
12821
24295
1574
25719
30151
960
8
5324
1308
1544
13470
24576
5852
27634
20893
15365
3072
2597
12899
19155
8821
31598
18652
12217
17692
16561
3490
20208
7445
7462
15208
11126
18493
705
22936
22297
22773
8946
23099
10450
806
30607
20250
11605
6786
22543
31266
1510
17932
28408
15629
10606
3290
9114
11327
15310
8217
19454
18670
28531
1619
15130
9862
9515
3053
32582
32588
15927
7412
25844
31809
21665
27673
4507
13385
19920
2809
19188
9868
31577
22434
15977
13341
15896
25427
23755
23770
24448
13956
7747
17299
5423
5670
17035
15726
25285
11820
24925
28809
19959
17738
24364
17890
6367
24061
6675
12916
30358
26827
25355
7075
28165
27596
5984
23258
24312
17257
28262
9331
23924
24676
20328
21975
22347
10009
17377
28390
14317
21507
23022
15001
32385
2433
2820
27365
31285
27354
31454
11235
8402
26751
8890
29231
13203
8593
15557
2190
9783
32419
980
8403
31829
27073
6996
27651
4336
18353
13188
32183
31819
5752
15842
32450
3070
21793
17890
29460
330
6329
16870
5854
2474
29342
28779
5879
9642
3066
5504
10367
29180
6794
11389
17346
1737
4772
25073
1630
24901
14968
27100
169
2950
662
1567
29261
30358
18352
20784
14901
15047
24993
8466
32173
12870
9135
5765
19140
8691
12813
11386
14837
25712
20644
23497
21255
19320
3860
10022
14642
11123
30197
9042
25219
17735
6498
20366
24194
624
13496
21077
28689
14163
13211
28234
32407
24527
19514
17264
8798
2582
3796
12441
20538
25531
3708
26913
26732
7436
1817
4827
11461
5793
9392
76
25103
3381
20454
23319
8360
14261
9152
21177
6256
2967
28846
9078
19429
7021
28872
2451
1677
17338
4439
29894
4757
6660
30103
4075
29111
21034
5819
28920
7521
3576
9522
1331
4627
19193
3881
3491
10760
25228
20561
16324
2842
20538
28386
24191
11232
12871
18912
24408
13337
14471
7325
28650
15437
30067
23423
28560
12465
17788
19971
12646
23372
16544
2562
6768
22872
27194
13363
28696
32747
4894
10738
27358
29654
8677
30783
24907
30925
13702
17418
7974
15305
22055
1966
15595
7339
10290
18875
2937
15138
21930
12536
26635
19150
8640
6568
3177
29350
23201
4109
12128
15255
7571
21547
2415
21101
8512
19150
4547
8439
31313
32718
1894
614
3647
7570
6835
5879
10342
32211
19213
31442
25948
14242
19664
25649
26752
20141
2952
27844
4054
26558
7265
2645
6674
9860
13535
31400
29426
6294
31183
9893
6609
20917
14974
16568
22138
7505
27688
8825
12346
26959
31155
11656
23353
19978
15261
13243
4105
22424
11316
10876
384
29774
11269
11628
25795
11398
27286
5197
16292
1951
18264
8222
28974
16966
16087
903
10365
14836
14388
19064
15828
12728
18133
25870
8681
21559
13403
22966
22403
5873
26324
25236
11079
25286
30514
31270
7631
9656
3069
6948
13309
12786
19524
14251
8591
3594
32473
11163
499
6787
10686
11838
4956
12438
17882
1834
10261
7729
23280
2664
16918
9025
6098
8149
3285
21549
15058
22985
10590
1442
24186
24311
166
9622
32381
11156
4124
9607
18668
28092
25730
23044
4013
273
14075
29551
28202
19877
24677
29697
30534
3610
5864
18190
32661
16647
10703
23947
22476
18846
12183
29645
2934
908
23110
25747
30697
20001
26111
11591
20345
21169
21970
1921
23787
2618
29400
15309
6957
17990
16768
4526
30020
16659
24868
227
17029
30962
2528
2024
21256
23277
7331
19392
8282
172
31110
25842
30322
1434
4189
32210
10470
14147
24460
9729
10335
9472
21789
32567
3147
21207
17935
10048
25809
5021
28656
837
26890
20061
14510
20557
21870
13054
8362
7427
3724
8735
6926
4282
23551
19526
16481
9134
20381
19514
3928
11405
11505
16557
12271
26422
25836
10526
27833
22720
31191
2558
22132
13502
24460
7186
17889
10177
11238
2840
12243
11039
11126
1965
32645
17907
11895
12398
27440
24421
8708
5726
30429
1580
18825
24712
6520
20817
11384
21221
14375
15925
3133
15487
27610
12245
30323
4311
17698
29517
18264
12420
582
28059
12414
9502
27540
22182
6084
21594
18933
9599
25221
28278
11204
4582
271
7128
27616
20240
20055
11762
12032
25511
6123
22376
19271
17171
25127
12149
19993
3064
15532
1163
5164
4095
15118
16953
10210
2266
26061
28242
22998
7810
14215
332
18356
8899
31339
7654
17743
9723
6641
27661
23533
18719
15560
6913
21477
28926
15120
20148
31853
16074
17610
31859
9645
29140
19597
31431
280
5783
2682
18590
23547
9976
11122
20390
26710
32716
134
9722
2028
20379
17070
4864
19862
25251
16062
23441
10460
28704
32151
6491
28614
19659
15514
8580
15088
9889
19043
16016
18397
11749
7091
16773
21901
20328
11437
11853
12114
25608
582
1883
23007
31095
24567
31890
5794
6206
1460
354
12628
11009
2594
3636
19406
27396
9477
4360
7198
30190
32247
20828
20698
28877
21344
19280
4020
23643
3490
17929
16975
32384
4756
10579
9553
1303
27954
22154
19898
17909
7571
2234
6260
16423
9499
5
14378
17020
8945
31813
21854
23364
5299
19187
29878
30038
3945
27720
6039
18008
1208
5025
19189
29242
26713
1832
6250
2052
18889
8881
3461
15314
13889
482
19812
540
30440
5527
24709
28731
32584
10372
14041
1577
8190
5917
4122
17801
20918
16050
15967
14823
11351
26591
30446
22080
24187
12323
9553
19397
14626
14031
29868
15836
9127
4386
845
30568
3059
18866
29829
1354
9968
28429
21686
23080
5440
30113
942
24428
16432
28889
6451
6032
743
26505
30687
13722
29668
18316
559
19938
25255
15532
9686
1051
23981
28353
12631
23185
21666
27421
10194
1712
10963
15656
1822
28358
19938
31304
13337
13578
9405
17668
316
29660
27344
2920
883
3918
19322
1195
10539
16356
20926
12815
18348
15000
60
26377
4777
6689
9567
7330
12821
28021
16343
5149
27193
3981
1866
3290
2564
11368
27974
4474
5026
5970
10875
8260
21328
22118
11303
12999
22638
1874
30161
26817
1237
346
19258
23104
9836
22688
13969
21767
20214
9890
16102
2355
24110
15364
25313
26911
29206
8080
11188
16516
12684
32379
27726
18149
9502
29161
209
12586
4639
15796
8775
1675
3066
27753
8849
15535
12231
27796
9375
24341
15900
4926
9447
17844
1830
10163
26127
7902
23800
23689
5613
20586
34
23005
16050
29714
14982
15584
22626
29466
7271
12435
3720
1331
4035
974
3623
5790
13795
24711
28659
22932
17200
2129
4801
1766
19784
14883
31293
4577
16209
9563
1499
21364
26766
3586
5136
28821
22831
1618
26049
32736
366
24949
22012
12929
18135
17296
14822
1109
999
29440
31988
14156
9689
20196
19806
7698
23741
3803
27857
31214
4554
12303
31077
28650
6133
13170
17102
22836
19139
4423
32726
29380
3931
1509
30731
12351
27615
7095
30132
13851
10492
5768
5130
16133
12736
9213
15781
28799
9644
30051
28469
25294
20747
9899
4722
24595
32642
5811
1366
7864
23783
5320
8585
31501
22614
1896
22557
29747
15746
28748
13691
28730
30794
29094
24989
2950
13965
14503
28798
30583
23614
28996
5839
11337
32187
10042
5868
29240
21594
14415
31246
1512
24901
15323
27074
23557
12937
904
15770
18470
32361
6486
4386
2808
2296
24290
30229
2968
2023
12775
5841
16448
30875
14853
23817
2598
7298
17345
28858
2209
4008
19662
9056
10126
11653
9611
7017
27890
14362
19404
21482
18913
30012
25309
17553
29342
13871
27844
17883
515
32118
10439
1414
27683
14058
15150
8010
1071
13834
586
11716
6550
28306
15542
26547
28784
6991
25821
7526
6429
18225
26044
10869
27433
27810
3306
12208
10099
7958
24021
10581
1423
29411
10830
13702
12392
5972
5192
7929
30250
22264
23772
32754
12127
29248
9361
4462
8536
2121
219
31393
24526
503
2785
13475
29129
13123
19331
22119
15809
9942
10396
23788
259
18390
14212
17335
22103
24064
6362
384
4064
4087
16768
15660
26691
24539
21734
20219
20236
22046
29836
25091
21581
20115
10434
18909
30599
7112
18099
24734
24014
29846
30625
264
13097
24566
17778
28930
15160
4886
20588
20550
21785
30125
4669
24410
30347
16523
21054
12993
25172
27252
12024
9842
7649
22318
24808
9609
27181
31961
6783
6717
17380
29567
10605
6674
11975
8940
15647
8783
20562
704
30342
30899
7580
8386
9499
1124
8320
24951
21792
13096
6138
12020
4904
16087
30675
2544
2265
26385
2945
12573
22257
29484
16457
21177
20615
4208
23206
31839
31636
24711
6894
15652
31409
19503
5427
11743
17442
28210
16487
21448
18964
10904
196
4421
30755
17947
12651
6400
10783
4571
29004
5949
16
32595
14149
1387
13175
12428
29070
23544
20951
22672
13396
5738
116
34
15268
15788
11611
684
17547
27813
20898
22393
380
783
10481
31524
11761
31367
578
3409
1365
4576
3556
30362
8482
17085
19654
10957
583
13663
1266
23380
18892
9915
24408
11764
25784
29904
4813
19387
12083
17719
16467
23603
21224
31228
25755
16604
25773
26796
712
9433
1382
1967
27766
13546
2598
1496
19195
5018
28568
59
19948
23994
7326
19007
8932
21261
14391
31732
6784
30533
5798
15014
7854
16174
465
28594
24104
7722
24807
24984
20795
2013
837
25426
31693
14889
4763
3556
4254
25437
28746
14389
22990
30889
529
8477
2720
20694
12777
32703
24189
22323
9517
28185
10556
27347
28414
25049
15520
15861
16870
10098
18210
18884
25787
4976
4081
10817
28359
24072
13368
30333
3877
23796
18847
26891
25454
3966
2580
27829
8598
12506
27851
24942
6416
17592
20611
11656
20281
21018
6924
28455
15091
16483
29190
25078
25488
2737
28907
19736
26355
15725
80
3426
10993
29217
12903
4039
15869
15753
18633
20499
11013
17388
18290
12253
17559
26540
14605
14774
11080
17949
2163
9383
4950
30355
4974
11227
3468
16319
23234
3736
22374
14139
29550
19572
30326
32611
7471
29125
8966
5991
8774
2137
17919
29086
25723
103
3594
17437
15202
9670
24564
18313
2013
30045
9815
22569
8418
26331
17527
11583
32126
32424
12394
6809
16410
15387
30844
4195
1790
14317
14289
19775
9747
1773
15948
30360
11757
13558
28592
2866
25608
27678
7685
25606
4178
7217
25406
14158
17386
13918
15896
20956
32040
20783
30277
31407
19677
18623
3018
13512
24796
12071
13734
21306
6073
8505
13236
4993
464
21361
30674
12820
29577
27432
27203
11582
3291
30731
19794
10793
23055
8652
1080
12348
29127
24087
16704
11942
13374
17096
24361
59
4049
18523
27084
24960
28351
4259
6655
3329
12845
1471
18616
29163
24173
25931
7542
14550
23679
3027
31708
2787
29912
5261
29855
20231
26467
8519
15779
20902
17606
24222
30049
2660
27878
6257
13708
29752
22189
29333
14580
11202
1291
6602
6314
18398
19770
238
25701
8313
21063
32369
6692
30627
22990
24073
16661
14566
24069
15015
11190
17110
251
13481
9530
28394
17698
22609
3630
19338
12044
18550
11356
15465
13426
377
12784
29973
7290
18555
16345
461
13625
6861
26482
21138
631
12712
28514
31872
18867
28191
24513
9567
8039
16721
6524
19830
22926
25827
31994
27551
2914
30638
25599
4001
28266
21172
29393
32441
23732
10841
1178
32378
16480
20432
14094
16856
7262
9939
22861
11391
4727
9111
16907
24681
2706
25855
20718
18863
24368
16144
7991
7327
13114
18853
9125
31248
21756
18275
19862
11762
21105
30960
23408
15401
8897
12384
28735
12188
2312
14576
11424
24456
5209
26359
20189
7963
24835
25625
7769
2878
32530
3006
9775
27314
8729
27586
790
21598
32303
15727
18568
4071
30264
27304
16675
25730
32614
29542
3663
18950
24063
18281
27425
12358
8032
26663
5759
20637
30018
26377
10373
15818
22076
5078
22312
9726
1929
28527
28185
31540
29708
14014
32236
30145
29841
6633
1658
9516
27990
29643
8324
831
25802
5540
27289
15710
30612
31503
15673
10264
19927
31285
27194
4348
30132
17473
2923
25262
18193
18964
9336
20282
13465
22841
7181
29863
11780
1307
20542
12240
30617
12405
18983
4463
6897
19211
21711
10619
21757
6040
31571
7348
9547
3591
12864
14460
25220
11749
12352
30952
30778
21783
14841
13591
12768
28360
25906
26050
14106
3750
5943
14869
7480
19534
17023
28349
12796
29444
10125
6979
25508
22952
7444
27032
27172
30437
9054
27633
5556
1452
18158
1236
26250
19937
5733
5491
20969
25940
12194
26170
22618
31986
10285
32164
20794
3645
21718
22866
3956
31993
13465
15710
17296
296
709
3565
16109
27961
13406
26371
31818
9341
25791
26268
4491
21978
30083
23800
28346
20163
26022
22326
3661
31335
9192
14372
31399
24873
24690
21334
19681
15441
8636
15989
2249
29185
8366
19674
31275
3434
12294
26971
30544
1855
13049
16997
11461
29290
26397
31820
22109
24831
1414
24030
2425
5486
32559
11070
29831
21500
22684
8944
14281
26740
26814
20784
15192
13337
32535
11656
9832
22496
13599
13985
23501
20188
28389
90
8127
3322
20217
26647
19162
30190
8586
25435
11880
16493
716
7322
3555
6557
17564
21064
20918
7370
22375
11318
22340
29530
14920
31518
555
12547
13936
5757
29386
16443
27083
19616
1537
29424
25825
6402
567
2938
24570
5333
5538
20942
19333
21983
2498
2292
16314
12167
20527
22715
3967
2608
19605
32683
648
17605
32765
24891
31427
21653
31054
17476
2291
5986
12051
21942
13466
2996
9854
17290
31517
25459
2989
1015
18979
9397
7981
7401
31038
19669
7357
32687
1741
10693
32596
19699
7201
23973
18021
5360
7390
16532
8289
26591
17828
5318
7806
19122
7663
16598
21943
25605
16700
1118
4371
30034
17262
23238
31019
29796
13423
89
21734
22798
1818
19870
18312
29468
24409
23781
12267
23690
2954
11808
3339
23540
11560
15604
3017
19278
21671
15632
8680
22229
5279
28862
23132
10309
20525
19895
14020
21069
18583
25660
18997
4160
11822
15458
28985
11789
14457
7598
19223
11377
2447
29921
22613
30059
24773
19477
25212
13553
24713
2313
4379
10721
27534
26042
20494
826
23850
22323
27392
7564
8444
22181
559
13485
28113
16570
15471
23982
10184
16167
23154
23821
11701
28801
3910
11564
5572
16977
16927
18690
7519
12650
7511
3857
20561
25722
3763
20632
11051
21728
7400
24841
15590
31165
13918
14781
3019
10574
23859
1511
16784
9337
21635
10951
25284
165
13031
8224
5485
25551
32315
11499
15087
18138
13477
23629
24879
12839
26322
16071
20217
10342
18307
19373
12191
13228
21577
30425
8675
18629
31628
20128
11799
29899
25554
13829
26499
2295
14398
3885
15623
14520
7767
27155
15618
24066
14604
2941
20594
22505
23796
24623
12636
14190
23002
12382
8302
11929
32120
10087
7651
30152
13187
961
10663
6982
26344
816
20155
28959
2134
24380
32220
3379
24060
28130
31583
3978
148
14985
25696
8935
10656
11064
3867
27552
14067
1541
19098
22700
1908
27345
16785
2814
5407
5426
1158
18193
28748
31409
32564
9413
52
6454
23858
29033
11441
2496
8656
30745
21829
11097
30530
9290
14686
31306
30976
12963
13784
26507
32108
25615
31684
17533
8885
26384
9320
5851
8956
27478
18054
26862
13238
5008
28898
27137
29778
14722
11774
29461
12315
14423
29992
17366
30559
12601
11446
3021
21457
32288
8593
5078
7212
18151
6128
7125
11033
27813
22886
16549
32083
16186
25631
32337
31497
12584
8039
8839
28804
32165
14699
17225
31241
29934
4676
3558
26369
25309
22577
553
22615
17342
14628
28112
7714
15199
19841
15423
6276
614
8226
28278
8145
15847
30622
20289
14324
30006
17611
14254
4879
6650
23169
30660
10082
22147
21153
14194
23662
5726
17494
25542
4954
32038
12187
31840
3733
16284
16894
21797
31933
4858
22691
8248
10944
9861
25483
21542
8513
23394
3606
16992
12605
11946
20679
29167
13294
2497
20552
4707
495
27875
11694
6924
26018
10239
11261
27245
3279
5577
20207
31214
15757
3339
22257
31185
21094
31803
15983
26983
16822
25427
7249
32644
13396
8157
4038
30512
28532
16205
6464
5279
5580
19348
1216
30308
1014
17906
18771
1761
19478
17420
476
8706
5308
25406
25365
17195
24332
1586
21201
20334
30748
4274
1156
20482
6557
5562
16132
12528
32190
11218
12177
22544
27213
23450
28180
10292
30495
23719
5796
17571
5043
5261
7246
10441
4114
3133
14614
26668
11513
20370
7993
10914
30522
27430
20405
14530
29280
31850
14859
11416
22162
2038
2372
6813
26042
2589
16946
18149
7142
30149
5880
15003
16110
5493
5069
19883
4439
688
2300
30910
11383
10114
22063
875
17882
32344
31470
25259
25573
1045
4195
23438
17849
4193
4192
15917
602
2116
3491
19680
8977
7925
16728
9137
15630
6380
4575
13328
20050
17726
30416
10440
25036
8490
24124
17969
16066
23023
30518
6823
10099
8417
1426
4924
27387
1468
8941
18602
20086
19256
4334
6284
4456
27102
202
24269
4445
13593
29710
25440
20684
22160
6809
20529
25921
5043
20967
17244
4283
4500
10646
20894
2643
2809
4386
3336
14879
11439
4852
25595
27734
3105
16539
27728
16309
27689
13401
28375
21281
17445
19425
18179
30349
15694
95
27363
25374
6725
32697
12116
16013
15599
27412
7286
28110
16003
24219
26204
31471
19937
9851
24072
4674
18470
17714
28310
23230
16253
12042
31415
11683
25656
24288
11873
29021
1055
10282
6341
7083
5127
27193
8834
7936
30631
2235
13336
18218
31656
19843
8351
18737
13819
6029
10425
2690
16495
31548
10693
25420
387
14311
19797
24619
30584
9876
19682
18180
14763
1539
7615
25392
9250
18415
6476
23772
24933
17296
30060
8111
18063
29028
8505
5294
13732
5167
23030
13149
31269
29505
3140
11815
21474
2551
21913
15872
9232
20612
14831
20809
28827
497
25017
8692
12734
867
29723
30440
7632
20637
24922
5287
26465
4549
12690
8494
8581
15979
11175
32541
15984
29127
26749
25623
23619
21570
9836
11884
21542
15929
28910
15861
16279
30717
28827
21568
26625
15134
30552
16365
21649
22761
7371
22360
27205
10799
32530
1657
21062
11336
31668
29704
6775
28504
29911
484
17486
14801
30388
11445
13795
1337
20809
3792
16710
14382
31309
2652
13846
16807
19305
24243
12623
31100
28837
11531
8036
27177
6945
12374
9358
26575
19461
11367
24419
6267
19386
22613
14762
20907
8539
18468
15214
28430
7782
6562
5201
1676
21176
26768
20259
7558
31928
19970
25523
17247
18898
28425
6885
13627
31527
24206
30981
28422
17026
22145
8795
19897
27534
3124
28160
9944
9543
9217
6896
31039
32687
2099
23391
6943
29122
10020
10833
2372
31659
23714
8037
15257
14648
2711
13553
8941
30860
9449
13396
13303
10516
13472
15496
9112
14012
5703
5879
14433
9570
30612
20112
21845
138
22603
15641
8688
29524
4703
711
29544
7340
11610
7180
23346
29633
256
2480
32456
20664
27439
16163
7338
28065
7434
19218
25250
29610
17239
28216
31053
26770
3620
5239
26839
4193
23473
25639
15110
5975
2698
22446
32378
6178
14068
5456
3891
21076
26506
31049
18515
9491
27944
1561
805
8722
31240
12064
1887
19649
13355
12650
20644
22977
18171
28364
19789
667
14382
32560
31337
16817
1005
27693
258
2677
17462
19163
14499
20952
26495
10213
13078
31494
15004
31199
13682
31824
18914
3546
16982
20585
23949
8758
6511
2006
5471
9144
20544
3744
26506
16604
26658
31308
1744
18285
1417
29708
29673
82
11402
4919
15909
32171
9882
15351
14162
3869
30105
22082
7904
20585
30735
28939
2115
1604
8885
9657
153
15715
29495
20440
14221
24533
56
27918
12155
13461
19094
14673
14549
32096
13296
23384
15557
9924
15974
13647
6931
15994
31136
11727
8010
9205
16658
1293
20758
10043
12158
2642
9201
2548
27578
17835
18942
5824
12979
27105
11829
17102
17074
8875
22977
3499
3038
4899
18598
4951
18947
6263
29095
1182
27537
9441
1383
31141
27112
18137
10446
21188
30418
12425
11950
7059
9041
21377
5287
9288
25500
25772
18248
17728
5220
23682
29046
219
25947
18304
23314
30605
19703
31445
6870
25138
26995
351
8064
1698
29464
21717
21555
23174
9146
14150
25626
18538
14213
16578
24910
19219
27386
30039
21242
21266
6708
30527
28349
10905
25968
10583
335
19342
32460
21971
19048
23518
1359
11568
20445
17428
4394
12651
27660
5162
21821
24945
7035
10910
31197
14550
19900
20937
5333
22473
15764
18285
25258
26440
5212
25229
9508
3472
23718
19329
19209
1752
2084
31305
17708
13886
3270
28450
11430
17154
23843
22871
7780
5618
16410
8282
28642
19237
19385
787
8501
27628
1885
16760
12367
1286
31003
1118
12671
27923
8799
30606
20791
20299
12243
18972
8978
20080
24707
2292
25109
21505
26686
1974
1590
24497
20799
19396
21274
27416
8461
11673
17443
13735
17567
9308
31146
3297
1988
28596
2953
25800
7106
5087
25821
21654
28989
23550
3338
19374
26971
22195
511
4818
8742
238
1979
28054
25138
4868
4367
28693
26495
9218
9638
23778
7584
5952
26948
8002
32541
2105
10315
13720
9751
10393
3459
8224
20522
17560
25882
10208
22936
24967
4330
4572
29603
10920
4603
4746
6714
8259
19273
5509
3288
15606
25031
11653
20138
1357
23971
16527
29168
13715
28876
17513
12965
487
1714
8017
9314
7314
333
238
30592
30359
18272
18311
6525
28300
2047
17779
13472
25001
22351
31441
21216
21279
2189
6009
10243
7594
26961
22834
18179
25450
16916
6693
18101
12271
16368
9105
6572
147
11176
6337
7516
9996
4584
3643
9339
14913
16590
8507
173
2397
16040
9055
20319
17698
7680
11940
3571
21377
21206
13713
14622
359
27948
25522
31631
1753
23752
25160
12242
4419
8757
21823
14707
18445
4363
9312
31078
32624
1904
25800
24998
3464
16095
30361
27677
30122
6696
10991
30916
24055
5304
1558
22283
817
14107
29178
32379
7886
13503
29918
15002
29515
5883
16465
19983
29379
6479
11358
20742
13248
6894
29444
20182
10321
18809
16358
26337
19293
26894
26690
29884
14390
23937
24359
913
24689
22761
14819
4289
21494
21343
22715
25037
20307
12290
2016
29046
1110
13119
11422
14371
20698
11855
21205
21380
22497
1024
11949
20853
12515
27321
26246
8741
8550
4024
14638
30071
5327
32671
21591
1960
18040
30767
28488
8499
20994
1875
32210
19953
7661
7008
3974
3973
21605
26779
12069
3831
24159
18428
22104
4511
5349
29489
18849
13637
7342
16870
28818
14214
8178
19524
32317
19577
23164
5815
32235
18579
11265
10997
6161
8648
9392
16956
9087
3059
16394
25818
22235
13432
16884
8947
11854
24872
27147
19071
22909
30309
28983
16018
17851
10374
1411
21472
6268
23677
14380
22144
11789
31670
4599
7408
28803
16195
16840
19546
6898
13879
6513
12821
15583
2895
19656
22127
4599
19928
9980
11434
513
16844
10793
1092
23825
31551
19753
8060
10238
18681
19374
4881
3351
12901
15501
21325
17682
3242
25181
4674
3141
27415
27201
21332
30745
28356
3330
22519
16571
14710
18017
18874
21268
1988
5803
17797
16124
13944
653
11294
21930
14136
17706
23538
3183
14438
26731
14355
30629
1092
14230
8317
29154
23388
16419
16285
17265
19999
21707
20756
24066
22988
18145
17848
160
19603
18917
26843
22500
13563
13655
27345
28264
24705
6345
29868
383
11649
22072
10570
3619
13402
13980
14226
10799
3022
11454
25082
32207
11431
14922
8012
28980
14496
11045
14507
25228
10370
6912
2257
30769
9614
31022
16538
25376
4635
32434
21702
9646
1408
19101
30970
12918
16180
6295
19465
30614
21812
17851
6514
10779
8613
6056
21546
26041
13243
31188
11931
29888
18393
9508
29676
21579
2810
26042
1667
18618
11599
29455
10184
5731
2089
3649
27948
12933
23322
23214
1643
125
25687
9409
14605
28477
22625
2828
13619
2809
31973
15767
10128
22307
27360
18296
11446
1178
15366
5796
2451
22559
10085
13829
19771
21768
20806
28109
16360
56
21076
15881
17214
20302
14848
26489
2004
6173
4131
30367
15345
5213
6629
1302
6035
19871
26079
9509
27062
1415
25468
11156
2770
28213
2469
19390
22694
18180
20637
14824
7988
12663
809
18385
4877
21104
10997
12170
16590
5027
7219
136
5611
6475
25733
25336
26283
16411
8477
9554
5492
14200
34
18481
16201
3045
29014
31842
4497
13759
18935
18235
11546
42
24547
16686
14941
23627
24575
8862
4868
29880
25560
4848
9385
5420
2699
28134
28897
14976
6371
29480
20089
24278
25794
5156
20479
22040
4034
21528
29572
20129
21787
28269
32673
19001
28360
14151
12728
9031
21989
27226
8572
29250
25180
23551
32180
26473
3520
16519
1596
27828
23929
32207
26444
9226
14370
15124
23036
5556
10799
8969
11784
8978
24019
3111
8401
4492
18977
31557
9637
16844
23921
13416
832
26410
9989
19932
27283
21352
17388
31108
27332
10912
4903
30830
26229
4986
29963
27818
28233
14242
6630
32093
9380
10362
9189
273
3763
31756
8245
8783
30381
13890
7017
12912
17240
21081
21788
7856
26830
147
22231
15236
22145
27692
29237
23086
1661
7568
27204
23694
4589
19659
19503
15163
28385
14401
15130
12754
15182
21407
13134
1422
14678
25361
2198
6681
24778
22198
9192
18594
10734
31313
17480
11568
30076
19777
18154
24118
13803
5811
14999
16999
15856
2582
16977
30923
22598
4047
2874
1811
3243
1582
22962
16938
13867
3745
29120
9484
20128
15144
24243
2523
4986
12297
24073
31024
26556
3525
29071
943
5959
14154
23754
23006
24411
18538
4502
5687
24667
20620
20493
28027
23760
9634
32170
14666
27057
25435
30638
4337
29666
27289
25795
25731
16122
29989
18912
20011
16713
4514
26220
3520
282
7103
7078
25242
22325
1201
25412
14244
15016
32737
6490
21939
31175
26593
7550
4118
1138
28581
3882
8047
11158
29680
10594
7873
31222
268
406
24265
2604
24766
11721
914
32234
17529
5619
8260
31366
24530
29860
17724
20150
1844
19179
13410
9624
9941
19318
12215
27381
9704
250
5678
17606
2581
13270
17085
17911
28454
21235
25011
15980
9987
25582
12364
19522
5600
15993
23171
4695
7861
5886
27431
14348
13294
7302
561
5705
24676
11738
17749
13762
23693
27111
16087
633
1007
8039
7840
22660
16091
24510
4497
19985
13399
14626
8983
24231
22620
23551
23808
23471
10818
12186
6541
17970
14200
6644
15304
30180
13944
32497
16919
12642
19962
15033
26386
7096
23656
7007
17554
6950
21395
7617
11530
7460
31908
29103
12059
23459
14421
2383
30562
1942
3937
14271
1173
31921
10040
8957
25038
25200
28408
3332
23334
24156
6297
14392
24710
15242
12903
27396
2746
11108
29878
22210
30407
939
6097
26075
27519
7613
17971
13615
32082
15124
32506
15543
9319
4880
31896
27496
30956
28150
29644
14939
2474
28984
16081
31532
220
247
18645
26016
2881
23238
19884
10378
13680
19889
16838
495
13164
13182
30302
8808
18040
3890
19957
24520
13612
29911
5375
31487
2505
7805
21212
32062
2762
21119
9993
28764
8635
32519
1688
30329
9294
11988
28125
1249
13228
15163
23147
17970
9737
24428
8511
26562
11899
4343
30010
22075
14092
16783
12757
11656
8462
28173
15888
24565
24494
7864
7083
22673
8396
15555
30361
7383
30730
24855
18610
12686
16419
83
26024
18158
9855
6161
828
28676
5380
16748
4529
26968
28206
19647
30849
13004
20322
19118
2896
199
19839
9835
19230
18579
24503
13618
18368
27652
27805
24342
13713
18523
11646
17664
2917
11369
23541
2037
15550
31224
23994
5527
25667
30310
25275
7663
29293
3731
10606
5737
13444
4606
23909
28192
18378
10538
17443
22364
19702
2887
11310
19033
28643
14094
21093
9547
6026
13037
12692
3486
21038
6244
28742
30338
20950
28335
24794
28839
3328
6309
18393
10053
22420
23008
23687
11872
2071
14110
14264
1610
32033
13799
9445
30825
5905
16240
2431
12602
31231
10944
22147
15254
11250
12817
14415
16693
25427
22393
30900
13424
6562
31945
18252
18251
13928
12982
23566
21426
26221
822
10271
6403
29482
15149
2283
29389
11905
30537
12661
27864
18092
30762
15851
22629
5748
455
9598
18102
17827
18957
32369
3281
19899
15049
18543
13442
14056
2759
12577
32415
8500
29243
1792
23183
28154
32353
20072
30477
7581
18529
11502
20522
13689
4981
7924
24209
16922
5709
11131
19471
18860
29619
2616
20819
17075
9835
28649
8434
25341
25693
29929
942
23252
15606
18946
2551
20600
30411
12163
30386
12236
28799
25235
18234
8783
2279
29893
31908
17230
21101
16877
2632
25688
5554
30769
3452
30195
26488
26211
12963
26765
21950
1166
27495
6581
28716
27342
23106
8587
12210
10853
5955
5237
365
15628
12815
3348
30922
32391
5414
4727
27885
25724
11879
11918
1364
26757
215
18657
31159
22660
926
6529
2355
311
29266
18495
27816
26380
29304
3101
18528
310
12872
24322
24817
11008
25777
6578
5988
16225
16029
3068
28822
4817
22902
25910
11231
16220
7913
230
11506
30453
8682
27586
15620
20492
2296
13531
26417
16483
28066
24341
29723
14877
21834
1754
18644
7960
10025
4111
11518
32380
17299
28743
15408
20628
8316
26935
1692
9437
3900
18283
9455
30301
3983
31031
17273
6710
21472
4591
26766
31867
23239
3418
31276
8002
16848
26469
18141
4091
13694
23573
5599
18176
8847
25535
643
9581
3202
16251
9939
1329
11607
10710
22903
3941
17046
32711
730
19677
11154
30181
19848
9469
15599
11734
13787
16078
28002
16395
15574
30801
16312
3498
16977
26644
3610
28364
19030
7426
6799
4329
12748
4223
2242
6544
5714
32437
9478
24924
30062
6440
7319
23331
18151
18321
2850
31600
5743
27369
392
13364
24709
22212
27104
22712
13978
29920
27835
32214
28275
18174
15275
10857
24782
15088
25862
27650
31560
1268
5351
9181
10622
29760
26486
8211
22899
30174
12393
21776
7986
14778
23499
19272
15284
11770
19452
5414
2819
17549
22778
24901
7584
14087
21726
31971
290
15532
14762
23187
31777
26314
25665
28977
16722
5965
183
1819
24051
17805
3019
15774
26474
1386
3506
28847
11305
1179
29207
16092
27604
29251
8543
19842
23206
1221
16177
7487
29713
4570
12854
682
24740
27873
22813
5954
29490
32630
4323
13989
305
20549
28753
23555
6752
27680
23750
29649
25517
25936
23606
30146
6485
23849
18547
23283
31821
19426
18347
17509
12001
31395
11826
26033
17563
25566
11650
2039
2406
28131
29825
14616
17395
13231
9474
31525
30556
20485
17037
2071
26631
24257
32355
32192
26574
10344
1213
1537
11612
11267
12117
20286
15066
31534
16679
26895
6092
7276
3961
22840
25141
26557
15385
31964
31490
4467
25830
2541
20901
22337
27793
17639
4865
917
16549
16062
16262
15143
16581
12052
27805
18642
11061
16048
13638
23460
12957
22060
7679
27441
8457
17645
28649
13868
11315
21593
20262
3896
24325
6979
4229
27643
15450
9642
4705
27252
32517
17572
7366
16527
6932
6805
3286
18935
25686
14244
20331
10284
32282
23152
28414
10453
30778
10494
14536
26199
15704
30199
15654
22182
13928
26128
12098
15452
18286
2505
26608
11784
2441
16218
4054
10184
26161
28906
13520
23322
30653
771
20115
12527
21288
1859
30352
12801
7956
1876
22299
18791
7183
31774
5580
5478
534
17722
15653
14987
22359
13482
26998
27894
9275
712
15614
9209
10404
15997
24403
11234
30324
3507
3076
2580
5454
21005
29820
26461
5024
1493
31017
29827
10465
25910
32222
32032
19735
14251
23926
7344
27037
19895
16571
18921
1827
1751
23686
11339
7414
29621
23335
28663
25986
26782
29958
3012
23573
5174
31883
11664
18405
28266
24892
16596
30805
5031
28197
17275
5748
24649
18301
23797
12230
24663
27526
27527
24136
26477
15029
31717
12718
25849
19219
24322
15855
18602
2787
21031
29443
2854
30341
27971
8683
12028
26010
19330
21235
19929
13161
8736
20788
1534
18050
14720
3932
23537
15264
31864
18866
25715
14292
4591
2388
19123
9696
13483
27843
1729
25313
15716
22946
22597
7730
4893
31675
22897
28812
30132
13635
15924
28274
22199
25695
5041
14796
13433
8679
5103
22226
11109
23913
25042
18475
12691
31345
16714
13910
12441
21255
8138
9802
29092
17274
252
857
4039
9052
9139
90
25746
20430
29473
5127
8935
11006
6218
5284
5129
13549
16312
14050
10998
8566
26480
29698
25079
3980
18726
6973
5749
17859
13485
4708
22286
6161
28337
2500
22504
23254
26536
10060
325
1819
24326
27890
19544
29719
18096
24146
25176
18936
31412
10648
12754
4576
8503
22433
28227
1837
18095
18269
11750
3581
2642
30840
6603
29425
28365
26937
25641
22578
9018
2986
30965
29618
22604
5625
7347
693
30157
12830
28045
5775
17483
20670
31394
7855
24334
9039
26016
21468
589
382
17045
26815
2465
15821
10754
9122
12985
11649
12594
17783
30800
26555
15561
25116
6492
32741
24992
3549
8328
16207
18384
1083
32741
8730
17421
11243
5340
6998
6966
7202
10344
25703
9257
1808
16258
23469
15324
11690
20444
13924
16298
16557
11473
2504
490
21216
16540
28541
27846
16537
26057
18735
18251
12418
29930
26486
20668
4509
23179
6140
9772
14982
18792
24289
9803
3577
23773
24414
18305
18579
16285
14249
5177
23517
10919
21529
16768
31366
20598
32139
5070
14832
2168
9988
1571
27887
20162
16024
26454
7117
27650
1418
25002
15761
22965
13236
8355
5760
13978
27177
2328
24549
24422
14618
14216
7438
32697
15606
14514
16791
12113
5845
12383
3307
28542
17431
25219
16135
7381
6472
21124
2689
10537
25671
27866
26569
12727
31144
28376
11696
17825
12630
201
4902
28830
5757
13887
32328
24047
20135
26792
17562
10133
31781
8226
16528
9665
8112
32401
24660
21132
15696
24814
4547
5608
18557
10978
12216
3542
7044
28819
21646
9946
32301
29374
13792
6316
32667
8454
28051
6961
10099
5771
21527
26537
16961
17599
20457
23082
19735
16501
15965
18253
17527
25915
22938
23079
23154
17130
16358
3707
22546
2427
36
6957
11766
26396
20378
24826
30780
3203
19704
12647
31140
19331
29846
503
20977
989
10750
24481
29587
21080
31402
13953
7300
13844
32271
16846
22128
8219
30426
14348
16920
8505
6521
1923
12792
10766
7133
14063
22567
4449
29310
15993
2944
21687
24224
27878
26623
18212
12757
11535
20077
8802
27332
16273
1856
11808
3880
15557
3261
29084
26396
29427
16479
9076
32149
29890
3964
19386
2608
27635
19238
19526
10286
1103
14160
17232
32444
734
5425
31806
15992
23898
11502
25274
6194
26083
6771
11272
4335
24308
24993
10902
22324
2966
3503
32725
32129
4052
24522
8264
15899
13678
20735
24027
11278
26834
27483
27765
30067
583
15953
5328
6895
12140
29275
2441
16508
4321
16356
4723
31596
24644
19814
561
16811
12895
14544
10756
24132
10655
20522
16353
3878
11464
15739
27335
12329
30184
10731
26959
5964
3466
7205
1669
1600
1579
5631
20726
21803
3058
13661
18442
15014
7323
23634
29588
21767
31669
9353
6568
22758
14093
8676
1709
2266
20330
14434
7090
23172
22906
2374
5894
27855
11021
15222
19202
13173
26753
8993
14122
31686
1661
3236
14197
11941
5091
11951
15848
29651
24575
1955
19049
6768
20741
10815
5331
27326
32442
15740
7494
17705
25969
13237
5825
12932
17721
32011
24562
18838
341
14600
32332
3541
5100
11139
20315
11121
27138
30915
25684
13460
15271
27879
15345
17385
13422
21124
20091
10331
33
7313
8232
32287
4019
26496
19880
22772
10870
5550
18171
25513
8078
2813
11397
6368
11174
19391
612
30995
26338
727
11777
25044
20244
13082
29157
27225
16946
6140
23503
26935
32008
31080
22787
1902
29226
30447
25828
1190
3373
3621
1477
4280
13846
24648
3069
24176
10515
31523
18233
21394
30313
10546
9751
31258
16046
3335
29680
5832
32568
3052
10484
2268
725
19402
125
22303
19132
18506
18845
3618
964
17209
9721
21450
23508
5169
10971
21516
19355
7030
6274
27382
10369
23582
7101
12271
4829
373
19896
17983
5224
21407
26133
5842
754
24447
21310
22328
31571
21976
11514
497
2213
26034
13631
9192
19376
5632
23368
9021
13990
25215
29926
25415
12561
8161
8731
27098
14345
27435
3813
27077
20138
10332
1880
22175
21189
21583
4591
26052
2518
11746
1060
8346
31286
31320
17726
27673
25746
26876
13163
10634
29084
23047
24334
21646
26624
3268
4186
16995
32410
30962
19232
26211
7910
22378
17637
16333
11192
7682
312
21704
8237
29360
2115
24229
6881
23027
27551
2917
10594
9326
3437
30843
26597
24534
23970
19155
18744
20239
418
2066
6904
11666
6673
5408
6660
16914
6885
32228
11057
1119
27072
27214
3136
23178
13950
25755
4365
12618
16905
21716
16648
29598
1909
21912
26857
9652
31561
17948
29856
9994
21786
15728
9611
24531
5983
17156
30956
23964
18816
28778
21146
9007
6192
24669
16375
12216
20477
3843
26401
294
26149
3951
30317
5588
940
14954
10257
12649
18091
14963
11808
26877
11755
6404
6844
14973
25266
12567
6279
13136
21725
10985
1882
27194
23855
25854
20794
20609
23017
28261
2951
7759
31131
30269
14455
24152
10297
21624
15555
23740
21105
4063
23968
32047
29500
1366
23281
15447
8116
5218
31163
24693
1317
29928
4825
7496
3430
6712
31217
12079
7530
18249
20646
12685
8722
14406
6671
13425
24389
1354
8808
21879
13635
8809
3848
24553
20534
8431
10899
14378
30219
5612
16753
5717
26239
18928
8831
21537
381
5651
6148
21000
10151
4664
27878
14248
2355
30867
21022
4969
22264
25193
14441
7520
2504
16919
29248
8563
13313
15958
12811
21694
4447
21181
14482
6710
18708
22920
18356
31372
5659
25239
11611
21333
18889
31674
31407
359
23717
20011
15242
2694
377
13660
16940
2624
28329
13043
23345
26133
20932
25619
32192
3291
8537
23518
19460
17761
16652
1848
30688
20563
11240
32205
24542
24925
6391
25685
30825
13203
19984
17431
21821
15633
5361
31659
26395
17886
1678
11525
16833
26135
8360
19631
32281
12105
22944
13910
3249
1310
9870
27272
3179
26940
10126
22972
31094
15978
28250
24723
18556
18164
4894
22877
16925
25169
2951
26335
12957
19972
30749
23636
16857
28096
23508
26289
1920
24271
29149
23341
12159
23221
5570
20225
17085
11536
29106
23660
26633
16578
26394
14587
12625
2130
25973
263
18708
17808
9060
23679
5145
29816
28161
24808
7010
23897
624
21665
21084
4663
9656
14188
3416
23405
28369
13354
15422
22422
30463
24550
15744
21166
25694
27157
23886
6261
701
8732
21769
17940
24239
30227
24313
24323
5856
20169
12866
10538
22438
27912
31508
5191
13528
11290
8995
12431
21987
19851
32343
30872
10266
12849
12228
29302
2894
9322
23260
27685
11423
6053
29923
22311
913
292
19108
1901
9571
11776
3683
22907
25244
14957
530
968
25318
3647
4552
5987
13087
685
29294
29660
31150
5461
6332
12898
17683
19585
7268
19497
10434
12457
23436
15
7218
32569
29314
15230
20529
31379
23467
2708
28282
31576
19389
21377
30601
9956
7726
24881
12974
28439
26093
300
25697
16219
30287
14522
16085
31458
30796
21834
16592
12336
24555
23572
30393
9690
22011
7422
20979
9357
27140
27836
2665
8785
8317
19004
15978
13071
12607
29505
17592
25169
2618
11342
25819
23114
27239
16325
27067
31766
10493
30800
17006
19779
31976
6784
9551
24207
22647
8628
26960
4083
11605
17469
2449
21985
11450
703
1841
25547
22498
18138
7524
24548
29887
21770
31685
1066
15083
5580
31470
20644
19680
31235
32582
13032
20843
32409
32283
18145
16734
4969
22769
5327
15750
26973
793
28815
220
27603
9605
24093
17151
26950
13530
8023
7906
12074
11719
20228
20930
7447
27542
11540
26204
29482
19712
41
8284
24489
6982
12375
15384
4069
26493
32552
22142
18533
21033
228
4427
18496
28942
15119
18303
31691
18243
3122
26125
17012
904
16607
15574
19438
30937
31215
23512
20623
1348
18446
20643
10486
23287
8314
22541
2288
24477
3847
22567
24989
5611
18791
13936
11982
17781
1960
24136
13234
21703
17918
2983
27314
2481
21443
11790
11417
9186
21436
30654
21240
1464
4510
27945
22985
24407
20688
2214
17490
4089
30835
18024
18764
12677
16544
11441
2629
610
17648
9283
23107
8589
8258
13592
22442
20713
30136
31570
23903
12759
2819
26741
3886
12295
22497
9428
1385
3726
12003
9545
23506
19256
25460
18729
10171
19487
4375
5239
6508
2940
26608
23128
19653
13758
8838
27591
3365
28121
2247
7818
4234
11233
9293
16485
28153
27095
2527
19085
21280
4803
23611
26975
15674
26626
27666
11346
14643
20706
6485
29227
28428
18540
22959
25968
31874
23937
2131
7454
25322
31017
25335
13726
3168
24359
22560
30198
11296
7377
2721
21821
32308
23070
11870
29777
10832
16641
8790
24524
19962
28405
27617
11827
29165
9433
30517
20081
28352
10495
16687
6788
1219
3968
20049
631
11050
23762
4871
25488
23149
13980
12590
24522
21998
5832
11990
18821
14557
13530
2631
30589
19032
6529
20291
5369
23767
4204
4491
16965
15560
27743
28837
6497
29302
20870
2267
27387
23343
31241
30087
18331
23974
10464
18574
10526
15766
16105
6955
20581
21160
9784
7150
11086
9879
1966
15876
22243
16018
32461
28088
4562
5090
16330
28218
13086
32716
25572
17567
30995
7865
20469
21546
17535
28308
26951
4042
5151
11380
3240
25827
21592
13691
31681
17233
22311
28414
13475
26283
2139
31205
26531
17604
12802
13653
32616
17784
25889
21645
28482
10149
23208
3086
15293
14199
24740
6655
29047
14825
10167
11727
32302
12680
1221
29468
8221
24698
31473
17364
24457
11200
8648
17818
18071
17336
15291
30315
19296
13798
4307
27777
8263
19443
24992
19831
24203
23542
1651
16559
16152
28147
3789
24817
21923
23201
29974
29012
501
18289
14994
22882
2951
9163
32658
11383
6992
2971
27623
16490
2011
13068
31644
5999
10140
16275
997
8508
7556
12848
1106
5995
21459
18161
6216
31008
6446
28087
7346
27115
5105
16444
24052
30704
32710
6485
25120
3397
26999
12661
9069
4251
23808
25715
20197
31009
14825
1165
23389
22949
8658
24236
3242
9980
13648
21482
14098
15781
4855
11345
22273
27305
19640
1765
20733
31685
18286
2789
28124
6859
14515
15951
26421
30790
14072
9634
6164
2397
4053
4327
9714
23802
22685
14834
13796
19499
27958
6118
530
2504
20775
3063
25451
21846
9971
19316
9111
21803
12710
11012
11053
23507
5293
12080
24615
7347
17898
1569
18579
5100
26120
20139
17803
9602
29452
20619
31334
14270
2349
2541
13360
19664
9702
13874
25944
24505
8521
12783
2473
2152
20886
24633
1659
11043
3340
29984
23339
14121
32255
18809
13768
14486
32043
7137
16399
16774
26184
25342
14490
28285
6879
5384
11348
2567
10075
2184
25648
5019
15971
21088
23323
11717
32359
17676
20527
14213
13689
29991
18729
5362
5983
26417
6429
27426
6630
19087
16232
21326
27513
26067
13031
18738
14321
6206
28006
22707
12207
5251
19291
20164
1256
14542
5077
29066
21313
10245
15535
958
9628
2126
16137
5972
3633
2769
4088
29530
1248
8383
4477
4386
32709
403
4020
29859
31246
26264
7758
25629
23817
8107
27201
17148
32641
25922
21438
5119
12107
2989
25700
26265
31004
31644
30131
13208
8862
5090
7107
27908
2754
22648
10294
17738
25687
4805
22891
29081
32476
18204
2548
27533
4498
9095
29771
30219
15574
19395
24256
26988
13742
9867
17334
2781
20386
4122
18959
29445
22733
5611
8677
18409
31795
8131
6523
19981
7765
10737
32371
5340
26627
29908
8001
16970
29554
19871
223
16824
20366
21593
7362
23064
19857
25384
15118
28497
19669
31438
15622
29413
30950
22644
27590
18385
11740
6311
7988
7605
30440
2976
20788
1844
23340
7880
28955
20382
27856
32635
2919
21452
20050
23308
6573
25164
8733
24586
3794
26303
6238
25794
29566
25726
3859
22277
9934
1156
30820
22828
5961
14984
31543
12376
2070
17769
511
26623
13932
3791
11220
20132
29513
11792
21449
12261
1383
4688
8826
28603
26476
6125
24036
27390
13920
3354
27514
16679
25701
27081
14453
27482
930
16079
31851
17572
15745
8258
2595
26497
18970
3878
8872
1185
31727
9801
32412
5867
13273
3692
463
6339
20802
32163
19728
7816
29333
17919
8771
31329
6643
14185
20148
19770
2600
22737
4011
10505
28637
15497
9537
10326
11022
29675
1905
7930
19647
26178
29042
18471
7403
3816
14148
5544
15550
26283
6538
1130
14596
31861
2967
6716
8416
301
8139
28883
29889
19160
3616
29201
402
4868
2304
10631
31793
29798
21594
20280
28963
27586
21236
28575
23686
24587
32259
21748
32326
30156
31481
5548
16020
12742
17310
27711
13972
11994
5218
15405
12630
27434
5361
26691
14600
28796
28425
24090
1130
23519
18312
31458
22658
2192
19914
11613
12944
25118
21809
31022
20036
8653
11525
16212
23599
31544
10879
28658
31864
31803
6432
2385
20944
9232
1351
2087
16551
30136
5379
11546
11936
2461
25382
15232
22083
25205
4251
5481
755
2409
32761
22751
18719
13687
28503
25196
3772
533
25699
22749
30706
30999
7854
9798
3093
29650
1098
582
9944
6018
15511
29068
2493
28905
27994
24218
8656
29497
19983
12233
21909
24116
1409
32398
28479
20370
1431
21499
30498
931
22897
3721
4715
2357
6579
21780
14863
27832
31521
15143
24065
7840
11117
31354
18600
6411
28748
26041
22160
2212
15567
30855
22112
31943
12529
10435
9484
25318
14189
23818
23115
20779
13778
11389
6476
25694
728
19396
22948
13578
5877
19283
15500
10203
11052
2795
16969
7499
14886
1636
29675
17533
6019
24491
21818
5481
4466
18951
13038
13882
20607
15008
8478
20468
27053
577
15867
5722
22213
13405
3262
1807
18669
32592
31967
9211
2428
23016
29064
11504
23821
10788
23881
7310
7379
18747
17933
27748
31276
2272
17741
25687
8312
7621
22659
31048
10539
4958
5602
32497
5665
11495
6468
12560
17970
22440
15716
22472
6151
4728
30029
2884
12075
28288
23058
23197
3941
3393
16576
23038
582
16345
27793
23558
31486
11137
12642
23149
27764
5979
6759
20971
17813
18283
26910
5461
2027
2274
129
23562
11378
21411
4224
3981
19112
9472
5550
7283
13796
30660
315
19072
1256
32119
7458
24589
14265
31965
163
5292
28591
31168
10484
5903
28104
2543
2612
10790
19265
31623
11424
7560
8296
12401
10761
9492
3500
21292
8070
21464
23286
18637
26470
15922
8508
1092
12136
1844
12883
7904
16175
23885
13060
23062
752
10790
7011
28286
11886
31179
4444
19486
3112
23819
20879
12267
19664
19233
6750
12941
27392
18068
19779
13411
30505
18779
14951
19143
24524
15429
19057
4755
2540
32152
31388
3043
19907
15096
24333
25373
11188
8843
8035
19247
19841
12123
8591
19736
10174
5372
22246
12458
20357
3694
24436
25230
22636
5188
30612
31624
20148
15878
25534
19708
8643
21205
20127
5810
4820
19789
19823
18902
31726
22192
32383
32067
786
32064
30225
30465
3513
10732
28013
28427
2174
6447
26673
28502
22295
23350
17385
29968
137
8001
26079
14117
27548
20043
31541
13832
16269
14573
32560
30896
15620
23680
31703
6881
9029
898
14525
4268
30122
17722
19483
17209
13649
10399
16929
27332
25362
28279
20110
18918
23988
18108
15487
11798
28768
30019
4228
22895
9557
10656
4345
14772
12510
3652
10388
4241
2177
21224
22330
28963
31354
13871
9495
14011
22888
21126
19437
22751
4165
12879
2732
16530
12955
28480
22340
726
23797
24837
25271
9326
31124
7981
9074
19176
15716
23107
23005
32475
28975
20539
17201
25454
23311
24593
28298
1817
23593
172
26685
12720
5784
7944
12139
21405
12200
10132
10710
31340
581
16089
2548
28302
21939
27997
23362
24150
27775
17095
10459
14920
32693
13379
29257
9875
31315
14888
25243
9692
2302
28889
32183
24893
20980
16617
14322
12686
26946
21122
11230
19939
21815
20487
25187
17237
14104
15352
24850
6662
27669
24086
29365
19295
14972
3016
24107
28060
24365
20414
32627
14475
3918
13524
30470
18320
16959
14393
25450
15597
22480
9936
22788
10816
28338
27094
3118
25165
32556
1734
24969
6142
3599
22137
22676
28328
3052
14226
1150
24464
13444
16409
1849
6318
640
12902
17104
14513
2915
14657
13562
3139
22460
12103
12527
12429
2976
30096
27514
16126
29527
7566
3408
26184
18518
27192
16288
5292
17005
27752
26347
6008
18754
16002
22
21454
23038
9047
21438
31910
30022
3145
29643
27158
10605
19119
14152
30162
3304
28795
10354
239
15618
9242
6414
1772
13521
27547
20736
25074
4200
13076
2842
9307
4174
4673
13362
11122
28975
5487
8311
20345
27602
3480
11013
21745
29003
11216
29622
789
30578
27615
12091
936
27027
4656
15724
28656
4455
16618
31197
12035
3139
26716
31410
2369
8336
5790
12724
5410
1915
27253
9124
24882
32493
11640
10703
32601
14270
22897
29154
21856
29734
3334
12288
22193
27252
13209
14098
2910
16386
25708
27486
2149
12392
15625
17244
15667
13552
15073
19140
14950
16458
22579
23532
21975
25217
28719
849
20440
26926
11868
16755
23994
20460
3383
7911
15763
5387
10269
18087
14141
18057
25706
6828
11938
23357
13795
30399
11063
11350
593
5516
30919
8964
26735
19448
17778
28277
28166
3764
24821
22019
22871
30226
300
31660
14777
13336
12245
8898
25475
12500
17814
20195
25388
16622
5698
20268
11185
10884
12888
2474
1079
27697
25036
6929
30962
31343
15370
7857
21317
26400
313
12965
23851
10087
6332
3150
29653
27580
22783
12544
11669
15936
31856
9978
5882
23373
26571
12956
19261
30802
9627
29652
27611
27870
15102
30682
15236
29178
14760
4893
24628
27580
13098
6013
4256
28953
29044
15034
12499
1531
6297
16684
8729
15251
5587
16565
18972
10993
32711
4085
5453
32210
19466
13756
30853
31161
32227
27845
13804
16705
12883
4001
26907
16305
11602
241
7805
29393
19548
25560
31227
1788
556
14512
12504
31095
16328
12796
23257
13569
28349
21918
24234
23723
24748
15947
32125
14570
22533
4411
16884
31467
3603
31781
22081
18982
23097
20330
1420
20534
24187
2193
27796
14056
23871
24819
7578
19602
7253
13495
15227
17062
31030
22017
20508
14982
4745
8295
25098
5274
10988
24741
3426
13729
10480
25745
9199
13892
22629
18257
6291
12529
20697
19915
14824
8678
9563
26461
38
3468
16773
9934
29256
24839
6073
18309
26218
16651
1194
4857
8566
15089
3102
14953
6655
3082
21235
30925
25197
29491
31328
4364
32347
16553
16510
31855
10045
6175
2567
23894
17478
6414
14685
2602
6537
24909
30414
17554
29278
7649
19990
28906
19207
7702
17701
25073
15763
7375
20515
3265
13827
13338
18098
14597
12716
12039
15987
358
3548
11707
28363
14406
10688
20416
487
1201
24453
22687
30461
19344
6334
689
31189
14624
518
29746
21385
32419
8678
2711
22665
6230
22265
28705
30689
12194
333
12211
20415
28054
23309
15073
27439
20885
17501
5705
3370
24652
1670
8230
11471
16103
21075
9506
1776
3717
32187
14188
26832
7145
17599
31755
6187
14194
4502
25202
31863
18765
4104
31316
28010
30185
4120
23481
19132
26283
31717
21842
16686
2788
25810
21769
24779
25856
27621
16093
26734
14336
2413
9709
27268
10538
30696
7122
12051
10750
17955
2610
30460
15981
21667
19090
1149
29510
16964
28780
3321
6385
3104
31106
30716
5727
25778
22641
3962
26689
1596
3465
1367
8312
1125
16860
29228
31181
24871
6293
12617
21475
26856
10892
15862
11113
6631
24599
30207
25236
6874
7458
25967
28109
1238
29570
32667
14503
1134
20358
26978
22291
5663
21199
14516
22231
25068
20834
19793
17724
31301
9468
9939
15623
557
19110
23535
4267
32412
32392
5880
25789
22306
18946
15268
20136
18894
14329
6675
19362
22094
9071
21261
9183
25687
21591
20876
3588
10568
24231
32122
9950
4362
30638
3003
4436
11834
13736
3950
21146
30090
28048
12400
16040
18532
9013
11042
2283
4817
16272
32109
19770
154
341
25859
9483
3501
23496
4839
7399
30145
14290
14383
7707
18237
19284
20489
8369
7510
31419
19196
14750
17784
30933
32624
22845
21480
6371
881
19964
27559
1775
21424
24406
15769
23135
27594
5377
742
14027
13261
32360
30369
28428
26361
3675
4776
24213
22467
24325
5067
27911
13600
29215
2352
28671
13567
16740
29429
24370
18455
13125
13336
3773
15076
18397
23444
25526
26604
4647
2253
14087
24391
20847
28462
23164
10078
16134
15633
29722
31475
25658
27103
9139
10338
3205
12152
9911
30246
10245
13013
28237
12446
12844
8172
23458
17681
28857
15571
5761
3569
7911
14377
12837
13404
22756
14002
5195
19176
23428
25665
21131
1440
27703
3035
31207
13130
32057
31513
29861
23532
25096
13518
602
10382
10267
14058
30280
30784
26577
22430
12265
18015
8616
32193
460
17941
31663
14451
31392
22303
29502
31232
17551
14291
22244
31239
3789
6241
7329
731
13680
29529
26709
11817
7042
20333
22137
21723
27476
20089
24333
13885
12566
11712
25809
6750
933
7032
17592
29626
12196
1418
31130
17429
6350
17811
10281
18602
17802
20014
10022
12677
18624
15733
22485
26670
32236
30917
25262
10631
19313
13762
11349
30455
24367
5275
5836
8904
6487
12176
25320
31694
6526
17329
17921
23626
8689
22248
2030
8205
17737
32569
15664
17889
4671
12105
29038
16420
12737
11293
22050
14518
11077
4133
18833
19478
17245
32633
18944
32711
10379
29026
10533
30713
25175
13084
5084
12389
13984
2010
16923
15481
31024
2571
25384
21173
31123
12764
6665
10069
808
9470
7741
23088
9080
13225
21673
31712
10951
9953
29909
28195
6889
17400
3672
9089
30807
10580
657
559
12674
26738
18072
28212
4199
299
372
16074
27236
8758
23183
8967
586
21231
3175
14780
20659
27222
3973
24734
9878
30555
29107
32419
24088
32345
11626
19887
3493
12256
5514
26480
28992
31927
10573
6534
32279
11041
25726
17640
21595
20832
24550
19587
846
22904
22024
22308
21406
29237
24590
26775
3057
4463
32514
5649
25537
27533
17729
22987
6250
1096
13357
18928
22657
15538
8739
14009
31080
630
15533
29654
11039
1121
31480
20753
7773
4129
5256
1582
20704
32077
20522
5653
29697
18854
16170
27955
8587
19101
14535
16157
21197
6165
10724
26486
19950
5225
3328
21012
32129
13745
7784
11870
26201
29761
8363
29176
12191
627
17743
28323
28961
12711
3522
32606
15341
10375
14483
4305
4383
20112
3810
2284
15095
4302
9750
20940
15407
25574
27086
3038
18827
10074
537
11078
433
19977
27113
1154
22331
28661
18885
3146
24843
10569
27327
20155
1246
27291
21926
25013
12324
7790
29308
22146
4880
18427
15402
28344
4587
32561
23667
6240
24749
28154
17447
30039
31950
12992
5017
29173
31066
19504
26450
12013
20804
29245
23815
17012
13308
104
25801
5286
67
21823
12924
23333
24895
19236
25482
30723
16842
11856
11481
16354
2576
21528
9466
27481
23385
14190
32419
14234
15907
16042
18271
31314
30324
3723
32388
11473
29294
3704
6245
12907
1828
524
16842
24094
28588
23506
30621
31605
17014
11597
18150
24235
20699
22588
18682
16404
9465
25883
12270
26297
4543
8941
30546
26178
2372
29753
3356
29722
11613
27987
1763
6093
20078
10204
14158
15029
19584
28556
14283
23253
3732
11311
14980
25861
1079
11502
14479
31312
25943
14544
20580
9370
9301
2177
26773
16005
18011
3409
27321
4758
5616
10623
10921
30100
25546
15800
19952
24625
18915
12251
18300
19437
9423
20223
15258
22326
14156
14519
24609
29908
11291
9109
11500
10884
27150
13036
28814
8931
28259
14298
7490
5774
8528
902
25121
20616
22751
11943
25752
20956
32252
31302
11800
22659
1996
11716
8719
19847
16705
5662
4120
24169
3308
2672
13934
17857
6930
6584
18599
1828
17921
17885
20127
8778
2212
28656
28594
368
17238
22961
32302
9980
17140
24661
22279
24160
15926
21638
27085
29760
15679
5036
31964
14807
8050
18027
467
22423
13192
26732
3655
13071
5599
32097
19640
27666
18709
5955
31171
13590
15574
4574
16794
2778
14066
10128
4530
3916
21171
17230
12987
2985
2669
13287
16085
24038
32598
9357
18433
21839
29592
32401
17109
17006
10917
6254
2421
15918
9163
22025
2750
27712
25352
7735
31172
15550
15391
18816
4479
28942
21483
28195
16577
26634
19444
11609
21099
30045
19520
26078
26081
18480
24428
28590
19387
9479
21755
17676
6846
30437
7661
15561
4362
31671
22419
14787
5524
4079
30883
29612
28119
23920
21640
15629
31687
29098
26875
27274
6151
32518
10711
16231
23643
19844
16169
843
29280
7842
27015
9540
14971
2177
164
4108
24335
3139
16417
5003
10227
27575
22181
1948
8739
568
27439
3092
28597
9426
3243
2561
21519
19879
16324
23087
20568
5777
7930
13553
25644
18185
16628
20253
18068
31048
22807
18521
11061
6827
18007
20117
26567
19292
1101
6873
3529
24879
12938
11073
19571
4554
9772
24134
12013
2057
14767
21310
2750
26785
20229
13350
12935
2563
14312
19616
16625
25475
30831
4664
4068
30649
6111
491
12282
15911
29636
30442
29747
20509
18753
24219
26090
23770
26789
28129
13575
10484
18238
15261
30839
7418
25458
25717
21209
10071
12043
7124
20346
30073
29651
20017
2948
18483
26209
14485
32626
26464
23346
6487
31943
30922
20988
24106
13312
15946
19262
29531
22215
32560
7196
6227
10857
8420
13418
23907
7818
13006
2823
11969
15384
29044
9324
4301
125
1250
26500
29081
31001
32335
13503
13225
13039
22781
29538
22007
21150
609
2337
23866
26772
11652
28655
25192
21886
30121
24085
27258
21250
5168
13441
27503
29873
11706
10081
8851
13623
31374
21745
8193
25557
20028
16017
11111
1554
17024
22555
26121
429
2408
8563
19977
8917
10937
32352
1765
21148
12432
16538
2881
4522
1861
6180
11239
2862
5268
24027
12
21531
18943
27728
10965
10896
13934
31443
6681
18839
23321
11984
8809
9491
18343
22367
7245
8692
16791
1814
26321
7853
31456
33
29504
24552
7124
9877
15920
13688
9290
27906
22974
27535
26620
28488
27931
23601
10798
12203
19784
13544
7313
10793
4893
17594
17766
12810
21136
26200
4326
19898
22324
23192
4578
1236
2560
10021
13735
21631
25682
19829
28452
15869
5171
28156
7503
9089
13789
11168
12484
26433
18043
25452
21679
205
13359
3208
7917
31903
12121
21609
2926
6643
8471
19269
18142
31449
27400
13514
3204
6792
21590
20751
7018
32245
18419
12747
1726
21156
18466
28613
25976
28606
15162
21643
9533
28005
30118
19559
1155
17988
9521
13455
30711
14186
385
22940
32539
21080
26080
14909
11316
30040
14403
25133
25443
7697
16772
29026
5394
19033
23283
9096
30609
23370
5389
27565
1025
11928
15243
30782
14962
25121
23199
13106
29000
30150
10618
4741
13283
16250
32273
19688
29823
26008
11809
18103
5464
21370
368
19243
3346
23623
6487
26065
10841
12
29053
28730
15045
1807
24037
10228
6400
26464
10795
24762
26154
10416
15882
9960
29308
14950
27426
26162
6444
28656
18424
26772
5009
5975
15423
16780
1928
24087
8790
31112
21782
30765
8721
3482
26447
15729
10428
6003
3190
12582
8797
12687
6501
10192
22586
27565
23599
32581
6299
25474
8709
7431
3025
21934
21590
9937
23159
15087
28986
10608
2296
17813
25361
8660
11346
21302
31591
7271
23577
9890
5404
24222
1470
32281
8641
20173
1297
22972
9796
3647
9733
1602
27344
31110
29619
16364
25071
784
30882
443
2802
7163
21574
21728
21394
7978
18886
13428
15575
29337
11267
22889
18233
21229
19157
705
27142
32080
17815
3581
6659
11131
26343
29657
9046
5652
28071
32054
23203
28987
26439
17496
26998
5984
32583
22097
14817
22103
26615
2237
17766
4782
16514
22448
19222
13630
7210
24557
12539
5888
3797
18777
5300
24354
25289
13743
20319
1882
23476
1908
28860
31355
10991
5422
30094
326
30979
7377
15685
29058
10349
2938
731
21327
13726
27999
23804
28855
22598
6662
2409
902
18898
28854
1950
30043
21811
14636
18099
26112
5090
31886
27264
27639
31777
27301
27652
17237
9347
8006
6408
24276
24750
23569
14079
3875
7008
2655
19761
13440
4528
6517
23064
11913
21399
3326
30730
32335
11694
20408
13593
20141
24633
7789
8760
22232
18277
7973
23967
19254
22734
30874
7280
20596
6724
32236
30618
9427
30159
17046
32765
29634
3824
10913
24016
1970
32042
19223
32576
20006
4033
11963
6746
25097
32450
21239
1579
4165
11587
28950
12070
2705
24812
26547
10950
15498
4791
22641
11892
30470
15603
19949
28074
26021
19087
32241
9049
681
2965
31723
19080
32007
21237
28573
19006
17597
8580
9237
6307
12647
580
736
6498
30477
31718
20347
15185
23872
15245
14090
6484
27749
23765
2124
8831
1360
29460
10191
3450
5909
14304
5216
6954
26394
721
4038
27789
8049
28295
16304
28646
5989
20207
23275
10523
2643
23747
14040
22875
12476
14928
18718
18947
28567
13692
29084
16067
4588
27399
8354
21245
16542
12049
11616
18029
11401
24285
28830
32015
7884
32724
30638
13885
25448
20429
25503
16152
16907
10891
18612
9258
31014
26759
8724
9802
28485
6896
11715
30399
3744
18673
17617
32424
32493
4658
978
13723
12665
23201
22414
19340
29559
25458
16889
10736
31384
30052
27493
4131
8156
71
21494
20231
15527
21435
14678
26607
24087
21818
1195
4795
17045
22361
21702
28484
21930
30282
30877
26106
7700
7590
28156
31691
21018
7017
14455
7495
1564
25663
9379
9474
10606
27902
19334
8506
17767
15731
27211
7354
12980
8289
25146
28414
14578
5319
29928
22424
19581
25698
4267
26835
24194
883
16721
1429
29532
7618
6418
30346
29469
29923
9666
23166
26730
29624
17996
30219
8589
6967
29787
9845
26565
11373
22106
31698
16608
13251
11679
15982
28428
22913
29923
25453
8939
7056
17142
13490
5093
21636
17840
12288
29378
13274
26923
24927
27256
2941
32559
15554
9025
5775
31470
15078
31729
7527
5362
15741
28039
6870
27475
32396
19714
18095
29229
3858
24438
10630
18513
10474
29790
7607
17467
22514
31284
25003
19781
15981
16703
8022
21786
30886
24749
3332
1388
25559
29153
2902
30186
19528
5646
25735
32364
18107
31237
4340
31089
14600
19531
9436
2764
22021
22895
19300
16026
4264
17050
29406
5239
19056
616
3658
19186
16640
13302
4125
32574
32526
20541
578
29994
21627
21918
24415
6994
6595
3517
4441
8087
17048
26003
14618
10190
970
3007
9106
693
4202
18717
4091
25899
12847
18330
11106
1952
16664
15175
25955
14282
15955
8620
564
12953
5726
2910
3557
23150
20076
9172
5349
7560
8458
27510
17865
8382
19970
22519
24649
628
8576
20197
5515
18888
30323
11902
15781
22028
14390
22726
1629
25209
10096
29910
32562
29217
26169
23159
9889
14374
3966
23535
23713
20522
23974
25115
24176
23302
9333
3774
12177
21439
8753
22809
5142
12470
27652
22716
27
9502
31138
12955
8339
5811
5163
23652
24903
7081
11347
10768
5147
5347
23488
22969
7571
14438
5556
4523
19095
8205
19179
1213
13171
12414
1223
12514
20514
27740
15274
27643
8652
1983
27811
13039
5517
20449
12878
28414
1144
15130
25845
9554
29916
13582
1531
17623
197
31525
31355
1613
1478
7483
22828
4764
502
30361
20360
25447
16953
13092
25133
4579
17857
13525
3203
2026
31444
28009
927
18251
14543
90
8295
15205
7019
16653
13559
18676
9023
24909
20804
4138
16262
25592
15103
5378
9507
10232
7357
16849
5858
8053
12372
30749
769
1865
26760
9139
6639
12981
24039
1012
16979
16210
753
8048
3664
17738
25468
5558
5639
22471
29527
17257
23390
27052
12334
27799
6912
27268
6829
24903
11942
12215
19176
20561
25748
32260
9211
15475
28774
18219
27373
18336
22796
28650
17627
18587
2068
12843
24658
24261
24103
28540
19964
30772
28887
1983
19583
32260
21912
2083
2978
6898
7691
18003
10930
20518
27011
15341
30244
19537
12226
13877
10363
14584
10499
11787
12908
29200
30526
23578
20032
23498
29863
23891
25211
19120
19319
31642
30651
12785
15088
28350
17890
3065
11675
10671
7287
12613
1237
2027
10826
4470
15753
28474
26711
676
21055
14747
11245
6900
32342
31614
9232
18541
18061
31283
17947
6919
27337
26275
28074
29957
9490
12350
13238
5509
23006
1076
16642
12630
7570
19688
8118
3593
13126
17826
20554
21323
26824
30339
9638
1650
29668
11455
11400
25685
13539
17158
8741
3425
594
20035
15891
14313
25093
649
21350
23742
21339
25674
3354
4608
3778
6603
18865
2099
24190
28884
23068
23957
29863
27820
10207
15279
25201
28741
1649
29483
5297
22707
13281
2533
31132
7138
19647
28485
13265
16265
14138
19147
32410
15450
18822
6379
10094
8572
12161
2588
16571
3130
21397
22572
29155
18429
20192
1494
2180
10871
9362
15510
12029
34
19607
15548
27694
7401
20855
5056
20607
25892
1402
3285
29731
25290
4879
4032
10910
15074
27758
25067
3972
5947
24189
32181
20612
22621
19184
29709
22694
9151
19893
3135
16593
8763
20879
5645
10640
702
22529
8706
25109
5444
30829
5123
127
4612
23165
17447
20312
24807
12226
8649
13410
30015
28827
3291
29843
4534
24665
22908
31070
2180
7328
12749
31540
19430
15376
18945
13643
25291
16421
6836
1694
5584
24156
5502
9269
26734
25752
1991
16550
12914
15555
8157
19676
28078
21432
18499
13847
3055
26465
19789
17716
26927
28
233
815
11787
6500
20672
18150
13943
15789
638
20511
20656
6543
2669
5069
26738
18983
12361
7567
29292
27323
30288
10874
11249
9628
30360
24856
752
19537
10917
19120
14886
15089
20795
29128
7570
2769
26225
18921
23337
22623
25095
17570
21452
8270
12281
14287
30839
30708
5972
31004
1979
9456
841
21188
16238
22543
25216
13727
22177
3953
4271
19547
21458
25575
32362
21513
4963
17824
2877
24028
4683
27653
17912
24110
20748
31969
1866
11460
25317
11973
6801
23123
32072
27307
26865
32579
7054
12505
23203
26546
2794
17672
25232
16572
29339
26054
26655
11002
11366
4889
843
22088
324
10341
16120
2764
7768
19855
21895
17204
22051
867
7080
15422
507
20275
3439
7550
6073
18881
12715
8028
18355
5472
18291
21084
14058
32597
29185
27554
10628
20611
22212
15029
12668
4424
25008
11395
13720
17570
9177
32677
25755
24214
64
3557
26812
31186
6892
20221
28504
4241
15933
30882
22756
15551
10878
24513
9509
17245
953
32521
28579
28456
20943
18089
4187
32373
18119
6491
13492
10336
16231
6817
1204
32037
12801
12878
10356
9678
32656
26953
16849
18191
23300
910
11877
2926
15065
31605
9654
6310
2286
16951
1964
29774
1173
27054
28489
7094
2790
7004
23956
21266
14682
175
4310
28634
7829
131
23561
8816
28034
30185
4750
772
26277
17447
23582
26037
27565
27648
1283
14840
29001
1589
7816
31038
17213
18251
942
26833
20149
28815
5664
13055
26329
21080
18281
7035
14241
17292
16997
21248
23275
12901
18677
11831
17355
12917
6647
17371
29730
11240
29558
13851
12402
4106
1309
11072
9712
14089
26354
14735
14043
19195
26689
19057
24845
25634
19157
14545
29392
14959
15982
11974
498
4166
12400
1650
22812
14977
17369
12842
20319
27063
1397
28630
15888
6334
12373
19355
2262
17518
5757
13752
27649
20648
477
12206
1309
16023
8579
21668
18887
6198
22286
16649
24768
13587
30822
7547
4416
15442
22954
20712
15501
2036
13162
7667
5579
19802
14615
12185
3094
12036
29623
22804
6862
7071
13533
3327
29746
7743
13785
20412
14897
1001
14124
10515
14716
31316
13375
22811
23264
3056
32596
21598
16083
7464
22972
19256
14157
20196
23626
16512
5081
27219
17417
29546
29675
14823
30506
8364
4980
29601
22080
24288
17844
6286
11696
6698
4687
28050
23394
29466
10404
29028
31933
1236
7514
29658
14547
22126
9787
12903
31448
31641
18502
7650
12505
10372
11263
11656
25258
15613
3082
25413
13601
2778
29176
25903
11649
23447
13665
20563
18745
31040
28979
10421
15823
16017
25417
2706
29975
29277
27200
232
6568
29228
5510
9529
18320
28712
31667
27787
13639
18490
19229
17843
26850
12400
18598
27859
19849
18594
12505
6178
15659
19797
12086
25067
21104
29151
24521
5081
5872
9676
3842
14193
24994
18817
11200
4064
31127
5663
8111
24823
20712
15530
468
10100
27629
107
22374
9859
18607
20626
22240
28292
23200
9504
24916
16655
28298
8964
9730
30261
2758
19332
9257
18185
8110
15071
32541
8544
7252
14897
22682
26836
15221
10390
9560
18703
7336
32658
12255
32070
32219
30385
15773
12547
10496
2666
2614
24104
27140
27209
3355
19505
8449
4686
15710
5305
17588
5008
18373
20799
26929
20517
27421
22059
7893
11846
28368
7948
15741
1711
26554
20516
28661
21061
16185
28966
5044
23291
12419
17726
16582
29686
12349
25682
3593
31984
29257
31112
26012
13530
479
19208
32149
8133
8159
28419
18674
1026
23397
20980
29907
17032
6302
29221
17894
3735
31195
29813
27170
18587
24292
30298
4792
83
28303
16674
27206
25138
24209
17022
15182
5126
28051
28224
23272
17623
17289
28004
11187
29714
11327
15949
19729
13287
24628
10834
19092
27375
20396
13433
24499
22802
9217
25986
9154
25512
27450
6440
12833
27870
8670
12451
8883
14939
3851
20081
26257
12068
9922
32598
23808
23741
26245
29858
13473
12178
24612
13234
27880
14997
26324
24249
3023
26151
4737
31425
23500
1596
3429
22252
17920
7098
24538
30976
7345
17699
11884
13090
27130
8820
7731
18146
5825
12365
21344
14712
32234
24145
15893
15693
16330
25808
10618
21694
27103
7588
16653
4636
18110
25688
57
6391
27212
16784
16427
17564
20017
26020
22497
6108
4746
13967
643
23055
14046
29960
32759
1369
24404
15598
9136
27180
31267
25833
17862
11278
22857
335
19020
31645
5248
3652
13022
12752
18286
1318
28281
12415
28
24872
23439
11302
29097
22332
12379
17126
16192
17719
15731
1228
29511
7215
16028
20822
30425
18984
11745
11827
7543
26352
19687
31563
6394
10312
22651
10239
27084
24900
6765
19890
8024
4341
19873
21384
31935
17477
2147
32621
21965
20257
8443
6234
14379
8414
16513
32211
13526
14293
6131
22709
24015
30801
27525
18734
19477
27308
26680
13837
16848
9396
30638
8508
15567
25171
1597
9610
3380
4464
28482
430
17518
21776
952
21641
4200
17345
24329
28332
22272
25912
32291
23834
9659
13113
19663
4431
18871
8631
7486
19073
9185
29245
15845
9253
3431
22156
8588
28085
24689
9862
19873
12209
30988
11594
721
484
16998
20897
21466
5864
9281
7577
7834
8428
25762
26991
7020
29621
20937
11698
30389
2019
18534
16550
10426
17270
27146
743
32693
11152
6108
16206
4135
25468
1421
16920
32623
7408
30862
27461
23708
23951
1920
16447
31616
15794
28140
16572
1541
1128
18484
741
14277
17596
19401
23224
30676
24630
20383
4267
17632
4772
14558
27538
10109
27417
8155
4546
7866
22071
16710
1399
15096
7594
4005
16499
23292
245
30976
13032
16194
19313
13534
10648
26516
2962
11889
24379
28380
20333
24334
15649
22839
2679
11488
3864
2122
2192
8668
11920
18905
4672
3831
26877
13461
9792
28567
9597
18230
27708
8520
3515
32202
17623
17329
15891
20813
6896
21702
16631
21881
23075
23871
22929
26847
11923
16712
25001
11063
29159
2426
16074
11765
27027
14346
12960
4893
14937
32320
2725
3671
13583
26155
29437
31814
24738
17556
28829
1046
25947
1840
18099
30548
15713
13081
19266
25603
20096
10111
28429
3308
20776
30875
31927
15413
10425
30437
21288
9269
4349
13959
7987
17031
17654
11025
22645
31069
731
11118
1408
21271
4445
29207
2873
9237
10798
28038
2942
32457
28100
29934
5900
11792
17499
13609
13984
10690
20537
27122
3933
14727
21813
14164
9838
14829
14714
14178
2028
14264
905
4137
21762
21882
31101
9699
32079
12131
17811
15726
10123
12633
17385
8956
3438
4939
23942
10507
20173
28611
5275
5016
7
10427
9736
17295
30623
3762
25634
13959
7978
32255
11956
11948
19308
26212
11332
5884
24510
28902
10391
30647
16562
14300
15479
3856
23034
17735
8883
25129
15238
19297
24168
23102
4589
19321
5759
16929
32270
7933
19063
14310
4087
5849
17508
26335
26886
9471
27704
7627
18765
17479
24642
5450
3131
4730
30452
31380
22649
20649
3561
4715
1811
15812
18983
2126
1496
32616
11681
15856
14595
3319
9728
12008
8219
20718
30882
15530
16919
29811
12259
30390
9414
2350
28060
13071
21358
1370
18154
2799
14516
17948
3377
4025
20411
3091
10336
19503
28816
9776
26230
26085
15302
16072
25669
29429
26973
32487
29557
22517
32489
31720
8653
16934
12527
9026
17838
4590
29587
6309
13280
18825
32368
14918
658
21499
18376
16247
32155
14409
15069
9594
12294
3304
11678
24215
9934
16246
22918
30572
20710
1192
23490
9861
8316
1156
146
31276
20863
5840
24049
6274
31071
9162
376
17871
17428
32025
13696
9495
609
17156
8583
26350
27994
10722
18901
23180
17188
13265
12894
5412
8444
12971
10475
9074
15994
9782
31349
31124
28183
19099
6097
5402
1774
27418
28051
1376
7103
19707
29484
19996
9017
18120
13653
22579
30073
22457
24497
25809
17102
21360
2477
14008
26559
30182
19116
26072
16975
29606
22881
4384
27775
23097
14971
25237
21
21729
17032
6561
18332
10634
28435
4013
172
509
23312
27378
4971
21847
21115
29579
25428
1465
18747
16079
7479
1602
14668
9439
9857
7482
11293
13435
4542
5776
29495
6426
15452
31367
21536
10041
31154
7340
11135
755
28481
5899
19328
5330
1593
1442
6522
16613
5695
5654
11984
5138
11629
16293
277
23470
6554
14172
21875
23371
5852
29834
845
5329
18252
22900
18979
22225
22537
21578
16054
1301
30592
3162
4973
20348
234
28548
16376
19205
277
13294
19507
8489
30824
8697
16973
18798
32290
14963
3113
313
10466
3342
16388
30179
24684
21264
8281
21776
31914
8781
21249
14140
22001
19538
5023
6295
10886
15844
25915
21523
32097
29353
1837
21691
21040
20772
12605
28998
27295
743
23304
9708
26839
7427
4774
8312
31556
11460
9865
21151
30108
31899
9896
32400
31517
9564
221
29132
7702
16297
15500
25144
6312
18862
6534
8560
718
5392
5677
6751
10651
20767
8408
19725
27587
1363
30841
15543
16221
4086
125
1061
17639
32030
3059
1080
2955
18910
25585
24771
27296
26557
3379
16283
5236
5223
4358
32242
17993
22947
19812
20448
14749
18821
4193
32323
15023
19173
710
14025
2110
2576
9723
8779
24724
25020
26922
13661
24515
20546
6561
28451
4911
19719
12920
31334
26188
4667
20340
25830
19625
11975
18220
24818
19758
29824
12394
17719
21154
5793
22228
16086
25967
3192
25292
27065
12970
3167
14484
17190
1102
13038
21174
10900
3784
10863
7075
25790
14265
26258
2714
21751
14839
18531
1995
24765
19157
15992
23485
12688
9380
13679
11757
18693
6777
27800
22200
6934
6449
750
2170
8892
14771
20556
5112
9408
18549
24285
19451
5325
26178
6357
19518
20683
9786
32350
10122
9832
19738
30677
16672
22263
5565
6199
21847
3454
7907
25558
30086
31498
26162
28497
31524
3398
29818
27330
13870
29516
7997
27961
23241
25787
879
5226
29225
24330
7546
19618
21169
19740
8837
21760
25436
19732
32502
21473
11867
2154
7733
3996
1792
21055
24499
8048
18138
32749
23852
10426
26146
12259
26153
31851
29525
29360
21704
10426
11811
2653
8127
21270
18824
13312
19871
28255
6457
12174
11606
8533
11841
31217
30712
29009
9964
27994
16319
1331
13796
15321
20560
5275
9370
30763
25663
22364
21735
8403
21462
2349
1524
24940
8466
21922
24663
32317
1263
16475
3454
7694
25061
23932
24145
26170
16307
28252
17683
7430
13403
13954
9865
17969
24174
7373
18015
28108
21641
27890
21191
5452
11808
19756
21347
30430
2426
15406
32613
4858
13053
11101
16117
15419
20908
2364
23507
5486
15598
20519
9533
13801
24465
27973
2835
26654
19470
5048
29753
13935
26127
20502
21565
14916
17710
28701
17465
24923
13568
4770
8955
7520
30290
29643
100
12734
9650
18814
22542
5044
27442
17433
24369
4267
22376
1892
27080
11975
4537
12228
10991
31676
15320
14257
21648
15843
11913
20841
23102
15245
29611
2278
23393
3223
8565
16910
30868
10814
31488
26411
6219
12597
31237
23450
24249
2549
9705
1735
23793
27477
23542
2905
15179
27482
27884
32425
25353
4688
13240
13433
27450
9241
2435
29411
19679
5062
15086
8847
8781
21860
25244
20265
30162
536
19698
3090
25499
623
18714
4438
4821
13039
2894
9439
18963
14066
1107
9192
8944
28084
21059
16564
8437
15786
11920
18559
12221
10773
32070
1461
19542
26328
24976
4706
24043
24198
31614
12009
416
24256
13061
28922
19902
24254
13384
24254
20496
5163
277
19028
19341
18998
15283
385
31030
12006
3803
9635
20546
2733
22276
16359
6521
5697
28900
26044
20958
25255
20787
392
8336
1936
18866
5017
25586
3049
8044
32606
6666
15534
22075
14551
10279
26111
21903
26186
17863
8821
19051
19000
3767
13494
27312
2447
124
8007
32158
8737
26354
28322
19864
9557
31795
27017
26407
2844
16314
7065
18754
12583
18633
28194
27341
23128
6151
17206
14687
17014
11374
18176
30024
6692
24420
27479
3795
32532
19496
16787
26824
17528
18032
9888
9269
8121
9297
30033
22894
3436
24414
13046
25171
642
20756
27184
6609
15806
3702
10244
13484
19821
9972
20271
6011
7505
19089
13753
19956
8414
6981
16589
1897
28073
11680
29384
15507
23069
31921
8080
25231
29807
21798
15143
20262
26069
31668
30336
12881
5619
4794
7825
18684
8854
801
29097
11531
32677
27782
24324
26267
21333
24731
25757
8842
25243
28106
32579
12857
8679
15644
24815
14480
15887
18266
24917
10307
12681
25970
23737
30548
14814
16411
29956
11226
16731
25276
26903
9728
4362
30090
30303
19280
24289
25329
30889
30514
3128
27702
15416
21679
10369
29018
13845
1403
3123
28737
5799
14899
8199
32532
27267
8163
9319
17891
15749
18123
3363
15247
29728
26211
17767
10727
20210
8860
28650
15633
19612
13929
30567
8748
24016
10110
849
31027
8108
26455
9411
7716
4166
1405
20406
3426
29064
22277
29814
26456
20030
14169
19799
22368
21869
17979
13475
25059
32742
18182
5848
24001
13340
1335
21776
7411
23603
25133
11201
2159
8793
28717
29094
13131
18265
16041
17149
10534
18285
15298
27891
31684
16724
20235
11613
21496
21413
4496
6824
2503
25699
18199
18451
1994
1745
31909
31259
32212
29576
28740
32567
9941
18118
9732
198
9726
30985
20032
24646
16166
17885
24866
29894
28269
29938
4969
15518
8991
14705
2154
22365
8667
7056
25941
23555
20980
8293
10682
24433
31255
9207
29004
16157
12334
6555
740
1034
133
9854
20681
29176
4139
19070
20014
5848
16028
2878
15868
28290
2716
21881
24274
28330
15974
2198
6218
3856
9990
24701
3455
8696
23300
12714
14540
4314
21570
11135
29910
20826
24871
5343
5836
9850
12541
14072
32237
527
32664
27232
15435
6770
9273
31332
15567
2167
1970
21149
2686
419
17866
10948
7418
665
32226
9414
20044
32214
5849
4379
24032
25246
31278
19796
9425
4150
2660
28916
24424
2388
22699
15489
12255
31700
23996
32475
15978
28844
14853
25804
6776
14370
16646
26335
16693
26173
21499
18806
27988
29561
20411
25367
5133
21950
4576
7431
13153
9619
22824
25114
21925
9104
1307
28617
28222
12817
30958
15749
29610
5938
9640
28235
23232
6903
32643
121
22328
21962
25237
12256
1389
17195
10927
15898
24930
27811
646
5405
12035
16633
11792
30737
14254
27561
21553
13919
242
16530
2967
5387
24727
4079
12003
25155
4574
30344
15369
26424
12297
32298
17145
11308
14878
8788
10111
17100
1001
3379
14951
2753
14400
8400
28134
9346
20619
8329
10549
1644
9603
3774
32639
26644
32057
4812
19965
30684
14938
31551
1376
3780
4274
12355
8815
22147
25328
10844
6641
5591
11689
16727
15309
5913
9119
26497
20848
23828
24386
9494
31599
6679
19831
26620
4717
7497
13721
31665
3904
10813
701
15747
15951
28358
12859
24831
16958
2829
2922
22699
10702
24544
1194
14072
7422
5965
31144
7026
25975
7024
5853
58
22054
28553
7768
31670
22059
8017
27070
19079
4850
14479
19855
13755
7583
742
16810
10564
30640
27121
29460
3753
21213
19858
8949
16380
2115
11398
30435
9996
2754
23869
7779
23771
22692
18665
29101
23891
12415
23766
28080
9012
3420
9721
12630
16465
11800
19147
24585
17916
11275
22360
3446
4543
25832
3986
5777
21069
15332
15340
3033
22711
30235
9252
4317
2531
13871
11360
21759
1083
23346
18557
2424
19874
18118
14756
30876
7596
20098
18974
8799
6158
23704
31593
537
2899
949
23179
24966
2001
2601
28326
23825
25308
12360
30157
32082
31289
13840
25622
2517
19413
25612
22768
31005
13751
7031
32439
8680
29236
12709
2182
4533
9314
6815
16973
11396
2255
9998
26403
31197
7794
22874
12765
17171
23521
5650
23519
26314
17605
13199
32306
1463
29579
11476
2263
27815
27485
31673
17499
24515
18001
24137
4524
11026
5088
2920
23595
7231
31641
6841
29186
18845
30742
9150
14008
19048
15920
22593
25603
17486
9327
7667
19677
29229
7876
27476
22233
2079
8827
27602
7608
6324
1643
12085
30007
24446
13168
26682
15660
5331
14619
32382
15313
11982
6823
30622
29280
13207
26671
31645
8160
228
30751
30854
26174
11456
21737
10578
17823
25484
13049
1035
25077
26435
746
21298
18128
5122
29690
32351
7544
3527
31419
17959
2360
31608
12300
30530
7676
29480
7240
22765
9503
31639
17085
23182
9342
18167
352
17559
23505
2806
6334
28844
11323
6648
28726
19720
7711
8612
27238
12061
31030
12963
24035
14714
8926
30116
1581
22770
14005
12708
226
7419
3431
1900
11057
28500
9668
1627
29586
28395
9238
32357
29620
29181
23473
13148
26295
29567
5835
21870
20380
28605
4238
25328
25594
29761
21868
22362
3826
26358
32179
19346
8292
18573
30305
27501
31843
30240
19513
25715
24295
11797
11542
12770
1986
23622
4992
27126
25302
29022
20605
28776
132
18822
26537
12852
29288
26178
29065
20128
24643
32661
30749
20858
26936
12396
436
25249
9532
16954
15876
3783
23240
23519
2426
3444
15568
6094
15055
10318
17657
17775
28380
10137
32263
22978
18095
26618
21140
21318
19422
32128
13320
5401
28443
2020
11717
32096
21769
7184
14498
15081
25935
26335
25243
9743
20458
27940
7879
8414
31943
3309
20874
17016
6545
9225
27915
20919
14792
32711
12776
21268
15635
31233
26665
11720
28631
26457
9331
11313
6664
15043
28030
23414
28735
580
21961
3694
6925
8441
23949
1982
18576
27226
12527
3906
31811
704
5753
30383
4378
10533
8651
20854
8655
20011
32398
25579
19318
7264
26538
3494
32344
21953
7865
13097
20734
10877
30651
27332
2444
27899
19723
28854
20817
18205
28562
9877
18075
21703
26426
8688
24784
18331
6053
3634
23226
30727
7456
26057
5923
1922
30162
18056
13218
30738
19257
25930
15796
23826
28632
25817
15886
2354
25897
5134
3634
23999
32217
22329
11329
7973
28724
16578
272
29362
27871
7441
19581
27036
3525
30124
11268
15686
12627
20383
28557
8383
5608
10529
12424
19339
18823
31348
24380
8615
16848
15885
14940
7367
12334
17397
25820
23266
26193
21615
3586
30192
24287
26075
24512
2291
15974
27098
10049
1588
24726
30131
27586
17103
17837
18934
26531
23409
29746
32095
6078
22113
8934
20220
21751
9917
16120
25490
11284
29959
8824
29246
26576
20704
3854
9304
298
12306
16620
11420
27139
24276
11777
22924
26088
17738
17775
10000
25901
9804
17216
4960
5691
15208
27732
15139
8490
21034
18078
217
16787
20122
8593
17270
12959
14087
724
26703
8548
11523
19261
15418
6514
30639
10237
28657
8104
825
9240
13240
28493
31138
28185
13888
3420
22725
9731
2762
9758
10645
18314
14991
26878
15526
1155
1376
22170
4079
9114
5514
13590
16846
14147
11004
7861
13644
16627
428
24234
19363
5263
30518
4139
22269
4133
13254
13256
10879
31706
23097
12027
27526
9763
895
27136
2096
4152
2372
32742
30495
16070
25551
13543
9337
740
7978
9973
12339
20297
11139
27797
24976
28092
3282
5616
29668
10443
11708
17447
8350
15808
22967
19176
2693
10961
8816
4159
28226
11671
13418
7854
15391
1474
24295
7551
32526
20490
21259
9049
13549
3433
24127
5906
31752
10887
9172
4804
14816
7030
6632
32035
7979
24479
19854
19725
11547
508
12841
11107
8163
27016
25
26392
25208
3572
26266
28551
28564
25756
5352
18698
17409
6585
24232
12232
17940
27096
32643
23758
18040
12171
16916
8546
32300
31070
3588
19603
11727
15372
8563
3861
16924
29939
31130
20812
8625
20678
11951
12199
2068
10882
18185
4399
4599
30371
17797
3168
24251
28311
30504
3639
27444
4211
17414
30604
2476
18149
1890
9378
6954
19817
13078
4861
28148
9408
16950
6515
25938
11167
16112
26246
20117
12196
24502
14577
1880
2701
32672
1665
22790
8108
30219
1318
11676
19862
4487
19018
432
10268
14832
29793
14259
3708
32218
4802
12403
29144
3890
16309
19683
24550
29475
8397
15647
9706
26935
16760
16555
8161
19903
31700
15355
2047
31604
25540
18233
23132
28766
26692
6722
8427
14837
7929
31218
15275
27783
28172
2721
31009
10713
2105
11245
4869
31505
28451
16826
25404
467
28651
3704
25862
17579
19968
677
22137
6827
4153
9618
3630
31317
9249
31593
22842
12219
19346
3183
30047
15844
2181
29063
31620
28530
31528
2552
20067
23170
26161
15983
24962
23508
19826
30024
27748
19756
25262
7177
24064
31479
13484
27183
9330
7474
21641
16686
7409
22408
25938
19891
16385
1210
18899
20012
24041
20804
25769
8842
32616
26942
7839
2373
16036
15744
10039
11681
11363
9225
9094
27441
5501
22434
16197
27289
15506
6846
21542
31639
23544
421
7012
20549
1015
10193
7582
32152
10553
21656
21733
25901
30588
21260
13588
27717
15498
288
3679
9230
32619
23052
32303
18212
6105
32754
25134
12375
23028
2241
413
11951
10807
4698
24814
23213
3499
25073
29583
20692
2650
4790
8196
30056
27655
6069
19000
9590
16668
5371
22549
30996
9188
21499
25682
31466
9210
22320
5004
30961
25602
20739
16281
21115
16278
494
27929
26484
3459
16866
16205
3303
21046
14566
24109
10947
30321
2818
692
26336
22083
31579
7551
317
15414
19103
19350
17804
7370
21667
3466
13808
9762
12619
29888
21253
30718
23723
15116
9505
6121
10859
30849
27353
30132
2160
27528
4295
5154
21688
1840
22155
10725
19078
15301
17680
20169
19136
11684
23057
2352
917
20045
3291
20414
15202
3002
4180
21333
17111
2544
30268
9540
21078
6867
6067
3515
22171
26686
26363
9859
28834
1107
3712
3563
11461
21520
277
17926
13606
2083
24449
5139
844
6144
22330
29757
21777
29488
24176
30085
26811
23788
29005
4604
17513
9706
13436
22325
3249
14455
8424
29434
11911
10950
7366
30782
24672
19336
9685
28755
16024
23740
28900
3165
1809
28873
8854
2823
14366
7626
1378
9844
5791
31529
24797
7801
24429
7535
22076
13065
10232
1114
26132
8944
12846
12081
869
708
14239
19284
22487
25
28639
12567
7491
25845
22060
8912
12405
28548
29265
559
16689
21004
10442
28622
17267
28450
22057
2313
1531
9759
14777
14352
4617
17358
29536
19002
14438
27495
6346
16541
28579
3009
9667
3803
26533
13507
19429
15422
30306
24860
25972
6920
16869
2099
3974
2564
19352
3169
12135
29793
16578
22879
26427
960
13391
18170
15845
14476
9680
5134
32296
23690
31170
3505
4364
945
18195
13999
22404
3899
7650
823
18253
26364
11143
31955
20249
23795
24531
25245
17901
28447
30616
6577
27080
23443
4204
478
12677
15053
10667
673
30210
5188
14011
25683
13954
8512
9876
18849
31824
12782
1151
23869
8614
26804
5661
2003
32716
16322
6828
16959
18564
3306
3974
22525
3750
30641
7658
11744
16904
5542
5631
24839
8864
8434
6934
21006
28397
32049
25904
28801
20882
32384
15296
23190
21061
9943
3506
9499
19943
19866
19115
24493
14836
25962
24979
10539
14110
21569
2129
26730
14133
4542
12501
32042
14922
32701
20316
32073
26388
12587
21999
21047
659
4889
2349
19114
2802
11278
4683
29843
31154
26018
29273
21328
28933
5192
15047
17955
22648
12652
12071
13027
11477
31678
13364
18673
1864
29133
12308
28782
8128
23255
16346
14763
20120
20959
26191
24801
20855
1793
6130
14883
22389
11011
18493
6544
6271
14636
23594
3021
31740
4953
9718
29363
4784
9293
20005
23108
26593
31817
19910
6628
28089
7132
24056
5574
2284
24829
173
13476
32667
19031
1710
23987
20343
1252
14048
4822
12073
30653
31429
31505
16114
16945
13381
28993
11406
24596
8367
27403
20063
26713
27899
19475
31175
6628
24402
31086
6358
10905
14800
16729
17189
3257
14984
27435
24065
7790
23752
904
1996
30628
16287
14552
21153
18971
21917
23543
4663
1978
16858
22830
16648
17191
1593
15715
16562
32404
26350
7052
31133
23772
10046
26218
7646
26830
902
4723
4955
26312
3199
5136
18736
25737
18368
3592
31826
31552
14725
17468
12146
30696
15278
9878
23077
24024
17931
2108
4929
30614
3030
22281
14986
27117
4737
26429
25998
32063
9651
10099
5069
4380
19597
20692
28189
28178
9265
26507
5453
27079
17285
8056
17417
4422
3124
31017
18429
19863
3318
11014
5694
13970
22802
10955
32485
2036
31009
27452
17405
27827
22804
8724
6047
5263
22392
10814
17755
18410
23033
22087
2778
28121
2853
18196
25538
14459
9587
6864
19674
27530
28548
2089
17007
28975
19880
14780
32246
12571
3236
32205
14066
24019
18867
7740
27416
11339
7114
29876
29105
10679
25120
3878
24129
9118
23534
30838
30310
22064
28019
31092
16130
21721
13884
26125
25756
24854
23714
19139
772
9096
12948
3674
4150
31559
6039
23508
28289
22392
15370
26784
27113
20258
10671
27407
9417
27453
13671
21767
14269
22284
15933
9979
2238
27309
23974
28442
7567
17391
27911
18631
27993
24931
1144
28746
30098
29622
22216
16069
5666
22845
3777
8809
30921
30674
4525
26345
1979
26847
19225
25135
14222
11192
26072
22863
10326
21038
5707
12729
25103
23393
23008
17074
12347
12501
20441
23301
24779
31176
3919
20213
27203
14531
7798
8823
15642
26480
28450
9118
17503
1195
1162
2391
22947
18651
9804
27222
12306
29827
17586
8272
31459
27924
29236
27499
21235
7174
5694
27123
8108
17446
15667
14414
1836
16690
10673
19762
10659
26019
2839
26133
11261
27338
32068
6117
21954
10014
13730
22522
17978
32469
356
4425
1236
17073
30987
6618
28872
28957
3375
7292
21500
3448
20604
19127
7461
433
8955
27394
1326
15892
8850
5942
9181
2915
1231
16195
14260
17193
15841
17441
9493
25163
6375
16138
28842
10720
9582
18663
14596
16962
7732
22024
29570
5221
11570
31255
28789
19816
12506
10319
27265
16490
26270
17385
9543
6815
7857
5335
24384
7587
23825
29877
6892
21518
3013
18429
813
29768
8803
6010
28397
26015
26326
24063
18439
7062
11102
24152
22885
15232
11736
5505
18534
16462
31808
7446
15746
4262
628
4619
48
15157
9531
21405
2567
19781
3717
11912
21796
30610
3829
18555
27085
30041
14492
24521
28499
27059
5896
13153
17469
10017
10365
9984
24994
5480
31874
30629
3543
10655
7071
5190
8779
9350
7270
28353
26798
2841
2480
22805
21337
3429
32297
17106
5354
20379
6415
27342
23342
18787
12342
22810
12613
12146
25424
13620
19712
7007
29803
19582
19342
26034
2491
23791
8536
26175
15514
30729
16681
3762
6605
4619
16018
4970
30473
4455
28557
5771
16821
29302
20832
2382
10994
21355
13508
14236
21721
31878
30023
12764
25859
14474
16367
2313
8271
4464
11552
4359
29663
17757
12735
7479
3940
2002
11160
27465
29852
25378
3325
12369
8217
20010
27568
31773
12099
19004
30468
26310
10144
7516
6462
15494
17235
31919
18497
7113
26339
15152
18795
14727
9278
20645
27834
16336
28414
19666
819
31401
26090
2796
5252
18198
21952
14672
6120
30840
22834
2421
13387
10265
14894
7199
19375
8966
30818
32214
21966
27165
6400
18327
19968
30822
9150
14281
14432
17319
28962
22386
554
11058
11772
32683
16744
18690
14388
21330
6094
22790
14533
254
15586
10941
7946
24888
29536
20739
24889
17640
28124
1067
9773
2061
26281
27213
15464
15537
28410
14817
600
541
14663
27277
9177
23625
25330
26684
20732
8086
299
31856
20998
17599
29969
25049
7356
14605
19225
13862
20190
32459
10676
15899
12786
12794
4908
12260
11330
17734
32463
30633
17192
2872
3408
10850
4745
24492
23658
6893
23968
1414
15814
17757
7421
3233
21791
1174
11725
21512
24996
17943
1627
31849
13982
12310
5079
24262
10066
28114
9559
23406
27177
5669
2075
5420
14094
24664
14613
27838
9496
6972
20392
20616
2921
6774
1457
13450
26966
3611
196
18064
6600
30845
16568
12968
21985
13892
22373
3033
19171
19648
19884
11538
18254
29309
22968
9825
17225
1560
19076
2661
18499
26450
19613
12294
31706
26211
27690
15459
20988
15761
30761
2316
10828
18688
11003
14962
23751
28876
15395
6812
31143
31061
16203
3099
16519
11738
29831
10559
4809
6474
28126
25483
25909
16726
11783
14183
29922
6091
9328
18453
17242
5663
10885
30694
7673
14153
26158
20654
13462
17366
13721
20597
870
9274
2107
28271
5148
11620
18705
27695
23125
7061
15916
18199
12084
12145
364
24083
12361
8535
30348
8071
1464
24302
25182
21381
21399
18176
1880
22084
23191
22412
27472
22221
3047
534
10884
28152
5205
6722
31709
8599
8887
4769
19061
10225
28041
31691
2134
32626
15319
31150
7813
11936
30046
8997
7743
16465
32238
32717
6018
20507
24594
6164
14543
15117
2803
19346
7215
18588
10106
24989
25972
24544
18613
2071
5569
7425
31612
13451
14412
23276
31060
7032
19555
1354
659
12781
4269
18098
9157
27990
5043
26397
27215
13718
11678
28315
19538
15702
18242
24645
18386
13468
4700
8563
32024
2463
5912
24879
18516
11226
15063
5097
7815
1375
9262
22380
12704
7790
8242
21264
8165
8006
27891
26673
12949
9275
3398
18145
28620
6153
2504
15066
934
2152
17183
17590
17575
10464
14723
21347
22363
30687
28030
12753
13625
14857
15855
31981
6861
16335
26453
13779
8471
10563
2122
17471
1582
7210
20302
32069
26920
8275
13766
579
32062
5672
27716
3091
30764
31619
23561
30341
16343
29379
25033
8204
6962
16414
9646
29111
27234
12601
13471
9059
10785
8949
16065
4144
18016
6540
7998
12081
48
7902
4422
1128
27362
23301
13908
7665
17517
6959
20915
29053
11537
15021
23872
11778
570
8775
23409
21937
24743
20947
2710
13353
4555
10246
23903
1258
26740
23689
23711
24076
20650
24655
22095
13105
5850
6183
32214
1208
10804
9613
24968
3891
24145
12742
22892
3867
28697
28460
21314
27843
20964
17606
8132
25739
735
22555
9517
32598
30130
26952
6904
28478
19039
13649
13034
9350
24429
21173
21330
11983
32327
15429
18064
16015
9951
32309
980
23232
16022
14708
29992
7893
9824
28985
24241
5362
31779
22239
19249
92
2913
2034
8657
11311
12567
29322
18718
4687
14053
21463
31569
28320
26990
1278
12243
4730
28162
2595
15872
3159
7035
6087
7468
30671
23140
597
26083
2503
20577
19447
30837
11493
23242
17582
27826
16967
7322
28834
12019
23156
9096
10423
28250
31378
26739
10592
16474
16858
12035
952
7545
842
2190
9423
6996
10137
32312
26433
2020
27504
9823
25358
18945
19927
10550
28581
11044
17134
30895
3138
28273
32477
16287
8826
22773
27917
19485
22293
3884
10137
31018
23835
27590
767
23448
32561
13226
540
13860
21286
19260
18007
30950
19402
20699
20508
20459
7423
16558
9100
1312
9746
1441
9586
14705
22091
7082
17529
14643
16322
10065
17053
28607
19573
9839
13024
15968
18840
7734
32574
14960
15660
27249
2786
5821
14803
4621
17562
15410
9443
17625
15753
21939
8889
26250
6172
21320
7504
19202
25407
10366
6418
2002
13776
18954
19437
32509
7763
11952
10922
1791
15080
22371
24698
21517
3451
8878
25810
1695
24635
28498
9081
812
20045
21041
27360
30516
17601
25450
5297
12164
4037
26310
7338
9142
18456
21331
6572
23287
13506
32334
19727
3597
29955
27974
15417
10904
1673
4991
2159
7063
31717
32405
30954
31535
30528
13921
27438
4520
15690
21536
7575
17849
29812
5330
2101
25093
25695
27361
14298
21477
18836
21251
24432
18280
4469
28769
5008
17560
4724
13305
25681
12799
5250
4929
18782
24682
15818
4621
5196
1005
14240
9138
23850
15911
8116
10092
7513
7623
6540
1021
27806
14159
5169
9879
5237
15129
6184
26876
28072
11415
12707
8932
15393
7902
19193
27295
31996
6758
2900
18683
23265
4107
3497
25704
15505
32088
1006
26458
8638
9733
6791
9711
16928
1726
12289
18130
8901
25895
13570
29535
5545
8476
18560
21256
22406
11069
25650
22007
16365
17578
11588
4852
14230
27659
15695
15498
26869
7124
30600
29029
24333
15815
15928
27647
1673
30650
7276
21884
17673
13722
14317
16338
6842
5296
8050
2860
553
5155
18709
14993
601
11966
21764
31680
10003
16884
26745
26207
21373
26145
13548
13909
8942
7187
32647
1397
19457
29641
15578
18524
14824
4218
5328
4764
20483
11738
25313
26138
2993
2712
1674
4532
30823
23595
6138
25383
10751
12238
21775
12336
12626
23753
23168
31474
16136
27635
32092
13720
26799
6261
22707
26939
17419
19920
25490
17414
19629
18210
9013
21144
18375
13221
19833
26793
6719
1144
28560
31985
17666
18338
27896
31813
31643
13396
27310
22532
2308
19566
31391
21425
30396
14149
7007
21985
10777
14755
24605
16472
27616
28432
21719
4975
3603
10320
29386
24761
9226
4909
14637
20709
197
3959
15902
16614
28545
21832
19421
14930
23177
20620
24120
19208
21583
21953
5190
22
14011
5116
27224
2010
19651
26669
20525
16231
14908
30115
28517
12073
5616
10195
13880
15053
27120
341
31336
2139
3628
23599
18548
25253
4416
32598
13071
6885
9105
11634
14032
11682
14489
4322
1579
11987
21119
10496
20896
16711
11243
7334
24626
7492
13336
5617
3099
27247
4395
2884
30654
28907
7363
6544
3805
26053
3793
21459
10252
22160
19114
11231
23142
30796
602
22621
23422
23949
9275
23569
31129
22489
18119
4704
1562
2129
1707
25871
17469
25491
2844
3917
12296
11488
9326
4596
12671
11386
14563
15628
4120
9552
29633
29329
14958
19933
27303
1653
13881
20558
11552
24553
19582
5603
29305
16345
17923
24983
22992
20661
19462
32259
28782
25463
16686
640
29271
32226
9922
29580
31006
7687
25113
17007
3326
22286
30290
28702
19495
11059
1605
22367
7254
18191
12984
25134
6824
537
10455
11871
15792
18540
29918
25990
24007
20939
27929
19476
6051
18914
18702
19394
15660
19918
14585
32051
18570
25312
4472
29908
1411
19102
24456
22280
25860
22539
30896
30594
12029
10793
23420
2033
1650
28603
29741
6627
29648
6223
6575
30691
27005
5756
22219
6629
30386
5993
21406
14565
7309
21390
29514
17866
31074
23743
31211
18320
15955
3430
20173
25766
8992
32016
11996
7061
19520
7723
25435
28387
22320
26893
20697
2103
267
14393
29281
5821
7003
14814
5362
27852
17198
6817
26414
8391
3693
19868
12630
13633
9066
5543
18806
3172
28344
13270
6109
10899
27455
24387
16336
3150
12431
27149
16512
4950
15221
14240
8761
20242
9420
26679
987
9266
14998
23968
7310
6034
12108
32063
1458
16481
21362
21334
24853
9602
3437
31620
12137
2610
921
29323
27381
28140
11415
13654
14986
17289
14820
20794
20665
9132
4272
18812
19267
32349
17645
30227
9937
4084
19110
16304
6885
7481
20882
23804
29201
15049
32489
29984
12903
9148
31094
19339
10800
25476
31726
22767
13537
22296
24960
30093
19530
18771
24749
30899
14865
11926
26714
29059
32095
17333
21283
23797
14553
5137
25843
32032
15570
11009
18129
13749
446
29815
29949
4556
9962
4320
21308
22243
18795
8267
23408
18723
18261
18638
6763
1254
17197
31781
28421
4471
31648
16541
16236
4376
19316
305
6332
12874
26048
10482
27856
17992
8792
3500
25175
8405
28300
28102
27434
9527
13842
1386
5341
9348
22592
32486
18323
28956
32126
16978
26391
19319
24828
26739
2601
3105
25248
21728
15382
12034
30019
15203
31884
9187
15644
5282
29099
2094
29308
17919
95
11765
23740
188
16110
5174
31092
7267
30157
13406
9198
28773
8888
18699
20699
28929
12801
29206
12868
4967
25129
22993
22467
15646
1453
16269
7922
17059
5922
2912
2084
14675
21380
20261
17235
8330
20172
22723
2394
9741
14016
14771
5476
2469
14351
26556
21157
25613
14749
23297
4680
21774
25116
19774
23976
23785
7132
32335
14530
25845
2788
8690
26859
15241
10561
23245
5054
1820
32158
26291
19033
29867
8213
24611
21705
9564
325
14609
20930
8032
10149
21225
32403
17949
22295
22482
15194
7565
22209
14640
8052
23777
18712
30572
12856
5227
19005
5879
7141
27322
18573
26252
25304
13575
19316
31414
2307
28368
7297
659
7578
21698
1728
22999
5903
9948
8260
31763
2369
21970
20995
15672
3057
8111
4583
27479
25973
24511
801
15786
19888
5548
28865
13528
23873
26599
22147
20597
31995
9545
27628
15816
27029
2555
26006
25554
8099
19347
24777
28811
17349
12415
11594
19311
23327
13991
27000
4409
26633
3406
9364
31983
16135
26169
31585
25118
10235
25108
25325
7271
8089
7185
5550
6202
19740
6354
22224
22754
55
7305
32718
8130
19279
11358
3136
6366
3559
16145
6132
12445
860
24800
831
30413
10706
20139
12693
13031
5486
19542
5720
3476
966
14959
1006
29553
17301
12048
28950
5391
17588
5639
10364
10303
25669
7221
5771
20108
18737
27188
10626
17672
25814
29245
30666
16716
27641
21832
8327
8122
23554
9076
6765
18181
24680
31658
25812
25844
11370
20093
20239
26722
7424
18517
18938
23690
14097
9933
30675
2433
21990
32089
28235
32260
7647
11564
24284
26228
1892
5209
6492
21791
5663
14392
7379
24513
4200
28427
10890
13899
19201
19681
3940
5858
23812
22459
6001
17195
20505
18158
24513
23238
8428
20936
31350
16152
9183
20854
6429
25678
8700
14885
12607
13214
16941
12136
20274
25296
4783
14298
2869
25854
18116
21508
21693
22680
31912
31873
2057
5802
8135
19295
508
18274
15149
21705
9772
8141
20542
29411
2871
11489
1447
2294
16726
20416
17044
461
26420
20283
2596
3423
256
8853
11033
25006
17856
22922
6101
750
22249
17808
31362
22250
5677
18525
22928
1956
3477
27561
24676
31035
7631
9781
8270
22290
26313
29196
23996
31791
7807
6153
15790
15073
18961
21657
26474
18342
3352
14786
28273
19275
826
29285
6321
24661
22524
19136
21756
32672
4312
8758
30137
8262
15760
10835
986
3778
705
5899
15886
16214
12987
9282
6199
8106
26768
5266
20254
11189
22891
3400
25701
18912
20515
29615
5822
12905
1808
12178
10843
26118
21534
30460
5542
30668
23327
1858
26161
11854
14950
28483
29168
16393
26001
20207
10406
12032
8870
12294
6557
1955
23906
23586
410
1781
17613
21496
29968
27630
26386
19419
31380
30750
16270
20866
10641
25492
27431
32522
8509
18430
30431
24382
27595
18194
31912
26391
8675
28716
635
10367
25167
10552
20388
8794
29175
7890
11360
20935
6159
32684
16297
26787
2703
1840
32593
19792
32483
7015
26190
18356
13028
538
25941
32644
520
28983
16810
12226
23253
32373
22070
13188
10396
12859
27354
20472
1379
16831
5635
24485
18467
13419
23678
17139
17204
30852
910
14830
18181
11021
18748
2887
15632
5865
30447
7323
28429
12097
572
24568
20070
2341
12287
15006
20460
6262
28075
18690
12232
13315
21726
9241
12724
9458
3385
3026
12651
17762
110
6885
5981
29262
5274
26571
1448
21684
24790
14093
20804
17911
4104
8898
7037
21379
26112
23379
8103
9647
6848
25986
2317
19943
26
31147
25898
16394
9601
26697
1564
31505
28185
10171
26965
9458
19728
28489
30356
7619
7217
866
11027
20003
16566
5927
1282
13526
4702
26414
17205
30639
14528
29055
19738
31667
29407
28387
22253
18555
31998
29023
5679
15066
2230
19451
6740
19136
31557
10183
7612
26718
26153
27168
25316
13451
28142
20528
29150
6247
4932
25524
18942
62
4692
11522
23511
15791
19540
17994
24421
21773
28505
13340
23180
14853
20589
10026
27585
16257
11234
2896
11528
16077
16358
2001
17182
14840
30039
21732
27895
32126
2776
2671
10091
1315
30244
19474
14636
10274
28578
30311
15099
20615
23610
12680
28699
16858
2408
3282
774
13053
28558
2025
31328
16215
28303
11516
31273
29491
14489
8267
9526
30562
24386
18662
13026
8232
14039
30391
3329
25430
1008
10690
2581
31155
10056
24236
6085
12192
15308
1146
27018
10492
23282
32668
32684
7238
31564
24106
6765
18689
7517
8557
28035
11613
15019
16545
10188
16147
11029
18681
9022
11153
29799
16100
20765
25431
14380
9359
13936
29857
13252
18859
3253
31046
1718
18544
23252
7136
13127
21474
6738
30765
3403
15187
15559
23221
2875
18217
9618
9133
11656
21217
27595
20764
28719
18516
30841
29756
31374
24633
21765
5667
373
19436
15855
20386
3969
11374
19904
6254
10149
31404
21568
4477
30218
17668
11752
20147
793
26117
12186
25534
7382
6262
31376
14399
27247
3226
19603
26410
24084
25267
8301
11631
30986
11973
12960
11226
5627
27036
15960
55
11665
29456
1695
31163
18755
2440
32720
27807
6254
23229
11598
26894
23463
4545
1909
22849
6736
1599
32209
19177
22121
28932
27022
26573
12969
18878
1072
25012
16077
12804
13957
21893
24113
4503
21463
27053
31901
18408
5477
11201
1377
5850
27157
29028
20644
10952
28259
16492
31481
25546
8349
576
23347
17460
9554
1668
2683
10336
12296
6393
12959
11182
25645
11934
5805
24264
16976
28188
2497
13099
30097
5984
18459
16355
5462
3722
26228
17301
12096
3590
19346
1987
11614
17400
26651
2380
27808
24286
8359
2610
6030
19825
7704
28832
6457
13771
30766
5932
15474
26575
28246
29273
19259
20166
8899
12128
17019
9798
3008
12336
28150
30296
3909
2227
123
6873
31944
24915
31839
23073
22869
25277
43
20195
12769
3812
19346
10580
26588
11081
4262
2960
11269
8315
25931
1337
7042
29401
26859
29281
13104
14495
29291
16810
3384
12577
23134
26027
7395
24913
13689
30102
23727
22919
4935
16664
8866
2178
5406
23425
3806
16298
29010
25125
18550
19607
13992
514
31872
19415
25614
163
21355
6380
10377
19524
20627
32661
24430
22326
20499
4687
7381
17029
5850
18970
24139
7129
10498
21376
13255
12954
23133
11476
29920
18519
19792
31160
22076
8297
21476
12257
29516
13011
26394
287
8246
1645
10367
9879
6163
30274
8705
29011
23387
26166
14337
17406
21149
10988
425
23016
2420
10470
31616
32593
5558
28398
18491
7907
32494
20405
29655
18560
14861
16059
27876
5438
3420
29806
10276
3248
28853
7574
8788
28520
15859
6640
13386
2745
17831
3609
27968
31170
7181
19630
26480
30631
12862
23218
19169
10018
4006
4912
29312
29499
16313
11809
26482
27987
18402
11919
9897
19559
14780
31739
25781
29075
13701
11005
17373
5589
28880
14634
12399
1300
5497
16442
22356
2657
3294
25707
27367
29052
2892
544
10760
16794
28600
24270
23915
5477
19376
24856
16182
13381
10129
5177
204
20702
22265
31395
25315
4314
29055
29669
5085
16872
17314
14802
18517
24580
19456
14560
16888
20730
6345
18382
14486
31013
6514
650
22904
3453
14510
19537
20725
18129
21146
15640
4672
23120
23351
32299
20868
23374
18718
23060
25651
27205
6255
958
31643
21786
31243
22746
28090
3234
771
9090
83
4965
28752
7964
27201
18850
21188
17538
32524
14995
14144
8544
14522
20209
7976
16093
5095
2235
23828
23421
29208
11316
10696
31813
30285
31275
1383
6433
4053
24446
14563
26756
10086
15841
3000
3662
8813
12764
474
12786
12451
31251
13803
16344
6113
25546
9138
23040
29237
24744
30409
15337
4661
10683
12693
5553
403
5053
16507
8829
19954
30870
19793
32283
6136
23073
26387
32230
6309
8755
20952
4330
4323
9178
4868
27465
22366
16866
3518
222
30869
24222
17317
4895
7474
30949
3518
22088
10902
6746
25009
29110
20921
31472
30518
24464
49
32174
25034
28589
26512
27312
29350
29106
3827
2671
30449
19067
8920
1602
9781
30909
30512
12836
21776
19689
28598
9143
16428
22611
17022
14985
880
22419
18641
32150
4472
7211
21048
29199
16195
14699
11735
20314
14380
30866
24060
13402
28188
22582
10744
16880
23037
6886
558
16066
8306
10509
27241
10299
28357
18969
24179
21715
9249
30941
25827
2960
6913
22324
17462
13516
9960
1256
3617
2106
6739
24018
29990
23588
26859
25410
8294
31222
14848
21665
29110
7168
32563
15188
29172
30840
25458
28132
22428
32190
9770
20060
23446
9188
14007
18419
20562
30574
9248
20459
12055
16726
13569
28089
3992
28756
15304
3686
15817
10076
31524
10037
25072
5479
11963
27526
28415
31350
3100
6650
19233
32212
20468
9432
26259
14748
11140
14768
13493
8060
9810
27710
15201
6840
18463
2192
11387
4978
7962
20587
15817
14120
30291
10220
13061
10878
20594
30059
20017
2110
31401
14500
6699
20893
19431
7449
17281
13248
25679
2994
29574
18046
232
32679
24998
10344
14230
8863
3830
7174
12105
29722
24591
2660
10356
12
2333
3789
27073
26826
51
28631
25859
18474
27106
10656
10347
11238
13321
27990
28672
12610
21230
14845
27465
1007
21646
29292
2892
17454
15922
5273
27837
6201
26691
30231
12911
27870
19551
10717
25614
10605
31148
29513
9488
23252
9069
27237
22505
6665
32211
13672
382
12712
23829
31616
221
18142
19139
29902
28459
2437
1367
15282
15325
12176
7693
17226
22828
16298
10484
5941
3266
28442
13125
18589
14522
5866
29684
11380
12487
1096
27270
20221
28595
10284
24610
16527
16652
27195
32490
8086
13082
8940
29580
986
25875
233
19731
12036
1426
23992
3844
9822
5446
17818
10662
6618
16871
14003
19617
15446
28015
23404
18378
28958
13702
17430
28222
29362
3902
25552
12206
22218
19200
21674
23545
5016
5319
9994
17664
27213
17547
16463
12982
23262
4865
3253
23926
1288
1665
2168
25242
6802
11335
25661
26441
18130
29151
18605
23952
12146
13019
32099
8116
29300
20167
30472
21959
17780
23391
4284
22906
6701
18175
29880
3122
27711
32602
30770
21342
7216
28783
28289
12039
31664
28601
14210
7848
28449
26534
3386
18497
18518
22347
21693
5543
16027
31318
30286
15390
10230
11588
199
25129
22445
25044
7228
22433
17928
14267
4059
5125
25944
3481
24342
28433
18488
7724
16901
18322
32019
32195
32005
3192
17127
3062
23462
23597
31560
11669
21188
11813
32167
25310
3571
15031
12244
3571
27681
5419
1986
32139
12150
11284
23179
4071
25727
9184
7347
520
17548
16301
30641
16159
5974
19550
22699
17477
22501
16878
23682
27756
8369
3845
15630
14485
8968
17097
9131
26692
11695
2295
1268
30257
1740
11314
27086
19777
7427
4763
18857
18868
21472
26785
23042
23200
28533
28187
30508
22430
25412
6548
2641
24259
2143
1509
4276
20178
32461
24074
10296
12719
15920
15150
17702
11031
6565
10504
29995
16271
15084
17514
21408
1946
22729
10263
4878
9007
11433
7126
16370
362
27529
14788
8381
20610
17940
32238
22303
10747
13323
29727
9861
20253
3818
30711
993
2468
16329
15165
21161
1209
1152
1654
29474
12833
4110
26551
1502
4021
2620
17335
2179
24850
12925
32040
12239
12689
10777
9800
8921
12922
10634
28851
31642
18804
9510
20347
12459
25408
9471
32634
19536
24231
21512
27111
5302
9137
2681
5416
2425
15128
22388
6119
23145
31228
19944
17000
15246
5592
6326
29210
14954
13493
6674
17260
30845
19870
6700
5601
28431
27987
18704
5735
8233
13122
6091
17381
22757
6834
11472
8723
26855
25666
30618
3726
29484
13202
10130
27692
15363
13632
2610
6284
6232
24854
5227
24562
25144
11393
6980
25426
5778
16709
32709
9387
59
3184
21011
11671
5173
14732
12252
1055
25393
28185
25077
25043
17490
22843
32066
24859
7476
27567
2775
5320
27437
19459
31580
15854
29139
23303
27062
5110
12990
23679
28900
21231
4751
6170
6438
1061
20272
1704
8293
13557
11102

