100000

24710
30527
29290
24278
27642
18629
29551
1862
19313
3660
11347
8295
5089
23490
10466
28715
30596
20038
13898
24914
32558
12336
1816
26507
28126
7761
21347
28380
659
4732
18759
23107
3169
30532
24982
21918
1219
10504
27849
32456
9267
2093
27709
10757
9464
171
2972
17824
10304
10955
20120
8402
29038
26927
18144
6630
27573
10258
26188
30619
11750
8657
16731
29130
28806
19626
21984
11592
10788
21956
10744
12046
17897
19824
22335
2711
10353
26799
22084
20362
30425
31732
7738
31385
21530
4907
27888
28073
2197
19193
19203
13107
18415
20294
8274
4330
2334
8953
27826
11678
9412
5378
30947
20064
11708
1694
5059
28391
14323
26326
12226
14642
378
1865
29846
8303
12761
11820
6448
8988
9125
2447
6638
30828
27733
26594
7954
11500
5713
22967
10099
29286
16716
8394
19314
9989
7380
4158
11312
22459
28967
16937
25342
16864
10825
18003
1301
6172
6483
11835
3976
3718
24590
6747
20342
29197
15040
11437
6788
20248
7238
1134
27530
27497
20579
10018
14221
5959
6232
31448
3822
6620
30133
13743
24288
15580
5998
26265
26399
15207
7473
31583
14304
6193
9463
26598
19459
7904
22234
21168
5008
5301
25382
27301
609
23663
9906
18964
30492
4460
26993
2805
3685
24082
27460
28785
13905
4461
13074
18852
5661
14361
21531
29089
7712
15459
7561
4278
21502
20907
26696
754
12063
12045
30488
2021
6495
23872
7393
8103
26631
7101
7494
14620
24829
8484
31612
5493
8247
15068
11101
1274
29045
4090
22712
24839
29232
2917
14572
26453
4045
12599
6837
23163
13847
25446
10309
2997
16876
22947
3991
12771
3126
20610
1280
12757
8478
13276
21511
15301
30588
18546
29302
25125
15505
6354
18865
3484
2040
10623
10823
29259
3034
14412
7623
27220
5474
2825
2773
22941
29040
4449
24444
32465
2450
24067
13766
21928
19760
15104
9866
28265
15110
23924
16006
24237
7895
31849
18861
12133
22368
20216
26818
27678
14476
13745
9510
14212
24038
4926
30447
2341
339
6210
28985
30840
10753
1671
2241
14622
18331
12121
10416
11367
3519
12589
2484
11288
9137
14471
32597
29292
31825
18458
12167
17240
27210
19504
26747
15123
17549
32076
2235
26070
12030
22030
11638
1249
23404
8280
6936
9406
22215
23983
5150
26825
13965
3812
4649
12272
14982
7923
5457
30392
14001
29995
32187
6784
22910
29327
9070
25098
8765
24189
8290
28471
7127
1677
218
32274
12220
5564
19956
5392
9500
26314
9855
2711
8282
21984
23052
956
14014
21878
14920
20561
27242
19060
5769
18463
8847
29591
5542
3440
29664
24599
25100
22737
19783
14727
23566
12821
23767
25852
18045
15005
16643
16241
8569
27863
23053
31082
10118
29957
20417
21976
8419
1856
8034
20541
279
22204
17893
28176
716
4685
23133
16227
13792
2602
11447
21187
13242
25330
15527
8288
28122
31212
7394
12398
19124
24211
5774
202
1215
1362
8438
28129
32713
6028
387
8910
2189
1247
10216
21698
12935
14762
6812
19881
18439
7884
1933
2570
133
18095
19731
28207
28980
27526
3874
22151
27609
8914
11461
1864
16350
27179
10695
16216
4514
28989
24755
29294
15380
17681
4352
28277
28800
16526
7557
28721
2217
26175
3891
27428
16151
1878
12290
2227
16818
23537
21036
8837
21136
28829
6042
15404
27404
3352
19867
16391
5400
30812
12508
870
28372
15832
11669
22000
3167
22529
28672
8258
11244
25609
22799
21977
28697
17134
11102
15922
5245
19383
1127
22831
20608
29435
30197
25277
23664
2978
21467
14772
19665
1263
2533
11775
14324
18879
3599
31228
22987
9483
17141
27429
10747
20404
24203
32241
6195
2944
10510
28917
25276
28511
10298
4943
15186
18676
2750
21060
11827
14160
26605
18984
32629
25345
10166
24190
29340
30539
9942
7521
12396
16565
27468
29219
16124
5320
32013
27443
16396
26387
14074
5956
27032
12146
9231
15787
27822
1424
15581
30217
15996
5547
6458
25387
30637
21143
27191
5422
15862
2310
20562
22247
27627
14342
25069
27266
27416
21195
30207
31080
29773
20399
1802
15207
10809
10359
16973
6413
16954
12248
5946
19796
12148
24634
23338
19077
1057
1979
21840
26198
32039
30071
18155
4437
27632
3079
17344
7562
29302
23879
28360
22616
17821
13148
28454
31653
27078
10998
12635
14907
7585
17107
18621
27501
26434
1157
1318
6653
30584
10868
4329
31293
22362
26406
11018
2933
5154
12734
20910
26757
23871
15299
28880
3019
18597
29731
26934
2631
12648
15224
931
2557
25737
11657
9295
30619
4112
9236
21140
16220
10330
22219
26858
3372
14261
15516
277
22541
19498
4661
28829
15545
30618
10696
27007
27529
5645
26635
4898
11669
20038
4740
12172
17693
155
21251
8406
11560
6147
5232
25309
31850
29041
7366
19771
28523
19808
2144
12662
24038
32687
2676
10614
8047
20912
5853
10813
9049
19068
22813
11986
16343
20873
7330
3966
31841
24446
2632
22843
23386
12613
24352
14698
26351
12642
112
20932
1346
2948
4346
2195
22472
7770
27521
10530
10735
16296
9866
26738
13061
1690
1376
8750
12117
4184
31322
25057
5267
29402
7776
3175
25978
20990
16812
15778
26803
19160
31182
11886
18169
10569
20723
14038
21627
7123
31334
16520
2433
22955
12375
15750
28243
28432
7900
30495
32343
9180
53
18718
18041
12377
20052
7489
17103
13397
11677
15084
16253
9337
29930
16159
16599
8662
30418
20646
14022
28609
28715
25743
32621
31713
16333
9953
32012
11398
19353
23435
17188
26940
14010
19355
7900
4513
19755
4784
32419
22131
18553
24754
32023
10477
20939
960
4901
13396
25887
20074
13682
5581
31190
11809
24826
18033
5235
1515
23288
27555
9632
8540
10245
417
23154
21441
32387
5210
16877
6046
14396
31360
27595
16987
1863
18141
25721
8250
29228
25578
12899
3212
23367
3486
14449
23077
6002
7556
8657
8205
22494
23824
15096
15992
27458
21043
23523
12280
6712
14893
18339
31474
8931
9891
9496
22351
6102
28913
29949
23667
9777
30657
10532
19315
1805
23261
16643
18818
8219
10561
3952
7853
6023
13685
3497
19657
24355
1049
24471
4777
31425
2241
27988
12180
1504
9476
13802
31477
15500
7632
16222
9301
2943
31488
18413
12167
27532
1329
7317
290
3134
21969
14551
3893
4540
11640
5052
2613
27119
1148
15894
4666
31975
2496
13832
19563
15483
972
5064
27831
22320
18467
29604
1991
4701
15568
16707
16688
3980
6211
18478
10732
290
21339
11662
25355
4675
452
14136
22694
1520
1155
998
10517
20850
19151
6343
3169
13820
5411
26683
20476
7564
28305
13783
15024
16146
20569
31664
27862
19924
9146
13526
4296
14353
5640
12574
28569
14564
29439
22053
15875
16748
31063
29073
13728
32042
23960
154
20061
30122
28464
4298
11309
6502
5059
7680
5370
10727
3266
4539
737
21805
15167
18325
9886
32337
22016
15118
28229
31081
17874
17035
25652
16044
7199
31647
31301
22743
22467
19592
5448
4815
27676
7933
27824
10375
15968
14375
4748
32548
3380
20973
14265
10335
30330
22900
86
13611
3946
30438
31865
7064
17124
17011
6432
13304
27140
19094
7531
4416
21240
20378
2056
14513
10766
22620
24814
31927
30993
1106
21326
32529
12502
16076
9158
7730
28946
14202
22233
20967
622
17455
7068
15163
14046
4068
20145
27544
9262
15104
10617
10030
27870
20695
29062
9880
2863
13936
15439
7101
21118
30347
6952
32245
6865
3810
17265
24942
19120
8880
1805
24013
13110
13936
12566
18456
29287
22759
6862
17363
20420
23908
3289
28521
18205
2887
16554
12238
13735
26304
5692
24419
23886
30425
20994
25626
12876
11447
30496
28890
9979
20508
4571
30245
27111
5425
1614
1528
18984
16259
14175
12018
13807
30283
6642
4793
1886
11762
2141
15258
5021
19156
27163
30063
12330
24901
964
11718
8816
14033
828
7999
11676
26824
7211
19510
12972
23547
18606
3234
5832
22976
589
13117
25558
32316
1836
3558
22345
23521
32645
17731
21305
30773
5973
24490
26041
1493
24662
27458
23141
32698
4142
4965
2618
2492
28390
9545
23979
14932
2461
18400
13552
12710
32126
27388
10914
8639
28399
12727
25733
11291
267
23570
26277
14442
24915
29660
7332
10387
15264
16598
3410
3578
10845
18452
27774
17407
30450
23206
32524
5063
16003
30584
1352
17726
20187
1143
8058
16732
20387
8949
24763
10664
3032
9039
1030
2299
28540
23501
30610
391
3467
26313
12895
7191
16944
3092
2063
7320
17721
22933
28408
32729
16585
12083
27767
1679
16460
16886
7047
29084
2992
23144
402
21393
17107
21058
9607
7025
19767
5444
7468
15544
29181
10597
1206
6299
11281
556
5271
3218
3746
9054
18839
18964
19925
22233
21286
23457
16314
31168
15344
31494
27007
9432
179
7389
27875
13362
2381
21843
27118
29195
14362
31278
10463
26864
892
9742
8295
8486
19899
242
11284
19784
28432
29183
1808
10802
9724
7805
24331
5662
25054
23075
4982
8973
7109
27796
29938
10345
12675
20521
6408
6120
30467
19953
5658
6579
29148
6902
15257
13256
29477
23234
6777
156
908
11042
29154
14597
21922
7466
21545
5464
12921
16249
6142
18894
5233
7615
27111
8749
25679
22908
4589
164
3215
16394
16788
17398
22268
477
32273
22747
18557
28426
31416
31395
28466
23814
30644
26396
22207
6576
30970
2486
5864
3986
27008
25061
12383
32612
32425
10439
11225
29394
28676
31239
12135
19584
22327
1025
32260
6474
19510
806
5482
1744
4537
3234
24107
9010
26092
27709
8700
18968
19304
6527
15444
25334
24162
2072
14646
21646
2594
22399
22090
20918
12983
9688
6707
25435
9962
2587
30237
21446
28272
31091
9621
24350
18532
7140
16542
19758
28148
21553
13313
22633
27994
32509
5092
1579
12558
11568
31902
21570
1849
23964
30154
24493
15725
31201
2970
26787
9364
6797
4719
22488
4391
22152
18598
10491
11169
8624
19124
24195
9522
32448
3445
25259
9399
2166
21185
31163
32746
5621
19521
10634
5334
32360
24704
14913
22415
16360
17989
13409
26655
3488
27169
8
17603
2350
21060
2416
27736
11085
29844
3768
1296
8113
13057
31463
23401
6195
29202
29230
19808
23342
32196
29549
30177
4393
12437
13049
11395
5558
4316
4765
11634
20377
22619
23262
32172
21549
6679
6531
24433
23044
31336
18773
27380
16078
11596
10020
8023
9340
12032
22538
32726
27045
27346
17652
4419
296
17457
20317
19378
27923
13830
17245
21621
24771
31815
10979
5195
20045
31688
26174
32212
25373
23637
11747
6216
14301
2303
24938
8809
14233
2739
18393
25014
544
28945
9509
29154
19885
15738
18678
10372
3014
1131
31403
24848
21861
14602
26270
17670
25174
22271
28841
25705
4064
24197
4073
12915
15015
22209
6081
14983
28625
19026
4642
8551
14696
29225
3850
18087
2559
667
3403
6754
2969
20148
24718
31531
21958
13775
14487
12358
20239
3939
11723
21529
15764
2336
30447
17117
19188
11067
11314
24985
32621
30470
15214
20817
30789
21443
29099
25210
23912
15802
15845
23730
23122
27529
4367
28334
7727
23996
32599
23156
10049
3229
1708
12746
23939
10317
7805
14062
16524
7956
29892
13703
11445
24054
31812
26588
31614
32647
12302
15428
814
23808
12362
3805
14778
13713
7220
11137
32488
24569
19813
11254
20916
14933
22612
1637
29939
19509
30236
24590
18230
20213
15232
30777
20977
4171
16684
16240
21469
25372
8509
28395
19098
4756
28164
13388
16281
2933
1543
17805
23609
12207
26953
28982
2352
2098
29644
32467
7469
18688
8531
29605
24252
23430
15980
3992
23913
25388
10926
5749
26152
28715
4160
14681
5876
21662
13467
13414
21943
20445
18064
29880
11882
1030
19852
23194
23677
27100
7707
27642
889
14037
30635
2843
23268
26990
12179
1418
20837
28610
3411
3923
27432
7259
15389
32372
24452
23880
30101
23186
14811
26991
18902
5355
450
22565
10421
31884
11874
22268
4169
17092
26910
29148
1195
9176
25463
8534
13562
2040
17452
4916
29090
12402
28581
24917
22494
17702
12177
10936
22140
22074
32207
17110
28641
9743
30346
27445
23884
20339
13737
19258
30559
7192
9062
6719
2011
8004
29756
12261
26795
26827
24583
28331
5156
25659
21607
15552
2699
14422
9829
32534
12503
15045
1881
19128
3257
19466
16651
16477
474
12215
32024
17981
29796
13533
7063
5155
29891
17096
23805
17860
22701
7657
25406
26447
25951
30996
20021
12357
28458
9964
30534
24715
4655
32667
4162
29630
26727
20166
10634
7878
24806
23999
25464
19374
7264
28157
20218
1970
29420
14282
16768
6042
1800
16700
8217
9799
2525
8550
26072
16780
5317
975
27005
6463
15371
36
9809
13455
16114
6697
3154
4503
30968
32245
7056
25396
30811
19551
20183
24852
24029
2996
6542
24080
27076
4267
31967
6332
23078
29594
30745
31292
32355
26089
22610
14169
9203
31687
11088
2004
16482
15901
22954
26617
31896
6336
11306
6264
1374
30955
16502
20593
17694
12268
12527
21966
27370
28189
29658
28629
25280
27158
13758
26621
8973
2081
13068
3329
29551
5615
21765
27700
4287
28297
5593
13588
21071
6792
28684
31521
13424
16521
23838
18928
27704
31196
10091
16251
26754
24444
4944
8379
25653
25412
9103
7289
28106
18783
31989
12385
2056
22017
11578
25688
18450
852
22824
20495
5284
21430
5631
7896
27290
5153
29209
1465
19122
8938
28874
24511
13458
3759
32138
25749
21261
8587
6742
11605
15778
11403
19795
31646
29509
10086
4533
30439
29283
30824
20447
21523
4640
30896
8395
6981
227
2203
24749
32757
3092
18560
21715
32580
5412
18846
26832
14476
22478
19282
18137
13372
26013
22670
20335
3299
31407
22918
13375
11914
4024
28076
14918
8263
19785
8671
26424
3087
17491
22239
7715
30924
4071
27653
28495
27311
17471
561
8042
24008
20226
27395
10721
20180
11460
6222
17041
18006
6092
8137
6815
6633
5147
9992
27812
22484
31914
19371
5134
4319
30194
23510
13251
29797
27057
29409
12295
29355
28652
20048
32671
22896
18736
28421
6198
7877
19998
23220
31233
19999
30759
4504
7839
19371
26515
3172
20291
25057
2760
22141
9748
19804
19145
6246
16084
15081
24829
9851
23232
27614
14898
26595
31672
29869
2785
10688
15008
18872
30899
12968
23814
3687
32069
10841
28165
23160
26152
10664
24169
27031
5677
1723
28691
26927
27615
12664
28832
22655
29008
13373
1861
12016
14617
11474
6653
15526
3228
20892
3559
31061
20364
22291
26345
13654
15536
18806
2714
24826
24547
11965
10847
24094
29024
1231
6356
4095
30268
28661
3693
7504
18996
11662
8541
6282
30377
7941
29878
644
31465
257
25298
23363
27056
8923
9971
13587
32751
12885
18982
32214
6347
28553
22381
29341
8937
23839
6940
29045
31465
16579
29060
7556
20272
2006
26831
2388
28907
25700
14891
23406
13904
13911
24107
8491
21031
5354
16489
17351
17546
3168
22129
21431
18665
25589
7642
7740
25937
21
17846
16697
32493
13516
1837
12610
6093
7294
29028
26101
6630
18136
11428
8333
21338
21510
30904
180
2042
20518
27286
23449
15369
25341
11586
2371
7235
10217
18928
7205
10014
16919
15209
14066
31568
246
20655
29874
28561
10476
8932
5910
22434
13383
8808
28424
6798
8310
32578
13191
32304
7033
28865
15026
19445
9622
8290
18722
13028
31566
15349
27517
2779
23439
29436
3656
23835
32299
25428
18429
22022
20105
14615
2398
1064
16027
1472
10248
2165
17935
4752
30539
7121
25034
12849
25401
3542
10130
21914
16893
8401
16906
26674
20335
26381
26852
14136
1765
1365
10578
26722
20299
32436
4797
17348
11638
28031
7098
21748
28853
19861
21306
10092
3497
15334
12800
8751
6999
20274
8281
18096
9852
28179
1031
22255
20256
17982
27262
9957
25710
18694
9043
7458
29379
20770
24305
9909
30725
21935
9614
8780
12854
20089
14941
1692
15433
11638
16133
18435
27956
4499
11091
16748
11590
5811
27947
9332
13755
26357
17605
13515
28302
28982
12566
21212
24206
26840
139
6576
25012
29377
23037
5135
6580
9126
20962
19689
19666
13193
24512
16117
9975
2688
18408
26520
4356
2745
19808
264
4710
15291
16417
10161
28907
15086
15234
28376
723
5470
10485
10366
26411
28348
23281
25735
6230
6566
21551
27419
3309
1319
3865
13901
23241
9090
22912
12026
4189
11819
6285
12532
14409
27415
2298
6752
15149
22325
20353
27229
5051
23101
28053
13031
2321
26536
28241
25082
25413
12543
24494
9722
20033
19801
27640
29010
24273
31264
10115
24924
28154
22803
26266
3201
16014
20369
12216
31649
8445
27412
7675
21172
2414
28412
18389
27826
19470
28558
32261
28337
29608
7740
30405
5709
26231
11046
14661
18253
19768
24546
23897
7300
28802
22392
29550
32756
90
30641
10435
3642
31235
3986
31702
18726
8211
16163
5404
23977
14540
3189
6132
244
1704
18914
32734
10462
12086
12695
24040
9094
1061
23120
2666
21050
25246
26979
7923
2968
7384
9728
19587
26867
8678
20919
25083
761
22483
27194
5841
24978
23536
14437
28168
8971
7533
20603
17760
7795
1575
26547
25802
1349
9665
8947
8734
18504
4854
17115
27920
17332
30509
20741
22369
30358
30798
12939
27986
18805
29909
17354
29278
10294
17957
24934
22056
29501
32030
655
30131
3029
19697
18562
31953
32722
6195
10066
31710
6261
21553
3048
1453
20623
13956
9032
27075
30185
24805
10007
24259
31204
32578
21338
12586
13661
3089
27009
19004
9171
12004
25764
9023
22988
26941
17164
30950
14964
1444
2293
21264
12424
31992
24722
13491
28274
17923
31570
2066
31158
17232
6242
6967
1420
17217
21619
16541
24782
18012
9917
26669
31509
32742
12100
17515
17696
17587
14938
20466
28789
23612
7525
18206
21066
26610
20706
27144
28069
21714
27562
6839
26819
2874
25460
11156
29111
20731
13980
29215
22099
4527
25379
29153
21323
333
20214
13217
24216
19706
1395
7387
28955
20002
28201
23406
4995
29640
24799
14741
12912
22042
15064
28184
32216
10313
22870
15556
22443
31895
7517
31512
5554
3762
23737
19777
6845
2112
25667
12105
2813
29627
28511
7819
8111
20863
14537
30570
24058
801
2194
23362
13595
259
25445
12959
18367
3621
16143
8109
25776
24126
24638
29936
29364
25100
17801
1077
21427
11752
17329
22985
791
11933
14119
14312
29560
8314
28366
26232
28537
31910
13313
11000
493
20660
5080
31923
10559
13431
19879
18745
23056
21016
2760
23823
5409
13413
17307
17574
5236
20332
30154
14730
21422
30537
4050
28636
30656
14652
13759
22530
22982
19199
17206
10397
14639
1110
11961
17595
22815
5863
12839
21071
3345
30796
23682
5342
30913
12903
28917
24698
1865
3573
14102
14580
23946
19302
8296
29006
19405
24045
26404
24431
682
23763
2617
30746
3882
7952
19089
26401
25128
13596
3478
30678
26365
13571
18677
25027
27996
3256
23457
19867
27258
20139
30748
9840
21874
11421
1010
2853
8937
5299
4230
29735
9197
9418
20752
24920
19491
26635
12775
9292
8994
4799
29948
6840
25882
12388
30631
27943
5817
30720
1447
9711
4175
15029
23908
13412
17456
8342
18806
12363
17498
10169
29547
29074
19287
6541
21445
20542
19557
27246
25411
8356
20181
14199
29026
16348
6321
22168
17442
17523
27809
11496
25869
10080
24335
16188
16246
31033
1674
12536
29695
30631
2920
9509
1374
5912
23216
13764
16992
21683
55
30050
4397
25745
27656
12013
32719
4138
9993
22470
15854
22797
15068
26647
25565
13269
20740
3431
10971
28504
19785
27500
31378
7201
26461
24352
28644
2081
1983
30743
16615
8865
27616
7183
8750
23675
21893
2249
4427
22666
18796
10263
10385
95
8498
27191
24607
20789
29812
6751
24602
29991
7477
24985
18489
31905
23423
27601
4231
19477
23629
25388
26468
4591
10153
13724
12493
22730
14866
22706
2782
2532
19744
32691
31637
29647
4971
30701
11225
10602
27560
8011
21435
19728
20245
10536
15355
7183
32536
9569
30926
20060
13858
32174
16862
7813
24538
23858
2963
3558
7288
13904
17809
14624
4974
23233
25218
20679
22862
23011
3349
2651
27880
6484
11846
7546
4018
23488
10465
8531
32110
10743
28225
24158
18182
21059
20574
26699
21691
29176
13575
5176
21374
15692
3691
7974
4510
31081
15582
6318
3748
23745
15834
26096
17020
18850
19524
28877
24533
5898
22001
22358
5577
23484
27241
12163
5313
28563
1771
13097
23187
5911
25521
26662
2542
3406
9844
6366
20728
24533
7731
12524
9013
20782
27697
21009
19115
13660
15933
13680
5188
31917
32309
11518
7027
24792
6861
22836
31002
26695
19853
26375
22956
13238
537
27161
16015
18941
17077
10033
28356
22058
19976
25321
23241
3027
14880
2214
30654
9643
18615
15821
21960
12882
20661
13620
30131
9074
24822
22231
8667
21255
76
4045
20044
29438
11976
24186
17448
6914
3125
28421
7241
26771
18406
23564
19752
25944
15794
26519
20477
10166
25660
16459
8488
24993
28792
9953
8144
20914
21098
2006
4298
19066
28465
23907
18620
17431
15429
28079
16770
11268
8189
14660
7888
26422
15188
11711
26137
14948
236
28876
28080
3238
15699
22354
18222
14401
29830
23787
10515
24001
14515
12183
7088
27977
24131
9137
27972
23080
12568
9250
12645
11436
3859
29396
20385
26171
3034
19818
25958
27551
472
18990
32543
27042
13445
330
27808
26587
26599
22076
13508
32199
4441
30084
27732
24092
1419
23199
29739
11353
18378
29241
25240
20642
24193
11423
7172
15819
20736
5235
24277
23987
12925
15779
18066
6099
24152
8347
2631
9750
18852
13754
31275
11243
3554
25859
128
17305
4367
7702
10683
30164
28386
11358
30693
20365
1871
7051
1345
2574
22095
16451
14895
31045
30947
14612
6736
13408
854
31662
27883
11419
3267
16975
17551
9814
5080
28030
10746
18539
8409
11772
28218
13758
18664
2808
26642
25878
30339
6274
8351
11051
6990
29250
13115
11008
12051
20074
25762
8306
8199
15593
13652
14609
6223
26338
29498
28464
15554
25180
3723
6968
18673
28219
13809
12098
11364
10863
32232
20708
3367
8299
5991
17738
21382
12248
22979
25481
8980
13195
9168
305
25842
29365
22601
3361
18253
12890
31090
19616
22057
31493
10235
28329
4445
26297
2344
27013
9183
2858
22575
22176
8258
21549
9954
16533
26237
25198
4493
6027
5870
16993
27170
16324
13983
3963
7827
28275
26823
22433
24192
18638
24980
21217
17426
31077
30247
17248
1063
12210
28129
4499
27055
15857
30941
30898
8277
18738
28605
22378
4707
16300
16554
30931
24031
2388
11670
27041
9466
9902
16324
11678
15788
12771
5259
26968
1176
30229
26455
21526
22325
4335
31984
1553
31023
21120
21503
30433
26891
20297
16078
16438
26635
22676
19023
30920
14673
20232
5728
15249
23622
891
845
12089
17981
6663
22678
8658
24404
9056
18675
3269
18075
24676
30614
5388
8569
25588
25264
23458
31307
1795
22326
12856
29261
25324
20965
2090
19134
17929
29060
9137
2367
22145
24169
31578
15229
22369
19262
17335
7695
17391
29445
1364
10914
13627
14426
20204
20819
17910
18936
22493
24924
26759
28799
9946
25843
25436
26997
4320
29807
26494
29578
9323
17581
30057
28704
21737
29874
1050
15882
31343
24209
7785
12692
31147
28559
27289
19908
10266
19334
20526
8928
16506
16263
12286
30256
31619
18371
25227
5893
8402
11436
28816
1275
9254
31575
14810
19322
8910
23845
32345
13955
21858
4770
32119
17577
18866
5549
8104
31325
30972
9946
24131
31343
3682
18964
23952
2002
29082
30343
27938
21664
27112
32189
25191
16989
27977
28166
381
30592
28657
29726
26695
28207
18424
10
12225
24651
31057
12611
14224
13484
32251
19990
20446
20910
24187
19019
13668
30956
11913
8453
5064
4171
16906
1513
554
31803
11838
12674
11770
28473
27451
19684
10252
21144
10650
16528
2030
11394
12400
27288
22905
10042
22400
4
2214
7587
29102
7539
16291
20742
15287
19206
27430
11280
8992
30585
22786
14106
31084
11923
9464
8622
26514
3777
26575
1350
13742
16894
23718
17750
15095
32245
28810
12429
2545
20330
28740
18264
11492
13526
18548
19369
1676
19537
3044
32246
11026
6325
13334
11140
17723
8705
20511
29157
23520
29947
5560
23488
2974
17946
2195
15056
2254
15266
11243
25391
32183
8977
29279
11221
6403
5562
24576
22619
24688
20656
4777
20485
7112
17381
9359
17920
27667
7315
7448
14056
25355
20187
25585
24462
11984
25261
27227
4343
11741
2023
32453
1448
32571
13761
32416
7200
25332
22888
23151
6823
32459
22505
8221
24646
23338
26449
32660
10007
11356
786
32139
15295
15356
32681
18591
20024
1710
382
25766
16340
25101
23308
8256
4734
16100
5697
2222
23875
23456
11560
20456
27154
31493
13765
22761
24768
29473
1345
24142
9039
10366
3655
26399
16240
18844
32429
32237
6470
24222
24663
24093
13165
324
16728
2947
14395
20761
10075
2099
10310
30702
21058
7315
21030
21126
4620
26037
30588
4499
13308
7652
17203
26337
19191
21373
29957
4818
22319
513
26177
26122
4350
16743
19404
2923
23316
32695
22886
11844
8149
30932
10799
20677
7677
24729
4714
26295
26758
29480
16000
2154
7627
24447
17224
20974
6637
16461
901
17029
10358
5891
3761
12377
31036
32045
23801
9323
23689
3
3208
13004
2680
23099
1032
8975
31138
34
7782
31998
2298
12779
17366
19852
246
2119
5144
14347
12272
12086
1529
10143
9675
17180
8220
13555
21209
1047
12026
5162
3580
21392
7208
7961
17932
12304
19161
20403
25209
9045
7587
16068
5938
22182
2438
31459
12229
16739
23082
19361
5575
9696
2920
13575
5750
20595
23564
20288
11165
19660
32217
18066
19384
1413
1742
6035
1369
506
1960
23449
27082
13915
27560
14706
2804
6656
1430
20053
4223
30716
28166
8985
10299
11764
5850
421
21951
19762
14344
16040
25936
20981
31134
19338
1540
25867
32515
9378
20262
23458
14207
28585
13533
26972
6141
24174
12297
14497
8720
10700
7534
23865
23605
14553
6164
21786
8024
18529
21229
2942
23961
9875
13753
4665
17999
22265
16679
1354
27469
12974
32317
19632
19301
22731
31993
12415
26155
802
9785
29490
15611
4911
25816
26179
25918
27467
27162
11513
4072
26659
4426
8578
10821
3689
9889
4161
31734
16585
5482
15721
26167
4639
16740
26827
10339
2023
3944
17388
19897
24820
24907
3675
10336
13414
2310
19521
32169
31958
30484
19258
18325
25555
10268
26979
12183
24978
5584
21173
9882
1249
12053
10385
15942
30557
7012
18331
10111
4581
19824
8140
31279
5454
10505
21187
10822
23384
16448
3164
19967
5089
27596
18820
6500
25177
17068
332
13076
28534
13582
25660
17988
17193
20080
9705
30212
31440
25349
1225
5571
12205
11354
1095
19222
8599
6457
3347
31925
31215
21710
26556
12998
15062
18696
17792
19551
11933
8258
19299
11846
27517
2595
21374
20219
16265
18370
22682
17400
6368
17166
16381
13367
15911
13678
30084
21493
27447
8612
3570
19894
9746
9463
25480
15497
24604
25489
24790
7053
14216
5158
28112
20148
27920
28374
13092
10439
25065
853
10187
4778
12790
14921
7390
14306
15932
1523
15276
23636
15254
1554
10761
16207
6569
8964
18665
12237
22043
25647
16685
13814
4096
1439
21180
30182
28565
4336
6614
12208
13873
32111
16037
163
2680
7036
17173
18892
21714
20275
25318
24507
16412
24139
14848
26506
12957
21821
9478
1308
21307
18345
4141
16035
28398
28662
10319
14693
21110
29242
8763
13247
27721
18009
3152
24682
19152
3440
24138
1789
19154
22132
15195
3507
2609
5654
6782
20591
29396
21994
18696
26877
29156
24265
31615
19611
12091
25204
24752
25272
22809
26745
27388
30971
22553
603
17395
14471
32612
2797
7716
126
3365
29951
22834
18883
3901
27964
11307
30725
55
21331
18966
15353
12414
20053
13515
27366
20429
94
12808
28519
10984
7544
5824
14189
29066
27068
23734
17283
6302
25275
13899
15190
11441
6172
5268
11124
10408
30598
21424
20564
9390
4032
345
4759
29041
3862
29112
6285
29582
255
5758
4347
21321
3838
19504
6939
21634
18630
4546
28645
27365
14241
24168
12429
24160
16658
2473
32333
5082
7353
31157
16228
20002
24952
3064
13663
31525
28116
27631
18583
24933
12190
19515
11515
16806
3794
13812
17423
16618
32703
25151
24629
11936
104
21027
19756
31513
1323
6296
16854
29243
6304
2785
7998
3705
12996
19228
8409
30723
2903
24856
25100
1081
27522
21862
23791
18790
17085
691
18001
6827
752
4437
27388
57
2008
20771
29241
32707
3501
25994
10647
18740
31490
30685
15849
7069
492
25581
1422
30321
23654
4826
16373
27380
10228
30760
28255
8689
9351
25877
10727
27051
23201
9770
6848
24599
27833
7953
29887
3400
6113
22694
7449
555
10150
13648
23917
20340
24888
16274
18437
26840
10699
18141
12633
18557
27708
16041
25300
26287
504
5060
27355
22996
8986
27625
11788
12962
8659
916
7619
26767
29967
7701
14307
27273
22101
15331
13267
10216
30447
2868
198
9633
4172
18122
31040
29628
21410
30480
28630
5896
31959
18789
31029
15117
3234
29112
5989
16450
28142
19029
10831
31360
2687
9726
18813
13239
4823
2110
27426
18144
32091
14330
31834
26418
178
24649
20146
26521
3438
13190
32491
5732
2798
17571
14587
317
23426
2751
32085
13663
27601
17147
19306
20483
20856
9354
21872
29467
15604
6920
8546
29251
17090
31501
15176
19445
16324
25857
23736
17148
23783
18994
11677
11307
30211
18467
567
17486
26627
20008
14947
8801
2629
16687
9757
6656
22340
4577
4931
8735
2164
30954
26779
5115
10605
19860
29208
22096
26188
10907
16985
18637
6486
21821
19827
965
23519
6800
8432
16423
7787
5912
23832
31664
3090
7321
21359
11615
15657
10794
28286
7722
32030
10891
18134
14831
10148
27832
2387
27821
24848
2750
4766
24564
11779
13006
25589
11418
11850
1680
21807
21680
32514
1209
10234
6580
2048
12512
24680
776
14448
28046
1706
10403
30395
15508
13851
5639
18351
22945
7552
22899
28890
25363
21645
4953
6710
1294
10924
6674
13068
23243
21243
1489
7698
31283
4499
14550
26838
23981
19984
14308
4704
8244
12110
26356
9491
16300
9328
32299
10197
22902
32551
19210
10864
5442
817
4581
28983
12836
3871
9110
1004
27115
16988
31602
9185
7854
17515
31100
27998
1703
4464
3289
10307
19012
28658
25220
3054
18556
29663
27715
31327
30048
13008
21466
30362
1778
3471
11902
23117
25657
13015
1164
3763
2709
16218
379
19640
23889
7944
24592
10334
4983
5007
26320
27487
14312
1054
2235
788
28587
31343
32311
1429
31366
28932
27211
4642
8651
22193
24589
4290
2421
27482
23646
5417
6003
23038
2004
26847
25924
13300
21752
159
28612
12661
20146
24830
31046
23387
11009
13901
20962
552
30191
9151
31249
9802
26821
3535
21367
13726
16763
25564
21503
16946
11890
11542
28461
5711
8806
23710
10672
18871
9374
12521
2871
15403
29029
8806
25222
6448
32446
9568
4041
18707
14676
17189
18728
29483
3504
20072
3483
30046
4526
14052
14848
29926
25138
16450
29803
27733
2327
8253
25021
23255
32616
18436
22904
30904
8147
23775
3025
5414
7514
9238
19975
311
21068
26127
244
11310
31604
3254
17890
21754
13200
289
30111
29951
17157
3189
3540
18457
6096
16387
2194
5598
31168
10423
21038
8228
20194
20915
20815
23236
1085
23095
13637
20637
28352
8900
32412
23003
14457
21889
30193
1913
11784
19933
1285
26628
82
9078
9744
2466
20090
23610
23896
23892
3085
2507
28929
24440
6012
22056
21287
10642
5328
17291
29226
20811
24729
9101
25417
14522
12071
2448
7027
13283
11261
15454
10841
10109
11651
27406
11208
1273
20731
10536
25398
18367
4790
30217
13723
22459
13960
21384
30082
29976
5241
12249
13663
4427
7613
9906
5155
14676
11751
23981
14350
30016
31833
32750
27588
16627
16895
7429
4516
548
26429
28437
24917
8105
20005
19510
9121
7669
3310
18201
24711
25823
11425
17131
13195
4773
16406
32379
14929
48
26399
23198
20842
23193
4611
24531
4974
30189
6446
18211
20043
15661
32038
2635
25308
25497
25281
16157
17086
15150
8086
16932
95
21614
27313
29831
9559
19295
1419
4399
17148
26070
28985
23852
28976
26357
995
14165
12158
15347
29304
19247
23654
26139
8864
27409
14068
17944
22770
21893
7832
11375
5992
27120
1329
21325
16399
4214
18283
9603
20483
22808
24395
30415
18075
5663
9480
4445
3297
30142
4637
15501
28997
24307
15004
8439
2962
5550
28869
11693
7456
27189
18135
25279
16716
30663
25382
9477
549
13951
23150
32536
9576
25724
1127
29602
17839
2623
32409
17624
3045
7764
20850
21828
7421
3125
27542
1480
4067
8811
26486
13536
32691
11254
20260
17191
3626
14575
21094
16669
27226
23148
8969
10791
12193
21924
27511
20695
12507
4692
5004
24686
983
18529
18342
6047
24840
12478
30203
8342
11133
15760
13872
10809
13587
7568
20263
9902
4842
3761
20248
21277
5653
17412
27107
27831
15510
25304
4516
14071
11913
23333
32136
14119
7071
7979
4832
18727
3278
32342
25716
29034
32327
10085
15386
4161
21929
5579
25223
23132
2164
28245
6500
14989
1728
3854
31653
208
15919
22112
14358
649
18720
25979
23094
4108
7717
25083
5449
25442
21432
31428
17833
27723
19497
13361
7261
7551
24027
16239
10476
7993
19376
24867
13683
2806
8642
11091
10486
5242
19028
3715
25588
17429
28424
1566
19262
9764
31314
25624
29961
5082
19756
32722
11329
31041
32011
19518
15904
15483
11794
6467
17920
10830
23942
1123
27501
3040
12419
23707
18047
18878
6893
32138
24166
16419
29352
26070
30279
10360
17164
3276
7239
15383
29843
15174
12005
29780
7381
27602
19596
3006
2743
30224
24936
9378
25311
2396
18298
14545
24683
15021
11495
13987
3554
10685
13462
28476
2666
363
1273
14862
12092
22365
14635
29087
10582
12009
26684
11661
23407
9014
14025
24015
7216
31902
9935
11069
9377
13655
6592
16723
17122
12627
14551
25906
9499
11620
14249
32231
20661
10660
9470
29168
6603
21268
15838
32252
11995
12419
30447
26867
3266
5810
12286
14646
28391
10165
17883
20264
4022
24988
30314
2285
19792
83
19191
21362
1664
14023
31946
19629
17394
842
2043
23334
415
9017
24712
24246
11404
27100
32165
24206
10420
32397
12115
22652
29506
17949
29236
5482
13572
31603
13726
10024
22813
15222
18414
29547
31738
2094
23839
28693
18055
1829
25499
29878
2466
32532
6992
17747
11728
22715
8967
14951
19246
10001
28657
10792
32171
31389
25475
30475
18805
1060
29572
26506
9137
19076
6245
11045
29551
30688
30160
12455
7901
509
29059
12714
30906
12780
11359
5981
8718
20202
4540
7301
13337
28804
28928
20674
18057
15359
21872
24852
9712
4342
4166
18845
20084
26949
10499
21673
32457
28710
10246
2795
30556
5274
28510
30985
14801
6923
5597
28252
23728
29231
30829
6385
18267
20271
30119
8915
27204
21769
1954
13452
18268
19251
12297
233
24271
10113
27249
15870
21486
28488
6377
12138
24172
13252
7890
9692
23502
11703
7665
6102
5405
15443
2498
14257
3294
19290
1295
10978
26948
25732
15810
18043
20131
28705
15096
29941
15912
26879
20822
10540
19656
1934
12704
683
18038
10306
17799
1834
4505
28985
20163
5461
26301
31518
31842
29903
12424
333
27232
10103
10224
23863
16247
24554
172
20744
23864
16713
14824
25992
22107
19516
26429
24383
8020
7478
1504
3805
11559
24571
12826
217
30332
7264
20728
20567
2806
16466
579
8527
13505
2842
28338
1516
22634
15839
18015
21298
1780
13677
888
10468
30248
20789
17719
12453
21292
19348
22292
22621
9047
26456
14393
3038
10052
5760
14134
12744
29733
32323
30198
28585
14170
31828
27121
31081
22595
4453
11428
28646
27730
21738
12350
4827
12644
22047
11421
18950
593
3660
22648
18826
31169
18503
17118
21906
14146
8507
24799
26935
31384
1705
9097
17572
2388
21932
10774
9847
4777
32641
25699
13419
1402
22342
14756
22324
3255
27906
1879
3499
9706
6630
3190
31531
1549
8659
5361
13627
16543
3612
31067
5229
25847
9612
18147
3206
1495
9643
9095
20446
24388
8509
17028
16906
3733
10252
32017
32185
4299
7143
25420
29148
31520
22251
22901
23050
8675
1793
5466
5666
8578
25256
4114
9522
32233
6901
16366
18327
19466
11991
11949
3174
6589
928
16367
19979
1995
26305
15341
25136
19013
23765
29286
225
795
25058
2525
9965
10985
32475
20225
30607
31764
22633
6253
24909
5142
6890
4753
2593
16150
26555
2032
18135
8636
10162
31117
8630
13635
26351
7071
13410
18896
7637
2700
22785
770
2899
19477
30365
714
1128
28878
27849
13949
23782
27090
25224
31271
19830
26292
31850
1571
31452
20409
15864
23272
636
12356
6738
7974
12317
9617
30743
9234
16622
9638
11397
1021
22470
12935
12770
3884
1712
19882
7450
31460
4519
16298
5801
1732
20126
2111
23227
3160
18116
2670
1170
11498
32005
18685
10537
4507
32212
18218
1303
29107
7208
24989
16821
21302
32708
13210
5507
14776
26812
23675
17352
14193
19509
14686
16249
5268
11884
26395
30044
221
24058
8313
365
873
29782
19617
21377
7371
16283
20946
1833
20316
31115
87
29401
466
28628
10678
12874
28693
403
14379
12316
7758
5655
23124
29376
576
28903
5934
12437
22235
1798
24128
28497
19982
14709
26646
12963
5342
6394
31473
32279
23989
5920
26557
11833
25852
18559
21315
27901
9195
7229
8096
17758
9632
11477
2550
6726
12911
3607
20577
1198
17786
15473
29741
23814
129
4460
27718
29655
4603
24953
23535
15783
16741
9966
8631
30237
5594
24140
21161
32357
19172
30659
30148
31446
1938
504
5035
29650
3018
29189
28317
32238
18401
11457
30374
11603
4713
13635
19991
22629
28746
9377
29237
28066
8981
20221
23598
24780
29076
14787
11857
29514
24230
18220
16765
23500
16969
15111
9946
4398
30969
31928
29128
15519
7481
14977
24085
5890
32623
20992
9843
13716
20468
8697
7977
2511
12140
10582
26888
6287
6483
5996
20641
11380
23769
12672
11701
1927
6128
12682
22253
22560
26787
568
32203
29959
18601
31798
1761
9433
18234
2221
12865
29869
5409
19722
10292
25080
5907
17408
15919
23470
29247
26576
2050
24234
18214
20936
2387
12624
3757
29449
6987
625
19824
19086
23183
28526
4442
15466
12658
13729
28019
28241
21097
4856
26616
19802
14015
6627
3761
8451
30089
31857
9599
20342
1757
4790
9013
14091
18239
8303
28840
16653
20316
7657
7690
4545
29691
2078
627
31140
560
31777
31169
3061
3026
8637
13474
32371
22576
10585
20207
13928
19712
24863
8252
9958
25496
9566
31405
25681
32353
12332
19467
4381
12936
3151
21782
2009
23030
12126
27421
26221
387
32547
30669
24224
1894
17988
11079
28637
32240
23586
5237
28214
9851
1026
5021
31401
6301
18283
23350
20642
27041
20430
29435
3266
26679
877
28991
20703
16490
26997
24192
26956
7123
6509
30526
22362
4620
14804
16397
25886
32104
20998
8170
9845
2017
29536
29899
2886
1106
32164
22138
26375
26599
671
31650
4483
30673
3337
29994
1242
32574
20140
13251
7369
8584
31177
3005
23339
7340
18871
11039
21952
4095
32461
13814
12590
6940
20866
31981
19781
26913
8403
542
1671
31771
24549
16424
12520
19646
1772
26498
12242
4698
2891
1551
20332
18186
8957
19698
17180
15407
22323
26787
27979
21276
10814
8002
21608
11795
21680
10540
26927
28017
23998
30669
555
19749
4841
24245
12409
13926
8926
21229
20944
6566
24474
13451
958
9409
27601
22148
23604
10619
22417
14530
2885
18473
28707
10358
18987
12974
18226
15024
15243
7081
13614
21805
8442
9709
23283
14703
2495
26674
26278
17939
24282
22794
8160
25184
28742
14102
32527
18460
26492
16761
21529
8099
17208
21645
16450
8762
16511
16085
1871
13984
21729
25139
31723
15334
7676
30043
2891
30337
27201
31112
11278
21406
16123
14446
13415
30389
32652
24175
23421
17761
6650
1297
27154
25967
23723
16816
24163
24884
22893
3184
1872
26148
31162
4982
23229
20897
10297
20056
2872
17
13191
26065
8412
4659
20024
17338
6517
7347
20505
24373
21477
30204
7352
6444
19142
5709
21287
15610
25168
15887
11004
31079
19837
22118
8860
26074
20076
16390
25274
26570
22019
1096
31514
3190
18137
7292
23707
10966
24403
17281
13428
25041
3853
1428
3262
18096
15227
614
22067
22483
14288
5489
16181
1954
29726
22667
31762
29639
10175
13500
25734
7323
31477
30029
2689
12509
29645
4385
11819
16810
10825
7753
13093
29353
1981
9170
31506
31367
5498
15841
18775
1955
7850
18435
5150
23818
10619
446
26273
15269
2944
24940
14501
27569
7508
2377
24388
31344
20864
4810
31472
30
12958
9264
1717
551
3263
1118
27838
17815
17931
8423
17435
9682
10919
14956
7106
17285
12252
11045
30419
8156
29301
31677
24096
30710
29800
14947
10988
29846
23993
18462
28403
539
17564
4192
7595
25778
16602
24287
23242
23754
20085
18336
4616
28616
17295
21844
15398
10492
23944
29160
29999
26324
10599
15704
18430
2128
19323
18116
21248
3766
27202
23493
10811
1927
16521
25089
6799
21169
6869
28413
12860
6406
17410
4659
12965
1773
9514
1381
20308
8024
7368
14128
24125
15094
20765
25572
23879
1961
467
12435
28936
7226
7393
31848
16592
29772
6830
23610
21482
26766
25977
29793
21534
30517
20472
9417
22906
28842
24383
15173
9043
23679
27620
8229
25222
10920
24161
12554
30979
1256
2745
15865
21133
21641
28511
23727
15035
20560
23379
1588
21571
9904
16270
12979
5495
6206
12192
26505
28176
5733
21912
27548
31275
14939
23844
5614
26257
10323
6649
27250
27195
13045
28021
31006
30998
21259
12163
13121
5123
18301
7872
11031
23074
29055
7132
29082
16208
16649
13378
1692
3054
17799
16379
3859
2533
14035
5839
17844
742
2656
8366
22979
29687
26808
17743
12329
6699
5928
32535
15047
15536
10681
5436
23050
22543
4451
16682
31935
3760
23166
17190
29225
669
12153
10801
8785
31879
29646
21295
8350
1038
2869
25416
19621
19773
8473
16783
30018
8020
1096
21473
12776
6347
27374
784
26165
29843
12996
19009
9162
13471
29061
21907
24153
21923
27042
29698
9727
28700
14134
24714
23509
27280
18748
9871
5314
8471
31488
9596
7827
9754
25043
30635
23373
91
8963
16517
26305
2613
26122
9706
14946
22054
14086
30931
17236
15498
28009
20789
7877
30377
27378
8489
28800
27380
18140
843
1983
3724
14677
18527
17985
4
23345
2107
32157
16232
3552
14817
14038
10110
8093
5867
6191
3147
32745
20012
23873
8921
6200
18836
5450
5688
7402
2900
7112
28099
27260
26179
32583
10404
17152
5504
19063
12955
32714
30553
25473
5627
2925
28524
30107
3829
14310
13324
6363
25624
17686
2791
11336
10265
11126
14565
5687
18640
32518
10579
24277
3972
32390
4160
22784
30312
8937
3111
19803
30565
17159
2767
23457
14362
8082
30064
1593
14114
27467
26647
7179
24213
9077
30795
29843
8145
19594
20209
12851
31866
26414
6509
32462
8383
12641
5642
30354
29407
2040
16284
13589
15340
31822
23652
14500
19920
29239
29747
4056
19085
23093
29138
1385
28873
23535
29602
15943
4489
1246
3968
32231
4925
20298
3563
1243
9725
5493
24681
15782
3346
17686
22310
11214
8632
26376
23007
20787
29474
20292
10238
32158
10175
2317
25607
15517
956
21354
28210
21903
14538
16857
21082
4603
25377
21826
19733
15910
22468
8490
11301
6116
10247
20777
3599
8110
32335
8862
17673
32757
14362
9889
24857
32438
24895
24633
9596
11599
29814
4815
27973
19089
1306
21731
17222
2838
13870
15102
12595
15316
8863
12008
2565
29427
6856
18202
13213
17116
23355
12918
13226
9107
8383
3126
972
1606
15765
11299
28922
18214
5120
18183
2593
29045
6660
29540
25101
2528
19053
26214
10381
21264
10003
32023
24274
16508
12381
26066
11033
2945
30212
32250
3978
7860
9497
14315
2143
19319
14154
7473
21832
32202
10081
16633
29198
25188
20237
14020
631
13059
20965
24931
13675
7424
14762
11807
25428
30246
10188
4152
27595
13252
16432
20625
5744
22529
12593
1449
31513
18800
31973
18381
13616
18660
26529
30092
26198
31110
12223
7276
19532
12068
29342
23003
28180
30412
25323
18536
9299
3482
13343
19763
250
14798
24393
22946
23077
14881
9486
30038
31812
16218
28910
9310
18296
9244
457
32170
15424
22274
31649
1474
15188
10990
18081
8632
31953
413
24414
13914
663
1151
31838
18349
2543
24518
11479
11415
16498
13245
21688
10972
16422
12380
10733
3916
5865
3865
5855
5690
23827
24320
9787
14383
8023
22278
23541
12000
8170
8859
8076
18014
13031
23678
7055
20109
14835
11221
13920
16599
797
14205
2104
28193
3847
25503
29291
18686
587
3460
15342
8227
17944
14762
22294
23836
7196
26647
13474
6973
10663
749
18428
10970
15885
6975
8380
21691
22604
26659
15726
29130
12270
15368
31637
11023
17713
25674
18672
30174
15462
9988
31227
8271
2199
21286
27065
495
10604
5831
18097
9397
79
4028
12598
31288
207
19049
3820
28958
16450
8919
14216
32472
10415
15367
24279
29069
21227
390
24578
7763
19457
26434
19984
16293
18903
23452
28076
6162
4879
8126
31785
11570
7724
31279
26563
11998
11254
30628
23848
24224
24863
11802
20023
2921
8998
13857
22023
30082
15484
20091
7723
11973
3046
24037
10548
19213
17186
18229
9848
29931
30925
17317
13074
15003
4484
14191
11306
10038
17482
13466
30327
31784
15913
8211
24321
7909
10524
11519
31020
3800
6701
8784
7666
30620
10971
7830
28784
13167
16830
19992
2980
20964
20078
18212
15733
30424
31904
163
29427
9638
8850
5872
14817
19615
28330
21227
31601
9396
6234
10057
21582
14710
6214
6190
11743
11585
11177
16637
31947
3507
9972
27759
18616
19555
23481
29410
24921
12240
5576
21236
25767
20632
29592
14417
31342
30443
7656
25801
26892
27710
8869
12198
26485
5444
30479
3900
20603
26650
25880
24769
6989
4802
26636
25183
15677
26066
15479
5000
22726
22381
10052
28554
24013
12915
14370
13923
32551
17909
2860
14294
8540
10476
19912
21694
9898
26154
2767
10915
15437
9360
495
7563
3326
8066
3662
13330
31930
920
24688
31165
20932
918
3931
23436
28397
14751
17657
13006
787
10405
2493
29241
20968
29220
29577
10554
31220
5136
15312
20874
23518
17164
248
6914
1767
13532
14082
10672
20151
28445
2924
31274
28252
28211
16470
24610
23696
14468
17125
21307
13626
12772
229
32283
23608
17231
16818
17346
15708
10974
1624
12058
19892
2036
13561
207
12815
30648
4975
20320
11964
21961
21811
28023
17557
29997
16509
2678
7997
25994
11949
16722
14501
6296
27626
2468
21973
31702
14857
16125
16617
23164
31408
12922
25689
7089
17595
31385
11134
12543
26846
30027
19538
18692
10636
12363
24184
6762
10776
11181
25468
23321
22811
10938
9307
14250
23061
1787
2118
24351
12887
14740
18595
30418
15648
3796
9813
2732
11014
14345
1085
19863
4247
12185
2816
15926
18497
9038
14859
979
11119
22770
2517
6041
26357
16668
868
3587
28334
11337
28947
5268
21603
22062
3218
30665
1519
15181
20014
17740
13985
27847
16723
24170
30690
22129
591
3783
17688
11049
18776
31568
1738
27499
9937
32114
20740
14879
21705
16009
24829
29621
16837
10140
7671
15220
14527
31047
8551
29455
19054
8184
2646
20602
23496
6239
8199
1531
32198
30751
2010
12420
29287
28362
4720
64
759
21260
25616
20332
2961
4134
31817
7016
24547
1950
24793
5134
27953
15157
28622
13634
15772
21274
7403
7882
16549
21597
7757
7777
31981
7078
19535
8198
3902
28711
14506
30874
6863
17103
16609
16042
3780
28097
8156
9610
25845
2052
17106
3747
15856
8572
25965
17677
32321
31513
14633
5985
20721
3918
7166
17352
13132
32453
8766
27224
28135
13649
30656
31137
7906
23332
23614
18818
14699
26178
16124
22594
7811
24629
15786
24027
13061
13314
2700
10649
5860
6237
32216
32228
25012
27161
22112
24154
2156
2786
28016
1058
20586
6190
25082
27772
29623
3697
32496
13724
23181
11408
24818
15800
3606
11161
7977
14432
18551
7857
31603
11790
17933
3918
24000
6654
15350
10662
7868
6719
6100
3431
26030
26123
27853
5800
7583
32340
12759
13087
17856
19615
13618
6037
8454
9237
26933
27032
2327
22743
28238
12656
26729
24979
32325
10324
8104
14165
7360
14045
23129
26527
12556
14266
5822
3259
27930
21158
25849
8272
9672
919
8563
23604
98
8760
11903
7553
6505
32154
28987
32235
2195
24614
5559
5968
26130
4055
24154
9617
13593
7846
641
31393
22429
8005
24680
30939
28505
4623
1614
1945
20500
7744
22228
13826
26406
27489
19623
35
15417
12039
8542
27202
28493
17085
23462
26222
22527
22079
2204
14427
10762
4585
9338
19309
17166
15726
30326
12051
1424
16077
25575
11606
25922
1409
32426
12210
2181
13816
21188
26148
9005
10567
14152
25732
28292
5404
9852
10773
25233
28660
24887
18267
5274
25998
24973
5676
24295
28575
24750
14346
13769
26311
29708
20144
19931
8132
1468
8939
30600
26854
11295
11691
21453
31682
9409
14170
17984
14123
30337
364
18514
13662
32499
11832
465
4733
28418
23302
19121
30527
31450
8297
31243
15333
16645
27855
9830
14192
11475
27990
15158
3857
22528
30945
1954
6625
12177
12652
10890
11474
24575
20380
32713
25317
19607
19610
29367
13726
5665
24098
23026
31158
29888
30935
16479
5135
26905
19674
16235
31469
2231
28826
20119
22370
27054
11758
11315
23306
29055
9569
17257
7673
2876
15308
13182
6386
2285
1579
23637
4057
13361
10153
5173
107
21033
22013
27339
26925
7825
30713
7539
31906
560
4704
8371
5313
2163
30457
25352
31398
22613
27105
11494
22152
13441
12581
16890
23531
18107
17040
10162
1559
14972
962
13567
30920
27356
20610
20314
22823
10165
15190
30981
13049
22022
15440
5267
15895
28565
16938
426
6174
9689
22934
30472
18023
11286
24271
15812
5178
27850
28020
12758
8510
11848
662
11226
13364
27299
1296
14353
9701
24269
10262
16041
30809
5376
23569
318
28234
28253
16810
4512
14040
28628
21285
9687
383
22083
14321
28004
3653
13794
30333
19402
3640
10462
30797
7245
26647
20804
5196
25338
13648
12833
4964
3815
2858
9192
25420
12732
25668
26643
27553
20594
15934
8205
14649
12635
16310
11088
29620
19299
31350
12490
20819
14997
7659
22406
32014
24033
11738
29320
8928
540
4430
9209
5734
15944
3541
15236
18344
25878
747
21503
31287
12201
31159
29774
29304
1437
23797
14212
3391
1608
27956
16460
30111
14143
17729
31624
27905
31772
739
30263
22900
15231
26568
19100
3652
21843
1728
26781
718
20051
20777
15721
27538
21708
6314
32349
27018
676
22821
6953
17339
155
24294
6958
24329
28369
7457
27179
26703
13961
18587
22553
25775
10540
2727
20563
7207
4241
24660
3066
4709
5243
31205
17304
477
6499
11905
9219
3352
31864
22572
2693
6735
20709
11254
19513
3384
594
25202
3256
21280
173
17514
26613
30010
22826
28625
29542
9527
24712
26873
23141
30742
21143
19463
6613
17214
2807
12963
7944
20426
15138
8692
19936
22564
16812
5323
12853
981
1738
30238
24695
21915
530
8121
18837
16316
19841
12592
1565
21147
27074
21272
23716
14729
6061
14966
1896
31197
27407
120
32052
10311
31401
8803
16772
2145
20859
15821
32746
19079
1346
23820
30384
23529
5695
26606
29887
31966
31802
3243
28351
4476
1223
13591
28544
24677
26312
23580
26521
13283
12083
22376
8271
4408
27413
26979
21944
31279
13015
12132
15392
27895
31424
16420
29867
5681
19644
3699
13628
26952
20316
25641
10134
4865
15901
2400
17345
31315
14061
27616
10672
17272
235
23259
15904
2372
12399
10971
3779
16566
19530
22008
16798
31437
22607
27726
5039
30876
26898
26798
10964
17825
9455
15764
16104
19539
22094
11865
24111
6394
29478
18602
20724
16067
15808
4665
24688
4884
25278
16050
1262
13085
14427
497
16173
1968
756
21106
8454
15186
25288
12297
18766
22162
20220
17107
22270
30361
16866
26220
6033
20995
31354
30050
29870
32749
30521
26858
25863
13647
3594
8402
25729
27789
17811
26551
14229
11080
21433
1912
32246
23162
25958
490
22644
25794
5001
16846
9760
3836
10591
22528
7345
16149
8178
6385
16422
9501
29407
11862
32173
31390
12891
28962
28100
19501
30328
8114
414
318
6053
17480
8136
5693
20596
24507
29708
15578
11425
11373
30358
22180
26959
3452
28245
32217
10900
32317
29348
4220
10808
5606
12330
29097
17338
29578
29950
29990
404
9803
18447
10554
4032
26059
4036
29378
14203
12003
3039
12161
18505
6296
9895
21176
4665
30026
24902
12278
21866
5167
24432
26674
19150
14080
22085
11543
10798
4082
25209
20127
20847
23528
2482
18147
28947
27879
27441
14386
25091
14538
25525
4448
2187
16439
10396
19552
26790
25041
7756
31509
20348
28079
28113
5734
13865
3342
7623
17297
16832
21058
12923
961
1167
1267
6477
482
25765
32389
25433
29364
19346
10968
4950
15134
878
306
701
20678
25885
2425
8750
2270
15312
16806
6417
18753
463
30582
2169
20414
23159
27234
30029
947
28030
18898
7593
1502
1919
25486
15746
29297
9138
5749
1673
2404
17146
23921
20306
12559
13350
1706
15798
1784
12656
27386
28790
29418
30538
14754
27680
28743
14427
11323
20279
414
4804
14063
4494
640
27303
2280
21237
19344
19946
28937
32023
23770
17720
31452
15523
614
13897
22476
5546
9996
15204
26773
5961
18825
5154
31480
29319
18387
4980
4019
30848
29866
12007
15536
17348
11120
4903
32637
4346
22074
25026
5116
2761
6695
31791
9052
3320
7665
15
24391
8915
7873
22706
23901
17617
18248
2525
18146
6517
32011
6091
12467
15730
6142
12401
12159
22290
14421
31239
31795
30936
11927
10947
15542
5989
10740
19944
17623
5784
8408
23039
25476
12793
10176
31844
4156
17496
10829
15877
3270
12977
14998
25959
20260
32339
27331
14826
18371
16961
25816
3149
22516
8153
13518
10356
3232
24243
30952
5225
28982
17356
27716
16546
3817
25572
32689
3458
27673
29988
29888
18977
8206
25604
12062
4176
20204
12140
12320
8664
8675
20505
28832
11011
4007
12099
3336
3678
2336
28797
30636
7612
24162
4828
9565
25726
28639
11611
26682
26386
32731
19070
27850
31674
14369
10038
3400
8335
14325
22789
28478
29381
15945
8034
8022
11056
17460
25695
8044
17415
7071
12425
6887
11241
26178
5648
13642
10781
30927
22312
9990
22558
32364
19374
7315
21591
28775
18959
3006
4651
13861
5990
29509
27448
348
8932
14497
21981
14978
4213
6179
25849
4486
22176
23362
29942
1725
29615
18740
10759
31
32273
1467
9133
16051
5116
21058
2432
18504
28247
25896
21804
6502
6870
19292
32186
13188
8551
2090
26641
23419
6349
26452
16572
7227
28298
13669
8941
25021
26115
21058
12482
16441
4831
20994
200
15256
21168
8191
1214
9004
2517
22573
19867
21919
10143
19115
20690
297
13746
23960
4820
13318
30382
16680
23254
20776
22543
10743
21461
15657
15186
1437
16088
22403
23130
23938
6774
5123
19217
23540
25495
18555
26194
10102
21375
696
5639
2139
16136
31411
20110
3220
31534
29963
14178
7623
27345
10675
18167
15777
6583
744
21989
23660
2257
18535
27977
32228
4031
2780
21608
8262
30613
25501
8598
6571
13024
23704
21079
24468
22244
5259
11971
27846
14888
29555
31791
14680
23605
838
17161
30986
31386
16612
11268
5080
30515
31051
14453
3279
29611
1803
23037
19232
17984
1019
11625
31091
11206
17193
23766
28541
23279
10007
27929
22997
23753
10276
31326
5123
20104
8008
10254
26842
28806
10500
18423
11529
9864
13465
31911
26604
19779
4985
23320
32424
2335
7419
20371
5494
29242
14930
18894
6975
16816
28352
29784
13162
25626
12295
31542
29170
5460
8993
9679
7611
27012
4400
18437
27942
26455
10424
20133
28899
6030
24332
27393
8454
11706
1542
8667
16477
11843
27131
16773
2561
13743
3054
839
23852
17697
19460
23553
23370
14368
6200
16401
11347
18330
29520
24183
23895
15913
26640
5943
3419
16788
15533
12543
23651
21913
31365
4618
20688
31722
7692
68
9964
5493
778
11439
16068
26856
24836
3589
7222
29301
27639
20127
11594
24787
27981
20885
19142
25477
26889
4903
9980
11870
9029
26716
7911
22085
6622
25064
8566
27446
18030
22099
8488
29577
15482
22360
17369
11383
30701
5772
17628
13274
28613
32064
15689
32564
16653
31655
18072
17395
1547
21308
11119
13555
11706
24670
6841
14661
26491
10045
4344
47
30471
10234
27612
5747
1192
15882
23572
24788
15785
3804
10596
8151
22794
19387
31992
24775
21625
19189
9720
32763
32126
15421
3164
8284
6902
31822
17922
15393
19138
19409
509
13021
26560
28033
15921
30908
3066
28557
31517
19209
798
9277
25079
3572
16687
3545
4350
14227
12665
16839
524
27686
29130
1779
16234
12191
19935
13172
23273
20578
3869
3436
23342
28489
29826
13103
4942
18667
26330
20136
6299
9246
15670
6137
19133
2490
9626
27490
8708
10656
1526
30308
14332
4347
26967
16422
15938
5574
19807
4375
22423
7055
25587
32213
1843
5498
7475
6478
10843
27016
3503
4645
12342
6425
1239
16215
989
21168
26548
24606
23729
20727
9174
4885
26865
11011
20110
18589
1676
31192
17501
13440
32307
30512
23723
725
29875
31096
1468
21540
1666
28956
23777
17610
16791
19204
5867
926
29055
23647
19685
15316
29102
15263
259
22050
31251
10948
28629
21794
6639
30430
448
20728
21734
28877
28847
22068
5719
25420
30214
11258
28393
10798
5336
17760
20582
20198
21593
25111
15309
20045
32406
8782
5538
27552
14179
4563
5257
13512
32661
28283
32275
7135
30834
11717
9688
18927
31590
1466
25286
3837
23032
32023
28344
4934
23035
18094
25674
11720
16905
27658
20204
1028
2605
2898
310
22275
1248
11375
9596
8599
5175
29041
15521
27619
16218
9775
32560
30749
15416
29486
21672
11411
16761
14277
21784
24300
13492
20350
2284
25777
2275
18110
23303
3340
24852
17065
28946
26575
19297
8256
24083
32183
10273
3788
25409
24051
4448
10624
13079
9440
22157
21594
27303
24599
24691
24650
13617
29609
4459
14998
19956
25769
30159
11133
21572
11499
22705
26651
9693
31756
4301
31628
13175
2482
6589
19284
922
23829
19820
15102
22452
11711
20941
13060
10089
16784
3789
3823
26154
27652
16518
14015
18185
4793
31157
26509
29387
23339
10862
28527
25663
26050
32526
24732
24271
14864
11122
32721
13141
18515
30310
29171
18224
9282
6496
27893
4502
23814
18543
28668
811
5766
30318
18113
3027
18407
10621
23607
12997
17235
29618
8303
29922
27386
25611
1464
23876
14167
935
22794
3097
29365
13110
31141
8114
19953
31919
13301
13271
12929
11585
17337
27486
30133
19339
16740
14332
20797
15887
32451
21594
17644
13796
5857
9323
17852
12716
13608
28670
24081
11462
22472
11151
9026
20165
4445
17251
9301
12064
3532
7380
13834
298
24173
16873
16412
15429
20848
27433
28611
5203
22649
23473
29565
22126
17038
17285
9230
32217
19763
7204
16069
5430
20691
13151
5378
14329
3170
22634
21749
18460
21569
24372
20392
11285
10338
28148
24640
10501
30124
18692
22656
11570
1697
4339
5774
7863
26430
9942
10234
634
16418
10974
7676
3935
27891
18736
30461
443
20990
18672
16729
17164
13597
4511
23396
14823
7646
6824
29867
22065
225
31029
13436
11666
14978
71
10664
15399
7352
9990
26503
7543
5181
10582
29757
20905
10480
5802
27708
25332
23927
17181
32522
32598
12840
20159
10565
23177
20266
14124
20452
27699
6615
10084
8383
24157
14693
31190
23634
16422
20166
8382
27837
20664
25548
26801
28176
30332
21905
18806
3014
13962
15894
14616
22415
16484
8490
13625
32083
25059
24718
30377
30835
30577
15190
824
11858
11385
23698
4552
4628
8220
15662
29862
13733
16934
23831
32282
27645
31808
6047
4924
24739
31591
5923
24842
18544
11676
11243
26552
3990
18397
2641
20551
10465
26709
13350
16473
25148
10448
4433
8260
25206
13681
31673
1893
13382
15271
16998
17079
653
17757
26595
10659
27100
21617
8166
13594
822
21096
20530
3298
3095
10336
6333
32557
20404
4933
9998
5744
13701
2120
22762
16754
6401
15757
29231
16804
20137
11044
27136
21424
31303
6203
4898
18004
6776
2194
9126
29553
28008
7727
24521
20319
4829
17234
27672
644
3959
12459
2776
16677
5430
9163
18596
21883
13628
23001
23640
4106
24276
8838
15918
4654
20404
8002
14887
9975
22911
689
429
7734
8334
25688
118
24024
14320
31901
30891
7539
16047
23790
10826
31
25173
30784
2505
135
27311
4027
18940
25408
13009
22451
15672
9049
13146
26843
20921
3379
506
20917
11585
31634
27185
23629
11266
27381
857
23591
18110
22307
26598
6262
9261
5895
29165
9870
22943
10941
8419
18588
7906
12269
3240
9365
31078
28760
2499
26476
8863
16048
25328
10376
11691
5549
19416
8565
12341
11613
28959
3546
29337
31420
18851
18347
27464
19844
3331
29599
2415
70
29535
20965
4819
28346
8799
1811
6399
9812
27511
29023
18850
1303
16233
24081
7731
15022
31499
13112
11990
24505
29002
24988
11395
5989
22127
13045
18021
28479
28833
18522
32384
29002
12715
23804
12695
7246
7680
8468
22093
13940
9468
16666
14218
11792
20077
27960
11808
31934
24914
29950
7599
16560
26595
19287
14534
70
13521
1724
20554
19423
19918
12711
12828
12784
24400
32587
23286
14675
7570
14466
32662
21985
14044
29959
12575
2882
15109
29925
8380
12804
7222
11823
18054
4843
11504
25330
28584
19592
16209
21352
30656
14093
18835
24686
12681
14944
13269
12856
17080
19054
13086
14148
30499
32194
21919
3980
20264
29270
9272
14336
19789
29865
32062
2611
18212
7441
3196
25685
15730
22355
1143
3425
32655
2161
31991
10647
7696
18115
6850
21293
28836
22601
25771
11074
13116
27456
27083
30483
32367
15603
7439
7537
7964
8916
2547
6259
4433
10699
18060
12136
8811
16334
18124
3343
32383
7090
29954
1547
11513
22337
13216
9105
16515
28556
11329
18020
15913
8067
4074
30211
32698
18626
11408
12320
5489
24238
31707
19541
27348
1985
3882
18451
13021
26914
31959
3803
24408
20601
12988
4784
10124
12289
20982
18636
25117
8415
30696
24210
13873
24498
6275
15044
26578
30571
19909
7926
17300
3679
16512
32066
28023
2458
3677
22078
5902
31350
20768
13099
24801
2669
11054
4207
27409
22828
32076
19526
22842
232
10665
28084
19869
13557
2079
22462
8063
11925
28598
15577
20684
23566
31082
26275
1792
1535
24622
9681
2887
24307
8752
32360
5603
12599
18271
25649
26831
7913
28971
7014
32162
10322
6027
4530
19125
27766
5957
17241
25480
22504
30058
178
30818
13795
31775
10206
31032
22423
5283
9908
24528
17857
654
22779
25895
12414
25687
5852
9743
4449
7449
1942
31516
13251
2967
3188
1985
5978
12925
22525
17591
24846
13801
1386
2462
19975
21033
17501
23015
23819
12231
27855
30961
8711
14530
3914
2418
30699
21279
21849
15385
1211
9376
17982
20850
17379
17364
17378
29449
2764
31312
21522
10194
15276
31803
2535
26568
6818
14608
9094
4821
30978
10655
12298
20210
10990
16213
20927
4495
31526
22718
28817
22581
4384
24392
28868
21610
32092
29258
16869
3797
24562
17220
23040
17826
23917
1897
28947
2600
21979
8794
4291
25033
4645
28213
19534
28186
23453
17614
13505
24644
12758
11836
23915
15275
4792
22680
1169
11213
2259
15617
13411
29036
29684
5603
28719
10991
16374
2681
16853
31750
32219
13201
15227
22669
4892
23952
16769
30387
29500
11189
12471
11355
6051
162
13518
15298
10666
20504
25357
21346
4851
15874
27973
17687
26619
11957
263
14465
24818
11382
10004
23721
21706
17980
14101
23783
27278
19384
13197
7427
29941
2707
8715
154
11319
28919
13220
16835
14879
14672
20896
6899
19553
852
25204
18462
8495
32321
23281
8991
16903
2149
28602
24410
24783
26596
31483
10400
2851
182
27224
10579
10222
11247
18724
15306
29495
5187
15060
19190
27710
15305
31155
9798
27080
3839
11735
19657
18615
10511
12371
29587
26845
11600
3758
19297
27666
23056
25236
18816
27524
14481
20940
30698
5967
3665
19050
4275
29774
29582
20294
26787
11312
13066
26796
27941
9166
22284
3413
14687
19387
1959
6038
1699
24349
7742
6872
31750
1212
4680
11592
8526
1625
9041
31184
30994
4673
25665
11845
1564
15138
3041
6626
16402
10780
11931
4085
15190
14107
17794
25304
2090
23397
9874
2851
3352
12911
21048
20256
24721
31989
14869
32383
26068
23113
25855
5707
12561
11244
5192
24861
30414
22363
20035
26512
2699
23083
29189
17652
12449
25688
14441
13383
18288
27867
18007
26977
3001
29818
13381
2670
31817
27364
12029
23969
8408
27133
5537
32551
14384
15223
14573
13146
4498
23714
8125
10552
5461
29829
29903
16659
16592
28717
457
11145
6522
14661
23422
29879
23376
15079
9069
20394
26231
10418
650
13846
12323
15389
16706
12363
15031
23562
8377
22884
22830
25247
22870
29634
16825
30033
25217
8633
13225
9025
26539
5768
13456
15820
3727
21391
10403
8029
29368
17852
19043
21638
31300
22343
17789
23376
26599
18847
30958
27855
20019
27556
9322
1273
18454
22
1279
7352
6820
26701
9462
19005
9238
26411
25338
15256
15379
4176
29820
16261
26927
14220
26453
20617
4018
29850
26285
22078
32154
3851
18204
4331
30691
26240
7696
25432
11525
11036
26735
28385
12479
31289
1149
13768
25875
13146
767
14288
29842
6497
5025
15623
16857
5123
4245
17123
28764
9592
28029
16272
27234
26743
3467
12169
2129
10849
17638
8550
15660
30141
2384
13300
27738
8420
5639
14987
19625
13565
1768
31644
31890
16684
11994
15754
11199
28167
11626
5563
32202
25930
1971
11758
2632
25035
18561
29647
7686
31664
27574
26312
8594
1247
6380
30747
18685
2486
29019
12590
28896
18941
29949
5157
19613
15896
17137
27318
18919
31873
14622
30521
19845
4982
14104
15359
11602
10991
2119
19685
2953
723
14662
24361
30527
8555
23689
2940
30257
17943
579
30296
23488
29760
26502
21139
4410
10893
8364
29237
13147
6746
17143
22919
10516
29542
20852
2156
6026
6091
28965
28148
22370
19508
10334
14895
20284
14410
11632
575
22397
19311
2181
27313
2898
22959
3275
19470
10994
1267
27861
1452
29475
18040
28222
29386
3583
11392
143
13788
248
8264
15202
20004
15386
18489
1992
11138
11920
23138
30953
13453
1130
29478
6122
29410
29085
17458
10004
22973
11851
12211
8242
23238
2117
9157
29242
15661
11727
18990
16944
27384
5539
24652
13128
10396
10296
19276
31307
27339
3651
15517
16443
16014
18559
31396
6202
30611
29865
8626
3240
6344
25551
28979
1932
11049
26059
31016
6709
30421
28171
15319
26657
21096
30099
6080
14621
31877
15940
3540
30382
13234
23390
14306
6320
105
9028
850
17725
25963
28287
1045
10192
27224
18438
29660
17322
13437
29372
12680
17781
8685
26683
21730
6184
6867
13520
10893
16682
3334
21702
11321
18362
17886
30440
18712
11150
7751
18497
4758
11962
11539
11558
8517
30420
29589
2935
17942
18774
14443
2593
23503
26435
1179
27111
19641
19470
30434
23395
8345
21431
24904
30279
9954
3127
25848
13801
4393
13854
79
7935
4569
14459
17203
29350
21288
3068
7590
4778
23114
24918
31898
31489
10980
1767
10503
29848
16067
20890
7484
25939
9678
3340
17523
24911
25145
14061
22695
24938
21756
2472
21162
17157
20100
6726
8306
29960
6056
3471
5555
30247
1758
10355
19124
2148
30127
16297
23899
15829
10856
19094
18569
17064
2579
7536
17838
2148
9893
3747
27796
13937
32121
2932
1407
987
31229
24548
16760
24147
4268
13783
19686
631
1596
3957
28766
26963
14104
16593
13244
12071
29456
11464
14195
22378
16719
18733
14369
4624
8334
11811
28775
26121
6024
13513
19703
25866
10670
26909
9966
19599
1051
21274
30821
14369
30410
23332
16194
18644
3591
19878
596
26133
24611
16890
11424
31650
25452
26761
13045
22746
24668
1075
14279
5431
21521
4849
8506
7705
22269
27064
21884
20933
23519
18337
4440
19373
23282
9288
3336
17906
15716
15729
25419
13351
7433
10226
28344
31576
11345
26573
4434
27466
23160
21404
6748
23813
2044
18226
15983
6800
24404
27007
21961
29692
9695
2484
21736
9635
6427
22440
13144
29618
11287
31610
13513
7909
14635
20601
18532
5778
31718
18240
29279
3049
26440
13093
29647
19066
11313
1749
9406
31224
1050
17464
13438
11580
5123
9115
17468
25228
31660
13837
4056
22814
25864
1801
6389
24536
10223
342
2124
346
22035
6956
14661
12606
17205
3480
9160
24222
23961
6945
6224
4055
27319
10668
578
27533
31795
13213
9342
21232
12559
21567
1075
28989
5920
29542
30199
25735
16574
21587
279
25527
25280
3031
3371
1490
3752
8636
3566
3706
23834
24928
8525
25528
7315
7587
21438
4344
22615
27651
32467
31573
19371
6918
30223
11031
5445
26585
30200
20090
16129
14134
2413
22962
28117
21898
22842
26667
19975
600
6634
17173
3997
19160
3037
12576
1814
30693
16794
29572
18007
4886
8293
5189
16872
18218
20245
27061
22112
8105
1824
29498
16926
27592
31736
29521
26426
18573
19610
27347
27067
5685
13155
22904
32267
23763
26662
26521
31656
25657
26749
23866
2075
795
6748
2631
28206
26994
31980
1054
30042
27167
23446
23630
19839
2001
14173
13470
25304
18728
23154
21586
11821
6171
18946
8873
21834
12439
2643
10922
12209
25192
26895
3104
908
10845
16864
32228
3813
26279
28988
17754
12569
10883
27011
18238
18570
29977
7751
5537
6293
20387
14826
7982
19396
5841
20847
25522
26180
29548
2698
20956
15513
17979
26617
12865
17040
2851
12311
17314
18037
30609
8623
27762
27783
22557
27406
9619
32425
29031
5980
609
25690
26693
26156
31217
22247
29985
16721
21914
9695
26268
17651
26805
8136
14199
3555
30114
29456
15284
16940
25612
6983
10488
2027
11373
11915
32308
24160
7380
8003
3716
3396
23270
17936
13144
7773
18210
18432
27089
5457
9578
11525
24430
22968
11967
15014
12775
1908
28749
26357
26201
6469
7079
30657
23460
8600
11347
8716
15377
1440
1673
15807
12857
28328
29496
24989
25890
26024
7498
31606
32682
19734
29737
14493
18217
11518
6018
21148
1362
1365
12361
5157
18778
6795
23293
10828
17501
28767
1837
5620
17661
26359
28731
20871
5708
11824
4960
32491
17900
819
18160
12721
5492
27721
22239
10639
6934
26352
19077
4368
21887
15406
14238
5258
14079
28453
18069
25937
27626
31208
19458
32042
24638
19597
7025
13826
18565
17027
30565
2528
12797
550
17052
3865
24055
31377
22165
1219
27773
29619
9040
875
6711
25766
31829
9739
5520
1083
14071
16182
12052
18394
32218
28310
26908
17545
32179
10904
10926
9802
20303
4710
6559
12714
17111
7190
24570
919
28754
29472
24742
882
12651
6934
8002
15205
26740
10895
24404
2807
14508
12901
16035
26589
5053
9504
20193
8467
16521
21169
29325
22572
16166
19556
280
9447
11815
17680
30279
5890
5406
16784
12504
2643
14431
11639
1128
276
23046
10240
8852
30847
3131
7492
8031
27547
30900
32688
5331
30805
16764
13749
10732
23250
24307
4033
177
13060
7959
23151
20388
18555
10753
24827
10844
16510
12210
29688
15729
31323
8976
18501
408
1531
9772
16957
10767
26809
3014
302
21052
9332
4627
16140
11921
13539
15038
22631
17586
30505
25644
4251
28378
12202
2052
26183
11899
8732
17135
3072
4644
28641
2460
22854
12968
12436
12040
18358
2941
30946
8188
20610
12898
17307
30679
15903
12868
28936
21133
17981
3427
20608
32752
32764
10929
26678
31790
2653
12922
28501
20891
30454
7754
11855
18353
19691
12
14705
853
14361
17519
14780
31836
14484
29838
14320
27726
26196
15055
7657
6762
7467
12043
25134
10474
9466
11760
4552
18312
10789
16292
11344
28480
6724
20907
1612
2904
14620
18443
9660
13214
461
10670
19695
23537
10316
27655
10139
7426
20244
8697
20013
31324
17689
4596
4958
18850
24574
30561
20487
7960
18055
29504
8502
25445
16209
28687
19585
30360
22465
31982
16026
1128
30522
25602
22564
28096
12947
23
31941
27515
29640
5513
6269
20076
18927
12900
3894
161
30062
22986
19100
11240
1132
32405
23086
10643
4997
4414
22933
8057
1730
9470
4405
28221
20168
28722
1283
21715
3663
11268
26006
27967
13270
5960
6016
26272
23445
8356
17630
8302
3508
31732
11566
2816
11450
9964
10081
29009
10312
8447
2609
4099
18439
23168
28341
7588
8927
7944
307
10289
5738
32535
21557
27608
21160
31998
27103
1794
19956
252
26495
12177
13622
22695
10086
19814
11355
17805
7415
7719
29442
24348
16125
17983
16760
19391
27714
29478
29159
5450
32349
29410
18890
7320
32459
25806
30628
28786
12865
26522
6386
2995
28225
26771
23646
16042
27884
30756
5173
18368
4887
18333
19739
24411
23712
13364
15614
15106
25346
842
7752
19393
12840
13295
19289
15311
24447
2471
11828
28526
5967
13422
22648
3347
5195
14843
22419
20679
13671
1090
6450
11981
9705
14652
29691
2437
19395
16362
10367
32400
28704
5784
28266
3893
22077
24159
25085
10243
13434
16365
26047
19384
17329
3465
19567
25954
22726
18001
24380
1476
15487
24262
5177
4091
13718
29323
2315
6498
30989
17258
5604
178
29890
10648
3254
110
10307
22842
30880
16510
32739
8487
29101
11033
26126
1776
22717
2281
32473
25630
4035
10346
16861
26810
561
5268
26182
10003
4529
7865
21799
3259
15126
16304
5649
27859
1938
5171
27107
32648
7721
30854
2019
31454
2405
1881
12558
10413
1356
32752
3501
7656
27023
22401
2345
30501
1028
31198
8224
15962
30550
32083
21688
24037
29180
19922
15668
17616
20839
4941
24773
8274
1408
22372
22178
20121
18513
11840
23386
28358
32258
26303
20585
12858
20744
1489
23050
21264
24217
4386
3917
21482
1891
27897
28777
27889
14461
20832
5971
18967
16542
6789
22160
32416
1421
30816
14919
20960
11736
16790
8090
18758
4809
28061
22070
5017
3734
31265
41
14722
31448
16295
9205
14155
29502
31089
9442
25574
12419
1185
5528
18737
3997
6817
6380
20856
6456
2753
17659
28219
7522
14114
15477
7218
14216
22740
29244
26767
20129
20283
19246
23427
26025
32439
4670
27651
20561
643
29386
24780
8181
13790
27945
17061
23758
22633
31107
17380
24425
20945
19685
16691
24151
22701
29844
16276
1063
170
15266
2979
8593
29669
3776
24091
20468
23448
21075
10652
6147
15353
24266
30124
28858
18271
5934
27387
10904
27815
19962
29931
6920
9430
27694
7247
7200
17407
3743
32627
13453
20840
3473
2910
31694
10984
8839
23123
3745
30611
8282
23454
10171
11674
29065
10381
12476
12140
20688
10940
24418
17441
28668
30613
13053
28441
253
1304
26147
27360
21821
7128
10404
19285
1840
10822
13760
2828
25133
23858
6808
2032
31868
8591
16611
13101
14256
29559
4578
30797
6966
7791
17814
8096
15663
21227
12848
12258
11643
13589
12233
4888
5910
18634
25683
699
2984
24293
3024
32536
11607
26561
4290
22007
10976
20217
2274
31867
16870
17522
27156
16457
15242
5788
2971
5100
5947
500
18313
31353
22479
6606
20602
22126
9939
11857
3970
8160
16928
21443
7780
17878
26543
28423
12805
16112
13231
27491
2336
3404
9428
32135
13114
14761
15089
6091
17369
2509
25545
29625
17905
30245
10787
21707
927
8876
23324
26741
30233
24333
5569
26470
29158
29196
30941
23564
25418
13346
25360
12886
12037
15719
31009
29885
2877
10934
26261
23173
25784
15883
3201
2880
9294
24111
4764
15253
26782
14744
3736
1855
2049
4234
13747
11352
28348
27267
19593
3032
11642
15062
18732
4953
19449
14486
23414
29725
13315
28085
20382
19281
18592
16749
32522
8083
32138
479
17252
22451
737
12539
8176
3766
22816
6303
5405
26913
24912
27139
21082
20340
15739
27732
14890
12788
5476
32415
27771
14765
4981
28913
19252
2744
11769
30909
11533
31674
4235
17533
12963
26285
14798
29340
29132
30435
8543
28564
27431
6215
31240
32596
32248
27623
25655
30180
20019
26031
9390
25419
20695
30583
13179
14001
29309
27969
14123
7361
3121
24251
16443
7505
6784
23052
22735
15429
27346
11212
15526
8624
13051
26708
19790
3389
18188
6713
5780
6350
24943
14867
30527
3682
12595
21379
16894
21820
8868
31604
27294
14914
5663
31648
4992
6051
31012
22358
3915
8124
30125
3451
10974
20285
11198
15312
21385
19079
10558
1906
28028
10841
5125
28327
28287
31660
14902
26583
4324
30427
31951
29145
12986
12807
18558
31089
13636
21178
4279
14358
28842
714
259
28664
4077
11393
22683
10561
26912
16890
9269
21659
9686
5070
18974
30451
20439
31473
7305
17021
5655
22998
26151
16633
24040
14554
9463
29492
29806
479
26464
2513
29779
7991
32637
6985
13245
453
184
31537
20093
21086
15258
5820
8330
21109
11233
31360
17581
12280
3283
25981
27517
20597
2003
3419
7822
22401
12594
30707
17382
27738
18247
3601
30128
715
26562
19320
565
11088
12093
12327
10247
11899
30484
22235
25215
30614
9591
21717
23146
4746
17341
18141
20224
16640
20219
12167
2838
27333
30422
2741
14996
28019
16021
14941
13352
3918
13435
12429
2876
6508
13139
31404
32294
23833
25164
4610
5279
10361
26375
5499
631
28271
32239
20647
8839
9662
27849
13318
7654
9070
907
8835
4960
29810
8050
14398
21283
31367
25679
28302
700
20575
8226
16711
15682
14591
3305
14648
977
7782
25786
32760
4666
25455
31760
24803
27641
3320
22115
23391
13672
1604
26875
10852
11570
1182
5
25915
23049
20031
31207
7557
16540
26738
19665
7808
13763
28918
2708
12678
8445
9892
22200
3030
17181
25937
712
18839
21824
6390
17649
6682
5122
27663
15564
352
2802
13632
14967
21212
13379
26686
31722
18809
16580
3565
21640
24799
7186
1990
29429
21490
267
8828
14632
25756
12935
15327
23233
20685
11331
0
13724
6336
24606
406
6310
31359
21384
12704
27887
18089
12599
31308
29953
29299
8987
280
5745
2797
2197
21559
25011
28039
23780
1846
19506
27091
25056
735
20640
12428
25322
3166
27019
13272
9251
18338
6706
23754
20956
14598
31126
14891
1102
2609
29652
3194
11147
5690
13745
21297
30645
272
30327
16202
4462
24090
5120
12034
13967
10778
13584
5853
3869
7255
26088
31722
20089
4859
25367
25416
29910
7866
1684
23273
17648
29108
2826
32662
16892
13725
6515
9267
18906
3355
21736
32325
8082
17519
22711
31665
31230
30040
23735
9670
27332
8756
29656
13694
12680
3177
6398
15617
20319
18947
32272
2667
28294
24223
20811
10191
29268
23431
27869
7292
17261
19230
9391
21375
11321
27519
9858
19305
22932
31841
8253
29522
21447
9278
8325
22813
951
12468
25999
3326
6237
13867
3634
24122
24694
21176
24897
21806
27772
6209
7959
3731
3284
25058
4467
23552
73
6288
19847
19888
26297
11004
23627
2438
19470
15546
15639
4942
24432
20643
30321
27206
10938
29304
10532
8157
24106
9160
22930
19386
1116
4115
25418
256
12921
19503
19165
10449
2220
9451
25070
26129
5845
16627
29065
26220
31106
6643
24246
17562
17179
4351
32077
24545
1372
8755
1291
19676
3848
31638
23782
17276
12764
31556
12446
11852
9410
22733
1173
16121
22088
32216
15328
11281
17232
21004
17566
31755
9737
32304
24200
392
4382
27280
12234
27864
19245
31907
7186
5824
32378
22508
4582
26746
4325
9758
16954
1278
14361
10883
30274
6016
7687
9374
30597
27450
10643
17936
15923
12395
16268
16312
22968
4768
4066
10782
18321
1074
17171
19730
11358
25360
7143
2704
9017
23230
24925
28903
5959
10142
9445
14362
23436
8047
14543
11911
29956
8979
27396
22726
19183
23957
22516
18644
12652
29802
27087
28785
585
3319
22520
29382
14362
19284
15031
14667
16264
11856
1838
20456
29420
27829
1934
19547
29725
14285
9098
17625
22661
1828
3340
6648
23419
20880
9511
6092
2765
22383
11598
12880
8603
25136
6339
24840
1388
7445
4689
24037
6523
27446
2622
19305
23634
24266
24700
1547
922
13730
32543
9437
2610
32502
30996
28012
25726
20068
271
16104
20226
8246
19653
14469
27439
21220
14428
7968
7804
23001
15903
17958
26553
3450
5751
32690
7840
15461
5142
22517
20910
25078
4214
8155
13873
9744
31874
2795
24225
2586
27027
25712
11059
26439
7837
8150
10412
8731
3499
18518
20851
14123
15752
5078
25835
1316
31679
7434
18687
30734
27334
2272
10751
31186
16503
6939
19626
19450
18623
32317
18060
11961
154
17067
4234
31019
23871
22796
10171
1757
5015
3058
12409
7824
29684
15548
20408
13882
11776
26555
11927
14414
4340
13203
23605
11837
7178
4068
454
29757
29492
10026
7398
23113
3086
10210
13356
22121
10001
10479
14851
11315
26890
11579
4533
11666
10443
2721
27337
30918
17697
14347
26255
22444
5894
18135
15353
9280
21527
2944
19884
22112
30024
14714
26199
7891
30166
30301
3908
13193
32381
10310
13613
12580
20716
890
3920
13752
1910
6989
31941
6351
32010
31299
19472
25777
29029
1396
8435
29922
15750
12085
27782
24043
11362
15604
11145
605
19418
9316
24312
30996
18922
17371
29408
10425
12835
31224
1906
15498
8027
24712
20565
22110
13731
11946
32321
8675
30841
1586
26314
11563
20799
12364
24185
10855
23020
3426
31009
32498
16386
15423
9328
17297
21440
15476
20677
6649
6040
4090
7233
31633
25571
8218
13345
25978
29396
27018
24651
1485
26794
13273
27942
20003
11306
22540
26543
3931
9037
23178
24522
663
10294
23605
9429
25480
19046
9946
12419
32748
12339
22731
13288
24660
11382
29642
31440
28203
23685
21289
6485
15092
25185
19760
6065
19667
3888
959
4176
5199
4589
10292
29738
28502
32350
13967
26959
23937
16454
27605
30659
18842
20189
31666
30861
3164
13437
18785
31499
3193
16030
10193
5256
8162
27140
25856
19984
4674
24375
9387
9347
29899
4916
20010
20201
6966
24674
4502
16133
27141
11207
18476
4141
23052
27260
13302
22617
21807
7006
25256
3961
20589
2311
14280
268
18206
26621
25105
31726
31608
9512
16410
13425
8280
30858
30771
3248
20544
4138
18319
14112
30107
26449
19625
26472
2121
7673
20704
1395
17495
25731
21860
5827
15886
20392
26454
21000
30512
10418
32555
4337
22910
3564
28498
5186
14973
30551
9750
20007
19578
29598
18117
9927
8396
12620
24082
28445
8025
10301
13752
30211
5980
30546
2912
29584
19813
19049
11973
16036
10913
23693
19222
193
29019
27241
24476
23581
6851
10499
11164
14325
16878
5287
4479
10019
16415
11296
13616
7411
24133
27695
22982
25651
16324
7989
16995
3209
27256
21811
6747
16906
4087
6132
10393
17159
31767
12169
21055
26666
19633
2806
12429
29378
22180
8491
15876
5468
23580
24118
24267
27283
30740
28854
18513
20009
25369
2963
3124
19542
30033
28652
19042
7007
2493
21329
20094
21355
9915
30259
7301
22675
4047
32408
12465
11064
9378
27411
30365
4761
12619
12788
15275
21924
5070
24764
8355
30221
23266
20436
20124
8606
16888
15998
29472
19918
11896
27403
18315
12692
4686
31567
10164
4477
22437
18770
31695
4605
14834
26696
31122
1026
12341
30147
151
24527
19580
2856
5634
25096
13480
25439
17251
32521
6259
2255
23774
8316
18610
8074
29321
24875
21464
8132
28949
15122
19388
5258
13745
23481
6300
12977
6443
4801
32097
23564
13912
3772
12580
25314
28599
23618
12786
8606
30801
23361
13516
15049
25571
7828
22258
5430
575
27095
29794
26748
2544
16762
18331
28073
22045
16661
13990
2101
15280
11259
29015
31541
14774
27666
17617
32465
2313
29410
18504
18936
20269
12523
18187
25683
30841
5948
3009
21623
32119
22337
28914
32350
6029
21725
23242
17944
10460
32440
32282
19134
23400
219
6304
19880
15225
1402
32392
6623
20802
30736
8498
32725
32193
32434
29494
14676
7910
7580
19878
18869
16119
14609
14995
11858
21299
26978
18642
29502
19894
21836
19711
51
1692
1670
13251
12747
16489
27803
18771
4851
19369
502
6713
19101
3539
18235
20823
4534
28531
2270
14121
17752
30088
8942
13898
26944
2603
14129
2362
11906
14450
2422
30046
21115
24468
30247
14152
27144
8526
14110
1081
27893
3973
27321
17636
5561
23852
4401
28021
26976
5736
29735
5842
31688
9202
11392
15649
17424
7614
14963
18314
5454
12506
25568
15678
3968
7320
19684
19384
7366
2799
32426
579
20174
18463
20612
26300
12431
7572
26426
18329
24634
21517
16034
28458
1389
8445
29040
7199
30634
817
13136
25419
10505
21172
12594
24231
10537
2032
19429
19866
21612
32277
24808
2679
868
13503
5501
31048
20104
21715
22526
21450
14892
31913
2932
30392
24240
6001
4454
5196
24823
17359
9711
28676
20250
3529
16915
1954
13662
32739
30803
19830
32612
20360
32639
22495
31136
10412
24524
10768
1804
23728
30247
31248
24350
30854
16840
6148
26615
1557
12297
23217
221
31967
23161
13629
20715
9697
27436
23093
28167
30394
6998
4053
28693
10256
24
6531
17514
2864
6554
23196
21892
25332
22618
5747
23288
17386
3268
29079
26027
16306
29954
6229
31813
24488
23829
11902
23523
12996
1317
27755
12557
29374
16917
3389
23783
1141
3163
29289
6827
22417
28943
8309
6486
26983
6465
30972
23970
28446
23440
22008
53
27408
3064
27201
7192
12659
32236
2896
362
8249
27813
18505
86
3636
15801
29241
24642
13694
20975
31131
22345
7448
22610
17698
5612
17873
22404
26034
15108
7786
24917
19375
17403
759
9364
24955
19772
19336
20774
12090
14056
11785
596
27609
459
30567
9065
8014
30862
24565
637
14881
31022
32525
1420
17963
29357
8698
13771
5278
27399
2581
5435
3397
8551
22063
29310
781
8347
6959
12010
12741
21957
28668
10972
18722
32596
28830
19534
10502
2099
31904
21420
13057
9024
13496
29412
21785
15104
31658
23229
12742
2449
32361
12905
2369
27872
1919
11613
18430
19228
8624
13152
24183
7018
19930
20194
17964
26330
20512
21904
22504
21913
22599
32549
22341
7273
2400
24195
22386
24143
9384
28930
23860
22155
23468
14344
25131
24269
3505
4314
7511
9638
29778
16049
13531
10557
875
23313
15616
19011
54
8278
10364
2857
5044
17040
3573
20368
23631
19088
26305
12289
17085
10051
10992
13790
5671
26943
28300
5016
13195
23708
25631
11555
15455
29957
26742
1191
8311
16398
31653
24441
32552
20936
19275
14153
9134
24468
12823
19357
8395
32052
20619
26494
20401
12328
8960
12144
13858
19767
14571
2984
6102
21580
29022
634
14109
16003
24786
5905
2245
29316
17443
98
24382
21264
9436
19554
20732
7129
4789
17271
24093
151
5722
8237
6476
16984
16750
28459
22501
12055
32720
11109
11609
16273
3613
27283
13781
18260
14710
11745
29726
27417
19587
10984
18112
20819
19895
8413
14439
16648
29398
3592
12173
8928
28085
22904
16725
6268
30274
17654
11191
7688
13763
15159
15070
27156
30563
20054
7630
32671
16874
31361
28234
9845
16076
242
28661
15804
4709
28448
19127
7369
2435
9783
17506
30264
16421
30406
15766
28987
9602
9400
30178
27954
333
26502
23339
9084
24120
15019
26706
7053
32183
4695
22289
9537
14598
18535
10534
19824
29549
21909
19636
195
451
10988
24550
20678
11057
16256
22485
3902
10040
9819
3756
13244
15605
16570
32010
16242
26532
24698
8871
4934
9316
28365
25147
27685
19769
27441
21659
31130
9559
22179
22309
17055
31390
24335
22879
19635
97
24332
11739
14636
18283
1478
25182
19663
30532
15163
25408
5534
11440
5291
28182
8945
8569
27977
6031
968
366
30519
26780
32608
4268
22705
22228
15364
1820
10633
7190
18470
17725
25811
12656
14766
17956
8929
28991
22418
29377
12146
9368
423
14947
20518
32743
19127
5246
20277
21206
30931
20397
7777
28529
24554
20979
9769
3207
19099
11846
5440
10067
25928
13134
17469
10331
24428
22378
404
20377
14126
9716
22981
11225
25398
4550
12243
8546
20159
20732
14840
17368
23533
9724
13975
1889
24673
14772
28018
3335
20492
27427
20765
3678
2624
14363
21683
11366
32013
9029
18887
9650
4810
15205
23197
14282
7666
10207
29850
12239
14130
24187
14074
28253
16831
26213
14785
25269
2541
19576
16628
16668
12798
11451
12296
30846
24887
29996
20891
11095
26938
17853
18274
12244
21903
4509
13923
23349
6532
26040
868
7285
20535
30849
13219
10797
17137
26351
17863
18358
10677
17093
5911
25997
23065
22039
10474
8444
22613
16394
23134
26359
32410
20187
27213
15941
11941
15139
21885
31968
16787
10329
25879
27805
10743
3736
347
8975
31786
29090
7313
4265
20706
2342
19011
2852
13830
15934
22185
22304
8641
8764
29285
29966
7126
17062
18033
13645
4403
32383
1109
22419
1480
16584
18077
14735
6297
17479
21898
22733
3602
17543
9224
11225
21659
16416
6368
5799
14189
12344
30767
32306
13220
22858
279
16228
9109
6439
5044
3382
13409
22074
29521
31256
22987
29711
30940
12435
13382
28951
18840
7981
7506
4517
26130
7053
19977
15421
9558
16607
21493
27406
28770
3450
18469
22205
20955
960
31872
15972
11775
21062
4953
28891
14043
18230
13635
31542
28862
4849
22822
8334
23277
7672
21138
32517
4248
30220
6740
1540
30221
5780
1351
8647
17964
4160
23917
16412
5147
21484
4414
4711
5435
9415
27968
12522
18266
30132
5080
835
18218
13808
10080
4662
27377
20725
23161
9901
30083
26015
23203
23037
30062
30862
18699
31595
9332
9675
13731
28399
23358
5550
20600
26936
27982
14591
17729
11503
310
4187
30003
11584
14599
729
797
14743
16141
2030
26032
5799
2745
10382
29726
10417
29151
7060
8424
4867
23074
356
22256
28863
7852
719
11478
2781
32290
22327
25217
12147
9430
30195
23804
3636
10047
30452
5252
15927
167
26281
10463
20731
27172
4385
4079
5799
7625
2160
4742
30614
23069
27219
2940
1810
14796
10519
7423
13152
13213
23478
20523
14078
22180
22852
21210
12072
5817
9097
18366
31648
15657
25840
23725
19375
20907
1440
6971
31847
3989
7144
10126
11308
15183
15328
24942
10099
27656
27213
7068
4808
7593
14022
23909
30230
7943
16661
25206
3363
12381
11744
19698
346
26105
20105
15810
28877
9013
82
18221
26234
16809
1733
28072
10189
14495
25939
10991
31591
22727
31803
10068
19742
28717
27821
7511
21317
27239
2095
7032
6445
16659
20289
6217
4843
20609
17212
3271
7772
25772
3968
2282
5479
4719
19918
30331
21890
12533
27123
32294
24696
1906
26791
17104
31337
784
5556
26411
26898
2349
23899
4487
14414
14787
21747
25067
10205
13863
14035
3684
9829
16375
21874
6557
32182
17485
18893
22448
5202
10041
24841
13628
26669
25455
3418
29880
9905
21052
24099
22022
1541
12223
17247
23627
17295
12117
8255
9727
27576
13397
28948
2880
20207
766
2160
30316
18416
32173
10120
10990
14150
16979
30173
28248
22542
15399
7196
18355
20991
32152
1602
18706
11431
30342
4355
5998
2039
23217
9837
9389
15874
19570
3529
20484
20994
8105
29378
24703
20636
18678
26569
3550
1381
19756
26551
2979
10660
17666
6836
19049
28762
18700
25176
25463
4991
23018
28945
25237
18063
6336
28869
25119
12869
25574
31928
11607
23974
11232
29359
23807
10306
5264
24406
8744
14775
13994
2527
13125
2678
5481
25324
3971
27082
7296
23215
3165
9494
14932
25167
24938
13406
27240
7310
9850
4104
17432
426
30690
5092
24971
31360
13588
4971
13027
14071
3443
836
4534
17308
20325
23565
10434
8842
11689
6743
988
27533
28395
32754
23594
14215
15253
31340
29842
23314
32233
21204
6770
13414
2125
2755
7826
4222
30181
2718
23127
27510
31079
1301
5433
4152
3627
13295
24182
23383
16258
21002
12040
9531
31305
30365
26581
6015
7358
13761
39
29079
14482
10800
30811
182
15167
19532
25821
20206
28827
14947
9556
19866
5037
22065
7193
32505
25024
23462
31214
25371
25527
21738
29165
11265
24992
3999
27070
32000
13452
30566
31245
14694
27293
31140
21307
9824
29024
22150
23124
25627
14941
834
4674
554
3565
416
9536
13096
76
20666
8849
25502
15599
23295
17521
14374
7192
1406
21068
14033
13991
17506
29486
8135
27699
22712
1147
14637
3929
7033
18656
4684
11348
31172
905
495
7630
1643
21396
25612
25590
17585
25542
23207
29139
4178
17021
5620
25816
18116
30182
26556
23224
5565
8304
9729
22908
4853
18817
8421
32210
301
7783
12232
25512
26224
16273
6577
31993
22425
28159
23791
19175
7445
11511
6656
11531
5354
11258
9649
15113
30200
3318
1671
23655
22655
23229
24926
4767
10210
17334
6480
10610
25003
27858
9944
16768
17870
28866
27191
26902
23602
24424
32023
14151
29549
20875
18287
7486
31952
25806
23462
25042
27043
13283
24059
31579
28081
7932
31524
15300
19208
30850
12853
738
2810
27146
30148
27396
18535
9605
26699
9164
28479
14006
14285
28477
5442
2282
23741
29972
20490
29923
16411
24668
11340
27413
3296
31549
10843
3605
12444
15637
25581
20814
20318
32458
16162
28662
11988
18782
21186
20544
23731
29379
24518
9939
5209
31985
1051
28284
10162
27447
2722
2079
28504
462
31867
5876
1534
9140
22403
27887
21262
17079
3611
7040
10385
5584
13356
31869
30800
2483
32104
18269
25656
8100
28882
1702
11779
11916
30080
424
18965
14924
7327
28268
6564
21841
19641
32744
4124
16489
12851
9332
18370
15573
6426
2178
18839
17567
5151
12681
3199
7470
5343
17730
28578
30743
22888
20759
13331
5686
21241
9689
14768
8446
27146
7089
841
11789
17292
21081
17924
8451
27506
16779
2047
24469
2160
11706
4664
3037
32003
21761
14762
14580
6577
26713
17337
19907
17554
9486
27088
2582
14863
8820
16457
25074
19178
10198
1165
9001
15231
7855
5756
6443
10313
29980
8463
8991
5031
1170
13883
28723
224
20684
25113
22064
16485
13064
31045
30289
20823
17779
9860
9301
31817
8930
31657
17363
2887
20162
2489
4046
17175
22866
17485
137
446
5136
13368
17308
9799
27248
15722
31304
9663
13012
31764
12808
29060
3001
32013
19304
4800
6446
21877
17178
7984
13963
23960
4423
27434
28767
4884
4899
7390
23210
26175
12996
1244
5965
30403
16692
24534
8382
907
14021
26023
11520
4579
19876
18837
15571
4058
10929
4051
11048
30187
2190
23626
20695
11229
6390
7834
4244
13544
4177
16219
24352
26393
3973
12968
7100
12792
24590
5086
19683
14439
13905
11937
5432
16845
28205
6432
29886
18036
30164
17306
10823
6960
23257
8482
18735
66
11658
19871
22345
6011
11903
21782
1818
1445
31347
44
25157
17182
10323
18918
30791
24518
3477
25268
25956
15899
7371
25774
17889
2467
4728
7453
26996
27787
25634
3901
23289
18573
9640
5185
4198
30487
22742
15512
22273
21673
23351
22127
20433
7038
26154
15735
4178
20848
21816
22504
15213
19734
9893
25798
9894
5679
27205
32611
24472
9539
4753
31781
9630
18055
23546
649
11220
9218
15998
2152
14142
15086
7544
4729
27974
16481
10684
24088
26220
14636
10723
22597
22841
18691
7396
1520
29044
31967
27365
16756
10137
5281
6224
29025
11399
4088
12072
7294
15737
644
21150
32526
29751
29500
12511
1363
26510
19213
18225
20305
12285
5827
11326
8660
9393
8237
21679
26804
25780
8828
1533
11864
97
7661
27524
11385
22299
3752
474
23080
32062
2791
19550
6931
15958
3162
2324
29700
3983
26827
22192
26794
1645
15870
240
26268
10173
21723
26415
24987
8908
16334
12600
1303
19670
14447
18008
7925
28865
94
15031
10128
18187
18801
9959
2814
10754
26898
7614
6036
23091
23266
13409
13740
26404
22179
20642
19621
4166
32084
12684
31020
12837
24989
26171
30906
5090
28526
9970
28254
10467
30436
17511
25789
6857
24172
8545
12631
12194
16426
27269
7436
24672
30364
109
30174
13195
23674
18427
28152
12338
17377
21741
27632
32039
26801
8881
12361
108
25140
20346
29756
4840
22528
3475
26039
7262
32286
16116
9383
11168
7275
28435
9587
24320
9535
7932
7368
12552
8013
6052
22684
32107
26314
13946
10861
21050
2514
26688
18122
24923
17415
17945
15893
9784
23931
2275
29319
5044
28880
18118
12148
24163
23709
12045
17873
14074
25620
14389
20979
2308
17122
29764
3737
4567
14423
32605
22829
25543
19911
15504
19271
10649
23600
21750
3443
15931
5404
11518
18228
27826
4809
17410
20553
27731
13192
12830
1838
27958
17507
14401
28902
18664
16130
5764
1528
11104
7888
7355
20664
18484
4441
10570
16583
28685
1526
2619
22493
6745
24749
29837
5062
14143
21587
1486
14763
24024
10227
1004
26259
10908
27508
20296
2345
25114
24437
15116
10432
11245
5244
16319
7572
31211
1360
15382
7763
28575
12451
14349
18140
24058
30196
24119
31814
10053
14772
8018
21028
8026
5288
13343
21767
15380
4750
29041
24133
10756
17411
8835
21753
6501
10148
23950
75
22354
11892
1691
20210
1847
24446
29846
14327
4230
24251
27813
6331
5291
23349
26552
13371
321
10349
22112
14227
4742
1786
22244
26561
23052
24692
4498
23724
7602
31376
12115
28005
8915
25996
7810
12716
14781
10702
6654
15542
7525
30920
9854
29997
31577
25886
31269
11897
14325
26123
599
26430
17114
10753
31690
20773
3996
31887
20704
1504
1723
17288
12852
3432
725
22370
7538
6537
11801
15068
18029
6817
21503
30179
5739
4517
31542
6071
13763
17252
23518
9290
21419
12560
1528
28905
8267
31226
19483
13341
11542
2717
18024
19668
10073
15582
448
1212
8468
19858
12084
20976
23562
19265
26556
23510
19220
25129
22572
18247
15802
10630
26981
3569
27140
22033
14536
25850
18574
30151
29937
30438
30427
6379
29345
29883
5099
3150
3579
16995
19216
2254
11252
16977
253
31773
28677
1128
22304
20164
31266
23576
31026
19303
16624
8650
26892
2890
23603
9086
15548
3092
21381
2226
728
21203
17742
11654
16658
16449
31216
14623
16653
31302
14146
29513
8047
3773
26688
7520
20792
13179
27905
21104
4946
18317
9961
12955
30824
31170
5407
23995
2300
14442
5441
329
10676
20060
7255
32126
15349
20798
31750
26039
11443
17664
2055
24606
25992
6314
12247
10375
21507
24664
24751
15000
31554
28802
17334
26413
17347
16001
11382
22778
32119
10831
19340
19571
18456
5519
31140
32488
21949
27597
11941
6389
15276
6
31017
6169
17775
25451
2608
31653
32298
6498
10517
14552
25643
19662
9153
14920
31427
27280
3870
28291
11860
17742
27598
10743
16044
9842
798
24591
9105
28790
4149
30623
8093
13920
2450
16002
30029
27784
7861
16514
29268
5793
15899
1399
17717
5879
14192
31411
20752
758
19969
2974
29628
8428
20336
11678
29207
29456
683
25402
32410
29634
798
31358
3633
26388
23592
2721
28489
25994
30924
29925
22314
1054
15274
27839
22919
15751
21293
19256
32339
187
7685
12691
27095
2227
13272
16176
19202
24942
26164
24240
1024
15928
19913
28250
16654
1324
14293
18365
29068
13304
2015
27287
22355
480
25000
20214
8266
25350
12127
8861
15924
20712
22548
30121
28876
31786
14959
6773
13844
19350
16290
15546
5354
19553
6812
29691
30172
30639
1919
21792
32317
29018
8021
18273
8568
9199
5119
8293
23717
24058
26733
19371
20570
21636
30997
298
11460
11993
26781
20276
9206
32655
17627
31648
22144
20163
30720
40
28228
6566
23056
9744
23429
27449
30358
1289
26689
29268
23189
26964
5569
14573
32449
25898
30830
24727
8687
4444
1510
2121
10187
16695
2383
16225
20425
11690
12780
10728
22622
23467
28653
14872
25199
16854
5004
8987
10506
29015
25173
26902
24916
17931
5829
12902
22210
25058
32279
15914
6028
30600
10331
9217
17759
10308
24264
16661
24147
31008
21587
30296
4636
9034
17537
7181
30596
17338
29817
20107
13849
11797
19037
30781
30754
26321
28378
15598
14552
2203
11518
10819
17107
6389
1098
20873
29379
4132
8457
11953
4704
6217
12000
153
24484
18382
14757
30350
5175
23299
4212
22286
299
12553
24320
978
4841
4080
28968
32524
20843
29724
21707
21997
12460
28397
19932
5226
17757
22687
20665
9792
12762
22894
30392
18741
24412
3582
8451
29857
22384
19195
15783
23086
20904
17404
25319
25564
18832
6574
13526
21320
12515
4910
18725
26157
4607
1718
32057
9259
13975
13692
29312
14791
9896
7895
9478
1204
5038
3748
20547
13649
1047
27368
5688
10610
21240
1207
7354
25699
22527
28756
5389
18474
19369
10393
25012
29709
15284
409
20104
27732
9176
11909
3848
28496
32434
24268
30448
7068
25345
13958
8461
19363
276
9747
30799
19042
5251
25855
22304
17776
7710
5161
12532
8251
31267
19237
31265
3220
9908
5342
16882
3182
20103
8064
13046
16610
27616
9109
28062
10871
6076
18030
28935
16033
22863
31684
1557
30343
2481
10911
24769
15113
8149
6519
27572
20994
30906
26009
29204
12490
28645
2509
7070
22528
23566
14390
28405
7302
17434
2937
20025
460
24649
21282
8668
2386
15281
32579
9649
7016
2539
28509
3142
27961
1292
10372
27764
2055
26582
14015
11572
21944
22576
15790
25524
22162
21972
31855
22443
25667
328
18625
8681
9764
20239
17770
6450
6846
31520
22487
332
23182
20631
8451
12375
30725
6571
32154
7773
8403
19424
20829
4906
25701
17533
8648
26206
17324
10561
17394
1472
28193
16722
8630
13781
20486
23158
23056
16562
21998
3717
16585
1806
2431
32031
343
10139
27511
19866
26879
12439
12013
3390
7228
3997
14810
15797
15204
13250
3799
10173
14985
5597
1064
17952
28829
6950
27642
23782
8666
1539
4585
4297
2401
26910
12741
4841
9762
20667
19350
13505
20219
5705
30941
30810
21028
4662
10013
28862
9162
8200
23450
1712
24570
10410
25697
30106
9153
9987
6792
5319
402
23245
6583
16594
5351
7589
4328
31071
31019
3678
4202
1800
10200
1691
31020
15771
477
3741
28984
11906
2114
17241
382
24450
2062
25294
16595
22953
15721
29333
12345
9345
12798
13498
11361
394
23203
24266
6254
31719
14396
18221
9724
8280
32732
31926
24161
29032
3630
31865
20786
27624
10772
31197
3082
12187
23181
27890
16262
8243
21468
23300
13716
4732
16359
3440
31982
23000
26077
10934
28129
18923
29979
26064
27731
151
30545
14274
2820
3115
11744
22387
29716
16855
24199
25531
15046
22628
21311
29629
31363
6945
4451
375
26402
18721
3092
25239
12902
29859
21980
17296
27336
30418
5521
22766
14199
19375
17021
15078
5534
27211
27579
7986
31461
27961
3812
25884
314
8003
16876
10200
32721
16476
13382
19222
13673
5846
19279
13784
26578
8405
24041
12161
7340
31236
21350
4911
20337
18822
10665
19787
18614
19504
9863
22367
31405
20213
14451
9767
1775
11681
19035
15850
20856
10699
3789
24842
17651
11780
1630
3291
11321
20821
17740
14513
17684
12009
15458
2877
28744
26118
2332
31257
8916
22082
4364
1953
31861
27635
27772
4869
10092
4327
25685
28316
25985
5461
1856
12411
28232
9492
6666
28999
675
7435
26445
27975
22920
21737
12877
15293
18948
12566
20768
4215
22144
4329
12818
15265
32068
27931
20551
23517
29241
14971
23458
30358
9715
25828
6118
27280
15854
30316
14107
28868
25112
16095
13108
8044
912
3948
27374
9050
174
24221
1531
9101
19011
26765
25696
774
28194
8021
7452
29912
10975
32711
20490
5759
28886
7775
20232
1138
29807
118
25177
7420
13729
5561
11336
25927
8373
26074
28686
17594
11341
18053
16374
2692
6308
11670
22207
29049
13335
29577
8258
5662
18661
6705
13653
4863
6195
27565
20206
14153
1619
1433
29836
2964
23621
9345
27090
6401
17022
17307
8053
9861
22761
25781
11097
24708
4140
5228
3063
7842
10284
32415
15106
15318
30675
10019
21322
13504
25105
6840
19936
60
7200
11324
6779
22071
10509
4639
5914
22721
11892
30743
10987
21348
1675
22805
2156
1204
13153
13687
23248
9768
5992
31103
25252
9768
5938
10244
17842
18535
2168
7527
5670
8307
4704
32457
21743
6795
25343
10619
29544
1712
24093
14006
6200
23038
10553
26509
11127
6717
14541
3359
28178
10164
17108
16657
8304
22845
14984
572
31829
7839
14704
2466
1543
7447
31130
27559
30896
31288
17702
22910
20996
18678
32516
5857
16675
19709
10493
30725
31937
2119
2808
31693
17540
18157
24438
22078
4525
7485
10592
32563
15099
3086
5890
6481
4044
16208
5719
17726
11910
6887
32391
13582
6709
2490
29358
5118
21366
17158
25055
5733
30867
31225
18537
17895
12527
11132
5720
24044
26533
32336
24383
19536
6508
26972
14133
10845
14782
5189
24862
16886
29497
9792
12844
29460
18245
30500
20133
3447
20727
22212
9190
29333
12085
24187
17320
5079
23067
264
1154
8452
26526
19612
2991
31485
879
4914
9234
16044
7714
27935
1655
31799
6032
18922
30492
28281
26746
861
23664
18098
3951
9948
13082
24701
17647
26870
829
29187
15056
30522
15098
3183
27361
7244
4663
162
14542
27192
23455
31783
27459
24325
26346
29289
16468
14222
22623
9763
8477
25741
6551
26393
14501
22009
18307
22534
29193
4242
16817
20693
8662
16826
16074
12563
24246
17798
2656
13989
19791
21269
20454
11446
25448
17184
5888
1780
26189
9427
21758
15612
10357
5339
14242
31250
19043
2753
3370
29974
714
4214
28042
1203
12788
6191
2298
17370
17508
25714
16304
23151
10427
13937
26351
15938
23768
13976
24384
64
22083
19298
24576
31211
18892
21104
7194
28423
5743
28636
9238
30614
22395
26571
10579
17927
25076
13889
1680
7595
12597
22842
12721
3432
1753
246
31424
17073
16860
6804
15411
2229
12542
26850
24685
18391
25704
8052
24711
6495
17042
13299
8271
17263
25700
22968
19345
12600
31900
23449
6294
15213
20079
18435
5099
21752
30579
9034
22883
28653
4284
5180
24159
11964
27461
16124
12621
13738
27538
16910
21103
12418
18580
2478
2526
24711
12749
28006
24270
18094
8373
19423
5139
15882
22875
6392
19941
6792
24143
4629
17632
8156
23488
3257
10830
25787
19938
4952
8617
30283
26258
17510
29532
20440
30269
10164
23754
31432
23550
28156
8593
27345
16646
20155
16912
27241
9025
30782
31527
11134
29495
17920
29501
20584
18736
12595
14472
284
30107
12189
29832
24738
28848
29861
30933
30409
27989
18606
2331
25113
4926
27299
1635
26121
9305
12243
24468
10610
4457
22016
27449
14660
16880
15282
3716
9080
4947
29393
21907
15941
21305
24947
24819
28567
14644
25843
19555
2237
9123
11075
29402
2657
7127
13955
13259
25790
25972
16082
7591
2061
7450
26212
8612
22848
10821
29652
13501
24307
2162
1724
505
15008
11140
31364
4593
16914
869
27511
2956
19740
25328
4636
29198
2954
19983
26819
1105
30552
29472
20318
8529
14114
21406
8594
21999
1244
24573
29454
30702
27843
2773
26140
29250
30867
5955
20597
9866
6907
9869
8794
2011
28494
18692
17376
21183
8571
5679
23692
1661
4671
4133
14623
923
2969
22075
17331
29602
6527
27359
16903
24097
23247
4292
19992
3828
24200
832
15601
12742
24890
3570
26563
18133
32443
18343
2872
21749
11292
29822
12549
31960
3547
21323
22463
20876
32346
23098
19695
6725
22672
9909
28008
24925
23295
9351
16344
29849
14054
12353
7582
15022
8119
14556
24027
516
28363
9377
14028
11449
12117
32070
18775
24041
9877
10074
2787
3117
11342
10467
365
7521
26489
17221
1496
28587
17211
25701
133
29624
12309
13071
21540
15433
1371
14997
27338
9967
5863
31161
6467
530
21262
22733
19625
21560
31955
19225
13877
10372
22107
8061
26966
1149
20385
17496
8192
27410
3435
680
6471
4314
23677
29810
17964
9632
25868
14948
14519
22302
12917
13497
2374
28937
25391
17245
9764
15950
5374
20817
16733
3996
24938
12114
20689
2850
32368
437
21640
10650
22391
17814
22341
1158
12934
12593
23902
22969
13747
29584
13770
26650
24799
5991
24956
2469
20384
3388
1263
11954
22399
8394
6147
7802
22116
23976
18439
8407
17742
10022
16407
30027
25415
1912
19368
15172
3224
31254
1889
12190
4665
13666
5165
25450
9611
14219
142
20462
11337
6834
23604
27628
4284
29772
10702
9768
25135
17352
8992
26916
22947
13425
853
3118
5828
13973
19351
21916
10523
13287
13790
29271
14724
25378
18949
1686
26595
32495
18723
15340
12563
25609
25368
28805
28959
23199
27238
27565
21941
3834
31299
15249
21719
32095
17132
8266
31700
21815
28731
10263
10871
5997
24188
24810
3710
29720
4477
17191
29517
11098
8676
14760
14820
30087
5317
27396
3343
13962
20852
10257
9692
133
10648
9127
13394
10680
10113
22439
16480
31140
5820
15164
5908
12656
31460
11873
6158
29579
26810
16036
30515
20115
30072
10537
18086
28534
12387
15857
23796
16087
23200
2140
27534
28083
20808
24813
22909
13636
23999
19534
13905
20005
24641
19348
22874
25272
2237
451
283
197
4583
21141
1788
20067
12937
24183
31551
1564
14617
32725
15669
32332
1425
11671
25522
16330
21883
26348
2494
28618
5707
3142
21389
4354
12786
18854
16306
24588
2480
30233
6287
20236
4906
3202
6672
25746
19388
8603
8089
450
30224
31543
28220
21426
22000
11466
28464
29715
24152
23850
28286
32020
1488
6551
12798
5251
13560
23034
31874
12853
869
6762
20817
9641
13995
11764
3031
7912
14267
11932
8090
16047
29296
11935
5232
29136
21348
3835
4848
7126
22536
7985
5414
21736
25844
27210
3979
16112
22139
21784
9779
13820
32643
29118
16969
24548
2707
11379
7097
24365
28974
13698
2860
11565
32096
19605
14393
24432
2454
20788
30681
23643
29363
15497
28444
17167
28767
26726
19995
2704
18338
18313
14126
7207
2995
29470
9823
27908
24842
12677
27934
23336
30396
23126
5686
20866
10760
15266
17919
30552
2093
25724
27349
28393
8831
30904
20938
26449
26810
29171
29592
1452
32150
29140
3546
27006
14748
2448
23675
20563
20535
6836
1902
7330
19214
13599
6303
17399
20369
5709
3626
26705
25298
11740
23756
8393
8087
19272
30358
13685
4781
22778
10729
21132
12671
18561
27806
30411
7911
5151
26501
8471
12867
31111
22033
355
29900
20965
3665
12500
2339
11039
17698
13603
12589
1626
25252
21316
26145
24513
31466
30021
14047
25473
16118
10104
24708
29720
31204
28884
21819
26064
28261
2713
9558
4998
10351
15155
32413
12464
5939
22625
13797
31903
848
13462
3813
15105
13638
31648
13894
5545
24621
17031
8697
19347
9383
20152
19405
20770
16403
22626
31297
17837
15363
19489
2966
25146
12784
20442
30505
17801
30509
3814
30976
16725
17690
4466
7075
3286
12698
8997
5165
138
3015
3332
9378
16181
28900
9875
30851
28711
11666
573
12192
28349
16199
14582
2862
4906
2557
6431
28953
30839
5671
15530
14748
25545
27369
19070
31502
12515
22664
26397
18431
26603
18208
6276
4995
24689
23957
8531
12238
5549
5323
5933
6913
4104
2842
14434
3652
2015
11260
17611
789
9603
9
24054
8927
644
14630
12931
21711
20527
20217
30926
24035
18261
16288
31951
18244
17742
18594
17726
32469
14910
11301
5114
26124
19607
22114
17835
17153
21983
30551
21670
18372
7348
25787
786
9204
28685
22583
28745
21645
1986
24019
7553
9730
20047
1711
9644
7308
30677
13299
11421
14017
2657
3592
18795
15976
15217
31753
28698
7052
18100
12148
7800
24015
8722
6182
20550
28673
13036
21638
32408
10737
26789
29184
11903
13443
24673
4533
21220
29699
30220
17776
1463
27833
26271
14556
23626
21950
26526
31477
23287
19982
22501
31677
19465
26589
28069
4656
32218
32303
1450
7801
11320
2211
30687
7270
6413
24975
5395
14874
6207
12882
12797
18178
4822
31206
25470
3850
17757
25013
20519
30224
15754
21678
15099
26520
23329
3223
11126
28354
22549
2469
22222
2682
7152
10314
11896
4591
24182
18766
14318
15686
23941
16417
4528
9871
10816
31600
18824
22264
20845
7158
26643
13376
25370
28053
21885
25199
7559
30373
31628
28101
16192
4492
18656
20720
17546
17550
31097
11138
5120
19431
18553
15521
24190
2583
28459
30208
13886
21118
5445
15119
8513
16936
5738
8303
10993
6890
16627
16297
14596
21678
29167
29471
10147
22795
12904
3651
28876
7449
14825
26118
25333
3459
31292
15764
10994
221
6264
27454
13592
9272
30524
18871
10659
5620
13877
18820
2133
8918
19174
13998
10080
22874
5800
1722
6534
26443
7663
17114
16255
30096
17616
25189
2203
30281
13504
10629
9896
6427
20383
24624
14614
22983
21493
30041
13145
23810
5755
25191
655
3969
29917
25318
13923
15187
26046
21628
12593
1907
18940
21279
9067
5534
25398
25990
22075
12898
5004
19933
2409
19320
19110
21181
26752
8275
17400
5211
23340
24825
31300
16896
13543
12050
29792
17337
2004
13630
20281
11343
7915
18604
10520
1913
25431
18665
21028
22609
12572
12789
26153
23557
24317
5276
13207
25807
32157
26883
5070
24871
4580
28546
6296
25399
20132
5041
13047
15503
4477
1478
14114
538
9982
32286
25034
3152
6668
24345
17057
18350
4744
10539
12317
26979
1836
30000
10361
23629
18102
26880
17406
31267
7241
23108
7296
25844
4880
5000
20011
5328
7460
28561
30080
28101
8624
16112
20122
29197
13907
11223
22966
25733
1989
4140
10482
28513
13758
29148
15189
8990
9747
6514
2320
25017
4898
30440
9475
2591
22897
18620
6019
30692
18578
14663
22107
11063
31562
26187
32272
11542
31474
1739
12394
958
12828
8991
15407
19302
29306
4935
29234
18220
4604
14208
19340
32336
25401
7957
17706
14752
3344
4472
5256
30003
1423
11665
6587
6746
13331
4950
12981
5588
32433
19356
21445
7745
18133
25132
2397
16089
6441
26138
18200
31326
5305
17490
10235
6735
19796
12404
1020
32351
11573
4066
32448
38
6627
6935
29609
16149
24661
10554
25360
26799
11354
23026
17615
20726
3896
4477
25603
28452
22931
31484
10256
4764
19601
1297
28389
25632
26172
3244
23681
1860
19752
10786
17333
28707
8021
21632
3116
16720
10326
20254
14762
17936
17075
5495
30865
23750
26765
14647
21417
26030
14208
26262
30496
2510
27598
741
9424
28202
5817
6502
15809
10040
5168
2657
1263
147
942
12404
32589
27891
18528
28715
5385
12893
21638
26065
22546
9879
17435
9605
5080
4063
2744
16784
2643
32220
14518
2805
582
11989
7059
16458
2757
21793
15766
7879
6133
20703
2230
2461
23827
12775
4281
15240
1975
5632
18585
13992
16474
14163
10027
26253
5142
16159
32514
10385
11182
12463
3474
11882
29646
137
1425
28415
6804
11241
6307
6523
1614
25709
17461
16032
10630
9234
26025
9311
22588
15711
22964
30629
626
15328
11013
20599
30702
10454
5160
15425
6459
2093
22697
17003
6641
8622
14716
5934
14390
27254
2204
28838
3461
8871
8179
12840
23726
31581
16250
25045
286
22756
5793
7279
25441
1320
31985
31596
5861
26220
7664
8521
1281
3647
7237
24609
18741
13484
28700
11902
8884
29618
1228
24175
7967
22260
22967
19163
25236
5040
10866
28436
12519
31989
25127
7343
7215
2065
24119
17300
31877
30025
17443
81
5384
28878
28332
25780
2597
16364
13881
11928
3349
20099
6266
24831
24742
12475
843
29537
6975
27892
18139
2884
18974
8700
29453
29709
23013
23941
9246
18710
26709
14038
649
1536
25433
448
31271
29003
6470
11732
27803
5411
7777
9683
25325
14973
11170
17254
629
6755
23223
11023
18683
14732
25420
9312
21532
8752
15754
17003
14319
28698
19933
28793
10473
25343
32251
14079
31998
27406
26402
19661
18441
25544
29088
18569
5998
28946
3481
1628
4350
12937
26885
5611
31003
16661
18168
17545
25628
10945
23590
6058
5875
24778
21670
19355
23308
19445
26358
10865
18809
31526
6208
20288
20813
8239
5595
10637
32069
20198
18453
21765
15534
12922
560
6511
13186
11527
29610
9951
21973
5479
16066
25132
21103
1868
22583
21925
4283
31115
5203
6656
17888
3771
1320
19347
25901
21503
3610
24519
28602
25120
20637
28361
26444
5343
22080
17794
26746
19593
7147
21450
12302
28107
25188
19160
4014
5064
26648
32765
5564
10345
28697
26515
27770
22260
14947
15408
13426
3297
20835
9759
24085
31977
20666
30480
18082
22623
2366
19982
7241
12995
9793
14258
19857
17301
14359
7830
2039
31335
18386
8205
2519
6454
22608
6417
19344
18682
30840
32637
17380
23676
19136
23421
19357
13672
9714
30018
25718
32675
13105
2810
26424
14046
11575
8959
23844
10860
9440
20046
2193
29520
28396
28476
24790
4251
7936
22628
1386
7669
13295
22500
27722
22649
22840
713
20379
26054
25040
21703
7825
4434
24609
30766
30095
29698
32594
18969
24976
14840
457
28392
29381
31405
2286
2801
25215
22335
2610
29555
20560
21260
5457
27595
23149
6783
20435
17131
5463
11306
18905
25863
9915
6165
4118
13713
1942
18774
7964
17768
12700
3554
7129
14669
15323
20643
30049
29846
10908
14795
21486
23590
30346
10599
31012
17820
3862
16439
30106
26315
23577
27325
22423
22891
699
8852
14105
1805
29077
23043
17180
4437
30738
17874
13336
2659
27931
31068
18380
4498
10483
2278
10810
10341
22111
9775
28659
21438
24331
27464
1428
23889
30505
18342
14481
18777
3163
17270
15665
21641
7123
3376
21978
3654
13240
1391
32655
25363
9164
15616
18359
11085
8525
6457
12064
4632
25113
4748
15939
26777
29461
16732
11978
14694
19918
11534
20047
12346
29025
4452
32359
10734
665
3590
30175
164
14168
29794
10053
26694
4408
10166
28842
28463
11121
17259
30887
30503
8190
31653
23710
14997
18427
27672
5186
12784
23378
18717
11866
28023
13206
9989
19138
14114
13871
19373
30130
4312
10680
15954
18498
25314
31397
2471
29230
28320
13097
25637
4311
22906
10839
12963
30603
25626
11911
6438
19718
8664
12027
3578
8761
17526
10434
8962
26186
20494
23261
31052
23515
19272
1441
4840
29583
16336
14684
30459
12234
7944
30779
23567
30137
24314
12139
19629
28563
25488
19327
31278
25630
2055
27666
12750
10100
23713
31405
10242
2311
27802
10475
3596
25315
8286
6618
9676
11827
4089
15013
18393
16647
22991
3696
4048
6484
20877
29060
8940
22844
7007
6060
17623
22672
1892
18910
11968
28564
16735
10014
23726
24322
10415
27808
17684
31057
25729
2349
11941
28982
2116
32711
6249
29036
23645
23952
26641
25009
7964
18152
21128
32017
20975
24534
13002
7526
26326
5033
17145
24608
25111
32735
27566
2114
17459
1605
7565
16813
20504
19040
26908
10657
408
7692
18645
16513
18458
8547
20857
10454
22928
6624
15528
22423
12713
17604
431
6568
4423
10425
28833
4768
4659
10934
937
6351
8976
27170
23198
4736
32653
10300
5336
14459
30943
16058
32066
25038
8815
27056
15537
15565
14031
26804
1652
6488
18675
15168
29485
10332
5534
31832
32223
21660
2330
8556
22343
6322
19756
8319
880
30288
29511
16777
30082
29388
3840
7962
7642
15580
21698
6721
7776
24478
4291
17836
6421
9947
2614
3088
19692
6284
9923
5580
29915
10141
25140
12745
7473
1010
28273
17828
25386
11176
4014
2319
21185
8605
2275
4212
22213
27954
11388
27356
28463
18255
25938
22288
8627
6312
19419
21501
22677
11583
7069
4189
9150
16682
7401
32148
4111
19095
22213
2520
2293
9485
7466
17813
30782
501
20336
30736
6187
16984
23302
26442
11206
7658
22118
22311
4469
15176
18504
975
25552
7550
28438
6997
7344
2764
7329
31383
28296
20650
31250
12645
18425
2313
18467
4581
13728
17628
28559
20277
5683
16343
30150
28499
21708
374
10726
5178
7556
3906
7655
24654
16452
5200
16405
31226
13784
8714
10436
29336
31557
28209
28735
5265
14173
12835
8449
23749
24208
3930
6696
9005
18693
7478
30246
14014
28394
1020
18874
28817
16136
18718
20255
578
17306
12477
20867
918
2399
22636
27834
864
31982
28471
30004
8101
12874
12004
7212
26878
19126
31352
9251
5438
27850
17917
14733
17749
711
11139
17354
25204
13096
20837
16983
22130
18297
1485
2630
9071
30060
13178
30699
7863
15914
5057
26841
21224
22503
16850
4621
19800
21945
4925
1640
23217
426
22965
355
30430
7436
29203
18942
29739
31500
17566
16889
7591
10634
6793
30023
22733
7208
27837
15808
2660
3489
4057
20246
17060
2909
24951
16138
29850
24386
23218
24031
15566
19404
11237
29455
31522
20064
17844
12862
17405
23517
29521
31852
27817
19317
27128
16750
14074
25531
29116
5535
24625
15868
2950
20435
5919
29651
14427
17292
7566
19192
17885
27505
6364
21337
17429
6139
21993
11116
2159
30322
1076
24259
25094
1048
11328
4833
25378
16804
25917
30284
25599
15089
3556
9699
8913
14072
3235
31858
9476
9212
23290
132
15816
5124
24613
25720
24013
23950
24315
19671
4171
13442
31510
20709
18758
20325
6452
26998
26896
27855
7901
16899
6415
19743
21830
8189
26048
29805
29558
21601
14844
18624
5031
27533
8059
24705
6127
3922
26774
5424
16927
20298
10065
11862
748
17260
5528
14523
17484
15581
21193
24024
13091
30985
6771
20367
19487
2803
22622
7194
12256
28361
15819
32322
605
31676
15356
32209
22915
10255
2039
29769
32543
21357
2952
18902
2557
2943
26501
32386
4689
32446
27477
21416
1367
4486
9651
10667
23607
18796
29360
26087
14891
722
10999
29928
13795
9401
22613
15578
21033
18134
4985
5185
27073
32231
28408
4331
4755
16967
5012
17186
15372
9408
29117
12582
3265
17825
11352
9946
17237
16913
8384
11709
7837
2979
12298
16668
4355
24107
11662
4742
17192
18383
5794
29313
10702
30561
30633
12667
13044
17644
8781
3331
20034
10380
6408
32057
21672
4995
21481
30339
4931
24458
17045
29570
32128
18533
12172
23365
19075
9146
26797
6076
458
19235
20733
28783
15117
27778
16292
32111
5481
13461
20536
18061
10686
1994
2110
25291
31830
15700
30190
11280
12743
4222
11319
23328
2842
15423
16387
8138
27948
29967
10940
2404
30549
13562
13839
21364
27976
3571
21744
27312
30778
30314
3550
15913
839
17441
23144
12483
14097
18747
8176
16104
22698
18326
9647
11389
4020
11866
11257
20245
22470
21970
2242
18533
8466
11643
28002
17657
25669
4187
14741
4901
11695
13204
32710
9789
25508
25401
7821
23048
19490
352
4982
2675
5555
31609
27396
21379
26517
10718
29173
3469
15641
19883
3016
22953
4169
8399
21117
21092
6093
11363
25500
13493
7184
22843
32376
5427
10142
28347
22453
30084
5841
29676
17928
19993
19116
9935
11326
24600
775
32242
17536
25498
9196
26688
12501
26135
27202
16157
29928
27934
21416
7859
15628
12618
15780
6278
5757
1393
32765
29775
31976
15902
1637
29447
24878
11586
11611
18498
3430
1574
26192
15806
2593
15780
26377
13628
26865
14999
26692
31886
6188
27280
14238
10226
9197
3787
8372
26270
2140
21857
29065
1436
31023
4798
7720
5336
17009
12118
18314
25208
9858
7572
10681
16491
23904
27667
13622
18501
6436
18449
22424
4426
13264
1057
14199
3272
27207
30495
26504
31915
18589
18281
21769
14411
11153
30284
30048
13192
31576
16317
30463
31769
925
8778
31114
8481
3269
9040
4412
14595
6775
9069
6535
31096
29532
22328
6906
5599
22051
14384
18536
22484
32713
499
22343
9731
26391
4017
14166
27966
20844
11743
28035
8142
9404
13360
5643
16135
6873
31681
20963
8992
14833
1427
9047
30017
13912
25919
32241
4060
8584
17381
3484
14657
2663
3942
30985
27757
29384
10707
9042
9251
15923
11557
12509
23615
32233
5934
21380
15686
15907
29135
8690
9793
14491
19308
32336
2252
4173
5021
20514
19306
31359
12326
5483
9755
30975
24106
3864
11569
2476
13211
3227
32351
28471
21749
6871
17427
30507
13100
6716
773
24875
26082
51
26128
19323
30174
18364
31810
18627
11194
21845
7471
783
14043
21023
26506
4121
16551
16956
3574
23243
16369
23163
26137
17920
8376
22839
28146
27787
5138
26236
15213
8826
7267
16236
2613
7068
10706
12513
23498
23360
23294
9556
24019
20800
13804
18942
2741
18494
27973
3900
14436
2350
1470
2104
2426
22548
28631
28102
29830
11791
27080
18572
21926
21655
15800
1638
15960
17923
12337
32521
30605
30542
13009
11238
27135
28442
12098
5969
24773
19957
32364
18146
23076
11228
24552
9499
23209
28413
1464
11852
30324
32705
2102
25780
1239
32266
22091
20457
12832
23482
30177
2938
25522
116
10395
10450
8795
23206
18627
26719
32481
455
29316
3572
9438
19933
19801
21612
4046
2115
2501
17553
5735
6569
26437
29500
16425
22876
22147
27325
6453
25032
3020
17276
30818
3643
5572
12257
27534
1515
19544
32626
15922
30779
11253
23867
20025
28218
28919
19827
8979
21868
1893
11868
31493
10190
8923
16491
17091
21780
4807
31145
11072
20789
9944
10329
20933
27689
14260
10459
11841
22257
10218
13008
15328
31193
28967
383
4062
32762
4524
23416
21150
15362
28159
15734
20214
19000
31457
11402
3021
5050
17281
29558
9193
5897
8175
20311
20482
6600
12243
20360
22299
10177
27999
27842
22802
809
27778
7048
10101
27173
6751
24002
8343
21901
4349
6056
16611
5359
21312
11233
24177
27607
1304
8940
17111
5197
29688
25024
5954
19104
906
13231
22213
18018
21153
11152
15088
17588
11375
8221
22181
1988
6648
18330
21287
28563
10182
14008
884
4092
13278
18104
16853
26610
22516
9939
19379
7689
17371
7386
4012
26167
7231
14618
8678
29916
12694
386
19107
8961
9044
22536
25366
10205
17246
8264
29814
2974
19906
26734
19792
14182
18597
6487
289
18067
8317
29171
1572
32067
21632
20974
25961
2071
18267
6031
12583
26936
2088
5344
13651
13976
10138
24591
5745
3451
28027
788
21163
24373
601
20116
22816
31541
24956
21509
11134
31298
10011
19220
15827
28421
3791
26179
2208
32712
13895
23255
304
19837
30782
8177
27687
19458
29610
10491
15966
28579
4918
8005
32750
21473
10483
24304
25995
16241
29258
15116
5140
10632
6198
19709
16999
9302
32688
21283
11642
20688
32362
25274
4776
16307
18367
28926
9288
25542
9706
30611
11396
31071
21367
14373
21097
1832
2296
25420
13626
23587
4857
9906
21002
12012
1078
26231
26505
16959
22539
9684
19487
12985
6443
25343
27191
20963
24725
27215
22238
12908
16580
25761
13964
18870
28966
9466
25665
19093
19920
31086
3796
7507
32624
832
16520
6391
24451
23114
1249
25030
27848
32671
8374
4363
25588
25456
4230
2580
20647
556
16656
8317
10911
23787
13853
29617
21292
20749
5025
9133
1763
4894
15618
17159
6039
20733
32440
10799
645
16190
30230
4086
14031
5580
11111
2892
8236
16339
4669
25166
18909
17117
25606
19072
11747
8507
2272
32342
1135
15270
687
19450
10138
30246
3692
329
24406
9267
28608
22814
10660
26
6865
19924
21256
12707
12380
29958
29498
10225
4
18585
8735
19113
1257
253
30967
18007
4221
25775
13272
30733
6035
12547
1883
15437
21945
32
32405
9512
15048
20556
30025
23464
22201
4202
603
12396
14266
21952
26248
8082
28289
7934
21333
19418
11489
18556
7749
13575
12955
5572
13391
11657
31862
29776
24975
21338
27026
23445
16700
4134
19193
28224
27098
25774
4471
16575
10673
878
3500
26883
26493
32381
30303
15236
31591
3254
10517
22918
5172
10773
22754
29851
31933
5987
8064
27498
21919
32022
9374
9134
5939
13683
20346
17794
28609
501
14002
15323
20976
12274
16984
7766
18305
28796
13380
26676
23613
26502
2734
8354
13612
13895
28924
22590
10248
1252
13016
8152
26353
20297
25990
23669
5218
31063
15220
7322
21348
28229
13843
21191
10242
20288
10726
6465
15356
30037
18649
25364
23488
19089
9939
15961
16277
15975
27790
2997
29978
22865
11431
20258
31983
13242
3825
32242
28850
21532
17935
28177
17709
14438
834
19082
31949
3744
23679
12620
24150
24785
22725
24111
982
14369
5805
1842
21976
31547
16707
19974
18137
3061
18196
27345
25344
26675
1928
29740
2057
21000
27250
26733
22915
17183
5606
23596
17723
12122
13899
29184
11256
23224
3248
32650
616
18044
14180
949
32347
31116
26816
21051
9263
10263
72
6252
18571
32378
14835
7979
23121
4965
26566
28217
2253
17721
27047
13494
6707
1717
22385
6884
1608
24274
4420
24879
10591
8171
10783
28778
9095
6689
24752
16220
14339
19710
6762
12667
16634
23641
5337
21239
2928
19577
16690
5626
12149
18813
32303
29999
14492
32250
9241
8065
12975
15591
5926
4389
28321
694
21510
15834
5060
4548
10937
12399
20796
11763
7075
17286
17332
15253
2786
22425
25424
17805
15839
10810
3554
11952
22307
12959
352
4722
17517
10077
23190
6334
21249
4468
27672
16677
24130
4236
379
26939
19587
13438
25284
4670
19995
4118
11297
10745
4791
26904
19927
23272
26869
10624
18556
10141
31790
30222
31078
21858
9362
3586
2915
27168
32123
22565
24490
16768
13819
16648
786
32079
20407
20112
898
21799
16377
3250
14761
2380
9984
14204
23279
31956
4507
18005
26539
15115
30966
15493
18838
27669
29875
25336
13952
31957
21308
20286
11073
32270
3160
23511
4851
32456
16893
30126
28254
26102
17254
25315
4020
3925
18020
26317
15999
12183
19193
26432
22487
17345
23843
30475
16088
4050
10486
27077
12627
28837
5357
21706
21700
1304
22146
8576
3972
29294
13564
5343
576
18418
28297
28720
13738
17885
29580
3860
20590
2938
27704
9929
26984
28808
15454
2729
18964
3552
31107
6643
13638
14680
1846
15054
1563
30950
19873
1675
15151
12553
15965
2859
16912
4708
7051
17953
5875
2732
13600
15449
3238
15557
4224
21368
20678
17448
11855
20582
50
18312
25219
7946
24511
7861
29374
18260
3374
4032
28380
13185
15451
26464
30663
11162
21686
28820
26771
10814
759
3978
5575
28322
4878
960
5880
28630
9817
5481
20125
5450
6682
12818
9246
22672
12840
15493
9262
13411
23525
5102
31579
1257
7535
5692
32483
15669
1307
8650
14282
5648
11551
23103
9257
6649
10126
13491
8905
12906
26250
3859
15600
6749
29877
22214
17019
23055
4584
656
27693
12292
2088
25527
30791
2891
19669
4709
30041
31491
16933
31054
12119
14110
11473
17554
29423
9829
12814
14309
6938
1468
29119
12269
7410
5288
4329
21227
1475
27406
18535
13470
8036
23614
19423
29029
11976
2863
7412
1187
208
5132
7869
24167
14691
28400
32118
31821
6337
28655
15990
2463
11028
2133
3169
19136
5705
11570
5023
22475
31261
1814
781
27255
5755
20249
1266
17214
11269
32030
17460
27070
19185
11097
20940
19551
1046
21263
32375
822
12358
18077
31918
14889
16863
3260
24281
1620
21661
259
17856
10924
28594
23982
21314
4066
11801
4765
13641
29579
16679
3488
23805
4733
355
22513
13880
21116
407
11522
29498
12054
22567
28281
16543
28107
4770
6521
30094
23921
1943
8484
5170
9431
31402
21086
11886
25769
18150
9427
716
12435
853
7483
26039
9129
21966
9437
19179
5127
26639
31313
809
10676
13068
8075
559
23757
5254
26901
16615
7903
25310
4764
4063
13204
29484
31918
28153
31890
17804
30658
14180
15520
19384
16505
16586
5642
32220
4387
13003
18503
12709
27781
14763
28890
26523
1498
23879
21366
690
27159
5454
28005
7707
20083
28077
22571
30048
10279
20299
16230
4784
29042
16631
28152
14200
16353
13471
13928
13107
4045
13506
14982
7298
26917
1575
22094
8319
16750
4560
12815
23630
16135
11050
16333
29942
16818
1670
10211
24943
21584
29644
26860
6909
27628
12654
12004
10172
6139
27548
9611
13179
2018
15287
18954
10957
2489
15367
32729
3166
26191
944
27872
25732
15982
7906
24797
10006
19808
22353
19461
23425
13489
24805
2286
20248
13623
16050
32172
16812
31056
29738
22587
16477
21611
22161
27165
8879
7114
4786
26435
24033
31878
15057
3121
8826
29395
28896
28510
30756
18053
246
473
19389
12499
32764
818
9132
3931
17066
27800
28273
18535
16562
5951
8064
17519
14394
8709
3664
8415
9616
23124
19375
25
25369
11338
24920
6846
1419
24087
12231
30250
18524
6823
24140
25661
7803
3970
4447
12385
15165
8688
23347
7624
10138
32608
6798
6902
14233
3338
15319
20096
29705
31444
4209
24851
19570
32114
12359
10423
9547
29650
6568
6485
5741
31671
854
7799
28104
14756
5337
16976
19029
22523
31001
17916
25419
358
32556
3849
20374
23158
15725
3637
24965
16010
27342
889
27331
17395
25199
17223
31880
19285
1391
24849
30736
7760
28418
25354
845
24928
11971
25392
13785
23810
32076
16778
4654
25113
7940
19374
7961
19855
26937
32135
13676
28479
7535
16213
22004
22547
3831
17653
7082
21353
18115
29283
7725
4028
6520
27005
22640
14976
25541
9482
26544
4941
24820
17658
13994
14912
20414
28655
26890
15775
22884
28157
6950
10939
28411
24750
18924
9755
4359
15434
30489
20182
13644
26197
23981
28993
16097
7512
19099
19658
15494
3557
28100
28964
24887
14549
14118
30373
27394
3796
5201
5612
27669
25888
8731
25286
10779
10125
9877
11859
1993
27597
26430
21604
11443
18926
12150
30760
24421
7716
6965
29704
17839
6089
31228
207
32576
14754
24076
22542
20086
12132
11223
21951
17269
7286
15796
23848
7543
18425
28630
1282
22115
18950
10367
20187
3232
7734
12401
28089
16171
16232
28582
24576
4071
12478
25152
24725
53
6121
22979
29508
23493
19623
24194
4191
17836
393
17751
13224
7094
27130
19863
21105
9213
381
23365
32002
14522
22582
8582
12091
26204
2220
20821
5243
12247
15053
8312
17088
27967
22579
15539
12559
30869
21925
32571
27926
7393
13793
29805
21520
31616
10648
3008
21225
23488
28859
1017
29090
6314
24821
26526
11768
8479
13689
11692
26944
15911
3069
21132
28054
4997
13062
32068
20022
3727
11623
1259
10026
14140
3844
27231
38
6015
5852
6714
22192
11475
10823
2817
4995
6167
5499
2975
28470
32669
13653
22034
2585
22398
28247
14949
15200
1072
5357
30174
23427
2906
10996
2680
3556
18150
5756
10899
19891
20056
13773
3307
16910
2655
29865
15559
7533
9898
18129
14963
3134
22013
11211
32751
30412
7300
8161
15849
6757
5223
7789
25833
15804
24734
6484
20172
1164
16903
2513
7283
9854
694
32372
7100
3405
11148
19050
18865
7720
14347
14846
17664
12888
15464
28768
17580
802
12770
21157
26369
3311
23891
9232
27853
11690
1029
14224
13517
618
25286
23177
2918
18513
6975
23767
8853
17588
2945
23057
17961
30843
17377
10250
8240
8907
3846
3742
8623
22243
16448
11435
25494
10564
15387
11869
5106
14357
28469
14511
17253
4805
10060
11822
9939
17650
667
12544
8543
2186
26983
1574
10902
25392
17877
15870
25833
13025
28158
17932
30817
28119
29765
18425
1422
6573
20969
31196
17601
15813
8150
17337
9595
21735
20929
24135
548
554
10099
20215
15360
3352
18533
25905
21344
26893
15758
7393
20501
19424
15737
2610
3626
6085
32410
12953
17107
7282
994
30486
19872
29569
6033
29623
10742
31766
26700
30813
5312
14785
31855
32450
14946
6822
28580
16827
238
26843
11957
22971
17051
27409
9630
665
3187
30839
5095
28307
13643
987
31536
19090
24824
25106
23566
22448
17344
20379
13589
15863
14863
31103
30774
31851
2155
3451
27212
6731
22442
5473
8433
32149
16739
8636
4758
2760
162
1971
27859
29165
6880
13872
9467
19672
5426
26177
30452
29356
2496
10942
17989
9373
12665
9004
5489
30714
13829
21985
1924
8554
24571
30057
8171
1398
30037
5417
13448
12871
23585
4418
17926
9905
21881
11704
12906
2673
25780
12500
30187
15283
14046
31942
28164
21976
7782
27791
21191
5493
30487
30750
23156
15775
1609
25529
15178
25190
11097
32415
32669
15519
29782
13548
24617
27367
27389
30908
6310
17380
11752
18067
27293
7630
10754
18685
17017
12078
2110
24433
13025
27878
9097
3195
14917
2418
6909
3867
1719
31085
21591
11112
11261
8535
683
26232
32740
4245
1366
14724
4311
28089
13109
72
27311
30724
26132
9897
7629
16937
23145
22938
15462
2644
14147
16192
16927
21355
21117
31316
6618
9108
1335
31946
13775
3063
9350
28080
28126
24005
29291
9816
6179
12409
6914
2745
4044
7518
4604
16659
7719
21585
25679
3282
31231
28104
21036
20661
20777
7699
17714
31791
4186
11746
30433
26638
23868
23560
23377
26202
30400
3198
9252
2432
28597
26795
28601
26287
30618
21730
30882
22403
9648
24365
22873
32481
31316
2889
14382
5410
2700
8177
28548
16243
2528
22880
1597
30331
9835
9489
3187
16447
27441
19145
12393
16707
7347
9943
8129
26866
17345
22938
2287
15680
23184
4165
20717
2446
20492
19167
20784
29902
21871
17294
12764
17127
10771
23316
13364
17755
22916
11930
340
16167
8154
15021
20770
16363
26694
12166
32130
14922
6634
23182
21961
22932
9966
18721
18037
23202
4560
2194
10523
27650
23803
10096
20640
22869
6300
23560
9644
1524
689
29739
26460
31450
28002
29234
25655
3006
24469
31550
16228
22399
9149
31429
5658
10181
14578
8010
6487
29670
23111
5227
28629
2822
4184
7713
29754
10627
290
31044
9102
32144
29208
9549
20467
24351
12403
31584
27536
16133
21449
13962
32719
4440
3809
20807
9416
14108
710
23623
3325
11039
18458
12913
31047
30242
8877
11817
10512
11833
4942
17358
6851
1397
15329
9607
12417
11199
18866
21568
3350
2055
23049
16879
15659
3231
3327
26908
188
10977
14991
32160
18637
10776
32240
6829
15705
26014
2850
4622
24460
13889
712
16560
7218
2795
14389
3170
25198
29827
7625
28377
4783
10510
19326
12791
23008
16922
21438
16717
19679
14940
23160
13534
22577
28312
8818
31013
22516
9665
1249
14426
27668
25698
1847
26866
23746
3900
828
9573
8994
8496
5472
12595
27204
30816
17743
20265
7254
32402
7367
19680
20504
12501
8358
26504
10896
19046
24648
28131
2302
5844
3855
17300
1810
12131
23619
10650
13661
10158
32029
28696
5126
28049
7454
30039
9662
24646
10405
5645
12021
25294
9665
29408
30030
28051
3908
12070
4945
25419
26137
3311
13409
11551
27863
2629
19693
25101
16789
25522
8938
32139
18945
8195
14976
26989
9644
2380
31491
24328
6824
14124
8230
25496
12373
3666
19307
25567
27768
22848
18910
13071
26253
24143
25091
28906
9567
5876
15885
6952
31445
27713
18000
19993
21007
7343
32761
30859
9137
12058
17405
1774
1151
5901
25167
18870
555
28224
1366
6913
17002
26463
27038
1914
6221
24077
15822
32381
975
10281
16090
19836
20395
3152
25721
27297
16752
419
12762
21172
4054
7370
32402
32320
4947
20025
19418
12785
25834
21937
31223
11841
24388
3850
29177
595
13825
31793
6056
1567
5968
12397
6076
16336
3005
230
26188
14442
2123
7783
393
944
26307
31843
19628
32581
14411
10550
5933
3345
9786
31662
9270
19686
21803
14794
18007
6500
32337
7361
25467
19482
13066
22086
29979
3309
32438
31499
22705
12478
23241
30340
1136
27463
10527
27629
29746
22598
10384
10382
25266
8158
6085
2878
8955
14906
31305
1318
11808
5747
13283
6087
14638
10420
28196
29759
26463
9116
31804
8135
27792
24803
12562
16769
13301
15681
23443
32113
24332
27531
23881
200
12495
800
3888
9065
14638
19843
26822
17062
21692
5961
7522
14666
21673
2102
9158
6365
25328
18083
23543
2083
30417
27170
18253
27366
28034
357
1734
14069
6946
12124
5023
6765
26606
9118
26150
22327
19895
29194
32458
30674
18836
3502
1396
16723
5588
27368
29466
1706
16438
3274
31121
16678
28765
451
7586
4668
29310
4988
14177
4740
23132
11777
19642
4612
21110
16929
31309
11697
27518
10007
24188
24115
14
16234
15041
25577
151
25873
16197
13357
15258
24795
13487
19417
30234
28942
30778
2825
26705
9038
32267
32291
29346
1473
19905
14357
7887
29553
11597
8670
16748
32754
28164
25424
20371
17988
4082
18708
15578
7930
12146
19438
30082
412
28924
7490
18673
5451
24381
23768
22626
13475
28525
23516
24028
26854
8157
4393
24416
8278
25807
8903
8807
9186
22411
10417
29580
4101
23471
3292
5765
21740
11975
11382
29271
471
5661
7787
19914
24513
7891
17198
12315
8003
9262
438
14834
7606
4149
21959
2707
1432
2683
4978
1368
20016
2361
991
2911
24181
30879
16202
32128
22317
27756
26700
6786
18514
4029
11356
3470
21945
18210
11669
16611
3830
14583
14778
18636
32378
12274
29303
31439
13310
3064
19177
1320
20005
13621
32353
6774
18268
17771
25701
1459
2565
23434
17912
14953
4054
19842
6172
13603
4219
11349
16276
16418
899
20080
16878
28754
31097
21563
1985
28285
4177
23279
5172
24765
1799
20904
21951
2103
13442
9403
29750
26374
26046
13129
16387
630
26410
17172
9906
5491
15695
26258
20660
18241
20659
2368
19548
14957
4349
5689
27182
2051
21337
27911
11865
31489
28702
6329
31618
8204
25519
32053
23235
32098
30367
28368
1268
1808
12568
26652
4393
9061
7549
20993
27771
21414
7758
4624
32524
21763
23372
21267
8773
19914
2526
15337
19554
23259
5300
2193
5425
4444
26282
14724
30742
18605
23791
19784
30547
16542
9318
14402
1158
30688
1612
3788
21107
18106
26652
5511
29700
4605
687
11250
27790
10810
5288
17724
5462
11058
5135
25431
31828
28558
9020
18510
8247
27857
19703
20952
11689
2954
19421
13101
8659
20430
24838
280
30244
26085
32228
17486
14670
26436
17774
1534
14738
27579
10366
2729
9278
15088
8568
12084
15988
12812
21293
7228
6956
12724
3839
17321
29308
10299
1605
23686
32280
3094
10993
20752
32533
23184
880
21260
20722
28351
30161
2654
11736
17590
20010
4568
2081
31996
1079
13904
7448
13373
1093
11253
9471
832
32590
11747
17495
15129
1638
15348
8795
12704
30037
27353
18638
12833
28806
31338
12534
26197
31264
9787
8681
19345
25202
25712
17415
2110
6036
1746
3528
13705
6219
29218
28088
29019
3630
24493
21951
19596
21255
23840
2982
26964
25980
32414
25303
24066
4335
30480
17252
12272
19618
2748
8779
31414
5663
4122
20217
6046
19159
29410
14860
22872
17673
28010
6493
12271
16357
27695
3390
18684
18162
20401
11008
26
13485
133
4281
13209
1139
2469
26179
20855
31648
11530
28552
12427
28153
9853
5117
2564
8519
4266
32621
10002
5189
8310
16376
5859
11452
10898
1371
209
4333
10064
25970
26330
12335
10422
18939
27728
16089
30418
27548
29905
10594
17996
32296
12154
17095
15682
29214
25176
12845
14927
28530
2591
25544
4589
28048
8735
251
13822
3231
10355
13249
31653
5122
12924
14667
29530
14885
9614
2027
1854
6518
26600
3120
21419
30385
7658
16723
28176
15457
18306
10449
3580
20388
20968
25946
19576
8750
29067
31978
28058
9616
22603
1590
26711
954
7144
17737
8345
16575
24762
31599
1937
10713
7331
28242
5711
13741
1603
27235
22160
14800
1130
17531
28119
6537
12755
7874
24255
20953
18703
29905
29839
1720
3263
13075
3343
30114
6
23921
13466
29010
830
2350
18549
19150
10474
11791
4959
19363
22252
4800
6249
9586
2041
22643
8
31403
16713
27082
23401
25753
4243
20727
12804
6815
9784
14626
3444
7873
24511
7946
30598
4965
22145
29936
7824
7771
18085
15793
5124
32028
25167
25394
22852
11855
25877
19456
11960
21650
31667
29752
22815
13942
21503
3493
20770
32715
26911
27433
4399
10271
24569
15198
30084
8833
2027
22140
25226
14987
21436
9086
9573
17055
24275
22656
17097
30576
21159
6764
10255
15556
16503
16341
29320
6009
17211
15139
16657
2246
32218
28657
17383
11972
18845
30643
32445
20013
10468
6556
28940
10595
21016
31167
6315
18612
26336
17268
671
6108
11160
21245
24116
31947
21247
8809
17997
19369
12847
32185
13560
15384
28883
16962
21829
17337
2452
11602
10073
31217
11988
32278
10942
26861
26527
28347
765
28643
30942
18644
19055
6811
28366
6396
1872
4655
23217
17852
30485
2831
6340
3503
9215
21575
12912
12515
30961
27653
12484
18819
18303
15701
29475
6067
29767
27440
24122
17596
15748
19637
30517
24937
20448
32438
16179
9137
7562
11894
25335
10133
11145
433
4832
14156
18768
16349
5915
24222
26258
8368
29719
19854
31575
25570
13113
20027
13904
5684
9170
21000
25959
10161
10318
23035
19611
14132
25518
15971
24331
14122
23352
6590
3664
20377
24684
23257
9232
8546
22331
16953
22992
20163
11380
20154
8970
27935
4223
23926
23936
17410
19021
232
23503
32096
13967
21330
32327
11037
18214
18523
19962
17874
5851
16893
19987
2255
25937
27806
30570
20316
3895
9853
4693
22341
22210
30288
25280
3221
4187
21804
23168
17057
1941
20388
17892
32328
12385
16949
9869
13690
30853
13538
12416
10231
19786
6683
7546
13657
10613
29923
19076
21589
16249
10802
21446
3902
5099
408
8864
10698
7222
6436
8695
21529
13712
20612
3277
3827
2093
28525
2837
9554
10930
2878
4293
24352
6636
28640
13100
20801
22722
4080
26758
28372
19560
16416
26062
16310
10454
16858
3795
24648
377
24871
11406
11891
21032
10704
23987
18409
5209
30659
30086
15789
13461
26295
15600
8405
31785
25875
18898
19599
17183
28172
24729
4450
32364
12046
5139
9654
32363
7262
6017
32663
29066
14589
30445
31670
32580
5583
10685
30128
3919
19452
13193
13715
4374
30359
18218
22175
22377
28542
8211
2889
23667
21377
1509
25222
493
4550
11837
29253
8594
2667
28880
2877
467
110
443
23018
715
25290
9748
6354
6005
12515
5829
14349
24349
32292
1434
7684
29460
22759
30872
25977
15528
6293
28561
15560
26451
22286
2037
19052
17203
6475
4843
15044
11194
27458
20896
23319
18087
29449
19423
26071
12085
16191
29923
25634
24978
21672
4713
18574
31378
16151
6665
10022
8101
10641
30917
11952
8967
16815
30947
18226
14390
27204
14840
31156
19625
320
28486
1350
22719
15572
22599
17733
15606
25559
10122
19675
32605
25961
19390
23493
32076
5078
20237
4185
25938
1725
16555
31431
3439
26737
23726
30111
31107
12959
26144
26515
9735
7729
26450
21119
27387
19059
19572
21414
2847
24436
3171
31038
17254
12208
21442
4400
28328
7403
26188
21785
4503
17504
10856
6036
25332
13851
4862
22203
9219
15268
23434
22507
23868
29149
19055
12488
21315
14893
28045
24961
18458
18142
1301
25686
23702
18116
4252
22103
9743
29728
12911
7534
19548
2755
23847
12191
17406
26999
32637
24463
30876
25242
8799
21059
31664
12
11587
555
2943
15948
17595
29535
1614
733
30537
32040
7635
20975
11381
19650
24298
1851
2590
1376
24969
5679
17422
8561
13558
5451
2513
31010
23607
6347
1734
4644
28363
8326
10358
7343
12695
7446
7973
16839
15395
20537
19623
9918
32262
3191
5493
18938
14495
6149
18432
7416
16646
14058
3653
32657
7746
8288
7586
124
22461
25469
6376
1813
2037
32530
22705
19036
1907
12500
3572
14657
17409
16313
29398
14367
6168
17829
32195
22406
13976
15430
19134
26685
32443
20796
12021
4231
19532
17790
10905
18086
6164
23545
11500
21662
31894
7034
24220
18747
29436
26573
26191
31317
23632
13863
23423
31827
10991
24769
23432
13038
16443
24006
29951
24376
21137
23919
23878
20188
28539
4972
9309
4263
28198
12167
23291
21063
26134
18820
24286
19283
32280
17483
16735
22924
10104
27721
31817
12899
6517
21779
26859
19899
8434
14924
11628
28143
6254
26570
5215
26903
7222
27892
663
6023
20185
8046
32573
2969
16861
12537
543
30381
22192
23700
31819
24429
11233
28391
20189
3414
27280
11746
9237
19828
2084
25506
24237
29804
20540
4244
4969
16832
19175
2268
16623
2127
21271
248
14809
16411
29011
19872
29961
25935
20141
23281
14396
18561
21492
7883
20706
13364
18730
2680
20270
2977
2360
16270
30569
18103
7649
3094
23947
28512
22517
29165
24332
1030
14279
15723
28408
25430
14816
28483
26690
9539
23541
32170
23130
1358
28183
12476
1025
16901
1066
7707
28765
5578
7064
2009
27208
11478
18759
8856
14830
15486
968
1775
24727
8116
24017
21008
18113
7376
17645
14760
4210
14481
6258
5895
3020
14942
11443
11649
28130
17874
3704
12308
20938
11640
6827
19019
11764
25299
15956
12385
13241
10146
29384
31402
19767
25697
18972
20527
11613
18451
8160
9368
9794
5439
16906
3408
14779
16441
9777
29155
6188
17058
32508
7083
414
18482
17881
26795
15634
6325
3314
9659
6677
25428
11613
21478
12437
20246
9618
23824
21235
29863
15395
31707
26201
9559
15015
23244
5454
9061
21751
11946
4232
12158
4254
20519
20993
3969
16522
6339
5709
29317
26888
1772
42
22045
8175
28010
6745
20699
15642
12794
11180
26130
28444
24377
4449
18144
2096
3524
5038
9324
5999
26782
26781
30573
8774
20690
22810
24812
4646
25689
15434
2122
10877
27709
15647
6788
6886
30207
7722
20150
412
7223
28592
5086
29237
17018
27647
19427
21645
18560
28162
14294
12288
30854
13844
31095
14044
13554
28946
19963
9749
10550
13748
26124
19771
502
27677
32530
21162
28781
21424
8625
2049
32013
6950
10642
25301
28005
16093
31335
28070
16712
8563
1577
17681
2860
4756
2212
30024
10192
14352
7222
19392
6434
3377
3028
28969
2143
27723
1613
24483
13180
22164
5843
2351
18885
28214
1719
16995
31684
22179
3188
17763
16996
28457
27631
24844
8534
7110
27645
10354
26804
4157
17702
13965
14820
20841
28073
23087
21440
24786
26303
15929
27123
18046
28452
25103
2982
27914
16084
30281
23901
1017
12306
29100
10779
23627
31151
29272
4045
29521
24201
16194
19173
8129
30290
32229
25926
5382
29587
28725
19552
12505
2800
20181
4764
18197
24493
5001
24570
24519
6513
18414
22008
7045
1866
11369
27319
12802
29682
19293
32601
16095
3921
19617
13741
20675
4418
7473
18702
28333
31130
16163
28296
1929
4455
21981
61
2
4469
17030
30727
21144
4631
25786
32095
30194
10275
21378
2686
32117
21311
8835
27841
10261
8539
1909
9298
20843
11135
29655
26373
30984
20423
30433
19072
21514
19628
31675
22943
7405
8580
14316
6423
5539
22604
24085
16217
28646
7334
26847
9145
4045
17438
4658
10447
23709
11185
19112
9757
5090
3728
17729
5363
21183
14881
27480
1168
18819
17223
19669
6538
19836
8419
24741
7280
15632
20379
10599
23469
27145
25306
4712
25775
32305
10007
6354
22601
3615
14683
5408
24150
20048
14333
14549
31904
7802
28848
5230
21760
24348
12225
14741
3782
17754
5273
19863
28506
8456
3977
8216
26148
18693
27847
6662
4010
8650
4275
6347
29688
29250
18783
2503
1093
31453
22863
23037
7123
736
8061
3596
2071
20479
160
5730
23578
15405
30126
13228
4895
23987
25504
32656
18054
30079
8309
28063
31472
6079
18809
22661
18596
17071
20167
28547
25394
22447
22541
6176
17494
10905
26255
6171
32286
6993
22639
7075
30799
28062
12587
27594
7430
21304
19303
26936
14491
23586
22509
7964
4298
16697
19954
617
30485
15630
12443
12606
23140
26353
19903
18085
7151
17486
23023
5761
11101
1085
3507
26050
11821
6484
10263
29403
13910
9663
31334
25206
19498
28051
24886
25702
20352
17248
20132
9437
29714
8966
18913
24031
23844
28361
2030
7414
7271
679
419
4392
6172
4584
10998
29990
7292
760
12154
27078
7256
15730
22566
21683
25853
7805
32344
5987
18778
1883
12313
12874
2149
14911
27043
10318
29370
31071
2081
13946
4997
7243
22965
13302
24739
3965
28351
11831
13828
29233
4189
5491
8276
18039
46
3416
15066
26502
25948
13821
9376
14931
2777
281
20692
19554
21224
26483
13934
21724
992
4761
8979
19427
21036
20181
13625
3106
19351
22877
16781
12968
1991
24266
10129
12534
16902
15819
22922
17750
16457
25115
7065
19823
11114
19376
15912
10007
15545
5686
22407
4968
25779
5307
16599
20502
20241
21932
23080
23295
26629
8960
23006
5124
18112
21171
11097
12568
8503
31606
8405
14486
11559
24997
31886
30168
4694
12409
5416
7173
21021
21375
6479
2858
18467
1096
13979
27533
10347
24674
10166
4926
7825
7048
28096
27118
29264
8726
14578
16132
21832
16320
17538
17902
15870
7810
10695
11445
29733
12762
28318
213
12828
25142
21260
22091
32695
3240
8741
25839
10818
10977
2604
4100
32195
14173
16379
3086
9088
8667
29093
5859
18881
26640
19547
30213
30935
9884
6540
12079
14685
13885
14160
12078
28606
10563
28679
21234
4344
15684
30013
1765
5279
5392
466
28796
18468
20199
26455
22027
26455
19178
2746
14557
7723
13776
5158
21892
22457
11226
22053
32366
32392
2057
12296
1209
4620
13198
28552
9032
13676
2434
30125
8215
7049
8919
8943
6091
29755
7823
20124
10126
16093
14891
19833
26905
9741
20071
19372
29970
18605
1060
32217
24473
5165
21926
28044
25374
5133
12287
25815
11637
23197
18635
15676
812
26376
31774
5580
11548
11408
18107
13457
25662
7963
12423
5930
12224
26863
15165
30389
26968
11706
10594
17138
23513
32469
12668
22692
12292
25801
29055
30523
7072
8723
13960
14769
1741
4900
27853
5810
7061
20396
19412
11263
29636
28952
4836
22804
22777
8793
27066
27913
19198
23784
14716
27574
16469
30471
4595
11802
21779
26441
28404
25086
23538
24916
29215
11477
1441
12262
25805
30183
4702
28694
5699
7086
16839
4573
27180
6272
29933
16852
11078
23151
13995
8255
30299
21102
7734
26955
20851
32437
16372
29332
17224
29798
8338
8682
32506
11376
24145
16725
30724
6067
1184
21590
29295
15974
15856
21104
25413
28342
22468
27367
13641
16048
19719
13768
17893
25953
19107
30249
11876
12092
25167
20914
11617
4540
24488
8541
17535
8778
29572
16249
24155
29792
10627
30453
4287
8943
23527
30683
20249
2302
6565
29979
8491
28052
12987
20362
12803
9945
24261
29226
19246
30840
12747
17324
4137
12615
21342
20787
3608
19498
11235
5723
29626
6197
31790
1658
1437
11280
4947
15142
8846
10400
5816
27639
27732
3811
4207
5005
26782
11548
14275
26069
11833
26417
10257
31625
29318
24145
31194
22262
2860
15321
29205
9730
14346
9081
15306
25965
18800
4243
24540
18775
30350
8931
28455
3843
30764
7781
4810
7130
15260
8819
30406
3507
16877
23598
17097
8273
32610
14368
5444
3117
20258
22304
13507
17014
20273
19061
27518
10839
14495
23358
16683
17272
2048
24849
1815
20935
2588
27618
27253
30328
8423
17702
246
23114
21683
3129
922
19725
1444
29181
11205
32353
20836
22469
26261
13248
281
21873
21107
8127
5012
27354
15080
16016
14283
24688
1714
23500
19338
6945
19480
9583
12901
26493
32634
28709
6385
24
28716
4292
30772
21296
1925
28441
27993
19344
32306
13799
14760
8372
31696
17453
32438
29230
21691
17320
2777
12873
23072
2201
18911
9195
28762
7880
11776
28608
24443
10185
9488
5268
4648
28286
28154
14081
13995
21469
25193
5195
30275
30963
2248
7304
14014
18985
621
30724
6730
20423
10769
31715
12681
26550
30340
21000
5091
19594
30110
22582
21024
3520
29561
31349
30518
23875
8669
3256
2911
22069
21500
26556
19823
8429
8800
19763
5733
6204
2849
22306
6976
21493
25179
30344
276
15532
9951
17728
30556
3261
3881
12072
19602
25233
25235
13955
12541
18460
29384
22428
7115
21418
18810
20397
1631
17884
24152
19198
29164
18669
26938
15953
27459
13626
9375
28542
233
32514
5210
29019
24429
12650
9352
5854
2040
6852
13509
8582
21798
3600
25504
12022
16916
24003
11852
10724
10171
29640
14488
16945
25724
10949
20768
12377
8699
19615
1477
18446
11569
23104
23644
7712
5309
152
931
17824
379
24289
4217
26693
32088
552
6990
15886
7269
14857
20952
10281
15402
10938
20743
29460
19772
16459
23356
1026
23314
26411
16054
30080
17940
11759
76
26456
25589
13391
7778
1462
31299
2929
22
2953
18236
27499
25786
17452
3300
25091
26503
20550
21076
24248
27535
12783
20309
16391
1012
25620
13869
17895
11352
284
20409
3478
26004
15563
7612
31383
2733
13671
30583
12540
29188
24602
21626
1249
11980
5272
14777
825
1729
31745
31970
30669
28695
26377
20974
5249
11185
20310
22263
7641
20372
2090
4681
16573
21915
25153
5819
30073
620
18173
16960
5128
14506
3776
19129
32146
3181
5785
3341
32563
10991
22820
21116
20990
27272
3755
48
23618
5852
6289
25877
6155
19795
15345
6635
17132
32201
28546
10138
15100
25479
16574
26565
11551
2674
5187
21409
30855
13443
17785
13576
27514
13175
26997
28105
15701
2760
14621
18755
27089
28123
26253
3122
20869
28283
25018
14024
17324
28550
20565
11520
21801
12262
15603
14639
10440
451
16746
7387
3271
503
12414
9169
4501
25539
701
28018
32217
9408
2727
24654
17334
15640
13330
31732
23373
8181
21197
32007
9860
8250
17540
1941
16902
3442
27107
19365
26508
7429
15102
22543
17754
29618
31473
3985
28428
25401
20163
29726
19346
12376
15249
15481
9338
29945
20456
26627
14957
29354
31858
17618
765
26957
24533
7170
29598
17937
2520
30800
32241
16033
31176
15076
8521
11419
23578
29295
13672
15683
19281
10358
21129
18809
6178
6382
31396
27112
23766
2056
26605
7041
24561
10830
9373
2088
2577
21231
20470
18348
29464
23639
13441
11517
19085
32515
5019
29593
8000
2708
18991
24904
18989
13602
12997
12297
163
29906
26812
21580
20902
6059
20691
29537
4753
3493
2799
7729
32512
6403
12568
9260
4076
22755
1988
4738
19992
25108
856
13206
9132
23079
18156
8880
28960
18633
78
18417
26972
4944
17738
20621
31006
22163
22057
30516
15771
4863
27000
12497
20073
24295
25867
4471
24220
4892
10305
32152
31024
9662
19336
31609
23719
10065
31012
14562
14834
5651
17197
6426
23189
31629
6871
24339
29191
2153
19703
18401
7767
8835
10178
10608
23573
6467
11735
26999
29040
29737
31360
24744
5276
4009
15156
32298
20855
31802
25185
16200
29291
21418
30569
20331
28822
30900
10218
25669
12072
29908
32323
10832
1549
26714
24916
21879
24525
16574
16773
10770
28336
10547
5897
4632
15653
27006
5476
4752
7524
9993
14378
13641
15443
15411
3338
15051
23462
6635
24332
10381
30539
26493
10007
1897
23045
21675
26038
26188
25943
20992
18971
30002
4259
9057
19045
19538
25491
229
4382
13205
28600
14823
25608
32333
3441
3673
26649
20260
24591
12890
26308
22610
25910
12299
30842
27668
4998
7071
14449
29017
19579
19890
26020
4286
9618
6108
5403
11708
19630
10117
22892
32
3001
2811
898
25020
12174
3265
24733
9309
22039
22827
6554
1021
26546
8743
6005
2361
16346
13662
4364
28677
18691
14460
9765
26270
4037
32715
11187
14528
4413
13063
3413
15130
18609
13422
26656
2815
16498
32278
17054
30302
10759
27011
1558
8180
16775
5497
7438
13248
71
24079
23311
16311
25269
6917
4520
1210
17796
6231
30389
21445
7690
32018
16354
19305
4582
5223
5994
2428
12773
11518
20005
9487
23591
653
28353
1184
2429
26024
5711
25745
2582
5595
13826
8665
30043
502
8756
7418
20759
25256
4778
18739
13275
25423
30745
15350
26273
19727
19177
20636
18863
26657
14136
13400
190
1902
18978
28265
10844
29277
1088
14484
9871
8425
30062
15314
12475
32246
17874
1350
20677
9189
20506
18289
26489
18278
12548
15273
23081
17549
28708
14279
8599
553
9698
19489
16406
8017
17090
32184
25323
7999
23528
28850
13049
1890
8411
5898
6302
9134
24201
14214
30424
25911
13195
24809
8620
3838
22955
7530
5064
9482
10403
31334
10087
20923
13864
14418
22133
13660
14119
14067
17907
21495
1615
29137
8350
5485
29647
8425
1227
3013
16993
20898
2454
29637
30087
3074
7995
9151
21780
22562
20164
23726
18927
14303
7397
12674
30740
26835
5156
30903
14811
644
14908
31788
24701
17626
29892
23347
24020
10967
8460
21220
15202
5506
25416
24760
661
8996
28912
29523
31305
1719
23142
7584
23951
29596
6106
35
28589
29068
23915
23691
4454
11473
31374
1927
15227
5814
18612
11483
625
27196
27943
6579
1941
26894
29237
311
31550
25783
31633
28511
5202
26643
6646
24073
8459
5379
525
8265
5371
2661
10897
6144
14414
26180
5553
27056
23632
14411
18870
8846
14639
30848
15589
1241
22785
22063
14503
28267
13320
29475
30695
3470
25141
24348
1212
22544
1516
26494
6472
30874
21511
3911
2016
9789
23837
17219
28268
6734
31748
7811
14609
6260
3476
21259
14350
15615
21934
2763
19684
1403
13693
21713
29370
18309
5884
29372
9727
2526
12729
6772
28497
29630
3288
24
5534
18027
25178
15416
15241
5385
18336
25157
27663
11956
16170
23365
23146
28364
6053
22731
22837
26512
15397
29735
19666
6895
22959
19930
7433
13722
32250
16717
27121
94
4982
194
2068
31665
24206
11658
1998
22923
24618
16504
19446
18807
16761
22167
29632
19177
11501
13848
7138
31186
14471
8078
15094
2418
17748
16222
7456
24941
30776
21360
17136
4386
12266
22827
10122
3384
7232
22433
12804
27513
23213
6662
22031
4324
15368
28263
10202
1533
6030
15512
26419
25960
20267
2415
17904
6326
26869
14895
28045
22399
25081
11335
2070
7345
7739
30013
20551
1575
6648
24293
27891
21118
16430
29654
7074
28964
2655
12318
28286
22705
19857
10805
8560
6011
22681
18480
19078
21092
18329
21815
27032
9719
12488
2873
6955
7604
3697
25822
29333
13735
2623
19390
16226
6720
3511
30416
16887
6750
15366
3365
4981
32685
14589
24790
17632
16690
24922
22075
31105
17444
22601
19293
136
7934
3626
5038
12790
4818
9365
23544
4794
12000
21403
2708
1050
21095
13391
28636
597
187
5254
23266
13959
15256
14298
26211
24524
22454
10741
4598
22440
32669
1548
31625
13735
22715
22441
19726
22080
32436
30894
12914
18687
18681
4247
27599
27108
3740
6399
20450
10758
23651
2917
21183
19323
20763
7217
25795
5244
5166
9970
15819
15813
6776
12266
26787
8251
11607
7884
8898
26065
26625
5828
25652
16812
7963
4024
9175
29574
26247
5326
11210
6736
10621
19502
4643
6683
2269
11273
10720
6456
29635
218
33
22686
11868
10475
14740
27533
15097
10523
25648
4721
22882
32480
4390
15625
4205
21384
19220
30664
30159
29892
15484
18556
10289
13926
6774
15917
12167
8554
10145
14408
14237
5171
25439
10493
22770
14360
14658
22245
25546
28703
17601
25064
24959
9480
32048
3934
16408
4750
24047
8564
23580
31209
24289
15825
23721
23959
20767
10106
5568
10844
29678
20467
25827
29064
21999
936
15330
6264
22166
13707
19954
8543
23517
11773
4863
28999
4154
8434
5443
14162
15566
28496
15640
22854
5087
6041
3850
2376
32648
6602
4145
26856
18607
21123
17598
23902
10808
4455
31955
30995
9336
28358
25496
7780
9453
9338
1163
16290
22060
28174
15127
24669
11290
13350
16489
15330
95
1818
19327
13570
21272
11493
30593
29461
972
17982
25685
20543
5794
20228
17774
31986
22993
32223
21220
31924
32599
18213
20682
24611
32494
1786
8380
24630
21564
5820
4535
16069
27978
20894
25133
4172
23863
19602
10329
21228
10030
17773
5329
30386
13717
3397
17242
15132
20871
29214
3583
1497
11909
27590
5733
5841
24168
4094
31065
15717
16794
4570
24747
29432
18310
20587
26431
32430
4941
14491
865
1651
22715
32343
27481
12608
1401
28916
10303
16025
2692
28363
19217
14171
23005
15399
30723
7092
27779
16738
15382
12915
25758
29770
24812
23938
8189
28873
13019
6064
20162
1222
27968
32692
25180
13126
16662
5231
26806
29399
10695
1650
10158
11054
1089
17088
3273
13839
7245
6869
17701
26477
9244
11751
4527
24787
18979
30571
11157
13314
24874
9947
19711
6364
20127
9399
12794
14976
13103
26826
9652
24503
408
1454
28655
29327
30648
3474
14000
11077
11754
13371
10295
25192
12435
21065
308
20028
22520
11708
17208
12125
21075
11190
12138
12452
5157
20354
22907
32334
8909
10966
26332
22619
27994
9045
20014
9269
10142
12632
11002
16786
23427
31726
31138
9883
9379
30242
20375
1870
18962
24956
25549
3105
10878
22986
31596
23528
11899
19999
3785
31992
13592
2845
14996
20877
11958
14960
20819
13161
23066
31643
8462
29374
22464
31223
16716
15438
1906
9208
32063
10961
25626
26547
11836
1943
20949
6301
6766
32366
4680
25238
11210
18630
21303
28198
4933
5139
2899
6662
11333
10099
6484
28130
13398
3217
22856
10845
11039
16329
9259
6742
28308
11149
28087
2409
26477
29447
29821
953
22998
20479
14389
17133
11880
2048
10835
27769
18264
15542
19675
1311
13806
7067
13173
15797
25657
12499
6852
32040
1794
24915
2548
19393
27646
20553
12946
935
30791
13240
673
27302
27405
23651
7402
6446
14473
29933
11155
21151
4403
15422
16627
12995
26933
16169
15013
21660
5151
21835
23259
22113
18652
25910
3061
24259
8677
13263
595
1908
28084
17140
12391
20714
25468
866
16654
865
4119
24022
3104
8479
3904
22387
14661
19963
25858
21860
1291
20512
2928
17346
23606
3599
2199
9144
16728
11747
8369
17637
12449
14809
30876
11777
30199
28175
15498
30916
10569
5004
7929
9475
17697
3201
17382
10013
2937
30158
27709
13717
11472
456
30101
6656
25981
28730
538
2338
1346
18346
23754
18004
5412
13277
28133
5672
3962
11677
21406
17488
24133
20409
29463
16572
5055
32078
5516
6147
4407
15685
26063
19204
4123
28445
25076
18893
16727
15594
5453
5564
30429
28318
11929
20195
2949
648
18040
12465
32024
12058
27170
16847
27815
12783
15961
15177
31010
4109
20124
27374
10278
11111
23710
5369
20757
20902
17398
6385
15980
10280
17944
24013
31057
6473
21124
18780
29548
9954
7997
18148
760
17936
9597
8458
25882
10295
22183
13041
14961
5446
7549
13478
12782
15164
32659
9916
21990
5867
29443
8499
12133
23035
15459
2463
13254
29235
26868
29829
12416
5620
14620
13833
10563
31238
3863
26054
23620
5272
13801
23038
24789
4481
5271
24051
5176
23500
8598
10132
18613
24692
10884
20572
27370
28268
17430
21880
4451
22498
30290
25384
10858
14533
30974
28519
15392
1669
5208
26574
27341
19738
31239
30390
14709
15687
10834
9117
14508
28704
14736
21195
6058
970
2527
26676
19362
30082
19737
4513
16720
23776
25348
31755
19666
27741
26569
30791
19384
23316
1704
21225
11614
7109
25833
25442
21882
1311
14614
5739
3313
20287
25191
30631
29935
2676
5246
32387
12342
29509
27476
8802
14006
18357
31604
31223
1886
453
12903
27121
11315
6971
7023
9950
17567
16034
23672
3657
2571
2450
32587
6950
688
17457
23301
31089
22185
12794
12743
32017
31565
24509
22192
2
10429
4839
28680
27571
19897
15876
10686
29101
30136
7810
27669
14198
21815
26552
27290
31157
28753
7975
8025
27286
3984
3583
1616
20336
30467
27621
11556
8614
5008
9971
27411
14027
4748
27904
21802
13321
6025
23074
17080
20675
1135
28786
30210
11385
1999
15631
15672
15340
25971
20070
8104
4483
11578
24496
27442
1262
21539
23995
13820
32265
25511
10478
10343
26371
13132
14472
9025
2495
24695
808
5692
23674
30849
20626
6814
431
2318
22704
9787
32567
2714
21463
27296
28853
22869
24652
13458
14641
12337
24839
24503
30723
23097
14774
12946
17651
3620
3077
14005
30622
10282
23069
24881
32284
13846
12906
8018
1759
2461
18594
7049
478
17646
8195
20138
15603
5514
10972
12631
8066
4438
846
8636
18780
27118
8532
20862
6371
27197
12801
20461
23662
29259
29705
1153
13039
25941
15747
11652
24531
15907
3821
14092
5673
15766
22385
32300
32519
26497
20070
21611
32553
16825
1562
22389
32732
2416
7119
28945
16154
21182
10499
4947
27383
18049
23029
1299
3132
29287
19812
21150
1105
24393
8602
13994
8800
25019
21161
3984
5047
22753
19957
13493
13166
20356
24306
16457
32074
13156
22831
8501
10210
5840
9108
2382
10752
12405
2280
3023
12106
3444
29077
6
16418
10679
27312
31821
8394
25220
7732
32060
11212
30546
8334
3357
11161
3292
14175
32672
30576
26229
32125
5585
22401
18843
2107
7750
29779
16334
29162
26013
21859
10915
28063
2854
13070
24084
18487
3548
8112
13594
31385
9626
19470
21630
12603
15499
27377
4075
27880
7395
30740
9545
8384
9932
26176
16966
29056
8867
30902
2101
31235
869
19405
540
14601
11620
20700
16648
3128
5439
16730
4772
23648
19216
19780
1546
24323
17895
2239
13017
4373
888
23807
30344
20224
20496
103
7162
11755
19150
14834
8530
31292
31247
29649
4104
32603
1066
24918
6973
31929
24670
15376
30795
27666
5128
23608
9633
31983
20505
12363
5070
26990
712
22521
25819
2117
12676
26174
13790
16389
12077
3791
9932
16284
643
17079
5263
8222
4319
66
14680
21445
24865
23066
10039
1590
2793
31152
20713
20997
9738
8413
5361
28540
20027
28362
32490
16536
3856
27661
13083
24149
19497
8724
14412
2859
31146
16839
5080
11993
14570
7529
27652
16225
11632
31167
9359
15188
7707
31349
10634
6479
13984
11709
23658
20678
32058
31545
22364
24576
20636
31259
31448
29539
555
29323
31097
4594
24682
3657
22028
29460
17845
31891
2023
24983
32563
3401
14716
20468
8198
1871
21805
469
5316
15923
21602
28372
2859
11023
1241
17030
528
3249
14398
7608
5529
21242
4604
31992
23468
22916
26450
26712
25767
13703
26025
20590
13394
6910
29477
15519
18194
7429
32122
11934
30559
19846
11009
24367
22391
20
8715
14385
21332
13335
23157
12251
11996
27178
11644
26950
13401
26817
6099
15915
10024
13327
25075
5615
20149
15655
8883
11740
11687
3169
20504
14002
14679
27391
21102
27486
9607
20496
19863
1289
6225
5269
5284
12372
23133
13027
31650
26594
22359
5448
31670
22552
672
14321
23917
12320
29764
8715
23885
1076
21037
31273
32432
9497
22934
14822
210
4329
7362
17611
10792
24854
18669
26227
24051
22956
2179
31724
12310
32214
21904
19553
27428
19876
20599
21750
15550
4363
28392
3060
31772
21550
5900
24358
16105
30939
31490
29059
12372
345
18575
23564
24164
30817
273
30200
29067
6762
3509
26639
639
9258
25578
3924
581
27225
19990
29414
26766
7864
11399
20776
7239
26194
17068
2080
19052
9473
25733
23837
7965
8757
6232
26525
5363
27377
166
9069
20116
5398
8797
28178
11909
18404
23375
29544
8512
11710
7395
19849
19847
13101
16138
23536
7927
14120
32629
5599
24288
4243
262
23549
20308
3333
24452
3396
31870
19662
11154
25370
14389
8249
25314
22718
29649
18958
14502
8678
27710
19291
16967
29863
23631
7284
23642
10900
10580
30521
23504
32042
15854
5783
24428
24940
1826
3922
21883
18122
18349
9729
2495
15687
13719
18010
20396
18139
5643
32687
7383
22550
19302
10937
10155
19463
2446
7317
24157
20316
9349
2828
18979
1738
11582
1559
12961
29872
20655
10914
5540
25079
11559
29329
18195
20028
4578
17921
19747
11057
23771
12752
19657
26432
27361
26463
6773
2930
19949
27030
17149
28816
15795
2857
8407
20360
30327
8730
20876
12561
31266
5248
8041
146
26517
8838
13176
17984
23613
4534
9135
19591
5095
7544
12646
13484
15062
20693
19471
16048
9747
11649
11297
18551
26117
17433
6741
18474
26433
8617
14101
17881
5539
13937
22065
6245
13726
6633
17109
27037
26576
20482
32696
17831
2778
29615
22421
14754
28526
27300
20959
17801
4778
1629
24497
9562
21156
13923
21764
13688
20806
12235
548
30286
31068
11775
357
29494
23019
12481
3345
4249
19396
23404
29094
1367
5466
22909
28734
873
209
27731
9551
21445
6231
1587
18324
27009
31927
5775
21323
12348
2603
27528
30113
6586
16242
19633
19563
11982
6947
13078
19990
10109
25409
17021
28129
20064
2831
26603
20553
13130
11046
16746
9157
28971
16324
13066
29108
2868
8551
19750
31636
9532
27547
26600
30836
7011
17936
6159
18092
15605
17391
24816
26059
11921
19822
18363
19665
14218
18339
11264
28831
32397
28309
2418
3755
31108
5529
1770
4088
5307
16860
30383
6214
21825
21308
11252
5510
31378
12124
18850
25488
25458
8951
28248
22552
14876
28020
25008
19166
11164
10939
9925
28198
11898
3912
6130
2920
7320
10877
28636
30792
9309
9021
25522
22472
21779
8886
12979
31677
19086
24958
20209
31360
15375
2786
853
19685
29288
27259
15076
2161
26976
6146
19776
2503
8280
5476
29810
9060
24111
4889
20454
9356
27748
20146
6327
19588
3450
16306
27438
32258
12961
1695
18821
18146
13458
21081
15344
4122
5051
12202
12766
2544
924
30493
2171
10347
17777
19732
23162
17415
5649
26645
32019
12972
13078
4453
20039
27873
15166
5080
14443
4926
28177
3303
3812
26655
3780
21507
10288
4512
28254
27689
22822
14277
24857
13239
13694
21240
8971
18046
14739
16057
28677
17944
16744
25745
21180
31867
28905
4935
28454
3279
29044
22103
19495
9853
10392
24992
24685
28297
19485
25949
26265
4897
30532
24150
15519
15734
9551
13912
21103
21962
13636
18658
27605
19914
23279
8225
14749
25887
8486
32286
3580
7232
24913
1591
12331
18826
21545
6860
4949
1170
8127
17210
29875
23482
1728
11789
9462
2050
7416
9073
229
4897
9494
31722
23879
9173
31663
28485
27139
25719
13189
20431
20614
14290
18184
1476
4453
12341
797
24330
25923
31943
3871
1823
9462
16667
13859
15185
31973
2820
21889
3885
28596
23211
5264
21817
27684
28894
18864
32742
31284
22443
12430
3776
17293
22830
21923
23528
31516
22695
23294
24004
26625
16847
31300
12533
6056
621
26613
32393
31541
16932
31728
4722
29734
19599
17210
13879
5171
24976
24315
9194
5241
24548
21705
9562
18392
32251
13353
13193
3226
1287
13651
10849
341
16980
13622
25762
274
8919
12988
21535
10926
11529
12623
27178
30593
19702
9372
25677
9534
9872
18839
20795
30490
25162
4287
25093
4657
10210
32163
23441
31013
15230
8101
15433
27400
28923
2046
27152
10620
27010
24834
31866
27160
20316
2725
30524
30478
1031
24639
2273
17163
29833
2956
8639
29791
2052
2295
30506
11102
23691
16664
18151
2054
17972
23419
28387
13026
17518
11939
11557
27949
24981
29006
7170
27707
12484
4347
16016
1045
24043
20906
12637
25956
1057
6883
21344
29328
15931
5625
31535
28712
9629
400
3187
5253
13136
24157
409
15018
14165
22829
15819
15471
23097
5673
15135
14303
23786
16728
26894
17374
2761
2149
20263
22543
4608
24995
18436
27636
13846
17486
26750
4439
4289
13844
26397
3561
21755
20947
6098
14378
18519
11173
20457
7048
26262
13850
17977
10187
25461
3268
17310
28592
32458
18425
14249
15060
24271
15828
1429
28372
25790
21629
7549
5043
12190
18858
13773
30588
16732
4966
14583
13608
31261
15890
15207
8897
24019
27561
3512
27336
22542
22600
16168
21717
29206
2029
9289
381
12086
382
13818
7544
858
15118
23702
20483
6109
7005
31595
26756
21148
13469
20590
3949
21327
7292
31788
32354
23321
1374
17924
926
21085
31978
28820
21651
24788
29641
12913
29648
19420
29354
10011
11816
3859
8330
19504
29457
25381
32306
24287
3146
9954
31489
11680
30913
24212
18155
12834
28339
15759
1474
1925
18709
28169
18356
4298
25651
2860
27414
25480
11671
362
19296
19168
27436
18705
24952
30386
32163
12063
14643
11025
8726
8279
24601
1013
30443
10900
12648
8496
18428
10334
9052
20132
26100
19131
31150
31922
3324
30023
346
7414
7832
8327
14758
14129
13003
13947
3680
19078
17538
7538
1895
20202
32048
25890
4461
27350
25525
18936
17402
12606
29316
685
18612
31687
22789
3098
18399
13621
27704
26445
32288
10274
2716
32220
24454
9718
30543
8313
27594
6675
28790
21447
6102
23888
1247
24429
28805
23977
27877
21352
23210
28213
27284
30629
5203
21336
29966
22991
23375
24377
13101
28006
23789
12918
2410
29201
21255
29975
16126
5173
29247
7105
32327
31686
3465
3372
13420
15709
4842
15319
5188
24971
17791
2043
16500
30318
22720
32189
24792
24449
20742
17319
10021
22456
19787
19801
1740
22989
7729
9852
9249
25300
20038
27128
16060
17174
32647
14695
6943
28956
16931
18633
12186
4874
18561
21113
6252
12847
7299
1888
5931
19673
14861
20328
8550
14958
12993
28211
17032
5560
16141
24590
21759
8577
24680
800
22174
23392
30936
24807
23616
12498
31672
11238
26799
2700
7096
17815
10948
8720
6693
24743
26319
21887
7019
4962
3896
28078
9432
28269
20583
2683
10146
27571
5090
10594
15660
18849
16053
31307
30853
9878
12055
30374
28977
28821
15690
28346
27437
32062
17347
314
16429
24060
29323
12570
28200
17535
29157
3488
28438
2925
6193
8382
15865
14164
14096
6047
11546
996
17353
22912
29077
20827
24300
193
2071
1600
32565
27196
22247
14676
17330
20181
12579
14278
12584
6994
8013
15270
24244
31342
4358
26268
21934
17704
23576
21722
10450
19809
11450
23631
1698
13990
19216
19485
19206
20811
23026
16462
21558
11193
29422
24002
7897
19976
17296
2668
28015
21457
4064
30143
32492
22589
15917
1378
6309
26722
20489
31275
26480
28624
27797
24907
31751
21350
24575
9670
26286
11883
13384
22055
13846
26074
18251
29297
23936
1532
507
22104
17957
7740
5356
5041
4054
3896
24085
20776
17632
32532
23508
305
1330
26643
20786
1345
27842
30056
32617
4413
14636
8777
6307
25395
29340
20294
20485
9032
7151
16857
10988
32753
11797
16958
30582
23142
25274
19332
3141
5972
4645
485
13695
26578
10336
25427
29465
7831
30105
26195
27734
25962
24008
31502
15498
26329
11154
8869
32036
16430
2669
4294
12523
20383
27654
2941
29832
12997
23776
32076
6213
2384
3133
28029
1812
20472
2881
21175
7891
26551
1877
29648
24014
7477
970
19170
2438
17540
22206
7841
12977
15629
27972
17899
14977
29130
6847
18849
15657
10678
30607
22710
1438
15490
4848
17029
28314
32650
31774
27496
21735
32519
26302
28550
32474
22406
28281
26604
7454
17305
15850
1504
18610
12748
7354
30833
8757
30426
10505
20563
30306
28705
16400
21994
3031
10836
23045
1445
32282
24688
23871
9869
18909
26353
11419
12062
28289
22341
29982
27733
18650
3969
32476
7946
2866
23123
1304
896
30352
21303
22956
30523
14650
23278
22444
12561
5752
12333
26950
16260
15259
146
9452
16719
26174
1499
17846
3135
16332
858
769
13892
4674
14244
2909
13512
14902
5770
9894
1599
31257
24394
17264
6656
4793
25350
29608
27219
17673
3956
7289
31947
8485
4568
23917
15574
18065
9775
29397
25746
31169
26285
5994
26594
13023
12138
10548
5570
2504
27225
5547
25559
9048
22393
20765
6218
999
9551
23887
17879
27411
28051
9063
20001
7360
27178
9481
24137
15198
30292
18625
6590
5995
12327
17825
26455
6200
20028
29227
5279
8687
32168
31345
17264
7381
23597
16762
21955
461
25266
29160
19398
4126
21489
472
18479
4213
880
11786
11984
18734
2226
12354
4460
1999
12974
13549
24266
25557
20352
21512
2055
7860
7263
4414
4144
17689
29135
10064
14865
30066
23
8890
18503
28592
12278
3988
925
21067
31634
16054
31637
10375
21425
26143
13636
11767
25899
8344
15459
27455
21152
4244
19108
4125
13926
10843
31042
11947
197
26983
12508
15326
1639
29966
19331
31059
21258
30818
7442
11339
5240
12630
21949
17908
12729
31522
29421
24810
25223
22504
12876
14333
23298
15767
15131
31285
24485
10768
29132
8211
21881
17031
10701
9754
8840
556
10658
20622
29333
15371
13622
23676
13322
29745
4723
16890
24882
21521
15376
27568
27048
15910
13994
1943
20496
17625
15383
21761
20484
2212
12535
5082
8273
16760
6283
31021
9572
30556
31435
19689
10239
11864
28850
5350
25649
2449
19165
28963
1156
10677
1620
3410
23928
19097
936
19350
32048
25633
13374
3211
25452
21089
12778
14471
30135
18689
29887
28191
994
5606
6950
31213
28848
30478
30766
31633
21203
1980
23587
23542
8727
2262
19298
30935
17630
2187
5995
10625
4556
11576
3640
218
6595
10125
13262
28834
19986
4076
14865
12793
22249
13073
10972
5921
11793
4600
30801
10886
20953
6395
26478
16123
9300
21052
2273
21831
19137
5954
13342
31456
8523
1511
14510
1526
5875
15473
14794
21171
1482
8447
26664
26050
23395
14375
3605
6158
9608
20189
8644
12236
22316
31638
20966
2747
22945
15022
16506
15786
15883
10759
24551
19772
8981
10228
9800
25576
8930
22869
2823
10563
23879
23299
685
7810
29239
8814
27896
9274
126
20868
10543
3435
31922
469
17586
25533
29799
19189
30677
16649
4515
2082
25838
25115
29330
8487
19885
22199
10618
23168
12972
29401
30960
28863
4423
25921
8269
815
13230
5935
19548
4534
18232
14700
85
4608
11515
8841
2831
24537
14489
25195
23665
3291
20828
12040
20266
21322
10630
3691
15009
12348
32738
25086
24879
26877
8095
14088
3725
32689
4702
117
31368
23355
14474
7638
17404
9822
15336
21416
6143
10786
4207
6361
22877
10106
30553
23944
23621
29731
14458
12045
2625
24271
1489
23865
619
7811
15709
1246
2527
20798
32049
9106
24684
19931
15819
6321
19855
19768
26274
14241
31137
11928
4350
20314
26447
23366
27916
19237
8523
3452
32050
20643
28737
32386
7072
32530
11533
16410
32296
13260
811
17692
11343
30736
14190
23902
7076
31749
18165
10454
26192
17148
29276
17923
20463
25846
2351
16264
3230
2406
2468
32027
32341
32568
26761
15261
23672
5649
5499
20618
31144
7385
3929
15508
7135
10615
7416
20875
6844
3547
32280
28544
14363
7746
10391
7466
26345
11445
26085
32649
29751
24019
25784
29896
18060
15057
4865
22120
10112
9407
21534
9883
19334
3341
26449
11502
3082
5965
4721
17963
1980
2106
25823
27518
7467
9722
9916
13526
29589
28064
18521
23182
1533
16885
26095
31309
25727
30584
13201
9003
8161
24995
25950
27925
4970
17776
26619
8050
247
21788
32065
11014
13131
6443
4402
31511
6823
27308
23346
25039
6042
25278
8052
9186
26651
25427
9394
26481
27349
7476
12833
2605
11458
14150
10660
8895
29947
31499
4671
12648
17103
10859
9935
17380
29202
25269
15609
4245
31159
12513
6241
19677
30882
15128
32284
17100
1207
9078
7271
27131
28727
2062
6809
1975
31052
17454
25942
6754
6114
22245
2822
5143
23993
4803
15493
10381
7352
31456
17948
12862
18309
28959
5297
29384
16466
6580
6970
12947
2554
6116
11384
948
3916
2060
7393
11281
29862
23269
16606
31430
10183
30214
6966
3272
8670
15787
20426
17608
4070
27572
11908
31323
21814
22513
27274
9303
7252
5532
20919
640
27147
2599
6219
2660
26301
24889
3297
7043
20986
499
18594
16051
21584
26999
12217
29891
9061
3755
22022
22623
11332
13114
7191
5939
14325
17884
6228
1620
15952
14808
8313
21979
23314
30663
1866
10195
6449
19354
25218
3669
2157
29662
27916
13553
20776
13887
22901
14672
14967
7499
10402
30488
22137
17273
22718
19216
18664
20330
119
4485
23533
1390
10858
25580
22329
4682
1243
22984
19793
29497
14762
20686
21289
7984
642
71
22005
21862
19796
23479
828
13588
1284
2236
30510
633
21090
27704
9527
15650
26971
4786
11988
27496
13937
30714
7334
16186
104
29196
11717
30749
21058
17207
12630
9840
16750
6015
7776
13301
25661
28991
24027
21901
3221
18707
31498
19011
6889
25844
11787
2956
32104
10917
29869
21197
12149
29007
11649
6174
19800
5736
26932
28238
4147
23000
26139
24615
17975
17759
27152
13043
6935
9009
28285
12863
17597
18404
21174
26846
26685
13196
2188
27441
19207
20005
28447
5798
9312
17201
20467
27263
8979
16545
12870
24021
31587
7417
30881
22236
4421
10416
31918
10088
4812
11989
7497
12976
5861
26873
29401
8274
5188
27208
7649
16536
17566
17913
25554
1530
18457
29929
3620
14308
7425
16002
16292
17081
16316
10466
13328
18711
1792
13369
7649
23133
4163
25971
5736
29290
20595
25624
21532
9896
7400
12144
6963
9290
16535
12010
7279
25553
29064
8638
13883
13781
14986
12754
19446
3330
11557
11739
10127
10593
28624
11972
6482
2264
31844
11347
18945
16629
8913
17674
29479
9703
9231
15691
29097
25293
31064
31168
26270
26420
7061
30970
23136
19930
24342
4184
5603
8376
14213
28715
9798
7744
30749
13079
16040
25572
25623
31933
27709
8663
9061
27542
20641
15383
28579
25122
22124
31915
3403
27459
5126
15145
25896
15843
20669
7548
21005
9181
24596
21988
30406
18459
18270
574
12367
12284
24972
4230
30788
25592
30020
19610
19353
2950
28979
31553
27019
61
17059
9835
32470
7226
31312
32443
4393
18371
13175
30274
16087
2601
28977
30862
9935
8691
26111
25571
3278
26680
22950
10184
3539
845
8509
11461
30932
11425
23940
26988
8111
3556
29559
18582
13411
31087
29475
17647
1664
480
24761
23989
13532
13572
5089
18620
10120
32251
8528
1462
26114
29334
669
14001
7596
4100
28752
25057
27773
10926
8765
160
17399
5471
27152
32691
30809
17320
23592
5327
20501
27523
31401
3419
10116
27190
5836
31352
31961
28794
23674
24127
30804
14813
15386
15945
17592
21349
9895
16245
19454
13686
20485
12005
11339
13557
27541
7242
31008
4014
5895
26978
7376
6131
26479
29375
28216
17286
19611
13769
20138
8634
16036
6150
25642
31956
27076
13209
17373
10935
19559
19721
8382
20673
31621
22084
21139
7920
302
8932
18720
17993
2407
12720
16282
11898
20788
12134
17502
11966
3062
5816
26851
19969
13047
4500
11757
20037
29508
32680
4
1860
11707
17958
22565
21590
15716
19652
21687
6550
30725
19464
24256
9280
7408
20674
12121
27230
9760
6362
18784
28068
12164
11595
15212
17816
26779
23920
15878
5366
17473
32639
534
28242
23241
6739
17307
27647
12875
23662
29855
32560
24895
1086
5227
14941
16203
7583
1783
6888
6234
14498
164
5633
5614
32140
23085
27847
21175
16930
24795
2991
19556
1060
30457
31018
10169
27928
6280
6018
31458
17224
6196
15877
4615
27662
10374
28006
25120
25423
1370
9056
7691
19526
20884
4508
8667
32643
32015
15317
10356
14899
18134
16698
32597
21153
12183
21780
11444
5629
28756
10920
15312
13149
18780
22623
9091
22529
15738
30244
31510
24795
3436
31502
29018
17742
1942
7743
14836
7991
32760
16140
25849
29738
1118
6238
21691
9214
8406
17239
17890
8331
18535
19769
7614
21170
13824
25732
29403
20638
22959
24927
982
18762
9747
11577
4208
18755
21012
19888
18657
15536
25297
5810
18287
21135
4570
18402
18494
9537
25504
6461
4970
19529
554
31485
19795
15185
12297
3261
8504
4717
26509
4063
31240
17316
31289
22827
15732
12717
17525
1464
15689
11254
18819
30480
21245
27627
19380
23183
22919
30580
13532
16396
31092
3263
25347
956
31544
31553
11613
3922
5058
3575
13693
13931
24403
27378
22725
12842
32399
3090
22049
31
2517
13586
31733
10350
20172
2756
29267
12077
3134
12190
30066
13581
8234
2422
5211
2877
23572
5258
18406
16011
29600
26563
30181
24013
14687
20027
13471
32639
7657
6652
25216
19117
9516
5131
26126
1812
17923
11685
10783
30852
26635
22216
10825
2440
29618
7669
9115
2377
10384
32053
15754
176
11771
30810
16174
25291
4565
28807
9391
7282
10665
20722
10490
18218
2550
30953
6072
841
1995
1811
31616
15707
30868
27129
31819
25285
9268
22980
553
18856
7508
8008
28723
20488
29690
19522
3009
30254
30301
18654
25565
30794
29688
23165
19703
11101
14045
1972
17626
8534
10060
32152
21214
22651
19844
23097
14431
31243
9689
108
1391
27682
31495
22734
26056
15068
15046
9221
14852
7357
30878
16969
20753
5713
4861
5156
21983
271
11911
22645
17755
31107
31661
11195
161
30893
31361
3216
20333
7332
12488
2420
26323
25726
1617
31692
18481
25460
15238
29738
3169
12098
11841
15311
28467
3533
24801
3951
12058
9736
30620
30516
5413
14360
8215
24581
14641
8375
5939
23047
22110
11222
16682
8292
17343
31366
2012
20044
25942
24
29539
25914
10559
23171
12525
2169
25899
2567
31691
4582
10256
19472
7365
25591
21535
7517
29617
7420
5367
10081
16196
4005
1560
7402
5927
9413
7578
18944
19533
2645
12063
23312
9093
21436
6918
8010
7755
28494
32225
19015
17892
5394
29737
30959
11434
4808
17969
32154
6564
6442
4185
14197
4697
28275
15236
31016
14054
10782
22988
17077
9295
24048
15220
21155
20755
20536
20509
21085
6147
11094
10301
8661
25939
18042
10958
1644
14834
27566
21315
16662
30999
16151
3008
20409
13341
11127
30602
24023
26768
30711
16829
10349
25736
27428
17469
22811
17717
7991
6894
7300
17340
27545
30504
30712
17473
1958
18277
8785
23365
19122
1853
25626
15667
11593
19349
17143
19509
28603
24339
31808
14412
2520
725
4848
26016
18425
10082
29886
3349
14656
12768
31369
19230
21280
8584
18425
4310
28191
10584
20068
11085
32730
4615
30446
21791
13898
30782
14325
1612
22599
15109
6572
30275
3914
11900
28165
1088
32375
26315
16341
31192
19163
12123
15667
23507
30962
583
8480
15673
17260
5133
24686
18607
20272
18314
7642
29700
24738
7717
10620
4616
30241
30794
3937
13981
27604
14874
31094
8464
3239
10336
26791
8361
13456
4551
2377
10112
26647
6219
9909
32659
1301
12014
566
22038
28860
8108
4390
4362
26327
11696
26195
8977
20051
10184
19112
20865
14079
32535
18697
8375
25744
13834
12670
23214
2792
15245
22420
25552
8088
1662
4096
21003
25763
1377
12678
31272
4229
13910
7449
26456
14195
31561
4420
28944
23013
32361
19656
25367
15442
15067
17543
27614
27706
32175
28832
17679
5738
29459
29916
19048
4732
5062
10313
29386
18333
1744
16420
24461
20115
19313
8700
30231
29950
16215
8469
14253
1501
21779
11019
19336
31573
3790
10167
28460
32174
4408
4182
16629
21407
25282
488
6387
10187
11021
20183
25592
18315
1698
21465
13550
16110
17123
5143
110
30206
5698
24719
13967
13125
10416
3767
12028
10128
88
611
6986
26355
9870
3816
29576
29453
6402
29570
4375
14989
23354
30451
27580
12789
15423
26221
11507
27039
9366
31666
3462
17661
113
28282
12639
14116
6695
13589
30106
10380
30946
14417
25823
27153
6039
32414
17903
22846
2108
4720
30844
6603
22325
10213
5182
2148
17167
17832
32323
19117
7280
29973
26759
8322
25166
15774
28612
23171
28256
28525
19339
6608
17874
330
17556
15633
25149
1472
25939
7866
1750
31611
6347
2189
30182
31989
11175
96
6778
4946
25479
21024
31323
12424
8344
31510
1088
5314
15719
23145
3651
8967
8439
19172
6290
26902
14097
2554
10343
24213
17115
4103
20282
8043
16300
15833
12853
9579
17439
879
9704
17714
7014
25600
12862
29266
2273
31552
4783
3760
27119
26590
1720
18730
10757
16209
1672
20349
15613
28372
12285
22374
5040
11695
32718
17160
16070
25785
11018
25742
13261
12059
11457
9489
26761
22614
23552
4796
14475
31624
7683
6702
18693
10219
2215
28447
24285
11934
2334
26695
23296
32168
25318
21115
20729
11322
6908
32538
27586
7220
9037
4519
5338
21739
23149
20663
4503
31529
13195
32270
2750
2678
6821
31237
12881
13206
26872
13871
31656
1107
32187
15163
6595
15485
20236
17948
14303
29742
1835
16488
8263
30546
486
6142
17773
31335
15956
14828
24889
3202
6342
13456
7841
27283
24827
17661
378
6121
8339
21407
142
24569
9670
9251
1518
9563
9814
15505
18826
8725
3778
18363
14846
32028
20925
30427
26543
22808
19422
9848
9751
16488
3993
19081
22365
4710
11630
26077
5673
21996
19552
4282
12726
5399
9897
21189
12329
9802
16044
21537
19233
1654
24619
10715
6799
10393
16826
16774
25032
24197
23156
12322
13016
16099
16364
26691
23577
11383
8295
7023
21509
25254
11592
19143
5961
11061
2507
19177
11546
8531
4598
16150
17868
9690
3533
20368
10145
26834
9414
8006
24031
11319
9596
17587
24101
9211
30119
18948
6142
5967
15948
30841
8887
10015
10289
29453
32110
24027
15508
25689
5484
27773
15900
17334
1717
14536
3600
30114
19164
8397
29127
19301
18972
6068
19552
9716
677
32697
8371
16405
14900
25973
28550
25540
28134
95
17925
3797
29774
7314
4204
19164
1477
20945
1287
15434
7937
11208
15196
11480
29162
10132
17319
5417
22696
10886
21126
27050
32513
22052
21750
11966
13794
23921
126
6168
9531
16239
13226
14183
20496
2785
15035
32313
7886
3925
19613
5913
25563
8034
21529
23035
3696
18479
22860
24539
32683
8756
8024
31136
13792
8005
19033
3654
16945
31180
8603
9276
15454
10582
16906
6667
10462
81
21737
21049
1326
22291
7879
22125
28265
26655
31407
13779
5657
16804
5536
8898
31052
28743
32316
5021
3563
18210
23748
27383
23112
26893
26436
27386
10998
30492
26123
30729
23261
2153
23646
28324
24973
20243
10606
4236
7123
3718
13703
19752
650
18173
32649
26920
17332
14918
7836
18792
29130
11717
3104
25879
15696
3516
18915
8984
27819
21962
14487
9896
1591
25265
12931
20290
24725
4444
15992
28607
3394
20256
28423
194
20846
32578
16881
21075
8459
22969
5087
202
20516
10038
31827
12527
28272
32354
9695
22367
295
26214
30357
3890
3860
689
7358
17370
13036
11253
21455
12878
10206
6771
30104
1385
1131
1401
11199
4492
6008
23593
21869
29579
7073
31611
30023
5831
13521
1414
15264
26263
27663
15867
236
12013
7579
4082
17528
28726
3386
8425
857
10881
5326
5385
31651
25572
8489
26796
12251
28187
28963
797
16046
12147
19178
26270
25314
29415
7066
8624
12174
904
13582
25998
23686
5922
7669
26107
14106
19484
10280
26173
2816
16032
16699
5994
6030
30972
12625
11234
25900
17224
15413
17437
3850
5705
22695
6311
21774
13718
29172
1384
2577
13561
26570
23081
12874
27928
16457
5204
26122
9045
16477
26107
19626
26866
24140
11804
17346
30073
17035
17956
1692
91
19158
18609
27113
24023
17279
13724
32690
25373
19207
5943
14225
21940
5099
3283
20256
27161
30912
24198
9906
5545
5762
32299
20033
14272
24874
6569
24232
24099
26238
8825
29458
10395
13101
28258
22195
4067
3611
21895
15030
5060
32250
29092
2166
5247
19738
25237
9200
23403
32642
15384
12921
5855
28479
211
14764
19794
764
20121
10919
3009
13011
8169
11639
21330
20323
18103
16592
2614
16163
1135
513
29651
9717
25400
12584
29731
11007
13430
17826
8791
20662
22674
9926
28353
4923
13309
23763
24560
16619
30066
20006
11037
16690
4476
23729
11206
15775
5945
30632
32408
24894
16989
30077
17298
8738
28281
18959
19304
18753
20350
27935
13349
11397
4989
1283
14613
20255
20912
10654
14818
23583
27326
21391
15613
12097
15931
19369
28991
24586
22894
11939
29393
788
856
22801
22345
5543
18929
20371
17685
18312
29877
30541
6685
5910
95
12951
26020
29586
2037
13813
14703
22975
16132
10569
5674
7851
24877
26951
30471
23756
15072
32042
16552
14158
12136
5285
5951
26540
24616
8733
24564
18814
22820
25877
29063
22674
26307
30954
14390
21821
30931
15296
20705
755
14029
8636
24428
13590
10586
18548
9317
7692
7447
24227
5606
5268
8853
13346
32701
17242
20389
1555
28363
30409
9682
23391
27562
32032
16942
1380
18579
19656
14930
6375
1662
25829
19104
29520
5514
7211
14795
8214
29856
20978
5530
12920
29779
13709
11496
26478
8459
6104
27376
9183
6243
31505
30663
8980
19919
21737
16938
26989
642
14042
22138
20306
29839
20666
9989
14445
2382
401
10631
19222
30465
27304
28145
15375
12727
14562
4712
626
8049
6223
14481
2023
22404
1535
24588
10522
28990
29716
19006
6765
9676
29723
19284
1258
18779
23453
11396
28539
24446
5872
918
18525
20176
7763
9124
8914
30682
16699
2846
32022
13111
15335
29456
8853
31477
19258
25512
32347
17215
13002
29171
29132
17977
26933
2791
917
18220
24244
28582
31458
4323
4594
18177
15058
13141
26398
26683
29223
17540
30014
17168
29507
10404
15815
2294
18512
9600
619
31651
22462
17690
11571
1231
11506
19345
32461
31547
14652
17480
30503
14578
8458
27205
11325
26319
26972
28631
815
8511
6520
27004
32662
23112
9439
24577
7448
7371
12671
19947
26426
5382
3626
3094
17270
604
27975
29084
8590
30297
14280
11000
1567
1265
3164
3180
9081
18952
16101
25504
29870
26680
27692
3211
3817
25806
30163
19862
7425
1301
31372
16127
14670
4312
7817
16764
6588
7714
14388
18466
16925
19016
13599
31108
12484
1065
19262
27679
14671
19381
19028
502
452
2732
8619
10105
21984
27304
28168
31147
17579
19550
9182
6020
15440
17441
10690
8852
6188
16296
30495
13034
21797
14608
2859
16948
24637
6948
20505
21032
13158
15069
16017
21026
13465
2597
21853
2062
2850
26592
14693
136
24382
12589
4573
19010
14311
30697
29885
166
27375
630
30577
27069
21324
30906
14290
11088
16819
25194
29014
23373
23400
23176
29315
28523
23380
7210
1706
20497
26968
19582
10193
4725
31713
9739
3313
7681
30652
26937
26722
16634
556
13844
27283
30819
14650
13133
23806
28447
17997
9857
26971
30807
32506
25022
24852
2331
2077
10820
6394
30028
12073
31880
11574
29625
28092
20863
16770
11656
19319
18712
4505
23768
4620
24075
26091
16036
1944
1745
16534
23530
9012
26611
22162
28173
28614
31624
10539
25209
4382
20985
21429
16773
7998
20488
24955
31901
19448
3601
16376
26528
1727
15503
8522
24967
4791
12769
25315
28744
17166
1359
19586
21497
20879
23368
15201
21817
884
18157
3504
21196
4220
25812
25155
21125
62
4869
136
6505
29117
27209
31931
3857
316
23717
27741
28752
16468
7457
16098
5398
29763
13517
3754
19860
3719
26886
32306
6817
5036
22262
30092
17757
25698
26714
21516
6676
7378
1416
27205
19045
32306
10416
20531
15011
5783
13922
27578
15995
6923
16208
15183
2263
10208
3926
14582
21251
23364
11703
26988
32526
32277
12970
27557
14708
12022
5653
7289
24057
17314
23448
8858
9176
21632
16333
30409
21789
9848
19150
15433
5456
26374
27640
32148
31571
28300
751
8526
653
31981
31202
11127
5961
9303
21777
7908
16984
22112
23436
4848
14334
18261
15677
20847
19980
7118
23080
4323
7497
5254
3826
7923
21014
11370
10912
3864
28754
23792
29090
16794
3708
31914
21008
22203
19479
27675
11571
25137
1875
1225
23111
29402
5609
32403
18047
17068
1351
16197
22090
8939
9709
18538
27605
30878
26135
14178
14033
23875
16284
2996
12662
14274
15638
10149
28360
24992
23107
16137
7705
11381
17323
10329
26575
23456
14723
17414
1895
26169
6610
28173
18106
5447
21970
11724
15999
21043
22169
6163
18
14717
5368
6015
3188
17838
26788
3843
15506
9870
21139
2760
32458
6294
18089
29495
3499
20648
14484
30292
1020
20478
28661
6989
29184
13409
26560
13394
22521
22683
15589
8872
10731
22830
28720
8441
16546
20806
32621
2031
23542
25581
6609
16641
6734
25982
29589
23436
2403
14684
31972
30757
13383
14307
32759
32302
21157
12447
27263
20391
32074
23740
17987
28487
3044
21950
9482
19659
10
25715
955
11151
8573
15397
26819
22363
12206
30227
16823
7039
19584
24867
17466
12322
1102
31185
22050
4567
5936
7787
16598
30577
26490
21376
13306
23065
12678
11414
23375
17309
28852
11547
3028
22283
5550
13726
19506
18303
29169
20799
15446
12601
31881
30564
8288
2290
21531
5550
4796
5488
8745
30252
8590
10073
17298
21966
23380
837
23128
16156
3783
12822
11430
32039
16897
11148
29970
15040
9445
3860
2079
8681
700
24289
29446
3977
30492
28990
30646
12132
27150
3107
2585
5193
5999
24326
12953
8333
9623
20211
31203
21177
3897
18655
16874
19072
25738
3642
12335
6644
10150
12227
3393
14073
18479
10912
15743
8441
567
23470
14117
3801
9312
15638
6535
14636
321
8737
18839
5287
4108
25933
14253
4309
110
15520
12936
12044
17847
10300
27536
1440
23867
12084
4189
854
21496
24222
7549
1820
20345
16105
20082
8183
7674
13169
20219
2364
4556
30801
4501
14083
11259
12920
28480
1753
23087
17920
29830
26805
19408
26299
32698
5166
8813
5902
5246
7658
351
2306
2183
346
16553
5528
28069
29348
18211
15965
23805
3297
20440
27967
1945
12425
7852
26271
12324
9771
26690
8615
29166
22882
28956
31454
31031
16388
10244
29945
4265
16796
16299
31733
10278
13083
2961
24162
14532
15050
9252
28930
10774
12419
5676
4242
7342
20001
8550
30184
15839
17461
19055
4158
2248
1787
17380
22990
6285
26508
29384
23199
28648
19796
4646
19870
23009
9159
14839
7152
18393
20560
19781
8839
20685
17546
5009
30195
13785
179
371
6267
4091
6750
29824
22125
2842
7015
26224
15538
21063
19756
23425
23973
4418
17402
4118
22566
12096
16070
10660
21737
9963
12062
28366
28180
8107
32095
19151
13578
11300
23847
8217
19073
20992
17933
11835
15579
16110
25744
3848
8371
20202
5966
3830
6070
18368
19575
25796
14772
28107
21376
3168
5110
22019
30492
18695
13011
6455
29544
4782
27006
19606
7269
29345
19490
25460
18604
4970
4145
24139
21597
2036
18169
27392
20569
3568
9848
23144
12721
20344
21617
3851
5470
26610
26559
18728
27698
12344
5098
29689
8974
5622
13048
22583
6998
595
8581
22497
1954
5075
8470
5946
182
12155
13483
14097
26293
11575
11155
1092
25233
9082
20100
16519
7110
5668
25323
26722
30280
3240
30849
6777
27833
21358
13599
1040
23264
27766
4819
30414
19543
29503
17459
3009
9091
30695
13041
30627
11465
5523
19632
29788
29183
18449
4630
25543
25121
17596
7203
4025
8518
23200
3009
11072
5330
7647
6044
31016
32748
25172
11315
15300
17459
18805
21040
20971
6828
26494
20212
9536
22783
17356
13175
19894
5860
14470
19791
3668
18392
30083
11790
3894
7444
10856
15569
30933
17343
7185
1558
21640
21347
10547
15822
22090
158
575
10164
29629
26650
6281
23004
27759
1470
2217
3471
10076
11302
1057
29270
2485
4177
32321
14165
10976
15770
8264
16090
2496
1514
18636
12342
10038
16939
6748
23500
10728
30464
23907
9575
28481
12723
14671
26833
11705
12655
2291
3233
3158
12463
20010
14164
21362
25334
2238
23199
6848
31425
29832
2308
6282
19385
29400
18852
30268
23854
8983
24148
20006
193
28330
12274
13950
16736
3098
21754
32164
15992
15730
26196
31658
18277
19945
5744
7444
19246
4801
16021
2780
28783
29551
22134
5050
27030
15612
2567
15010
22866
17579
24974
3725
23369
7644
12285
12156
1290
26416
15231
9402
29506
29422
21585
26722
14130
20134
19923
19490
14432
28180
3551
6974
24205
32070
9817
7640
6120
7681
11527
24942
3969
5218
17827
27300
10240
9921
4655
13380
3735
13530
32137
8067
31285
18991
5183
14726
27389
12200
24484
31268
32246
16509
30500
24558
10500
1621
15316
3436
29463
24752
29261
19370
31906
15234
11963
5619
27727
6432
18225
4829
5105
29536
16448
7814
25017
14332
26567
18972
29102
25656
4620
29859
21335
965
11532
24818
22458
5860
7696
27903
31627
9167
7553
20061
16797
30548
1277
30723
4508
22723
17322
3407
28414
13578
27851
1611
7223
1311
5265
26926
32300
29598
28467
15654
21483
1460
26177
6740
5785
19259
6197
31512
5547
23078
30283
12944
9050
6432
29842
11355
25936
7536
67
22947
7592
8224
12370
28506
21
20062
25668
22979
26465
31010
17728
2357
32538
26641
23912
31772
13704
21410
14698
10816
2529
19071
18513
13642
2752
1582
28066
644
6356
29424
31140
8672
16853
28393
31743
9788
18365
1154
9352
21220
10292
9228
9820
16984
14412
8358
20780
27216
10350
29792
21719
8446
1173
4000
25406
1939
1209
14277
9300
32260
16783
14603
12404
1038
8559
28590
1272
11128
4501
27731
9991
32664
24461
14243
26798
1560
18153
31033
1074
15610
1845
1470
421
14810
5677
6226
6840
20083
16941
15150
4304
22117
22760
9096
10588
4662
9821
1207
17509
13206
24583
7832
16742
32487
20564
2864
9823
9724
22105
3987
15653
16417
3524
29700
6908
860
13074
10077
18023
8947
6146
12722
28479
30510
15433
14897
27907
21086
24199
9292
30575
10014
6522
2075
19792
25561
24945
2555
15766
10125
30212
21884
18091
13262
7171
16250
16387
16397
13228
21385
16885
4634
32545
20631
16329
32744
11545
22732
2066
16017
31701
22709
7998
8857
2134
27042
10347
13687
7629
13132
20604
17489
6483
4283
28524
19464
13786
31847
21475
26228
21603
1950
27911
7409
5234
24869
18069
17434
20671
12066
2864
17620
21551
16441
249
30351
23298
22518
13407
28360
13390
6763
17721
27090
6060
23322
2578
12503
817
21269
32195
8474
13728
611
11080
14462
6365
16550
3020
19276
12453
16635
2822
18225
24957
3362
9672
10118
9192
15327
22229
32468
30685
26271
17908
14744
11384
8799
27970
32323
20464
32714
10444
20101
23497
22177
25693
19915
29003
24672
23445
20743
14898
26143
8251
7087
16807
1462
23252
28168
22895
21028
31093
18596
24419
21298
16597
2345
30496
10323
29606
17493
3071
21199
1062
319
12104
27424
1009
14816
9890
17820
17945
17617
16078
19029
26488
3158
13973
1086
12613
13980
22015
11151
2534
9023
1478
12138
26629
25103
31498
702
31718
1812
19270
12396
760
32720
31875
31400
31146
19907
26060
2466
8063
18997
29665
28006
357
22319
9776
30465
32323
8651
22528
11494
31185
22957
10736
24208
12716
466
8096
7016
26794
16009
17838
4328
23658
17598
29668
5121
14640
20094
32687
22970
32752
14520
29395
8987
4777
11841
6750
24649
23285
1051
474
3826
16093
10999
11975
22507
22513
23032
12361
12312
8345
22202
22301
141
2982
32403
10705
6642
14892
29977
26933
30508
17300
7140
14605
4922
17389
14229
16648
22108
9347
26134
23030
24187
21171
18980
6965
9925
22781
4107
23660
21144
3675
12209
32636
8097
20433
4054
5812
17221
30790
28314
15173
14143
2706
13120
10229
14731
16856
3377
27671
899
31766
1092
19130
31817
13050
24124
6689
27236
30456
32147
14195
26798
8345
7542
25268
8813
11286
3856
5876
6848
29477
23563
12998
829
14611
29268
1268
26072
15635
15647
4465
9734
18134
20268
8847
7459
24923
584
31346
22033
14345
12310
14533
11299
18939
26639
18603
20793
26523
18120
27385
32556
11890
21107
12450
22636
30526
169
31091
15335
27205
18791
19200
4141
11754
27478
5086
18898
25470
17743
12050
12564
26200
26910
15306
10942
296
19334
7499
2125
3464
13702
14123
9040
12756
23259
14784
18453
12604
14790
4824
13185
535
10255
22186
10304
7802
12618
13581
24351
17162
10841
20200
22197
4110
7730
32746
17993
16585
30691
28795
14320
27910
3539
1010
3574
2292
29258
30472
30591
5940
11571
17036
6254
16689
17185
5721
26758
18864
11665
134
3535
3496
10351
5340
13884
1875
30939
10381
13450
1925
4396
30242
25707
6461
13877
15798
6628
17273
2504
13666
8180
7503
7801
24056
2678
26682
30884
4084
24392
9394
8370
21679
23213
21759
10903
24534
21232
25166
22175
15643
32587
22533
12139
1578
9734
26964
18742
13535
30179
29964
1630
26038
3770
31669
1311
7811
32097
15323
6817
28003
11982
26792
32565
29682
7808
11960
4059
12990
17435
31528
18697
10492
1106
14576
24231
7290
10505
30835
5470
7637
9403
13653
16658
7404
9498
11917
3245
8596
14582
1211
28447
31886
3424
4795
29091
1206
1551
13434
11075
13436
13571
28680
5534
15256
30055
13551
7913
22778
11708
9668
7476
4352
32052
8187
1774
5100
22620
30207
5292
26773
22782
3971
12326
12125
17734
25618
21634
4450
4643
1006
17366
12281
25840
8983
13800
10328
22612
23210
25656
32658
2151
5228
5952
2761
10774
21671
6394
10142
12744
22069
12451
22765
19778
11482
3007
7096
13511
25047
14429
2144
6020
16059
5276
5147
10028
14973
22382
1698
1760
15560
5788
30762
8529
11158
28170
27542
10792
30464
11325
22763
20134
5972
10266
15364
22919
12649
9200
31623
20013
21807
25017
15383
16122
2698
19613
29643
25342
8289
23480
20959
11986
29170
4637
20138
29891
5736
16411
30672
20531
11951
27071
19641
24637
17799
30361
16194
5528
30167
3779
11442
6078
19268
18720
25327
1357
4355
3810
1522
5037
747
22607
27000
20979
5327
9924
13050
4869
17418
24570
22496
17151
10075
28296
19442
11222
12532
19369
29711
27964
22221
22080
12577
11203
5438
6937
5968
15172
32717
29298
9590
18562
21573
5818
4307
17931
17416
6296
30979
8287
26533
21551
6188
32084
4269
19361
17276
2745
28099
2769
20435
8250
13555
30830
11964
14467
18501
14381
22434
1449
2193
597
20801
9413
19092
5249
28506
13538
8772
8097
6315
21785
30817
22339
10526
19962
7757
1553
17473
27182
21533
19354
11254
16987
29936
26453
28524
72
15743
13538
1613
23874
24822
15764
11321
24510
24579
813
4212
7231
22060
26600
11739
32122
12645
22461
24349
22456
2018
5856
807
19325
42
22923
17888
15207
32621
2301
24855
22872
4631
22979
27065
3800
17061
5942
32072
17588
21175
18501
25480
19947
2663
4468
30844
31179
4570
30757
29328
4440
2324
27414
22808
17389
21009
13356
16121
18214
16657
14191
5542
11772
10035
9045
11343
15154
27461
30275
12117
13041
9435
32081
15360
28591
28062
12366
23668
15957
23783
3844
32737
17824
24973
25532
17147
31943
28155
3845
7338
30047
10885
16562
17154
31868
8700
16930
23669
22298
7295
13764
20807
7611
7317
28633
20803
31569
12921
19580
25005
21341
6581
9952
1911
4953
21746
21978
25015
13140
15375
20895
18521
10716
12400
26318
17169
22304
27545
6833
27796
11094
7163
9408
5640
3163
17421
8550
16057
16025
3999
25096
13325
21806
4972
32324
28090
27979
10990
2678
31286
14553
26742
6017
3952
7267
19323
24524
5053
25648
12594
17802
13077
21679
13152
1599
21631
6681
26989
18303
970
23377
16313
24825
9086
29711
22835
1973
31506
6717
12071
16026
30047
29345
25431
12339
9045
22717
30798
21939
22253
24051
25585
3894
27230
17389
12375
4425
1940
30268
7898
19373
990
18239
366
11608
9191
29767
15922
27069
23527
13560
12613
9037
24602
23027
24795
7998
6514
16050
14224
26251
21129
4786
14588
30780
12505
15832
25735
28903
20015
25614
14974
19319
1629
19501
5991
7980
19759
11807
22930
32483
8353
11333
1265
23960
27471
31766
22825
7209
27437
521
3561
9308
28792
25781
10619
13604
2285
23351
9625
17440
27448
15061
22145
6245
13999
2017
18508
637
23360
3551
1659
21935
15784
17130
467
1665
27622
31315
2155
4732
30192
10892
1027
5423
16036
19012
29335
11895
22785
2260
19764
7677
17815
26074
20747
14335
9276
27683
24260
5972
11777
5071
25620
12458
2917
4015
914
11027
23240
2546
28358
8640
31522
5121
9859
13067
28404
19879
5495
187
27519
1909
14593
1412
26677
25701
19522
25550
17005
16061
10615
4536
18778
21558
21894
1627
17982
32094
27094
19539
21723
29755
20580
7548
8234
28209
1556
27641
22352
3365
22341
31867
28366
27619
19111
30143
504
18877
11857
2393
26792
6517
31502
6577
21811
30558
504
331
3740
19133
6217
24395
6920
5749
13677
3384
28274
15588
14172
8704
29088
15112
16678
9788
30038
7910
26575
23990
26057
15660
8542
18984
21078
27157
10801
19271
7540
14733
21651
0
26856
2710
30353
19714
4664
25066
27145
11388
21345
22497
21251
11048
23500
7574
8260
13960
30079
23877
31265
8304
2705
31224
5010
31684
7904
29283
4487
13955
4614
27404
31871
5380
15752
9135
28758
29312
17233
23520
32350
27345
8287
27378
30130
20857
22461
3864
1479
6630
18865
14282
28484
5365
2870
20330
14100
10164
20908
18472
4025
24428
18127
28707
27875
1759
22758
20688
30017
8398
23356
7584
18071
27582
2772
30173
16401
21244
19289
32213
18135
28895
12372
4923
14561
1613
9890
8394
525
2944
21028
21803
1902
15882
29624
16665
23783
20503
27496
8387
30969
7411
10978
21618
23258
1740
11304
19563
22215
25016
16521
27671
31898
4090
19408
10337
19615
13185
16315
25952
11940
6321
27567
22326
24399
15974
29865
27192
18357
7990
2424
30287
29479
8183
10026
16797
5967
18305
452
5732
25213
9141
25910
28708
1083
32703
8845
1028
9255
20375
23915
10355
15106
29902
19892
24591
516
16519
18827
3014
27762
22212
11133
2107
24435
22243
26875
14955
7200
28008
27918
20368
4058
13052
2886
13382
32480
31926
7924
1772
15648
410
10904
2381
26958
31071
2973
21887
24116
6262
5700
23052
20041
3399
11743
24912
15748
25278
11583
10274
19826
27654
13167
18359
3975
7572
10403
30402
20914
30568
3947
26080
6451
25743
30252
15156
16305
13293
7377
29006
26247
3641
8894
7506
13408
3401
20741
24662
4355
22672
21725
2059
21360
27365
32336
8864
5675
25989
22323
2531
9688
5212
9819
10666
15880
1920
13070
1393
2131
26111
23736
16708
4519
24026
23263
12768
10719
21841
14681
14357
24983
16737
25789
27502
6719
17804
23319
22548
23663
216
21728
21488
26746
11290
31277
12048
13638
28020
30758
17228
20827
1309
2746
10025
23097
14176
20113
2045
32239
6120
28482
28500
15081
6714
1479
30611
21002
2947
15150
13275
7931
22932
912
20272
19138
19243
1351
9947
3222
3444
92
25612
27889
15055
19007
22724
16104
16084
12731
9202
17336
15252
24360
24797
11425
21538
1251
26049
28407
83
29691
21949
7798
19905
26925
2540
16854
12822
9747
5587
21919
21127
10904
27387
28991
25758
8879
24542
16985
3133
23621
7688
21089
23264
22899
15222
19046
21538
21241
834
10542
7043
16104
12674
8072
12136
12190
9837
1758
21859
7927
21695
9738
7093
31170
28511
14442
5137
32626
6719
27447
11171
18966
8836
17682
17489
4748
488
11232
29505
1265
12636
31960
2203
14683
3825
27354
17552
9419
23288
5891
23963
5725
4200
6014
15366
5314
7297
24733
3761
12272
14767
17448
7439
6936
29105
31477
31345
8921
2810
27832
32391
21427
25944
10781
10019
25790
2515
19732
18241
15004
29144
13164
10053
5804
18839
18340
31363
18048
12713
19454
19972
26514
17398
23508
21639
4914
24534
5935
13255
1731
374
11414
14076
7207
10366
13604
2724
9848
4592
5854
25987
1785
18771
24899
17129
3660
21778
22564
4659
32229
543
8373
32660
15806
4827
17637
14870
6732
21818
235
23259
7859
25634
3873
20905
24374
6165
26134
31398
18417
27408
7390
16735
17354
21427
27053
29967
20389
23457
28325
12831
19927
29994
18667
1257
11741
21544
5632
10689
15439
20006
25423
3638
12047
1480
15362
30613
16838
25959
18714
29359
30353
11515
14271
28892
20215
5950
22996
13888
4383
23054
13519
32077
27967
1555
29384
29577
5976
2467
27087
29586
10529
23266
11651
8287
24640
3374
24289
17864
3264
21946
11865
8777
17344
17272
17447
32259
10856
11837
736
13059
27938
8480
22603
2759
14086
17443
4211
5374
15765
2325
24314
23440
13483
8118
4784
6110
16047
29981
10084
19787
11533
16983
10747
27899
9446
28241
8895
26331
31750
18167
31225
19425
25110
21918
2753
26005
10770
21151
22549
26320
18430
31813
6185
6595
22229
21738
2558
12092
15043
3164
18742
4901
13203
6278
5159
27213
29547
16716
14382
7532
3511
9142
6213
5473
21091
28753
472
3261
26957
26834
17365
6789
16890
24829
15363
23092
11144
18117
20116
21760
10467
30133
31741
4190
21820
22926
2309
26056
27831
9266
27932
1982
19812
6848
31471
22539
1137
15873
30521
29513
15262
20995
4572
5543
6896
2307
30000
15594
29354
21904
24475
11186
16761
10222
31586
12799
27375
6841
26814
24307
12850
21194
11827
32730
19702
5727
797
4199
8872
24437
10380
64
3052
28025
17489
29118
9802
6688
29273
21997
4132
30100
58
2523
8428
28112
1804
22799
29076
1357
22394
2391
18757
23774
27672
21447
16979
5336
22008
28414
15217
18807
22392
3755
26913
11901
8541
31824
7023
3612
26150
11590
3039
12054
14234
31234
18340
26147
25252
23190
2578
22163
15712
19578
6998
9780
7030
17805
1893
10358
23719
22615
16690
17613
18853
28049
1572
7255
13096
14055
5575
12991
1854
16124
4546
7777
20706
15023
6665
943
21969
32669
31059
24531
18073
17382
30159
26262
13555
2869
6674
30592
17490
25850
2644
28224
18620
24570
14813
21071
18393
22282
5306
10705
4170
31511
29108
29628
23355
15978
24707
3387
11324
1322
10302
1621
25420
16163
2582
10698
13623
20165
7236
15421
32291
24944
20800
13976
8805
7407
32564
32685
29081
17986
31664
26905
16369
17824
8095
29550
10701
11196
18298
7569
13708
7240
9147
17248
18338
16823
28053
20376
7403
11848
21474
17654
16192
20032
13405
25245
10311
20342
29969
26552
1679
8725
4625
14944
22748
30366
13162
30144
21439
23852
24406
9079
17770
27132
7346
9277
27587
812
6578
3018
28855
15299
10964
29684
209
24562
13842
2839
12299
5786
24156
25017
8420
15373
837
15214
8626
23065
26877
26362
13370
24899
7295
25014
13182
1872
26635
18997
3030
28426
27607
26150
14658
32064
12034
16252
32767
32527
15561
7373
4952
1376
8701
22776
7871
6578
24244
24075
25884
12314
8256
18276
27237
31367
22365
28438
23407
331
32430
27278
10244
9431
9579
14966
821
27846
4692
12761
15857
18462
4841
22664
12247
8914
19164
19645
8777
29835
6087
26623
29122
11431
23835
11077
22889
8066
19544
13918
7398
22773
32132
20112
1140
30749
27606
14464
24375
30814
10930
26961
32721
2983
26330
21264
26416
27127
2018
20560
4521
14880
1508
29457
6731
30667
18294
15079
10349
31420
7129
30296
23434
855
9587
21381
10575
28771
18559
25613
25073
527
29188
6190
20164
20018
19203
29997
7946
18903
11253
2808
5896
3065
25717
27915
13664
11659
11065
12944
17050
27324
19014
16842
32516
27000
23396
27315
25276
18738
10448
5348
9227
24545
1586
1206
30708
18504
13774
31655
16653
9595
11774
14335
8334
16287
21216
6067
7592
24049
30796
25225
22296
522
16393
32637
29435
26721
10304
6499
16612
29201
24112
30415
16940
23516
10532
2354
3209
26224
418
30533
15074
21482
10470
9899
24674
24217
21647
2258
12748
3332
17047
12058
22798
1838
18824
27193
10008
20760
14573
30942
6126
3720
7687
2452
23804
13321
16578
5097
25003
18739
27879
19664
32305
8236
23443
14917
19629
9839
20712
10799
21619
13004
16898
4234
32676
29872
5933
4293
3843
26791
24149
13929
3
30239
446
8444
6437
6767
22261
10021
4224
17688
6662
13585
161
18762
10479
27156
8086
2218
4949
14740
27718
15186
21110
4899
17924
31001
15711
21995
8803
26645
3422
4943
21835
13407
1723
25807
8012
13590
6563
22828
30259
25255
3941
15565
15323
587
6113
16738
22342
10961
19260
18631
25580
1693
29657
22315
27475
30449
13445
28785
23776
31851
24306
25814
14317
2255
3687
20693
7196
7687
23221
21576
13290
24168
14189
17615
11655
29239
21328
24437
13797
26220
3079
15761
10766
26805
18965
4331
29372
1214
22793
27424
15907
18096
4088
5192
3090
26360
24106
13525
16442
25417
4116
22206
11981
10468
24710
478
22348
13335
10790
30615
16794
18691
19741
20922
12628
10659
7440
2219
9061
27914
27474
9408
18900
23532
344
7915
31201
30304
8045
13465
16465
1764
21414
13017
4102
26274
15641
31937
16082
22258
3914
20749
17549
5151
27110
4874
28773
1390
22708
6835
2166
11868
4040
20505
1947
17704
14330
5640
28035
4753
24470
18407
21767
32481
25429
20192
17594
28714
25484
4673
28098
24016
6564
18210
19687
15687
8650
25417
25066
11294
3303
14154
28952
31549
20179
29682
798
32619
23750
7910
5919
19219
4111
14984
15108
13639
8456
9498
32276
20997
20041
29478
29124
16313
1052
18717
11472
28164
6193
30782
1162
16828
28051
25273
28786
14900
5339
27413
19464
31677
15524
29391
27358
25452
1598
11332
13041
2078
4775
17360
12601
19642
23478
9272
23679
26550
11674
23109
31343
989
21635
23474
23278
24143
21151
13641
23982
1481
12872
25672
30207
7974
18556
24329
8424
21286
31629
4322
374
18799
25113
19787
5972
21713
20029
32318
17308
13518
6406
4580
4077
4186
16936
27501
27582
3551
14323
23359
21489
11396
23426
25172
6315
17071
5430
17629
13668
17864
3427
12332
28474
16193
23880
30672
11659
4819
19525
11778
16578
31242
27976
6976
2929
22787
12425
22839
16801
20597
15735
5350
12902
12526
10481
15361
20406
13151
23482
6547
26746
6875
15655
9704
18662
9116
30235
3498
13574
25415
24629
13386
29082
32368
30024
13729
20260
22369
21260
10968
27455
6679
10003
13957
7218
18830
5886
7190
15045
12863
30960
26227
15956
26086
28739
25055
24353
9352
17018
27935
13038
22197
30839
26079
30668
32011
8175
13393
302
14587
16666
14871
31553
21200
23727
10339
30848
24812
1551
349
32131
29781
28096
18629
32535
28273
28702
10201
1684
25614
31821
2169
28779
12709
26482
27529
30975
9440
35
32407
2998
24409
30236
13501
2127
22181
27187
26313
29302
5521
14990
16028
16277
8875
24339
29136
14062
12293
27168
3998
6119
30773
380
26110
31396
27808
25486
16911
7899
6393
19661
4026
7396
24580
20856
7314
11536
30112
32647
511
31036
14852
23777
31388
11430
23113
5583
9949
13823
23081
28593
1269
28609
27398
21488
8183
8898
13357
1843
14907
5898
28765
24790
30467
9953
1155
5784
18270
2093
29640
28819
7757
16379
21709
31090
12325
29788
11317
32478
16692
4210
20581
30265
18343
28362
14983
6543
25771
32236
26837
20681
30931
4913
13844
15140
22458
24533
19038
27874
24297
15437
2341
13632
29691
15835
8309
167
11775
19039
7545
11046
11805
7792
10817
22304
27517
31147
22722
7234
30308
25931
7967
8888
30368
18683
26919
32417
26919
16872
25374
24512
24827
28697
25024
26996
20304
11779
2947
18154
5873
26200
10013
20369
28384
31777
13126
20430
22588
30988
11199
18930
11112
30215
8083
17257
106
29197
31901
29235
30353
2880
13386
24217
8027
20025
7584
19736
4245
3996
14463
1186
25028
1007
13863
17670
6340
2476
27387
428
18863
22932
3461
13445
28161
4423
26297
23874
14073
19474
22398
196
24386
15880
22378
15572
16338
1364
20685
17429
11283
9677
32242
22070
22848
25291
11169
2156
21778
27449
1256
29216
20381
3052
19484
4581
15476
23603
9498
32428
3860
6320
21714
14651
5760
8294
6663
12763
15400
18450
848
22097
10767
30655
26211
15376
7213
18069
23698
15021
24851
2290
26774
2707
19917
1212
10636
15352
10508
16373
16189
6672
20869
7567
17314
20096
9108
15490
32168
22805
25125
19741
12592
12214
9940
20633
12378
6807
7507
30452
4611
8368
3596
3837
12684
6254
31752
15531
23517
12456
23056
27058
19882
1492
6930
9304
26357
6011
8646
24709
14293
12778
21392
20250
19061
8235
21161
16260
20063
14899
9082
16273
2299
9053
16712
28034
12114
19735
26134
12385
3352
4571
2503
19093
7402
31842
23684
31411
30164
3860
16477
7831
12822
8130
1587
3252
13096
7063
29141
6056
26363
18252
18793
28691
29314
20380
29710
22698
25969
15864
27583
24711
23365
9595
1658
6083
11652
7200
23202
29255
6982
21555
17059
19679
2548
27141
17364
18577
17232
14820
23713
28716
21685
21066
32233
23587
29600
22101
13221
18588
2928
25719
16587
20933
22634
21871
12914
19047
13312
26488
11830
24765
30291
10688
32734
1414
4342
15387
10812
18777
18165
14073
32597
9273
9750
20374
962
23401
9566
3184
8534
31105
3287
7678
27905
3266
2705
12191
1012
8103
6375
17617
17414
8124
6659
30371
25431
9907
19621
9581
11059
22965
32287
29374
23097
21238
7589
6038
29116
18828
5315
27349
29289
27521
2351
11252
19498
7719
27585
26099
1355
6315
30912
32402
23772
3309
3423
17860
27734
21135
30343
6497
3201
18509
7383
28955
404
24460
12778
26291
12958
1589
17112
3693
28710
25283
21503
13249
3598
5787
27139
20051
21694
31388
9235
17189
3454
2552
19310
17931
11810
28482
31782
28512
26605
26568
19236
23032
7600
28962
3437
23893
1330
29963
9380
14366
30676
26480
29903
16076
13941
2759
26462
25255
9364
20130
8041
9457
16052
31876
17209
19041
20485
9971
32522
25299
11072
3790
9487
31037
27347
29409
3767
32741
31806
32183
9007
19665
31421
17839
10024
14975
7463
4946
14810
16599
15126
25060
9032
6750
11592
20025
22470
18860
3397
26571
21689
4896
6210
6153
15007
16082
14662
5105
18511
14025
32395
3040
7041
21871
32295
3497
23184
30785
28139
19685
11135
10955
29324
17803
7227
32212
27136
27841
24607
24278
13611
25585
1725
945
17595
25118
4060
16031
27985
18297
189
20075
18145
3887
24227
32478
7003
4998
12945
11643
10379
22568
31318
1644
14654
20158
10951
3515
22950
18881
10060
18629
11007
4493
21150
7148
6771
20408
7374
12429
32571
17569
12938
30514
25608
31564
12700
6664
32673
28525
1715
29587
8397
22978
22630
23968
4467
5798
9078
27771
13568
23268
27731
27235
26121
10953
10722
10043
22322
18301
19838
28802
31566
1683
3133
17797
14535
18398
19828
7123
27712
32134
25213
18418
32378
31324
27575
24144
4468
31339
3791
8316
2263
6607
25150
19094
29072
11723
12819
21765
3263
13333
499
32359
464
19572
28766
12750
31719
28813
24371
7465
13954
24058
1399
3072
15706
26269
20050
23141
25482
6964
10586
5159
13810
1069
12309
5192
27870
23739
17592
14513
8419
1065
3637
32293
18186
6511
30069
6260
14385
29955
2018
23281
18349
29937
25385
1317
11572
20270
3646
18373
17915
24105
25504
5602
28955
7076
28894
5728
2873
15810
28506
18857
19814
10849
14925
14242
4932
13481
26123
14815
19562
22757
23689
13843
7434
27282
8988
23754
29137
26806
11651
16474
2831
27764
25128
22550
17176
26076
13219
17350
5098
6920
29568
25428
8208
7524
16962
5832
17094
10573
16551
14966
27485
9182
26158
13174
18401
11014
8407
8277
762
27614
8746
522
6416
13114
32122
28972
2226
27775
31595
13154
25145
692
18098
17690
31400
22491
22044
11134
17879
18049
14290
8867
7121
24980
8667
31748
28026
26229
27618
16688
11381
5454
22074
28351
27204
25510
16927
23434
29361
15666
16191
8220
25965
18158
4729
4707
4856
22637
6628
10667
8384
8045
12819
24270
14477
8623
151
23716
18204
4358
18374
5313
3594
9645
10171
3168
3317
29405
28830
30106
1501
27039
27174
26844
8400
32224
13403
21143
29382
8643
9633
26937
27594
2875
18930
16221
28762
30680
26475
17982
8721
25313
11274
21618
7043
24996
26806
1237
9065
6666
32127
451
6910
1902
23336
4234
11176
431
15842
28958
30683
14980
1371
26127
21306
9488
19959
30905
17920
31671
12125
19899
24479
22575
17462
7594
7335
4570
24369
9734
25576
22099
4427
9836
24283
12359
25933
15886
12606
28806
29846
15713
21503
11609
14618
16405
5979
19479
16555
9034
4167
18675
9592
11265
29967
12568
28627
29136
11581
760
17719
25051
6332
26848
2185
28159
21053
464
20382
15440
28890
11403
20990
27334
3321
2282
13543
15155
3188
9077
22677
15224
31223
32564
2753
15865
27561
29123
17000
13902
15630
1445
18637
20028
8236
22234
29633
18147
18924
7604
21794
31288
15812
23526
930
4278
31891
24542
24777
16209
6860
4693
62
8620
471
16932
5186
1163
24756
25177
893
13451
4066
28298
3069
9489
27775
26985
6012
896
28336
10649
9441
2735
32579
26816
27402
10906
20627
18654
6345
22615
16044
17373
22060
6732
31408
14697
27394
9376
1402
3841
11930
6639
15744
5710
9422
17474
1022
11700
27712
23102
15697
20264
25060
9371
12448
321
7615
6104
2754
24209
11502
13869
2140
10037
11497
19906
2890
4267
11273
26398
8001
18404
29512
30690
12722
22938
7497
11703
241
29924
7832
25989
1686
15368
9010
8934
24868
6032
25928
7130
232
16288
24896
11452
7204
28550
2813
18548
11885
30611
26720
14575
1874
8489
13582
17356
11326
6422
29556
1880
4512
21536
3849
9149
28488
8673
29651
1142
13332
25046
16173
24070
23757
3762
28103
13290
12876
5112
10990
31436
13025
8648
9486
11001
10997
29433
2933
22293
16621
14697
6489
6926
30802
9361
21021
30542
28719
13917
21200
27701
24763
23098
23799
27078
7224
29296
32396
26528
5915
20402
31558
14640
15213
18163
23323
29222
2929
22908
16900
28453
22407
9020
29952
22207
2896
863
12379
9888
22035
13090
13104
8457
12896
16101
9261
11905
4339
5505
13206
1991
10970
8669
7820
15370
16091
8892
30608
26460
15888
13529
22595
11621
11220
17206
24687
19540
13539
20913
9803
23579
16828
21976
31739
3548
2122
4606
11863
32670
24772
9871
8429
30789
25042
19872
27465
8129
2033
29898
23412
1925
27672
10553
442
5947
19868
2560
10672
12726
29521
13487
25718
9768
10226
24616
2106
16789
21954
6574
18685
5255
1396
22591
20122
16644
17480
23076
27652
25789
13688
198
23503
29576
21202
7875
9714
5648
8358
27713
4811
24779
22754
5507
20323
30509
20860
6074
9972
28444
8720
24605
30120
2211
19659
24891
14500
3562
28295
4752
24389
28518
14903
3671
16809
28749
17286
16800
24690
30541
23739
25250
20934
22397
3040
8530
32666
9620
23331
17973
6961
27993
2172
13170
27103
23386
22672
31787
20243
12001
4310
1549
14229
2084
23800
26918
18955
26300
9084
503
194
27736
3491
27083
4267
14259
18065
18759
16804
27587
13743
14657
7161
14132
14414
9686
3883
28692
7821
26550
30192
6096
28540
1987
7034
23391
14465
24795
9724
25533
27643
5105
2667
2715
4902
611
28034
18261
22335
17031
5640
26660
9704
17031
21589
27541
29901
3440
787
3641
26760
26245
1346
24734
25282
11993
25982
31103
15259
18717
31365
6200
10828
28598
13556
19324
8459
12563
31313
28746
8240
1597
12622
7453
17557
14255
25420
19812
5442
1129
5919
24881
21578
16192
18705
17717
22256
22136
9257
22252
10510
31124
24749
22805
32696
20845
27621
3173
16156
32386
15650
16508
6060
20879
31743
28952
32384
29281
23527
17289
1269
26856
20695
30821
21403
15502
357
9596
19534
7623
6658
19470
6050
19945
25980
7996
8581
14655
20167
3773
18719
30552
12284
27090
18429
9637
4770
11900
5231
20548
17709
22764
17198
23830
27076
18235
11330
11543
25159
1371
22307
26607
15761
5454
29215
9668
2554
1941
22779
27475
12576
30700
28381
11327
16616
16948
20330
18344
17855
945
6955
13056
6694
15477
25397
18202
20333
9500
30729
25476
5054
3258
8121
23575
14686
21266
30540
25804
17200
21257
868
28626
6779
20826
13342
12765
20972
17290
24634
16576
6623
799
31612
62
18906
16653
3153
20765
9050
19825
9398
13949
12755
1921
25174
25960
27634
2499
14834
29354
31269
26238
4614
4835
18013
2159
28842
8410
14611
3004
16566
24084
18313
9006
29225
8614
14162
23962
31180
26951
15124
24480
29714
169
19597
26008
28483
13066
26580
8650
8409
15110
3041
19165
2603
25775
9296
28307
20552
5599
16482
23731
19238
12493
15173
15942
4092
1247
14741
11525
31468
16831
8226
24339
31717
8369
26612
15080
10952
14372
29580
26509
26313
11654
18797
11535
1305
14685
22491
14638
21186
12692
9699
7253
28114
3602
5531
4815
14779
7058
7083
28215
29434
20654
4108
13104
9719
31036
31760
16215
3372
11230
2467
2934
6794
15829
30672
24059
12312
10518
14471
424
19422
6304
7069
21643
11009
3852
11028
17201
10287
23398
7325
1047
22845
20539
31835
10081
12303
28915
29930
20174
8889
2401
22688
8684
7907
25497
20498
21128
19570
4098
20954
17769
25445
29612
18328
13118
6396
4323
1079
21972
26656
15876
28530
30092
14591
16015
2710
27405
11255
29310
12937
26934
2997
4053
17163
9046
10910
6779
32572
9120
12141
3656
25438
26073
5406
28511
17373
2644
25100
13502
23948
13600
23126
16659
15154
28032
12678
24017
5189
4507
32629
27780
2293
12917
31849
16994
24429
27678
18561
25122
9813
3626
16979
2065
24731
10336
12499
15458
7795
20407
17527
24517
10140
12158
13208
26172
6885
15066
30236
13354
9969
4725
25682
20909
16439
29301
15645
26670
30796
15531
22357
15927
23141
29453
618
9604
28952
13927
23114
3932
22882
7501
4741
15138
1774
30548
31919
13095
7572
20610
19975
3010
1057
18690
26709
6307
5206
5404
10777
3172
3123
14693
2529
13921
9333
22323
251
21194
28765
7508
2380
8438
27315
12544
12928
13306
21515
8971
4708
12667
17991
17759
5263
29376
8541
29866
27976
15371
13658
10836
13220
32298
19879
27316
26351
22089
395
25475
25421
16394
28146
20113
2465
11736
15469
27830
7854
31608
7033
11532
9597
28384
3076
21595
14590
15181
10285
14549
10481
14992
18252
26116
24071
20648
9010
15616
18757
11670
25266
25829
25258
24941
11616
8068
31505
30377
11416
22105
25945
1729
7618
29630
15042
32000
22997
23645
16026
31632
30234
7403
9498
5848
25139
8212
16779
23304
10075
177
24492
20465
11503
19521
19544
28443
9774
18839
20836
16401
3389
6096
10439
3840
20333
14728
11005
29056
3777
24654
15533
3506
7339
3156
16265
22411
4631
21611
2677
14447
10410
27183
11500
21762
14668
11903
416
25915
996
27185
21601
21178
9314
32515
8000
4443
22787
9428
8948
26123
32208
1812
24189
4058
24937
22137
10759
1874
22272
8947
30992
18439
10664
4579
1997
22640
21712
17544
30666
1013
9738
697
8146
31561
11282
32218
4878
20218
5899
16393
9072
30791
28171
7064
25427
25649
15834
11968
27227
13525
9463
20371
24995
11512
24796
29747
6935
31204
16515
27458
14366
20339
8233
30873
9085
2665
21074
10813
25208
19718
6669
31118
313
18908
6777
3266
7798
12511
24456
11410
23119
29371
25603
16947
11381
20074
14543
29064
26001
23813
12654
9110
24548
4058
14792
5432
9002
21696
14636
15892
32709
21671
9874
9165
25879
115
12835
28027
30512
24587
10235
19288
10153
22444
28717
1723
21967
22404
20487
20043
14853
10620
20632
4716
8291
20821
28272
1534
13987
13046
30375
5959
28990
29444
13601
29997
19410
17844
22543
29865
26823
8157
11449
27256
21554
32338
6524
19732
28153
14190
30990
13026
16185
2800
15114
173
16100
25609
28072
23635
18863
436
5323
14270
20779
31046
29250
2070
1585
18246
9031
32053
644
25214
14156
19804
13746
1362
9208
26916
6459
8529
14956
11191
28661
12554
458
23359
5295
23585
6904
3487
7189
8610
4513
17762
19924
31892
15997
23280
14590
14034
7891
1544
26543
24086
17724
7018
30193
3927
18345
21204
4061
3157
20135
10544
6915
20338
10722
13068
3852
4547
3560
29514
16798
30567
24368
2585
10624
22039
11867
20516
23807
18943
18873
12809
20368
3276
2063
24588
4790
17159
12440
9741
7718
13217
9289
32695
25386
7631
11353
15611
12099
8472
4609
19132
8722
27563
25473
29644
14968
8951
2659
11800
16125
14966
5891
18463
1390
11465
25935
2729
24010
19210
32460
8885
9312
5726
24026
26547
16177
22473
30264
20979
2715
27207
9930
13662
31033
27416
30874
5220
27397
17499
20254
7989
32703
17886
28089
13108
26771
16437
30339
28328
31990
22025
17997
11445
5841
30643
20960
32140
31201
15625
26758
28382
19037
4472
32716
14486
22234
26196
27781
8647
14701
24427
11538
12771
5135
11744
10465
559
27717
3383
2356
17267
27136
5804
3876
19446
32193
24265
2789
16809
12802
4407
22603
13475
11218
32469
1165
15821
7871
20999
330
30175
14328
23889
2249
22667
17587
14372
6021
26615
6093
7671
7913
9329
29360
17306
21848
11359
30074
5831
18288
6260
23132
7163
3728
26666
63
24195
20631
4716
2222
9946
27887
3730
3312
27442
31435
27027
11892
11857
31916
15222
1651
16542
27946
4362
14544
6012
2289
7639
11843
11990
31242
19028
14774
10491
18524
29275
11503
8365
13170
26585
8304
24948
22910
3530
29339
31289
20382
8037
16922
24079
3935
30611
26494
1876
23936
27814
12838
20729
3576
5192
27747
31262
18745
945
27353
2018
14007
24606
11049
31097
12452
21374
17869
639
25854
14702
14147
16267
1996
6247
17517
6408
31397
15158
32312
18496
3441
32429
10364
12986
15476
10137
2083
4038
3976
21748
23694
3158
32425
25179
2100
24847
32695
20162
11404
3744
8568
31590
15662
13395
22493
22275
20021
13537
23942
18759
8679
7563
20103
29319
14744
870
24685
5042
28107
19191
23420
12931
20891
3583
14651
19962
25945
5016
3123
14092
23671
3713
5363
24986
31396
5559
10327
16800
19513
2885
19210
2223
15828
25948
9802
22429
22338
3494
14827
14459
7587
19160
28575
29895
24776
26759
29556
7139
30688
4412
30110
19910
12628
3786
14711
7666
31215
25823
5572
8869
32578
31194
19002
1108
20807
16860
20033
8533
18244
8226
31991
6620
11250
29330
17016
22568
29919
31635
11869
26878
2321
7714
3970
14423
23276
8227
32013
1622
22870
26356
28843
10364
31768
25160
22045
27423
28551
6451
13300
10008
9061
3457
20888
24509
16642
26956
32399
32015
19622
10958
24316
30260
30259
17011
24934
39
23815
22322
16827
5294
19232
9502
15765
25996
11139
10808
23995
4088
16350
5512
30955
9295
22892
11372
21463
22022
6425
6703
621
26594
31463
24029
28251
10347
12432
19030
9939
4766
3949
19618
23947
26338
5526
27780
13577
20541
19019
15186
17437
27080
32146
9475
29359
14432
11042
22410
5050
27807
1152
13411
24729
266
26216
107
14722
2188
15726
17908
20304
16676
7653
7449
6789
16090
4864
20047
17295
17143
26935
829
24650
4981
30700
31182
10951
26293
11855
28036
5452
14192
26495
11023
24475
5360
18930
542
4471
17280
13846
2421
32357
16673
2104
26943
14000
638
12710
8102
2479
31778
27920
29602
32074
19433
4660
2574
24251
5812
19643
20737
20626
28257
14941
13659
31228
21499
13388
22174
15172
10797
18384
11520
2970
11261
8750
21950
25620
15287
29647
31154
23538
7718
3742
552
23078
30218
17330
4078
20
5063
17453
26794
12694
27995
2404
20080
24131
21138
2112
30100
28657
12669
13284
3261
632
32544
5007
2875
18617
6251
28612
14747
17119
12140
23209
10360
10725
6338
6062
2452
13401
3413
9838
7975
6239
13380
29914
13686
28408
2335
31892
23208
23684
29271
20377
18645
8838
7154
22563
13921
32424
27267
20430
136
31487
6746
12793
25657
5007
24312
11631
14632
21778
5830
22855
25375
22773
26374
12552
28052
17060
21513
7185
1409
8711
10658
1080
17776
24396
18396
16306
2005
5096
10216
21043
13217
29912
11609
18773
14100
12845
6036
14398
9427
28615
10113
5757
10042
15201
19847
1590
15859
9166
29624
17791
31176
21889
14408
20233
10933
24659
11332
28163
13378
2689
27264
18747
31760
21748
6866
10631
9905
5318
13693
32611
5820
17921
6896
27611
25121
31658
21425
20652
12731
4350
3220
11174
16164
32763
9008
16724
25805
290
22163
23263
29774
22652
28725
6960
18170
29659
31019
12117
15543
15970
20381
24102
7437
19783
12410
15144
3708
18904
2410
177
6163
15548
9989
21837
24894
7804
4930
97
9184
20802
14386
21006
1185
26592
6894
16984
17802
24083
17102
2952
1743
9737
8411
17358
2539
12066
2951
14891
10994
18932
8860
6798
1059
3473
12147
7486
28605
8716
21862
17783
23573
5177
9863
29528
9700
5813
28819
19709
27877
21542
22049
17128
5792
14020
2079
13221
29568
18713
13183
29357
14892
5124
30510
13964
19732
7684
30278
12863
32330
28595
23172
24032
17812
16785
23292
12933
7359
14083
6923
23909
30262
19100
30094
11836
467
20378
2129
17649
13300
11444
5067
17014
17106
13331
776
241
3598
15518
12262
5913
9357
24698
14212
10978
23686
1233
29432
22364
12761
3795
26688
10712
24227
27131
18299
31310
25103
17300
18522
8955
26991
8059
31697
23374
20363
10790
26130
14853
9784
27621
29883
8852
32301
16744
9550
8646
24851
15746
28643
32166
12763
22572
18969
31904
26452
3789
22098
10212
21757
22969
4896
3339
30232
6903
7930
17149
28415
27207
25652
13842
14523
25187
16686
32631
10963
21382
203
19412
22370
32555
14116
5419
28012
16663
22142
13316
5490
18841
4218
3015
31812
19729
22412
22121
23
19631
5294
21322
13271
23677
25942
23902
11455
2720
30117
11404
20006
19419
19169
18003
1948
4436
4645
25011
14645
27547
18263
16971
12837
24296
18523
20159
32141
19620
10374
26204
29077
5675
22614
14847
13499
23761
30048
11314
11627
803
22153
31897
4047
21359
10361
17037
32232
28550
11853
31494
28126
28096
31372
11710
19092
18241
13405
28051
640
31611
15607
14381
30906
3316
18776
30946
3154
15177
17466
13014
10727
7796
3139
5735
7029
1866
25212
1480
2671
18759
7428
19691
26638
20878
29190
4261
12264
12076
28392
14605
14532
28829
28613
23333
1965
31377
11038
26044
22853
15344
9676
5522
21852
25371
9017
29886
8385
30837
26064
26957
16728
546
21426
5932
2157
5390
21419
6472
30536
30513
30308
22003
20994
14098
16346
29322
21655
23690
9486
10836
15931
5835
4607
3246
9970
2976
3029
26213
21339
11255
17247
23140
31436
12700
11199
28047
13220
10823
26980
2542
31197
13273
11577
15630
993
19939
20508
13732
22943
25704
17042
17524
25053
30692
9401
25713
22992
1676
6782
3622
27370
6872
12303
23124
21235
9023
25236
14301
21083
30529
8474
14560
21711
11691
22991
15142
2058
10263
26485
28605
21742
30642
29457
1506
28371
32578
7651
32037
27935
30311
1947
25287
8982
12832
1226
32359
10740
22162
6551
12765
20793
22021
3251
4199
26949
24880
9871
28931
7204
11446
28876
27
18603
12272
2547
5223
5060
16621
24934
19216
9222
12727
28566
12049
15241
21208
15991
28643
9208
32541
22065
27481
8423
5274
25113
3785
23655
32494
8671
21356
472
14025
31496
23047
31487
23211
16031
27083
857
17646
30504
22138
1454
17158
21206
4556
30696
21000
32254
27665
10534
1129
458
18455
13837
29960
31538
17998
5982
27503
15912
11050
32462
5462
14611
1225
30226
31081
11391
21462
29753
1868
2835
15277
23870
26843
5571
32192
8158
30902
2119
17465
26023
509
27083
32737
2386
11608
21992
23872
18258
16187
20947
5382
23725
2920
468
7081
2059
16821
21242
29776
8460
30735
27918
10992
14815
5567
197
14772
32529
1004
17977
23971
18850
18273
16282
7805
5982
26513
5153
3557
23914
18136
5958
453
26910
20484
20531
19951
17170
7444
5496
16640
18556
31552
4352
26762
28345
28729
16452
24690
25897
9393
17598
12694
2368
22558
6305
947
24794
16827
31687
9863
3791
720
11499
13874
30152
3636
17176
24290
32081
10512
15201
943
11567
26853
3795
19652
4851
21201
25768
24768
9679
14
13501
19804
7337
27579
28231
25421
27246
19935
30401
2412
21673
10155
5417
19220
22612
25855
7531
9675
20717
14128
28702
23077
5581
3337
8814
17382
438
19471
25177
32103
6315
12041
27423
21051
16388
28096
7667
17681
15553
4612
4855
11484
27679
7663
13927
11570
27241
26478
17940
3570
7185
19708
17173
13866
19711
10161
11193
20024
23081
7804
4544
19759
6500
16045
24778
30076
29561
32182
26895
1225
25724
2098
593
6945
22105
550
23311
7509
2480
7303
18428
5791
227
9213
10159
23942
8557
27879
11932
1
32629
16543
12099
15071
1954
12287
12967
102
31538
28452
29954
21051
29254
7793
6839
29314
22656
9431
12680
12357
6096
32596
21001
21274
25995
10682
30036
27136
26046
1202
21247
395
6337
23808
23371
1345
18191
30729
8606
20547
24404
18834
19252
12592
31432
14026
22033
25926
31676
2699
19514
20170
31346
32477
14116
27306
29746
32700
26477
18786
28826
2843
25802
3868
4406
21032
6721
16155
16209
32722
4760
22105
27658
18568
22797
31087
5802
10052
21063
14774
3380
27593
8589
13740
6974
32297
28214
6297
6912
31625
7520
15730
7339
4136
21477
30973
6140
12958
21643
20278
23568
9314
3707
6130
12666
23439
28661
22210
25235
14824
20801
18970
7697
13593
3049
30130
26587
21568
4645
11309
3100
9899
6807
23545
18582
6115
13368
9078
8250
17642
22163
28762
3317
14018
16945
11860
972
9774
17748
18671
32555
11453
14568
1210
890
1795
18870
29606
20978
19498
25051
2223
15791
16042
18040
3774
22278
6740
15788
1742
24856
917
20671
12622
17831
31737
32416
18119
31529
32750
29330
9151
4379
12747
4898
27613
22168
13840
32092
26702
20266
9455
16446
9574
27104
13580
27757
5003
11937
898
19495
12111
21951
7462
22393
29916
32207
11535
14514
8853
29625
29782
29975
3834
16651
28442
3544
5580
29843
19143
11587
24690
22828
4504
13368
3484
3800
12123
15325
31782
14863
13173
24466
15679
15703
29733
25384
29130
12565
30477
2381
5892
3491
17134
11851
1640
15266
32435
31475
11472
32402
433
17363
15580
28064
14637
26800
24727
28350
1822
18480
11864
26617
32309
7126
25831
6919
7963
20531
13025
24352
31482
11611
3422
11536
24382
25495
22992
12681
28317
20569
28463
22973
19284
3957
12883
3628
14004
11405
20897
4027
18910
2253
25577
11015
11211
18649
28303
13816
26767
24324
5865
2969
19934
1475
745
31271
28879
15969
11516
22376
16608
10228
12081
12093
19514
17039
18846
16507
6455
29369
10240
15351
14626
22814
10913
31200
30782
21125
13951
6482
20233
13314
20650
15911
30913
5997
2286
24849
21288
19474
30642
26086
27525
16298
21280
27706
23787
29579
24454
3635
25533
21019
16124
409
19058
30858
25672
20269
5014
18625
11518
5180
1297
22421
26348
627
30892
2881
17588
4597
5585
32275
1467
6571
22674
31077
21826
16859
2542
7375
9427
1277
3407
1435
1503
13002
10070
2681
18085
10645
8667
24436
22101
14814
28976
13861
13430
26661
16038
11815
28549
252
31827
10699
30431
13152
26130
23308
17377
9545
5066
7365
7757
13952
244
27681
32751
26033
11607
5715
23425
3009
15126
28296
19149
24929
11757
8218
26641
740
12216
28935
22183
26189
32309
2209
16101
30637
26122
3719
16707
20396
28426
13779
9403
14437
7604
2197
17526
29815
28156
1921
164
31832
27471
29156
13996
9709
2513
18909
1157
27224
9449
26825
23395
15890
18175
14335
9623
12089
7812
25022
944
15915
17459
3683
25831
9299
13975
479
32442
32067
11982
11625
26582
1539
12940
2416
23098
26281
1891
19412
24730
14890
27457
20053
29441
18544
13882
14668
18107
9901
18823
18073
21874
12782
28623
12508
24471
6131
4774
8936
28164
25150
26964
15220
5855
14186
1239
30996
2497
18110
23851
8808
10007
4610
17352
32403
9929
2449
24429
29167
4634
11952
5404
21248
5328
12318
613
2982
27028
13549
27880
23190
26011
18831
19222
18698
26502
9012
18999
10424
11655
11604
30129
11777
22214
5511
25479
31340
5123
18845
2592
11090
19324
7147
9034
16603
13329
483
16510
28969
11174
8424
29798
15314
19657
7520
13724
20884
1940
24586
24245
9284
16853
17809
28542
13064
17005
27746
29573
26310
27638
5307
12763
4828
2729
18181
2585
28178
14718
13412
8865
6092
8852
1420
19494
32133
7892
3030
15983
13432
30930
2195
4695
7072
22259
32416
7449
23011
4309
16955
4298
3211
29675
15124
1575
14837
15208
3239
21393
23693
16223
6346
21846
6650
7976
4226
2866
31381
27397
1819
12054
13600
4357
15224
10535
25269
4393
2983
1290
12028
15558
18104
19551
22689
1322
20688
27275
5637
7554
19833
32187
12852
29692
17468
14630
30232
17960
29554
15506
12780
21668
17751
1305
31474
31224
7008
23341
29033
10431
25551
25050
8890
5384
11652
11083
23538
3323
11798
30352
116
17600
28194
31390
14576
6556
4067
25239
3727
4189
25603
24396
18032
4857
16561
29185
4440
12658
20212
21616
25509
27132
16959
8720
2436
15458
11845
9878
19300
3238
28430
30140
13995
6376
22347
12354
24231
1672
6375
6707
10695
19087
7134
26218
32523
29003
14162
23380
26553
2362
220
13560
31058
13610
9760
26676
7108
10653
1188
11081
32737
6514
29666
26522
23056
21954
30107
30896
13634
9481
16495
23682
29224
5510
22699
14579
18084
20196
11106
23197
20861
10009
24511
4301
5718
32399
21145
2766
30177
10113
28744
6763
30288
23721
24759
32687
28684
2840
14779
8687
29354
29541
11171
23051
30235
26121
23569
12784
11298
7946
25352
15713
1547
1239
7749
28664
17051
20083
20179
5223
6211
21718
13530
18692
20376
5009
7608
9605
25096
7344
6226
28167
28869
996
17324
30550
10246
1250
27576
8296
25199
26886
26732
1322
8397
28732
29463
20096
10759
16672
26101
17286
26450
9316
6657
29
20643
3954
22282
29859
32106
16979
2569
4865
11645
31952
13746
19691
24146
3799
20809
18275
16498
18464
2487
26495
8490
2831
6365
7277
7300
1757
10024
2740
11126
23795
27494
31932
25176
13718
31960
15505
29595
1993
2952
15076
19129
6255
29404
10067
21352
29873
23148
24042
16659
27551
22801
19945
27274
19226
20030
15815
3577
25585
26004
4216
4375
6474
30896
28652
4511
32580
17224
216
23044
19674
7542
952
3681
9483
12371
1813
9646
31543
22728
3843
826
5837
11425
21999
17493
31267
21987
2711
5709
12453
14432
12122
10397
18482
5512
32434
3936
31171
8834
30975
10764
17742
17532
32646
25180
1258
26431
8377
22414
15155
8710
31161
18895
8432
7824
20761
23028
13811
30324
20197
29034
22849
31413
30178
26224
11379
6550
16920
12419
18012
22191
4238
16666
30956
2369
13397
21652
11860
21703
23751
20335
8555
4045
12561
31674
30033
3333
17647
15053
28754
31384
19127
32567
24077
19386
9881
8952
23765
24705
18213
28145
6743
24567
26381
24728
17277
30830
7213
5872
11155
31251
22472
22457
28329
32710
15381
9187
4920
6697
27386
23113
28424
12535
12823
17308
21328
3736
14342
6813
17440
18930
3809
25744
16124
641
20485
11757
21705
8874
9494
32600
6894
7244
25156
7891
14259
21401
5580
28979
3564
11300
12481
4048
19420
27706
11532
26241
24916
27254
21682
28104
8475
14736
3669
21833
4498
18038
21246
12929
12440
7326
12569
1972
11948
17562
193
14119
25937
28909
11582
13968
3255
27933
14284
5835
29847
777
22430
13262
17503
19069
23331
8415
1679
5892
11912
9477
867
30717
11134
23484
11954
32497
5693
19948
11542
16420
27593
5916
13389
16746
25972
27363
19167
19260
21924
3744
11009
20491
16854
7019
19642
24020
24035
7244
23364
19957
19586
23722
6581
10047
18703
31494
31455
26188
7819
5097
28788
8211
4067
6426
13678
12985
5493
10517
6061
30891
5072
31417
1250
12777
28603
12609
24237
6053
9082
11381
23042
19980
14668
10529
28113
10340
20280
17863
5350
29527
2057
16273
26382
14734
3480
31625
19835
13954
2121
12300
22121
27535
12248
17020
27650
2891
22870
11574
29311
12053
9838
452
4497
2801
14829
23379
11519
5011
5506
21863
20624
19129
1217
23245
4907
9662
14702
24786
13629
17004
31993
25266
32347
24083
6981
12627
7721
17111
27309
27443
5242
8014
5449
12447
25784
31819
1901
26663
6279
17652
10099
10062
21925
5403
15035
4998
2836
16843
7151
20315
31100
20512
9868
18414
6859
20060
31646
30373
11550
17208
971
27425
25828
10104
21138
12656
2624
7618
20181
26756
1456
23728
17557
7396
8173
32548
17406
15266
30994
11996
29091
12685
31487
23878
11274
2727
19200
32405
10859
9690
32426
31508
30901
20710
6150
19130
29906
24734
3314
28415
12588
6484
24003
16111
24688
31634
32559
14717
11922
18699
7019
21017
11025
21968
28304
27525
10364
31175
16963
29924
13621
13914
19605
23828
4469
25708
30248
20541
18064
32401
19348
29610
17274
23422
7688
5080
8842
27838
5941
30925
31871
21927
17511
21675
27841
28301
23797
133
10985
2101
18396
31601
23938
908
9383
24543
2577
4505
23442
17193
18004
12209
30958
13163
3784
13290
22471
18324
26221
32210
24517
30141
9165
8032
23120
9146
3899
4650
8951
9711
13913
19673
14099
8293
6365
19674
26791
32286
4756
26711
14475
29349
9895
31846
7114
14824
4125
19328
12360
2634
15265
8244
9384
27893
3717
2076
22380
28781
7944
15121
29022
26987
16852
667
32559
13800
4299
13739
20063
13944
20227
7309
4444
29145
19983
20760
3822
5836
14465
28456
24786
20515
26028
10574
1446
7964
6831
5573
18949
12269
23727
18344
19698
23712
14435
2147
9082
21025
8918
17768
24469
2966
22376
1571
32334
6126
22294
32303
291
23997
27900
4042
13999
20807
23576
21126
30342
20698
6737
29250
21601
7010
15544
31321
3707
5431
30989
24857
15162
20281
24709
26487
31250
1055
14282
8448
11175
12
4164
14355
30001
9827
1687
16974
4901
2525
19053
14662
16146
19161
21365
27515
11464
12275
26540
31115
25280
11479
22235
13221
29112
19288
3936
27457
20382
10940
28722
3342
22959
2394
31776
5932
16864
3176
21081
16284
27517
14862
4145
24309
31504
22974
34
29528
7556
11976
14865
20389
19082
16681
6355
19183
1596
10404
10480
1070
26112
3605
29863
3636
23728
22273
20786
6115
4600
12145
4427
25756
18687
26113
16622
10490
6729
20020
20065
8129
1244
7434
17522
27409
6817
29653
31232
5600
19470
3400
23228
18855
5890
16593
11569
3162
7408
20521
31234
6814
25664
13097
30835
12855
18674
21983
9259
24767
24709
31969
24633
10910
21783
17377
19284
7734
31693
27266
10599
10078
10869
25450
1613
14098
4202
22936
30168
4968
5816
8184
5401
25542
2945
16181
12507
19795
7328
5583
13681
13227
25995
15981
19378
29143
5246
12404
18241
8060
27350
20184
18962
13906
7355
22835
16681
11224
21505
29460
7845
21319
23120
13721
29950
7108
11907
32576
22411
32473
2383
30202
9287
13094
5413
28545
6868
30548
23897
13292
25792
2379
14467
20097
29448
7589
12838
24778
21722
27490
14223
11243
27551
8157
3072
17458
8249
20222
18446
8944
32137
13234
26696
2695
21557
21656
12057
28869
19368
24830
24048
25456
1114
23051
2461
6946
12113
23613
3583
12375
16104
7447
25820
9925
5327
28947
25616
17132
20819
28126
9962
24045
10207
31940
9939
11167
23747
29033
18224
9952
20533
30907
22666
6185
14997
29732
22252
27238
32246
5380
26509
16900
12505
19550
22959
2635
17979
25298
11975
27886
30419
19659
28126
26592
20373
3833
17975
30058
2426
18178
17714
31355
3715
11380
9072
28479
20476
7679
27960
30194
20990
3809
2586
21495
4151
26785
26578
292
8173
13568
19567
16737
13121
9261
5044
31857
25009
17208
23486
18447
23009
30409
25831
22589
24731
3602
10475
18905
16660
514
27977
31601
4721
13499
21740
26712
30345
17735
13579
14841
13805
19334
12622
876
23846
4203
25394
23367
16189
5736
4270
18359
385
1575
13847
12495
5252
21371
26433
19743
15975
11926
19431
15497
6743
5500
15180
17744
12632
6584
15139
26482
4161
11853
26028
14904
32520
4591
31521
18443
15680
10611
8784
23689
26592
24197
7305
30936
27718
22169
28858
25146
11388
5668
20953
32482
14521
25611
17538
29959
16939
347
18402
16438
10995
2364
1491
12524
22386
3360
20040
2660
9411
16704
25068
12974
10376
19785
20486
10497
7658
5458
27552
13906
9179
3858
7144
3109
12446
30544
3030
17828
24202
31642
32015
32494
30219
11322
16906
30385
22761
19046
9073
28155
13005
18103
13514
14925
4865
989
23638
15858
21367
12688
4665
14990
28941
21449
6876
12794
14607
18995
16528
18767
28669
27612
20596
25153
21903
2865
24216
24239
10743
30249
5474
17015
6246
18112
5169
10127
10961
6055
8513
14418
10997
28986
13007
9239
5273
690
4989
16904
32019
31644
9719
22066
5133
6538
3031
11480
8585
15880
13254
13
9507
8401
4836
23426
31382
29251
3435
29340
10114
529
21135
7369
13933
15928
12200
27669
17159
7732
7826
4600
7090
20083
4948
1650
7233
12298
19713
9562
9728
167
11740
13812
22773
16070
24255
4289
29286
7720
16830
22427
29852
8321
30727
29697
31718
9842
32524
20399
25824
3254
10469
31601
10228
10656
29679
14394
3618
16069
1466
5744
8957
13046
19746
8075
2038
10353
4027
15838
3293
17239
26227
22196
12709
13409
28018
19103
30056
23503
11077
20493
5802
6306
29500
23580
10466
6155
18192
3504
9015
14627
31689
20162
19591
22748
9695
8187
10413
6712
4256
17025
19204
32441
17617
13329
12839
25368
25240
12622
4347
13370
21146
12888
10480
28767
4704
5537
6531
18589
8191
27900
18696
30349
18680
8439
19110
6724
24669
24171
26019
13444
8245
593
8673
4404
14882
30679
32169
13838
23361
15540
12456
10648
10066
32696
8247
9813
28441
3495
26848
3644
9731
71
8477
12905
23309
25528
14690
17171
14562
17924
7518
31678
20803
25847
31359
24497
14252
28209
20404
6827
12085
1401
10870
22994
28598
1364
13577
12524
17966
11734
31231
24529
5222
13753
255
3104
29649
29100
10436
17202
32695
1517
25192
22604
2706
22042
12771
29465
17081
10053
6095
25175
2619
10310
18542
1744
1550
21589
21485
27276
10345
25560
9194
22597
14958
16249
29237
1819
10508
10620
7379
11913
6436
4431
31561
5784
1770
17763
6423
30802
29839
30523
31106
17018
27677
17859
18582
5754
22690
16866
7532
4509
31376
8530
12713
13950
31588
5040
12871
2753
25734
28111
3480
15616
32112
8018
25223
26376
21779
9850
29986
16454
31350
30268
19541
21628
10401
663
23800
4792
27065
26404
26125
18567
30060
23535
25154
23910
20112
27781
12990
25209
25606
9550
26393
19072
14565
11037
18092
24070
22484
28934
32524
16347
5560
112
7121
5573
26512
1898
11164
10611
20380
8515
13912
5554
9669
3412
26815
21476
16185
18465
6432
15789
14678
15009
2400
22255
27593
29657
2624
29689
17911
8368
25565
4091
7068
13822
10109
26557
9393
230
20104
11409
13460
4454
19157
25479
27747
13100
27687
17631
27816
26795
16120
12228
19004
7279
18549
1591
19045
31917
17353
1353
10818
13599
17566
28045
30057
31502
25313
4045
12238
8113
21446
4604
22247
7349
5133
108
32269
20253
1923
32577
2598
21580
12747
12326
20609
15712
27742
8254
7425
3266
15825
21085
25470
12795
13911
14713
8296
30666
30086
14171
11437
6259
15710
29594
2269
27737
13959
7882
25485
26319
18906
30193
24313
21804
13091
6714
23021
5149
12581
4334
16357
12096
30431
32671
9331
7918
16910
30887
11745
6232
15091
27601
4887
9173
342
3925
12480
28026
2763
21770
31145
1004
13876
16343
18025
31090
14471
11626
18503
6990
18130
26669
9048
13134
8572
5494
29672
1950
25805
21503
17179
3296
17072
7829
11988
32382
2488
18196
18646
20799
7522
7570
28970
13337
17306
6107
12224
4935
27520
3358
20825
20891
20843
23013
19363
11284
9262
74
11430
31667
3995
6248
6496
18827
20550
9489
8108
26904
13452
8383
24425
3281
11987
22220
20183
2304
23826
23781
7748
14546
10645
16572
32489
14762
26874
15869
20751
28859
6528
4228
32118
3798
10113
14029
32246
1664
23356
14507
22887
10312
21464
17981
5823
22872
13222
17182
27514
6217
24999
4573
10559
17468
1102
13229
11968
23078
6534
4189
24546
7275
20471
31370
26910
22703
1413
17427
21030
16360
3866
30413
9164
1208
11686
1400
9504
13307
21604
2290
29657
31644
9310
23979
31735
21420
16691
13657
4774
15797
25368
28909
14436
3659
18973
22213
18022
29925
30386
31011
2872
13803
19305
24798
6821
19216
31741
20567
21718
24034
28052
12975
26814
20639
27713
2871
21941
18763
22989
31016
12386
29439
14775
9109
11999
27012
15993
8605
16408
801
15373
13029
12916
27824
9136
23622
11704
19447
27878
15554
1064
23606
4030
11965
7919
14589
29783
2409
2496
19264
31651
5763
25022
3245
1387
4157
11161
5437
6035
15227
21754
9994
2720
29249
25890
11360
24439
12908
8398
23574
8807
1185
9565
30751
32618
20356
16180
23132
27560
27434
32610
17332
2109
2256
21632
8551
8764
17101
10971
15519
29684
26821
22486
2121
2930
23584
21641
290
31303
4282
2990
21525
12939
1500
16062
16068
13601
19308
18007
24165
30013
26464
12769
24783
5412
12152
2673
19412
24627
27437
15597
20178
9763
20965
28530
21125
23435
14696
17906
15135
9126
2199
23074
4251
10071
16988
27283
334
23914
15581
1310
29375
10269
22773
12422
5304
27615
19940
22873
10909
855
23877
1559
32509
13480
833
5782
13671
3060
30467
4773
28287
16159
3947
19440
29264
32469
24583
22308
21732
22734
8767
8275
18706
3920
16079
7833
5528
2550
2939
27392
24682
17329
4349
16033
17481
23052
27971
7180
25750
8628
9687
10218
29545
25655
32415
29921
24030
11020
10438
18104
4783
15316
24058
4284
5896
10719
15320
13154
23958
8434
29604
15661
5090
19783
8766
13010
23005
1238
25681
8859
6075
5587
31438
1801
26117
24184
5017
15549
15338
4612
2690
3992
22487
20228
13942
8994
5703
27345
5878
14888
10971
5722
30153
8618
28589
16419
20718
17140
16098
22414
8405
8458
2686
21850
20175
17737
9852
11625
28610
24396
31007
3526
5921
7181
1411
3814
22043
30796
1143
14638
15123
4661
32655
950
25937
15933
8820
12365
247
25421
13951
10429
16182
25122
31878
16720
7873
3060
22774
1170
6274
27733
1570
27737
1165
27229
16603
11267
19282
1284
9025
28671
14102
11983
8664
13967
31140
3247
24287
9675
14911
7206
18397
746
16348
1195
12668
11965
2958
6224
26010
19324
30530
18338
22430
28613
11436
3280
29448
2786
2177
4624
14413
24139
15847
5951
7137
12395
20010
23239
23445
7335
10416
2502
15907
9373
1839
31597
28935
26281
23069
15270
30865
7598
22888
10489
26169
19987
3432
10672
18738
17419
25618
15417
3394
18202
9838
26317
15312
9941
25163
19023
21311
1257
7217
23671
10362
94
23959
3375
1744
9757
29526
23357
515
19120
28766
7203
11931
12618
18599
31555
13440
9223
6251
29767
28616
24948
27539
19648
5070
850
6511
20749
1156
17047
2217
22655
23050
15542
28540
21691
17023
7712
25633
28767
13847
22027
20874
232
12653
14194
9299
20435
27163
11101
17398
32514
12681
22626
11326
3170
31234
25452
15102
14539
12813
11707
1538
22055
27130
13356
19782
16599
30651
29627
23910
2130
3317
30534
30294
2831
29527
29332
2643
2470
25387
3733
26905
30002
10282
19179
11095
31993
2197
6314
29280
8015
8833
4700
20515
16823
13171
30025
27485
5196
32300
16373
13325
17503
17094
6633
15401
16994
32000
26806
2191
7940
23767
13880
28222
17310
11606
19480
20422
2510
7598
10388
20221
30305
8329
12419
18164
7031
21916
17043
8745
26081
12667
4054
24830
22990
22450
23933
25706
679
23313
5091
20719
6711
22599
16077
7628
11023
7859
25328
9331
12841
23414
19635
17469
971
31437
15415
28253
30638
13214
4756
11795
8288
29008
25702
290
4583
4064
5513
5251
31655
7729
25120
14683
6534
6820
30940
9771
16461
24041
2683
22598
2385
10261
29326
10633
24916
1012
23936
28230
32422
29856
4052
12161
655
8530
12974
21855
18930
29561
18837
21979
12586
23305
13687
15291
20280
11542
26861
6594
27680
20641
12737
15912
13968
11698
15278
14919
31939
4775
12390
4759
27813
971
6362
10972
7992
10538
25525
17054
29494
20132
13609
5594
31480
10817
25583
30199
406
23748
18313
28411
27472
24707
15307
19711
29996
23157
32153
5601
6113
397
17650
19256
4596
4166
16430
2189
23841
29824
21635
20936
4860
12682
18382
9704
1240
10368
14224
10743
2792
15063
311
61
20132
31542
32672
8117
5230
24711
16857
16317
18550
12111
7979
11281
21211
3386
19544
5370
30483
29435
22049
12227
17036
28754
9483
15213
20115
30318
28259
15780
22902
7286
13952
3057
31461
4707
18504
30000
30622
13840
17910
8005
30794
32404
14106
27915
10145
12751
14304
141
31701
6211
11670
11641
12078
8997
9321
28625
11249
14516
14959
15076
28551
6858
15339
13437
10459
7089
21708
12378
5636
5431
31606
32735
25892
22021
30917
27148
7312
31020
12623
24493
20017
23553
5098
16336
6698
9771
20847
16508
17594
6138
16829
20384
25444
4859
6656
74
25934
4297
22579
22553
31464
31781
2019
4341
8397
8265
17462
8957
20974
8826
6957
10945
9453
14813
13862
32690
22727
6539
27557
3799
5302
16615
7763
19905
24406
9776
3399
22976
4358
28498
31109
5975
17809
11522
17604
26094
4366
19465
28021
15303
31748
12512
3072
15923
2770
12670
13649
10758
21582
24942
26259
8264
27565
25636
24123
11053
8611
14737
1609
3911
24778
14581
21450
15611
10568
11765
16290
30258
28589
19437
15496
31824
25370
27527
20050
23146
24232
18061
9843
8116
2567
9723
27074
7736
28006
13913
893
462
31891
30279
10637
21320
23908
29530
30219
15341
27989
18726
14852
7465
19058
5788
28025
20610
25464
23959
24746
9166
21303
177
4757
26019
2874
21339
20665
5648
4522
28717
1055
3978
22128
18810
20379
15401
25498
10280
25424
11029
27904
3262
10610
6715
807
9919
12368
18500
28005
22071
30097
8903
28486
27539
30397
9405
32047
6581
11008
31030
9281
20040
18987
13899
10624
25681
1276
17492
9269
25863
4767
17755
6033
19173
14196
4304
20370
31485
10515
6013
1323
26767
29582
17341
3487
5850
17398
10729
6446
27954
15392
7444
17651
4435
13224
31736
1037
15349
2615
18991
9213
15265
28418
27047
28751
6594
16787
2128
14717
5631
28620
5655
17168
27592
29993
22296
23816
5679
24389
26127
11390
1530
31648
15120
26504
32246
4767
2681
2141
2446
21460
4132
15289
16795
22400
6881
3715
21374
22870
27683
7854
32365
4226
16377
21341
31498
18666
4416
24650
314
8628
28184
6248
24628
5384
28820
21447
23768
11543
12214
27832
19011
2652
15514
6195
4256
7969
32753
7541
5696
17478
2993
12525
16110
2878
13579
30297
30076
29018
2718
28205
29602
22602
31466
21044
15369
26593
16135
9593
31394
15640
23958
31592
16188
2646
23033
14897
18006
3310
25535
23661
17457
31721
6754
30212
26154
21511
14645
78
32327
9472
16280
12664
3344
17423
26990
25386
7584
1969
3025
19558
10235
28843
10756
4788
28066
25674
22184
30332
1125
23534
13619
7859
889
11722
12191
18361
1738
21221
13407
22914
31890
20068
4247
10485
28971
6668
14988
26769
19746
15363
8282
3158
14732
27094
20197
9443
7837
23744
1297
30172
28790
15146
1846
19342
15935
15214
18126
21462
14198
25568
12913
32318
7046
3087
16900
10090
18332
840
4909
5043
22198
92
10761
32017
2045
16035
10786
14398
24404
27713
7067
13592
13361
19880
4270
24136
8875
14943
16217
7201
4821
22273
25427
32458
19019
12424
31813
21408
15370
7371
15415
10710
2693
1094
14920
2654
28661
31002
15779
26381
240
16212
13486
1274
32061
10866
11397
26151
8935
29732
23718
30307
14224
28751
6894
32622
15368
16983
19396
10335
32286
30622
8852
1091
31926
11080
18047
29703
21020
5954
12112
24472
6296
13954
20146
2632
32067
23696
22945
1652
29976
26181
17951
3171
18510
26578
20776
14450
26598
31749
8423
29806
16768
6344
22314
4162
1394
3307
10260
19922
4891
2851
18705
25638
32629
26194
19471
15819
27114
25352
15084
30326
4969
16970
1834
23531
27576
27027
8682
30237
2316
19481
20504
23191
15831
31057
3811
20250
16609
29877
7280
32648
7066
15045
30927
19200
21167
5964
29486
27723
31963
12516
5964
375
15360
28092
3889
14017
19574
5529
19741
6329
7842
21787
4542
20896
11979
1602
8869
22037
3882
25136
17659
17649
22592
49
20592
32367
29549
17912
28277
13968
29629
11564
22955
1725
28933
547
12699
17070
6447
32749
13991
5260
27602
28052
576
9298
21510
8354
3930
20089
5238
2276
10013
11732
14774
10606
1502
31929
1751
8927
19533
4449
4153
13030
4336
31121
30881
19717
9680
31098
1163
12437
26226
29151
30658
8203
8712
29045
28973
7545
30185
30095
14572
20568
11327
7674
13476
30852
29439
22566
30230
4744
32543
17799
6135
4380
28675
24891
23803
20460
1848
10477
17716
9115
2148
19705
3482
11016
21885
11217
19947
17872
6970
7327
10421
21524
8647
19756
16816
9084
5565
14080
28242
11643
23889
28619
21662
2773
19916
22787
27709
16479
21819
29391
5583
18694
27751
22052
15491
275
25863
6701
13797
22190
26677
10481
21496
25504
14623
18224
23941
21597
4095
21389
24754
16449
8525
243
5078
22298
9522
4145
14476
2023
29505
19687
13575
1247
1634
20902
22437
18613
32014
22355
30918
283
27074
5068
28382
645
1965
27598
2249
10543
10156
31767
607
19297
27001
15815
10057
8434
5408
18956
6163
17419
10418
254
25985
12077
28220
6088
30247
23669
11770
21001
27188
27167
20681
27258
29071
26698
1755
28368
18469
13306
18094
4836
19585
867
14399
16145
25757
1893
24699
24029
9463
18003
8438
11484
28136
5112
24543
5330
29489
19164
27700
19736
25047
10947
29234
20033
6194
119
5136
22524
9280
31431
31468
3644
31807
20688
29702
29079
9594
7547
28204
14060
15715
5191
27509
16969
6370
29513
15154
18700
28141
22129
4130
24392
15193
20494
18149
29802
25327
27284
28851
796
10691
30621
30286
30825
4801
20527
26421
5666
18313
27197
18715
21633
893
26480
31639
1805
13591
295
1053
18621
18817
30140
22061
29536
22111
23305
27594
9788
5615
31274
16942
8182
26965
6277
3772
28594
21808
21000
16438
16762
11377
26802
8240
18916
23917
11605
10437
5359
5425
26010
25224
15407
11541
21317
24253
18474
5780
16570
8650
16641
14682
14016
4584
12883
30623
16262
15902
9822
19636
23268
4464
23655
14811
2018
18004
15964
30044
1918
11877
22969
4053
15530
8795
24488
978
19861
11835
28780
25501
27179
19915
13823
6488
23519
19785
4602
27976
17064
8796
25270
18036
9033
20811
9137
22895
10966
12909
27955
14706
19316
11233
5937
32685
5728
13182
881
31967
30515
11533
21231
10533
13412
30902
2688
17935
22798
17849
27317
26361
27635
32095
32514
21401
6082
23087
10271
30932
10389
32612
9647
23510
702
9375
25376
17249
30403
10714
3026
2917
5799
10141
10875
22226
28779
20340
22474
5034
20949
12448
15434
1370
31088
13581
27018
18762
22740
27268
20091
2483
19495
27682
19225
21169
27364
9
10061
15769
21979
15701
28946
26252
9850
20050
1496
24652
25418
8940
19237
6735
7612
10086
23170
27922
7462
21327
9365
16560
15113
9394
20363
435
21653
23438
21689
22570
30063
2437
8578
21756
8113
18904
16251
2427
21811
13715
18381
15676
17929
26629
9691
13863
18508
10099
27941
18122
32030
1550
18028
5874
18152
3873
14360
23165
29926
21647
19926
27242
18406
28797
25477
29746
13388
20300
5971
13147
1370
21962
10019
26954
17838
14249
15667
1881
4364
4656
28667
16169
13150
7984
31064
27962
14585
5178
26857
4536
21538
527
21945
19352
15313
18520
21279
2532
26549
29079
11491
26451
19831
2910
11938
25629
835
20159
31348
29197
27525
11523
13003
1752
19952
5278
31647
10413
453
611
5832
10509
3410
13045
8107
477
24249
2174
10776
2234
498
30883
18547
27788
30739
5815
15634
12638
5071
3630
23271
7789
32573
8533
22879
21118
20187
65
8073
29301
17875
3077
19067
9764
12157
23081
29426
22369
29220
3159
30264
26459
16141
20566
17995
20014
949
7229
1339
22708
91
31456
28628
30878
10174
31887
23421
23236
11304
8192
19296
14266
23979
18313
24779
4772
15787
3730
10966
23115
27549
4939
6471
8304
20237
2202
5810
23392
8934
9304
3557
26056
17902
15804
24195
12491
29840
12311
1262
23634
20446
21954
31082
10659
21974
12117
2688
31798
12004
2842
13985
23747
29865
16578
18700
12960
22011
21846
15858
10058
15405
7024
12759
26690
21904
9130
24635
15130
10553
4439
30074
6095
6149
10097
14321
15705
28379
8659
19554
29825
28209
11944
6553
29939
27346
7204
3920
8340
27614
3698
21585
2325
27154
20973
8154
29641
5193
7570
16965
20403
15683
22965
8424
20964
22182
16116
10555
11268
7490
24938
32568
4398
23193
31781
27400
32001
24479
4313
18907
28915
7358
12245
1560
7145
31517
31799
23222
8197
23330
16476
26089
27327
23606
9883
20226
21304
20936
27187
912
29386
2452
5249
20428
27620
18213
6775
22068
4885
6296
28233
10869
11878
26788
22889
5006
16109
29143
12982
14643
2207
30498
17649
16495
19558
26008
31088
7054
26740
17267
6934
4410
21206
4184
17794
16100
8780
31452
21639
6758
6488
3910
26588
14054
26517
17302
20245
20733
5450
1223
29138
26136
19775
10578
2103
23327
30927
27891
14236
30293
25151
22959
26501
12416
20814
16918
25300
8521
22029
12486
6461
2789
13809
28976
5371
18677
12071
5535
30913
9899
1575
7798
6644
24623
4492
9912
2839
21313
14371
14798
10887
8991
5442
13957
2408
21417
14171
25431
16095
8131
11472
6123
31617
3835
21257
8159
28940
3692
7109
15044
25173
4321
15533
23914
28546
31294
32047
6238
29305
23068
5769
18354
32665
14772
23076
28668
24231
254
4644
27809
4107
14106
20541
21332
12860
8686
7880
12505
23417
2321
18454
783
15290
8167
10244
5165
6886
23310
15311
6988
1862
13561
25642
17958
18490
9691
3470
4125
26922
21191
13010
2687
28864
14357
28155
31240
6228
21255
2901
28072
6056
3757
21187
12935
22742
30725
31571
18759
10374
32103
32021
16521
13924
15648
13614
6322
31186
10078
4136
5359
20185
30540
11916
7542
24422
18301
14259
5903
11443
17806
20185
21459
19715
18695
24179
308
12690
20867
11714
14142
2252
12305
29865
3357
4285
24537
25020
22238
28105
20995
18073
28794
22941
12500
24187
14864
15973
24090
25356
10610
4671
12491
25467
5347
1776
13801
4559
6943
25047
30888
31355
19612
4127
5587
23090
31248
19256
7788
1532
19507
24967
3475
6538
2246
30556
21928
24518
10452
21541
18612
10671
9272
4066
24581
1892
5727
13529
10009
6014
8271
10635
19902
24739
11240
30438
9590
26969
29802
16060
3616
535
30776
30324
5589
30114
14300
14848
20497
5015
26186
19215
10259
18755
28265
4227
12934
15547
29135
10789
16992
7721
9420
27799
17675
9061
11179
22923
10691
25029
23860
26675
22591
31285
3702
12792
31379
19338
19395
22383
7765
7955
8955
12681
28926
881
25358
8970
7060
18857
29884
7740
390
22648
12447
13028
26328
18919
22124
14453
16767
1822
2422
26756
14863
22141
30323
32124
8083
4073
1667
10643
21180
27492
17262
31228
27711
7649
20781
31326
8824
14422
8365
11398
12883
32018
16335
10329
20332
8017
27315
30732
24437
8462
16950
1175
1241
17176
19385
9830
15518
15208
7717
11858
5008
9650
24619
31441
13980
25146
31697
28009
25210
22249
11050
21611
30351
18080
16996
7389
12049
13004
23305
24760
19052
31547
17534
9556
7652
12334
24016
24096
23932
19119
15535
1942
6935
16164
17851
28270
16606
7717
6655
30482
2785
14219
32187
31059
17409
29641
7271
1114
18957
22400
19956
7905
7467
25933
16725
22435
32378
20966
12350
14864
25077
15973
44
31558
14235
27875
29861
29501
20429
9033
22209
13889
24311
12387
13801
25254
25714
18230
9695
30391
30889
9364
7678
17135
18043
13037
24004
19564
13281
8296
31373
13216
32209
6962
31393
29514
19298
10262
8561
2980
31792
18255
20766
28126
13826
23450
9531
15308
30122
1935
10964
12252
10029
30000
22959
16714
2340
15299
13009
22679
24418
22493
10308
10295
14551
27072
12824
32138
19636
11750
13480
7693
13008
25566
7199
1234
31563
5975
20794
5165
26993
32635
27471
4017
21985
26750
17294
29274
31726
23414
19847
29964
13893
30829
22764
22844
28368
14004
8344
19437
17883
32635
19153
29919
13430
22175
16074
1539
11802
1475
29548
24369
1423
32162
6998
6685
6412
24995
21027
4744
2465
29103
12011
16051
466
17983
24588
27673
20357
4793
13354
13405
21790
25084
13428
16002
5608
313
13353
8282
25015
3334
31067
29761
25547
21677
25332
30475
6392
1994
12278
16954
28932
25109
19463
30324
8017
18812
17708
27189
24251
4725
20181
12482
11460
24210
30234
3422
16367
18773
27460
9919
15721
22343
1167
3779
29166
23364
24110
29280
4587
17945
15248
1497
17632
5201
3554
312
9
20043
17365
16632
29757
20112
18081
24322
4886
16996
18506
22491
28498
6299
18209
4123
31865
21166
27279
20001
29120
27662
7438
31749
21550
19384
1912
17870
27645
29706
20868
26597
10563
25813
19341
16842
15314
25523
26006
262
25180
7835
6028
30817
13531
23730
7882
30548
28207
12644
13539
13761
30985
26036
9115
10210
17417
3024
23094
20096
8483
28905
26614
22373
13383
24897
32735
8723
13633
29318
27069
31926
2270
18526
1128
11608
30032
1859
15687
6996
30163
27025
8467
11533
29073
10973
27101
11743
22979
15753
11859
20566
29466
32405
5695
8350
20061
23480
14416
31547
13395
8112
1309
23546
2275
22742
25447
6440
27002
3573
24990
24321
2733
13660
8359
32619
6432
8754
23517
27109
8614
23562
12886
24506
17577
5303
5479
14458
14541
12386
106
19114
24784
5082
23998
19643
30901
11562
15632
16953
7713
27249
16089
18757
14341
4846
22824
23621
381
13915
22946
23514
15352
9852
18631
29971
19610
12023
4727
14304
18654
32614
6068
29129
13952
31659
3497
8415
666
26243
19947
4851
29709
6751
31744
1287
7458
17519
9246
22274
4209
22015
14132
10152
23810
8198
2095
27848
5555
19708
11894
23479
26585
11501
29110
13822
1322
1996
8933
20048
25819
27145
1665
22975
8197
8037
13337
24879
27981
20486
3855
26378
32708
29638
15516
5429
19724
4049
15124
1859
32445
29295
32364
1257
4870
24862
13817
16562
28824
27876
8058
28404
29119
24803
2905
18691
10962
32558
30254
20644
28622
32731
23429
26565
23870
1626
9697
4203
26718
261
24577
26859
14975
9975
2913
14429
23469
2082
16388
8014
28816
25500
31089
16565
3984
14394
13564
30504
28988
17248
17734
27216
32749
25111
32519
6299
2726
2144
8971
10544
7999
17097
10619
6696
20419
30269
21086
7931
26390
21024
8031
17208
20699
10396
6865
9594
14484
8501
4080
24215
9227
31140
6250
26906
3314
18658
8990
7412
15814
30851
22563
4974
30201
26693
32268
1890
6479
28649
17514
1451
28297
13121
6035
474
12609
31883
24994
9002
31509
4349
23743
23991
18439
13217
23201
11242
6692
19043
9552
31800
100
22889
23856
9996
1234
18594
30779
257
17900
10146
18062
23893
16205
25517
8231
5275
1417
9233
8173
25519
31065
16569
4080
14063
13816
1792
27379
13736
16076
16579
5928
8655
12361
12730
15930
24562
30739
32520
26256
15213
22626
13584
12753
15073
15019
24459
25763
6370
5501
26583
7097
13552
27049
11666
21004
4265
6821
3432
7272
11580
9778
18985
15915
23841
32573
3103
31562
24072
4099
27294
19348
20239
10105
13276
21307
22327
21995
26371
17552
4121
31971
5253
3854
2261
5708
6320
32666
30028
30423
25730
13833
23951
3998
18622
5091
24982
29448
30527
2150
25910
8428
11917
24014
14413
24057
17326
27604
3904
6741
32319
21365
24487
11140
31427
10228
30022
23948
1850
10530
21312
8022
11766
29405
13703
20056
25258
17879
18071
25969
1476
19865
23908
4884
12796
1991
22416
31401
2093
12453
25570
9520
28004
22746
20724
25896
28471
2164
13355
12719
16985
4909
31980
15594
3947
492
18445
18855
532
13711
1930
1089
20051
9960
21114
25284
8212
26629
28993
20562
10498
19125
31238
10182
16541
20551
4456
16790
19084
18069
9068
6398
22324
13890
10426
19547
12937
1599
19466
31957
21796
30868
985
20800
27543
25693
29792
8260
26621
20754
11718
1468
20949
22284
6805
26461
18448
26949
12907
11416
26984
27744
17650
11713
5876
16105
28945
7792
17657
5853
7268
30504
19972
22637
32490
8758
31797
18943
5886
28636
15582
18806
6537
5551
12877
26291
12917
15678
6117
1883
10597
26100
11380
30683
16035
7744
5824
3498
21593
22514
30819
16078
14341
23529
8921
21154
8231
8427
8920
4054
12860
2516
5599
2999
9456
20211
32274
32433
21136
5809
2117
16914
20414
371
30807
23312
23144
11458
12225
14094
13563
29098
622
32027
16851
25183
19918
6332
29431
19239
1574
25067
25091
14963
11818
1631
9317
21583
27853
6158
12236
29949
13656
25841
25310
26333
13753
31751
1578
12177
32542
924
22877
14429
7363
17611
184
21972
3336
4162
26305
29361
20679
24645
26169
25091
1252
23542
20559
7309
14886
8147
8979
28012
32581
28544
1069
20986
20804
13511
21455
4339
26112
28637
27624
19670
1290
31974
24475
5518
25266
21180
20207
15698
12644
7916
8904
29898
23864
25346
17686
29299
9668
30471
10572
10564
2613
5447
14612
21138
15262
21336
31040
20273
2447
11351
31492
9180
31978
117
28003
5334
5362
11698
25320
9426
23205
9705
8086
31505
15948
9741
801
29898
29520
29362
25439
26062
15951
15823
27385
19564
26991
6594
20582
31890
21234
7572
31002
1590
18955
7807
23802
23284
11760
8877
15892
30457
817
28995
2189
4383
29512
25502
28378
5721
27249
23516
5683
29778
18364
1183
26437
30545
21344
15885
22312
16224
28498
23580
15504
4269
13846
6668
1351
816
31702
26421
24539
21902
26033
28930
11668
26430
2901
3646
20648
7658
22224
28558
10930
14872
5795
14655
24417
24329
30232
27202
12141
20961
20438
13429
32720
13321
3763
10789
24882
15570
4297
25808
11173
13915
16588
2351
658
16820
22939
19571
21747
9795
2068
24272
11715
12391
24365
24376
26803
25436
21056
15465
7967
607
10663
10025
24896
13586
9609
31184
4003
19233
17139
14600
26842
25382
22315
4561
8049
30922
30017
30920
3108
7725
20966
20136
20558
25737
6529
11793
31909
14354
27776
18056
4133
13088
30188
26816
25418
11407
20545
10263
21378
1382
11388
13668
17122
31160
28533
22256
16408
30920
14703
8642
27297
18544
3054
22560
26428
30660
457
4434
30878
25842
19839
3753
4199
23149
29134
25024
27733
1866
26754
18434
5047
22250
11148
24428
18725
27609
21587
6292
17519
16886
17743
2539
18643
15316
4563
2111
27507
8033
6186
10372
7686
17861
486
3795
20941
653
7797
11955
18120
1545
19445
24728
23339
16114
25161
28841
28428
32592
21613
2758
12382
26779
31750
10186
25378
25377
17214
24589
31196
9383
8398
18222
4676
2643
6748
13583
10815
18890
16648
8224
8461
15765
23618
27873
22724
20681
14046
22178
3069
19943
17002
21901
11213
5377
1215
9703
23031
32030
982
21651
21343
25824
9181
29912
24258
13924
11146
25444
5029
25194
25264
14992
3467
5814
32528
23525
24427
13238
21361
13023
23393
17764
29939
5362
676
878
19104
25291
12728
7316
15172
20184
23781
20818
28030
27914
28903
8640
19992
28634
11239
4790
20628
13962
682
20019
7687
4269
26121
8960
9771
23273
31905
10128
18095
22780
9419
1067
31953
28925
21199
10316
21807
11236
8020
28487
3546
8013
6683
30766
7853
9337
13549
13558
7133
150
23250
29910
9936
25152
1924
28144
24883
22599
29475
2611
5703
9651
9770
31616
3707
5893
2466
23307
16704
15552
18326
22533
22809
12072
4038
14712
15857
16202
5279
14194
6578
14652
21611
28517
2835
7078
710
30670
31410
26753
9809
22293
18018
29471
16042
25012
14022
20332
1691
17308
29471
18035
9873
14548
26466
29732
27472
14692
20622
29268
21734
7281
25404
13573
4573
30377
16503
31720
15029
14306
11471
32032
24978
19453
15785
11593
18993
17169
28889
18617
24096
17606
25203
517
12591
21246
5341
31175
10786
8123
32553
25503
9128
31293
21922
31864
6545
5994
16549
13837
13883
14707
30131
15275
21581
31413
26307
13368
18600
16349
31709
25972
2203
5456
2788
7295
86
31690
436
32668
11682
26692
30317
11572
21199
31516
4621
19486
21997
12912
2373
28957
8255
7114
6021
32170
4588
18691
12378
23540
24056
3169
23289
15398
25203
16387
27676
14056
20720
7295
4620
31016
15161
25289
26367
23834
22593
23895
32165
5245
5466
31874
7166
18465
18344
4656
6254
20646
4566
28848
3347
27782
20999
28901
21846
5974
11280
9127
2496
26184
996
12902
28176
3573
31823
13072
1418
30041
19944
29493
16785
31263
2625
32362
32376
18975
8032
25579
17046
30246
12147
32644
29592
8693
4287
18865
30235
30092
2522
29444
27515
13224
7706
20167
485
6538
32333
20707
2740
27642
29098
8960
19194
21900
19208
5358
14940
31266
15950
27715
9252
25522
10795
22342
24209
11337
10759
1804
3185
2384
1081
13537
7410
7183
18554
5866
32182
11119
12953
2056
13093
11012
9585
26366
19207
13130
21017
28887
23890
20271
24410
6786
3904
17106
9574
11712
19621
12171
20934
11584
11136
14635
1941
17415
11728
4229
20460
17430
21929
1837
28317
30791
16262
4223
28452
19833
14049
21475
32218
5868
30977
13392
24940
29166
6676
28943
10380
3256
16509
17346
24550
21651
10863
8100
25686
20287
12731
30226
9560
9108
16870
9291
27584
5482
29823
28276
30891
30903
18351
11231
4277
24567
8978
2188
18284
2513
7877
32752
7941
20983
16577
29942
20558
10574
9319
2884
20196
22863
16475
9663
23974
5805
16022
11857
18281
10039
6839
2794
4078
7937
31386
25540
12561
30910
29996
7916
14402
3441
15230
13566
22585
12101
22552
17199
17126
27576
30863
32401
24487
14591
30042
27795
12734
4774
3041
1223
770
18808
32471
8169
9940
2718
4298
22556
26965
25099
3320
15990
32471
15383
21093
2495
1937
10857
5418
8822
31638
28699
18960
12309
4872
6425
28765
2967
32392
8394
11758
15158
1010
27635
29062
23417
21319
6616
3942
6510
10219
28836
3102
8756
2577
26890
2466
11197
17523
7469
2720
31442
25158
7869
17
2648
18797
30819
21775
14289
17645
24160
27878
6438
5025
21105
18285
24483
20271
16117
16279
27715
16186
19793
6213
31022
27865
31636
19294
31872
2632
13655
20258
10316
734
29672
17851
11233
18239
10663
19221
6731
10707
31919
21744
6685
24439
5305
22836
17006
30834
62
11908
18722
26026
29916
23317
26219
24088
28411
17857
4494
14457
29872
32087
31467
3398
32738
2614
26424
13543
21419
32282
20493
30244
16640
13877
28069
30940
7829
898
3555
20729
30715
11606
23699
13731
14347
568
243
14516
21128
27378
13425
4716
12544
13288
14007
21863
26355
169
17125
7883
28984
7620
27165
5830
1179
9437
30533
21816
12235
9983
16392
32428
21620
20788
1822
11661
15272
16211
21454
31639
18819
28954
25265
16267
5135
5500
5048
21287
24933
8252
31088
30037
20757
23995
28037
7331
13512
30991
20102
19955
23588
10324
19175
19315
22512
29511
23884
12240
30841
18449
24069
18855
2868
21088
19924
19261
7076
18620
15863
8815
15230
9241
31074
3308
5644
30120
21325
15521
21199
20211
16110
8309
2920
28713
5256
9527
22713
12470
10148
724
15175
22039
4766
27086
25314
19693
23396
9449
6537
30800
21883
808
21896
2917
25923
7671
14051
8499
2171
20394
29687
1714
18439
28198
31071
27429
30449
7646
16661
27306
25263
20738
9433
10000
22692
18162
12247
25320
9449
8185
13188
21215
28236
22840
9161
6475
5017
17632
32355
8195
28185
21157
16778
17524
7513
15471
13776
2545
16428
27474
3917
17995
16115
10432
10745
31906
2844
28669
25945
23162
30697
29652
25438
2833
4211
11401
11914
21745
3822
526
2900
13761
22830
26233
30926
28768
9834
29878
9349
16693
12865
26489
21928
11456
8442
31863
4973
7285
30992
6102
2737
15819
21998
15330
30431
22416
14327
10497
4626
2431
5577
14825
20606
10772
4803
20496
27404
13983
32453
25700
32068
2456
822
4157
14960
19250
8524
8848
32254
20530
25991
5477
15143
23298
29823
30603
4046
29441
21728
7818
32427
17950
6835
13529
5288
18597
22495
30801
32139
1880
30191
15586
19414
24514
23829
1925
30699
4808
3183
21873
23156
25985
1930
25490
9730
17480
15653
2615
9204
7183
19255
267
14491
24054
17459
8006
29340
24860
22922
27684
10645
5812
3953
5015
28675
17500
24038
4920
23651
14507
25325
13188
28055
11785
2592
8517
3724
20420
19814
15182
32026
5472
29443
26731
6187
26670
27857
2456
22816
18208
15564
23665
31856
23771
724
25066
7570
15374
6063
7488
18974
13826
22862
16176
20527
32627
3153
4454
19467
6047
30413
13880
14598
9628
6220
4244
2467
16366
8981
26679
2813
21081
6830
7712
5989
5620
15264
1349
23629
20351
4218
13188
14181
18422
22552
24284
28419
13158
8485
6877
18888
31232
16095
2653
18817
5996
31514
22893
3403
1120
10632
5004
7931
24176
55
10778
12220
16936
22875
16143
2042
2904
16974
2028
11903
28591
31701
23794
2780
10123
20389
18578
1803
6416
24358
11046
29778
14712
20342
18142
14186
6313
30385
18429
32737
19213
28272
7493
3773
9630
12175
13487
20578
64
6964
28768
19894
29268
5388
26585
14466
15754
4824
18798
5916
23286
17705
28665
21315
24167
15719
207
12362
9204
13592
9715
27769
31703
23135
14474
4528
18559
17859
28559
14669
17120
32050
26312
18256
22798
10310
4601
24765
23306
22983
28759
8514
27099
4720
5183
21530
23777
24822
21288
13361
4455
17222
12759
30601
22647
11534
24786
10716
30450
22400
23830
6787
27616
15955
2316
24982
28932
28170
20922
16469
27059
1912
13366
24774
13287
7300
14177
14496
3984
18986
11729
4968
4138
13250
21519
2010
19604
17285
7939
23690
16672
21581
20140
8139
6119
10396
6421
30416
19295
21216
388
26641
22319
29429
12276
9456
27457
27884
23749
5789
21785
32011
9395
12855
4966
19732
22789
22580
18391
28363
8198
17154
31536
24498
31161
18670
26525
31255
31945
30022
15686
30544
24511
15546
5411
26438
8823
20744
1554
16688
27605
22489
4135
29089
28596
2277
21059
2501
28959
30558
15848
29671
13508
2700
15691
20791
30629
27061
32683
25803
15889
24383
24546
12259
3795
30488
6458
9073
28329
23638
16001
2777
12280
14875
10080
5109
27325
9148
18408
6236
12487
18466
9838
3044
21028
29808
25497
13413
17881
10725
2233
3776
2774
19205
4186
1312
5416
9203
23834
23168
7025
21026
4791
28526
22677
20268
1388
17422
5559
8962
13182
23393
4196
326
32018
25543
4365
22005
3649
18627
17851
1353
12142
4607
13566
25310
28631
13200
23846
9235
24171
13178
21430
20915
17628
18551
30998
31957
6388
22004
5256
15104
6188
26973
27741
11667
16763
7322
11881
6244
8556
474
15540
19368
9331
31887
12914
25875
25473
11193
13622
11328
7894
18792
26210
3666
23319
9084
2274
31964
21664
4528
12058
13310
15643
3287
1308
11217
30545
19301
2847
14597
17729
1840
21549
8393
7279
20600
7451
9195
5247
4645
20414
17729
9218
11089
18012
20295
8080
16902
25441
23817
12055
13129
20819
27204
11634
17495
32520
11976
9790
31022
11287
18720
26089
13391
6540
31861
20491
963
13024
1456
28666
16220
17192
19423
30617
23613
2700
28634
8304
6556
18427
32550
8962
27335
2845
19993
14426
16997
25225
15679
23016
8959
14905
28157
13195
6335
32314
10868
31727
119
21928
1192
10009
16356
2522
28898
10048
21301
28122
24403
12255
21447
23064
6393
12040
23603
4191
25543
28923
28042
7175
12800
8695
14815
621
24804
8784
30726
22432
19086
24770
9372
2909
12061
12037
21575
574
14610
17569
31551
20270
8441
25604
19982
8480
13388
21970
8084
14593
17300
11900
24653
31722
15313
4628
8919
30107
28444
27232
18862
24357
20619
17197
16955
32230
10069
16613
28941
28346
32054
25956
13158
12656
19477
5896
6649
2171
12005
7687
16626
234
6601
3078
26935
13979
23931
16871
14061
10411
31214
2018
14655
12848
1074
27607
8026
31531
9113
23010
16060
30136
27160
9009
20143
15240
3055
26386
32016
24465
14988
4688
16469
2052
9901
26816
2767
25728
28102
19735
17195
21637
30370
15102
9791
21035
332
10089
30212
29972
28208
15140
6622
8607
126
7086
5156
14430
8143
13899
28892
22987
23819
16725
4550
4662
16010
26579
31645
514
6009
21325
2201
22033
28288
2014
9272
9341
14241
18058
29758
393
25956
27090
4858
24791
5425
28806
16076
5851
23293
10971
8932
3727
28713
15805
7500
1896
18854
28774
9769
28553
22878
30768
15422
11832
32463
13991
31409
29326
27385
7651
15378
23154
31611
12053
28313
1480
20729
18271
32175
27109
9408
12009
29872
31046
8621
7729
16112
29570
17483
11682
10492
29054
1595
25449
1826
480
22745
21380
9523
27078
13084
1563
25479
23991
14014
6164
9538
18138
12445
18914
29654
26725
30818
28829
31689
31065
29536
32088
18105
1645
16063
3759
22173
12359
17625
16543
1613
6642
16868
11931
21317
7053
31698
23515
29861
3392
12661
30200
25469
15989
1255
9654
14408
27972
25897
25120
438
21038
15114
31195
30895
5135
23882
18100
13716
14414
4096
16251
19144
25431
4921
23572
26735
32075
1250
32715
28021
3829
6632
24040
2514
27393
29341
3203
22029
30568
3678
14746
1023
11055
8819
13921
3290
5201
22582
19673
106
31226
13943
5028
22938
28405
14880
13336
31801
26728
25109
22162
16382
11455
12894
10509
11466
12006
29320
13299
19502
10683
11080
28978
13357
4035
10082
22931
12099
8987
31689
23624
9638
18866
23304
29891
11211
29110
14304
21199
23084
6732
31539
18649
21065
21636
20769
29838
5356
20620
20848
21932
3506
19236
1841
18193
30663
28497
7072
3609
32753
86
10317
29734
18384
24544
29817
7808
11876
17537
8643
6240
463
13407
3076
17223
32348
6190
24695
8596
16065
31323
12317
12118
417
18058
351
15711
26709
7491
9462
666
4844
4072
21000
22430
15728
22763
19859
20610
17003
25661
8463
10483
9898
15370
9295
13957
4673
11683
24233
21831
23248
15036
854
666
772
10967
3355
6723
21344
20736
15657
27070
28733
22971
323
3541
4367
13627
1310
20082
15595
29140
29453
27826
12358
6835
10206
5946
20480
28365
24062
30926
19873
1045
5092
5408
24802
10994
12717
26597
14959
9712
12804
31278
5099
2486
21061
25078
308
22840
3554
24567
26345
12845
26885
4035
14890
7620
20087
24079
28063
22930
1216
14674
12220
11471
32400
12431
24131
7619
2653
29806
21258
7035
9550
28306
28158
28608
30040
25383
104
3402
11943
20666
32111
3632
26687
590
5086
30371
9187
1964
5416
4060
3381
2042
19882
28499
13344
8847
12847
32306
18035
20998
1721
5385
3278
1425
25215
32707
11970
25744
13618
32217
564
28771
12676
4805
27138
30844
16619
15034
2026
5304
25762
22418
17831
6639
10226
27144
31068
15562
1967
27431
10550
22228
29445
23042
12877
468
18805
20902
22220
32091
31258
15181
30546
4761
10289
28884
31640
27252
30936
25455
11859
2524
28182
6812
4188
26712
29468
8021
26382
21733
32202
10122
2543
7425
26997
5582
13203
10755
28392
8529
22974
2221
23976
14862
20681
3844
31357
32069
15943
5215
10029
20012
7912
28607
14219
26338
25501
12382
6064
30116
27132
17547
10121
6723
21479
692
28562
22485
616
18629
4832
20139
14304
9649
8805
21124
9569
16717
13680
12544
26456
30309
27507
15448
13679
21258
15113
28235
18865
29481
12855
14172
17135
26978
3058
20026
1635
10774
16098
4992
25748
11458
26982
23966
1401
14220
16088
16663
24545
2332
23058
10478
16403
21677
6449
21338
8625
17508
26265
1729
24802
30176
4921
4836
1711
9490
9744
29272
13486
31055
17647
8245
29662
10403
6785
30226
27347
25961
23946
9776
16147
18968
23916
9717
9663
14176
14319
7324
26486
22646
7233
10796
23414
16812
16188
6822
7684
23876
25832
22915
1551
6790
9025
14685
7696
4880
16954
25581
9268
6766
23809
1589
21949
27626
10373
3326
2469
27301
822
1413
24197
10215
12811
30322
32694
9140
28362
17673
17846
31648
11140
31396
13773
31716
12126
32353
9456
18096
28824
5912
485
1475
20423
18832
2728
23098
6245
26354
28942
32421
27276
24445
12968
20320
29183
11644
10218
11553
3690
27765
3724
28109
20715
28836
4913
20368
29392
29351
7751
8748
10659
9083
26670
6801
31844
15527
6300
1199
32277
24759
30016
18312
4476
24556
25509
28553
6692
13618
16986
13082
16037
20306
23888
9588
8229
31337
387
2994
11039
32153
29660
2091
25955
16638
20310
4096
23902
4068
3681
24305
7836
19255
17284
23925
20363
8250
17733
11529
23682
6012
20813
20168
21505
4105
27336
6204
22587
31453
30731
27252
18897
27294
25465
24406
4065
19338
17319
24887
8511
22446
20158
24745
13058
7000
7457
7316
12355
7632
32592
12425
24353
579
27405
23890
22280
13568
17341
16334
11316
30951
528
27132
29808
26909
32484
4693
2340
17157
25959
19807
10894
3180
4220
1407
26704
27140
22369
9486
29483
14868
3470
9904
15370
18285
14816
32737
1090
10400
18678
6609
17176
8046
16092
19570
1156
3200
11238
4047
9524
19289
26847
22431
4052
2696
24163
19738
24461
29730
23434
23307
3019
14959
16327
16423
324
23780
31759
7069
19510
14673
12093
10222
14319
15708
25013
6143
1939
19502
9287
19053
11290
11372
5719
18208
7064
4713
5947
15139
11713
6810
9957
26290
8620
18506
14786
12693
12503
23694
993
22957
21356
6524
32600
28621
6594
17816
12772
5835
16167
911
30159
14550
23005
21032
18967
9993
19554
18551
28108
22337
23540
25172
19130
13356
4181
28939
29512
13219
16588
1109
14240
10042
29292
24455
5648
31509
27544
20234
2736
22269
8391
29195
582
21938
24197
19571
29798
18051
21691
13594
26846
11549
26415
29751
27729
29601
26446
9756
14369
761
6954
13856
4498
13675
13759
1500
9261
22382
9338
5274
23395
10941
22012
15114
32627
8107
24091
20279
6542
14518
6953
17594
25400
19550
16505
7469
17649
6456
27168
15587
10261
24638
7673
30678
8193
31081
24044
27361
11895
5762
12143
30000
10052
10293
15436
26100
30495
6503
28837
12891
20949
21705
14902
18367
2979
18605
19675
19998
8675
23833
4178
28362
14060
4122
6977
29537
1331
11355
24443
20736
3510
19958
27519
29620
1434
10634
25922
24113
18194
18830
8750
29127
18820
13797
106
29329
25831
14770
25948
7152
25712
15213
1388
22839
11373
23351
22795
30376
30577
19306
25332
24224
28337
6005
11186
14094
8622
19687
5731
29481
8468
15049
29371
11619
16610
15153
28748
23960
17868
15124
22276
16268
478
29788
10487
32148
9313
3642
4446
29587
16642
6078
17632
7720
21041
4261
14097
2598
15048
29810
18745
22597
2797
31680
22102
10519
3129
2006
16484
1341
22810
27772
25307
5594
885
3085
3706
16712
3728
31182
29251
10
16432
5758
5575
32258
3326
23342
18595
23524
9263
18003
11083
9451
24164
7962
13574
19659
5071
763
23354
18918
7576
29073
15850
8130
1663
19113
32125
28091
11970
29337
7617
22005
26433
4307
6703
20629
18400
7353
3953
16177
17709
11443
7713
21636
18755
15231
27348
9319
21486
22473
24407
28669
26127
29180
4408
557
15426
15447
29064
12373
7359
20803
10720
21308
15486
5092
19106
19529
32671
32494
11905
27379
6408
21946
14148
18041
19792
27545
18374
24531
23772
30056
8002
8168
22855
6500
31181
1537
27143
12608
6692
6782
17486
29301
8360
31176
23087
28890
21415
2950
1282
12148
15581
14868
12041
13199
16443
15920
16468
19981
4071
21239
21217
3839
8579
26129
29192
6002
2226
6184
26902
15755
23256
8606
25913
14039
34
28543
28316
15580
5575
3252
31954
24564
17805
11130
10872
31835
13966
25363
19478
1414
31548
30139
28231
7094
8355
13022
32538
8142
17134
18824
9911
14689
19245
7965
4934
784
14933
32330
15372
20755
9608
12859
24535
17941
18327
25103
17053
10821
19398
16521
28256
14506
13775
25608
31572
22198
2857
23225
9028
27167
8585
20235
9266
16618
13994
20579
13886
16329
13642
5138
6345
19110
19317
17028
31449
7040
13829
9401
17087
31606
25962
17913
30968
4641
24487
24004
23122
16167
925
5641
21839
12813
4492
408
30414
13389
7383
22232
2536
22953
19207
17085
28441
2750
1043
26613
28320
7644
30687
24162
2600
29205
7426
18125
4519
16532
3276
18137
32647
6193
24712
309
24580
14146
29694
24086
18389
14259
12604
14309
7694
16729
18838
16436
15685
13955
32748
12535
12275
3794
26667
7665
3102
21579
16406
31340
12853
30379
17735
10029
29500
26874
11376
7335
25128
15715
7655
1391
21645
13123
23394
23792
22134
27520
29439
26208
5524
14108
9095
4083
1948
13322
22003
5710
20458
11328
20527
31806
10346
27405
1311
10922
20920
31917
9696
19654
20102
3099
22608
15498
28223
21286
14032
4963
27369
20679
32072
13096
7760
14770
1900
23375
4705
22315
1086
7777
28884
18459
724
19371
5646
22627
15452
8503
19269
25200
16221
23034
27621
28431
24640
27727
31282
1923
4878
3236
26415
28118
4731
18547
4543
12140
30756
19829
16651
17886
10773
12562
7715
14853
16782
19483
28904
32084
20231
32443
9257
28011
8049
28843
21772
13802
26303
8614
29104
1155
29605
24093
11024
17236
20639
27691
15915
19827
30262
1227
22626
20938
29311
27977
6945
22565
10724
17654
705
7305
5414
23328
13485
13512
8355
8513
30916
13394
4309
3447
25087
16974
4124
308
27220
21993
18877
2103
1498
3310
13866
955
28973
20632
31876
5614
16148
15524
3422
24996
26977
31913
23236
29261
26905
5036
20859
24612
6613
16879
30603
1194
27752
32011
21499
21331
11458
11838
988
10879
24341
11014
8329
12459
30774
7151
23340
4585
30021
17833
29060
12685
5776
26717
24550
9258
16821
10561
29826
1469
20231
14955
10216
39
17971
13539
24267
5601
20004
22779
30980
1259
21539
10467
20953
22021
11843
4472
5504
27682
15612
5469
4063
10266
20502
11853
22678
29855
21192
22703
63
20082
802
32107
8948
7382
14504
11773
1042
28230
32320
26312
5949
28003
846
19372
6821
8752
10269
4826
9863
21377
10625
4583
22006
7345
12218
8480
27867
2964
17564
18718
7995
23212
29933
28314
23992
7072
8463
28802
19291
26089
16606
27723
16528
24015
7900
7306
32626
10132
20108
1470
32073
6895
25115
25968
25937
19132
9029
6015
14526
13553
21367
26037
12284
11988
14129
30109
16699
24939
28847
18585
28715
27188
28104
559
19204
29719
27926
26788
14538
23705
24151
21452
31951
14674
8723
32288
4985
20897
27776
27665
19525
24734
20386
23964
17676
13136
12470
32287
10886
30497
11473
18027
25100
19598
12485
17690
162
29219
18500
16675
13108
7079
26696
27307
31776
18836
14513
3614
27125
13514
8496
32127
11130
8835
7525
9212
9459
13450
7236
30662
27295
2472
28349
15903
17541
16991
2460
21941
8049
15835
7854
31534
3897
8998
20773
15364
17988
2715
2365
2963
9805
23453
11040
11888
20069
12937
13575
28669
18999
25320
2211
22074
18064
27114
25531
18398
28447
25872
19478
22695
22905
24872
29339
12270
8543
5502
20919
15742
6724
24401
2815
12454
14858
4484
18455
25997
8461
27798
8914
15558
25442
21204
22682
4388
30561
3277
19731
16336
28000
12807
8187
30360
21698
2544
23125
15498
29233
30999
30406
26818
11047
20124
18751
31616
19123
1510
2524
3454
890
20627
1804
18816
21244
31925
17139
9260
10776
2875
12
17948
32466
2733
275
23602
11093
2589
34
16939
15924
14426
8474
15223
8181
870
25412
11848
12752
19498
22072
5354
18868
617
5630
6482
12171
15603
21108
3833
32703
8731
26095
16107
5885
13418
16165
14874
27449
22421
8779
9721
30194
8621
1402
14150
5047
19606
3159
20263
31978
23482
26355
28281
15300
18942
6128
29541
17305
21494
26086
21812
3421
12884
31748
21092
23912
22695
32251
17659
5750
3138
4887
4379
15858
26489
11439
25047
5492
7444
3008
10309
28040
4093
18901
4308
5553
4924
26922
25312
3501
26149
12304
32388
23547
16592
21395
27824
11675
1226
13659
13691
8981
26122
14544
28858
28348
8231
29570
17617
10292
3016
15559
18377
31026
10331
24742
30371
1923
28170
31219
14060
16464
31722
14268
5778
26784
30326
4580
15862
5918
10813
12558
18498
31517
18135
3516
30205
5337
17949
2744
28125
17151
21402
3764
32732
18800
18492
24877
7821
13634
3663
20117
689
16904
428
22448
11526
9300
8238
28735
14943
23930
7782
4316
15865
31894
13456
8229
5645
28880
14277
30492
28322
20702
21362
1230
26277
15307
30472
21811
2875
14071
19445
32598
7510
11616
18388
16053
21895
29727
12000
15339
6675
30774
6831
18572
23368
31112
22813
4689
2577
30505
14214
4469
23753
12504
3640
13918
22093
25034
8231
6784
17237
6314
8931
14463
8708
20701
712
28563
10173
12554
14196
22065
22841
4826
15487
8168
26838
14332
614
6793
20274
20589
27591
1674
20985
13814
10964
20140
27899
246
4866
25308
20866
23137
13057
14935
28642
12041
19185
16658
16209
10268
29395
13401
14329
3310
1341
12982
13132
29177
8786
788
9880
22819
24306
22308
27611
10047
29742
3328
3288
4821
767
13327
17514
28710
16439
22824
10777
32363
7351
24058
15339
6750
15843
24491
14972
31227
23123
28863
2897
21896
20171
10812
5482
8659
32622
22539
19478
16315
22830
17570
23564
17649
1927
26592
11958
16896
12909
32056
14288
10635
22659
17682
16690
15574
6541
30062
10474
8585
1320
7627
17806
1200
16825
583
25809
28421
8099
12807
6227
11890
27837
23769
17598
30930
7171
11288
9998
11256
5515
8913
17456
20210
17083
18723
30415
14478
10938
9964
3947
32542
13092
20898
15019
5497
22786
4478
8692
14658
30201
25056
31290
5741
26049
20719
29974
17406
8153
639
18457
32276
6521
23097
15969
16679
969
4341
2153
10894
14928
14699
15909
16964
30127
30731
18255
4587
5775
29225
7676
11537
7384
14429
8050
3763
7971
12330
24381
28671
22131
16605
12416
31838
4639
18360
22922
1714
10259
5968
9641
9180
13625
1588
18755
20098
16945
20687
19490
30735
8264
21136
28176
11003
4776
23112
14756
8780
6092
7635
14683
31325
26423
4346
746
24286
30566
9112
3283
23068
8195
11004
567
10626
11355
31375
2283
15200
29202
28598
11726
14828
16405
29946
27481
18311
14801
16487
32375
20545
29347
20785
32151
5278
23951
28830
26112
20891
25908
14879
4965
10732
16383
28352
21946
13448
21664
6083
6470
21607
17082
15496
21752
15754
25567
12209
13054
19261
22715
14211
10132
2969
30351
5518
27162
9292
10466
12688
1130
29853
7027
27543
27752
6314
16497
22886
23515
12788
1774
29466
23163
6430
21906
29453
11850
23794
7564
27899
9768
12965
6606
24675
29346
15196
3706
18992
268
17134
7319
31129
3279
23532
32265
11334
23299
31967
15808
13748
21569
720
16431
13786
28850
15630
12288
8973
10860
26155
8966
11041
27135
11848
2931
12241
8522
14994
18763
25184
2196
15885
28696
17025
12760
3985
5344
1141
26207
24850
14420
8819
660
31780
8522
7500
17429
10173
15213
12367
15878
6973
20019
31850
26538
8877
8208
28307
31028
22596
23018
25958
2778
5936
16076
23056
10796
2963
3038
4203
22948
971
5269
4714
11902
26358
28455
31416
201
29877
17730
21148
25023
12849
7421
1824
19538
10332
11791
14706
17415
22394
5950
28298
22023
991
2075
25101
12404
16378
13037
114
17401
22418
6891
19555
9125
80
4782
13158
5881
29566
32485
5564
4671
21774
12619
1417
2334
3038
28630
310
20332
28474
31793
11540
31811
28067
12141
20546
855
4302
32244
6352
30854
752
30654
27428
12721
31033
6343
16541
15051
10142
32192
22903
20527
8668
20740
17903
21303
19898
975
2727
27914
19086
10154
25675
21429
29186
31786
28277
25982
22040
1242
12750
3700
24684
15222
23927
11339
30394
12890
12199
25703
18591
15161
20885
8247
10916
26130
10904
9156
8824
27744
28300
29322
2173
23698
27513
30342
25222
6586
23151
7568
23520
905
14260
24811
32399
23163
26146
27419
4569
13391
8650
20470
16905
5306
1501
2814
30061
32348
10701
14318
29345
4083
6575
14739
15375
463
11748
17117
17591
6022
1528
30262
25132
23016
10954
3858
8159
11573
7149
18888
22432
6030
19535
32160
13154
19370
21016
7469
31807
19402
19925
4317
23228
14575
19670
8142
27725
8778
10964
23267
21020
26868
14040
15896
7430
3039
8023
31762
15078
28685
27042
10235
18711
30975
30846
12684
28724
1393
26126
26475
11554
9284
13562
29624
11089
5564
7370
1762
5182
27883
30099
9408
30781
25965
1750
18397
13429
16726
15781
20243
31276
17257
3591
26971
23365
6539
926
29667
6
19319
17799
32353
27167
434
4482
27048
26856
14530
29267
21624
8939
13467
13672
19099
22690
18522
25531
27181
17538
17973
16890
29500
15416
11186
7142
30097
30514
24088
24313
4300
7777
2851
18507
31415
2365
508
10678
16340
19466
6248
2616
29240
31578
28736
9626
15004
18644
12577
3919
32690
23859
2660
31903
6069
5010
4433
31237
14404
31206
20367
4053
6256
15052
5599
6689
30996
21637
26379
22494
1893
16702
3864
30019
19913
29845
15043
5490
9965
21082
9004
8026
26385
658
8652
20956
12199
18114
16556
25388
8477
13418
6873
12155
24311
30927
8467
15059
6688
2557
5829
2626
5506
26893
23354
6202
22740
22948
21261
26680
1459
12988
1505
32164
757
11431
17491
14840
29242
20560
27181
26149
9155
27589
4316
27443
31880
12274
17957
32295
644
23471
6931
17193
852
6142
7988
11238
2304
27021
7173
5428
4377
23427
9386
26612
14852
18297
19938
16701
23189
24261
8763
26039
14304
22783
9858
1092
19787
27582
638
3046
23272
28579
8670
6365
11778
22169
24943
15631
22518
22362
7314
10157
18244
29238
12014
28692
30438
13072
15970
2033
10209
21673
24893
6313
22809
10529
29874
20472
29033
27578
14214
24536
20467
24544
32012
13732
14005
24934
3155
11389
17246
18963
32670
16109
27231
20573
14356
31690
10308
17268
14777
16989
23877
18562
925
2500
1816
32049
14420
14229
19722
9071
10917
18884
4686
14958
8838
22471
661
10478
28233
12023
19679
23742
5136
3642
144
896
14214
17631
16582
16558
2001
14537
16874
1242
18882
6096
17797
27194
21071
14436
2133
14947
1348
28019
22177
341
11317
20877
15049
20920
14775
19783
31265
7781
19664
23773
21503
19752
2219
22811
14099
26308
5264
18301
24823
2104
22548
30101
7175
31041
18317
25517
3955
3104
21705
17070
21907
10909
22528
2368
19578
13388
1286
25651
21709
4623
16581
1566
29398
8924
27371
6725
1492
26049
28640
24256
2453
1317
14075
10714
5703
10064
16629
24248
4748
10286
2718
5435
19404
8271
1998
31014
26831
23859
19103
9348
27275
11973
10969
31044
12090
11813
430
15911
11184
25002
19880
732
20204
25128
21215
3945
17389
25966
2927
25292
1479
21011
31785
1250
31221
16499
16777
12169
1265
3316
26856
4865
19714
24462
27123
14745
8021
19594
21596
20103
11088
29321
1488
19479
2083
14793
31784
21768
14496
6308
6115
15666
8524
345
25300
1389
9398
23823
12056
20143
23047
14359
8779
2164
4571
882
251
24163
7503
3987
20061
10542
2907
9317
5183
26298
20579
23184
26430
32128
3080
6649
31545
20275
24900
24967
23558
24226
5302
15405
7779
3297
25914
1829
7471
12707
21181
28025
5850
4843
18256
15560
16154
32740
22138
30535
6367
4876
1747
18182
11402
24472
22990
13941
28249
3605
1495
21030
26918
11339
5790
6100
338
13414
26546
22181
25596
3928
11601
25772
30326
5753
32639
19890
23033
22640
6997
24374
22423
9559
20124
13746
18546
9754
16794
12064
20012
800
4908
26301
28574
24110
31509
7693
28109
9096
26262
14111
25881
30297
17215
9234
3768
15444
27652
28632
13923
3228
27795
17466
14415
1505
3813
4380
7007
20428
26387
14595
7064
19358
20844
26324
14549
14356
5828
28895
7612
19597
11022
27931
29424
3950
14894
23219
29320
27590
30472
1218
20417
18990
24797
603
18159
12532
29399
30669
27066
12152
29154
32037
31622
6357
19646
19956
29235
20932
16978
9810
28423
13758
16964
28962
17384
22369
15302
11160
22735
8213
20147
8697
1401
4847
4826
27042
13152
14038
27034
15436
23529
27620
3503
6286
14047
12302
21835
19363
11552
5896
23144
18542
25494
31075
32093
28603
29289
7929
30128
11720
7283
26762
25900
4356
6901
15527
8499
15894
20872
15311
9813
25889
32342
32729
27169
7239
14985
27281
32570
17260
24324
18342
16302
21820
8529
17860
29060
18799
31963
2813
6548
27723
15454
26733
28828
20331
14235
28958
11919
14272
6480
30761
8240
11477
16743
14878
15072
3415
5998
13734
8884
19668
24903
30567
22219
16067
29217
23848
30687
4805
17831
5174
23833
26154
23414
22278
27434
3767
26325
11803
24983
678
9888
14378
4692
495
31110
15741
14229
25798
629
4757
23521
13157
29009
3603
2152
27403
17388
5593
11670
5189
4915
1900
31208
3692
16549
32668
4863
13423
6154
17768
25843
16082
14689
23580
31721
1783
24346
188
7144
3997
21637
5797
2792
30374
12427
18290
16684
13341
10396
23069
29650
19063
4072
1382
11689
19481
22226
16761
27202
23067
7841
23755
26442
76
13689
22597
8214
4726
3723
20132
10112
28387
2696
27424
21490
18975
9307
13131
29120
26624
22039
10301
28603
26084
18990
750
14851
31290
11493
4067
14108
19780
12804
28173
6980
20250
8914
13550
1540
12019
2112
17917
7686
22432
17765
19788
7974
5465
13866
13672
3787
18620
9799
4736
2680
19219
13422
18634
25758
26582
30149
29219
949
3953
28058
18166
14218
10054
11603
3678
30939
6902
12451
22927
18209
4828
18948
3698
6317
29659
13153
1423
4342
3162
5906
16176
28978
4748
9486
29635
30499
22517
2140
897
7732
22058
20683
2381
30404
30936
9443
5343
1986
18695
20507
20513
28282
23968
333
5081
12462
13613
19814
12169
29929
23777
19042
26771
5392
2264
22136
29857
16186
415
24465
29508
6337
2807
16127
10972
6042
10198
32108
3255
1505
24495
4880
17533
25528
26867
30760
22219
6994
23768
6563
4894
15179
22617
1566
23795
11067
11902
26386
4140
3722
4061
6732
1206
18822
19297
32670
30057
23730
3146
20181
20015
2657
14709
2538
9577
31364
23006
24445
25742
20673
8803
4478
25621
26821
4299
13358
32406
11482
14342
22854
24364
15036
8630
31605
3869
19112
26863
15888
1725
3255
29243
21766
17807
28778
25826
10514
13742
2694
18792
3124
24171
3362
29014
4705
10808
1534
3134
25210
17349
22294
3577
4987
20072
7543
18995
27125
32194
31314
26922
2494
20640
29263
6578
28646
29471
22307
9341
18670
3092
28517
17561
30517
31146
20637
26938
23987
16717
8095
17594
17129
14023
11031
19678
24600
7849
5220
4187
28850
20461
31402
1432
22030
6361
23586
14006
9055
27431
8629
28366
9703
4962
2250
19577
15720
32659
24412
23958
6364
22813
17999
10311
11109
30182
28164
17725
28039
25783
299
28470
16021
6374
12760
11203
31337
31026
7385
29007
5976
21998
30536
28253
24678
2658
14940
22033
8117
19822
16772
22002
19780
30064
3767
6382
5590
13160
10501
31647
20015
2394
18803
21964
9862
32756
18949
32051
12856
24433
2844
25989
6074
28605
17154
435
31953
986
27588
19048
773
21634
17216
3542
26707
28174
4478
27830
8226
13718
10564
10378
30840
18778
22244
10022
8046
16480
12633
20334
7393
3423
402
9057
5227
2268
13326
15191
25489
26259
2217
1670
28734
6680
29878
29899
15217
28350
27469
28072
3122
22200
32742
14473
18122
13694
5927
14923
17459
10611
6651
11262
15822
6340
24292
12010
8532
1427
15762
25041
24847
27989
180
23412
5194
14200
10766
11864
31750
30537
15564
22986
16366
1302
534
19489
30605
12943
31716
23107
21439
7794
31252
20587
31845
27496
1466
41
30301
24106
5815
28586
9650
9959
18317
3641
16399
23018
31601
4614
17274
23416
10914
25382
17726
17143
18682
14300
11561
31062
31426
17943
12536
5800
3019
11835
9232
17170
23738
804
28527
7912
15012
4969
17889
30227
21723
22493
26743
17078
17671
11100
3893
17169
23928
12228
18955
9893
12730
1089
28167
5784
3434
12494
25288
7516
19785
27384
25654
12684
20111
6117
3184
26646
26754
12182
14854
4511
9286
25961
9833
18211
9975
14818
16543
10716
501
22954
8251
23142
23935
28120
9357
27424
12676
16752
5142
20949
181
24617
20542
7324
18911
4724
29002
28156
9080
23225
24200
1108
13688
22500
14028
20602
1386
12576
7456
24483
18626
28386
15800
7299
12657
25898
7972
11189
26807
4870
5065
26460
11320
6999
24466
15883
16723
15063
26083
30946
12975
24411
29647
11514
3094
17494
31370
23556
2183
14495
20001
2092
26246
29044
15464
16196
22199
3774
4148
24862
14507
13462
21707
9529
6650
24073
28057
9120
11154
19736
22053
25872
8526
15363
7747
15961
12235
13256
30346
31494
7287
11238
24840
6976
5098
22374
23093
10480
14970
17180
3622
26660
11017
10539
28163
26292
22562
7623
14779
12069
837
31039
20982
8909
15998
9018
26188
16184
11324
9024
21428
21195
29025
6781
18239
25767
3478
2754
30982
21457
3553
3789
4960
29071
19833
26570
6745
6933
14553
1050
26464
5728
18195
25426
3392
13923
7527
31623
14418
2657
4372
969
24304
7322
31598
18413
22060
1065
5169
27024
7874
20013
17941
12888
32332
551
12706
23421
14517
17827
21062
28296
32240
25371
31141
9051
24554
14360
5424
24434
25789
20122
29177
14952
2342
9658
29381
11197
18233
28046
27747
17878
30035
14925
7229
8773
4433
29363
27949
25419
19455
32167
32402
28315
26835
29468
8610
17761
17884
21557
16642
7555
8181
3756
26260
8231
26430
20340
21392
29045
14285
26781
24278
26014
19104
20089
3458
1821
29398
28669
6593
21053
31519
28265
23524
18907
30578
30764
18867
18797
24318
19201
4
14403
610
8543
2700
525
12832
3856
24052
30878
10575
4383
14383
751
4241
21752
23308
15719
11589
31435
21767
28505
4350
22321
19557
31183
23859
30738
128
9094
28472
28870
30047
26169
2156
12666
32137
8482
18101
28118
5659
21695
297
22237
18713
19410
23822
11284
2562
21931
12037
26598
16551
30121
31874
2887
30268
11263
12671
19608
22704
15284
24178
11722
2106
4590
4732
15815
25397
12911
9699
2317
17453
19808
2242
32156
26170
25165
27135
17939
25484
5234
19070
24598
584
5173
20628
29170
17299
16883
28607
9092
26859
28159
14484
32343
25534
23016
25848
6412
25397
24315
29843
4607
29777
24073
28034
7463
26682
23659
5452
10558
29908
29250
13848
24610
17298
28163
17437
1660
25231
20788
30553
32415
19419
2672
11654
29363
30482
4273
10314
27154
10548
17359
31662
19954
30384
13891
16593
8517
11202
17457
24798
28637
3839
7078
3131
14548
12847
6686
12803
22571
17754
9033
2999
13233
8230
21774
4400
12070
30048
15569
26840
11169
25816
29169
10266
5679
24434
14741
30743
18877
4474
6057
29339
18488
18232
28963
19279
3826
32708
9099
6448
2632
8732
13754
21567
27778
2164
1506
23418
27642
21965
6350
5900
11393
18889
28267
2753
22526
1726
32648
27836
10840
32265
18650
5228
29846
30373
1859
21948
23365
25084
2387
7306
21530
29436
14864
23643
9945
11118
18674
10317
30069
21379
4914
1869
3961
4016
12869
22665
5286
2236
21411
23592
10974
23064
15820
13369
19265
14958
9869
29162
27285
4732
15999
763
235
30243
5586
4978
13439
13243
15944
14223
11233
28074
20100
29186
19282
29237
10885
27228
24945
17814
13678
26564
1815
4686
20616
25579
13951
29628
19337
19010
23978
20207
10775
14186
28673
11705
25224
19691
15165
20484
31212
27946
900
26473
8525
29589
10964
12543
14389
15649
26533
24945
22641
5366
20170
5972
20245
22888
13465
18359
9920
27946
10571
22779
10017
18622
5286
24549
28090
16432
13529
13041
996
20740
1191
18409
5652
3181
19655
4023
12380
29120
25739
17528
9269
19751
26049
24017
31611
28314
22487
8070
7353
19723
5698
30280
1191
27105
30239
5839
14577
2216
28443
4905
22586
3847
19345
23122
27489
8434
9203
22020
23555
19744
10603
6864
13377
24000
962
24174
3011
8552
18048
10322
17916
16462
16725
28799
1456
29114
12215
8352
31156
9659
3021
11093
26358
30490
2188
11723
5053
31116
30496
20367
30769
14379
7053
21668
22557
30759
13462
5587
10740
5049
15070
21314
28434
345
6989
5448
24901
23345
28853
3968
6540
31441
181
14876
5150
32036
32734
5500
13742
17059
24853
19456
13806
16328
13368
9754
4946
12742
22533
1191
29718
2935
823
21887
6274
11926
26865
13898
17005
17710
31840
14742
13824
20306
6045
551
14268
14607
2512
10382
11198
3231
20635
7934
14914
5343
182
1882
7527
1028
8662
12178
31794
29321
468
10288
30420
19051
17163
10542
18480
29337
10754
14603
8344
20134
28235
18974
7639
26306
4778
16937
1141
19432
2170
8241
7734
3161
8781
13453
25060
19528
6611
7998
18510
22231
11517
2174
29329
15170
5729
18331
1430
19034
25825
27654
24284
2102
30343
23719
1656
26149
6836
372
602
22758
8058
11074
28369
7964
20038
11739
82
19452
7106
24656
21109
27209
3833
30609
10304
19330
9149
28474
424
22362
11333
29872
10837
28520
30235
2157
9638
15136
13878
18840
7157
28674
98
8153
11548
27153
19945
14187
19511
10375
22380
883
2220
711
17938
14992
26729
10643
32741
435
14189
18559
4984
14641
28810
23461
1741
8214
9065
3483
3447
16829
31694
12706
27132
24989
19997
11808
32381
22886
19742
27473
20633
7501
19709
6713
1166
23203
14229
26589
5025
25773
5613
28850
16833
25520
21251
2134
5735
31307
7113
10622
23744
21769
110
8752
28430
22583
15070
20530
20812
24563
16012
450
24336
18054
30063
20103
4278
9460
20042
31944
7099
465
49
18140
29287
25173
10057
5345
26287
29107
7887
32433
29785
12967
15452
10770
30305
28494
20583
22829
19356
23355
4107
15682
11931
7111
19466
24985
17618
10920
6419
17084
10489
18118
19776
26083
29875
26442
30435
1200
3438
25847
12418
8476
14474
19901
30240
5554
15037
5771
24510
30203
1718
8038
25890
21305
16128
15800
3799
14679
3882
16618
14453
30753
8229
9524
18467
3249
11245
26804
32601
16169
29803
14014
18667
18600
8603
23924
10307
5494
19178
16790
11757
30594
12258
17563
5466
23823
25608
20736
28637
24490
29189
224
250
16223
14853
4805
12256
7724
3933
8382
12852
4022
22896
19889
21520
20795
15315
23795
332
15816
2479
26646
29692
21164
2151
9986
11321
22572
17787
32327
5413
632
941
18354
31529
7902
866
2335
14209
8510
10826
3469
13563
9662
20035
5240
12795
15038
10107
2915
25539
1807
11733
1460
24305
8287
25999
26308
26953
9720
24353
29239
6325
29611
28264
13961
25482
262
23811
1514
1549
16590
7166
29004
24886
5289
14509
31162
14004
10522
6363
27627
26160
19890
16933
6679
4054
7557
12448
26633
16402
3036
194
23926
2199
10537
28799
12941
10918
13376
31666
2767
13965
19395
6079
21025
17518
21470
21110
28703
10817
25653
22587
17844
21276
21019
9572
10471
7090
11013
26339
21240
22555
13118
20005
29868
26323
15580
23610
25829
29956
27378
26677
7541
22536
13575
25814
31284
8233
16071
10598
28241
18604
22521
16867
9189
10511
14513
2653
14798
2958
19911
6560
5050
3308
10631
16147
28802
10607
27818
6112
15034
6957
15238
32597
18310
28038
4993
24203
30638
27122
5323
8005
28405
16893
5197
17946
21927
6799
2524
30679
22642
23665
11955
28191
23158
28173
24608
8020
3487
14965
6781
7611
25907
10663
8290
29146
5799
28176
8729
29733
7351
19278
31058
27098
28854
14906
19736
26922
28194
3622
12804
18585
5243
32611
6833
7591
6997
16135
11375
3760
3245
30700
19516
31761
22905
24828
30704
17548
7298
17580
16311
10478
32630
8647
29636
4846
30265
18797
23108
17241
17533
7771
401
11116
402
22893
681
30081
3711
30560
18398
239
12881
13277
11215
21803
20659
13747
1174
20531
28351
20581
28483
5164
31252
32484
28554
30793
1577
31645
14264
240
29665
6582
11499
8984
14175
17301
31619
22262
12315
17059
20436
15832
18229
13391
1821
24401
18442
20565
27838
16790
9990
25664
22437
24872
10937
10285
15370
19379
11052
20691
1372
25142
23413
704
19579
1637
20873
2789
15911
14156
16466
85
17849
24884
6145
13130
20496
25802
166
3433
15055
6526
25341
18247
17350
20266
29579
5931
3245
4852
29674
15638
1816
15221
7778
4096
23719
27
28601
28773
10109
8139
17227
17408
3828
23243
30045
24279
7311
17376
32686
32119
23857
11443
17487
13441
8844
12665
31413
31077
30939
10195
29453
10350
9428
29939
9167
11263
15832
3841
13718
10524
14446
11709
303
21803
29935
28261
13295
22780
9859
28377
3658
25864
9803
9213
28834
23286
1760
28511
10845
12388
31741
14362
16186
28387
27256
2810
5861
30019
13431
1504
19145
24082
5600
4712
1573
12127
9489
13258
11362
14275
19410
27646
14756
15523
19591
31780
4511
23983
10155
1058
12460
20910
30073
17807
29467
24702
2028
3536
26315
15958
26858
2944
23289
11343
2236
4886
8790
547
12482
5825
15196
1332
3685
21911
21217
12496
27212
1519
21741
21427
24531
32523
32713
9933
10425
9723
11608
16710
20760
8637
18090
3520
26523
6825
5583
9436
32235
2317
27113
12543
3434
22292
16773
16214
5156
23020
28460
8727
32259
26151
27700
18442
11842
866
19932
11593
15651
805
4249
18756
15845
32523
11690
7687
8432
547
12018
19648
1620
24981
13575
21371
5233
2185
9095
22577
9975
15172
26539
9473
27154
5524
3358
14781
13790
18543
5391
5800
15905
23255
17285
9342
27193
29184
22258
23989
26963
25781
24076
7427
22238
7672
8152
13600
832
4841
18951
13773
13511
20457
22918
533
29922
24830
29009
7123
15761
6521
5000
18548
6938
32471
28868
29438
5630
23270
16811
28497
31019
14633
24258
686
18547
21372
2691
21877
31549
12795
8624
12851
20346
545
9702
13787
18651
26925
22133
21844
12353
21962
19311
23604
10102
5358
18175
18636
9498
11779
12540
10596
27872
19013
28862
24263
22522
11115
6449
26627
465
30089
6951
7018
11514
20533
29171
28892
29797
8937
32307
16713
7384
28840
749
8049
6812
5860
30942
11758
8055
29600
11278
5749
17626
14034
22440
1625
9818
25355
13321
21584
100
16729
11031
13178
10029
19565
9940
6047
27113
22265
11827
11961
13885
29020
17450
5042
4086
21121
15624
7790
12539
18436
32265
29964
25984
29079
23335
17001
30845
19365
1844
13798
17503
19765
18982
12396
15357
7440
29106
17069
32717
8742
12316
24748
21336
29486
23885
28287
1771
27021
20006
2643
10640
23417
13844
14258
5948
16734
18148
20481
14154
19072
729
23629
32552
9443
29948
15431
3409
31848
17332
16012
28795
30008
20886
3626
28433
9573
24702
6496
25315
20943
27359
21926
32029
29253
10071
1261
1653
16621
27271
24616
28585
22758
23329
19211
17961
10283
11330
29971
24848
14523
20995
3014
23129
5367
25675
25148
10320
19275
9191
12766
27462
21776
21980
22638
17289
25777
26875
14152
17300
24333
6583
6119
21122
1053
2100
14762
4809
2775
29856
27864
8484
13394
5574
24291
16337
6698
15840
31721
16893
15398
16813
2432
19325
4376
21956
24243
14526
7941
22056
23880
17151
24198
11292
4165
13501
28014
17977
5042
17007
21677
22205
10655
23412
25973
19494
8297
1866
29083
14336
28218
8960
25407
6139
9679
4846
30639
13632
10366
15523
8585
3589
14711
23839
22048
32095
22090
3907
18977
5464
30889
5765
24951
24386
9583
16872
22123
30283
27874
31532
23568
12369
16437
22081
16350
18679
16466
13570
20125
17144
27094
21280
133
29627
16988
20060
12451
27944
27390
32506
25470
14779
15385
13426
24827
7894
20049
10856
9598
22876
5333
18910
28242
2171
27876
2729
25931
15049
18065
2337
12201
20883
19139
9245
25664
11889
8831
14111
11478
24350
17258
17611
5837
15239
25993
9630
22274
10786
1612
3804
1268
32385
7371
1482
4393
9767
25423
4894
31437
6042
23060
19124
2205
14266
26445
31618
2307
10576
14441
7118
23938
15082
18581
17822
21845
26343
12418
22385
6995
6606
9064
3372
15126
13028
15691
9559
348
29437
1661
26249
15277
19858
20580
6433
6975
20500
20349
18743
16150
4992
5793
25811
10607
27700
22407
2652
9311
19457
3211
6995
22968
2689
28589
26433
8748
1962
25309
749
20405
23716
11638
8147
30516
3800
13064
30674
32088
31050
1882
8485
27329
24616
943
24212
19301
25251
16713
16363
7475
16125
7468
9900
4599
7395
10532
769
10366
20990
11785
23796
24826
21701
9026
32226
4263
20885
16264
20013
6319
5635
1772
15154
1100
18033
31260
14715
21036
4575
19170
14133
27929
22532
14829
4836
6105
30109
468
27221
20563
11014
29528
21972
28148
20743
9962
25504
32593
20464
26477
26524
11022
3304
14908
29511
6142
16770
10351
2542
8331
29073
11610
25889
21849
29502
28247
23907
4902
15703
8134
19237
12277
28650
15185
29686
875
19219
27509
22516
20089
2066
20541
29574
17979
18592
337
18765
17952
4228
28976
18519
27980
32097
5562
25238
11066
12498
31217
26513
32678
8376
7424
30554
29098
16851
17021
8640
551
16528
6123
1477
7526
15394
21379
1363
20479
14292
12340
24874
17146
13982
27368
20765
17205
13558
9481
27774
22533
29928
20547
30423
11552
20585
1932
25818
21435
1513
31074
11675
7919
13095
18260
15357
8033
29257
32452
5226
546
19756
3819
712
22228
31481
24606
25768
271
7161
28751
25536
22787
26538
6358
13467
16222
274
24946
11663
10352
25939
1162
18928
25228
10368
2233
28035
7090
29871
5002
31797
27244
32591
22912
6669
24054
26812
20314
10080
22945
14865
148
19780
16249
30014
12081
11846
11814
27482
8376
3936
22032
19770
15485
3365
10695
10818
24353
12607
28065
20859
1884
31771
27301
18662
16378
14051
18599
20240
27428
8621
21429
6887
21217
20978
12466
19916
8925
21825
17729
19433
12136
27700
22245
28357
11713
29092
9574
17941
16789
16921
1142
23254
963
14212
14484
10392
26210
3377
6961
16669
6661
16375
18961
20002
22589
16050
26101
25981
14176
32499
9335
25448
27529
18933
14645
16157
6368
21971
23089
3491
6940
32505
25464
9959
26182
13784
24066
8462
25791
29919
28122
5642
30340
21158
27518
26475
30129
1132
11401
29816
25668
25795
16271
30335
10020
21130
8009
30569
29282
31772
8434
5777
19134
27335
8688
4055
16493
25216
14519
14576
18201
27092
27883
26880
20266
3618
15044
32362
1092
14344
26039
30438
21776
9243
24147
19925
10304
21467
16233
5330
25293
2790
9839
31370
9091
11371
27430
13261
22464
3298
31355
31461
3449
3066
22699
6438
9853
2771
3755
11974
20734
4718
1735
11503
26957
15970
7305
13843
10469
16336
25564
22656
18091
3224
27505
22324
27764
3789
32354
29938
9672
26727
10518
30101
11238
7992
1380
18853
13063
17698
4603
6184
7399
28806
6401
6842
13442
6399
27130
32736
22299
11345
27372
18330
11907
28572
17600
20023
24728
214
12012
31085
22540
3191
7759
15273
2664
2934
23388
24996
24400
7541
17275
24119
7432
21305
14764
2160
32311
32092
2670
32741
21739
21318
18143
11080
24286
1625
23332
1340
12024
5484
25611
11111
20500
29819
2031
25545
1287
23708
22237
3148
18910
22581
30196
10396
31336
24429
6674
568
16885
6368
5549
3786
14428
4759
32254
4276
20547
1847
11109
9707
31386
888
6409
14600
9065
32729
26559
2204
27596
17043
2093
14532
17723
7627
20527
8958
21007
24075
32633
22587
12098
31987
30590
2358
2935
27692
10897
18691
12090
3230
1610
24043
23176
9699
23852
5239
7058
29179
4996
18635
702
4417
5012
6709
22511
31389
19697
32006
13574
15356
17194
7841
10665
7933
28586
20433
19523
1517
31456
26976
23627
5366
4253
24293
22986
31635
21437
29661
13847
29255
13577
18173
485
16527
12636
10183
15488
24341
15109
27228
10324
2598
21101
11665
18607
22630
4602
18244
27848
10691
12594
19185
27647
679
17188
24192
30566
10098
13315
20833
9345
3111
18965
10715
5450
27749
11723
7329
24952
8090
15666
8871
9473
32115
11914
8499
22494
26263
17971
22583
21262
17812
9169
2782
9949
7193
27304
5733
9830
28775
18760
27436
19543
12034
9327
7181
23796
21676
26923
30700
26975
29843
19007
24975
6166
28362
27848
22960
22205
27382
18464
28497
22814
27466
15619
2640
2414
2997
10224
17467
19921
16729
29394
17253
18209
11840
27104
19514
27883
23882
22466
31951
10939
31338
11509
26302
25242
23314
13936
31536
30932
27372
10120
32059
19711
20683
31505
28271
17464
24545
28614
10667
18608
10546
9195
8245
25192
16712
5168
27914
19768
3625
473
12915
12310
12678
1052
30169
22933
25397
18634
28122
9644
20450
18482
30365
28857
20481
28739
8290
15301
2822
2800
3165
26122
23257
25561
3012
8114
900
28967
13607
31202
4911
951
25600
14327
32335
17020
22155
17936
19482
29982
24023
30924
26430
25063
21533
31317
26322
17120
19794
2205
25485
5687
13816
26855
11574
19940
21561
13450
29787
8844
24374
25329
15430
3494
8349
13543
10541
11996
21625
25873
32425
8372
15183
16828
25193
111
4710
5082
14120
11570
26214
30534
9180
611
29733
2128
6961
4438
3005
2677
30517
7721
10722
27758
32085
25580
15218
19821
24200
25605
16206
26531
1994
17619
14953
1029
22220
914
12830
23376
1770
32127
8391
2122
27229
5180
6283
28491
17330
29045
2167
16125
21370
11716
22480
28256
28228
24274
19368
23569
11976
20672
27312
29387
6245
28357
21325
30510
15822
7960
14318
25279
16384
5648
30108
28721
14711
25737
30931
15587
27041
17803
25744
9129
13459
28454
12203
13519
19195
27296
11367
28507
3669
14291
11848
8083
1378
16336
16932
1727
29910
23240
11389
12336
28753
27949
8718
6017
30609
24596
28324
1053
29670
30942
32303
15873
10726
21527
31769
32708
29537
1950
31958
18900
21912
12294
26045
31490
18345
27965
1814
21057
15694
4715
7284
15786
18887
3357
10053
6852
28437
18339
22439
19459
28009
2742
30589
18318
9948
8799
3010
837
27488
18964
8222
25091
16631
9251
28855
1568
31779
16468
26186
11579
15517
30153
6266
31030
8777
5162
19048
19073
20074
12287
5507
3996
1299
3677
13986
11735
734
29637
12624
26461
23263
23113
15718
25200
28891
21232
13024
13814
25526
5724
26601
7989
31787
2218
13624
17627
29632
13466
5279
11073
10232
496
3553
15856
3530
11034
26053
4709
31058
13842
17256
18449
3527
29830
16343
10660
27053
20279
5085
29579
25419
24735
22554
25527
26976
8918
2901
30369
23570
13494
21268
30091
29223
31294
10857
14856
32375
7220
29454
19134
10657
11022
7348
13675
29694
26899
22169
18982
5075
32702
32601
7144
971
9315
18182
27210
21924
28692
14202
22672
7464
28358
5868
5607
1887
10672
22722
23275
29187
12532
4262
24684
5940
26753
7132
13170
8557
7224
29907
2686
15287
8014
25850
19
29212
31473
2260
22133
30303
28718
23119
10417
7402
20754
13650
11485
9736
29967
2709
27553
10068
19618
13493
4343
10610
22579
9096
14894
19964
1597
20910
25909
4543
15534
14440
25878
32552
4497
13741
32705
25849
30442
6267
6411
25920
24033
18284
3830
28810
5411
13705
11059
340
26246
6498
19941
11202
14316
6751
13736
21908
13161
26705
2258
10837
15016
29004
1017
8149
10634
10681
29109
7898
11281
6823
20390
9235
11133
10850
17593
27981
5812
21319
19624
1769
2535
15574
15552
19854
6515
27401
1511
14363
17413
30692
22493
32224
20482
2894
2498
27917
6182
1311
27609
1386
2923
3450
26251
11081
25644
32605
2735
1722
23178
24950
30472
25341
22031
24889
14095
8765
25233
1071
32499
6523
27737
913
26847
26824
1925
1557
6011
9143
18091
11272
25013
24082
25791
8605
27585
28876
17975
11141
20830
2871
5484
25023
17756
25719
32324
3250
19035
8503
19726
22649
26837
16794
29869
21118
1631
11124
16377
25930
16939
9403
12898
18075
31442
21048
23511
2999
24912
3714
9190
22529
15696
11565
20516
22986
18091
32319
18895
2409
14379
9699
26290
24206
32660
7266
14665
28627
12005
27214
11302
12436
4827
29953
27795
16641
4791
28486
26745
1137
15681
16981
25472
29178
9997
773
26488
21310
32253
18237
5112
25991
30215
28587
4420
4375
29496
14777
10868
10937
5369
11709
21203
29596
1682
15728
6790
19297
14572
9890
22126
18547
27035
28204
32591
10903
6939
1829
3121
23492
25178
31321
19462
29492
11639
8694
654
28347
26570
19849
19576
5720
7972
25129
3786
15882
3672
19186
30082
23012
12538
19894
17789
6244
17510
6126
1433
30465
23044
6135
17175
1283
24267
30331
30019
18583
15364
17453
17494
31267
30033
12217
14235
2519
26605
22522
3793
9093
3893
3694
19153
9394
29288
7656
10608
14573
8107
27013
6311
4191
22608
30689
25841
25764
21079
16011
9973
16345
13109
16822
13413
14838
10197
23601
6182
8286
15837
17305
21937
15285
25138
7373
31673
10226
10430
13474
18958
29365
16753
12504
28353
29658
16005
19789
7817
5198
4103
31089
3173
30497
22675
27130
1155
14557
32607
29401
11873
14615
9082
15724
14898
8771
21590
12021
32131
9165
13189
4939
17182
4709
25536
24527
21038
25242
26925
8866
28837
12714
24290
29205
25819
20632
9637
28769
14967
1408
28661
14233
20115
30504
20303
16860
26395
30423
9898
8655
22902
7274
9796
8010
1129
26788
13472
3154
8504
25030
26831
26184
12302
24159
31216
5983
926
29286
18419
27732
12299
12934
24994
4697
24837
16825
11233
12626
23350
23832
3636
30275
11484
23026
18563
8713
20919
18971
22042
28745
20005
14982
500
27303
1420
16406
4153
31800
20472
18098
8453
22841
4869
22168
12395
3841
25088
17395
22458
20532
26953
31919
13310
20794
10491
26764
5578
18671
17103
3953
24117
27036
24382
31236
11555
26151
28134
119
17606
22406
17711
31652
18020
5753
25902
3165
11354
23929
25034
27901
9569
18155
14365
323
13584
31642
4893
6241
15778
9572
17275
5455
22266
31284
28363
29029
5860
29488
14822
19753
11934
1075
29324
870
407
26493
31822
29310
6518
20905
1195
28672
7006
8672
17018
6781
8816
25165
17544
32152
9106
11472
4993
15453
15983
18423
11028
13780
8127
4138
3666
22485
22729
293
31575
5149
20518
29612
557
11170
12231
25465
749
17444
29754
20858
22311
31749
296
5689
10884
28762
24355
14492
18090
26946
1694
7374
22112
8311
23613
8061
25587
22050
16976
28998
5848
10228
25498
18029
29842
24178
6998
11986
10455
9360
7804
10784
6382
23938
19008
19528
18011
3279
15323
1582
17598
1191
5519
26273
18169
20086
5349
26513
1937
441
24122
7036
4183
32017
8569
20266
9543
13717
31786
29594
22192
4205
15532
25660
32405
31389
27326
23905
11603
13086
14661
14063
18821
31539
17737
14169
26405
8442
17984
4814
6644
6209
5007
27313
18203
5532
9038
24906
14866
24500
26187
5563
193
19170
9554
7221
21221
4861
17324
18027
2230
1904
2790
20551
25799
15759
25556
17628
13613
15659
8404
12189
4067
23395
15703
28108
11885
14270
13982
13365
11452
3959
25026
7451
12114
23320
25335
21107
13478
27210
10769
10320
5578
29164
6216
15263
31307
16482
13112
26900
17241
3120
2348
12388
12839
4295
10907
22453
19861
28062
23795
25426
19213
31621
27286
13732
32426
3127
13346
27486
5792
18478
26358
18423
9688
7867
31986
18013
16858
31829
27005
8680
14320
15154
6093
27532
7560
532
7779
32596
16347
1382
19412
28171
14028
24199
28879
12092
7955
28006
2908
12126
16282
30799
14178
3656
7719
32260
2156
8683
18236
28176
12460
4415
19772
15192
6465
7038
17102
31987
20405
24465
13446
4411
27850
14279
26051
30500
22646
32205
21715
20941
3884
19163
19038
19029
19549
2091
30721
17392
15935
25519
27193
5690
9933
32003
20867
16843
3599
24225
26305
21259
27035
5972
28384
26439
23900
2031
8632
2053
31122
14654
30771
20629
6682
20029
9650
4585
19184
26248
16556
26791
22002
1299
24216
31099
24038
20251
9998
18354
10943
14172
8745
23045
2844
27013
17967
8626
28434
2537
2164
22482
8235
7543
30075
17638
15022
11756
5215
9907
19489
32327
6513
10320
15117
25469
11299
8317
23553
5487
17445
2614
22489
3097
25037
27528
18240
15628
9660
7844
10100
19742
3007
12594
3146
2656
19699
19943
13169
16976
11565
25690
23802
18512
14232
787
3352
16471
11936
6117
6949
487
13071
2687
12774
10047
26230
25917
9488
7377
3279
68
16395
17654
29024
25293
29173
993
4835
20161
31466
18385
23267
10887
32387
24971
25705
15641
8092
16648
5592
28766
2395
27243
4630
3508
2414
14134
17644
10443
8083
14268
3760
11450
9822
18650
21281
16204
31031
12770
28562
28315
15266
24280
23627
23777
9667
2785
32044
24202
31265
28408
26003
16014
2218
18659
4992
7421
25335
20069
26103
7132
9682
24758
21158
20015
31733
5168
7880
7511
15893
24651
8009
6302
21535
3019
17451
25361
15298
10552
29480
13198
22573
14223
30105
6941
28442
15159
32150
1411
30475
25398
1631
10261
6867
3749
5114
21195
5721
18017
5662
22421
20633
32516
29264
31730
22251
14100
31052
10430
7560
17786
19366
19531
10570
27701
29105
8884
1715
847
10912
22638
12849
20496
14059
15136
21920
23667
8693
27829
32529
25302
20203
19631
13514
8693
19695
3006
2702
11545
13942
7569
7198
3213
8174
31980
4351
16978
22949
30203
3454
1811
2278
27366
13554
21339
23653
18085
8513
2310
24540
4630
29605
20726
13047
24396
25264
263
10094
32554
27022
7748
2672
13617
31883
20315
7496
23959
26324
21326
315
14745
13698
20588
6831
22034
21460
3968
12179
16459
15548
30536
17658
32021
26014
23592
9
30229
18004
30752
3604
20832
8821
7932
22532
26440
30679
714
1276
19061
13906
7313
4156
5687
9415
3392
30277
30490
5985
2789
15677
8635
23323
11807
23702
11227
31363
13270
18411
31666
16317
1833
8490
16773
6090
10152
22008
12155
15115
16324
11345
25517
16128
32643
623
14460
30038
3961
17902
28455
15393
12275
26157
26781
9062
22645
17911
24719
3036
27495
28771
24266
8947
21003
5368
21188
24598
5298
3861
3444
26413
17200
31888
3431
29799
16781
10142
20753
13622
19709
18419
9057
12955
19730
24362
5784
12451
17713
13414
8538
10034
31299
13114
4613
14335
8364
12742
19523
17888
9857
25123
1243
4424
28149
29442
28621
32269
3093
9103
5277
26223
24502
20124
15599
8023
5291
12539
12628
4572
26427
28459
14436
3595
15314
7736
3085
15080
24310
21468
14634
18352
381
490
7511
16993
17661
8428
30468
14204
27781
28171
15305
32522
1418
16432
10489
23261
7460
14441
17018
18968
21883
20878
13268
13810
28539
4900
18311
23478
7376
27521
26786
6158
11790
30001
25233
30594
28975
11161
21303
12348
21571
21210
829
26894
8291
5881
6313
29110
24807
9788
22450
20576
19161
19159
26066
18540
14505
18375
17182
15986
3617
31999
28115
7555
6300
5826
25649
8626
16243
19536
30860
11219
6329
29124
11168
643
13864
24893
293
9321
15962
32572
675
4027
9789
24141
25736
8963
7873
17898
376
31523
2771
8348
8164
29334
4495
5475
13790
9722
8369
20568
7979
8651
29517
16017
31130
7538
28865
16709
7061
26494
30695
7216
22774
26417
27279
9017
2588
22334
3372
27475
2365
7633
3789
673
6653
26064
19791
29661
28480
23904
10705
6394
17213
15788
361
264
13781
32738
7701
27993
25890
25469
13301
10722
29778
10698
16055
17635
29878
10917
21330
27083
25878
9860
14839
25430
15176
31160
25668
2296
11264
5359
5052
7038
9450
24316
17524
21747
11510
25563
12302
12224
7924
29935
31979
10520
29280
7823
28061
659
1663
5825
9371
18201
9131
2373
20537
5890
9962
25814
21207
32635
3014
3500
15192
24876
18521
6469
8662
10776
12200
30565
15507
26308
20018
11356
16691
28315
29896
135
26153
12177
26014
18713
6256
23815
22435
11803
14715
1518
17422
4530
31086
22064
12857
31905
8590
1867
30131
13326
25334
17471
4753
23689
32141
1195
15364
20042
21300
9011
8497
32442
15172
13092
31804
9014
10807
22875
6054
28943
421
11363
15834
7893
7283
24541
18178
2773
27463
16165
14623
10976
13630
15154
11865
10574
20706
4030
30099
21315
26966
17319
8515
15409
9172
2198
30849
15006
14682
15838
32350
8744
22687
6823
886
24262
25676
17227
30153
21840
24937
19968
25286
11586
10773
31416
24489
26557
14459
8773
19463
26574
7681
8385
8871
20467
31426
16173
19604
22747
2367
24664
10864
1390
4689
29954
18443
22541
23907
31554
28213
27931
28893
3365
1744
7868
14051
17048
1833
5596
23104
27272
21640
27764
28573
24391
22277
17672
16119
31282
11934
31605
16720
27281
16007
21225
9892
29630
705
17715
30750
22154
25582
22333
10892
27100
32100
5846
13585
9883
2432
9653
25
10958
26684
30139
16530
30722
29700
6777
4954
28908
6342
21490
27891
23120
24905
13986
12670
25378
28351
5311
2279
30698
3741
3262
17245
25965
25258
24857
25093
3721
20310
32080
6127
14689
9294
19502
22345
14266
13133
17229
16082
28325
18741
18396
31634
351
15710
20640
29385
9077
2862
26937
18469
22059
10730
31399
5175
5407
5835
32012
24360
13866
17749
30387
13224
135
27108
27730
24104
16183
21128
9868
11337
21155
16914
28858
16532
1412
367
13547
20075
10496
6965
6441
21055
15381
30076
511
6660
8763
15855
7736
12770
11589
23587
24552
2350
32393
24103
1713
25496
832
4956
7999
27302
4144
18822
7189
29537
24712
24612
27532
19534
31755
9725
12056
10143
18544
13564
30670
30123
18953
16445
11299
17308
22436
2152
31479
29287
17839
27198
32722
23042
19615
15217
31853
11473
11922
27065
19316
12129
24626
4132
28810
6232
14557
30382
27022
11436
28164
12305
9500
27668
24017
18910
16983
25020
27917
17101
32230
27965
31808
15185
28733
6092
14362
5232
286
18865
18705
28882
13407
29692
9804
19480
13293
627
4032
7279
15121
10702
29593
12900
18162
26151
17115
19194
12380
15788
31049
2041
4799
7063
23686
17034
9339
22368
13946
27649
25690
15408
3831
28922
16478
9370
10396
21159
6590
32390
17658
27240
18987
19309
29686
2972
3671
28876
29294
30648
31160
27858
23584
22678
22410
17244
13511
13583
7443
14116
3206
5067
20778
9013
17290
16472
3322
2211
12524
26234
31236
9336
12500
30658
29027
8689
24036
3938
8276
15595
31188
18496
22005
26776
18777
14665
24141
20086
26444
3080
3725
14722
21256
24951
26261
16809
15892
30997
27578
19327
23810
20024
8391
12339
16278
8101
16193
8643
29739
5470
5616
8044
31315
30907
12442
3685
18622
12988
11538
19148
27229
1182
24946
17633
30406
11948
14244
32370
27099
31064
25127
31894
7846
21642
19983
414
29064
312
30286
9033
19859
31031
31795
4407
10548
2385
10544
8096
13845
20887
15840
27206
18497
8184
12872
9128
14474
22803
19294
25721
17960
25418
10695
3920
15266
18456
13797
7329
23282
32676
3345
25324
21732
6806
21541
12084
20415
15913
4926
16819
16679
9857
32448
716
8002
9024
20890
1089
11546
16980
7371
8870
26178
7442
12325
23318
19901
31625
80
10532
9243
16912
11795
276
18661
23842
4815
14924
19259
8044
30284
32261
28092
17955
20920
3654
8614
6043
17389
30995
15678
20502
6899
3042
29043
20698
5830
6990
17086
17798
18777
29455
2380
13221
14298
554
15455
10372
8504
5989
3314
31041
3555
16894
5020
18725
3283
10908
5558
18995
16843
30854
9664
27649
10463
5907
8961
27847
13108
28514
23662
182
8455
27210
23245
907
15600
20116
5658
26723
23656
20328
6698
23505
18826
24326
24206
19502
31254
6583
21946
19504
14267
23810
30567
958
7574
24354
18997
8963
3830
23224
12437
3010
2914
8894
31974
9449
989
12988
4318
3176
5480
3902
3116
6979
19657
2693
20059
28646
22411
16765
20474
29370
17990
25839
5882
2293
17440
8952
19031
27062
26516
17594
10491
18769
114
21585
26591
20199
1831
24328
15219
2107
4415
10189
4160
20416
28456
24035
14027
22775
22329
11223
1725
22263
16882
12981
15682
29005
23430
17787
6831
31495
11926
30926
871
8204
27712
23276
10239
31919
30040
26594
30880
21379
2293
3583
26541
21872
15408
22152
16294
12294
7976
1709
4173
22034
13130
19644
30471
13935
5839
19861
18052
21791
2437
9822
20898
31386
11987
13944
23951
28006
12535
17841
32558
27112
10643
23227
26557
19578
29544
21981
25780
8638
18785
9192
5872
4401
22227
7533
9488
22019
7427
26157
27936
14886
20969
24785
31093
18341
7219
2779
15575
9271
20621
21725
23014
19220
5152
19176
31158
6407
2136
8520
30141
24260
25579
31086
22767
28029
7447
29486
31783
20912
2347
24107
16841
12355
5448
8079
13477
31186
31849
8191
3615
26696
7841
21966
26509
31404
23972
16240
6881
25406
8841
25138
5768
7107
28878
8489
10386
5149
10909
104
1298
12062
27213
10358
3016
414
5420
15872
4349
1995
2940
25034
11695
17601
6587
27883
23278
91
3880
15674
23686
5960
7554
9732
16094
4449
26131
22784
27680
29241
22509
23428
7322
30710
17268
23544
9829
15456
18204
31628
28740
27704
31092
24614
3022
2251
29796
8862
15056
26567
9650
27950
25581
25932
2251
24100
14983
31814
11713
730
7651
14587
12688
32488
29575
14816
2981
13208
231
12977
21665
31643
2113
9664
27226
20218
11462
18318
5410
25423
25082
16536
4685
7220
27229
16755
10221
24572
10571
7451
9696
9377
19489
23945
30733
18686
3745
1667
11754
3646
7832
31416
6978
17813
25277
14092
30261
1582
10461
22577
5760
32612
32565
7799
14846
15156
15648
25573
29295
25842
32498
14472
8313
26684
6435
6411
8172
31789
18096
29576
2378
28370
5822
28318
11399
17634
23936
9924
10509
425
11356
21980
18179
11078
5449
6412
30159
24342
15740
18633
5081
2672
835
5940
25490
7059
15153
26794
20918
16092
18555
6806
28878
31805
5282
11402
19960
18666
10834
32655
746
24917
30603
8121
10549
32605
31486
19454
4807
16578
24762
12359
27572
20957
20999
1480
10550
12430
31890
3469
27122
7029
5323
6486
11132
357
22412
5797
31006
1301
20219
20501
30677
26905
24241
22765
29597
30737
23324
22261
20974
15649
12321
7817
3463
8353
23302
21739
8042
15637
15248
3294
31016
95
104
4464
29790
27955
12995
21271
23424
4300
9538
11007
28629
221
18967
26787
4291
30155
13418
23963
26701
21785
18683
23476
16602
16420
25096
22854
26680
31504
27249
12226
17376
16386
13338
10379
31356
21135
3473
19463
22182
26485
23281
9973
18163
13449
13830
31233
7984
15601
22961
1941
32491
11667
23694
29683
310
24013
32469
27521
6567
18535
3966
867
17059
4294
11433
2127
24796
26722
25404
12189
25
26746
29134
24222
19766
13318
12996
31791
29035
30189
29113
142
13009
3960
12324
14188
32289
2822
7476
26691
15807
9986
17663
22761
8696
3347
15068
24166
16008
2450
17165
28675
8544
22337
16290
28835
18086
21306
25753
8790
3580
11557
30538
30764
5381
26542
7427
14919
6949
15671
31983
12340
21129
15561
14652
17788
17000
13137
892
23669
7816
13577
20556
17246
14339
23348
28212
32683
27467
2574
975
25502
12140
21251
14636
8727
10897
18207
4211
21677
28618
19910
12748
10237
18956
21413
11900
8770
14458
26088
32593
14375
32738
3501
16961
9177
30091
32697
31566
12895
26414
29802
23725
31534
17474
15341
23078
13816
27772
25265
3006
8902
18327
31260
9108
14406
2641
22908
31497
3174
19638
27456
31523
11041
21920
23144
25652
20377
16255
13370
14518
13159
23126
21047
20346
26671
28422
8269
20738
28535
18383
4942
9259
1209
8724
25505
3598
19894
27998
24632
2345
25870
31652
28097
6074
29454
1738
1569
5484
18633
12135
19486
19509
12650
22731
1883
20607
28104
1601
7306
26758
3643
7569
21981
769
7855
13001
4029
260
22774
16701
7615
22309
20835
30157
31700
18910
20884
28262
8128
18738
21903
4812
32461
12179
24337
27286
7104
26628
4898
5242
12556
16251
21997
17098
19270
25993
22735
24895
26585
24636
20142
18422
27643
30533
14988
8120
2015
23126
3163
23422
23084
1742
19
27444
26543
12440
29443
3006
15180
12880
9060
22585
16955
18600
3636
131
14449
7435
24386
18685
14683
25472
10117
14223
18642
4048
19889
4589
26700
26091
27916
4377
3151
27016
5758
28202
1580
28940
10216
11339
13801
24493
11703
17414
6271
19159
697
5059
1606
3790
8751
14731
13741
5782
24611
14866
22062
23312
31740
6389
22401
23909
16719
17984
12560
8359
11000
1331
15788
26294
15466
12358
32638
13409
1347
32362
24640
24782
804
11666
16813
13340
21951
13938
29237
22854
31025
28038
23030
10059
31379
13655
29672
1420
23243
9722
26455
28533
5032
19929
21911
23391
29487
28598
12275
2229
16687
25068
10726
31062
25372
29432
7054
6715
29209
30521
26717
24410
30551
25588
15890
22218
17054
7067
16359
30503
3881
20303
29196
11576
27319
6563
31061
27855
4831
13987
816
18673
15524
32021
27097
22327
31305
31998
26833
25204
13159
26472
30092
12440
25404
9059
4201
24533
4422
13386
8680
7936
14352
21831
14360
17721
3661
28185
14414
3278
26147
17685
22812
30045
5833
4715
30849
4409
9300
22699
8798
16911
6606
9864
23337
10442
18825
9691
741
19635
26546
7147
25682
15837
13097
16107
17505
14016
8336
1220
1514
292
15267
20245
13729
8769
12999
6264
4679
4644
16613
1800
25885
596
27000
2080
16030
30646
15077
22885
27501
15278
2828
8966
13709
26759
25116
1858
17872
5397
1963
19243
14738
25496
26118
31914
16550
30692
14277
14788
22417
6335
13219
32027
29174
139
10893
5048
10578
8485
19449
8199
17386
24332
1145
20003
10241
1990
10896
7508
3917
1919
28100
25303
3756
8692
15348
27101
17940
12943
4332
21717
19656
14291
25655
9198
11730
11771
10548
1240
2221
31966
5485
20427
10818
32022
8483
21963
12822
22625
30254
25642
6081
18759
16644
8526
9378
32254
6167
9909
13777
8842
28004
31797
23125
22056
15944
22665
8599
4077
30102
19209
11799
13995
13288
12985
24670
28692
29234
9861
11828
27426
12957
13003
31250
10678
13202
4122
32474
3455
22804
14138
9158
11293
16468
30316
19614
11910
12671
27634
31279
16297
25563
2514
20216
20050
18450
1752
19494
9806
19662
24794
23235
9423
20869
21567
29994
3090
15255
27842
1214
14910
24982
4980
18395
18320
16612
15872
21517
20405
12676
9011
2176
27255
3114
6332
1208
6044
30356
32304
30594
8715
18973
22865
23083
15921
18576
1935
27631
26531
4922
10447
436
16901
6211
10092
32249
298
27198
379
1289
7292
13822
14164
16756
20895
19115
846
19647
14929
26646
16073
4187
31125
18250
6258
13012
17424
4452
32706
25931
18355
14500
27080
9510
13978
26563
21289
17926
31028
31623
9061
22521
19365
14998
21851
15858
19048
16264
2320
2166
12857
18751
25260
26775
22322
25979
23237
20262
5940
10665
25568
3109
19336
28156
2357
635
32198
16063
27315
17387
25590
30698
14916
10567
26614
16115
7762
15073
15900
20198
7562
32067
20251
19128
30688
30240
31019
2521
4307
32138
27748
4872
20210
12132
9835
14699
5279
4379
20817
4063
13843
16273
2488
9869
4258
14682
20536
18110
10048
6443
10753
8432
26693
21647
13505
8488
109
21212
12744
23947
24355
28774
19562
21288
20479
16882
8100
25881
19853
11374
16131
20938
29008
9439
18114
4760
9478
11418
14130
22942
31022
23991
8031
8651
17608
7107
23281
1336
29276
15541
26448
19897
7741
15907
5132
29619
27151
23222
4731
32557
10631
5084
10404
32553
19570
956
2907
2868
10745
2927
9134
828
4387
12653
17280
418
17051
17477
3444
13200
14260
5522
5133
2957
23210
24874
29715
590
5163
13464
28216
22991
21013
27341
17403
5795
27522
4114
23501
9097
1538
16961
28786
21311
24615
24885
20395
13467
9543
9087
27666
27863
11901
25434
17989
3117
21745
14306
28998
4259
14681
11904
13858
2857
9408
14505
6865
6881
26246
8648
20574
12990
21417
8568
19528
23888
19266
24055
4391
29406
25683
29399
27282
30134
10431
20471
8257
2241
410
1202
25711
13402
14499
19286
386
28000
13071
26840
2798
4746
18825
13510
5463
21499
24950
23932
14838
14615
11133
15515
26941
14484
11079
20407
20670
5844
27779
10576
22601
32370
2350
28164
31316
1819
25873
12802
31648
7839
17035
19138
17946
2119
5264
26868
27392
26218
12786
3766
4164
571
19935
13833
19765
17893
22956
15238
14940
7386
13264
24909
14500
11879
18484
32319
13247
9869
1450
11629
25540
268
19642
4559
21021
2752
15269
570
9632
3376
31652
12684
31228
22629
29553
10026
18007
7928
776
7084
5941
22639
11439
3542
8092
7626
20276
9162
25974
13400
21878
11389
3382
15055
32550
21864
2238
11420
9935
26752
11648
12152
10516
9831
30180
24380
20794
4324
29162
3062
28390
14737
11025
7740
31015
26835
32631
5568
25270
12559
14401
22053
893
16923
24381
13841
15191
4339
6086
1156
12823
10158
32489
30824
22731
12720
22214
15977
4162
6176
312
6406
6347
17053
3512
18152
12096
20524
24190
9075
31555
23669
10474
13724
13000
9520
21795
8442
5844
9178
254
11551
11651
28588
10785
22312
23888
31693
17256
8595
19857
1479
14727
5713
12353
18488
10993
12060
22786
17866
22265
6155
17762
16484
2103
100
31326
12450
32302
28081
23333
20867
6699
17686
23838
5218
21360
32481
15659
4392
13970
14435
6704
18111
29728
6143
6351
16330
17029
14208
29814
28563
5936
2223
8604
23364
31474
26662
25927
25435
32167
21087
1490
16728
3352
28432
30957
3512
13088
26299
13029
25127
32526
13952
31526
27634
7755
30263
27134
699
26685
17595
29603
6000
24938
20104
9336
3966
31201
8841
29324
24641
2774
18731
18531
32447
22412
20918
11514
30615
5496
18909
11525
17204
16291
21396
27003
10822
14672
19745
28500
20083
991
16246
15506
11081
3057
1726
5758
9080
20941
26934
5428
28222
28930
4158
2145
31010
19278
6064
6476
4581
23231
10096
19987
27830
28440
19268
21047
23205
23158
31974
10331
17498
20787
5208
10569
15623
267
4728
29750
16795
9085
31188
13383
30777
3956
10687
24404
1000
3623
28581
20971
16524
30526
17051
27800
31509
22582
23866
5731
31222
11014
10670
18587
27096
24579
13322
2002
656
16129
5854
28201
30799
25531
5644
10958
3353
22901
23511
6850
22137
6623
3133
24288
2930
29501
8839
4891
28344
6597
19742
2823
10529
26696
15264
14235
10326
5141
4915
6709
21966
22555
32026
26846
14845
23373
902
18383
24520
22091
12462
15413
3133
15422
9249
15410
7809
27395
4699
36
11273
9869
25239
31017
11533
25476
24293
4323
19770
9522
10876
5752
13480
29344
29265
31965
23819
9980
3049
20053
18221
8510
30315
31028
9372
5900
29177
23017
18847
3802
8512
9787
31599
17749
26958
7635
28324
514
932
9211
2542
7970
30349
9893
16645
18650
26542
30383
7139
14224
31965
30053
15920
27032
16183
15176
766
8208
13420
7182
182
8968
8798
11241
2386
4327
12523
10764
31437
15625
24070
29804
29656
25005
30733
26819
16591
10511
4694
22235
5355
20945
10252
26633
25529
29343
24889
8183
28363
8467
11811
23207
23469
32726
11484
27573
26138
30729
3349
17117
624
8675
26163
14780
1122
8347
13221
28379
7661
30088
27508
20969
19085
3719
25371
17736
31408
5021
30362
30924
4971
14301
9670
25023
5740
4492
7139
29736
1584
15748
21876
332
23158
20950
22610
24438
6387
25523
12796
16116
26183
9357
12334
20578
9008
23161
1973
8235
27133
14296
23937
19276
70
22070
26108
29019
4315
22642
3738
1992
16890
30751
26033
29284
31685
555
13452
1311
29426
1726
32699
21270
19397
16485
25004
28365
26939
30320
29568
32696
15497
24217
14359
20737
10436
16870
15725
15749
20194
26832
26666
7456
21985
4772
7540
5930
838
31786
16136
32321
14281
14725
11657
6473
9295
26458
17687
32178
19224
30516
2084
24313
8506
6951
27779
30578
25678
5300
32450
28228
30825
27373
20410
24245
25166
19417
24676
25768
12769
7450
32751
21091
28895
32717
20495
29590
27085
19378
25495
409
23342
17805
11082
11510
27385
5324
9454
24615
28234
15465
163
8097
22872
6930
12403
11025
27559
13960
5674
17381
27775
22085
17256
15630
2972
12641
32756
14340
14887
13238
2643
13067
4069
7747
18074
19638
4271
1742
20352
24745
26146
31437
7607
24994
24983
18823
14717
5307
23125
14711
10862
4585
15366
11505
6556
11721
22888
31240
23009
12444
22341
31150
19060
32399
17317
4637
18363
5441
11586
16502
7776
639
20284
26024
13479
14418
9486
23188
24063
25147
31425
3951
3287
8125
19808
14951
22194
18460
4011
22921
32382
7013
9999
3042
31009
1198
13526
1508
8278
20895
32668
9484
1975
817
4354
26306
10266
7094
23462
18049
21793
3610
32082
18231
12557
12904
29043
11247
4819
25487
18381
9133
4722
10855
13166
27801
12163
6639
1504
12896
17938
16601
27299
11224
17836
21576
30426
15331
24249
30680
24901
6549
6669
18143
30319
17305
3769
754
7465
17104
10791
2987
32566
60
15974
938
10824
12829
19138
18138
15660
9305
12952
5621
30017
24609
22120
6987
12334
30418
17196
11455
13780
29721
27624
28434
24194
15195
8579
15972
26984
21588
15573
32759
5967
27390
12033
16695
23943
1716
27653
18423
17696
15511
25487
30718
19037
24881
31763
12738
20581
32088
17434
3699
32060
2645
19933
7483
4594
14662
26898
1477
4890
18881
12038
13308
21886
13242
5356
28949
17169
10407
30836
3535
27685
12257
23200
505
14558
25166
15572
9525
20199
2365
21548
25853
32611
9361
1809
7139
20775
7202
26895
28189
31526
8288
10465
20288
25388
32314
9422
5452
29904
27198
6457
15593
25764
1793
7539
17136
13230
10945
25299
14125
1820
10313
27145
27748
10291
7957
8879
27025
16521
5815
10529
116
9844
27001
5775
11597
19906
16964
5968
9189
12458
12736
15225
11725
17667
7869
13743
15850
20916
5586
31801
23858
14444
15427
89
21680
1939
27176
28637
14542
26752
12236
13553
14803
15852
19028
10295
23979
1702
19361
10522
1767
22665
31095
4191
27908
1964
10206
12540
27120
19928
4808
23342
16586
1599
31477
5574
16873
20842
2580
451
28705
13684
16939
7206
2881
3702
31800
20994
9184
25410
14873
6867
7258
29268
20393
3344
15125
2821
10028
8452
12809
1794
9453
5593
16255
30717
28197
11510
19480
23970
5919
12171
10770
30669
31898
29289
22983
2298
19567
19480
30582
7421
371
12579
13894
10227
22175
27319
3208
4472
30062
7020
30013
26
25479
1635
27352
30990
29596
19601
32581
10274
15762
5210
13609
25587
25058
20322
32364
16992
7231
4768
1013
20798
27001
13492
6836
18253
17569
9850
2534
16747
16238
14815
1684
24584
31199
19187
2141
22746
15650
32576
23414
20690
15797
3931
5103
4686
18635
20152
17976
29584
24817
26050
10467
367
3569
29227
939
16972
25590
385
4022
9544
1522
6659
11543
29108
10045
17842
4503
19146
20607
21419
21685
7066
27599
17331
31979
32582
23580
4116
29235
31090
9164
18856
31178
4855
24228
14899
7988
11991
4840
245
11904
11126
7619
23936
9165
9223
16104
7368
13325
26180
1914
23673
21257
28770
12330
6285
23206
2884
6815
14109
14182
21743
538
1655
15921
20286
8026
24946
3926
18134
17341
28158
10957
9821
12201
10751
6591
2535
10282
14940
20807
9905
4060
12370
12923
23314
1804
14607
19366
31406
22298
27516
16088
10989
11553
10330
29089
25516
26586
16528
27161
26674
31934
21955
32035
19557
14443
10536
12787
23101
24137
19606
32462
27514
27501
27104
17169
2962
190
5217
8821
30190
14422
22744
9617
17493
27179
32631
17313
25001
9198
13366
14725
5329
22579
2413
21005
14326
2259
2210
883
28658
28814
17823
1577
30725
28661
10184
18645
21962
16776
23980
26011
2410
14619
11994
31898
3600
4734
8182
6073
16029
4956
7436
31651
29340
1124
7715
2576
26488
17831
31254
6471
18924
577
23455
25824
29628
18236
3253
31695
12707
433
3096
20382
9612
10288
8490
18682
6405
4962
25088
1393
21488
18925
24505
8826
19323
17304
27918
14774
15699
26544
13099
29301
2837
19114
2237
19580
27142
28425
16205
2054
15107
3459
23244
20232
7867
10335
26479
953
6683
28193
25021
22610
24330
12137
25830
5138
3415
27673
4950
10630
32751
15286
28042
519
31316
5393
2850
8836
19018
14630
27192
3458
12756
17732
18673
1632
11614
12398
15697
6624
27196
14338
32596
4067
339
32664
6458
10868
18966
26669
29218
22024
22965
25217
26330
12036
656
16573
25846
128
26610
19289
15391
8267
31228
7485
6574
19503
28127
2854
25210
27766
1615
6732
24301
24492
16436
19010
27998
13223
14242
13853
11930
28613
22795
20696
24772
21621
12979
16631
23648
13305
31333
8043
26538
18538
7013
7606
21548
11004
24741
22351
6799
20611
3899
21064
26802
12086
1299
29486
22009
29107
12257
26673
12776
23364
28762
20356
8432
16737
15780
7431
31624
15990
7435
804
9088
486
16885
25334
17298
24911
27160
1969
11579
3856
18922
12606
18633
6664
7513
12837
19380
6817
12477
9392
10545
12557
30219
31566
28933
14544
31307
28725
4247
21887
20300
6219
10826
15559
15766
7495
30473
25008
21152
25363
26148
25891
8003
7285
28506
28587
14959
4847
19255
22648
23581
9700
1440
15785
9348
17659
7852
29131
25488
27081
11701
25244
29840
21674
15023
23829
559
4335
16825
21160
18085
1087
5362
967
7214
3383
4238
13221
29115
30036
21801
18752
30696
14867
31834
415
6703
29014
31628
5976
6235
19722
10505
854
21567
519
5976
15065
10151
5687
15049
3774
22159
23035
3406
4097
29075
4298
9356
7552
15527
3356
28210
32514
28168
17286
1674
12663
22899
6438
23886
18562
23444
28993
7356
2356
6593
15915
1772
8731
27112
6503
15714
9339
30406
10000
9952
8923
29786
18551
26493
6339
30874
25102
7931
32709
19556
14469
24918
13754
18615
10546
7577
6222
5155
16822
26357
31167
21630
31454
21524
21217
10457
6855
26795
22118
32690
582
15695
18780
7532
27014
22921
17655
26364
20467
29740
17809
17636
9047
3558
10991
12901
25155
6678
3526
19696
15793
10717
3709
30687
32231
19832
309
26722
11935
8141
6919
11708
22116
12355
1164
2479
15679
16087
30115
11572
1683
32365
15982
11632
8774
20835
24990
17636
22817
13420
9201
13540
30842
19356
13560
23370
24848
17855
21790
20587
32054
2543
7398
8522
25140
25446
18804
31244
8426
8080
12879
21676
2486
21092
19557
32752
26520
13557
24144
4764
30356
21060
18903
7909
6488
30297
3768
14888
4639
5010
27301
11484
17109
4666
14988
24262
14460
15965
283
21355
1486
18395
13956
19147
12580
2236
17789
23116
14742
1475
22923
4597
30564
23878
25217
476
23445
6205
28995
13282
21213
4504
20944
28061
20420
26582
1664
20118
16389
11475
2186
7861
28980
18401
29128
24825
10404
15899
29631
32364
29320
21750
16346
7511
27736
17177
17654
30898
3703
25455
26147
19422
14610
7802
3753
9879
2123
32234
18250
15652
13207
7790
12487
2256
31844
29642
1958
19614
28672
4906
5425
21049
182
30645
12738
29482
14906
30054
15422
16973
5447
19991
10976
27014
11910
7391
6456
4016
25778
2974
30579
23254
8698
1750
16092
25254
21670
25533
20387
10018
23294
11408
23517
24473
26215
1833
973
13782
6608
27092
1890
16791
26444
4703
12544
22593
28928
29552
23940
1233
28992
3099
17794
15382
28149
23988
27600
8478
15170
29666
21833
28142
4455
13045
28107
21621
14821
24698
16002
27587
6115
6668
22889
32119
4048
11885
7693
18294
4682
3285
15253
1507
20030
16009
5119
22859
20049
7856
25772
23839
1407
17506
22559
616
3842
21251
25858
694
9590
9423
7785
32601
5434
949
22875
8404
11801
25705
19343
19087
30762
22453
1907
14028
12276
9744
31090
3804
19926
18801
19063
21395
7335
14693
19373
10745
9113
15712
20362
24642
26467
14672
5131
16129
18079
10360
8769
31384
30064
14972
18188
22771
23657
18104
2343
24438
24234
2518
16484
7475
19276
24992
12857
25953
32256
31506
22396
3593
29426
9908
12139
1795
20980
18215
17391
23841
13528
3581
17186
32170
11549
31438
21006
19978
19663
20615
31928
27591
13992
29958
26461
10423
31099
28388
9467
6001
15059
30098
22291
15361
29911
18344
31405
13536
19312
15225
1694
28707
15534
15851
16134
16626
12392
13190
25116
26940
11043
28618
4654
27561
10293
14022
8419
14800
24363
31974
8132
4779
30823
22797
23034
9543
29966
23779
7001
19392
20001
18289
26782
29293
3817
17899
3317
32600
28313
14028
8383
19953
11567
9000
28049
4867
14235
25150
21376
15590
22307
6990
5020
9207
28678
6570
9146
8005
4959
9998
28535
20877
26701
24628
10873
17001
12369
14244
6136
6084
27383
6858
27517
913
23737
27978
9962
14780
32032
20120
6587
609
4140
24003
25995
15421
28406
28561
11226
25442
17300
27345
18701
28718
15421
16109
16566
8829
31149
10431
16150
3358
15563
14757
21473
30084
6026
21720
19008
23486
9485
5881
16924
16042
3342
23533
28314
28773
22144
22251
7650
3845
19827
28883
28197
30091
57
24770
21470
14611
6087
13027
21848
1614
3933
12680
8048
29490
3946
25721
22428
6384
28586
6795
20268
2599
9361
12661
31696
31063
7148
4064
22875
9112
19654
1469
6342
21388
32392
1755
16504
4242
2917
29625
8644
20028
8693
25753
18356
12292
18976
10965
17157
13626
12606
31862
30578
24897
380
32259
20022
13307
18562
7831
29132
1666
12627
31286
30457
8217
5492
13921
5900
5986
10576
3304
24421
21457
18395
30976
31284
17248
8566
14997
29827
6276
21011
9186
9591
9312
8857
25918
6866
8505
31114
19257
11965
299
16099
8935
10949
5402
14147
14460
7203
8171
6736
9241
15680
10739
26710
22758
6264
10415
17202
10849
18462
20150
20079
15350
30657
6125
23214
3791
2734
26106
24651
8685
2998
16635
3389
22648
18994
4215
27198
6739
18500
24724
23341
25332
24159
1931
32432
12915
14345
16218
12573
5344
3551
1977
13979
13274
16602
25678
20612
9821
15058
19236
16910
29404
14400
22362
2091
30608
24392
5144
18605
11535
18423
29639
15534
30496
22985
18306
6703
30670
8814
19143
16639
6331
2509
6003
11999
16055
1866
5613
32483
23441
15428
15777
30747
21037
6114
14768
28531
24791
26640
17893
216
1495
31684
22508
25500
4678
14982
26814
24092
24352
21807
29280
7328
22682
29681
30157
28546
21429
1431
7473
13459
25107
5134
20055
28602
6153
16933
16741
22238
30967
22161
28615
21766
32212
30772
28521
18623
27149
32671
3625
447
25232
469
16780
16839
31523
30801
16047
17614
11771
10827
20097
5211
29066
15160
12848
10803
24728
656
11233
9780
10389
4307
32676
7041
12846
1486
167
14559
14366
7195
32426
20575
16455
3559
10162
574
11009
14071
12802
3849
19634
6125
25159
5380
17823
7880
16915
15565
3073
22699
6796
6461
23644
28895
1894
16015
1036
8474
13838
21700
14880
30466
9512
10565
31340
4845
30780
971
5850
17387
13228
17020
29441
9478
29930
343
7673
8136
31463
20689
15981
30718
4815
16320
1265
17596
15603
15481
6294
31393
7687
4405
12732
27484
4237
32698
22312
24175
27281
16439
29015
10035
19351
26479
10257
23581
1746
30745
15937
4927
32150
9095
24579
18450
32272
32135
5887
20082
31285
10119
22774
30442
11000
14076
25754
18482
29632
23300
24739
29174
6681
1353
28959
23769
9641
6697
14089
31674
31847
27669
28190
16950
3847
1591
7404
25710
10680
2648
2860
17418
15634
9728
29265
11902
13130
25311
7265
20619
9641
22123
25860
777
1596
29899
20699
21733
4556
2804
12050
30310
7696
9234
31033
27060
6178
24105
25935
7322
18224
29180
24096
20363
10100
29230
21970
28131
29030
1447
9914
15216
8496
8505
30324
31537
4706
1155
20274
29533
999
32278
25428
29351
6200
15063
12089
15041
9679
9381
27989
29727
27615
5179
4228
3837
32578
23127
14494
13731
946
25628
21836
13288
1341
32436
27418
30709
1523
32315
11981
4171
5090
19416
27382
19208
31556
7981
25543
23141
26870
26354
11558
8836
4396
9436
9984
5225
11876
16580
5088
14918
27800
5893
32192
22779
5304
17958
23839
19165
3159
32697
13907
30646
32165
24706
8481
3598
15261
5084
28299
25001
13951
18009
24809
4945
5249
11177
10811
26070
17089
7101
9406
25682
4735
2859
31165
15793
13961
25301
10922
31089
13558
31430
12397
27047
8471
15452
9468
32323
12715
12204
11052
23956
1874
30754
2247
26127
14149
1128
9950
32076
28227
30089
27744
20561
16335
343
9964
26899
30104
21514
30180
15674
29497
13609
27587
6693
546
29614
22960
4654
6614
23909
31059
20271
30808
17813
26855
28229
7903
24290
11664
18643
1745
27762
12271
20170
8943
3663
26356
22056
205
11532
9460
959
7814
18604
15100
12600
18605
11967
26212
29783
5255
23502
15527
11137
19063
3065
2418
13179
21689
16095
21242
10868
1619
12990
30867
25670
20041
6875
8063
29689
11025
5413
25091
28296
29254
8981
29888
19176
16545
10712
13889
839
9764
15792
23761
23442
25240
15512
13967
28985
17978
31783
12228
30774
2738
3766
4979
18764
14404
25541
14898
9612
27466
18331
6969
21278
3554
1581
29625
30526
23012
13633
30831
20869
14103
27091
17784
15466
18852
23736
103
5896
17610
17025
24725
31778
21972
23202
4536
27236
15176
31188
9399
16875
23650
5047
701
15112
29888
1980
5773
14913
10335
13634
8213
9625
5062
6911
26181
7954
11393
1442
15137
18543
1489
4534
1557
29758
19874
1226
18569
26646
5565
16847
20662
5150
15679
23745
3768
25550
3658
4490
16356
3066
25594
8739
25691
31244
27803
24572
13023
18577
23577
25758
32486
23799
8887
15759
17645
4756
31748
3957
20751
5867
27148
29823
13270
23339
28875
6657
31057
16121
9703
24926
22119
22639
26782
2091
16490
32101
22012
7057
8944
29167
19794
15091
10206
24614
6373
28113
17861
32044
3811
4333
2162
32618
16027
7852
18368
18972
32236
22206
16561
29200
27390
2305
17597
32682
13873
1955
29546
4652
18515
1160
12829
18484
6422
24043
22064
4487
18881
7751
13636
19980
22565
13176
4057
24092
32211
8477
2588
2041
3980
12866
9983
22171
28921
28220
31119
21939
28828
21715
131
20202
8199
9639
24592
27753
31820
14028
28165
25759
31412
7864
17427
4926
19892
13663
19564
9095
30236
12444
31889
12232
29842
24531
12900
31267
12095
19157
26501
8848
24520
14339
11995
32293
7552
23991
12401
29590
22492
17119
6020
248
21799
4843
9946
20170
2422
26858
26453
29749
23007
21999
9415
20627
8166
9914
11528
7727
312
11412
1350
8779
28572
3451
2461
7784
25894
24447
10983
26305
12461
4972
16086
16921
26240
29353
5696
30390
18773
13408
19897
10414
16258
28127
3175
28001
10352
25151
9490
14407
9804
30019
19835
1260
12287
17794
24559
25144
32609
12745
23323
17140
12201
19899
5154
14218
8233
2490
20205
29964
28472
4619
12483
19832
8559
10548
16665
32059
18712
425
27819
29171
16867
23208
16075
28281
21723
25698
17657
12319
22681
12123
20661
31030
8631
11027
2961
9428
22408
30694
4490
10196
262
4145
1432
8989
24076
3254
21636
27432
24774
2114
6650
10428
23397
26253
23519
30460
13847
609
4068
8868
16694
1790
8028
28304
30655
30910
23883
382
17927
12533
8895
24852
10409
20763
1379
7717
14275
28973
23633
5680
29282
3408
1832
28201
24122
30392
11102
10876
20379
19400
23512
2128
28064
15226
24248
31752
18090
6146
1399
30992
2316
31918
19251
26326
13320
2833
11594
26390
21755
864
29223
20827
9428
15388
21084
1987
6602
15601
14321
2306
16719
223
2044
25513
30271
9111
10866
28329
18270
32296
17469
27410
8705
30426
22415
29473
5387
2138
15989
23162
16411
17432
13231
25522
17156
21486
23999
28432
16766
16130
4160
1685
20251
30189
14201
27449
22396
27165
8754
1912
22212
13431
7622
27405
30285
3905
6266
13310
24986
10048
15885
2264
26509
2077
17041
2108
15322
10254
20345
20890
27836
22194
18162
2877
24807
4924
20855
2440
29117
3539
27039
31615
30148
22585
23098
16521
20312
2475
25245
19315
21405
23049
30010
14009
7608
30775
17524
28161
8767
8131
4529
4329
5869
12744
29360
29442
667
21778
285
23836
2411
24962
10338
29637
18759
6836
1473
26380
23178
32224
3743
20363
18684
9982
28963
23716
6404
4398
25344
14346
11545
13910
21135
17027
8058
21005
11809
3565
25631
19384
13715
14463
18159
3058
2595
3410
6707
16690
28801
3616
10571
22439
31018
19019
17311
10343
753
10017
29657
9161
19422
32094
14162
31503
1084
12274
18889
3401
6126
8197
22875
7030
8706
8761
13999
2027
16009
22831
21874
9465
11941
6476
12547
22218
739
14781
26991
3212
16331
30392
11423
21713
12470
18693
16336
4406
23776
22206
15684
3395
21182
24915
23095
31891
15762
21712
18709
9269
31036
23651
3050
13137
6227
8217
19226
3855
4212
4072
1106
5556
218
24562
9662
7439
18223
6664
27005
12307
22178
26733
1362
20421
1338
32221
668
15193
17258
16078
21128
919
29157
4086
29317
28036
18867
28173
13560
26687
2693
13012
561
6697
25414
11094
9630
18760
18674
25454
31551
8942
12203
19081
4442
9877
23050
5549
4720
14350
12979
699
2927
7387
25644
24817
25129
26841
8943
690
4101
7714
23997
31882
29941
1073
18486
21869
22184
31303
29607
3135
24576
18702
27171
5786
13510
14204
32725
15563
28061
26363
20116
30493
4148
15047
4024
12379
22464
20119
18476
4496
25002
16511
31429
15121
4740
21013
21714
3773
18242
9427
2293
28548
9895
5564
19505
6694
9981
31810
10563
31549
7177
20584
7734
9854
24894
31780
14386
21308
29745
23559
8597
557
4941
13087
22084
12401
13512
5661
29252
15312
27093
4531
20100
23620
540
4160
24573
22199
871
17071
3325
19725
18846
4252
27840
20325
25333
21433
9537
4764
31844
25201
23375
28691
29272
11723
26851
4787
22952
30352
19889
29998
5322
23984
3581
5511
18759
21474
29616
468
18796
11403
26027
8771
17986
22497
18779
25691
24001
2128
8846
11140
22849
18205
25989
10954
12337
15433
12106
3038
8971
11704
22596
1885
647
31122
5384
21077
30480
4074
6514
1286
23668
12189
29173
24293
1503
27261
1839
3047
32266
13487
32704
20219
6064
850
29789
13784
25154
15969
10784
14842
22235
2523
18210
29415
20854
10785
13644
15799
10847
1951
10090
32211
999
5550
29825
23293
8284
8377
15715
8337
21560
18335
4224
8714
26777
9305
32767
18631
497
26589
24078
12048
24319
27970
4982
27732
1022
2084
17522
30388
9756
4682
14273
15814
27437
31878
13306
25234
20897
26333
18208
12513
21683
1000
11382
15800
8420
19322
17556
20255
27816
16516
21435
28966
18783
20021
31334
23594
134
101
7201
4181
20783
6963
10398
19044
8622
21997
31494
13741
31126
15665
17293
32608
22500
82
12105
12045
14713
11773
16964
26726
25550
9245
6096
31303
18403
14075
32026
24307
4472
21418
6658
4513
13952
8610
7210
23863
6867
26539
6221
2133
7203
14333
5587
661
6705
10149
30882
30481
20288
5418
15670
26662
3274
17009
15092
14456
12403
17886
24763
17718
25915
5820
8125
30112
1271
14559
30861
25542
11778
19335
24184
658
24880
32648
25881
25864
15363
14504
27688
2765
8994
24137
15763
21990
28934
8008
20944
3523
31991
11556
11889
4988
3639
12899
4857
11098
3965
2097
26606
32665
5796
28491
9263
16492
5285
20507
7304
1346
16835
17956
29060
21320
6661
31393
3970
27951
32233
4713
29963
20527
19287
13078
13155
588
724
25446
23902
5592
19704
19170
22645
1593
29730
5309
17433
20972
9834
31230
27464
30154
5079
14050
29789
11658
15571
28539
17196
7560
1243
18334
16718
18884
23931
12796
186
32302
7546
14991
27797
3105
22610
20536
31820
301
18914
20902
7391
15129
10855
24953
17536
32040
32425
17831
25692
27292
14450
22047
11449
2681
15172
16045
22337
14475
6475
6174
27549
10154
7313
7332
12870
22845
28785
31612
18840
11773
32590
4045
4393
29692
22661
32468
24408
5605
12959
318
13609
20357
24012
23509
25680
2954
14989
19295
23435
20107
2224
26563
3381
21321
8833
17006
9241
15413
30783
17397
31364
32306
24525
3324
1950
26779
3242
24150
14073
28296
17443
19566
24171
5453
8647
16869
17945
11332
28
5500
30421
12749
22928
14133
17066
2450
13746
14517
15284
26640
30370
13549
3381
5971
6854
23289
27366
30976
18111
8264
2699
27033
11164
24062
23498
26877
7501
23958
29245
11310
27994
6348
21958
31831
24021
12474
11555
1806
16525
24641
30402
982
5764
28074
17366
21224
17315
24461
10666
31027
10925
30962
23861
7585
17778
16567
11504
27548
3397
6194
19684
32465
18351
9494
10503
15411
2917
4763
12744
15427
4472
28121
22249
10895
9932
8565
9357
15993
20939
21632
13970
12602
90
12444
30240
21799
21004
21345
21890
12850
21142
28415
32309
19379
14468
24100
9535
29545
31786
12064
31170
19899
23260
27207
25041
27460
6754
6038
31106
7055
8358
18330
2117
23839
13232
9102
24692
3763
30164
18628
23851
17864
29226
29510
29273
28254
19775
15292
791
6143
28170
27792
29241
5118
13090
12881
8483
18685
2094
11093
20703
24497
28572
6819
6508
11498
21654
16911
27480
31949
14641
10151
20369
9060
5352
19022
22904
30298
30538
2471
32567
5119
17135
17717
19540
7058
5296
30400
8839
15040
11031
19450
31945
13416
25109
866
26798
17569
5875
4201
10740
1534
2187
19155
15452
15377
1976
11617
10168
10029
3083
26541
23110
17776
192
18261
32060
9473
24048
15451
30628
11159
25096
31948
4970
30523
32633
2976
30900
15438
21169
9954
29553
17613
13387
24849
14133
29908
15234
27077
5444
30817
17644
18837
22765
32347
20837
5433
15897
9427
20808
23532
13859
31369
12262
21780
28394
14770
13104
4389
20517
8184
951
12739
25335
1987
28887
27943
22468
9911
17710
24771
7746
5502
16211
30505
17363
1223
709
25897
3090
17294
5410
569
30635
31390
15258
27
11633
16725
19618
17849
31146
28584
18925
29012
22445
20838
22168
17885
14768
7873
23973
1955
731
24074
31914
3119
26529
4796
1738
364
10319
23996
13285
12300
23013
29407
20492
15654
12582
1965
32568
12068
1003
8037
26939
14812
29884
22593
25078
5629
31905
7674
25037
26541
18230
25999
25176
30832
5374
22083
29531
18508
6137
996
7161
14891
32377
7763
23588
24448
8241
14913
25176
10029
399
5943
18825
29605
8524
1753
29530
23629
17473
22891
21135
7721
13180
29588
14789
32692
8339
29026
608
11279
9272
31375
8134
18782
2830
11267
29387
20080
25787
15001
29035
23454
2367
13094
30399
6901
2180
31672
20266
27543
14389
31259
21716
23646
21460
930
12377
14787
25351
31267
4546
13054
23091
14916
30132
23151
10572
16117
19175
1341
11500
7742
3034
20029
13730
17211
8389
16405
6540
2405
7632
27297
1064
7442
12674
26517
30823
17728
22396
4708
14595
31374
9063
30561
2835
28555
14379
15908
1757
28211
16225
4912
27371
11959
29964
21715
9569
2941
7043
1869
1933
13928
27570
21556
22464
21337
21890
6422
13660
7158
9366
18785
815
28842
23864
10112
19455
31468
26003
6471
21862
17605
20258
7057
21729
27020
21608
6439
31523
17397
24290
10468
18863
15690
10554
30487
26277
8695
20925
24105
25308
8012
28943
29312
9778
20095
2333
1442
30240
28912
24660
25758
19090
16817
7441
21928
25845
70
13656
6403
23953
6313
1736
28964
6937
3218
10958
30228
26752
500
23322
14358
7439
6859
31311
30090
2741
31253
5375
26641
9886
6686
28374
27890
8198
22529
28693
3260
22864
22636
1858
9773
30546
10659
21278
16467
31476
18120
10456
18417
6393
24665
19072
15396
17436
3578
25022
3654
7519
19829
4804
14611
16032
29439
15233
21258
4973
28349
13080
8214
13337
2950
7568
26222
30479
2795
10189
2746
11367
17012
16319
14199
14263
7725
7385
5020
31788
11361
11461
19582
20185
5798
14422
30449
25422
11289
21694
2992
26221
24811
29953
767
15225
26397
12201
21390
3952
17543
3260
22689
13979
2591
28651
25454
2147
4216
29452
31686
11622
23945
17610
5112
5066
6064
24475
13299
32209
10743
11507
24490
24238
32149
26808
15549
31128
27832
22773
15189
30492
21121
11730
17999
25783
23632
7620
16030
21156
67
4609
17898
1011
15609
30519
7293
25819
1692
1661
5728
15185
1310
6794
27585
17881
1986
25892
26776
15517
20959
6364
16267
26812
9441
23289
1038
17892
11152
4530
4046
25123
10901
25248
22352
28666
6713
30066
29141
16052
3441
20195
22658
3317
2584
22505
8381
27030
13947
25903
13786
5808
26
21190
22007
8951
8109
2072
22052
11594
7782
30749
29128
1672
16502
29137
10560
9636
30930
21733
29640
8700
18999
32436
18591
10214
14699
890
17254
7052
13511
1984
26569
24059
5362
19995
18530
26742
6895
19734
5338
12816
3930
24941
21330
4986
26350
28796
18689
7449
4171
3830
22046
4955
20214
32730
18688
1356
18338
8099
27780
12644
8622
4032
21935
11427
25070
13891
13460
32737
25262
26077
11384
12127
3316
16906
30517
24737
14086
13193
22492
4736
19500
271
8350
7035
8631
24636
20461
25166
7490
4814
2270
1222
4152
25621
27346
24787
27799
6823
3157
13279
14067
12884
7494
17502
22973
29276
29753
18854
15813
13280
2841
1537
19454
27799
12050
18177
15489
20930
26541
16404
22229
10082
22845
29528
1902
4008
9851
7345
28275
28333
5485
21272
19397
13923
31628
21558
27708
11980
13605
11825
31796
3689
11264
15302
25416
30454
12608
9880
3421
10836
11914
25543
17635
3015
29289
24261
599
16737
7153
18021
21772
2494
27043
12341
18732
6642
28561
1550
28409
6080
30915
29161
26457
1037
6104
15348
6546
10643
10992
20198
30290
25562
22218
22159
27634
21092
15658
11443
28667
19496
29310
2072
16874
10051
30400
8670
19248
10473
13726
17679
16509
12705
20953
31863
26686
31154
16363
21174
10853
29144
29676
22675
19816
7228
9910
26003
1164
29091
30280
18123
13155
9958
25960
20466
2707
26274
32397
698
25050
21296
7675
16480
29519
25816
10032
14722
23531
30785
10623
4146
1351
8492
14331
24648
23719
5474
30870
8700
31544
17387
11914
6836
9110
27777
17400
20506
14481
19269
5839
12658
4401
11440
3312
27435
19960
32203
13200
6323
4966
11427
28125
18576
19907
27895
30436
1709
25112
13621
15026
24817
28799
1957
19129
6678
2972
23523
29046
32441
2412
15506
10577
4269
20797
27983
31429
31893
19198
11492
1472
3506
21433
26558
14925
5113
23390
28322
1136
28777
4034
1435
28497
15259
14567
24375
925
15003
10878
22514
25898
5622
28330
1523
29658
1812
3591
28918
29633
28616
6379
1674
138
4134
21996
7804
20502
20117
14754
9107
2151
17957
2990
13437
11453
3874
23802
20746
26110
30185
13123
26520
10843
5114
3541
22223
2097
32591
10134
14222
6189
1004
6726
804
23220
7096
18181
27076
1154
6283
10262
27955
32401
13448
28642
5060
7484
31917
6464
18310
21156
18856
19699
13756
24659
15084
16500
17037
19487
26629
29171
25853
7249
15400
26008
32540
7943
12303
18446
1661
16599
22020
6722
4330
14005
27707
19048
6486
32535
26980
24128
4371
32343
14209
4759
4422
14936
4341
5136
16535
31084
13278
13604
16685
18549
24485
17768
15065
11339
20692
28174
21905
606
12071
14255
14369
21661
8677
7496
24349
9366
32368
20610
24602
29150
17691
4918
27933
32691
24637
18992
11348
7648
22916
11571
14340
30945
31115
14398
23235
13640
1454
16910
23527
23135
4125
23524
28734
20495
3631
24200
8960
29696
10489
18574
19201
2562
31776
20952
24619
2988
14059
22620
17708
6978
21404
2599
22892
7644
22785
28834
26434
16581
23110
16661
16999
28194
10509
5737
10923
29908
28096
30770
18150
26527
6694
21229
19506
30603
27189
17797
9559
19850
26408
26653
11911
10076
8401
28681
22860
15280
4399
21789
19646
10636
24131
23595
22009
30446
28192
10951
15566
25268
322
18509
20665
3513
18208
12326
16915
16193
8452
22854
7049
18583
1819
22265
28621
19444
17352
30432
3979
27299
31038
54
23455
7779
9550
30808
1925
16909
6013
4229
24593
3446
3418
8418
27232
2199
26895
21697
28430
14827
13877
27682
17833
5145
28909
13946
29798
26323
17196
10932
30739
22270
11350
16502
18509
8723
18191
28325
27635
12485
8526
29483
12763
15588
23218
18424
25027
3713
32026
26950
31114
5203
17264
20770
19104
23385
17093
19496
3003
10689
10659
2958
13003
16649
2462
6244
11057
2916
24365
3097
15403
14431
19384
12866
13203
3268
13810
30615
10442
27070
17513
19006
27631
20287
26204
20301
30036
23967
24268
4490
26930
6790
1493
3445
923
32011
13375
16008
177
1309
3409
4541
21782
25122
6885
24913
19107
27871
28610
24007
21853
30872
17445
2097
13476
16248
16545
8619
13486
28211
27433
13352
9268
4841
27244
6257
21099
29518
4961
7530
10550
3592
29986
13463
14234
19288
22269
18400
16498
8445
23752
7313
8548
11605
17782
26533
9747
3526
30696
30532
7062
29788
20997
5514
14378
16563
28173
2186
11043
8216
21034
21395
26921
30955
15945
7602
2208
9543
3111
24951
17000
16614
21935
18940
27335
3646
21891
24868
30371
14064
13785
29473
24821
27491
16776
19257
1146
9644
11106
11721
15788
5042
24517
13194
26864
27791
5229
27155
4369
13625
2700
23967
25069
14433
14109
28689
13166
13723
17781
8501
16572
3008
10267
11337
24497
25232
11225
7868
19598
6044
16659
19509
24044
29284
28504
17367
13557
25532
10039
10948
15827
21620
26196
8159
5225
18231
25019
3287
8513
20916
10867
2145
710
12540
87
11716
5812
32043
18209
3483
14284
16459
20936
7126
972
29813
30732
16131
15774
11577
10830
25804
8144
28737
30630
16320
13124
304
14896
4694
32297
9424
23974
11054
7977
8045
29748
30363
10468
29308
3463
18783
20894
7553
1064
18613
19252
26159
13576
5013
22357
27600
21852
4403
27630
2535
23210
2249
31718
19988
10532
26262
14348
1337
31798
21030
23630
9179
15707
31189
23851
3531
15668
14223
2411
261
731
29401
29709
10200
9589
25621
14977
5703
25606
7425
31511
14000
28554
31362
4024
27051
6977
25504
24788
23861
26442
31185
25755
24334
6515
7802
7792
11871
22608
29107
12954
4256
31882
11851
25149
11705
3194
1803
905
30567
5622
26943
18994
8162
23147
18547
29728
25533
300
22395
11879
11021
17418
21174
18041
17869
18981
16275
31643
18305
9474
17747
1173
17946
9181
785
7598
26
28992
1792
13015
11768
11988
19189
31271
710
888
23077
4743
8209
20368
1071
31407
265
31647
16733
29777
8417
5401
11302
10131
24697
11634
13304
6851
28475
12155
27957
21062
15171
7918
8828
11474
11458
30279
2857
20446
12452
5846
19231
14422
22128
32531
8133
17298
1392
15153
24142
17545
3347
17398
10046
31042
5263
16329
29481
29836
11722
23053
23742
20463
3963
9389
19461
14818
14988
14328
26341
13374
3780
1200
27369
5875
4770
3165
21572
11002
29324
29671
30226
29067
31529
9316
26592
27535
4875
28207
27759
30040
30609
25146
13749
2704
16651
21925
10789
1647
29216
17295
3888
13361
5741
300
15628
17352
13423
30743
16308
30414
5795
23274
2352
6589
12267
2061
6422
7522
7988
3787
15697
25743
5718
2731
20513
6673
10299
18685
5987
8929
16964
27827
10515
159
21736
1138
30991
14395
28575
18153
29725
4342
21502
26978
19504
16265
17443
17558
23015
20899
4179
15302
14167
28057
10210
6663
30730
14937
12627
23006
8775
929
28097
2828
19860
28270
27518
19115
2682
20918
19449
378
30600
1881
8421
23670
10139
18774
9367
13226
15708
28474
20912
21319
24585
8159
7677
23287
28025
19282
23707
10095
3418
277
2911
31299
2494
30343
3956
21503
4310
20896
9542
13427
17404
3041
1951
13646
14327
395
4624
13039
19067
272
25235
30583
28912
28359
15982
7203
25716
20707
15963
5337
20259
22438
1509
6656
24214
13778
2581
25749
24489
23905
11086
28795
18306
29813
9846
14611
19919
5778
8534
9229
31822
13835
22084
3710
22419
12730
8959
12338
1286
29428
32474
18755
4651
10172
7197
19946
16678
27959
14504
1174
32382
32353
25049
19003
25633
15101
12208
28909
28072
6866
15153
27821
16861
24852
21514
17027
13690
9249
14710
28109
27444
32110
23137
12246
13560
30144
24781
32170
6773
415
3188
41
10458
8711
8367
23131
28641
32098
27030
10755
20492
1203
7273
30327
32302
30996
5935
430
24622
25954
17308
12187
9992
24631
8504
30649
18964
10776
15038
5352
18315
31728
2754
26487
20039
6589
5015
15746
13514
32138
11888
30078
24962
11933
21957
12050
2124
6385
28409
32296
24886
30951
22329
21573
15497
12088
14247
5141
6151
4398
25784
843
6513
2324
19674
3752
4684
6891
14939
5208
28901
8542
27782
10373
17043
22264
19471
2087
11068
32661
16049
11801
30234
17942
24085
15986
9151
8793
5622
15378
6487
23401
28035
15483
21806
31217
4
3555
19570
16119
26817
903
22073
29382
9759
23617
18373
8236
14349
30557
9735
4070
32158
19369
4195
6233
5623
21707
18611
5507
18540
27351
31886
7472
14310
14369
13258
17265
25992
16720
2111
842
18066
13236
2766
8107
29061
28122
31139
4257
9864
30301
11190
20686
14090
21758
21912
7959
4265
503
2924
2204
28498
24461
9267
20205
31402
29157
25166
32379
21165
18712
1341
18764
20373
20873
10413
31219
30974
32375
5298
4800
30791
718
25425
27956
2619
3139
8001
28087
13297
13471
16370
8077
16112
7515
9935
19719
16535
26990
449
26614
12477
2403
14068
22117
21396
3502
15837
30600
31443
29504
2428
29935
25108
7769
26590
13311
10874
30622
31463
31651
14744
24427
11854
8767
32654
27498
20201
22502
26741
8805
10027
24780
31998
10840
17643
21502
30293
7371
19558
12880
18764
30046
31880
27031
27829
20134
18535
6169
24335
24887
10769
9282
12134
30978
4743
31897
3444
21730
6921
5106
9484
9329
23444
28132
18617
6176
2730
20349
12194
14215
19025
26677
19120
29177
18014
1825
29939
7516
2035
12393
834
22327
8775
9980
30498
31757
7333
16002
22762
10474
15800
2451
32036
31547
7173
14374
14645
738
6073
14924
19265
6794
8613
31518
31049
6712
29575
18419
11158
6179
7563
14295
1627
11206
3345
10041
18070
26419
28849
7140
26167
31402
7548
9521
19332
13930
22917
3194
1980
24263
12193
27089
26874
1661
12394
28914
25437
25412
17546
2679
5478
20645
29750
3403
27553
29963
18424
11361
10120
15645
9906
27814
19876
8523
21728
14132
16117
27047
31005
23496
404
25591
18921
6006
31895
16392
18601
29595
11061
1605
11759
4372
2859
23687
27388
13229
19037
3375
25731
8668
30657
1139
19120
11440
15225
14325
12905
29700
23103
11418
21460
15096
2054
3737
4633
24738
19934
4050
12393
20736
1817
98
22591
561
14764
21876
21733
20965
19928
4697
10299
22291
26889
18396
23732
31722
28670
7631
14497
29705
29738
6890
14002
25330
4186
7894
26553
18108
30873
17028
8626
31497
16720
4803
8193
26680
8626
22802
30970
13020
13655
26290
3238
32620
295
5632
20676
7740
16250
30210
7695
13227
14206
21568
25279
12446
9176
6357
24146
12078
27790
10437
19084
1950
14372
17041
5565
12688
6149
2313
4674
17784
21541
12386
16206
12880
6629
392
3819
31630
4663
10165
19771
4947
8962
31811
3332
9445
24520
17599
15723
25439
28038
5950
19712
12455
24027
22772
32251
12449
17773
2818
20421
7330
4489
22928
8635
27432
24841
8476
29486
8136
25723
24081
25774
22375
2431
15004
24200
25773
30065
11963
141
4279
4936
26263
16149
21516
14526
25363
20804
7123
9906
2213
21644
28483
26826
4197
18803
2394
22620
3939
19863
15058
18063
2110
14063
10321
4541
15090
29779
14560
10780
9970
22335
18590
18846
29559
10964
29621
25365
12823
15391
3470
3227
12185
14238
6209
26929
18184
0
20560
21926
27398
25133
8340
23739
22883
19078
4727
13956
11502
24430
3684
22289
16779
9481
124
20558
7814
3651
13707
2856
23335
7957
1082
7153
12679
1028
5766
13830
13217
17130
26480
687
22188
26872
18678
24390
18601
23036
1603
18076
17464
9440
30243
27032
22191
371
4537
15137
19565
23405
25460
29502
14188
3757
25151
19836
17430
14532
3320
1681
20570
17335
23076
23870
30974
3585
20449
6778
4407
21464
22555
25804
14455
15793
9475
25337
646
14342
14781
29151
26068
30807
27481
29089
25614
21359
28165
28164
8431
18664
17025
9753
23385
26609
6099
14109
31908
29007
30011
28317
12854
23202
16489
2013
17747
5866
29678
22651
9527
18505
6641
12368
22370
16139
24355
28823
16948
27107
20981
7761
1465
7031
8712
29672
22214
18719
29668
13842
4165
9962
7406
20472
28365
17635
23444
31384
10870
4498
24523
29543
25323
26053
14267
1595
4544
32144
29880
28265
30470
658
7285
21290
13341
2938
14964
25412
2250
13514
9665
21478
26249
14043
20192
18131
20005
7457
10756
23490
11141
689
2434
28933
9161
30720
31876
22378
2454
30190
1538
32095
27565
515
16366
21849
29123
26616
16047
31606
31629
11385
18641
24161
13850
7465
14075
28534
7013
8679
4129
7718
4139
13136
13818
8861
5114
6788
13749
23459
14219
24109
4328
17344
19793
190
4809
16804
2130
29689
1440
22469
32054
26036
23676
30538
14749
18908
9509
31272
26038
17850
22099
2187
9230
24693
19997
28023
9125
7385
5300
7855
6215
24662
14161
31702
3353
19276
20332
2260
17779
26246
2607
10107
8173
18948
17450
5227
12221
8445
3400
11058
64
12068
10498
13752
14038
15147
24274
19163
1779
645
12011
86
11379
6769
16167
29671
24622
25140
5185
28593
31437
27301
27460
11743
14812
30447
18243
32650
23328
31379
1867
23260
554
14508
6294
5238
7212
26743
6401
18448
13836
786
32192
13407
30903
7812
4689
3644
16312
31230
25518
3842
32265
8033
27591
16952
25896
15871
4399
22128
622
8870
20246
30062
18077
28891
6519
26509
11192
355
20882
1631
27927
2568
24221
17044
1466
29337
16055
16669
26846
31539
9245
21393
10446
6079
29344
20431
32764
9404
12631
2789
28752
22847
17553
31536
27840
6711
1037
17861
16673
4854
366
15120
11324
14061
4841
1723
24613
4279
30273
5841
23752
602
8181
32292
22725
23241
2744
21996
11390
25773
6945
25264
29549
21092
27556
106
22460
11082
5313
6630
15375
7736
17787
12139
14245
23883
16396
12445
6303
26343
3799
11682
24735
24571
1438
9092
28565
25478
25333
26582
20694
27482
9718
30619
24175
13856
27703
11619
11960
20124
27641
8887
44
6194
24226
16567
6007
1193
28526
17410
17361
22320
609
14294
32139
6302
26496
11385
21223
8446
20032
11479
5933
23115
3391
14188
2043
8312
4658
15972
23773
25267
3614
29441
29981
27115
12748
24638
6109
26768
3703
6322
31330
14234
28359
31670
179
25804
15363
21962
27747
30266
17282
24629
28075
1801
28770
25580
19132
8566
19837
949
4434
31257
25497
29068
1677
28779
18399
4934
18685
30855
28303
23156
22779
21037
5617
21386
31552
12556
23951
12353
10672
14913
23969
20793
1655
31515
21193
4835
1367
15649
12800
24990
16192
23382
14544
22816
9250
31931
19909
29464
32511
22550
17694
2321
68
25842
24007
11674
16985
7655
2700
8356
31863
14363
23431
25387
22458
29705
7130
11801
6775
27521
30628
20583
7631
240
15917
14469
16772
21474
5220
11516
21004
24261
11148
30802
5348
8688
20530
3117
28455
32740
25954
24508
23135
11985
8218
3411
7067
25436
5887
29525
28866
6303
31311
23639
10278
6513
2071
29314
22108
12008
4262
569
7756
6173
8001
20476
16260
12079
6936
1421
24274
24459
29817
31313
15633
20842
12868
23288
20547
28315
29599
29793
29408
9346
14826
9655
7534
1889
3830
15841
24146
15062
23409
18457
998
17317
421
3034
11467
9912
4195
17408
12929
31076
8761
20779
8756
18158
15595
27492
14297
28494
17697
5891
3962
25394
23134
24783
206
24902
12081
9576
22797
6323
12719
26594
26370
21733
6176
31667
3426
5778
9721
1487
20316
15864
15627
6417
2929
10854
3833
29149
22662
29437
751
5380
14648
7352
9105
21991
6511
29098
10546
2016
18998
23943
29767
24285
28618
29542
3099
17230
5616
197
30148
7490
24204
20942
30549
23244
32368
2777
6997
13740
31858
15153
2160
31787
26305
3355
365
24903
29305
14100
8544
6160
14708
4699
10273
15954
2660
31407
27388
23156
32542
23386
15786
28832
19769
3438
26496
29477
1240
27471
30951
4633
12740
15729
5388
11842
4798
25699
985
29495
23315
25613
8227
23746
12912
13366
30245
11145
26360
31305
9773
3309
1428
4184
24469
31283
19594
32097
2037
4833
11346
17104
25239
30315
19109
9030
19499
24847
15318
18073
24252
4094
26213
24348
4579
12476
17618
13344
11067
24521
31151
13754
4884
31361
27129
32199
24940
18497
20904
25134
14107
16075
1669
31845
14157
26092
23868
18999
13621
7772
25778
19396
27136
20453
27544
17097
18184
17095
1089
30497
14411
10332
31408
9356
27419
5880
28918
30128
27927
32019
5563
12381
14169
20394
10522
30485
31217
30690
17330
17356
15250
17391
5113
32748
8588
24372
1492
23964
29690
5547
2149
22082
12861
26248
26148
29254
19369
10777
25394
15898
20605
20209
5610
4215
12057
29253
11704
1513
20843
22422
7214
21901
11947
912
21588
25369
9544
32307
5184
12830
12578
48
27879
7818
20985
3990
31795
32369
13861
20397
3414
4365
32136
2082
4957
24323
10434
10085
12808
28647
2211
17488
18649
30979
16870
25353
13419
26964
14620
297
14853
30422
31462
11550
20847
4354
29799
11470
16644
23700
4089
30588
16393
7313
2591
1776
4925
11401
4796
17362
22449
28697
3714
4440
28634
23477
3244
15393
18149
31396
17648
20576
24138
5708
12719
6972
22948
25264
6768
23415
31936
21559
8844
25934
20468
687
12330
15777
24242
15761
16238
28756
17500
13703
30190
9717
31578
24363
2662
15519
8811
29458
21676
26654
11320
12041
6630
7507
11567
15518
26874
19674
15246
24803
6982
12523
5566
22894
19858
12926
739
2724
25922
10675
8625
25400
30160
32112
6529
6382
6778
26188
24996
8869
6200
22700
4855
5012
23537
23083
30647
15316
10478
17984
19863
12830
2959
17947
28176
10967
25661
32719
20729
16457
7839
16566
7511
4148
26897
10001
15478
21125
82
3824
9017
19813
25468
18002
17838
19061
1082
19596
26853
29016
18229
8431
18179
11123
26831
25765
14738
29936
6676
21468
24091
16137
27117
23079
26871
18307
20119
17952
6754
2424
25428
24659
2513
11098
11873
26967
15238
3637
807
17214
13409
25140
21685
18992
32761
25703
3182
8274
23787
10691
14591
28908
882
7019
10645
28364
14904
2094
18764
4581
11628
28496
20202
22588
15381
26765
5325
3589
12198
19803
11554
24840
4562
1904
1624
17226
5281
10372
13268
24810
16580
12120
12007
11593
24102
7671
9213
19309
19139
17723
8215
21928
13245
27028
12923
18548
25772
9477
22185
5282
8502
10863
14994
7348
15585
19986
13573
8583
25892
30545
106
25141
20932
24501
3506
29497
20318
17205
910
4308
22591
26037
15839
28848
12156
4556
24942
22212
12864
29898
22494
29047
21344
31738
18399
16648
30005
5924
23972
3629
5546
1110
30614
13306
148
2276
2890
16645
31810
15278
22192
13256
9301
17569
12686
22086
26322
13697
4909
31986
22390
24549
8275
11468
19786
19587
21872
27853
32375
14253
8476
18053
3674
14108
705
14851
16859
27885
405
10485
19963
27625
4044
32016
29869
12553
11787
3506
25575
22073
25375
2246
2808
25181
23535
25321
23068
23186
18351
4810
8270
30902
17495
7127
31581
11050
28500
11286
3650
16854
28285
20816
29105
27758
1352
2421
4846
28148
2622
12860
29922
10623
20652
7178
1902
27706
23196
17429
2303
6319
26371
31177
9827
5958
12348
29547
19675
12296
28341
5628
25201
12713
29673
29792
22667
2502
29070
18879
19649
12907
16655
29484
11244
6360
16188
11396
2943
24965
4161
5273
11547
11619
24532
15504
24669
17509
29107
18056
14075
18751
5710
22397
16143
23150
22464
24683
14258
17528
29444
694
29645
10613
29030
5065
24364
16846
30263
1021
22996
6725
5317
11453
23959
29493
17035
18921
8677
9499
14756
8823
12773
11862
24454
9312
10436
20011
1004
30650
2126
20748
3092
19745
23995
29210
24107
27484
10443
30184
8454
16446
14613
25218
9234
30921
30107
30894
910
25754
17059
21105
23799
10369
31170
19157
10180
1135
10298
4842
1620
12437
1926
6155
8997
5578
25650
8034
28230
25901
26352
15023
20239
21260
29673
31300
7695
30981
5201
84
31558
9067
7742
22894
21652
3564
3770
15941
12402
21360
18966
8882
4320
5443
13954
13820
670
7543
25819
14422
11423
132
15300
18857
29627
562
22776
5524
1700
16825
7391
178
26139
28966
5215
15131
15716
7168
13556
23597
7927
16684
7939
27532
31096
17422
23147
31591
22761
30961
16734
14333
18463
20649
3439
4192
26226
26486
15083
23673
1465
31532
13933
9293
25718
3217
2221
27774
22605
12295
29849
11285
31931
20843
15271
20350
14852
28476
31849
27860
14445
4352
24418
3424
5036
31971
1560
12380
25245
28834
28778
27388
26422
24999
19492
18863
31421
2166
25297
22178
2616
15175
6608
27013
14118
23540
14506
9363
28780
23830
27043
17100
6034
8811
10383
7045
1583
16508
5095
32547
1954
24444
21532
20772
6915
17778
3371
863
4442
19355
3698
22156
23566
17161
13506
1030
8096
3217
12981
13520
24216
26596
13122
27094
20672
15868
2702
14710
14993
27322
26885
1599
22763
18893
17578
4857
13577
2773
27819
6117
29875
4296
31545
15686
31413
24725
6550
7967
27537
25352
19056
15935
27249
32238
11885
635
8799
18553
30471
12859
28600
24294
31642
824
15838
6492
9403
10371
27950
10776
8652
458
21810
26311
7373
20439
14103
16691
24693
4697
13409
13090
9346
29415
7645
8571
29773
24898
11991
31403
25505
17626
2190
5191
1485
26516
485
3059
23288
32203
8027
12162
10165
28565
18237
12383
27352
18247
1563
9771
25991
26939
30584
9383
27028
30928
9925
26837
25098
3763
31889
24922
18949
9309
3066
5671
1479
22749
21607
13144
21001
29400
19321
15196
15759
17358
17214
9303
24831
20638
168
25796
18675
25421
5694
13151
17997
27139
22290
32322
6347
18262
30195
23886
10203
30667
9443
972
15792
12442
18636
30036
30869
23474
5486
494
26241
5373
9628
19832
32492
3301
25512
26184
28386
29719
22044
12050
27478
21639
9386
8203
32184
31668
26982
9038
32458
23085
8755
4223
13231
31828
22139
2991
16708
98
17700
19328
27060
11691
11967
2698
18503
4388
4098
10237
32635
17186
24696
15239
3414
14948
10615
8312
14842
20564
2387
15396
21626
23178
30417
904
12780
32146
22750
1073
8896
7407
18049
29786
21072
3167
783
3669
17591
26209
2718
15148
26343
11253
17083
20615
25846
4515
9056
26064
15033
7614
27680
1174
12948
31722
14757
14383
18064
10716
3932
16546
6062
24929
10607
27844
28540
25506
10996
24480
32741
2470
31844
17692
21837
15896
28238
14810
11998
17483
29772
27229
12572
28795
3127
11629
9920
13654
9623
7612
17347
10938
7517
30409
7865
29121
8661
14597
21600
6651
4822
22837
2425
27642
12860
32535
16086
15636
14487
5960
11189
12388
8741
15461
4684
2322
18430
15216
17061
29140
6543
14198
16300
23989
2633
12399
14983
26134
1946
29030
22565
18930
2845
10714
29978
29286
7438
13923
23466
8304
23296
23705
8227
10231
22226
32305
6001
23563
25055
1897
7148
4207
6261
7335
5236
21588
16777
19292
29120
19048
22184
16943
5619
16911
18481
21592
23152
30192
20930
19529
10224
5044
29424
20884
21714
28938
24635
26121
15794
4591
64
15902
19516
25644
18737
30869
24642
21536
4739
31064
20237
7871
12006
27560
27889
1243
25210
12150
21796
17315
2368
13841
25553
30313
463
4610
5735
17832
12360
15924
17975
1861
11659
24665
28990
13333
30379
2696
1343
22176
12448
16427
24854
22308
21564
16920
72
18653
22113
26110
1246
7300
8304
32003
4980
23574
27908
3499
13709
21462
23777
25852
13865
19605
22567
17120
11418
15153
4044
9674
10643
2396
13128
31132
14978
23454
11922
11721
14111
30877
1100
30390
3397
13725
6202
15975
32514
3139
32249
2135
1770
15774
8174
19623
22192
9832
21116
3707
9207
10376
10106
12706
14181
19932
5604
21365
29177
2102
18896
11009
15519
12964
12452
13416
5634
14325
5511
11140
12962
632
25109
6606
25382
6407
22359
31614
13555
3396
21234
16372
253
7971
29854
10583
23773
14761
14298
20348
8741
11507
21983
18953
32752
18809
978
17882
19133
16532
24893
2467
32381
28222
10944
11735
9962
28697
1284
3017
8731
11700
29681
10258
29013
13833
21025
7218
3109
5706
23700
17274
27051
3549
9893
12073
13369
17317
2620
9685
23325
24707
26694
12812
30394
13084
19810
1084
13022
16605
20189
11216
13135
26685
13281
27548
9895
30786
16105
11643
31586
24903
11128
22838
27446
25340
13323
4776
20643
23470
13388
8992
31434
7369
15240
4615
29570
26779
9059
12483
27561
32090
32459
7642
16824
20841
29994
859
22170
25815
24032
5242
9407
19497
12272
3706
19820
22617
6649
16592
4181
30
22121
24709
24941
28270
4077
10972
4349
23105
27180
6965
14835
2969
692
14385
27261
12735
32308
15383
15063
28367
30189
7286
18018
15478
22883
13580
15093
3579
6232
6631
29303
21372
10490
21706
19118
17019
15964
4562
12114
1945
17187
32601
2662
17824
27778
25883
3784
1479
31080
13975
4358
32050
29175
9401
25203
19385
31545
29365
25210
6122
4878
4662
14899
11345
18537
19128
30260
31223
17340
28722
29354
9256
13233
27897
19880
31097
29211
8929
21438
32266
29996
26533
6862
27401
24808
8329
16155
18295
19673
16701
30371
32303
4613
12805
28335
5412
13597
24855
10152
27114
16631
836
17196
6008
9534
18395
30817
26924
28009
971
8841
32527
25577
6151
7639
1883
30119
5935
26241
12602
27053
28268
11799
15569
16675
5532
23315
19581
21374
2735
9905
23388
31476
7248
19713
32016
25907
18376
826
19135
23634
11808
10321
8542
7176
25734
25546
5424
1820
9203
9935
16009
20764
7178
17279
17368
28754
27970
3720
17636
27636
3655
16120
2902
23195
8350
80
9336
9462
30856
27354
18492
24768
23594
22077
12672
22511
15850
14927
19344
4143
30236
4650
22765
26254
16350
30082
30541
4985
32064
23606
9442
10983
1705
16420
10975
27860
2422
4418
4409
31217
14819
12267
32682
16538
23599
24950
12284
13832
26875
29453
21892
12232
20724
32444
7661
29035
9137
1737
12087
17024
7646
23364
18174
8383
25243
32222
24320
25223
25631
30719
31450
23947
16289
22290
786
26056
4216
17188
20826
14522
32385
25517
21011
10447
3009
1709
24337
7452
25931
15867
14238
14670
15204
26330
14785
16868
25830
20430
16576
4252
20962
28846
19683
11563
4489
26873
22651
24113
28493
14445
32291
18028
27459
26070
21574
25132
4556
2085
8673
30983
30324
26049
20618
22477
22042
7714
16306
26303
9298
4507
23847
28667
2055
31607
9948
10811
2917
29256
31213
23487
757
17020
21214
10632
28682
22321
25380
26311
25181
9547
8166
30869
7412
19651
11780
8676
584
25665
20313
19382
2982
8942
13629
7565
20438
23683
23630
31266
23803
935
21873
13401
27066
9847
8211
4213
8606
6502
31157
25992
4283
17479
18087
29486
29330
17832
30739
16251
26677
24674
4926
4402
22956
26478
15883
23096
1686
7162
29889
9800
2579
12732
19725
25063
21986
28039
27211
3483
26823
4636
1793
12632
17456
3906
14252
9275
25879
10009
19136
31867
17450
32171
27114
15260
8490
18116
24728
2789
7569
1540
11195
7189
27255
5426
14027
594
3510
25811
27148
5986
589
11003
28177
16669
14338
29796
18558
11042
13900
19389
13842
18634
26223
27460
26084
13146
18665
11415
31212
14461
6669
10951
28870
11505
10734
19119
23731
22400
27518
7556
3041
2098
32503
20909
1516
12225
15226
9684
676
2893
31734
4669
15889
14417
13132
7254
19892
17622
2993
2192
23312
4070
5459
24174
26473
3652
18495
29403
31948
18266
23938
27841
28751
7795
17294
30679
6554
15402
12768
6587
9126
11298
8160
23872
23237
760
8969
18441
7139
8310
30793
20055
18699
25098
15531
14623
26413
22902
6451
12896
18718
23496
26121
27571
27616
31885
2267
4900
26660
18754
4732
2624
7437
22795
24529
4975
30775
1192
16877
27012
32504
23204
29051
30099
31973
9167
20828
5890
31640
3055
17554
12771
26545
17075
7005
30593
1819
10472
23459
7481
9361
24047
26773
30092
5216
16751
19856
8050
30318
15687
12353
16368
22907
27591
11789
31212
9127
28191
10416
6209
25652
1815
17956
7695
29326
19969
10180
12628
32392
3564
7345
5057
30185
9499
21365
7622
25383
30902
20198
28656
10610
20670
8781
20084
16884
12358
14536
23308
24152
32225
11245
8449
5257
4183
28080
10121
30652
29596
18823
32340
17072
31234
204
30818
30516
28077
1634
2327
5867
30279
7579
30609
22860
1782
24665
23609
748
26763
28788
7320
16896
13309
22620
22893
13341
20757
24320
764
31043
19818
21230
1960
30746
8080
4283
20676
14203
10893
18597
423
28978
5516
18295
11518
16899
19414
18093
29799
6891
14589
2009
17979
22439
5466
16197
11690
7803
22202
4570
26894
27948
6485
10816
14969
30542
5376
10567
9872
14790
29347
30086
5533
26503
5612
11842
2783
5023
12101
17809
26149
15479
10756
1470
25499
7254
19170
1520
19939
25384
4783
20999
5735
15742
14660
18887
18414
19669
21688
31544
1902
29979
215
31820
5921
9071
6863
1987
4059
29225
25901
24908
17563
19994
10248
17645
1120
277
8572
26020
11838
17837
23131
16207
19376
18497
13086
16329
9520
14646
15650
2902
1285
21636
13329
24641
7261
628
11165
24003
16027
30120
17781
12839
26354
27227
881
29740
15411
27370
2576
11179
1763
15763
26405
19833
19857
24445
12493
11919
2918
12537
4260
12904
13566
14088
3897
14507
32630
5661
13247
3594
7623
10788
19461
25706
26706
24514
28840
5700
8892
13023
6535
14667
21499
30306
22135
17487
25777
18747
56
19553
30649
23719
30120
7480
12544
28591
14647
12499
24215
9202
667
19040
14342
4005
6341
14429
10210
12504
2067
509
21410
9723
2247
973
21934
20384
10680
16279
23993
16259
4935
25478
11089
6343
30357
19596
5812
17794
31987
2049
7142
9596
19354
6285
7168
6708
28573
583
18635
5156
17947
25118
28301
1350
13497
5241
4131
23767
17999
12058
2384
28763
32738
21064
11093
30177
467
5421
1986
29576
18773
4477
23947
18498
9764
21080
23646
12760
14453
10866
12852
29743
2856
13681
5927
1481
7749
2198
19331
25998
30118
22176
15391
32205
32753
2797
16622
14462
27082
8163
10705
10442
12614
13454
3503
28109
3490
9610
4040
12954
32565
11556
3910
28543
7075
20156
29973
20619
27220
4462
5109
25934
25892
19953
20174
32224
29020
5054
31043
22821
25826
26997
9865
2126
27564
27773
23162
11171
24954
5099
20709
27776
29637
6822
20265
22686
8178
21704
13314
660
25036
29767
14754
2974
9777
212
7684
31388
22027
1795
9597
1118
3459
17069
11156
10526
21361
18579
13843
19278
25878
29507
15966
9109
27149
5952
9476
13844
9343
16989
916
11501
29079
2666
20658
15366
11829
12050
2665
29194
21479
4868
23235
6833
25109
20561
27287
5698
26491
27669
22179
19030
16348
27994
31450
4062
23029
23353
2047
16999
6577
26178
6003
21661
10907
16671
12620
3598
22168
27763
30886
22065
13526
31240
29246
12455
17664
2858
6461
20160
19124
3662
13905
23105
32054
32760
11522
23909
24422
13019
13124
27681
21487
25409
10056
29356
16834
6573
30616
19775
23747
8383
20835
3354
26305
4697
2325
3783
31916
16384
28971
17826
17410
31365
4934
24729
3211
31972
32638
11313
14918
32364
9720
21961
2979
12320
28347
29731
4082
10590
959
31008
25116
1982
327
28875
31633
17981
113
12697
13185
3995
12300
25072
15951
4097
28585
30437
16707
2535
8437
4170
20095
12853
9030
21992
23860
6056
11635
14857
4629
6520
31209
17722
27660
12600
30971
20302
10540
5117
32122
18854
30696
28354
6022
32432
18562
16907
4515
27310
21190
8393
17424
4537
9207
22142
12884
30469
18698
14497
10009
6502
26898
10052
16957
6419
25596
244
11559
27307
18812
3553
26967
15221
15431
9791
27969
27372
5507
6123
860
15739
23675
3922
8054
11397
26264
1935
7754
30632
13197
1491
9044
23363
22993
9226
2276
4149
5970
11963
5746
30952
23144
23088
28977
8079
22279
21208
31462
27051
31802
11497
4859
9428
24012
30537
28111
20662
26184
30127
30289
19034
25893
17926
28109
15527
19770
29970
15878
31272
14200
18005
12676
9231
32215
13108
1583
17018
657
25942
3613
12790
30607
12365
21161
2625
14880
20088
28101
25173
5873
25895
3473
5537
2618
5121
22060
28314
20533
5027
5577
23154
22996
10122
32518
2599
31155
26419
23930
9408
23884
8832
30861
28372
9834
25950
6285
2891
14560
24229
25086
14696
4218
11840
31537
13320
13108
24205
12312
5668
5034
3334
2136
26781
30672
1570
928
15673
14307
22646
28729
31464
27039
8992
4063
16205
19379
9061
32464
31097
1394
17817
4386
8698
3787
15679
6745
13332
21627
26738
21305
19534
27777
644
20953
4145
28370
27108
18425
17228
17999
32069
31637
11643
3572
21500
11707
13929
20050
21930
25497
23124
12095
29980
17882
23568
29132
4719
2611
22607
18039
18552
6968
7711
21410
10595
29301
28852
68
11929
22714
5736
22239
24552
182
22784
5298
30174
12231
23345
14639
31605
26897
26467
10671
13046
20174
7092
15717
16919
11748
5952
17808
26982
26557
3232
26101
19179
11859
23984
20877
1033
18058
9365
16251
7846
17603
19967
11328
7564
30638
10412
15154
10254
30047
3630
19499
6382
32421
2285
6526
29822
11415
7023
29231
2566
7279
3287
25699
17510
3484
24236
27669
28156
9746
20444
31243
27592
20709
4353
26376
13262
27414
3554
10052
700
12973
28733
21017
5325
11271
16324
20991
26093
29042
17253
20666
15646
8439
1998
13266
1818
23671
12081
15684
17466
4090
28228
9335
3478
29251
23181
15217
30062
29608
28124
29771
18121
3872
25369
23266
26715
12702
20543
22224
26284
11165
8617
18843
26999
24828
23181
23851
6224
11021
16070
5762
12938
8425
18902
167
24152
14854
5931
995
29490
32523
8097
15664
17275
15586
28745
27119
10592
28175
15977
15321
23299
20033
31939
10552
18905
19495
22042
3415
4432
19845
12531
11575
14518
31111
8345
29827
19542
32085
26467
32454
4580
32487
28217
16604
23579
12827
21845
26279
16804
17413
583
14595
15162
4230
20284
8187
27916
22048
16255
5437
8034
23560
23872
6859
10884
15997
9365
2548
23000
21849
8126
20099
2634
26854
6317
25142
2032
10482
966
7281
28398
6694
2019
10804
5016
28051
18331
16971
13783
30350
20420
27076
974
12990
20278
23718
12221
6259
31698
28384
7461
7993
18627
31104
26925
13998
20996
10277
21060
8080
8482
15031
17160
23322
12100
3925
1126
9361
18536
2191
23299
10522
13295
9174
5083
29134
18012
21552
17449
13328
16473
30001
16518
31774
7931
27174
3924
26087
16710
15763
23133
22557
1780
21728
9144
30090
19570
3151
16877
14503
26668
20273
26456
28011
3338
90
14547
32097
13882
18130
14223
16893
49
4813
579
20784
4844
28381
12681
30778
380
29031
21380
22720
17089
25172
19143
23582
10102
26888
5234
28926
29037
22168
14750
18218
28700
24631
28668
32158
18009
24050
11704
30434
15714
24990
13476
18326
18720
14862
22674
29518
8621
13961
1281
27553
5651
15994
17917
1405
31831
4458
22592
22717
25270
17196
1181
15870
26158
18519
19103
24238
21056
9978
7789
2917
28149
8074
15856
19577
6687
25119
24888
24781
9441
9184
18972
7913
30321
10428
30497
27728
31517
5468
32158
16141
28300
7509
20253
23952
27719
24993
28163
20664
26999
4944
21876
15409
31729
11899
6257
4352
4719
24954
31811
20060
544
29782
4637
17600
3428
17537
5117
3902
18384
10437
2259
14102
31609
20859
29669
13703
29551
30973
4978
18405
20359
30814
29333
18924
17758
5208
21101
2644
29338
5765
11899
19877
9331
1746
24651
29517
14451
6450
9815
28912
31353
9103
4648
6143
9220
12294
8638
22924
24750
32595
2098
31837
31735
3978
27034
31039
7236
31497
3629
29084
12072
17322
20648
29776
27361
24125
19440
1209
2342
4661
3064
6157
7968
417
17893
31985
14006
27998
23408
24903
3341
2443
11660
27207
6735
30270
585
4817
18092
12405
505
17409
28831
3920
3985
23557
10355
8573
82
5931
17669
32499
30376
3902
13771
25315
25682
17683
13845
8683
30659
26719
17811
20622
30920
20939
2584
11745
22636
25419
32413
9862
30745
17067
5001
990
27647
8811
9264
7035
15545
3276
26009
4820
27694
25899
12932
2877
16822
5006
22699
18966
8575
3709
19273
12610
29486
14099
24281
7131
23497
15188
29216
29475
20180
29377
10349
4030
15034
26922
6432
15135
21615
3012
6249
25921
18004
11387
32082
25239
18011
20361
2304
17989
22379
30536
21301
11408
14854
25156
24602
2451
20521
28565
17212
20532
30835
7532
29652
1367
9354
21995
13899
4946
11963
32314
16125
29088
13024
31703
29246
29913
28295
9261
26010
23265
27728
19049
1633
26464
32407
24457
2404
9331
19795
22709
2041
7074
31550
20435
28229
6929
9783
4694
7866
23290
18148
4694
28382
5978
13211
28134
24910
29163
19075
162
16643
12371
1782
13191
469
10907
1578
32520
2621
32226
16145
21341
19039
22355
29053
23327
17480
27476
4232
19474
26996
27904
11315
14914
29075
6616
7757
8529
3724
11701
32407
6159
8643
21250
8741
25163
22168
25383
10759
21737
17968
2888
25897
16437
2167
10544
2424
21623
22117
29832
2118
13512
8577
18509
496
11299
17572
8321
7358
14527
12800
8224
17162
24988
16992
13141
3237
2652
2481
8686
22390
14677
21698
9742
21348
996
13384
23329
1399
5380
14629
6421
1593
543
17898
4040
32611
25124
6554
14012
11445
23257
30641
25874
25638
6259
4452
9654
26941
25444
5163
7127
4031
18548
381
2970
29066
1811
13274
23311
15297
14829
13583
8036
22313
28096
18870
2648
28627
6762
22012
19443
8188
12871
32679
15476
16945
15289
12631
25228
11959
10504
25355
10697
26665
25197
19432
23893
31587
13929
24886
15072
5791
9307
18092
12763
7134
13650
5101
8935
12938
22304
4946
13197
7257
28080
24042
2607
20852
3737
30911
1598
10201
6898
22363
18606
2557
11113
26507
8359
182
655
2659
12414
5209
31094
7810
24291
18719
6782
32664
26716
15054
24172
7973
9458
7061
16316
6787
22057
6711
6201
29222
4406
29548
31946
17955
6509
12932
2959
15343
16121
25933
24620
29033
5583
18231
8805
8475
6373
10166
25324
23485
3486
4072
14966
31483
15241
27512
24340
12665
19532
14530
9153
23571
26587
1079
5687
30825
24814
13059
12040
25755
1457
24814
18409
19537
26813
21888
19537
26367
13895
21609
22595
27495
27031
19744
14695
23647
30396
11721
1632
4820
15487
23900
16474
10511
21141
8452
13026
11063
2073
28869
1531
12567
9785
32610
13934
17698
19247
31102
26721
15540
29043
16385
18475
26011
30510
8637
28007
11478
14834
22610
29767
8860
6825
19534
16684
32673
32204
25753
8819
3988
7126
25873
17553
9452
13815
8305
11362
31204
780
375
11198
8900
26831
12102
1102
30051
21835
20745
11421
2538
19604
13529
27506
14554
32436
24033
15710
14929
31208
15807
14481
19081
19725
7470
25329
30625
11861
30690
11886
31904
31294
20404
3983
19895
7877
15103
25169
14790
18134
12874
4402
17698
23048
24871
12937
8598
9351
32346
4120
26535
15185
28478
19684
29980
28838
14949
7493
5310
27833
3455
17721
21341
16044
23165
20733
9747
31163
20470
15327
17869
12984
12489
31054
25606
29111
20228
5171
7382
27658
11780
22660
18988
6768
4062
15125
7255
32649
29182
29618
7116
12941
15630
32108
30755
574
11290
28976
18530
17435
12017
28318
8318
9175
19406
1815
8223
1801
17463
24344
24228
22821
294
31175
22631
21419
2663
25292
16706
5790
3393
10850
24658
9528
13912
26542
22778
6876
25298
13647
1323
11340
27833
23606
17635
18716
5792
8376
26356
29031
23178
26081
3847
5056
8199
6924
15584
1899
7584
10160
22756
30414
26997
18813
27096
20002
32037
6312
22507
622
12526
9859
24823
17590
29206
27216
8708
30063
14473
28759
23054
27703
32707
32566
18952
26563
18160
10105
22048
14873
23634
29034
19525
1279
30692
7466
29670
6835
26941
10497
19197
22236
23734
4595
5197
961
31695
660
6887
8121
27855
25629
20211
5858
30123
1470
8109
17686
17961
20022
13998
21531
11589
11170
30829
18970
15828
13714
28165
23635
9831
13666
31801
23054
16498
2248
2997
17365
6830
4777
1686
25312
699
11825
20269
29905
21002
22562
5120
16290
506
620
9490
8667
19265
17919
11877
29448
21646
26333
31676
18538
13421
24179
10661
29165
19050
24617
26551
17242
13177
3128
12313
32206
23957
17595
6212
28011
32424
22794
7945
3917
29355
31555
7125
21439
17678
13353
13108
20655
26970
18738
29844
30816
26389
18651
1356
10335
31974
12607
31964
9400
32505
25832
22134
21353
29861
25061
7102
19479
14668
28444
11471
4096
9347
13282
18814
32305
32115
28105
16354
22521
15743
14521
25620
27037
26152
7491
13619
11085
28205
22833
21419
28247
2550
5730
11447
27291
21298
981
32549
16447
5056
1283
7514
16804
14283
27506
4245
6552
11066
28295
376
8653
9799
21916
2500
32137
11629
2130
21348
19616
18568
31016
10413
2720
13624
7757
23012
28235
6278
27827
7168
23882
29642
2405
17586
18463
24780
9498
1955
604
22825
13834
6397
27410
3320
1024
22828
31117
3246
15025
28134
574
19007
30284
27752
18425
13702
32338
30979
11617
30695
8872
32728
6816
4915
28395
27360
27483
26571
10243
31023
30948
26121
18427
7033
5298
28379
27663
31189
1807
10161
26887
1729
26129
17818
31172
17254
22731
5033
15385
6430
6852
14494
28636
27700
21417
32706
11324
19435
5950
10515
32596
25537
8602
1185
11265
4596
9108
23864
31217
18246
13177
30271
19453
5117
13824
8416
28857
1583
21375
11370
24905
15676
19806
13811
25206
22172
18380
6977
15361
6107
23474
5355
31286
31201
1253
15291
28101
31095
16544
32087
24014
20743
28721
17440
8251
32675
21490
22107
3154
16713
12923
12431
31626
23654
22
24365
19614
26776
6772
7030
7393
29368
27806
12186
11217
8728
3885
26141
7406
17161
14526
2175
3021
23201
4769
12572
9832
10171
17873
29777
16824
13630
21545
9440
7302
24995
4564
14230
17534
32689
21254
2603
20869
29835
8681
4457
27468
30445
4315
12944
19749
21427
31958
19450
15382
23451
21551
12539
9004
24139
13700
7435
18962
22166
31472
25127
23010
11259
1408
22132
9275
11630
23787
17702
24724
10588
30589
26272
21456
18153
15957
9180
5650
1148
8656
10510
27346
32637
21061
2948
24369
26973
28915
1745
8841
19927
19767
5418
19785
3702
515
26384
2560
14168
1931
32304
21687
4401
3393
28551
17540
5266
12292
4297
4956
8812
24724
5380
22569
9680
3658
23680
10012
760
27142
31723
3141
30603
21864
16050
5217
20509
21059
10418
22515
5877
1614
15120
15510
8212
10013
101
24721
5747
25168
9247
25772
28299
5643
6436
2114
25114
28070
5048
19352
22821
13989
23200
3181
25657
490
13191
20690
11255
25897
28322
13372
31184
28829
21904
10968
15884
11513
388
3870
14097
13730
23717
11689
7650
17179
21173
17222
31718
14784
29937
8523
3563
4280
5433
27690
22634
9509
7281
10309
20748
19869
8231
2308
16750
16862
31606
13861
18209
10941
28458
31572
5366
28256
3364
5628
22904
3245
29441
5468
28345
8194
6134
221
14162
22055
12798
14499
19621
30081
30264
17506
25189
17032
14474
1139
857
22907
11915
31015
2908
20562
22944
5211
681
13556
23653
18764
15957
15274
16206
20141
27165
12755
26766
18167
24418
2266
19255
17153
28018
3430
4515
21200
30473
7888
18196
6320
2328
31450
17559
4739
20164
29086
25902
3418
1714
5572
17709
30530
23938
15608
4325
865
20889
25755
9856
21569
1060
20153
3884
8299
7001
27452
4988
1336
6656
24927
28426
31716
20531
19813
26466
9444
18786
1674
18971
23929
23450
314
5703
21382
15366
8577
21774
2975
15542
4547
26005
3426
6047
29101
16421
10762
27363
29035
29833
4417
19027
11547
26551
10294
2610
23682
5299
22256
10044
11006
21681
16354
28647
19388
29306
5567
21225
7723
3344
911
30458
30385
3477
23299
32731
24476
13417
32005
9367
26203
403
12436
31497
18670
31842
23503
7326
6043
7763
21327
2141
7907
25910
13242
26148
11700
20621
31125
3892
3040
20021
19290
32751
13518
23112
10699
5857
10864
22081
31365
17662
29812
23393
8408
4906
8127
3154
6358
8447
21015
10763
18602
202
17951
28659
31788
5334
17289
31561
16050
20974
26503
16835
1832
2845
20866
23413
27235
10936
2063
9205
18354
31902
10783
30397
9142
28095
16501
2768
9588
25819
17246
12705
27049
6284
10396
32048
8285
1671
3491
4470
10427
28703
21000
9475
7968
11
13878
29926
4466
32104
21091
12237
19891
12290
31170
7277
32470
22991
24058
32548
3025
27068
1752
733
27891
19372
29248
10549
27512
31166
28778
1500
32603
13007
4171
18749
16235
31297
12368
24161
6049
17658
1874
8208
14769
30639
14791
26938
31711
6754
20277
1174
6676
25897
7149
16265
3377
2610
29429
9289
27811
24836
13382
8002
3640
22279
2871
5049
22576
18759
28986
9135
31128
11125
18630
12040
31955
8239
9364
19948
26746
26240
3854
19054
25190
16555
26117
23915
2314
14372
7842
12981
30470
25312
1439
30833
9466
3534
20406
32190
7576
28838
3674
9368
14334
20193
23718
11003
19522
10760
22675
3915
5710
26930
15469
5107
15086
6601
11400
9805
8999
11660
3375
11458
8651
23002
29917
50
5962
31789
3760
5269
1995
10213
282
5347
22395
16711
11482
30258
8485
18885
22570
17950
23300
16767
6714
14446
15829
16907
6878
14325
8751
13937
31363
32437
18455
21626
30312
31051
15568
15147
7435
31111
21232
23180
9953
31834
24761
2222
18249
1781
14501
26603
2499
24367
4163
624
3933
8999
18754
16121
16495
1067
20683
4828
18056
10457
2325
5449
25256
31364
28979
22480
29616
25050
32560
10275
16662
14019
24669
7966
24029
26508
5098
8452
14277
6980
5044
13068
9919
21350
32606
18972
4259
20665
32163
30420
29989
16245
18410
4814
30214
28327
5147
21284
12167
5846
20658
25651
29987
29671
26386
29343
18045
13886
30747
17816
4248
3878
18174
20059
3910
23667
18000
20731
25315
14182
31582
2657
11842
27344
11201
30609
20712
5242
2354
8752
4472
30149
20383
5699
19567
14222
2430
25914
31505
9556
28257
23085
9892
9117
4042
17253
7131
26005
18497
29982
29333
9721
8357
27019
15816
26419
8128
8731
30647
32455
14365
11771
32364
28653
18462
31196
13410
22911
24649
19702
6530
31510
17379
5965
28752
5489
22464
30003
17255
10774
29529
3086
24355
24123
18463
9307
5021
1254
21263
9459
21212
5204
3207
21389
32585
2712
19032
32389
32356
1412
2076
29660
25526
4556
2506
27007
18438
30057
3207
15052
8400
31036
31167
8018
11251
30196
20597
16088
17322
10289
14551
18081
11965
4073
30230
25583
16633
24332
10868
18374
24541
15203
8607
6130
16278
22462
5437
29004
27694
10318
8136
24376
29440
13904
20892
27762
16495
22251
7246
12555
1495
18780
2112
430
15300
80
26738
9256
5218
6801
155
11559
29237
20197
20857
27458
14090
20276
32613
826
32558
26344
1834
8576
7389
22681
13591
25847
26621
16106
4691
26362
13837
29870
15473
1185
3672
18512
23364
19776
28270
32369
10485
14897
13012
26578
16466
5076
30715
3701
9577
10195
1903
15871
15446
13483
9553
27489
8793
11880
20999
16311
7468
16559
21554
19056
5267
12802
7904
7856
18996
3136
26628
24562
17321
11883
803
498
6868
11182
21583
16330
10354
7071
28505
3675
15603
16321
14147
3566
23434
8781
4596
16155
11136
4658
1071
32491
5069
8282
18886
3641
13545
559
15883
10334
13536
32094
10376
27917
4517
16602
16880
8571
28072
20261
1365
3267
2730
24011
8602
29578
26320
20015
7980
30430
12279
9097
3565
23140
328
6704
20337
30131
7948
17429
20845
21755
9409
20112
19564
19690
22893
21856
23236
1488
7730
26349
31689
16897
11043
7631
22336
25467
3670
29588
21783
29896
8506
12478
23891
14630
26667
7692
21577
2022
4164
23291
10001
30482
32629
32139
31800
6482
10965
24390
23733
21264
10041
15231
26910
2779
10245
728
28444
14601
24642
2055
29469
6817
31217
27097
584
2936
6047
24182
24758
19353
5178
17384
26591
13290
29987
6615
10578
7693
17028
18582
10666
901
14820
22884
18365
6170
3833
1003
9238
25470
11965
13581
7334
7728
14532
29408
12470
21921
8908
16887
24864
7062
14998
28644
24767
17613
31220
26362
10532
31459
24868
28504
18314
9589
19292
291
30220
28294
29094
3090
21782
26144
4078
22576
22810
2366
24665
25565
16516
12266
24793
25366
9711
9891
5887
17399
665
30465
17936
23678
13588
9116
19290
9618
24639
23337
5320
10052
13941
26342
26037
31316
1284
22585
24062
759
5089
14739
30555
18647
11674
18075
27887
4188
25483
28553
16669
6442
25173
11215
21918
9707
27276
24575
18896
12622
16816
23273
4945
29775
12127
11779
1229
8634
23240
25871
14100
31466
7267
24823
2160
8663
6112
23036
9781
19536
12893
19727
21657
15492
14555
22655
26822
8903
19187
19413
10542
19603
24005
28413
2079
17613
27442
17574
27799
18762
8523
19434
32089
14738
9736
1330
8768
25316
17214
15956
12244
19834
3787
27135
28955
28429
25363
1625
946
26268
15281
22246
14875
9578
19046
30124
30809
10566
22613
32661
16058
11278
18291
24596
22261
27766
18489
11
22388
29702
6044
23533
28915
32354
22846
17696
14922
26062
25062
21157
28295
14577
1582
17658
20800
24025
16763
24895
11560
26176
18738
1945
8415
30990
24617
2260
11791
29983
32348
32588
16052
12613
8418
12045
5307
32145
22047
12601
22479
18894
23098
28330
13680
5455
22481
11737
18245
3051
8428
14334
13235
29765
29744
22905
15534
21329
8790
16753
12495
26899
10203
1211
29351
27306
3832
18429
2644
7566
11732
21779
30033
14358
5369
8113
10387
11069
16900
32074
30929
14757
27297
5169
23843
32732
29623
17919
16334
20959
26848
6452
20830
4572
2076
26145
4598
25660
13766
19205
1253
25825
27847
11126
17017
16812
32521
16130
23576
24131
14895
29463
18060
25873
17539
9248
16031
27022
17967
29169
23528
32704
12977
13157
17892
27906
18057
19781
16201
22020
3380
28780
31638
3603
862
809
29423
27546
10580
14821
10280
17897
6584
8966
5408
54
30840
10771
12624
17889
19968
22040
18083
23549
8879
18252
2184
11275
28296
14321
8518
27656
12587
1148
10641
1963
17923
32502
15962
12008
18624
4514
10475
11704
7688
29920
19762
28956
29801
31825
21085
23903
20883
16188
14760
22940
32708
8240
22387
13441
28547
30699
25240
18002
24977
26491
3579
29745
27933
5539
24675
30876
13879
23424
16008
5431
26759
9324
23405
4556
19007
1315
751
11408
31566
20005
29342
24488
13527
7515
13517
8171
7393
13052
12773
30954
592
3506
27647
10797
5396
4601
6321
10688
28320
16584
3367
12271
32413
16756
12406
12365
12256
17105
26670
25595
22938
30618
13102
18726
20687
12819
26301
15314
11786
25324
16854
3030
6990
32617
19138
13352
15951
4800
10989
5979
4834
32451
31986
25958
18867
12222
16632
3751
32566
18339
27457
26664
24288
1124
16640
25888
1686
26017
30571
2493
15974
21891
18706
31520
22645
22760
30063
20650
19768
2752
24254
2678
26599
26294
14863
20774
5935
10004
1433
25315
13864
14816
14673
20895
24966
4427
26043
30365
11539
21325
13568
16180
19805
11401
578
14032
2475
19062
31532
29241
2614
16576
32717
16408
22166
24044
13478
17079
6267
13116
31489
22280
30365
21458
17285
27881
7158
3863
28424
13478
16174
10846
12708
17855
15959
24005
11277
8940
8922
6236
12065
16223
8625
20362
24001
26953
27607
23980
8416
15775
25341
13310
8665
2334
1663
25535
16134
14989
11414
17040
11918
19010
23503
11806
17278
15079
22716
13056
2332
6014
15337
6883
10360
4771
9233
9700
19523
11025
22674
29501
30436
31080
28703
23844
32457
2862
20405
19440
9467
28435
5584
17534
31222
22137
17886
13779
1207
28723
18420
18946
24598
24717
4288
15952
16982
31373
1471
1687
8955
7801
29103
16360
29403
24985
7496
13940
6776
25406
24615
685
12941
29444
15883
424
10983
27731
25667
11462
21366
27436
7015
5267
31652
15906
327
750
7141
14758
7969
2155
15760
20616
12311
30965
5357
5563
11231
7096
399
2905
27069
4670
26852
25318
28590
15063
7946
4825
16870
4671
20964
25944
18045
22651
10862
25668
4454
32004
6221
18037
11424
5671
31659
16967
12464
26540
8513
26965
16718
15542
17589
29060
16991
6378
3367
3908
22819
1235
14343
17682
3504
31109
26153
19521
8351
12161
16155
31483
26885
21721
24246
19331
20133
28309
16627
26812
13411
26964
8192
25583
26364
7479
30867
30665
25589
18682
10367
31907
3281
18532
23429
29191
6791
2530
14956
16751
25907
1903
4179
7759
21516
18102
23111
10070
2454
9339
29969
11505
8217
28471
23889
16658
2641
5378
13777
29743
27751
26806
2067
25485
288
16978
29484
31934
24405
32412
15573
6761
13219
8715
30912
24137
16995
8931
14888
27768
17884
7842
940
27630
31928
32411
26973
28740
31925
20449
6422
12478
7581
21094
15628
12425
4216
868
27813
15425
30464
9980
8078
24759
3925
5406
22280
16112
18418
19880
29058
24945
20448
6098
23661
30393
30505
12489
6220
5392
29584
19866
17162
27519
23935
29778
7313
1056
31041
28771
14744
31640
8305
26186
22716
20961
24499
19055
3539
14413
7330
16205
14205
199
22537
7890
29435
4700
24661
13065
581
1787
2122
25078
22614
22137
13814
20674
16331
13016
24035
16920
20396
31177
16017
13262
8842
24431
28707
32712
970
13926
7257
1049
1856
30980
29374
5740
16128
30687
11555
18083
880
20879
14411
13501
418
6069
21736
32253
993
17724
17606
1352
10378
27102
22599
6864
31518
12010
28687
18159
9108
6469
18176
15445
8180
11439
6249
13670
15393
21576
30330
16606
15350
13395
25852
16823
27541
18745
3135
9804
2556
30673
6227
6846
16858
29406
6266
14999
9376
6618
29406
1453
23514
13554
16512
7242
1216
12881
9585
1673
27144
18593
31044
2819
4095
8911
21443
22699
18136
30991
20961
2039
14148
15137
9968
14145
7491
12242
19988
18028
9529
11717
28664
30154
8004
20851
20671
27709
31949
21617
23102
26781
19549
27122
5736
8794
10162
17548
11785
7523
18451
10559
16312
30022
13536
13235
8966
25496
16493
12225
27644
1431
18192
11317
17093
9486
25721
10962
25511
2169
4930
4503
23352
3690
27335
16705
21198
6187
28472
29969
311
1957
10221
20431
5034
21632
28665
14863
8958
31884
13569
30131
2330
21344
6223
2737
10925
30017
9762
28951
2335
24901
5960
7244
12487
32439
20719
19352
22366
4542
5817
17382
16051
25402
8974
22217
12193
8175
6582
23230
8510
13029
2215
30897
24662
7950
27419
29378
19224
7210
25318
18504
29966
31464
7175
23318
18259
5198
3709
31230
28928
18522
4700
29844
15335
20458
31263
7220
6532
26073
10048
22087
31792
2923
19718
9153
20632
27627
21919
16878
11118
9106
7534
18543
32606
28075
30886
26752
28484
32245
14104
12668
4252
2377
6729
32418
12857
16764
29128
29209
31547
18567
20926
8498
30267
24293
6087
21998
23752
20797
12800
2496
14103
26945
23650
32147
9206
26070
18510
4879
23810
15989
25192
19224
19226
13777
10921
3480
16147
32698
21168
7807
8877
32321
5721
25608
13766
23069
657
25149
11214
31309
7785
4029
15739
7935
10857
26557
702
9137
27174
23885
10485
11414
11286
5084
22882
17211
932
255
25564
9834
27008
23406
452
20815
13881
31567
17723
32217
11021
4024
2194
9827
32000
19823
29186
19092
5675
31476
24478
31619
343
32193
20357
29471
13258
19664
6236
15055
10593
27742
1532
9557
1759
22255
11879
8184
13957
30610
4865
7906
13027
6502
25085
10439
29677
28765
27669
17863
12881
8000
8830
21910
29960
24307
12571
4314
7467
11003
2289
14804
25609
5949
28379
16451
32630
13064
25214
23685
24678
7510
29056
26112
16314
11855
19189
26816
27993
23055
10010
15969
5507
12457
22342
11824
28770
8044
4637
22669
4066
22373
20487
29076
16323
32036
19425
3836
11245
1475
31730
3390
16643
25893
5920
20474
31546
29052
31331
24983
5996
8206
635
13867
23144
32568
11742
5530
25229
4531
6901
28929
14231
28438
13959
10069
3256
19868
11894
32071
26859
22824
31913
19563
10629
31622
7753
11674
4876
31220
19248
8853
25677
3041
16798
746
8105
20212
31278
12316
32432
15440
22537
21758
17393
791
10586
13408
24335
27692
3074
19181
5912
11070
2700
18516
12051
16642
1379
9126
14552
21183
15426
20223
2597
6928
3053
20073
2029
22502
13343
13821
15347
22988
14787
21324
26776
6255
14694
1533
3825
28765
15853
2999
6941
28173
28547
17217
10966
18976
11990
10983
8773
31462
28803
7712
795
32548
27854
5743
14813
17940
30615
29575
21887
22702
5258
3762
23861
10278
7061
7539
14470
9654
415
10090
23970
1949
6519
4985
14837
24424
24842
4133
2300
25968
11994
23359
3416
7588
21419
11459
24609
14728
1151
18688
19068
23422
8389
32249
23920
8005
10446
4108
15349
3007
30848
22993
19278
20983
6734
9029
15769
32098
18024
29736
10917
31077
25134
26019
11011
4120
5099
14126
10592
17994
16064
10929
24082
14533
31454
27625
10480
24274
24056
1806
15719
22016
10233
12979
21706
6946
10226
28909
23274
21655
27990
19383
18663
4558
6505
12437
8773
9224
25846
12152
18498
29792
11840
8418
5991
31497
9020
30538
862
15320
23549
16322
9475
27650
31088
5591
28349
9510
7241
3769
31503
18830
18493
24476
10602
32178
1906
17245
32070
23293
25140
25449
29553
16340
32489
18395
16806
24789
32327
4836
13409
32604
26564
2928
7922
26956
14926
15110
4560
9740
30013
8944
19249
29903
11654
19613
5591
25
817
14659
2605
27263
2829
29896
26002
6318
162
20451
27637
23726
21607
1407
1954
26216
27189
20320
7003
7526
7164
11784
15019
18395
21685
26588
15479
8931
22423
899
23510
20491
1934
16783
23331
15380
17129
22879
23888
25332
10066
32067
27004
5406
20996
27106
19656
8707
28728
1241
20071
3033
13280
20133
27125
10395
152
11203
1034
21585
25818
18709
19726
6289
13169
8072
17999
27974
20784
23284
7504
30384
2787
10308
20837
25772
1926
11990
22396
22326
10933
14629
12350
27692
31588
20645
9303
23124
25296
20718
6929
15777
22453
13853
16168
30898
18882
10871
26074
20380
24906
5968
27709
8169
26428
15660
32469
23009
26965
5923
32614
7944
28308
3466
32007
10727
20463
15311
29304
25359
2372
19877
16053
18268
5778
14177
3019
887
12649
19876
6123
26782
671
59
5309
7848
7237
15427
4342
14147
20441
14737
8237
1665
13501
14161
13547
25747
29416
27628
24833
15572
9692
11312
28702
3593
27608
3499
4256
16358
30030
2135
32427
29141
10391
23421
25976
9972
11750
14803
27376
29532
30587
231
6522
3753
6681
32705
7185
28599
2489
4292
153
21929
3712
2774
29811
25136
1519
19905
12111
10506
17498
28120
65
22728
10907
17117
12568
24789
17415
24098
13291
14516
161
11247
20212
11401
24462
17444
15009
21211
7625
11807
26089
3992
15640
7136
21725
18521
30527
24683
19839
11752
29043
9582
18134
16128
17425
9252
20034
26707
10896
25977
22286
26065
28597
19823
10308
18728
27141
30144
23749
18823
7296
7109
10648
16552
20364
9622
24195
30989
13872
627
21720
12682
29570
27235
16530
31235
5219
16666
6048
19831
20841
8224
897
3389
11549
19504
4369
16782
16999
6623
4771
17220
22342
1406
26703
13025
1988
576
8846
24787
7466
17568
13060
2807
25968
3069
8092
4955
7927
12167
27610
5192
19579
29279
11373
30080
1347
25338
30980
26308
5530
18887
12387
25497
899
27409
17078
9292
19369
8230
30245
8244
27285
3001
22952
1335
1571
28037
23069
18575
19255
22835
11672
13518
21420
21630
2298
6432
10381
8341
21445
32209
13448
12992
20014
527
15007
8263
23924
18160
9505
400
29297
2999
16601
4231
15983
24403
14469
1602
10812
2856
25738
31718
17281
6930
17125
21188
5199
9895
11109
26568
6395
16317
5143
5652
18476
10797
31234
19688
24882
16598
16917
15557
29849
11236
9822
24530
23294
19538
893
24958
3618
173
6743
10599
6205
10011
6671
3451
3477
157
1586
28508
17486
22929
19761
18697
16004
7035
8981
27836
31383
11268
29806
31758
7622
15683
1420
23137
11520
29500
4594
7807
18422
678
8
18303
6773
11506
32016
14569
30707
15752
5467
16922
21864
27732
7357
13545
5471
18817
31550
20362
23116
5764
12818
32179
21280
12381
11468
13566
13851
28441
13006
28815
24033
7836
3332
4086
15569
29853
13266
7510
6802
10226
6474
16071
20462
3342
25507
22266
29924
23496
11238
6428
13560
606
5355
5116
15822
10681
20100
30831
31735
20210
22776
7924
6667
5654
7347
4244
30200
14886
10811
5900
153
15970
13926
6190
15243
17607
9931
16517
18748
11735
17014
16696
17220
26008
23264
9520
19193
479
286
381
2109
5582
7000
1270
2715
24220
28285
11040
16531
11668
28725
5714
31025
13153
29975
21782
9189
4232
3869
5841
17038
20278
12372
5031
16856
10812
26072
11161
11208
17752
16128
240
26773
15030
13526
4575
442
8630
9674
5476
6985
29424
14759
8047
6018
28022
16837
20550
6308
24920
27009
4904
21763
878
19178
12336
29019
11857
15293
13693
21860
13483
26260
31632
11942
10417
1114
18677
5519
15597
18946
22822
2243
8769
24184
19116
12979
1833
27864
14471
11633
7232
9951
720
14531
16902
19359
2717
5750
17376
1654
25893
244
17504
14912
18981
28697
16071
3276
16770
8259
16840
18061
21551
4008
18319
23186
17489
26093
20226
10936
4257
31220
6727
23583
18194
27125
13958
20442
27317
31184
12528
5099
28889
11169
7424
24686
6518
18069
20480
29972
9932
16381
30160
27347
14407
15009
25315
19932
19622
4183
18314
5070
12124
6612
10357
16937
21814
10433
16502
22789
27711
26642
12169
22020
8929
5779
6930
25477
27212
20419
9061
2074
14364
22246
21131
27197
2869
6230
26692
31806
14322
21786
10056
9344
16256
11449
2002
13797
13956
31056
29535
19591
32516
12771
28083
25257
22916
18161
20254
12781
4463
11595
29693
13511
18617
2854
1411
23601
9923
15214
16314
19872
28287
7005
22724
15671
16340
22093
28007
14395
2116
9162
5833
29640
26316
11244
3447
29634
1803
1507
32172
7693
14247
1236
28881
3585
16365
18148
28736
15384
14519
14994
17741
19946
27795
3657
31367
8796
801
15925
571
28180
31677
13399
9786
31792
15198
11988
9436
26423
12734
24723
8005
24143
22972
6
15591
19121
6398
14408
10312
26971
17114
12393
18694
11524
17015
7430
24344
31829
12335
4124
25430
8278
22072
31517
20796
30503
26756
5956
15851
16112
29669
10278
24688
3354
18549
19595
28489
17856
25397
20859
30501
10080
6900
15260
3820
16087
5235
31419
3327
22412
16838
31656
8641
15339
28925
3143
31574
23061
11780
17892
22187
8405
31688
29127
8630
10455
10395
7176
4863
32276
16858
18597
23135
7569
27341
32466
20231
31561
6862
7824
16069
9319
1710
13441
17027
20921
14676
16379
15377
32354
8103
8027
24868
22223
2991
5788
30622
5100
29430
9256
9999
5783
27701
6125
892
22357
12332
8372
13664
32323
8658
17326
25329
14160
8622
29264
16036
5802
12421
12897
24307
8566
9525
3154
17246
20164
31201
13261
10928
5314
29774
7824
7811
22063
11661
32124
22534
17427
15579
19433
25086
1966
2501
26941
7179
18606
2448
28861
813
25509
27607
17315
25478
25785
31350
31088
22370
6814
12455
10883
14196
21953
19819
18667
24674
10182
25900
31610
29061
14133
13984
12058
26858
31600
18160
21092
16540
29929
2330
28527
28965
13713
5268
6118
32082
19860
12082
22366
27447
28739
11849
8166
20083
25937
29461
25823
18357
6723
1624
22542
7551
26658
5956
31983
21034
24947
24987
1612
23339
15465
16149
12815
23956
11608
26626
5973
5086
17773
10032
6851
16613
10653
1295
32029
21556
13787
11795
14356
9091
24718
6234
7520
23934
29250
11407
27663
6600
26013
30222
20509
10816
917
7752
68
4483
4065
14185
28181
17074
6573
6713
15432
3701
17554
23360
28497
24895
7621
6958
3124
14036
20879
13946
6553
26377
21757
6216
14115
12235
22488
13456
16126
8291
4823
28029
9655
18936
17940
26643
3153
22870
31677
5141
14485
32238
25356
27430
26537
16925
22393
11054
12004
14513
26670
4095
24289
9129
29627
20537
7378
30780
11275
24938
9751
25629
5782
18298
29200
14334
23769
29511
9775
23379
259
29836
4177
11608
19186
775
6990
30549
349
8923
29134
21536
17235
26675
17247
12516
5604
7720
24517
19234
31262
21733
7313
20469
7995
6920
14582
154
1304
26188
13271
47
8937
28517
18468
11963
26156
1324
871
13679
7643
6908
10906
10284
9702
5724
24892
24645
26336
8158
18084
29829
32248
31559
32148
29300
8492
10991
21009
15574
5049
25195
29042
13173
16086
3178
26808
2080
17057
26589
23837
25844
4954
91
13040
18394
30415
1475
5791
14161
30231
18211
7190
13422
6019
21720
26695
3616
29906
3575
6410
31161
420
7404
24360
5290
5682
10081
32434
13198
4667
13666
10648
8811
11330
5054
26742
14900
16630
13744
1457
28562
14066
22974
11971
16099
19110
30178
16339
6532
22165
12008
28041
14411
27586
24343
16672
30552
20068
28691
6845
7950
10977
3074
11775
15964
5882
27118
11479
31297
13123
14698
5274
30351
215
29049
20820
15343
16201
1707
11104
16165
26334
19593
13109
28053
4857
1587
8067
25350
28886
27208
20863
11431
1659
7686
29562
15695
26092
27571
26041
30473
8351
14395
28033
28112
3887
31770
23153
18327
16724
17276
5653
23949
10771
31139
20919
670
23602
906
18040
4925
27375
28104
15264
12897
17138
12726
18227
22477
3967
21972
31941
5013
32752
28009
32398
10974
355
15210
9409
29157
16560
31901
12058
1859
2206
7422
13494
21615
20566
23650
17960
30596
3607
9818
30153
31300
8748
8538
14927
31325
28187
14619
24482
9964
27680
10301
31211
14144
23257
17713
3821
16096
20803
5718
27032
719
20197
29026
19419
13326
7243
10756
29371
13155
4022
5064
8354
16985
2578
23354
8697
17800
16424
31310
32760
31766
9237
19455
21949
20606
763
823
31644
9872
10998
2287
31927
19130
11602
1431
2766
26245
4347
6584
25688
7778
2356
2520
24786
15527
1164
24990
5975
3541
10254
21046
21361
21020
2745
20471
19503
26657
17712
13123
20855
5374
10674
24751
25502
3466
14411
15460
26934
9436
9036
27846
30503
17418
30714
12371
24322
3894
16259
19149
30609
23500
11318
19867
21427
23557
9970
16237
23398
9136
20703
26399
31526
27185
19805
15840
23926
11722
26682
19603
25276
7193
27688
30837
19281
25570
15726
768
18393
21519
3293
16656
25552
27637
14086
19781
32358
16601
9130
14760
17805
23731
14706
1169
26448
31281
14816
21704
28006
16895
6534
16618
30471
27974
10358
9742
17662
29043
7929
20905
19456
6457
25220
687
16700
11993
5863
1531
21811
7073
20424
29169
4298
8370
30288
17762
2205
3335
14116
28079
23191
5299
3223
30770
10688
11626
14622
29401
3157
5187
17924
16404
8222
24764
23134
25074
14588
18687
32322
135
24002
31588
7732
12176
1861
12598
25313
14170
21943
24250
12560
25823
12336
9325
26069
9522
654
25998
8967
28702
3455
10204
16373
17930
31964
8353
12885
17696
14393
4847
893
6575
8634
25386
9686
19917
14120
966
16013
15424
18755
8018
14219
10911
15706
9142
11688
20148
3354
4793
3867
17189
30884
15302
32309
12115
7906
17135
19536
9859
28698
6450
8450
572
11971
18939
8598
15343
29336
16875
11452
2526
25068
29400
32383
17206
5437
30997
20600
20350
22795
9715
19009
9525
16874
4999
22061
7095
18135
9646
11830
5217
21960
7247
13623
16117
5767
6880
28764
32064
20415
18732
13526
10746
8791
29011
24019
18157
3840
16146
7853
22106
31242
1092
17761
25496
8572
9897
324
32510
14691
6887
497
12547
8810
4302
646
10404
28331
13536
5392
10502
10437
11025
16963
31325
4399
9931
20847
25100
17868
17461
19631
26126
1983
1717
5476
24468
4992
8372
7393
8431
16175
26785
5480
12977
21289
7992
12118
27663
20698
27396
13978
27274
7122
11554
9323
11471
14618
4937
31035
21723
6344
2823
29414
21858
7633
31309
29488
3698
22559
24878
10862
7508
9443
18660
23171
25523
10541
9236
17934
2559
23226
1107
8162
276
2828
18664
3767
18199
10432
10963
6431
29601
11037
18959
3515
20256
23529
8213
15278
31098
29568
31649
3922
25587
15143
27064
26410
8784
10653
12266
13592
22332
11763
15317
16336
16364
7326
11242
6285
8959
29387
21876
6403
9896
25586
27605
32148
21006
26030
11539
28614
15859
11724
14228
5365
14484
22177
27942
30021
24785
7585
1859
20187
31886
28718
16530
10573
3673
15022
14256
15702
28237
11744
28465
1231
27190
28272
3810
1754
12534
25289
19025
13409
3367
4906
4240
26815
13057
20476
26933
25276
9598
4707
8869
18879
30397
19219
13715
4927
26532
4965
451
23675
10954
29865
18452
3179
20116
14782
1469
20982
4766
32481
5335
21093
11356
29635
13852
7192
16129
990
26606
12663
2719
22792
11931
16428
5776
27721
12767
22672
23318
6378
21418
14690
11838
26062
9252
959
30730
30982
22254
27470
29134
27039
7595
14012
29915
25534
3008
9320
7259
21232
26455
1887
15996
1723
2986
12426
209
1401
16510
30758
3061
358
10989
31605
8817
9207
15209
25267
7903
9069
15614
17228
7504
22187
27095
29260
21484
15172
10500
23319
24280
8665
22907
11866
861
29858
20060
32065
11846
19530
24697
5355
12681
18176
14613
11803
1322
21963
14828
17712
3933
29725
9844
11863
14315
32172
29283
14847
19158
5757
22897
32141
28224
22849
9311
5201
12169
16357
16184
27833
27576
31333
1239
30149
5916
10209
25513
16571
10291
9714
16308
27420
10698
27198
13784
25814
14438
6730
9301
26299
28387
21904
7310
11570
1627
26066
8717
19245
11593
18861
23238
10587
23022
19825
5280
1438
7156
9776
17457
1727
12626
17173
24777
14433
25199
18679
16819
819
27018
27694
24759
30058
26969
7334
9699
28527
14064
14386
8332
2260
31461
14114
20879
16781
28082
1815
27356
21341
13146
2070
10294
14222
6736
24540
9524
13541
16788
6001
21644
2517
27167
14080
31888
1779
30593
21478
23801
11690
25545
17673
25060
10032
10917
29035
2074
10168
28618
27903
22164
4586
25750
22459
4415
28304
12532
13038
2300
3218
25473
8404
11499
23844
11501
16999
16617
24638
27299
10105
23895
13644
17580
1280
7198
9256
25296
9649
5871
12869
31999
18640
6864
6189
19184
25414
13524
11053
5896
30452
31785
3918
30845
29767
15704
17800
30907
23052
27337
27187
10247
1926
30342
14270
25954
29886
31040
8611
23984
17691
19095
7066
1561
26674
28310
24846
5552
15583
31869
20685
16978
27285
25284
12547
17617
25842
11356
28521
26706
19863
11064
12730
10484
10294
11276
19047
9651
5356
5973
25995
27019
1234
9113
545
20448
7375
31984
2933
2077
15024
1475
9944
31900
20602
5332
2456
8390
2558
21630
27439
27259
28847
10047
26555
31412
433
13683
26286
14694
27186
2146
22983
26794
24061
22141
26689
29468
15436
25829
23114
31104
30430
8749
22710
25516
28490
24161
21749
30882
16019
17479
11586
16892
6908
30692
24862
16013
20510
32322
27133
10309
32055
21105
3135
20821
3525
19404
13409
23700
8276
14717
13429
21793
20372
22340
30159
26954
4526
32628
29442
19629
8664
15934
3595
1437
10280
10801
5835
10696
5029
9730
5563
19990
23204
28553
11995
11732
5458
8205
12523
19729
9869
449
9438
6728
26360
24206
29068
21312
1614
11283
26535
12593
5878
14571
18928
8232
30680
16174
9642
1452
4208
58
3919
23202
4896
19891
6019
7278
14795
9160
3142
22875
12447
14520
23149
23613
9010
9621
9043
15189
8145
3145
23244
20084
17685
24278
346
20579
28086
11234
20132
12163
20132
5234
24611
20913
15188
20214
16415
20332
1112
23430
22746
27194
9267
19819
10251
16967
11883
19937
18061
3920
13536
15387
6233
24767
5979
3720
14514
10520
29034
22869
30367
6291
6764
7731
30110
2827
27624
18778
18071
3350
16931
32717
3343
15478
27377
8928
1182
1968
30411
11512
31395
4346
8226
19347
4150
14426
15603
23176
22622
4365
28316
9359
9860
17958
1006
3331
8488
12919
16771
1767
27859
12212
1105
32040
845
24790
29312
4129
2831
31678
11897
19556
17147
22043
16448
16056
22091
14733
10499
2398
11464
17163
21747
24217
2876
20866
24402
1133
6185
18366
23757
17830
6331
9614
8205
29724
31228
15395
11401
24630
31303
442
19358
27053
1791
18555
30689
3474
8832
23712
4788
5523
26198
19929
6167
19578
30126
26607
17601
23542
29705
7848
25200
14238
21560
28908
11901
14643
4996
1829
3763
21029
13613
4332
2145
30297
4630
9697
11694
9258
20670
11738
29997
11694
6514
5185
12209
10042
23233
19127
4195
7976
12849
24317
31505
727
19760
10261
3273
21748
22093
20132
4775
6392
17064
13467
25323
6130
5031
22
19534
25223
24811
19845
3991
13367
16003
19721
5993
7138
21343
20257
25183
3466
13319
1157
21339
16730
21901
30034
23578
999
11455
29544
13836
23479
19874
3088
7523
10240
7964
15587
17002
7345
30449
28647
25881
16310
12785
762
20198
19320
7279
24180
7901
6820
16116
24328
7155
302
25397
5867
408
13973
25923
10808
31371
13672
9474
19092
15858
13321
11228
5646
682
6833
23222
23880
15580
6836
13347
5340
22993
19207
5848
30201
28167
28159
31841
4685
2436
17499
4114
24360
9834
4485
12863
31710
26060
13589
15280
14189
3776
32151
5455
6495
949
6286
30756
29170
8711
17337
27011
13687
16337
9108
18308
9976
15363
25378
31156
5661
21684
234
6666
13392
14265
27967
10781
17696
374
24005
10387
11747
7668
31281
6877
10400
16436
18000
24354
7724
25539
27979
23160
27538
3215
21033
22362
5816
14585
2453
10327
13888
14891
8418
25351
4269
26284
22092
18243
14023
23345
9857
9877
7488
15799
21344
24558
31127
14030
18432
17303
26173
5432
32244
29546
4599
20402
18381
4930
32387
22802
9441
23984
4734
31378
587
28912
645
10348
3379
26651
21915
1191
31312
5277
2250
1072
26282
27626
5645
27180
13733
32109
25198
3469
4155
1217
22380
7395
27017
27684
11167
21621
11405
21289
7839
23185
30510
28077
11297
13856
1660
20235
31331
4989
14394
30100
1995
19336
17818
10809
23499
24822
6983
2187
16135
26603
29352
17126
16058
3018
4196
30440
32597
10060
19489
9768
8810
8911
17810
10021
17353
3313
27312
8829
20969
8542
13127
28768
17801
12774
13749
27203
31894
9683
30958
1241
15440
889
10180
17983
7849
14350
2406
27767
28397
4540
25382
22551
14760
8181
10111
3906
5061
28167
5718
27864
23795
19440
12928
20458
333
6515
12421
24433
32313
18283
17059
13887
11920
864
26134
2869
8704
16728
5527
10679
943
6127
1315
20061
21537
8874
19197
15339
31324
24201
6646
7300
28746
13531
28908
794
3678
10326
25489
8489
14970
22631
24685
1189
32273
20167
6183
29233
18313
19279
27136
12177
23267
525
31136
21090
13725
32663
21013
26376
27095
10143
14873
1001
13494
456
7571
7385
21510
18616
12385
10964
24355
28527
11861
31731
10009
4311
23677
16281
25098
32156
12200
8941
9680
23613
15397
4494
30180
3940
21198
28290
26750
22131
28486
22895
9982
23647
23422
21517
19851
10433
11390
23515
28154
10026
31842
19473
14833
14519
1442
7126
6220
998
919
19636
10687
30376
31803
7497
189
11960
22321
21567
4249
15402
26117
14206
6124
29255
16820
927
2614
15000
8559
30628
15560
7745
3740
18663
23265
31121
6686
4945
25879
3542
30422
6604
16376
25974
7529
27387
5618
15931
23876
15912
4208
28143
32478
7294
11334
29993
23357
10872
11599
13414
3260
9625
30036
30555
7435
27230
16944
19082
21623
5745
5938
20244
3692
6943
21955
206
14136
21516
18761
8854
22289
30245
10827
17640
20058
27351
23765
6828
10018
27518
28190
4178
8174
28961
5480
22817
21432
19548
15400
26316
9015
31133
20839
32583
17249
1428
27752
25816
5423
5604
651
17521
10912
27167
13425
24125
7424
26865
30305
7289
6250
3483
6122
3205
16524
18851
28362
28219
21162
11978
10511
19839
10469
30015
2684
23063
702
12818
6446
29118
14038
20971
32128
4211
12791
11260
6443
6935
26456
16692
6578
14391
5661
31670
2557
11047
2078
649
10051
25936
11753
30097
32046
16842
15370
9662
3386
7982
11658
7555
1375
19365
20405
3466
18927
30533
15136
29094
22209
8350
24043
521
15247
12175
31556
17591
14237
12895
17452
21306
14491
28936
28030
10391
16589
19158
26413
2946
30825
4657
6349
26830
28225
23223
18261
12839
19361
28047
2083
5379
32635
22521
25920
7638
9409
18473
5862
7045
10259
11349
30271
22302
28826
18445
3440
29638
4148
13259
26838
2803
16081
31435
3471
22747
9501
19228
14653
3372
14943
27640
20230
5117
14752
28241
5600
27396
29201
19372
11275
22282
30375
26418
21470
3485
28936
9476
32199
9989
7082
3024
13198
27769
10041
9378
18649
22162
3898
3324
29941
20479
8687
28456
14803
4219
16250
21709
15441
9212
5188
1985
29115
29229
21152
29982
18066
23071
12204
18072
8844
13883
10104
9741
28123
23676
19563
24414
31666
28379
9698
21630
32262
4106
25113
30664
26258
20580
24399
16534
22813
26405
20517
19983
4863
3030
32584
11328
27618
1036
30287
28527
21446
14674
3047
6571
29256
27492
7469
32424
19235
21150
30299
6602
3063
18099
11943
2688
26441
15778
31592
10963
8395
14054
15995
29759
11998
26349
21477
9921
5462
14028
25273
26161
23933
27697
13629
16850
20314
3481
23624
23080
20531
22211
8686
6409
2640
20836
3935
12279
16898
26140
2573
20653
31716
31145
19469
21496
22625
27227
15296
17096
18550
455
26290
30087
32697
11968
9154
15785
18331
7043
8324
19845
6122
29746
24035
21091
6298
29060
24587
29910
28868
31674
5510
13132
1775
31189
14756
19171
5775
8454
13857
8830
16075
22630
18434
27673
28291
1255
27584
28761
20882
20874
21672
14439
9040
18387
29570
2559
2651
19579
20593
27076
24984
21604
15386
6103
4724
26066
7176
15015
25712
14807
22095
11275
26076
4623
8304
7310
20962
5774
13693
265
6087
20503
14206
32376
26478
4750
16402
18438
26398
27568
25690
9066
30340
27138
12306
1910
8956
20487
23553
2285
12556
1974
17300
2454
24369
27179
24006
23950
17887
12189
15682
23266
30915
7056
23500
1885
19787
14668
13533
22687
27240
15501
29581
14959
1427
23164
14262
20307
28942
11998
13911
8029
24428
396
14646
10567
83
35
16842
2499
23169
16380
21335
11532
1805
7263
10331
16065
12783
17651
22313
19443
963
4217
10708
19325
22730
26554
11598
147
26930
23742
15313
27550
18071
16959
1662
15687
21193
22365
25157
32722
5072
23444
23556
27310
2349
7914
22515
5194
26211
25197
16447
30250
22198
7388
1781
30521
11827
30629
32546
28769
11248
6159
20793
24409
12693
2233
3764
15294
5147
22339
10494
8806
27092
14923
20369
19185
31148
21403
31067
31648
12206
25248
7527
28523
15050
31519
24249
25165
14293
5155
12154
14307
3537
826
12117
28725
24431
14304
18720
24276
13778
19260
21439
22565
18582
14346
14917
18684
1809
20185
28509
27756
18136
14966
12265
5086
15237
10408
22760
13665
7096
27421
21661
13377
5980
9381
25326
6107
812
22174
16650
9391
23925
25263
29774
2999
4125
21690
15466
9208
5092
2315
28863
25174
22762
726
19724
940
6258
1760
29002
7452
29669
20092
6356
1700
1306
26297
19659
21490
17364
4058
5561
20346
25740
12550
28788
11205
5233
13377
2630
24332
13998
24219
2122
23813
1771
30887
24089
8957
17686
23343
30630
18983
20067
13350
14951
5172
18321
6110
8630
9763
15472
12924
31350
25947
22688
11688
505
10999
7579
7817
27681
16737
14837
4080
5318
24610
26083
31955
24664
6648
26875
20222
4038
28969
11578
13829
2974
1560
843
27261
27253
5142
31750
12651
13961
12410
31544
13309
13989
32756
26530
32632
15941
22046
7236
16754
18683
29524
32475
5185
25873
21702
24488
28595
12656
19147
1651
4608
29376
18809
4304
29948
977
10098
1441
9105
9530
16128
16860
877
28736
9573
8846
26360
28921
27756
4128
31625
11185
8772
20185
26585
4492
910
14501
11960
10349
5045
17429
10750
27159
3966
31910
12741
7826
28128
20550
17365
13777
25365
22036
16224
25745
6641
29288
2288
2180
6003
31763
10909
6063
31898
18152
17539
7952
6777
14203
24947
5253
3214
17448
1001
32745
19792
1879
32574
16256
30983
18175
28959
27541
13024
5481
28478
7521
24641
28471
15687
7471
11866
31396
7958
15294
5629
19469
6951
23271
20911
21425
16718
27007
31231
22709
18856
22143
15382
9579
8145
16226
24208
18643
11863
24015
2186
4450
32367
30840
32508
9475
32743
23362
19530
23132
3420
6822
1557
14162
173
9815
9559
14543
27567
28453
9391
18370
18723
9249
22777
32616
14821
19202
14370
10443
8806
14279
570
3976
15451
10142
203
5076
28855
773
20586
7617
3543
2863
26763
21950
11773
30377
21914
18013
25088
16701
22855
19290
29762
13079
25889
29144
22497
25382
9062
11757
6194
14533
537
2401
23659
12443
29782
12211
21407
26815
24035
31581
7408
14368
23815
26713
0
21797
26271
4068
2472
20368
26734
4482
24813
25000
26037
3394
26671
23703
16899
4931
32420
13329
11855
11383
30213
27958
27716
24743
4231
29882
23516
23992
6925
8259
1840
9260
30620
24338
8335
23788
11279
24038
9933
15428
18700
8733
9181
5679
15670
24605
14754
2005
26788
4338
28931
23122
1171
2872
32574
697
13143
9020
30078
25432
19608
5726
3759
12862
14778
17850
3985
10491
30365
1031
27915
24999
2695
31422
11459
1318
3422
27263
13291
11945
3355
19122
30814
10360
26491
3178
18411
26096
27639
1166
6640
24263
23031
16698
7979
12184
3907
20067
974
9115
31418
11706
6097
2995
10054
1491
20876
1711
29455
19591
24197
7881
18159
28823
13959
24691
25127
18065
25844
20052
3664
15608
31835
22157
20372
7071
26701
11584
25885
21078
4461
12371
11726
6856
1991
14449
17713
29092
10083
31570
27825
11003
27417
25405
5386
9706
24998
32715
7165
25464
30976
29677
4680
1217
5095
1328
7637
29781
7613
12352
19506
16091
4247
26283
26945
24314
8596
23016
11825
121
1902
30616
23724
32420
3918
31499
6738
8690
29669
14342
8295
24806
10936
708
5064
10291
7099
22842
6436
28195
30498
12704
31080
5433
7540
4652
27259
25110
19937
22049
20524
2201
3797
17416
2409
5194
1229
22845
7601
12281
11114
28334
24267
4258
9411
6880
21177
1940
4864
30003
31208
32722
12325
7782
17833
27322
6187
12893
21221
24548
31061
1826
15627
29773
7873
23851
7502
3253
2366
25819
2574
12101
2653
15690
10899
6261
5579
20553
13057
5933
15581
12193
23688
29738
2157
22428
11740
26788
9445
31431
10213
26670
5273
15093
10935
16861
23642
29575
9924
23724
24135
30955
28240
4895
22247
29027
15142
29223
12405
11016
15498
24390
8315
4878
16750
27123
17315
12873
21225
19520
11209
21232
21220
24250
5204
13218
29463
913
12487
27558
6196
19705
18835
25719
32097
25295
6960
3200
11244
27520
11115
10020
6970
31783
2306
24065
3329
21493
10606
30582
31159
26326
22784
22114
8523
31569
28975
10031
5138
24496
18737
24080
18436
31330
5320
27270
3624
14749
9567
17449
31821
9800
16725
13477
7931
7703
1433
771
1961
30968
1399
25642
2864
7598
7345
21669
17536
18875
10194
16294
12178
4228
5823
5963
28830
21936
3471
16929
7053
18129
1948
487
4017
6214
12506
14228
15284
2400
26984
10395
24014
29635
10085
10605
5179
27151
11013
20799
20973
10688
14564
6926
2942
25683
20122
6113
12392
9131
1423
5711
17528
19890
6161
25408
11648
2883
15523
2040
2381
5704
19352
10577
8152
13087
25313
27719
17856
22851
31780
954
17144
20264
10510
19312
4541
15718
27113
5210
2508
32026
21105
1560
19409
9609
28899
14782
290
7431
11096
29145
17325
12568
1873
5037
16944
31188
3987
17857
29864
3216
19509
22430
29963
16826
247
22227
20537
4613
9685
30012
25392
20166
19932
9348
6272
14750
28733
2793
6656
16218
18336
13631
19134
23063
15290
10808
7484
24234
2338
17122
6617
14655
7008
27761
10637
23871
19783
14143
30937
27768
902
22289
1790
22904
21881
30876
13678
2361
14405
4168
27520
14340
24611
1587
8807
9615
19452
25465
28005
19561
12087
25779
21052
10391
11727
5565
1510
20864
7848
23229
24965
27398
18467
2656
9117
12790
19184
32103
20865
10146
12067
14179
19723
8396
18314
3260
29328
15302
24382
27128
21267
472
25977
8250
24249
14306
2983
23305
4989
8770
2496
9043
1061
16376
31956
5042
19317
16648
5096
8685
16290
15392
32512
8642
31242
26491
21629
25827
1825
22789
24745
7230
21167
4544
5009
24193
9273
22630
275
30686
16316
10064
10039
26380
32418
12694
28355
11150
29934
17272
6665
18743
30394
509
5636
9454
4579
19929
24995
7855
20483
19860
32613
3282
21663
25321
9510
31888
11170
3949
7737
23491
23562
3185
5046
28653
4834
6696
12053
15996
31344
18957
19196
19020
4527
18559
9814
19054
6144
27054
19877
15912
24860
32187
11929
572
9549
12315
2529
19309
8670
30269
14145
10816
7631
20844
28645
31744
9934
26614
4853
27908
6755
14734
6249
28725
20331
29423
9759
20426
29639
9410
31530
15190
29269
25026
9582
30469
29983
2078
13674
4130
22483
14878
25684
15069
7796
18954
24683
15692
17486
7496
13193
2991
30511
19140
30711
31224
4820
30869
20358
9867
28834
15581
20699
578
24471
1520
24331
6580
22655
19897
8040
951
17003
7258
410
6435
23391
7699
3569
23001
6475
20581
28153
8964
5948
2679
25423
6815
25300
25784
8372
29752
15864
17350
14688
29427
10440
2703
6808
19665
18388
14262
17283
21298
31372
29240
12090
1177
13817
18767
9502
27568
30635
11158
25454
28556
25843
22894
22553
31025
27218
22177
23504
4697
28464
8006
9056
24945
29137
9189
23359
9957
8070
20699
8548
8093
15648
9471
20828
28872
29610
7045
22171
216
21848
27939
30992
25037
11962
27763
22524
12471
30773
409
1795
3702
31668
2341
388
5573
667
6715
26662
29303
8189
30705
15539
32255
27406
12792
4138
1334
15835
14463
22287
7001
19512
26452
22534
7761
9978
19532
26784
20536
32615
11494
27765
10776
16107
3883
19059
19446
18189
18904
19573
11791
28064
24511
7447
30561
2366
10859
22473
7533
8690
6147
24355
12604
6709
112
28025
32160
25628
21954
5038
23228
5839
13264
6733
23238
30781
4895
30933
13324
20238
8966
22357
3125
4313
3855
20025
2250
16536
13215
22628
18677
4441
1498
11135
11400
8502
12993
27280
3136
24710
14749
26318
18252
31061
1441
25268
18953
19218
19147
2900
29200
20104
10763
7150
29554
30224
24743
24513
9026
24068
1758
1569
19284
24950
8652
31946
27461
26402
3213
17524
2747
31394
31909
29607
238
1505
9631
23505
21864
16082
16373
1174
7689
7522
30512
29031
32333
28075
848
25942
11218
21098
29038
6440
7188
19379
24480
6060
16251
5603
12317
13388
28057
29911
30626
20450
26284
16219
11028
24525
3691
16101
20582
27459
17407
14212
14013
29416
31567
11283
31186
30368
31616
12978
21656
3490
26300
28023
1824
17615
28467
31584
21433
14145
23904
30092
22363
5414
19342
19627
16710
3279
15002
6836
11750
18948
25594
15574
10490
32667
27902
18864
6901
12105
24406
14276
9636
9143
2773
18473
13330
20696
13429
2433
16809
3707
13978
1835
7321
24860
30363
30906
10110
17664
21374
1445
24125
12161
29187
28991
8750
15014
2533
17130
4481
12022
6236
16008
28122
24462
7142
16691
22079
3186
15687
22062
22580
16161
2510
6171
7204
21868
8923
12910
12547
11911
1694
5921
15154
11873
22049
15530
2723
2865
15497
30762
23613
6481
23449
18407
19074
2384
24951
8700
12655
19523
11187
6991
2467
4699
7045
31428
32452
6077
32598
3248
17695
13197
13698
19089
29326
23884
27741
11004
24223
7269
9076
11734
19954
5634
21013
30919
27875
11556
22289
6124
23913
26867
5568
14028
23614
5459
25670
25998
16705
20919
12053
15977
24344
570
30131
32603
1561
22252
1214
27678
11883
23913
4397
3160
3432
20657
6360
6674
6726
6963
11323
13419
17911
16171
1398
10893
27213
6446
4249
29409
13410
12547
18719
8831
3639
3253
4280
30953
19355
14822
25420
21496
7759
358
3132
8214
5479
30981
16619
6318
11251
26533
17533
27873
10975
12179
30942
7291
25112
13079
262
8485
31984
26441
22652
14300
30148
2343
1049
24225
27868
10469
16399
23154
26258
32644
20266
22906
13495
17062
20309
1413
3890
27297
14175
6838
8170
7890
25087
22140
1511
15412
18966
21186
5044
10800
23605
8550
19719
29111
351
15341
26531
19087
18192
7029
21374
4842
18557
3306
3615
25917
15646
5501
17739
16463
20586
31570
3296
30097
9954
18041
11265
20909
13392
20000
17779
13153
18257
9735
24391
1166
28177
52
3514
18828
6230
22247
17753
15041
6848
29392
6249
7282
30543
8576
25477
18648
3877
12318
11657
8311
8589
32347
16047
21675
15421
15783
13048
16516
216
12454
3022
17363
25527
32477
1255
21637
18409
28850
12396
14896
7288
10131
7771
10220
24302
9845
4906
10340
10008
16000
4525
4141
8202
13320
15417
27222
4707
12224
20746
4928
25555
20522
17890
30127
12250
28498
18163
7714
24018
28860
7423
6240
22575
11163
16062
19284
18694
17731
4480
18202
32716
4065
7443
14682
25697
16746
14055
31701
6988
5841
26736
28989
16201
14205
5324
9290
21505
27898
8614
23818
22040
751
10074
8313
3180
25424
27737
20049
32412
17108
12240
20771
13512
29098
1924
5287
9368
9320
21760
13905
28544
18756
5619
9252
22082
15750
5076
7627
1460
30525
14023
19430
8387
30513
32708
24994
11192
5914
28150
31884
15546
2063
21345
13991
5524
5441
23752
7867
2745
32489
20686
2801
23429
383
19035
31133
24518
23853
29249
29787
11899
29059
31776
10589
8668
16748
27271
12035
23706
29537
24155
9644
13415
8668
30077
11213
9657
4112
31911
22592
13515
5847
30871
11998
24549
24044
19056
17231
1758
13658
29533
32289
27615
9012
15223
14360
12649
31111
16361
8133
31130
2189
11345
7514
2732
16675
9066
10429
7358
23421
6889
17883
13527
22041
11940
6975
12584
24817
12025
22243
27281
2293
28270
21830
3943
14264
4757
16062
7029
23402
27699
3856
4416
19206
6816
15166
22672
15052
32369
27040
26155
21746
16213
28726
4324
19095
26941
3389
14292
28920
25792
3584
7656
16102
20157
22513
7836
15992
29506
2040
8197
18173
28588
7179
26133
4916
16400
23295
11035
1984
15322
28318
8585
15830
17844
25593
17146
9785
12970
1536
4211
22632
11403
17999
10217
25109
5010
10315
21252
10970
9029
25198
29475
16424
24222
10719
28320
7552
1897
23622
853
17637
9453
31710
8799
15249
24014
12748
14625
16103
10546
19119
2956
17833
6947
24952
926
8555
20533
11388
6697
21575
15464
8391
15574
28371
24911
24499
21865
2640
12146
8890
22087
13092
5874
6537
28725
22411
2923
28245
21858
3721
32542
25714
11688
19235
6480
17698
8207
20430
11245
3755
5523
30248
11377
6572
6439
7910
13320
10416
30969
24077
19188
5636
3320
14182
816
5062
18068
32555
9811
12863
28100
13063
31414
8307
12110
24382
25561
23285
24643
25639
25091
15616
6856
12259
13609
10180
6172
16457
10001
13310
27607
288
16568
8651
1136
23185
28400
31422
5378
987
23117
6704
19536
28233
30274
4055
32006
23650
2952
4251
6978
31071
16831
27044
13138
1250
27736
10680
15808
26340
7858
29892
29835
16367
19331
13752
3512
18830
29562
8856
32521
6915
10019
18128
12045
9783
24586
1993
14169
247
29987
22457
7188
20060
11881
2751
7353
23691
15302
559
536
19103
4915
8747
3486
19172
31264
17779
28119
21830
15894
9085
23601
24073
24731
23753
18435
25786
14934
8559
13005
28517
22899
9722
8642
17928
8009
23160
18563
584
24890
6098
20782
18275
4315
14170
26007
13926
12117
18595
24021
29344
4108
22933
14337
19030
11902
1216
15674
22456
7021
14833
30700
11796
17728
29955
24402
26442
8103
22264
23610
9600
28286
21833
2825
23830
14324
29561
24318
31452
8684
15088
2747
14979
16035
25863
20993
16722
3219
27488
10427
20762
11672
29304
17214
10092
6482
17023
31695
23817
20170
16999
12645
22938
18776
10555
945
12194
15556
22962
4188
29872
23723
7172
5520
27097
13092
10748
7609
2149
19108
16718
6285
18121
12063
12332
1354
10710
2672
4116
4670
30255
24571
8940
21901
5632
11153
1616
815
1773
26516
12587
17464
25673
15963
28548
4956
24969
27351
20635
17074
18680
3191
15157
3768
21164
29258
7220
25240
26552
8548
25450
12713
9635
6786
17071
2617
13849
8945
25393
17802
20193
5291
1292
31002
28175
31172
15643
3367
9851
30468
17677
7283
4209
18902
4539
325
12970
23904
9144
13232
30587
15092
17962
23831
589
22951
12249
17649
31053
4415
14982
31434
5989
13395
9342
24970
6762
5549
4207
32762
24983
31987
14201
14980
20538
20103
392
23099
18605
27307
30690
1307
21384
2025
17916
2961
18197
3250
15506
12094
772
11333
2806
18168
5216
19154
8873
25617
21954
27871
31016
23772
24517
13804
7176
24686
23993
14930
19269
30626
6812
10353
3544
5984
23110
3338
29831
10270
21219
14058
32513
9894
23206
32201
22314
16922
7612
28785
22196
6966
28799
11811
2799
2262
4589
28470
10978
1464
29272
257
13210
11138
21086
14587
7874
24327
19996
8993
26484
4550
10399
28568
20815
15539
27547
25492
9674
30779
12128
20856
23495
21890
7945
23615
23916
23791
3319
2586
24622
21994
11134
27226
814
15332
15837
21137
10185
1176
21876
30452
14442
7057
28465
25092
20899
14061
1356
3950
381
26976
26932
11823
4364
5500
31177
19963
3142
9775
2507
31712
31765
12429
2706
4647
1706
25295
20224
16251
27157
25756
31413
2381
1298
3208
29057
19830
25126
3803
23327
1822
30955
2451
3872
23261
6568
4524
32037
11809
14117
9630
25937
19920
702
10536
29950
26670
3765
20044
7087
24064
27341
3995
11334
12018
28436
8114
7800
1334
10496
29189
1149
9326
7869
16603
2316
16332
23750
13466
2438
31607
435
4165
8306
7473
15441
1859
13353
12344
28664
8290
24018
8297
29465
18971
15505
4267
7191
1048
2300
28811
4184
16883
31951
5412
2459
27457
25312
22850
1420
7375
25429
2247
5013
3883
24596
6989
13560
18022
30075
524
795
28441
29522
3326
4130
3238
25085
11074
13763
23744
26614
2751
18006
5166
9083
23305
21548
22731
19588
14216
802
7378
13048
31959
6262
16216
27936
3434
15577
5658
19036
18804
9413
17529
24085
15879
4880
963
14066
20349
27074
16564
5711
25368
15652
12861
15339
19429
7449
19843
6624
32486
2225
15147
1241
21103
16380
12757
13439
19665
26652
23014
10292
17974
13726
7819
17412
25036
4363
4091
14808
8742
27065
15100
4845
7391
10983
6568
28037
4480
1801
369
17117
26531
3425
12899
18782
22617
15823
27561
18199
18122
3818
10579
26731
3099
6735
28502
28423
14997
25402
17876
19736
7171
27475
19102
186
28507
2506
31736
17331
10657
14501
8348
25441
15881
19545
28929
21745
12636
18840
26076
22994
31900
19819
20456
18537
747
15232
7394
19719
7849
9925
28120
14104
2525
10294
25252
9885
9686
6130
16052
11740
26130
23701
19212
15189
25182
17602
6541
24569
21567
7935
3447
17815
913
966
19757
27031
26222
1496
312
28650
30801
15573
1167
8769
3195
24074
27157
28541
8086
22410
31588
32615
27801
8576
5321
11938
18667
14787
655
1758
3019
32171
17281
1869
1263
22052
21674
20827
18027
27136
27231
3482
17877
19090
14976
7419
6311
20088
15354
27204
20452
3768
32656
28606
14079
14863
1500
17710
31224
12933
13968
18951
30408
10565
23810
16350
15871
11436
19944
26910
1708
23712
6751
32765
6525
14627
29747
6575
30503
16167
10074
18905
15880
18340
19649
6728
4875
23785
6732
10979
4557
31280
29720
3550
2046
26996
8963
13361
9
13191
21614
32329
24311
22111
18241
17661
6544
13744
18992
28355
17604
31169
28477
25892
1354
20600
6270
32365
8839
17590
16929
12200
16561
8171
11693
6858
1588
2529
21130
19758
12373
23260
14276
16962
23317
21477
6924
32385
88
12643
2304
22177
29254
19435
19116
14093
21746
15193
19536
32661
23353
12320
24931
18276
19182
30430
2521
7475
3124
23092
7330
6077
18474
22228
31603
19059
23246
21979
13256
29296
7195
24930
12586
28591
17525
1871
25773
24188
28743
24177
1470
25896
1771
25037
20507
2561
2250
5682
25379
9601
2244
11796
9808
17606
21714
8087
22274
4162
4585
24809
9086
2740
20258
16085
30518
15447
21529
405
23627
7769
11922
21480
5712
23182
17251
8293
23121
13158
26254
22799
18451
10269
16045
23849
2206
10545
30611
29004
13817
28953
2096
32182
28725
21812
4021
1765
17324
8960
3577
5221
17547
23948
31515
31206
910
28464
618
13969
16395
9083
25729
24220
31538
32109
17590
17180
20627
15846
26038
19483
14305
11871
6505
14571
5109
984
26652
15033
13077
28177
13022
7525
9335
9981
21802
29330
1793
5748
2503
29433
13651
24104
5869
2562
29447
25050
1449
16277
32567
8142
26754
29741
12352
28028
30045
9007
31942
27784
30366
8059
5625
19444
22416
32320
30486
10645
20487
9236
3632
10179
29508
10308
25136
2901
9752
616
23067
30157
16461
13883
2451
4047
23873
29098
9889
14296
8148
20779
3249
2348
28036
15952
28894
20240
25815
7324
11120
14394
4858
14485
15011
24198
11431
11546
25259
30442
20043
13047
3828
15788
1897
3767
22702
29394
13625
4282
22153
31451
28822
23431
6589
30636
4887
25698
31822
28109
6011
25122
9358
18901
22858
7741
25059
23075
30649
23589
18122
4303
24526
19159
9244
8672
16838
13488
18833
20928
30132
24963
12162
2029
4970
24298
28147
31216
16796
8921
9424
659
67
15481
14711
31055
29248
1843
3447
7684
27202
5130
4759
27885
16105
15663
24603
28370
10796
6095
11586
22911
14328
14384
21779
5238
2073
31740
18265
30177
26462
20189
2797
19402
1016
7497
13619
1422
16676
27040
31463
4495
28170
14196
15898
17194
25572
16679
15735
21737
20322
11196
18635
23289
10573
11495
7877
14814
8812
22374
22522
30053
1700
404
811
27610
23394
31292
22219
20860
15678
32683
7100
46
16600
11529
13658
28527
23302
20969
27322
26764
5170
26654
21811
19220
2813
7120
6174
30093
2600
6608
17883
9829
13749
6185
5653
26924
4937
19704
20806
25600
29141
18301
5501
6472
29813
24433
22623
29093
17561
11930
19051
8741
12130
18590
32643
17082
12879
9493
168
10475
15128
28641
11014
23242
7898
13250
48
11814
3189
4901
19372
26625
32306
829
16818
28740
28330
15701
31537
28082
21731
23141
29459
24091
11195
19683
26818
32466
2186
11483
19435
6497
1283
2626
5506
2170
91
14728
12806
2353
31662
20076
24838
11369
5534
14612
11748
31884
26941
14685
26073
11136
21549
7280
12089
23766
26629
30870
9720
24644
2807
23373
8558
28757
2992
7579
1879
18783
11392
21154
20510
11446
27067
1141
8283
9247
32607
13098
7066
6535
29174
18992
21598
5877
7870
32739
32101
17086
5896
21342
16430
27640
19166
7312
23737
15152
18152
25235
30350
23392
2449
27704
13056
12059
13157
16103
3251
26123
5821
32678
92
1693
27295
27255
30408
16379
9440
21479
4128
6203
16267
26852
13419
19157
28039
8399
3412
27483
627
5586
19757
8292
4565
14196
26421
2762
2420
2922
7446
11541
19202
28848
1458
26422
2302
6361
28959
23161
27353
11172
19952
18869
15448
18639
29623
18885
11321
23600
30408
22076
24089
30721
26943
7765
21397
10620
11588
7721
28848
31656
15501
22565
8052
7282
2341
17082
22237
22527
23404
15958
2290
24129
20832
10132
15413
1736
25370
22960
21565
1755
4251
13629
19874
19912
7369
32538
28953
31608
31157
11170
16864
9542
18975
27171
11101
23825
7228
1169
12802
11920
16823
26492
11123
1766
26869
26176
16875
14967
23453
3964
18140
7417
1624
9669
6357
24526
11733
4251
8361
10897
29969
22939
10702
8687
6357
2551
6659
20664
1152
31780
19509
10037
9222
30162
4772
1213
5945
7713
9282
32643
10823
9234
31067
24242
14212
10555
23419
31420
22122
17600
11405
30702
31710
12926
10560
3913
28597
649
10927
22925
15223
23769
11072
20630
30307
11584
4812
31467
4787
19359
3585
30101
4129
29786
29957
20525
14249
9481
1372
28473
17553
12657
29452
26809
7847
9394
5375
3836
2506
17089
12456
7608
28331
15897
10474
15706
8405
30126
5173
20635
17899
20259
32242
16468
16945
316
22305
14739
20046
25238
23104
4590
6737
4246
26223
17943
8689
671
5587
18097
5657
23944
4920
1890
32676
6989
29434
1066
32613
23300
4901
12531
20330
27923
18139
1897
27009
28577
20726
9995
30460
3914
29167
15234
28082
16407
3327
7474
32326
685
10371
24592
14252
2500
19877
17587
1000
21467
2873
16301
25113
3370
8165
2843
439
19929
3973
30331
8985
2159
10189
26814
24890
15501
14384
18590
18620
16860
257
16178
24621
16196
7641
2240
1418
8799
28472
18386
17665
11053
18287
3724
3323
24585
24253
4668
25434
32219
21176
15667
32767
14480
13550
4820
28816
24519
27853
6634
10616
15309
28864
16703
10287
14028
6811
29290
2747
9791
6969
18152
16503
18601
20835
4974
14355
19335
2036
15742
11996
28035
24379
3897
1341
4330
26017
32116
15494
21088
9100
5133
493
30675
7811
31871
27347
19373
6034
21173
17992
14414
2288
15388
10192
14265
9951
29948
3943
27533
26580
18440
21188
28984
22488
9268
11227
18023
15150
17606
4261
20928
17462
8112
14371
25556
24721
3613
28833
17487
24966
25418
11064
8050
932
26007
24726
26564
6569
24030
13058
4
24227
12547
29082
16737
13141
14284
24799
12782
19164
18675
27764
32592
2707
10618
9763
4537
8499
22335
13857
19227
6463
25040
8339
18069
27295
17792
1104
11314
20362
31931
14057
27858
24746
15254
25063
31336
15483
2474
1363
20582
15861
11811
892
24694
1642
8724
6644
14187
24241
32014
27612
28279
13188
4080
353
15518
12583
8704
24711
15466
16970
1083
8998
14817
30257
28394
11825
7348
4626
23926
28222
17081
20927
23677
15683
24219
7044
32293
21918
11985
11091
26801
30297
8396
31006
13138
7339
13429
24197
1343
30402
13270
16305
11015
29631
4887
15232
5670
5379
3245
9954
31447
25769
19918
22403
42
13651
18216
426
13910
3882
30162
11617
18256
28192
14467
1750
5533
13689
1282
3585
15716
31881
4573
27015
11207
6335
18526
24798
16499
2274
4795
16818
11638
9627
23181
13448
2386
15156
19331
17570
18255
28831
11864
7970
2581
8122
28674
19826
1145
721
10541
28386
23704
23396
14823
13715
17698
30251
19869
10901
16633
12376
23366
32076
17659
25116
30174
25112
11291
21100
278
17460
12727
6149
7754
20191
26150
2990
26035
4538
20880
12221
16350
17522
14594
12508
29532
28062
14785
25613
15036
28907
11999
26092
30390
18550
5389
16180
20649
28025
24752
12933
24904
13354
31287
5989
12175
7904
21675
26244
7165
27768
21127
23364
3069
26103
27851
20088
27045
12144
20556
11884
19362
8233
25934
14375
22899
26105
30036
21996
16342
30708
25399
18183
18816
7243
10614
29894
28689
1389
4813
6341
31047
19058
24841
6254
29810
16058
22042
14785
11304
27857
21354
5457
24633
14486
877
27023
23525
27805
16762
13131
15437
14033
13273
12152
31528
22622
19485
10800
4535
3278
8627
16120
18427
27761
23228
28228
1061
19971
5912
11326
11854
27529
4547
19651
31848
20092
27749
28846
14965
18217
22820
22618
25335
29528
5821
16226
7079
6188
29395
9643
27241
21322
18055
10661
13952
26429
8520
22477
27134
10010
5612
4983
18303
17759
24064
31946
18455
2593
18269
30732
5513
13415
8188
14880
29882
2769
5132
32332
13413
24445
12865
18752
29711
2858
2670
23892
22334
9118
6742
17426
30950
28998
31936
4340
13092
26653
3785
16750
3886
10190
32638
24111
29067
18205
32170
16805
22143
28291
30701
10175
13002
1560
8974
27382
19602
31415
14994
4750
8349
24156
12174
5657
10179
26576
14777
31294
4259
5513
32453
10936
16790
30667
17392
13729
14049
26132
24022
19441
4399
9143
21129
11074
26686
14279
25059
21718
13784
31798
26651
13786
27909
10302
20119
9452
4479
23040
32513
22748
25446
25452
3229
15535
29493
24160
2010
17642
12789
19476
12327
10765
20912
17333
30727
11357
2601
29776
3944
17638
5578
32242
26673
26561
31454
26126
26906
15251
29952
11038
17088
27222
4819
15245
6905
28508
23540
21461
612
1680
4909
2021
26693
8448
26860
31685
144
664
12787
3964
20548
27952
30288
562
21498
31946
27792
20626
29886
6420
13616
21106
16157
8245
27220
23478
4223
11973
22459
25713
11960
10525
28403
31822
32217
27090
19401
3375
18508
14716
23812
12563
19744
29628
1363
7997
2209
32125
18563
29843
27436
28793
22773
23364
29249
8191
6480
21933
22490
23284
26227
12414
19451
3865
15790
24600
27787
12683
4913
19770
28514
4240
27844
21725
12963
29328
5305
32604
10060
9826
31007
13016
18955
26826
2873
25819
7764
17215
13103
3899
24496
18417
11266
27714
23896
20234
23493
15883
13314
6452
31755
9519
23035
31580
9884
19106
12662
30646
6764
24791
5412
26626
19661
16427
4868
7437
6883
8832
18813
6010
12120
16936
6826
15810
28754
24582
10741
13178
2466
29935
22503
13781
26431
4694
12350
8553
13298
13865
32320
1334
12370
5622
31568
26340
30195
9554
19391
7244
31451
23419
15844
24122
26933
31804
32623
30833
8010
26641
15610
15088
27564
14220
24545
4212
22964
9719
24148
24126
8751
3899
20906
4374
5205
1281
18168
31632
2811
16150
32227
27022
16905
27412
2482
3334
8237
7999
2216
10246
18641
29869
26000
6133
2635
3242
22425
9755
31828
1370
5220
16740
25276
8608
26716
1376
10332
10303
10566
12943
1611
15935
14104
31708
11093
16531
32527
19815
30632
24824
13564
28807
8401
2592
14047
12560
20967
20240
20150
26577
7174
27079
18071
3681
19199
3360
765
16412
29262
3577
5984
19560
17997
10133
2312
15933
5543
24383
13346
31972
30478
19248
1812
27134
32561
16563
2062
8393
4840
11655
22753
15007
10674
8325
11541
15551
5218
17794
26165
4944
7189
22647
19054
15779
3431
21472
2393
4025
999
24161
788
11525
2504
15279
1431
8306
24537
17582
29765
13736
439
10967
3522
30603
14912
2781
17413
30725
23628
4752
23214
17670
29592
15873
16281
11977
515
28647
20915
17240
7421
26945
2572
9042
32572
25661
15150
5100
25264
22105
23214
29238
14010
7624
2304
27552
1689
7703
19343
8124
9253
4112
11533
3909
27327
2271
14344
31841
11912
31859
32703
8227
11217
16167
11059
22868
2771
19106
13953
14451
19360
18939
24174
3322
11866
12577
27204
22499
27555
25467
18397
18283
20820
11723
11773
8214
6002
5976
14565
14067
350
20044
13604
24865
8011
13147
3249
31890
17397
18597
2615
30223
657
2014
26288
28796
18687
25516
21813
29022
27207
30800
276
13978
11587
12169
12836
6527
13209
23477
2901
8967
19693
3642
6027
13658
2644
11556
6317
28308
9739
3088
19704
10440
4969
3144
7834
15173
19218
2095
29052
24856
10094
3552
863
26834
25945
11538
4650
4491
7452
23615
15490
14630
18332
14597
20636
16343
9170
10188
32079
17635
4219
5801
6510
8359
11793
26498
30036
16348
23801
17779
27328
17433
27646
26993
7908
3481
2814
4653
10936
4671
21987
13115
7572
9687
3029
8052
3582
6047
18095
12953
11457
18694
18095
15929
3647
8627
9841
15828
7687
1225
2846
5696
28842
11114
9441
25676
26571
2170
5018
7844
23670
6565
983
3828
17331
18851
6144
26192
346
18362
29137
28884
23848
30853
28685
11399
19987
25589
29809
18309
4059
17557
17895
18782
14050
7186
25341
27577
13885
28922
22677
26173
3083
6596
28894
12721
2053
14609
20099
1633
24663
20273
18466
6596
2223
1257
6143
24413
32659
4979
13306
20703
1527
28103
25022
404
29967
3865
23356
255
9826
4771
5976
20673
8736
30884
2785
29113
1973
15529
30151
19567
25758
8459
4232
30899
28027
21433
11756
10369
19814
20535
9458
14888
32644
8935
5898
13739
26329
29064
26244
14696
6241
27900
29001
6647
2908
4174
25545
14677
9193
20723
14388
22850
19414
9296
13805
27879
3511
32381
1340
11708
26165
11849
11075
30633
16297
14974
563
12396
19434
9318
447
15930
12386
13197
27601
20905
14440
11977
12668
1741
458
9848
9267
8609
22440
13321
18232
27049
12169
21182
21846
26838
31912
13743
20179
4522
19855
16147
9121
4252
26599
31931
19924
19646
22159
19935
28761
23453
7659
5661
19940
27753
2687
8639
11306
28246
19900
7997
30545
30273
23833
20994
14756
10135
18278
25203
15244
9331
29789
28462
24507
18694
635
17295
4011
13884
14094
22393
19527
28572
13454
31827
14056
4209
27440
23376
9858
23591
30649
10484
7456
11767
25744
12756
12685
3015
280
9373
16724
24651
17212
15703
32491
8305
26444
13803
12332
24572
16903
8163
12548
6510
30969
2930
3695
11564
5383
8116
19876
23517
9032
2102
13196
16403
22550
23481
8313
2861
26725
24627
21525
2428
3412
20503
11673
12708
26114
1238
15423
17221
11171
10918
13305
14555
27603
24962
6755
4323
15657
28530
16374
12864
8720
26636
22911
28636
3538
27963
19920
28562
16374
27967
2998
30796
27084
501
31787
27496
21062
21849
25804
28001
27657
12105
20109
427
4548
4236
17579
7646
23745
32530
32738
30743
18874
26493
20961
5275
8173
14305
25851
22206
20082
6088
9247
6404
13261
24954
24330
4229
960
16507
32443
32662
16227
6484
24103
31653
29558
7830
6959
19045
12533
14109
29647
6700
29677
6546
920
6553
27791
16691
30048
12921
24194
8151
32056
27627
2686
12588
11934
14275
22039
21316
756
12077
9686
2128
9265
659
7566
1451
20439
8384
15085
13338
26149
22853
32338
1362
31117
32283
5598
17082
29288
18571
16078
14707
6889
1355
20744
26518
10063
19434
10483
3772
3679
17773
25484
20420
17938
17979
8375
13264
14475
16182
16338
18065
1355
18987
19088
9669
25256
21868
517
10749
13179
12987
16893
3236
9498
3434
11922
12093
27014
3009
24574
26604
25061
8096
173
30520
19762
19045
4503
2831
20275
22544
18636
29450
25515
21926
15952
27123
4562
18131
23338
6277
29698
24274
16056
13682
26547
16530
3653
26283
31145
2577
25309
18395
25196
12044
18784
14900
9977
26331
2262
24943
12727
12695
8962
29198
30636
14461
17210
13541
32241
3479
3958
25560
21347
3737
4006
17382
21148
28425
8009
8295
16418
11682
7483
2961
6365
30971
19918
2113
9423
18276
8989
249
8703
9744
24477
12324
7094
890
18165
23970
16878
30977
20752
5504
21768
22485
4976
15367
31165
32023
21701
8953
2391
12604
32446
1047
12833
5811
25119
1254
31772
27591
276
10163
1523
9158
21444
19925
3633
7011
15146
12082
7346
27737
5664
27397
24663
9297
11453
5598
5374
25350
26081
26858
1458
9127
31502
30324
32542
13693
7802
1964
17992
10189
18274
1959
26492
11520
6304
8104
29061
14593
5504
26782
28964
24295
6352
21997
16570
12756
16950
15729
72
11548
19911
8384
18841
26538
2516
7088
29886
5792
24327
7194
187
9022
7855
18141
29824
22533
2905
11813
19483
26908
20384
15597
17963
23538
22342
31682
9624
4645
16003
4810
15233
31651
19356
11526
19830
13327
9912
8404
11240
3942
17392
440
3293
23010
13221
32603
32488
20254
19734
13780
2137
3196
26417
21287
18097
708
5034
13835
8793
11021
4171
27121
27283
737
25227
9281
28080
5020
20833
9959
24964
2325
12634
11278
12311
7040
14058
16171
31901
20627
17151
10046
29864
22504
24028
18005
16797
1699
21541
4689
11876
13908
10806
2796
21860
2847
22969
20731
27311
25882
3448
17137
30329
246
20335
17061
5071
3042
23846
2133
1926
11948
5694
9962
17265
21545
14665
9597
10711
11992
25311
21019
9507
16834
750
12741
26590
28836
15441
12731
26843
23376
25252
32251
28593
2129
2647
8452
17774
8910
24322
20703
23946
20401
13304
3424
2842
24071
799
29610
5702
22186
19967
27377
17917
12062
5400
3716
12776
9146
22905
30986
28828
32008
23694
21771
30227
17518
4666
22195
13917
11277
31013
723
24723
11753
19800
26409
17933
9802
18695
10209
16852
28003
26541
1627
13402
13362
24415
17711
26473
10407
17497
3439
28250
9480
2782
14636
22151
28308
23359
10043
15363
18279
27705
31800
5768
22429
22403
29900
21168
12730
7336
11564
2920
30282
17939
482
30626
23236
25704
28112
24651
6068
21531
2418
12925
537
315
3939
501
21516
7566
2595
4039
26787
31971
3863
10576
28437
2980
10961
29549
22815
5035
25234
30186
2214
17238
28429
31550
157
10974
5230
6261
7465
9188
15259
29037
5891
22349
12474
3397
22047
21840
10995
20243
22411
29645
375
26325
10905
26337
12737
20139
18752
18359
6940
10307
20416
32161
4965
3732
22405
15719
14610
12239
31054
4831
9843
17298
14990
10429
27192
12639
27154
17069
26932
31566
12261
7583
3424
16638
21617
10850
26147
28369
742
22133
7632
27993
2784
22298
26737
25869
25924
10923
20419
27201
106
17457
129
9557
6018
5427
31973
19244
6448
27084
22637
31199
24954
19200
24795
19891
19172
23376
22655
16969
23257
24972
9656
13333
3405
30185
7097
5649
929
1364
16521
12211
6855
7941
13389
30492
11430
16470
7626
23442
192
4822
16422
5168
12306
20633
7662
18140
59
17107
19806
7034
31201
3749
25052
3935
15953
17463
3781
7433
24677
25607
26476
3085
17579
20097
24672
32080
19651
20943
30190
1914
21001
18930
7143
30632
13173
1810
23204
2658
31423
28178
15686
12492
23750
1896
30018
13856
6450
28716
22302
22875
32088
24942
5237
12087
3679
16845
22337
24666
7841
30021
8794
6093
21076
24393
6969
13743
22378
19218
8450
6699
21685
11830
21698
7335
21583
31100
30452
830
11577
27631
15947
3697
12354
7217
2987
27929
7211
11282
8056
11424
7432
23137
13332
31089
23273
26371
8611
17325
23482
32065
28434
7200
15464
6246
29783
23923
1350
5770
29178
30115
7598
28073
16852
25522
8939
14072
1303
15772
9814
1144
29582
21132
5824
13515
12326
15696
22800
14663
18094
31498
21549
585
14043
23081
29727
1483
12431
21912
26737
5177
25946
12341
8665
28545
4930
25733
21275
22634
11455
15526
31018
1574
16906
9861
11920
15402
3991
6225
19985
29245
21984
6447
10379
17103
24165
16943
21025
5005
20977
19326
19096
11314
17438
31198
1281
12192
6171
84
4761
11055
8877
10784
29933
12357
11636
24818
23362
11303
16240
25435
20275
29198
20164
16258
5276
11134
16313
26136
16567
8915
21765
27022
19589
7197
30030
15749
9840
12333
27114
2694
1838
24048
31465
27123
3560
17916
3157
7741
26524
17513
8376
7000
1472
23778
25823
29548
10280
11515
10462
31694
15913
22725
27220
15918
25343
9633
21488
2578
31084
14161
22068
14979
10914
9045
15737
1029
19555
20084
26932
24269
29287
18585
2167
24879
12030
6880
32699
7766
18166
15345
23516
23863
23743
7821
30309
15303
22221
3686
12046
4716
1342
20276
24195
11186
19133
12805
26215
9280
19622
5332
665
1802
28266
94
16310
31176
7222
22577
15071
3494
10447
20742
3772
2109
17089
8528
4544
14530
17592
8213
18863
11645
25902
17917
14430
23933
2374
17577
26043
6795
16120
10309
19212
24412
8815
14177
892
19979
12975
1276
26067
29382
22907
26850
27525
7879
10870
21049
2286
28549
7560
10326
23260
22060
18563
11733
19790
13131
23559
6632
8059
23245
26531
23535
26902
5163
10556
15689
1233
27360
27571
21866
1056
25372
14530
1070
4159
26300
25127
26221
23670
32378
9733
30928
3484
11105
29319
23779
15066
29829
3270
29803
27569
31984
7917
18169
14142
13791
29083
26047
26813
303
21640
16803
19789
22546
31340
10130
3826
18950
19484
22295
16608
26632
30454
26412
247
28676
14976
27984
21130
19601
14668
6873
5732
15579
20767
17548
17421
14560
15953
2155
18505
26080
3703
1486
11490
12046
9792
23477
28071
22156
24221
24925
7861
4758
32037
19729
18421
2814
2999
15683
6630
19160
21345
22491
24477
31350
32384
29647
21002
30103
9769
244
12412
4571
20168
8724
16999
10618
6151
11584
9830
15926
9202
1639
4732
18574
31064
2088
27039
1845
25972
28389
19063
25282
8396
31257
31587
14761
15194
14315
22461
10346
5098
12035
8799
8712
24259
23196
24933
27837
32649
11482
10037
22252
14946
2910
27837
14423
88
31257
24828
5010
23295
26717
20932
27576
15191
21562
4542
8796
12275
14343
32686
29122
18011
30271
4856
22351
7088
14223
4452
575
24718
28460
21022
6806
21558
31082
12801
29785
31469
2187
7444
765
5023
21460
20821
8480
4296
15591
16054
119
6293
24396
10342
22024
20550
15953
27473
5785
30422
1300
3562
22376
4830
3294
32040
10012
14263
7602
6862
29436
9694
7462
240
19551
19101
8050
7859
8803
25320
3783
4692
17378
17798
23778
25708
15778
6257
29408
2162
26828
30078
21332
18049
15776
16960
8855
29275
15974
16170
2399
5039
3752
4597
9619
25495
2718
20289
32094
17253
29418
18303
10371
4255
134
6926
9200
31304
29946
22948
917
15201
31442
12528
30326
24240
27215
28286
20735
28608
18013
22746
4504
15657
1477
9208
4986
4113
31908
1235
25537
31987
31260
10325
27842
12704
28233
4471
27550
25731
11382
8873
25624
18728
7569
22132
1699
11776
30429
27486
15551
10078
18663
1806
20358
27590
31419
5296
23682
17767
1367
25243
3266
15590
864
17201
16941
24925
26900
13575
12054
20900
30848
22087
3088
27343
17907
10066
24579
16375
24754
24745
3711
16190
29677
24589
8273
10253
29682
28901
31316
13984
11169
29665
30346
10437
15904
10717
4971
32736
28880
9736
11645
9267
20863
11077
30501
19804
3295
30929
8893
21535
2358
18982
29414
20838
6488
3616
9504
11910
23507
6495
27288
2756
6761
22508
25408
6680
15811
16927
20261
24881
10595
6336
27134
29368
5083
11372
9472
4569
12092
13370
13050
24064
13778
30623
6813
27616
12046
20367
17179
28602
196
17125
12021
23772
8343
16901
22797
7784
31153
17856
26627
19798
23223
21880
11198
1980
32763
14468
6473
19789
3572
22229
14561
1312
4076
3290
14924
4276
20217
30370
9068
4144
5422
30273
19731
15343
12562
31092
8729
30523
19793
17032
21676
89
28850
14455
32232
25031
14921
597
23463
2241
11758
29162
8347
9481
9454
417
2714
13800
14080
27041
13112
26736
12154
4153
20123
11013
25284
22913
19595
6684
30733
6718
4041
10817
31550
12807
12194
13151
19244
4262
30659
16700
14354
10945
6735
19779
26174
8634
18479
17798
18698
8915
9130
1283
18958
16790
16693
8486
28820
20852
10892
12432
7500
684
6145
28439
11842
18030
21524
25358
7948
15936
32069
26566
31048
15010
6694
16724
10566
3309
13236
7573
2817
12417
27111
9840
17236
3871
13960
2395
14698
25748
21059
6177
17527
1432
28669
26338
24997
3573
17000
2907
1618
14828
32724
24935
25208
28372
22600
30918
10092
14084
4561
4126
9932
13555
16154
16703
23986
20894
17469
17067
16430
10794
7641
25174
22772
203
7781
7594
4433
13540
5571
31438
13668
1648
5912
1832
2186
10400
20700
7969
32282
26565
11053
25384
27219
26225
8297
32249
16274
13785
1019
8223
11208
19838
11125
21687
10796
9741
11744
4984
23853
31619
11599
13296
17579
31380
24251
9744
9318
23886
17418
5099
11959
15098
19569
20667
18302
3907
20220
14629
29531
15514
4971
26814
18209
3544
23872
26829
27527
31525
11542
15443
2337
13849
11316
27976
12431
16674
30306
32552
4853
5670
13820
27310
7851
8297
17988
1759
21557
3504
20476
843
26485
15015
5173
22416
287
16000
22882
19487
13422
23005
11952
67
32021
19696
31130
4447
22905
22752
439
18295
21789
28783
28375
27377
5981
23515
27983
10141
19040
21505
27793
8436
28232
22728
11264
7069
27819
18109
2562
24630
71
28667
18774
15184
17649
15438
16552
16059
975
5272
10338
10245
4039
7539
31430
4157
17975
1303
6714
18684
2023
26751
12770
2727
15932
5063
1140
22510
16558
8665
7496
15000
11899
16200
6063
15747
4253
5244
28806
18406
22522
6928
5643
15834
3036
25208
10735
2585
15520
2023
10668
29957
3762
25967
28952
27884
29113
15467
19258
9098
22542
24346
1373
9423
627
7564
14436
19171
13314
31170
15453
13160
25187
26385
31321
6655
13890
6343
4218
15373
28672
9233
31821
10687
1193
31004
16218
10315
1831
30587
12794
2425
12725
8649
30825
7267
9110
13455
19996
7032
9990
9319
6997
15303
4977
18274
2292
16763
8163
11688
1680
15777
14784
27998
30406
22834
13237
26061
30161
20813
24814
15808
28251
2244
28809
8493
28819
21210
7499
536
32640
23371
1426
24757
18581
20365
16267
24269
31109
11606
32165
8802
10329
23134
22342
19350
447
26982
2492
457
12709
12409
17782
23554
14854
5234
23412
10384
11268
11710
24316
22513
30520
10851
3983
3826
17222
4417
7963
9240
1972
19096
10354
3135
22012
4555
27131
31361
2527
13412
6311
14169
21501
16983
24359
29448
21155
5003
23901
5944
11492
18070
15376
23520
25579
7369
10467
9063
20111
22380
20104
25100
29480
31306
7473
5253
13217
6001
30535
2534
32719
2099
5727
1221
513
14192
15466
30620
31193
24856
1323
24686
14682
27371
27631
1966
30785
14979
22904
9820
29081
11413
20026
14193
32650
4468
31946
30845
10610
21206
26771
23951
22583
9947
23755
31829
9435
29771
20389
12932
30032
19487
1480
2938
23438
7236
2561
10531
27364
32667
19764
13337
30603
20292
665
5903
29825
22812
3108
2415
25492
24452
2885
11586
3005
18021
27090
17489
27056
4465
28482
16521
3761
6059
13851
13220
25001
4137
5549
25094
30329
23576
21505
31973
28558
12802
13325
18349
7606
3660
13353
11427
21042
3331
4295
1224
5900
4312
24414
5888
16811
23400
21927
4723
5028
31425
4364
2100
24019
12322
29278
10273
22955
13315
25030
17674
11466
31573
3838
25621
19152
25099
448
23392
10610
24281
3711
17385
31434
9276
854
17067
25073
21178
8510
27914
21968
8299
13699
19569
9779
6584
26489
17722
22303
24419
3691
25806
18022
1480
9172
23309
20344
31074
9681
8944
24956
3216
32215
7788
15264
4761
16289
10650
17325
11246
21613
26902
10974
10160
26216
22437
21746
7794
8295
22298
13696
10816
5591
18554
6027
24544
26359
28510
854
27991
30021
9369
13945
432
15413
7195
25141
25080
8745
16917
9221
20365
21918
29534
27765
9113
2723
5398
18487
17369
11408
20361
16244
21667
22516
28757
16224
19495
12495
14288
16913
19189
26882
5540
10385
23999
2819
6332
31538
3168
23765
5732
1057
23070
28472
19627
30782
6956
11549
1036
8747
17267
32604
29774
17315
4755
22697
28841
8462
16676
15813
7978
27474
4929
7665
16217
31723
29767
4008
17432
5950
32730
17805
17614
10538
7209
20387
2501
12257
2419
31932
14289
18678
2763
28724
24371
5303
3096
16350
29116
25532
26975
11839
25654
25280
15173
21754
32511
14512
19663
21388
8695
19202
7789
22073
32668
7240
6711
2374
4980
30981
23926
19561
22444
26303
15206
14974
32254
2389
23866
22907
12248
29331
9057
1702
6586
4100
11272
29446
17887
11015
8928
17431
2593
12069
15905
11458
3351
10914
3279
4747
9856
15698
31292
4877
7908
27054
10958
32163
4728
31783
5634
5481
31555
31931
433
12131
9855
24261
17042
251
6466
25369
26113
12977
10333
24656
10494
2830
18308
25953
24697
17881
21424
27250
14029
27534
23746
1005
25226
15628
12905
19413
14967
1934
14405
30043
19159
29916
17741
16044
20460
11203
4718
13582
14778
21698
31860
32555
7437
22278
7470
8620
13757
24985
32717
29194
24113
5334
29838
11169
8226
24608
18329
23303
17057
26579
24360
5019
31068
1915
1259
9057
6429
17476
24236
14605
30099
17330
23087
12381
19541
6802
4188
30892
24868
2097
25503
18885
12144
29131
23952
6901
21790
12870
4047
4196
6793
4640
31794
21156
15303
31655
18467
1163
22317
16232
16195
19262
9493
31977
26964
7311
23774
923
14165
18313
27445
16394
3054
27464
23955
2391
8975
20495
9991
25320
7381
22164
8758
1630
12205
29086
29856
18887
17851
24018
14117
13845
2429
3018
1991
25040
9643
28776
26801
25607
15458
12138
4217
29580
22914
21566
4002
1633
25685
3351
28517
1389
21617
7232
11696
26739
11743
29617
14960
20037
2172
12000
23052
25909
9888
24281
4401
14285
24318
23697
32213
12736
24011
5495
16758
28959
291
1613
24739
14288
21672
22582
15294
4413
28780
21520
1280
73
16145
8195
22461
18824
28462
31578
21738
11695
5109
27794
26844
10313
14611
5553
7762
1708
28120
8922
8886
27436
2968
1821
24480
4238
15185
31635
19868
25024
32397
29867
25645
14791
16266
447
19218
24568
11417
19179
12487
5227
25284
8478
27215
16557
11187
21617
16433
8373
21201
17592
3265
30745
21930
24663
4000
10114
29591
1368
6790
13918
24734
30906
31551
9428
8084
26635
18164
6653
18308
10553
27308
16977
14421
11429
9490
29279
678
21881
19833
25026
1789
11324
3101
4688
4129
8099
26540
14228
27844
18346
19461
12927
19557
24292
28223
30042
25461
26127
12781
25599
6841
9708
29600
1097
19951
846
23726
4809
23988
22896
9266
20410
6309
20107
24916
6199
16325
22184
21195
8108
10783
22707
16288
23947
19372
10706
21812
832
9078
21237
9860
3686
21758
21677
12460
19259
28891
23873
2218
23377
12453
9471
5733
5255
10769
25808
238
19512
15709
6927
12293
25266
17135
4763
1759
8938
15417
24619
15398
19054
3039
18914
29506
19866
31004
19748
31447
11279
610
13991
21646
26977
17216
205
27161
32272
29065
27697
4977
21690
13747
1663
21090
10126
25213
5002
26442
20996
20436
3224
8990
27339
23800
10752
6829
14851
24027
11000
7977
24493
30666
20392
8163
15968
12622
14723
22870
32317
14677
9686
30055
15397
10637
13985
235
14633
18449
15783
23146
7745
3143
15809
32290
10305
27400
5751
21327
20490
11778
3537
24234
17149
23131
11371
32304
16310
27287
8136
4644
10998
24508
5864
14167
28896
28084
19741
30375
1641
18162
14106
3526
7946
19289
1613
13629
27319
7769
30319
1968
28693
26715
6489
28259
22248
18271
5401
14077
14026
13027
2117
13964
15907
22279
2191
7626
17749
10992
28570
25247
8759
18026
27148
25318
20421
15057
31973
9332
15894
29489
29967
22102
24206
24492
30005
30555
16468
28700
5593
17875
20742
8698
19361
23701
5548
9599
2034
8519
28651
24072
18368
26585
17276
16831
1189
28499
4060
23672
15408
7121
21060
31193
383
4555
17371
15038
19728
5786
18475
6619
32468
23096
8145
9124
18053
3656
13177
25961
26170
28246
2826
22470
825
7519
17694
18490
30988
31892
8885
1558
25303
24411
31530
22169
20200
16535
11366
29785
20624
23849
23379
7652
25649
22455
6291
30632
22937
18859
15731
17680
14478
25983
5402
15600
21418
3641
9735
32035
32106
2097
12218
24947
4993
10010
12464
16824
21618
7488
2197
23364
13149
20495
2742
27007
7705
21973
5301
12751
27012
201
32128
1723
22551
6987
28803
1615
28350
14701
2333
6082
3046
17331
16977
27734
29911
7959
3775
1920
19780
5712
11474
4681
11552
26708
2874
32244
18612
8220
20893
14817
24303
6567
24969
177
25085
22593
25518
171
3611
4613
13642
25438
25257
5281
18916
30856
12672
26457
21821
2103
14471
20047
20868
4142
31105
4865
13769
28810
17449
13843
28852
19366
9857
28239
31607
7483
14183
6378
6401
19660
28521
32520
5492
16193
986
5251
6618
11218
30757
5096
26644
14374
22882
7107
4882
8124
22567
12573
1866
27275
13473
19266
30562
30437
12515
19656
304
23201
32125
3532
7909
24441
21585
23423
14469
7857
13730
4322
27035
32762
31598
11469
20266
8085
14078
2358
29158
24507
3259
6064
8356
10557
579
18226
20240
8040
29372
30490
19614
19243
7529
7025
26563
380
634
30321
20836
2295
553
2884
21647
17096
29186
11791
13929
23244
7298
21807
21095
17139
24292
4035
18113
32233
22840
17770
17700
31989
25781
9038
23464
5409
17488
23137
18945
20379
17294
4838
14073
6491
14230
14644
23070
5638
5770
1974
28087
6674
6423
29239
31997
4140
6731
22108
25224
19926
10663
5490
2824
6997
886
31594
20533
29386
25437
5922
9
15007
25906
26599
25644
32548
26641
1079
23984
28538
10157
7627
26878
8625
32741
1749
7696
25133
3736
7302
225
4686
10169
15059
13858
23120
20390
7545
28719
12911
12213
21054
10305
1871
14608
8314
30693
32156
27076
2519
9901
6381
26644
18517
16421
18927
26643
28049
17928
10175
3954
1862
21172
22679
19350
27924
16348
28077
19949
7040
9597
13912
8835
16445
17683
20085
5328
23466
13580
27657
22229
7067
24701
12328
7783
21340
12052
32533
11466
13555
26958
9130
29825
12198
11497
16890
20837
6077
1437
23862
1781
31625
32263
29901
30957
18853
15590
31959
21018
11388
649
13748
3436
16139
6792
9968
5453
32489
5555
16746
27953
8068
24648
27830
6510
8877
2153
959
14671
23127
18636
1201
1891
14235
11189
30742
13339
2816
23073
21311
20116
6650
27460
23013
12210
11696
18486
17168
7022
32514
30698
9528
3185
9163
26463
28074
24033
24931
538
26414
18299
2153
11987
5095
24546
15807
1135
24186
6454
21717
19246
26227
27625
7979
7718
27620
9166
21777
16624
7758
883
31666
32161
21189
12721
27728
7931
25936
9601
24785
23269
18831
1041
10619
16665
3744
9496
28668
541
23106
12646
11181
8820
7995
4031
11031
28181
4856
5097
22199
16412
9844
9220
4350
29376
1627
18458
22428
2949
26222
22519
2558
30642
7209
15163
30997
27910
19619
28589
9306
17063
12727
18898
18447
22107
14945
9151
8391
20986
2666
28203
2088
25892
7496
22472
20208
18223
4160
32468
30774
5475
22477
24810
14835
24938
25669
32031
26304
1026
31162
23626
9441
2037
16158
29603
5763
16715
18603
5520
22338
25790
8578
25787
29422
13166
6291
32104
14735
3798
21692
18694
5286
2303
29749
12291
16822
17651
15147
7653
5635
15221
5547
2967
12186
14319
28866
1024
14225
8620
12003
22234
6544
25927
15240
28098
21649
4708
540
30603
18659
413
19481
24024
10101
5824
19054
14570
26193
29495
20003
13750
24167
11463
29759
8763
30348
23678
18666
5138
32706
6630
9679
23879
9914
13951
20420
17255
7831
19820
6061
11482
26869
31597
669
14451
24362
21261
15679
29510
24779
24861
24181
8378
19315
21856
15678
18655
8127
9096
24029
257
30621
12385
14904
8829
12743
24397
27006
25555
30346
5104
27404
2045
31180
31788
6290
6143
7757
13904
881
23232
24109
10124
16744
32536
7343
5801
27760
11306
17724
24310
23012
27636
23467
20358
19685
9252
25023
2712
10237
4397
13809
31063
25090
30619
20336
10180
16958
32675
31591
7408
10188
28415
32638
878
24645
13561
17827
13832
20893
31941
29962
1201
31559
14867
7282
17851
4768
25573
20907
1866
16010
20894
27221
29961
13911
28252
12778
17947
18410
13960
16639
18261
2328
13228
22982
21930
14420
27268
28120
23782
4236
28503
12593
11936
5198
5255
24188
17769
5167
26472
4242
18506
29805
28494
21821
25198
30163
25322
23873
17179
1501
18390
28061
23015
23069
12398
30222
9000
23261
3042
28885
6316
8454
15497
28602
6826
2881
26744
31313
25849
11867
14420
8572
25728
9454
30820
27697
238
574
20458
381
11947
27745
692
13257
23822
8611
28910
20829
5328
27944
18746
24098
23232
20179
8451
6828
10937
23143
26381
31863
7889
4588
25681
31601
5844
16213
16137
22713
29681
4447
13319
17063
15538
32700
31306
31244
15666
14961
1235
23739
30602
10365
5813
31048
30860
14779
23916
4111
25780
4105
1391
9592
20827
17322
32009
2426
15918
18153
22884
30814
17119
11519
4583
14534
17690
22583
1473
23277
19131
21328
32710
32048
15422
23075
11387
14798
11126
21894
13932
8684
29314
20079
31942
27100
16126
7261
6177
10910
23926
21235
8606
23719
22816
13030
28722
28642
17354
8730
16449
9461
14865
28424
31087
3013
30676
25443
1715
19260
4328
27131
29869
5706
8717
19425
19001
29225
3617
18636
20292
12774
7060
3771
13790
19229
1564
21724
22929
26628
22698
7597
2289
23210
9116
25697
3445
21889
25396
14725
25989
3355
10825
4835
25812
10033
25916
21159
12016
6889
18734
18880
16408
26200
17264
14729
30797
15686
32059
6313
23723
5426
18338
7992
762
12950
964
24099
23425
7021
23366
26065
19738
4849
23809
16390
22412
681
20983
16648
12308
29859
24204
29697
3141
767
17395
9893
3859
24749
21990
22548
3114
24438
30874
3842
5508
5953
15090
23317
1850
4751
24819
1422
1434
9289
29304
13612
8571
19131
8742
2381
5837
17376
8355
28759
22900
14048
12291
15702
25687
5847
2947
16615
32435
8920
30586
26964
27574
10034
3468
11776
14409
25585
6433
18950
6957
15528
6165
2589
6985
5486
13234
12735
28738
295
17883
15242
20813
9477
16009
30950
9793
30030
32124
21736
20209
12127
29738
15990
29880
13553
9212
32172
6741
11419
19641
30847
24057
2968
24386
10912
8607
27851
2177
21667
3484
22784
26780
9825
8567
25717
19054
26779
18170
17817
28471
27104
7049
18707
17042
12976
25523
18182
2728
17633
23815
32147
26788
27202
25129
29856
15719
22143
5413
20184
18044
8260
1026
11251
1870
21925
31643
56
21144
12222
31914
1344
2078
10646
1830
10236
23195
32330
12239
6138
12794
21095
13319
23523
32200
3223
32739
3913
3050
8576
23170
11679
14219
22249
11421
3721
1113
16926
5472
30551
31217
1430
16760
26059
21399
4564
14446
30755
22571
28043
5171
5715
28248
18693
22268
16531
16655
24773
21327
10009
2100
29548
23134
28456
18839
20185
9365
18761
9765
14484
10351
15577
1888
13677
21389
19651
16652
29792
23049
22927
31531
24764
4104
25756
30764
8069
398
6313
2912
31766
15511
15258
21421
2058
355
28025
3718
29277
19729
22716
5914
22991
29295
14278
26060
7817
13585
21424
9188
30467
6816
24648
10116
19493
26229
22874
27613
8365
29542
17711
22946
2000
24544
84
29629
28452
16439
30364
15426
16317
19257
28008
26017
6806
13577
17190
9247
13363
11307
18456
13191
4997
11483
5207
25884
14350
7843
32535
18899
27462
28716
6956
19647
16700
9557
23758
20941
3200
2946
19609
11441
18753
2102
27607
1056
17331
13797
11778
30016
32179
17155
11141
2909
6062
18273
29123
24541
16575
953
5210
30326
29207
16264
25513
10654
31138
14619
27792
15171
6120
23533
9590
23997
13617
12592
27793
18689
29164
16042
15201
12311
5713
18370
13182
10958
9542
9435
26772
26542
5759
9440
2988
14894
31722
11552
23469
22823
5706
2909
32546
24969
7457
11807
11069
29005
15828
14158
15388
28330
5642
7424
8780
20364
11605
19600
18828
30018
12820
1008
23763
28790
32152
21824
2964
16739
9093
2207
13376
26690
4219
20545
6157
23045
31734
705
31734
11592
12659
20409
23298
4997
29909
8849
3530
29319
1542
10132
2869
12833
2017
10057
9863
4639
20048
11264
28314
7293
22449
9643
4714
2007
30079
32751
28376
7713
26670
24187
10663
31640
29270
29593
32203
14840
10004
9474
7395
23536
30638
29431
18948
3283
17525
21901
4536
2192
29936
1097
17222
16356
23350
23532
3892
3278
26268
22160
28427
2884
27024
18932
14938
27172
30405
24597
3325
18541
6545
32254
25247
29359
28051
3296
2942
5312
22936
22885
24174
13233
29119
32066
19489
1024
17628
1804
14245
28687
6427
21580
14382
25301
23526
20949
10262
10964
18696
5717
9506
2379
3346
2859
26119
16812
26365
6008
2349
15696
3346
377
16562
5994
22791
31252
32690
9530
32619
1712
3270
20099
22084
15690
7626
19006
28406
1733
24804
5008
1894
23426
5825
11002
5728
11825
8738
30672
30518
30951
12440
24044
30890
8304
24715
23459
21262
8678
2177
17400
18858
16002
925
26896
31582
6579
10086
19174
9865
32109
18123
7744
25641
14532
26211
16354
7747
19641
1529
26625
17797
23380
9031
12794
2602
3315
23042
19524
7198
24545
17687
25763
13922
5674
1333
9375
31155
13742
4235
21045
23142
20085
12243
26828
9623
31554
19599
15979
24962
20587
29842
2344
3377
11495
14019
22756
856
8617
15646
22837
1149
25388
18427
28580
11355
31056
28307
2585
22153
8548
18624
12691
13911
5764
26116
13596
9721
13349
13773
253
28903
9966
17655
30254
7555
8138
29843
22032
31228
15675
3559
5726
28787
7921
22453
12641
26205
22427
4289
18020
11049
12541
29581
7784
14882
30274
10087
26905
21398
14484
17061
17920
12600
16875
16944
28153
22979
10786
6719
4328
22496
16976
17509
15272
22602
19029
28366
23108
29488
9395
12486
10858
9435
31904
26746
12828
14736
4697
9731
3753
12472
8632
18336
12252
23358
5897
11075
21363
14649
1562
6480
21714
23243
6033
19617
9465
18504
24706
15309
32436
13723
22593
1962
11025
1254
24693
13072
27159
23657
4974
2016
21429
21413
19641
19781
17657
31681
8177
13114
11651
18220
12759
5965
20792
5252
10149
1698
21051
24759
8352
8506
5913
25704
28141
17013
24899
8340
31909
4822
10178
7797
9772
26375
2598
26278
23230
4125
28607
29577
23114
284
10000
8934
28548
28094
6529
27348
24886
18032
26452
21981
3542
13726
32730
2653
25950
560
2535
24875
13656
31573
12419
20347
31544
20863
10210
10243
12527
175
32407
30557
18365
12274
3844
32685
17735
10795
9493
6019
14057
21524
11310
28675
28493
17280
31073
1603
16957
23523
1509
17396
12981
5139
11715
4933
18237
18768
18131
27140
30837
17283
9191
4102
28146
20163
22598
9418
32072
3613
20316
10329
8040
27541
3247
2928
20525
18792
10261
2785
3121
22676
23077
23095
24805
14490
11499
24985
17121
17539
9440
4849
7800
12577
30232
6733
22160
24727
6590
28037
9648
3868
22462
32542
5467
15611
6337
6254
32669
31198
5214
7937
20195
30029
12174
18748
28688
30834
8033
1600
10956
11551
9200
7441
21535
22034
28563
18168
3904
23671
3668
18725
4263
22190
24995
20889
5993
27727
1099
6979
4293
15211
10916
7529
6650
8981
21258
19018
21596
5921
23183
8450
16295
24876
18925
5805
3731
29405
28351
6863
10665
11625
5360
15092
21588
16989
29811
10643
10299
4504
10036
11320
23246
10390
15183
13538
287
18165
13697
10922
17908
3121
6107
9638
17946
12979
16574
8717
1788
31754
13827
28316
15220
12920
12410
23096
19168
25520
31638
25812
20089
14558
32102
30613
30944
4072
31431
26676
7162
14835
27609
19365
16638
810
29871
23542
1740
26554
22091
30073
14977
6689
27593
28453
24136
16041
2010
21050
4723
47
18036
13604
5322
25129
9928
15778
18978
29672
373
3623
1586
18714
12027
8833
1443
23442
29298
24504
20070
14924
31868
23353
27210
10667
6776
7475
12238
6406
26104
25154
3379
4451
2165
8267
2518
386
26434
21159
29117
2846
19391
20867
24432
13679
23503
14470
6154
10483
30348
8373
28047
22638
18745
12692
7040
15152
12407
19854
20909
31894
14780
23959
24907
17619
22786
16
16454
32496
9916
7915
22233
16402
14862
12559
19291
13308
29501
11006
16476
13012
19045
25269
14576
25642
30314
27348
5963
4918
48
10494
27022
6241
5647
11139
30945
31752
13185
572
20162
13948
28958
7863
9372
12621
4299
32660
29084
28104
6702
11055
2752
29886
7013
15744
2353
29575
25079
3391
27346
10823
16394
11339
8473
3952
12759
18252
542
19592
30556
10391
20465
30765
30288
25171
18993
12630
30812
25562
32218
32731
6536
32354
18271
7736
31476
7389
15097
4238
3528
13086
26430
11498
2669
10300
9717
30922
26622
16443
28457
32733
26617
18665
25212
2059
2619
3591
31422
18101
32043
22697
8126
31550
24117
32224
2656
4810
24186
16533
12016
14661
8133
2744
8630
31656
24001
16795
10699
24439
14186
14744
30251
5006
11458
3322
10506
7710
9413
23067
11628
11251
3998
11465
2800
25848
31003
5870
11244
27132
8031
15472
18879
24502
25047
22103
29539
11015
7279
28974
25154
17024
17157
27307
4427
14628
20765
29330
19012
26223
25047
4822
7522
20375
1055
769
30487
13841
7972
19159
18475
28503
31499
30774
29710
27113
16868
27713
31085
913
3293
958
2307
5356
20917
7867
32434
22054
17524
19320
28882
261
346
6273
18889
21545
4885
21019
8155
23442
10551
12001
16196
8802
4838
12207
6788
12772
20949
14015
5371
462
22900
6674
23477
15811
20068
13586
16519
1052
23086
15733
19291
488
26420
24420
30152
4145
22760
25821
17638
13954
5179
27734
13664
13989
27737
29347
11722
1457
18323
13337
27445
22085
4252
10484
7169
6158
18425
8438
7411
4239
18867
16977
3207
28961
6991
28615
10376
3640
22015
23056
10717
7145
282
16508
4774
5033
28874
9433
8840
10072
32005
30359
25924
25982
9406
31018
3983
29396
29020
27056
7710
32006
11883
10196
27392
19127
18833
26098
11568
3269
28356
9340
5739
21711
13499
31900
831
21749
28066
32282
29029
19679
28690
9345
12368
18433
27712
10109
6
4381
8565
10888
4655
32521
1982
4037
8555
32434
16868
29228
4841
32353
27550
2792
22070
7741
6150
1533
30546
18962
5194
2606
5897
8272
17060
30750
15744
19031
8588
9397
15119
10737
21292
4805
2894
32
14612
28654
28275
28955
30767
22719
11483
2451
30965
10269
14566
10554
14307
21993
8968
30342
31272
10461
5149
16306
15010
16311
16893
27911
25352
13722
4689
26713
9577
26033
24485
7636
2517
4629
5310
31225
1114
29169
4653
2275
10034
27364
4644
6863
17722
31142
32393
4571
6310
3567
27977
15630
16883
23956
14063
25753
13086
29427
23413
27484
23316
31378
10585
10668
9577
5123
23284
25940
8780
10763
7688
2777
27323
5635
14744
3075
5363
4733
17916
1944
19755
16683
11060
7787
26241
18429
22909
6549
30773
18826
28706
17923
23317
15537
18069
10545
6968
26496
3006
29492
12783
340
28563
20990
7161
16450
2793
2526
8182
21942
31113
30534
22814
7770
23175
24017
23091
2362
10959
10372
31924
31269
11777
32597
12372
11094
22911
21993
24235
21076
30148
22434
14122
3094
27127
21721
30548
21611
26047
5480
811
3225
23898
13420
25065
21828
3049
26953
29425
16274
28686
25070
28421
6541
30393
4698
2489
22985
18495
7518
18216
28230
27565
15013
23013
29335
13403
15859
7477
4420
11716
9130
32635
5230
31124
18066
28915
27057
21507
8921
10915
7503
12898
19033
24975
4234
12275
28186
14893
28497
15614
8472
4120
10527
17441
14406
26120
28961
14824
27602
4610
2455
19102
7595
31180
24188
6754
26945
29604
13161
19325
24716
7985
26807
16114
6735
19130
7140
17239
30110
14486
10039
9700
13982
22756
17575
22986
24716
19324
22522
10693
28928
15909
9258
10229
24691
31496
28684
20458
3071
15204
24115
3838
27751
4740
31763
9959
15959
1262
19554
7820
32749
8158
20676
13592
26487
9458
22182
2893
14207
7719
2922
30492
5125
28164
7109
13682
15627
12309
25190
28244
21079
32155
27097
16174
1140
27266
17834
16232
22266
20115
1741
13115
22543
12011
20285
24771
28974
23468
18660
15189
13607
5618
955
22802
20327
21001
32562
26300
30842
27101
25298
3529
5070
21425
10785
182
23226
12564
18374
8606
14526
18961
1005
30475
15629
18599
6637
25356
17736
18553
22824
20616
17805
3781
19763
19153
20912
32410
12600
13180
19400
7494
12952
2673
23534
15118
18132
31806
5441
5155
6317
10929
27694
32209
20618
25509
25070
29688
15387
14876
2383
6848
6460
13710
18616
2185
2076
2945
32103
27681
26782
5978
25598
25402
9983
1139
27198
5403
15290
24173
19986
26005
25256
31688
11727
21561
19820
30384
28090
23496
21774
10266
5835
26091
28390
22800
4784
10020
26812
7753
26901
30469
12333
4605
25123
30880
10576
24567
12870
10046
22682
22508
4916
6996
25599
31243
28203
7090
12122
12757
31609
20222
6159
13103
31554
8545
5103
11702
27518
12928
14172
19026
24385
24494
26285
9998
23359
15967
14036
17703
23439
6880
16701
7522
26287
20294
28410
20131
20937
1701
32542
6844
6708
16514
19558
9603
30782
10378
5663
10791
3881
5764
20547
6852
24179
19076
16102
24116
22619
14689
24784
8233
16800
32106
28012
26488
16012
16213
27105
26296
12593
11128
6526
15116
19699
18236
19803
3389
838
15054
22333
18700
11705
25367
9147
24262
6452
16367
16287
17176
22141
4749
19599
8485
29697
16450
10477
29398
1234
19816
20219
29553
6380
1173
12099
8302
2748
7700
2614
15494
17891
31637
3347
2316
27447
19491
13834
10624
30218
11351
17314
25954
18096
5835
13144
15428
13883
14546
5000
35
6025
32614
11409
27127
18817
28770
17717
23689
16025
9202
1598
18821
7579
29255
16743
27856
24490
10639
8057
21019
3968
24612
31157
22713
3577
14083
25202
10669
32725
8321
8455
21512
18617
32569
9451
882
14200
12617
13339
1286
18321
23486
22716
3683
7161
2636
20994
31487
5914
30531
3152
29631
13339
4030
25761
13509
1378
2077
15142
25994
31831
5302
6448
14124
24171
6856
28241
15625
2906
28080
10430
13196
30892
27744
11512
10567
1666
4876
28844
15938
4495
21798
15575
28051
26213
21389
23341
5423
31218
17154
12988
12288
2890
5851
6093
30264
4775
17403
21259
22500
8621
12289
9191
1476
6387
8384
16954
31834
22208
16368
9004
17729
17170
1826
1366
25280
23781
10234
2083
6559
11441
17560
21116
3385
16437
3159
3236
25043
4979
4282
12640
22828
2812
26275
31324
7509
25453
26566
27594
11715
14906
10334
17228
8867
5034
29982
19988
14957
547
28011
27209
26044
21160
3528
14253
17757
25248
16018
15230
20134
729
15085
31642
2569
3020
25598
21734
8169
1827
21595
4335
10155
4728
18367
32466
27921
24416
11011
4954
8131
29864
26697
21609
8495
5342
17275
5017
25747
28179
23284
15394
5464
30432
8316
14335
30626
7335
24186
12364
14117
10011
7525
11507
6202
29955
32124
22407
16178
30267
22711
25968
490
1787
16637
27977
30623
4187
11927
11142
15108
4631
29413
31322
4754
31120
17231
216
29472
27156
28799
23896
4275
23135
7629
20252
29079
11106
3323
9011
14255
7235
21027
26782
5129
16292
1005
12210
6325
22056
15365
22717
23768
12851
31693
13804
9980
2290
18767
1132
4522
21660
6261
208
24123
11255
21628
6835
27115
13085
7590
2974
31023
2432
3887
21804
19785
22828
8579
27243
14361
27468
31918
2182
8758
26096
20244
673
14141
5901
31842
1285
11369
28869
14532
4989
21860
6889
25689
18175
31581
15805
15076
3727
10843
27131
11204
30561
26833
16922
28198
16446
3442
18639
9593
15400
10054
30933
10786
18497
11262
2538
19057
22761
24709
1818
6100
25127
12247
6719
5195
8010
25622
12489
21532
32208
30171
23995
26568
12166
26058
7414
8765
10225
21609
23482
3917
2285
19506
27242
11871
17044
29158
15247
17765
27233
3877
5152
24590
3477
11068
4353
20284
730
9790
9673
15544
32551
2646
30920
10021
29155
1883
16457
23090
27725
19621
1300
14100
6171
13599
28215
24884
353
31134
31238
8996
14261
23921
18529
8152
2705
2362
23093
9235
25849
2044
27205
11295
3165
6772
17195
29121
18112
21677
13977
5740
11290
14799
6629
15797
9979
18999
27589
11271
26738
14285
1879
15768
21293
13458
2148
18843
8673
3961
17637
17848
19693
4984
32710
15801
29498
23774
14571
29574
19045
6375
15985
15187
23072
25486
25398
26648
1749
14242
32411
23617
12173
9500
6536
4775
25361
16816
27825
13248
28750
1954
5144
2834
22014
5851
7123
28910
21893
3132
18960
31834
11545
25394
19030
4431
15654
5515
7694
7973
7409
28040
30273
9035
25211
15923
23203
17467
8616
30194
16849
6317
26272
16221
32471
28427
12150
9293
10229
10534
10504
26421
23203
39
13094
1718
210
17608
28662
8045
31605
28612
25238
8208
22080
5771
24836
953
26799
6203
23867
1665
2123
5836
18847
2129
12329
4234
7323
4597
16819
11721
14217
12402
17066
5844
13522
6810
15468
26150
24918
21725
8307
2781
25870
18274
22047
12139
24303
31319
21941
30863
30738
27781
29863
12420
12819
14375
18198
12920
29879
31228
14997
10815
7889
11931
20016
31817
7782
31239
2989
27089
21519
3459
9745
17752
17823
8103
24934
19282
25606
10932
10172
29471
26741
25893
28526
19516
3267
10374
22182
15291
8976
14985
6179
11760
20648
11351
15674
4206
28713
17444
12571
10290
24297
9478
6486
6173
14738
10503
6046
11176
19471
8569
22732
14803
14508
29065
5415
13406
6776
14103
26082
14140
9966
30149
5094
11333
4821
30798
17362
22315
15973
23578
9024
23983
27819
31503
31563
8212
2607
10153
19534
30164
18131
28493
22253
8851
1790
22234
13914
5969
28666
17794
28625
21475
5019
4568
7013
31908
32546
25897
2559
30824
12640
26896
3236
10929
15391
29509
16630
7718
5309
9142
1790
13120
22554
10457
1064
10055
1461
7744
22415
1917
30225
14702
25467
25753
4190
14569
20520
23158
853
18832
11210
16397
1380
22063
19405
5025
24587
30033
21345
30521
19078
26965
822
20819
22444
26308
13956
26071
31511
5346
12623
31562
27013
31875
9193
24644
22654
22816
1976
25892
24887
42
14649
7682
2743
21150
29509
229
16184
27866
3988
13366
12496
2223
12415
8565
29008
17847
14346
8235
16749
19433
12321
19744
23325
31850
2082
25037
15172
9382
19356
8212
11920
26528
13911
9775
9633
20870
18836
16103
5230
18825
18069
518
24804
21996
12896
22798
9424
26202
18113
15403
18174
6268
29838
15207
12194
10955
23342
10269
7160
4515
22876
29360
21800
25241
6953
4220
20076
2575
18752
32269
28276
32518
15726
12687
2058
26931
24674
4486
17906
27988
5297
17344
3604
5060
21277
26759
8157
32077
23574
5659
29154
23102
8833
10335
4806
22462
21433
14546
4446
30560
8403
21185
12308
1272
11559
14267
26505
7852
17931
18502
31871
846
18402
25808
11509
6889
21590
23272
14483
28057
15841
12974
18505
31904
19602
28808
31028
12727
16398
7959
3777
22690
13013
13674
4116
22279
17094
11633
21675
5760
8934
24244
17470
21743
31325
28996
19946
20242
13505
31986
23183
31063
10135
10432
15991
15089
12567
24213
28216
24363
13360
26421
31451
12540
5580
623
6461
29916
8021
20377
14518
13527
27256
6713
27897
4832
14889
24325
12091
5479
25831
7438
15000
8750
13377
18232
1970
7000
23961
27117
11163
21187
30760
22802
7669
18327
5186
31290
10839
25119
22491
32538
4339
8664
17483
9278
6774
29128
2382
18426
9008
5905
2383
28066
24949
28102
29414
253
27459
26621
5023
28152
16164
806
18429
24728
21590
10139
11454
16690
30250
9848
30049
16606
28330
18860
3046
2601
17534
10832
24021
27146
4113
16696
31361
1304
11247
26056
26254
27897
17522
12041
18609
10782
2717
27388
21431
3501
3656
8239
4553
24511
893
19853
29934
15820
30499
23674
20689
15715
14041
31008
8645
10015
28709
17667
17670
24022
19150
6108
1601
17939
646
17060
9815
16839
17356
2287
16223
5179
20497
17531
10730
16969
11546
26377
18314
17100
25509
20075
22165
4949
4431
7903
13094
1312
20917
6043
10597
22086
17114
5545
15624
27443
10441
14581
2586
15451
29819
24485
8955
19497
12794
27560
4009
14648
8647
1682
21053
16582
377
22439
5305
17766
18344
24629
25600
11764
22281
29224
7206
12494
27866
29912
27114
24385
20097
27685
1409
1346
31344
30150
2710
12639
24651
12510
4494
30965
25677
17360
28176
19618
12776
29781
14021
28925
8619
1484
31324
28549
13929
20945
17874
5080
30104
20240
24560
18726
7927
31323
24085
27620
1908
22011
30261
25541
6988
29508
12834
6630
19316
14957
26634
8008
27192
25758
7233
6020
15138
23625
12353
15290
14877
30654
752
2507
24026
16890
26145
29640
22899
17856
3420
9130
8526
3820
23010
10051
14149
22019
10220
6260
515
2574
308
5537
13233
11433
22710
7778
979
13399
13240
10363
16492
26904
25608
271
31337
28478
14213
19984
20796
29820
16608
17402
8648
13120
7588
25537
7293
16450
23924
21767
1732
22109
28308
12435
11165
5279
13228
20223
16262
25244
9928
28592
15264
28423
11682
19468
29709
31875
804
27366
28060
28854
23081
18493
13992
22943
7556
9511
18237
23850
28995
5128
11389
18178
22837
5383
834
10407
10409
22211
1541
16320
8057
28481
12799
5810
22599
8490
18317
4977
27655
307
10713
26775
28349
4060
25015
7347
10632
7005
18381
7139
13792
32221
6647
1957
24092
3046
32746
14570
26423
18198
17175
10348
10195
10519
15826
12610
4222
6865
17843
25009
2357
27613
5436
20038
18470
24125
30909
6945
1466
6731
17013
12180
12755
7920
18938
18413
3667
534
31451
22927
21213
5472
13955
32072
15839
17176
3424
21470
14032
14185
4933
6379
26038
10702
21261
22507
25580
23242
9602
30612
27170
6618
28541
3942
8101
26536
2894
15234
28385
2177
24925
25279
804
6921
29714
8955
21412
1837
25331
22447
24516
22874
10508
28358
147
24044
6804
32688
29589
4330
26061
22706
711
13808
6956
30336
28125
11372
186
6669
30926
21517
13498
28834
17298
5497
25484
558
20266
25407
5329
23005
21474
18188
21456
7403
19667
20257
14105
955
23723
28676
2919
26915
28593
11894
9675
25610
16131
9638
8455
7990
6434
15780
2616
25439
5041
9752
16569
1928
2682
26932
3395
15247
4018
10983
13401
24834
12670
26708
2019
26164
14518
19330
15385
22416
17640
26453
930
6958
27040
28605
14077
2724
12518
16941
2849
24351
9993
21071
7008
9138
21403
20214
19089
8685
17341
4948
16238
31922
2461
14445
59
27972
21820
23243
29097
22177
2677
26739
15609
8978
30779
2841
24932
8192
5410
656
29883
19465
25888
900
22347
19283
27797
28267
24323
30240
21642
29369
15833
13731
9270
29267
10089
8979
13255
14663
31199
7421
15455
23994
28184
18142
10588
23586
4868
9969
3804
17333
6223
22086
27008
1824
11328
30484
2929
17789
28897
25936
23201
8063
19552
21886
17492
27888
6325
21960
2526
26206
30341
25933
19118
5905
18246
5563
28555
11072
4773
27424
23326
28292
23332
28157
945
3724
9736
9117
23094
30227
14962
24740
8843
21519
23500
10731
8444
9003
870
6027
16650
17784
23905
28216
6506
2143
3277
25297
29009
9435
31502
15412
10991
4069
13956
18263
14137
12079
9323
20885
30444
17940
2559
7493
11471
11983
12516
1169
25912
13292
10950
16006
30417
7677
30781
31335
156
18830
5875
17735
2357
22875
15112
28118
9048
22720
14261
23164
15266
25200
23344
1444
29596
8042
16848
5211
11765
12841
25714
15129
12303
25115
26139
25822
31934
6997
25823
20609
19532
5765
20993
6213
17856
15656
5467
22446
23903
7677
0
25491
31860
1465
21025
18547
22093
4092
22573
781
3718
17540
25404
10026
5258
5281
8366
26814
22614
19688
5391
15151
15488
20268
15934
31477
27000
10410
8399
21859
26127
22660
17581
25284
6453
23153
25860
9898
6407
18866
22366
27267
27401
12360
28172
9837
6575
22116
22983
27724
17187
9759
20119
2329
1346
30571
28660
20605
27367
22601
18475
18078
15981
9533
20228
7225
25967
1535
17314
12529
10706
8820
23978
4070
5126
9180
6568
6794
14984
22093
9390
21936
10924
32352
11070
3302
20121
14122
3945
16389
29845
27758
19001
3846
23427
17680
31821
6167
26793
4557
29123
31726
27319
5162
7515
31838
3589
12714
20184
26920
26141
26436
10410
20243
12409
4372
6347
7487
13454
23121
22759
13494
25865
27007
14783
5700
9816
7398
15823
8841
24172
27458
18222
8268
12733
15548
23735
32018
4495
20505
19046
31727
32628
50
8452
18077
10771
32164
22791
5323
18215
20680
7348
23991
20171
14310
32134
18431
31732
13733
6355
19381
13887
25542
28589
15025
18669
24082
30215
9003
2859
22929
7448
16521
23959
15357
23813
28277
8449
18294
442
21043
2670
11895
16152
11825
30819
9225
20566
5088
11616
15415
9889
26563
5034
12481
27398
27590
28237
24085
22418
17360
7010
3194
11192
10395
19342
22927
16370
15556
21195
22004
31915
14366
30315
11079
14429
23884
23642
24146
16631
28047
32675
386
5249
3804
20021
27547
3330
22578
21480
18091
930
30762
5819
2877
12044
10704
2143
15310
16662
27569
12538
29829
1956
11573
30501
8990
5321
26159
10550
31528
12848
19635
11205
31344
9147
7464
29033
4541
32105
10397
8131
17853
4221
7521
1470
23616
13277
15821
18196
27044
27576
31077
24853
21136
13419
7200
27812
5606
29862
2051
16770
29426
23242
11508
24271
16360
10646
13006
15565
1165
14339
2481
27624
11572
10348
21660
9459
27116
6898
25149
11957
3576
24351
10247
15524
895
26826
29574
10992
10117
3130
17903
15299
8730
17806
3580
14792
3793
3931
13302
9194
2420
3224
11283
18014
29430
2487
771
25827
681
6421
6342
23112
30641
20116
32192
20783
32441
24198
9743
31250
8165
9166
26396
25219
18695
20801
29552
20920
18453
21075
18634
20038
18907
7919
17518
12589
12525
1702
20927
27157
22752
14092
26384
22743
6585
351
17592
24639
8102
9066
10852
5649
27372
6057
30386
13385
3105
12462
25851
12199
28827
963
23919
5995
21288
26321
2920
8798
9471
1409
11768
3345
759
20896
22212
11625
2807
21192
2838
24411
9646
6461
31533
12021
6276
22549
17368
25502
29648
27292
28227
20638
12619
18678
8720
3809
5829
12294
15785
1015
12566
143
18645
23136
31576
6553
30090
20231
1619
12823
8963
30732
13369
30150
5905
26822
23700
26968
25014
22281
27772
22994
7920
9636
22285
23347
2771
30766
27160
6742
7130
13315
23321
1561
6015
4745
8297
5055
21769
10424
27317
8851
8870
2009
21167
17102
185
23437
3843
25531
10101
10514
18061
11545
2731
5058
21193
1985
20448
19164
1675
6537
27299
1159
19696
14439
21278
10772
13460
6362
2794
6532
15109
15237
25640
8266
27768
24093
16077
4946
11195
29574
12349
10305
13931
26425
18716
29695
14695
12265
28000
12915
2436
30054
29355
15245
21635
19905
30937
18826
24128
21937
12500
29811
7723
10293
1456
1767
20732
31099
23540
4123
21155
22785
23349
22303
21630
24314
30186
4963
17359
18675
9083
3705
29805
18870
155
4892
25530
4207
18904
19826
10196
19213
25712
142
24336
10219
26983
13625
13220
6832
26326
17906
18339
26740
19334
27699
7471
16164
12477
13046
20202
23591
30296
29304
11437
1601
25882
14653
4221
24248
19268
18004
32698
19894
18278
30940
27802
3567
13684
22727
11222
7043
29212
7390
29347
2598
26711
20997
28900
1662
7487
1985
23454
1740
11808
9719
31660
28367
29905
20471
5300
10982
17989
30904
14425
1652
32605
3173
22962
16776
21504
21273
13563
10686
5230
28904
24459
14944
23761
10014
5126
2001
25366
15051
3796
31276
22266
9343
3794
6952
2152
27986
20039
31551
18434
23847
2073
29199
13822
24114
23873
15872
29491
14776
11900
18215
26739
4630
15939
2410
6172
15877
12030
27109
11754
26908
12661
31629
16655
7575
30599
30483
31878
6998
16158
27148
8612
8233
2402
24910
6384
1354
21037
4765
1332
22059
23487
18823
3284
17522
25268
7052
19807
7490
20019
10114
11620
9149
12391
25656
135
29895
11059
16986
12755
22540
3361
9620
26706
8772
15004
30970
23003
3254
14176
25256
16428
9722
25646
23205
9273
16388
17604
10510
29635
32606
25100
3952
5419
28597
7316
8565
28041
16791
830
4291
3321
5499
569
28705
30005
30722
32303
12763
11881
29564
12224
25960
7746
23214
21296
30795
21832
12499
92
32311
18031
21216
16115
17526
7400
17932
10978
13452
9277
20368
15632
18967
30365
14763
3148
8185
25973
27114
6788
22713
20544
11430
567
26151
23967
22990
6188
29759
19116
14055
21861
31568
17547
14928
7503
15710
67
5067
13371
12996
1228
7737
31249
10781
23402
7845
15683
8037
6713
29828
14849
3676
32008
7995
6572
17451
106
15586
1676
29770
13067
26184
10181
5281
12609
3127
6535
17646
32483
14841
13702
17766
13150
24858
16298
16543
11269
4720
19207
27821
14505
18521
27407
18316
30314
9796
1286
29374
19660
20851
21943
29236
16654
18175
32614
21106
5047
21276
13317
31215
23665
3486
20395
10682
6170
32700
30529
29027
23833
22292
3967
6681
10734
18928
8215
19728
525
4296
30511
31014
19693
6408
8469
15301
11100
21778
2094
20747
14101
19847
20784
20264
24724
22467
18321
12552
24361
5542
28224
29747
26444
8858
2194
19953
6960
4561
12159
15281
27035
8655
18190
29355
20212
18729
26638
29381
11422
140
4615
16563
10884
28160
14704
2915
22261
21870
1570
16536
30899
29280
22029
21717
18246
7945
22570
17020
32150
27781
21424
1079
31417
4194
28555
3735
25866
19294
3594
3323
891
11634
4312
26036
16684
23312
6445
18790
3900
14250
6213
20913
6367
6515
17426
29457
32176
27241
17454
17923
1609
23187
11027
27498
1809
1927
3982
4144
25942
15664
23153
21552
29340
13262
7305
6228
4660
28478
207
30714
23824
9084
12002
29085
14293
16998
12725
689
3890
5827
13957
15054
11889
4227
14351
2577
25675
9800
27135
20160
27137
28710
30891
26156
16552
24487
28929
17628
30916
14611
25790
23015
6169
12782
7906
16802
4542
22721
31840
2939
1139
10782
15641
5925
13108
30430
24843
19702
27663
32685
26054
13709
20786
27081
30752
13495
14408
28934
28202
27540
5126
31510
7523
1525
7168
28679
24875
30473
9922
31757
25978
26937
27164
7810
2513
25936
5565
10795
28785
29919
31747
6845
3532
17376
15634
25503
19513
1433
10276
7154
6123
8387
18208
11215
26404
26348
18541
24271
4774
23322
15112
32721
4715
19377
20692
25079
29333
17302
6962
31474
5288
5781
30162
29312
4343
3328
5065
19250
19548
29337
25315
2163
5676
3250
14650
30150
25194
15251
263
29519
29755
19228
22201
27541
3226
13996
19780
22150
29005
25665
19644
28092
24600
6880
16162
30206
16944
14391
32638
16906
13298
27009
16173
21137
13525
27562
21885
14212
5022
5811
11639
5774
27347
14425
17916
31458
16753
497
30740
21046
9185
3479
30594
15119
18729
16007
16796
2112
6240
203
28249
7597
8804
11287
6060
2645
25551
3569
19216
912
25382
24340
14692
9620
32596
10263
6394
7486
599
22858
28139
7952
19514
6625
11437
20342
10819
4692
27367
77
11885
13829
4739
26533
6936
20516
19205
13254
14080
22479
3356
8306
7532
20350
5239
29034
24232
13215
9178
30260
1204
15485
20337
31514
20542
30566
16740
19318
16846
31501
11435
10541
17217
15149
25124
23930
1400
16239
15331
18157
26193
16782
21193
2227
29398
30393
12888
16151
22965
2105
32453
23881
25073
32595
16719
6238
14806
10352
20176
921
12850
12667
31890
16873
14786
1931
5987
28850
11499
14274
20716
12240
19882
22389
5950
27354
30670
14220
2734
18339
25957
26412
1507
24071
6004
18836
27693
7396
14059
17221
12824
102
471
16998
21570
32136
6362
9830
12393
18135
16600
19171
29896
20089
27892
14795
6564
10607
9403
18625
6434
14359
6814
9666
22875
14325
1702
5896
31922
8882
6499
29230
3174
32357
6950
3734
12643
786
2928
14088
28510
14704
21673
24219
5664
30448
26645
7385
23842
23290
22021
13598
23899
12666
13898
11585
23894
24219
29935
14198
9095
14290
22312
29555
17119
28191
19589
19154
5534
28048
24683
27831
23145
22022
24517
11442
10140
28987
1783
18663
10465
18948
19475
23404
23298
18644
6480
31474
14843
31106
3000
20136
5460
24140
2592
6492
32429
29723
18525
32739
1691
19465
2741
3772
15282
24096
15764
17136
8163
31076
13696
6716
2057
29972
11087
28274
6590
1838
18584
8221
23411
25649
22631
21604
2752
3110
28725
18993
11512
26849
9495
2706
3585
8581
8501
30815
8546
18246
11646
797
31134
16243
922
290
18881
3763
31776
29946
9528
27023
27914
16906
29157
11824
19558
5235
16499
11114
27470
57
32487
22778
23833
7077
14712
25868
24275
6375
23969
15105
21227
8960
13172
26478
9516
479
305
32104
10990
18890
3351
24831
21390
6656
29050
6920
15643
11933
30486
6688
338
18877
27043
1261
20173
14308
6826
423
8823
29598
1686
5847
13635
11362
20494
2399
29214
13500
1410
23483
2082
7084
25860
21126
27916
30025
4698
8768
25584
5801
29521
10830
23595
18693
9812
24898
15514
14361
18236
22109
28425
8138
30314
27730
16366
32011
22035
12621
26200
17921
29148
30772
18466
28005
17575
5933
20076
13611
20652
28512
24139
5217
32203
8702
18880
13401
12832
5762
19687
18698
22745
13879
27505
18612
19268
250
16980
18115
20524
24385
8641
30198
9574
21852
855
5568
18343
31739
12438
20207
27801
25073
11670
17291
25389
15159
15353
22017
20018
308
2590
27520
27943
26683
25239
11684
26445
20054
28638
3922
19713
1858
26691
6371
17225
10682
13865
16260
3501
16889
28786
19420
27208
3450
14136
5104
29726
9218
18622
3140
32688
12768
25254
29763
9678
10099
17252
8673
28845
494
24562
12415
24377
4440
8645
5903
12972
24535
16641
27000
14944
7725
3817
18748
4577
14723
17561
18776
1351
32358
10743
18796
4035
27919
10471
3099
10359
8935
8382
3253
20875
32074
3578
22547
7549
22923
23088
27843
7864
5689
26693
26214
30057
14753
12513
30805
28558
24980
801
31627
28495
24683
15756
5055
2962
11079
4937
12240
7882
32158
12687
26982
14351
22003
22876
2007
8820
12260
16746
10823
30357
8042
21599
23828
27247
12637
8003
7793
21365
13622
1080
5712
3808
21529
1381
1414
17478
6419
15412
12329
13934
20128
20669
18237
5731
21872
1410
5520
3271
22634
11100
29667
28010
498
4533
18506
18715
5735
18168
5334
20926
6128
15686
22896
17567
22393
10091
19720
20230
5880
8720
12784
8460
8437
32049
18818
8876
31049
14802
11017
32541
2854
4078
479
31327
30807
4273
30418
17685
28105
14567
18636
17042
8523
1971
22708
30006
23698
28036
11407
1275
14720
10053
11755
5195
29606
22996
10109
22293
29447
438
17929
8223
29726
2825
8322
22686
28963
9657
2931
5636
12427
10743
15261
16921
7374
8423
31713
2381
18796
17817
31329
844
18738
4667
28899
18900
14777
11661
11382
29123
10289
19605
14423
6773
13148
23699
12309
1868
3805
2359
31988
30608
19379
29458
655
12410
2561
10827
32450
28043
30736
16787
8391
11042
17046
3418
7071
32590
23097
25411
14260
29921
12879
28118
10172
7366
23784
26742
9440
18836
10254
22418
5662
10594
8267
4383
18156
12766
7276
10565
28958
4761
13957
5976
7689
8613
22069
9995
8937
30306
12331
2528
15488
9877
24297
7395
3584
22970
30920
13976
1835
9884
18237
4402
30137
28450
858
9477
17914
11884
15256
1854
14012
27934
18131
8402
1135
20476
26774
20916
20359
29880
2713
21579
16930
4359
12168
29987
14571
2042
774
29411
29502
27020
10994
6783
3725
4216
15849
29614
20738
21069
780
4511
1893
30147
24323
23527
31297
25424
4674
25535
15938
17399
11402
6508
25570
609
22963
30206
19012
25134
27562
27965
6496
8589
17846
15329
10081
22794
3327
26113
19787
3496
16976
31182
28385
10544
10524
27265
14790
19656
8127
6034
24546
12743
19719
21547
20743
3272
18163
732
14293
9982
5818
6544
15835
8647
15887
8640
23294
6275
8612
2278
13343
5286
31981
21813
19704
2060
17190
4743
4423
16781
4503
2967
31023
4050
5911
9072
19675
1638
5327
25381
19300
6416
23616
4035
14581
353
28296
23684
6189
8841
8416
3397
4804
24431
27242
7482
21874
5888
16170
15841
25356
15046
7249
16948
8945
13245
10690
18979
11940
2403
5327
16961
8890
32527
2115
3006
30455
7043
26022
24725
8628
20164
9148
18438
2691
10794
30287
12103
4118
24243
9006
31351
9565
30108
10358
8659
18927
30515
6160
12076
25003
29671
19579
12185
12191
9121
23244
28009
30761
3927
26099
1627
3675
30942
14143
12818
20644
29951
16421
19651
22701
27598
26941
31281
25218
29495
21133
29915
12018
14298
26890
23923
25912
26649
30044
7827
14299
21870
2018
14508
20690
16386
26102
2623
18668
124
23666
26703
11887
1047
7026
6934
24319
20216
32604
4855
14530
30910
27422
27060
26306
22362
6071
993
19603
19489
31993
26264
21813
26399
14221
5487
10555
21679
4151
3239
4141
18761
2139
11174
300
24474
4033
9127
9940
7386
18325
16049
23143
3930
30386
4805
23079
15196
4896
30044
16131
18984
1242
17169
30070
12124
1493
20378
15789
14468
17215
4604
30440
15082
9220
24831
14882
21424
22679
21472
2036
28187
6127
6983
3511
1074
11728
26232
17897
19848
15947
10445
30673
20566
25224
21348
23142
2252
707
22293
24174
6825
4501
679
25571
16650
3189
4419
24218
28799
25982
32040
11815
24420
14963
27297
11515
26735
32000
16180
15055
31621
28738
14621
17990
4306
8074
6907
6605
21016
12894
16328
28614
28231
16833
11022
4583
19279
4789
26968
2012
2610
23037
21735
6452
4445
27943
4775
9850
4408
1226
23394
7586
14076
29709
25906
3496
453
31080
316
7539
28136
3247
16795
27135
27270
20044
15259
4027
19809
31691
14888
25392
14575
3485
29830
7396
10413
25109
7490
31870
6070
6583
23912
10026
30100
2226
4086
17727
23894
25003
20881
8992
17122
32188
14455
22880
2701
26045
18613
16425
16105
194
30874
12766
22750
3044
22891
24831
19965
16197
14424
17741
22800
17486
19375
25647
12534
24891
16464
30805
8622
32218
15201
15515
15281
25999
9282
24112
3461
27292
19139
23031
7055
20127
15765
18733
2601
5212
25855
24909
11764
7869
13778
11056
30319
16663
4255
13689
26313
9391
8487
17968
4340
10109
21011
20397
18171
6192
10470
11448
30357
29554
7727
26606
25338
1644
17923
4711
12533
6797
23722
28053
31035
3719
2969
27759
21755
155
31392
20431
6326
28183
357
25113
12625
27677
3345
5662
22377
23973
3657
3392
3302
19141
864
18646
6355
15665
29387
2770
30061
17918
27093
10657
25721
4267
21396
23378
7643
10081
15387
15355
19557
19578
21489
4952
19693
3393
18370
7606
25506
29176
16469
23567
23456
28448
7870
12151
17601
31732
18645
17334
17334
29239
6630
3383
10327
6959
19370
24097
15928
3570
27510
22211
2941
17120
12211
13621
29167
113
16782
18492
26191
1329
20208
2415
12778
4872
30897
8856
29293
16319
28937
25181
19451
11968
24135
25632
381
6173
21957
28451
26425
16596
795
20720
25511
18514
20371
14072
29311
28469
7645
19322
24087
15190
28164
6566
8940
7431
32161
32003
12670
31129
14415
8206
610
16162
3166
20004
12434
25980
30668
7329
3591
145
24944
12106
26250
18390
4729
7144
25799
14102
25623
12598
19875
11377
30072
9469
1487
10148
32246
28030
5533
3723
3983
18960
7955
6884
23957
16138
31295
21845
23462
2275
27593
16817
18655
19096
10703
8311
31565
31566
8940
27035
32676
22329
15258
25737
24884
22460
30139
360
11800
30418
13938
22427
2993
16812
7735
28046
28499
32412
10027
11695
20285
27185
32168
11450
24527
20388
18205
9530
12535
114
19225
19533
16365
28491
12965
25511
20768
29227
20951
11481
9840
28615
12196
8659
26013
31786
16374
5800
17151
10400
1022
10386
17528
2771
1228
7734
12456
16180
23581
7465
32351
27292
16244
22706
22616
32563
16748
7634
2340
18578
15692
24705
25444
804
8412
11835
31291
722
2167
10683
15875
11487
24930
29703
20799
18704
1628
9900
10705
28177
2678
17227
21102
3348
9765
15444
24654
24763
31382
31506
28968
17208
8001
1768
17757
12211
11713
12762
19060
29419
16355
28238
10694
20257
5117
12820
12154
5938
19329
2725
7604
1283
30673
18088
16394
20257
26965
22715
21304
16809
29900
22383
5396
24166
8927
16020
4292
18490
32252
21944
31534
32191
29281
24554
13232
10029
29815
30916
15633
31615
24930
17064
17080
209
19926
19017
32284
11277
14124
17261
4220
9158
19125
754
9424
10852
14158
23055
28159
29570
15668
14045
21842
26772
28698
11798
27945
8397
24441
21020
31725
4160
6440
31549
13125
12869
14892
25909
26509
13086
465
17908
23428
23770
6906
16802
29764
19322
4021
24545
27000
11347
6930
26194
17865
3251
19766
15450
19353
31687
13739
15398
4596
956
2042
5356
28099
15909
28284
8820
31555
1949
32621
24024
23478
5805
2114
19336
31577
31216
9020
2704
29589
16756
19262
26910
23929
22372
25052
8766
10344
19428
23476
10473
18703
6205
1793
9278
21658
7482
8301
271
23592
24786
10791
15519
7292
20230
14646
19626
22005
525
11533
18598
24768
21935
1375
14409
20812
18927
18996
11083
16638
30956
14909
32365
3879
9225
13156
29114
11827
7244
2472
29709
20771
2564
16424
18387
3389
22447
22653
25874
17409
17434
11341
15531
26976
24522
1309
16604
31273
31131
26215
22280
14020
16039
15853
5819
30242
4457
28236
31209
9460
23587
26580
25206
17691
25212
17303
6395
352
22126
5312
10440
10598
13407
25639
15653
10716
10894
2594
25566
21751
4017
23197
22782
3872
11485
22381
16346
13290
24229
23777
27985
18246
20870
31898
10067
18170
23939
31389
32160
12367
17676
8359
8146
3594
23332
23489
21662
8862
21699
22547
30295
672
18809
3837
6323
13179
10069
31588
15314
8805
7685
26698
12412
1938
17726
3490
4523
2471
607
28514
30537
13681
29009
13017
17978
7639
21681
24131
16797
14349
20785
13979
16719
18443
30779
12208
12721
28990
26072
8827
16556
16253
30161
15792
23538
15422
21524
25747
25734
25610
27736
28685
15230
4142
32004
1535
3080
10420
20813
31446
30379
12945
26271
29024
463
3616
319
11486
29568
31183
29742
18778
30831
11545
8272
20026
15417
8116
28365
20246
22252
20747
19128
3783
13256
9198
24047
22720
21826
8840
5442
1186
6735
16018
12247
22538
26846
25031
24012
15021
24998
25240
12831
28840
291
12576
27595
20241
20955
20570
23092
7890
5094
28562
24773
8631
32173
14361
24024
28101
31218
9021
30934
4814
1809
27768
7071
15938
7045
29672
6956
20808
13229
9471
21363
7437
27856
13692
14986
14684
20832
20634
12048
10608
14971
647
1481
17158
27319
30743
6792
2998
17951
26298
26706
130
19321
12460
27840
31664
13003
6507
23205
11477
21789
7790
24561
22323
16767
18452
725
19012
9038
1755
23080
18583
23988
28882
9482
20699
110
29521
1479
32058
31186
19687
25598
27880
10768
25492
14850
27643
15288
19256
20864
19837
25980
4172
13154
11199
31032
6864
20212
753
25647
15748
7237
23024
1175
17755
15825
27999
30809
7469
25948
4345
18706
22956
33
15141
6493
16793
28204
28363
14164
9784
18693
30567
14420
8193
32142
11100
513
920
15662
10378
25738
8959
2607
16162
10799
12043
25445
32441
16384
19732
21265
6556
23527
13553
25860
4708
17384
27427
18440
26570
6824
27473
7803
12988
21804
22261
16957
27312
15844
31828
32717
17464
10472
18867
3246
24022
15745
200
15632
12050
30955
15983
15532
28107
20057
10910
20208
24011
2106
25755
23132
16030
20155
32620
17196
19363
30605
8848
22839
611
744
8940
23831
8994
27088
10248
24714
8116
8599
12667
1560
27794
30883
4260
25590
26669
12401
10907
3627
19586
30938
5735
3057
24303
12437
27506
15454
21061
3838
21562
28227
3870
6933
14664
12117
22129
5066
6246
5770
29283
11640
23565
3526
26976
18607
18205
24247
26475
1590
18640
1789
20914
23632
19697
6031
14438
4415
23625
9050
6857
16135
8539
299
12681
17524
9553
25806
13132
18270
22837
4984
18316
11308
16228
14178
7077
9879
18752
5815
20012
18353
15654
12720
9347
11557
14496
3069
16042
13760
8923
9576
15704
24368
9051
26037
3659
12556
28909
32716
21212
22805
3293
4122
5334
23740
15978
31284
15752
996
25207
18877
793
24808
25475
6795
16412
6624
28123
19461
26980
22304
13326
975
5658
31490
22434
17322
19980
1766
18949
5781
4680
20854
14790
6456
21482
29231
24581
24963
19762
1565
16937
2451
28890
12773
15313
25045
25510
1289
25868
3693
13372
8808
10444
5081
17718
20996
8088
5841
7542
24584
642
21362
4793
27914
19033
3996
623
5005
20255
3225
3275
1738
31677
15359
1558
3760
27126
15319
4680
1321
31386
24062
7897
14495
15868
16076
11989
22463
16549
12020
11567
19068
4170
29867
14679
7255
3324
10253
8718
23518
23199
11964
634
4979
1693
6858
13685
16207
13788
28889
4907
25799
28397
6528
11492
11981
21638
497
31518
13241
25650
12249
12767
18506
3399
19592
12105
999
13336
27474
14447
23083
30061
3893
30823
28065
15920
13244
30113
32716
2921
23842
29046
8811
26221
29627
26116
3578
29009
28304
5690
16764
6053
4425
25647
20344
14175
16721
25016
31810
22038
13876
20281
4475
13937
2380
31931
2779
25054
26780
16703
46
31367
28924
31826
28829
27010
29559
21986
21295
15687
10737
12368
4240
19560
7948
198
18960
28796
19789
459
4590
27996
14715
29717
30935
22675
3144
24990
5290
5391
28468
5882
25726
14109
12461
18151
13798
25748
29563
3110
28532
1359
27995
15753
25723
22497
30954
18510
5657
16005
32453
1195
1397
22612
31215
14506
31558
15035
7027
15671
26773
24363
20810
31095
17603
6418
13438
10332
3277
10251
8848
7287
18383
14929
1560
30221
13511
29562
4779
32620
1436
19298
30721
9087
19295
22885
20567
12961
30672
24529
19987
27055
6180
11162
27815
28513
11525
7248
10423
15322
17371
26703
894
7805
13642
28982
21870
22019
11515
15514
13334
28362
24224
25851
28489
23408
3122
5878
27005
31649
16765
28349
20337
1325
26847
18885
29459
862
7501
24766
19872
24712
23958
15816
27917
11745
1260
25316
20646
7571
11424
13480
30965
25360
23341
32056
12005
28070
9336
7025
17959
12627
8022
12903
24277
29146
21583
27922
27221
17430
2466
10820
30593
14735
4232
9438
2564
27211
30653
27716
263
20711
18237
16654
20750
11494
10571
10753
5404
24392
9400
21821
15134
30046
19554
6583
20358
21982
2043
11498
11319
17459
23052
24778
3745
11798
18233
32250
22829
30562
17094
3646
987
14372
17498
11059
41
8434
27395
9534
5176
31103
20859
5826
28970
28012
30634
14230
2254
7008
25963
1206
26239
6746
27283
4152
3913
26950
8240
3458
11598
31951
3854
28091
2664
24437
8064
8319
7696
6111
13916
19671
12927
18802
9032
5736
25874
17186
17460
17130
1523
28808
552
21468
6902
24885
2880
26742
2497
23111
28149
31712
11568
9786
31133
21409
23032
5888
2101
12890
5770
28243
5471
8884
2618
8266
18087
28311
26528
9258
18698
5789
22078
18303
10169
24006
8036
14188
26
15725
8785
13376
14096
21882
21403
9033
4988
11482
19409
29421
25092
22060
10590
1270
1555
19645
18864
4910
7200
7607
7578
16940
4404
12693
7415
22125
21414
18906
7569
16295
297
1795
4417
28249
13834
2746
28503
10151
25010
2636
19771
19301
17522
25949
27221
16498
31360
5339
13099
31559
14396
1584
32713
21199
7096
14012
4454
6010
14200
9090
4932
8333
14966
24865
8920
17340
22889
28679
9003
27386
23879
8417
24448
15504
31497
7509
16695
2412
22702
26868
7409
30140
25474
28266
23285
4028
23456
27896
32467
18636
14518
23077
21063
1222
19464
2992
14175
13198
17336
15816
26080
10475
29508
18815
6119
9877
1360
8061
27084
19599
31398
23281
29003
25526
6779
206
20454
13979
14324
16179
17541
27790
28904
16682
96
6907
18920
27286
17182
250
19324
4199
574
8481
1200
272
8119
11676
5839
28987
29659
31360
11887
8379
11905
27229
3501
19394
21347
2323
3002
15444
21957
18662
11671
4091
5976
5588
15388
1469
20061
13093
31551
26699
5901
5957
26259
26747
13369
14799
5903
31736
17198
2026
13841
5176
26331
29400
8610
16815
11830
19660
9724
5955
14811
26620
28746
25087
25846
11256
7854
2315
30052
5434
4488
10716
5909
21246
25078
17576
9909
30548
8599
3357
3979
28019
18325
13138
16545
10832
28386
14590
32037
19311
18881
9960
3087
6137
28297
13982
2820
6160
24997
17514
26746
13919
224
7554
18718
8181
13280
32383
23666
22099
1519
22032
25787
10179
3330
8176
30234
492
16883
27669
12537
21156
11794
26155
31656
27397
4572
28992
32584
6339
26890
11201
27625
27068
28622
28581
18415
19921
3417
8936
20154
2805
18336
27707
8838
14211
9312
8186
21903
11989
7007
31070
3705
13330
32246
29684
19440
14151
30668
22861
2956
28858
3300
22263
22519
18043
14554
12461
593
12347
4969
25291
2771
3425
7729
18693
31923
8539
8119
7511
16712
10802
12206
25407
11887
17762
22645
4907
21549
5864
29152
6701
19862
26268
6459
502
6381
10177
27276
21762
15116
7899
24345
4880
12806
6592
29994
18901
31500
28146
1296
9713
12173
12588
26470
4130
32161
24635
20631
10936
32680
26639
1441
17225
14126
17682
19992
3237
12051
11449
18285
13580
2280
30040
32112
11423
31131
12346
27668
12309
31063
10737
20082
27567
10918
17643
24337
19054
15577
25158
28005
17795
19881
19685
27797
18439
3614
23236
24450
31468
11952
14472
17924
3380
22189
4955
28534
19552
10970
5366
22134
8492
10077
26111
27110
17529
20698
10902
26422
16523
221
11563
10726
4724
20856
11154
5190
32720
27693
31321
30081
29875
16397
29273
4313
32224
25378
23691
10804
13116
8971
20509
15320
9858
2278
14021
14707
10807
21619
27478
1118
1249
12917
9873
29986
25716
12892
11837
7740
9741
16162
31354
11293
17890
8051
17746
1653
2937
16656
14481
5809
17945
21365
11734
22466
11647
30138
13547
4897
15057
31671
21586
28432
3544
3691
14368
12834
12905
11167
17167
24573
23076
18630
13774
4959
24162
7464
24731
14687
7784
22335
4884
4598
3553
16737
15946
6589
1931
6560
32024
16632
14384
8431
30387
5076
13784
9606
20353
14317
5949
3207
7215
25363
8063
7905
2814
12110
21017
7540
14173
28703
788
24695
23485
27913
14202
1559
21921
9552
27150
29793
12276
257
2106
12898
10144
4914
15177
23693
24156
20875
20950
14429
12229
25862
23940
11067
23729
30706
22768
6305
192
9534
27108
27520
1588
27892
5070
20191
3074
20996
28272
22981
29224
1347
13528
12890
66
16819
16531
27721
23128
15877
17694
9832
14331
22364
24477
11163
4496
22868
20175
6902
14315
1859
26434
23329
2592
19135
6083
23809
15765
11104
4633
29076
27740
29638
27635
14109
24000
10206
19486
24962
15646
12386
30715
25074
13047
24479
21809
12746
5186
13179
13215
17594
7175
30902
29589
26148
25385
13168
23619
1476
2692
28908
13937
14230
19255
26259
32625
27380
24899
572
18514
7423
1110
20394
5463
2625
25313
22358
20903
9105
21360
23151
11078
18998
12347
4128
27460
5967
4344
18449
7733
12914
22260
5680
8417
31635
16226
27569
25916
3111
28659
16723
920
21386
12711
14054
27673
21150
19938
19466
19561
15030
16834
5689
32174
29618
15280
6152
3769
19819
5941
7593
16000
24657
19215
17077
31439
24914
32133
1320
14138
27902
13047
2478
12374
3561
19129
29981
28457
593
15906
32578
8414
1281
21983
8928
5821
7541
18829
3830
603
15167
32136
15681
16910
8362
21245
20994
20900
24732
15943
10497
13141
29633
6008
13266
25845
10469
22837
3415
13679
29858
16840
26246
3694
25660
2672
12396
1629
14281
10491
10098
20114
26517
20375
9184
20934
6340
7910
21407
5833
17721
15952
16707
15219
6839
20125
19529
7134
21830
27331
30364
31186
6361
11004
11102
14465
3629
24092
25318
117
18164
27938
18437
24518
11571
7437
17038
14992
489
8945
2837
8100
12017
15945
11254
21886
28713
19855
5018
13176
6100
4362
7157
6973
29245
4072
11091
9855
3230
21388
21077
23789
25407
27945
2870
1631
15074
31120
32339
27988
10591
5958
28651
9631
4492
730
15139
11101
5727
19829
32333
28202
18775
25011
23657
7317
6167
19121
30700
17361
15701
29032
2753
6061
14578
17465
16270
30405
4970
31944
12344
32506
28783
30734
11689
17953
13521
21674
13521
2808
17313
19320
13546
29278
5782
30309
2817
9411
13743
31106
22194
24541
21018
16983
3123
20636
2133
20857
26516
18785
3475
16991
9540
10347
19553
1393
9176
657
13449
98
21256
26167
16951
2240
5114
19067
90
27849
28356
32431
2637
32385
16684
11788
20663
21761
19121
19364
9648
14354
14800
31385
21541
27130
7808
18061
18045
17302
26111
16473
124
22185
17360
21250
28776
2676
11269
25833
23403
26247
17082
6465
26937
32726
25826
17862
4850
15375
11846
28844
31050
24363
8394
27350
26087
5956
20722
23113
31755
31398
15270
18656
23666
11304
10546
2881
16510
6589
16785
5135
20625
2374
13803
1890
14778
26538
9052
8820
18069
3625
4855
19357
32620
29165
15115
24193
5538
29154
26020
2184
7762
14024
8277
18830
24627
22919
6453
27868
14527
17346
19752
3671
23700
32430
27488
32760
30490
25637
4643
9084
28006
26102
18638
3165
18526
24448
23322
32256
2590
9599
31134
6704
29339
18469
17301
21451
30598
15213
7650
31163
29556
22956
31569
28200
20539
29800
31264
24044
12447
26478
31422
3144
23854
25119
5074
1749
30824
23307
1919
21949
15907
25025
7654
31786
21038
17124
2285
23807
25141
12930
13631
22471
7908
28834
11413
12778
20559
7196
27955
8231
2450
10158
23221
1086
16308
9547
11275
13037
18386
23478
31427
22046
121
23120
22406
16223
10835
32559
2022
16018
13318
9071
20823
20710
32089
25037
30074
15366
21913
11121
17314
27024
14651
7948
25489
5832
4802
22051
15746
11406
739
7339
9069
21389
29671
18133
8070
6326
31826
6443
3078
13805
21698
30428
22575
21249
25881
19028
7818
21218
11486
23568
28788
270
2785
2993
31448
13133
10270
8015
26686
13214
2532
7439
9221
1649
3895
25336
25324
24854
23922
28930
5336
25718
49
6512
9169
28673
16493
2912
9293
8423
30441
27553
23217
20875
24013
28612
14869
11573
9617
12150
16455
11270
20765
8205
21267
2866
7471
28256
706
5481
30460
10972
21985
20374
17946
31700
580
24012
3485
18969
14154
13437
10369
7115
23905
27118
9544
4462
28365
15335
1251
14656
19878
7599
24790
11466
15136
25144
15512
11446
21520
22166
1592
12000
13995
24757
2630
4784
13712
30284
24305
28582
15369
13
2669
12854
18317
32031
26776
31447
6794
31437
5084
29527
3170
13440
21847
3697
6835
28650
24633
26017
8156
27013
23662
10551
21181
25916
1150
22187
29630
14183
23217
10544
19218
23037
14710
30859
23613
25093
17157
31270
29395
26958
29764
6240
27779
16480
24295
21544
25685
31922
20188
25802
9008
14110
24294
2568
31135
3729
16520
17517
26324
17159
15140
26590
12526
31927
9828
15474
21111
5002
25561
8580
24881
27346
7138
26374
21010
13625
16848
20759
16013
13559
9031
31192
3859
19529
1767
1404
11994
29214
7724
23711
11485
24339
20115
24793
28196
1697
5631
20370
21829
12437
3674
18200
811
18113
21631
8686
5398
10994
22104
7272
995
10530
19523
30836
2190
23022
25019
5051
10741
2378
20788
9193
22494
30067
30534
3400
14140
31269
8462
1940
942
31759
6610
1291
10825
10372
15331
4035
407
23923
2248
4416
17119
19865
3224
14406
10407
13557
4264
28908
22136
12668
24934
8946
28129
5135
11141
10836
29886
15786
13403
15903
28859
23774
29063
14724
23571
8065
17366
31531
22430
11428
22888
20170
15882
31429
31502
5365
31848
22086
18679
7480
21483
11294
10892
26211
26861
27855
30104
14629
17203
7064
4268
20700
9074
24043
5314
1708
21010
7969
12832
13006
19249
7277
23679
14379
27627
27918
621
28202
1241
23241
21488
23750
30167
7831
23660
32483
14091
21915
29638
32482
29475
16982
19146
8563
5853
11806
5834
21162
31181
32460
8328
2390
1115
21686
14935
29838
30475
17629
24956
10124
14081
871
3802
14271
17348
4687
31439
283
14914
18523
22617
1204
2324
17486
19325
5515
14852
8287
7913
18343
29900
31211
31960
21864
7969
8551
12086
28441
15856
1688
11012
10436
31720
13574
27391
31306
31032
29870
23932
1458
18586
25335
27031
6082
15760
6119
20364
5836
28653
11159
26725
21451
6296
12260
2262
29103
11149
29288
2917
22260
21284
6825
17869
23929
12438
30863
28069
13456
1469
5916
12349
10577
11291
26455
457
18741
32030
6025
26561
4832
4002
27308
17031
10557
28344
9249
23115
15568
11686
23457
13100
8008
32047
19830
27807
13652
9748
31467
12309
15032
3290
12033
29400
3232
8910
15203
3894
28212
26695
412
30946
31596
25643
7304
4247
15910
13492
15880
23294
6518
7540
5370
7890
32573
13975
20329
11842
9213
8553
3328
24471
9451
26136
21957
30998
21574
24250
26884
5160
8168
21393
30856
15288
17947
11406
9233
18909
19629
23573
18691
18617
28231
26368
31324
23201
29178
11750
13544
28029
8475
23453
9144
15730
20305
7421
2256
27327
10476
1511
7712
9957
15224
18310
694
15627
27794
7125
2097
31136
21243
2658
29817
13634
9707
27217
2989
1759
13992
17827
30301
24858
10326
441
22522
7920
23057
28947
10634
17307
14137
12894
11424
29110
25101
174
2700
23971
27772
22792
29647
16170
4919
6435
21458
1634
12043
31599
27863
22485
20590
5207
28719
5087
14680
13507
26285
27991
10580
21986
32092
21361
12246
29222
2669
13027
30927
28560
24179
21063
18303
32557
13779
19905
5002
5601
24181
30177
31823
25187
26048
5579
1653
25737
25286
25749
22470
2502
12475
9712
25921
29425
11692
15883
18282
18247
20845
15540
10469
14516
12500
9153
835
7502
16676
27822
7708
16930
28620
4487
1118
23348
25170
7432
25572
13505
29322
1540
2891
2503
15115
23043
31233
9160
18403
31535
13982
10186
16266
30065
24440
13474
6165
11991
10609
13938
11436
30521
16660
4977
18238
15132
16865
5610
29299
24022
14308
14216
10211
32499
24461
12752
11909
11992
6075
30703
15722
22182
14874
32182
13995
22369
19887
28643
3744
9298
18353
16802
13138
23721
20123
13139
2099
10343
13183
13966
18957
23675
5533
21348
28473
10795
25652
29416
22545
23990
12952
13039
25511
28728
4741
10003
15544
28877
26803
11006
29403
2297
28586
10725
13310
8264
23768
32594
14867
25393
23521
21799
16647
12608
21558
8928
6388
13941
11497
12824
10391
13287
704
19534
29700
15276
1160
30186
31640
25597
27051
23163
1840
13718
14085
20035
12696
22876
17908
2293
18503
18754
16814
32189
21321
2157
3800
29825
22908
9879
20820
18535
13567
4785
1114
28567
3048
204
22730
12354
16693
26425
19904
9955
29190
22255
14185
452
21257
13102
10262
5572
565
3170
28559
12377
8379
8778
9386
19153
18745
20825
27932
733
13873
28509
30606
31823
11451
23390
23540
4131
32630
17609
22042
27836
15812
28110
3711
2929
25399
27910
25959
8008
6982
12889
29740
24833
27973
21279
14549
23639
25748
24965
8169
8834
2326
21298
24710
1536
15332
15147
24237
17301
19523
23284
2016
15505
22740
20217
24047
9809
20747
23084
9231
21256
10978
5358
25132
30656
8399
819
12928
5019
3059
21985
3429
23647
11924
23418
1895
21553
717
25595
13726
27809
24964
7172
11323
23271
5533
9016
19296
364
12141
25063
20021
4749
11378
25067
20536
20635
18241
11983
15572
3878
959
311
23862
22907
19348
14715
30812
25195
11997
28054
14702
8526
7457
3647
20562
16456
10887
26453
123
16331
13638
32640
4609
29533
32604
6934
22775
15260
4227
26171
18169
8575
29793
2637
15108
14046
10495
12927
906
24629
20860
17347
18118
27557
259
19438
17742
6459
12794
27670
10983
30837
15740
16959
24988
16130
26378
5687
6930
31946
20605
19903
1046
20782
27199
27627
22136
1425
13243
8140
15644
12567
24594
9804
15950
18860
13072
856
8278
17993
10846
22085
31820
13938
18169
19820
29486
29444
2786
32024
14640
19501
32536
7587
27475
22716
21955
29915
25401
19099
31922
28330
32056
27801
13319
10487
1197
11629
32049
30407
14995
23544
30235
7848
10836
30923
29859
22607
16606
16617
30286
19840
23034
21966
14394
8750
14297
9904
2900
18404
6384
32516
14538
8291
24583
24132
2756
13197
652
31984
19791
31873
12588
8915
23449
4616
28325
12935
3428
11824
2261
3643
6325
22838
10263
14772
15308
15273
26832
23954
17241
23501
13125
4053
16621
19006
17840
1439
1455
469
9362
4667
13648
32463
25930
5983
1345
20780
1767
19118
31779
11862
19771
29825
17791
17923
21040
3047
28087
24156
16736
21483
6716
31583
29151
24085
4610
5506
21083
5683
10801
9113
23400
15192
27422
31737
31765
27174
377
20702
13507
7241
20424
19466
21559
16708
13331
3503
2797
21616
21985
4751
18607
5185
4196
17762
6247
16076
19697
16248
28210
30598
25011
31903
7093
14927
18591
1607
24244
32687
17066
23012
15840
30303
15162
3732
10225
30219
32731
32258
2293
3926
8244
29834
18920
23839
2617
11422
28292
31490
13986
6504
17754
17698
31131
17584
24098
17702
19389
17409
14928
28802
7997
2311
27624
7160
5475
4412
5778
18526
10302
14532
1777
11425
7319
13460
21553
8458
20515
30682
16351
20416
14332
2201
18430
20111
9042
1940
8023
1511
5726
28526
16
2344
20888
20239
3200
17436
22826
842
12866
8645
4260
13244
17288
4186
16113
5879
15026
1676
3722
16864
23584
28173
24041
1621
10820
5971
29761
9491
24571
6810
28268
22231
25885
18984
30757
28868
29010
6612
9591
10245
20776
8137
117
14515
355
4744
7980
29689
5269
26668
21974
31094
5870
31474
22865
8162
25684
22264
26063
20725
9398
5445
15822
23684
25246
26634
5451
1774
28678
15399
15666
22198
3437
5105
8986
25969
1834
32563
31023
14307
15615
21619
6767
24933
18417
3958
32538
30345
12887
30982
21859
4865
30258
31730
4716
30397
13756
19287
3953
32340
25156
15902
1860
31397
17720
966
2041
11198
8068
5731
11490
25341
21274
3559
13502
4212
19154
14497
18477
16274
5237
7427
1127
18176
24852
18600
7726
12234
24479
4246
12545
6079
9651
9920
3731
4890
6834
10447
8827
20834
6425
3105
15917
2446
14862
2834
24873
29037
32569
30587
20850
17477
20181
5753
6210
7355
30215
26992
14076
9714
9582
2127
10338
26615
7163
28949
520
13149
29699
28820
18952
28708
18066
2164
21752
21472
6403
30332
16409
17174
18637
16653
23505
25066
27040
27887
6748
6135
18865
16465
22206
2943
4178
14090
2044
22468
10949
3109
13451
693
31570
31901
14857
30157
32407
10085
15659
32313
23328
11947
22007
6201
3895
32350
19507
2504
12541
23534
30749
4223
29882
9043
7004
9911
28018
21840
17975
9198
15289
23289
7429
15468
7879
8819
4580
9253
7119
30971
26286
22754
12173
17961
2857
22428
15903
3190
11134
16680
13589
21245
749
12826
5067
23678
18110
20963
19959
20392
15739
23868
15486
13464
22108
12232
4236
27549
21763
4340
31971
318
25961
18467
2419
894
11289
15368
17707
15454
9884
8530
18960
30116
28724
31887
18316
10715
16077
31562
1800
18075
11312
26743
7869
25610
8058
16402
18118
5539
27340
9730
1146
14390
28997
17475
8186
24880
26925
21572
6150
21277
3699
22414
2069
7019
22874
17319
13476
15729
3439
9526
12750
3760
13502
32359
22557
10328
23365
25745
31648
4622
7849
8471
6461
2540
26152
22924
28233
3529
22223
794
11862
2491
22509
9508
19276
20443
15303
12074
956
15688
24717
26093
11120
12399
23949
11220
25159
13449
4263
10383
11584
1636
8193
5114
9684
22119
17404
10308
13193
27601
28006
32592
964
3393
7153
24411
13278
21115
30947
15072
24955
17257
2576
26552
5399
26720
4357
20870
15074
12197
27271
11090
7630
19504
572
25716
6374
29103
11943
25780
29409
4558
2394
21423
6135
32438
5990
28541
9715
5843
22039
13968
32394
24027
32734
26847
21483
9996
7567
9284
25495
13493
14284
8227
21363
28919
15553
19533
25883
9165
28179
22308
29562
19018
27410
24319
28312
29474
11062
21200
18866
17516
31945
17924
3984
3750
23521
15274
4371
4346
13713
11480
25102
21183
27488
20042
6230
13891
11002
22861
285
10440
28198
23515
16507
5068
14072
21512
3918
29582
23624
6813
2884
14029
31331
24834
19766
19411
23551
18017
14776
32434
28533
18440
16366
3278
7210
4367
31393
4507
3150
27963
26513
12456
16074
25379
10509
8413
30067
14737
1474
32001
21380
27691
6865
32126
16459
21331
29732
32617
25122
843
32513
31933
17825
9885
2783
23015
1298
22458
19577
11400
1061
15841
5922
24438
5094
28994
16472
22532
4843
27236
24987
131
24018
196
27776
23560
9195
15551
17665
1904
29745
177
22039
19362
5759
19807
21643
9492
1280
9618
9224
25745
6632
21765
4726
19769
17761
7809
23939
21449
24520
5447
13954
25372
27674
9646
14457
18930
24233
4365
1141
13809
15380
24795
30753
24553
9333
5397
12951
19804
7900
4576
23414
19262
14589
4208
24629
1529
20261
5928
7095
25268
4211
15619
7199
32213
4932
15410
31461
29380
3567
6151
31530
20722
1971
23057
25160
25115
5613
10889
16046
9672
31118
18412
4331
9751
12493
8682
2824
2494
20761
7039
23067
1870
15698
14432
11801
7605
3128
14744
29676
13831
13092
28019
30149
4734
18678
13979
21940
11967
30030
3713
5750
30046
24575
1790
9870
28325
13504
3899
8599
19601
3877
32718
15320
30750
25294
12837
3097
964
13279
10024
10165
10050
13231
282
17649
10394
5573
21696
22412
22109
12544
5574
23447
30504
16661
8798
17031
21103
23615
12842
13961
13945
28977
11356
10261
8108
24912
10524
22982
25867
2847
8746
24169
3581
22778
5828
15700
13648
10248
9930
12537
7549
7019
26912
13242
23086
12217
340
20223
13053
8880
14464
24710
9087
805
7538
18939
7297
32062
28683
16073
27281
14049
23525
9263
26049
20588
17976
14230
20135
23975
13055
28450
31912
27383
1366
18567
16759
25300
7975
31262
9688
26492
9221
14904
25514
29929
25432
4274
16676
24321
11707
26313
12639
14
6562
18736
24084
11117
31552
4192
32424
14474
5032
25392
8293
14860
15154
18341
17419
13644
2848
13835
29831
28172
19073
25156
15106
6758
8790
12129
5149
4866
23796
367
19067
21388
13481
24979
23169
24421
30114
10330
17241
24217
30476
8778
26941
1810
12154
25277
27890
9739
26759
14575
7314
24007
21948
31573
24975
27522
4788
7472
20469
2472
19581
16995
15087
16965
6722
17793
29325
17852
18727
25643
3780
6589
8053
1433
27575
13425
23287
20342
15156
22519
28324
31985
20354
16916
17277
11281
858
1062
185
5448
25395
5978
7968
24908
31683
287
19381
4386
29122
7131
23959
11387
18161
22492
25385
10820
28763
2193
2673
18297
8666
4602
26814
16442
29406
2653
25998
7968
16490
9275
19630
5841
28767
29826
19363
6610
31229
26884
24137
9373
22439
808
28346
28148
17894
10975
11377
29044
29617
11738
24240
2157
2028
16123
13854
1265
8238
2569
25013
811
11463
12199
27355
25842
19970
15751
7375
11166
5799
30427
31559
9243
22468
268
3160
6460
22957
18607
31125
81
9794
12981
19579
21499
18544
28129
18957
4415
9467
30848
12731
2778
20602
11860
25480
1748
1699
29393
12652
23128
9928
19340
24567
30659
22946
32496
6712
8955
17486
2866
23773
16386
27797
2440
7323
28619
12912
20886
11217
28492
715
28969
9064
27860
10122
19496
21245
18335
22730
30920
31810
28072
29545
11262
23969
19390
30920
19002
20515
986
15311
28754
31889
23984
24370
2236
27609
9604
2291
16641
30386
27967
28457
29550
22659
25538
8703
22797
27009
13946
14079
6100
17432
12596
14737
283
22925
4147
1214
5204
14817
14464
27194
6646
4856
19074
19106
27322
11003
17102
770
14090
23034
7488
21402
25270
18134
11851
9186
18666
27486
9869
18379
31837
9144
29863
10824
22474
19715
31051
269
29348
14138
16791
28054
19974
28251
15265
12140
19945
7881
6483
19364
21145
6383
21881
19880
1642
14375
3864
1338
13222
12506
12033
26037
14027
2536
2983
27286
24819
17738
32558
9532
24212
31734
9156
22508
30313
28930
10804
16920
13488
24589
32440
481
22166
2779
12303
11994
2544
19007
19664
4623
21803
9790
11006
8006
15238
14705
19932
4996
29054
25515
24067
23763
13706
4060
26545
12099
8457
4405
21348
27439
1401
23437
19624
14529
10729
6916
2861
31928
31921
28390
12828
2665
3424
19410
14763
14084
25334
18715
5872
12825
596
23918
5618
18267
14576
20149
6662
28067
32717
22844
14425
18232
2731
21010
24777
30541
22395
18611
2297
28875
21013
27619
3492
8785
24621
13789
15921
9081
27011
9133
18056
18270
12379
31707
27429
14427
3629
26697
19306
277
26781
26462
7738
9915
29357
22628
7363
14476
3634
10031
3995
30874
24965
23296
12815
462
30074
3241
24504
3885
28566
2033
16463
18521
15484
7225
26049
14171
16041
24672
4230
19359
21857
28133
3631
3648
20457
22347
26175
27527
8439
24002
18748
13742
26215
10755
30214
17641
6447
3196
2407
22695
31125
2221
27626
7700
2976
12242
20977
32739
14284
3778
514
9036
25601
13079
21858
13904
6342
2959
9957
29508
1715
10162
9220
32141
36
6837
13360
31657
15157
1439
27238
4719
28650
3242
13572
9623
9901
15340
16347
380
19198
7990
15493
21025
22118
4413
1272
2930
10156
1527
19548
9933
23116
21576
21018
22977
12837
17118
19254
10774
28530
23642
30174
781
7931
20144
2883
12264
14989
22992
935
24493
11687
4486
24759
5672
4726
30366
29212
11823
15107
11085
18509
20778
23212
18124
18855
2002
25553
3142
7615
18488
28111
2292
25335
9481
14130
23943
25167
529
6182
14022
13694
29183
31023
14712
4930
8552
8730
25988
13812
29454
30004
13399
4191
12641
27321
30342
17618
31046
24719
13492
4724
16920
4660
6071
11480
9964
19702
7158
12753
21786
13410
5141
12680
17401
11006
16085
31947
6633
13115
29749
11688
25239
23717
11742
7739
31356
4445
28349
16836
21415
22473
19954
5116
30653
23690
10473
4778
27454
22702
16582
30065
22025
10279
18183
6124
5411
9340
7524
18941
6580
6079
19706
31329
14674
23487
30889
28552
21378
31102
20155
676
28796
23782
15814
4353
15663
28855
28883
6036
2181
14020
22207
11478
9704
12383
14562
19667
22789
11026
9455
11133
11984
17808
11803
327
26568
16618
18818
1519
22396
29190
18886
3483
23886
26446
15865
31784
23159
5797
14269
703
18763
10143
15529
23465
22974
11761
26351
30820
14120
26662
31036
22006
23365
22164
27104
27521
4736
16015
10543
26392
5489
28124
10023
11473
23460
21096
23635
19483
2972
14906
23022
24402
11287
20391
9548
2449
31380
9669
25206
1736
2835
26914
4629
526
5404
2229
26257
9784
4610
27412
29817
7338
4201
1000
16934
28269
24838
23966
31387
31618
166
27488
18352
31862
25458
14148
6000
16951
1393
16579
20671
10278
25678
8044
15168
27757
18012
15833
7797
25235
29399
16611
23592
13390
16237
28434
2570
9368
5884
11351
20123
2308
23966
24062
1353
27987
21987
19166
28124
5442
27485
19411
27409
20647
1634
24686
5253
21948
19725
31722
8149
5563
30086
7778
25860
16299
3459
3650
541
25977
23311
17916
25113
30538
14987
27132
11010
2320
7666
23261
22361
5723
4449
14301
32438
14451
26838
25998
4526
675
31543
27855
3321
30935
3735
17915
26580
21610
22966
25696
16805
2873
16070
5619
4830
19708
9077
2881
25891
27350
2599
7081
22191
23850
20611
6601
27892
23473
14130
19510
31361
15305
5859
24176
7209
2320
26259
24085
4450
3122
30475
6228
29675
13311
1962
27557
4786
5313
6244
25015
29684
29132
7435
9642
17062
1366
30157
10879
11028
31369
20735
5581
27336
19927
23065
17077
6061
1934
23041
28951
25204
1196
11404
29958
22583
16884
12098
31354
26460
23873
3425
12613
11197
16667
3365
30025
17925
11912
16967
18151
16989
6436
18883
10171
21065
2420
29407
12166
24012
31096
31081
28011
12243
24447
13632
26975
16849
23359
25366
23003
27302
14629
27251
25043
29893
16362
17661
27372
24470
31847
27384
28650
20505
32682
26889
19303
29901
17225
831
24267
24784
10230
2387
9592
8775
16980
16431
2117
6144
27146
1198
1326
19030
16149
2979
32586
19285
6498
25372
19197
25119
5788
6376
19054
1422
14915
10838
11835
27163
21502
8512
11884
9983
8242
584
20390
13976
22227
28770
2209
22029
7290
10643
23516
2101
2488
16632
14736
16309
15531
14857
15842
29801
10446
26911
8028
10246
6421
15668
24990
7677
6202
22250
8273
19106
13137
4303
1629
15757
19107
23776
17756
2880
25785
6988
8526
31243
14263
20090
25742
30253
23788
20556
20485
4412
25254
27814
23453
4295
12363
1322
23288
20537
28837
8774
23139
31232
30334
5489
18437
23535
20333
4273
15708
23265
30959
22369
31979
18848
27577
27697
30764
9989
29005
24686
29132
1888
30668
10372
4119
11545
22539
6593
29618
5272
16872
30043
9864
30563
17119
9397
30470
2694
6872
2782
5003
31800
21315
3930
31258
29883
19559
17958
4179
7812
13559
22774
30625
31132
8167
5569
29108
32326
11389
18047
26930
21218
29867
13874
29353
6417
13724
1827
22985
5658
26253
15982
3792
14989
12766
10432
2117
19750
1129
31840
27881
15603
10002
23660
6635
24249
5791
8550
22875
6549
3531
2799
23777
18143
30101
16081
20655
18771
12254
14659
6836
8051
28723
4713
6674
29991
5864
15643
31443
30887
16998
8935
29143
30362
2757
16729
29969
384
7070
11385
17396
10317
8218
6806
21543
86
13647
23874
30336
1649
22221
27550
18480
7000
31091
25048
17467
8015
18568
6641
2348
28935
14599
16836
9990
21441
26425
4676
2429
182
29321
3077
21094
26551
19349
23806
14445
25361
10369
21389
15878
25267
5008
699
21670
21139
18421
31682
16434
16461
20710
16588
20152
1037
7923
21758
14429
28848
1942
3509
15254
20262
25355
2319
18843
10523
15457
28078
22297
9942
18386
22456
9511
1121
4944
5922
5756
25066
9568
9007
25823
29545
32299
26419
19166
21379
11986
19613
30147
32174
31491
9780
21444
13207
14538
24737
4730
20929
25257
7214
24981
22382
4074
5069
19917
9666
18228
30044
18460
14886
24413
3879
11562
26603
25215
30383
24841
21807
10062
3242
21282
16133
5288
586
32367
18640
17262
17346
14827
23280
29331
27655
27975
21665
370
9683
32223
5407
25701
7664
2028
8207
18323
27315
14331
24858
21513
3271
22686
21211
19213
27947
26721
3323
27566
31870
19455
32154
22176
22395
28886
20977
25671
5312
29593
21046
8466
8147
8005
13504
25610
17766
22614
11372
13227
21722
18490
13887
27890
31491
23814
27213
24759
14891
29032
21465
23357
9049
12508
5309
18952
13523
3107
22541
29678
481
20978
22519
30577
2004
16359
31469
844
21575
8128
19463
32076
24741
17615
21154
2913
18155
32169
3406
13045
13231
19999
5095
636
14690
1391
9473
31053
26834
1211
8841
8624
21234
18873
16810
4408
22494
4525
29166
17235
26394
10388
16294
543
5402
14498
13707
20863
10760
11759
421
4207
3521
622
24940
17556
13601
1566
6446
17431
29824
30596
31408
12724
23420
88
16152
32526
32249
27263
14346
26950
20071
8505
7186
9163
27972
21148
29250
9588
4577
17729
24860
19404
28776
13885
25778
18605
16670
21330
12299
3600
19686
9575
15817
11299
8967
32566
21513
21916
23598
17477
32651
32333
3767
7191
18963
18425
22568
26019
12302
12647
8190
32517
6521
15284
30637
13684
23039
31213
15330
29044
31841
16094
23307
29516
23835
23844
25881
13243
22597
11658
18564
15591
3767
20370
24720
3990
1648
22609
14544
26784
10809
25472
10728
31397
27781
15057
13206
28667
4508
1919
14324
18666
25848
16937
31735
27164
24047
21728
4412
28495
30611
9087
3332
5709
16343
28218
12413
22046
25075
17018
26179
30332
12297
28137
14630
15239
28680
10184
10286
31162
28625
25737
31708
9758
9368
1946
179
14013
22925
26495
19191
26458
12732
22563
26549
13919
306
12144
7939
11799
16738
30749
11145
19997
9415
18119
2880
10517
3530
25924
19834
2713
27877
18484
547
14710
18953
728
11846
10777
32061
11560
27090
13636
23177
28703
2719
9990
21778
11354
172
14825
23942
28385
18347
21101
32698
10309
4543
3765
914
23019
3972
32385
5410
11687
31056
5980
14354
11148
15800
14615
2631
515
31062
22133
6591
5147
7114
5672
20925
16928
24063
32764
17191
8303
28080
2643
19500
4232
29226
7121
25385
28773
20051
21848
2254
21515
17387
14391
9597
32094
23570
31902
22002
1593
14602
11350
27433
28862
13631
21934
8572
4587
29572
27321
21261
2670
17568
8374
10595
16827
1545
25552
4696
5979
24047
13064
31794
16007
30844
30831
7440
30709
10843
12696
18824
7666
7287
31821
7822
14001
25861
23425
663
227
12740
18566
16895
11911
26499
25728
19112
16900
23269
24090
19173
16757
1633
24439
14230
13380
24972
6252
32148
7930
15771
14572
25167
29013
19235
28611
22453
6812
11556
16775
18262
14383
15686
19404
6342
4706
25954
18584
30531
23435
12868
26135
6808
25946
944
18063
5953
16489
32162
15509
31184
31252
7898
6018
12688
27787
8344
5153
3687
21797
933
17834
22017
9464
28306
2804
13354
16294
16708
25574
2684
7289
433
15151
25403
32179
1508
30774
2941
12831
32583
27988
6286
5356
19233
30274
23698
16315
11358
23245
3692
8951
21135
18897
10463
30821
21041
100
17651
17404
29234
29010
29595
22262
29361
202
23188
2343
12550
10326
6288
7310
19714
5904
13460
32554
13175
8724
7327
24334
12795
6449
30604
17592
30698
21476
20025
10143
10410
2694
20457
12555
25395
20420
13799
8489
25294
15952
2669
2655
7452
11990
22211
22237
347
2610
31915
19573
15589
3040
16125
684
10489
2227
15759
32529
17854
3530
26711
27597
26245
27585
11732
7292
29519
548
26793
21819
25487
24361
20620
2050
22065
1950
29278
31797
27354
31520
29595
5237
16498
18574
9461
9916
15584
18109
10300
6825
532
17773
11649
16920
13387
19068
2939
8182
30094
12122
14122
4436
14972
12989
24249
3257
23626
21142
11177
27581
3080
579
28716
29395
2854
4358
17359
2919
19766
21686
21340
25641
26355
27828
26623
27560
28291
12577
27047
22818
12537
8782
24751
14234
24862
27764
15038
10028
9073
21414
22252
18590
7020
7171
7462
1847
24073
16944
9427
13524
28037
6150
11959
11320
8804
6535
30232
28068
9653
3607
7456
27047
24727
18921
14467
28216
1276
9143
15970
27138
5037
29366
23662
31231
911
10441
31056
30024
28196
23796
25929
27436
25940
23060
32277
18303
22126
1486
18966
4404
7786
13254
20142
30511
13169
14609
9709
8020
1951
21484
5996
27620
2311
15278
14456
11017
25335
27899
22387
25775
25726
1595
13944
14998
12332
18506
22846
3749
6425
3953
27199
25474
20776
22678
31513
11103
19597
9903
9268
30999
32397
23677
18341
18297
21381
24182
31570
19171
3118
4355
24151
276
24095
1771
23977
29499
32148
29711
11257
24147
29805
14425
28892
13747
27258
5871
29480
13281
17141
28076
17057
28072
13136
208
9429
7018
14130
12022
18756
3255
1468
8519
2244
31261
27664
19438
13348
10562
12564
21195
13840
5937
26227
9836
3124
7410
19173
27961
23461
16989
8625
3310
9340
13103
9072
26703
22724
2654
27667
9495
23190
26538
2599
3633
9602
885
4952
26154
10033
13524
25140
15847
2889
7654
24882
9107
32401
29285
1779
15836
11606
3194
26567
10079
269
17366
115
7776
24889
15102
7730
23743
31631
5862
2041
11303
22360
21698
19711
2697
14360
12825
23677
29385
4973
23323
19122
7607
7737
21300
26411
20288
13571
19425
2113
998
9115
24003
12259
4717
4093
22514
28054
5591
3192
6547
8633
13203
5392
10669
1550
4594
31776
312
8054
4826
2628
15223
31996
9918
21877
8328
26645
19405
4982
15930
27174
3434
27504
798
19271
6109
2777
4065
28231
13384
409
13016
11760
16604
10608
16861
8076
31052
7314
18010
24232
9090
32661
12195
17943
29842
8845
32649
14906
16876
15734
9516
26751
21205
19410
31248
8232
26136
19346
5491
10318
16376
25402
27102
14117
21610
13121
24827
28289
24961
22198
27046
409
3626
22314
11334
26635
24857
6089
22878
16929
9219
31690
18015
21075
1806
19466
19649
12301
6278
8179
8017
6066
25809
19875
2509
31712
21157
9546
20142
15350
3960
31700
5957
9171
8248
18633
10761
6369
27197
23409
23344
6227
18556
27451
27516
27306
253
1887
18776
12414
11919
10691
26659
11387
29370
28956
8652
28330
1013
18005
22175
17649
27673
28980
16222
5342
2838
24635
9620
672
12772
10188
30246
2390
27069
31889
25131
26765
15242
11547
509
2819
2971
24265
11920
19121
23962
4588
1283
13833
5314
12584
18549
14973
1100
12318
5658
22592
25642
32071
8078
17232
32248
19235
24425
5556
9776
29844
31763
30466
21917
132
19674
23845
30482
2254
13633
19037
15707
2140
19099
11399
5492
21645
30681
16799
2297
17881
5025
9603
9438
21431
7328
27898
14432
10174
4128
29172
59
27659
3805
13588
4638
22756
17428
30827
7260
17818
17118
30599
19940
16564
19900
24748
31347
29513
15475
29537
20232
21422
29722
26670
10905
27474
9585
1445
28420
13285
17780
1695
24136
20416
29744
13768
22517
8577
17878
25182
2785
1781
8718
4661
28445
15164
11661
5375
7207
9255
29162
23754
20321
3813
14253
16330
14018
8159
18090
1881
21452
31200
141
28732
2750
24697
2485
40
12810
22948
29766
21636
13833
4775
8569
20081
9454
3131
19767
16392
14073
20974
30695
32482
9965
16582
8836
32734
28355
8487
4338
24606
15520
6134
1682
32595
13317
13055
12564
3899
20293
5268
13708
15464
30013
631
5064
21570
5951
23547
21473
3151
27471
15205
12817
20146
5778
18072
15556
12274
23555
29426
6386
29181
9064
16497
24747
14445
27781
12314
20468
21001
655
31131
13265
15247
995
17455
20387
16305
4600
26306
11444
22621
15762
29526
2065
13633
825
4517
21144
2959
27626
27911
30545
4861
9740
14743
23554
21521
10917
5265
20477
11163
17102
17407
23869
10115
357
6549
12209
8388
1281
31961
1752
14009
5675
24711
25998
3992
30155
10035
29734
572
28640
15152
18616
3367
1652
23985
2492
16071
18640
28974
7896
29432
10988
17161
25591
2507
28969
6258
4763
31621
1090
648
21876
28139
16768
15808
14897
11965
6958
8331
30102
14209
7501
23859
11727
7809
10889
6918
16132
6423
1387
10935
11821
29480
31183
23041
15912
8175
15001
10893
23304
18428
18340
28694
20401
30844
28667
6603
31138
22458
17484
10997
28433
742
3481
9945
19261
30998
7217
29664
5376
14218
735
31221
29603
27444
4705
47
9719
23415
10523
3504
28577
29232
11021
20941
28854
1267
13827
22383
7048
17303
26123
1976
15551
28660
15916
16362
18859
17131
2389
32389
26840
8871
18324
27568
26851
3619
31624
16602
6541
25068
27673
21409
15118
23081
11878
18419
30636
30168
3071
11635
7051
8026
6485
3102
32455
15922
4207
9262
21952
5642
17374
25918
23477
5878
15858
24752
2965
765
24622
15180
23313
3286
5882
25129
11254
21487
30104
1745
26554
25012
20057
9888
31060
3085
6929
8557
6481
24872
18888
9069
8229
122
16818
26195
21183
1280
13410
3516
23904
25803
3898
8907
28844
27067
8486
29456
13570
10123
18570
22191
2057
4877
15736
8638
14475
7863
19495
17646
13447
95
5024
24942
23937
1091
7355
21516
30493
4428
23882
31646
25580
17044
31636
16032
9350
14885
26117
5150
19673
4356
4899
5077
25536
2158
32196
20885
24792
24673
12670
2025
15503
30558
31584
22010
18045
5998
4831
5297
13816
5219
20243
1820
10466
8032
15396
27155
1222
29595
9471
10011
28195
16482
25933
11914
18952
29788
6053
15596
32225
19986
29696
4006
24977
21933
29294
19673
6081
9217
1544
8841
16503
6859
1062
24831
14826
29239
3026
5227
25493
16294
380
25038
6026
22957
29423
11031
19977
15713
30595
16012
8017
22738
24724
5484
6070
24277
20020
26067
4596
2055
31773
3037
3011
25870
23273
3598
10411
9762
18822
16626
22298
31693
740
19968
19380
29934
5104
8644
18154
32260
28102
1342
22734
26025
26658
26245
5925
2653
18456
5295
31166
5509
7942
29429
20739
26547
5574
26387
2766
6696
30760
1774
14718
14744
5279
18809
4425
7725
17466
16089
20436
1230
11990
5064
16896
19872
8083
25655
23559
973
32132
8503
6089
4741
15531
3609
3424
19267
23332
6356
31226
8530
16032
4520
10472
16015
1557
1537
29426
21872
9140
17054
18414
21573
21276
16626
30353
23998
16333
971
9860
10926
28639
10033
14522
14606
18164
10129
514
27717
13675
9243
5080
679
26582
8296
1921
1083
2734
2400
32599
3777
30278
347
21089
8947
22270
14214
5670
22284
9657
20105
31427
4743
1169
5734
11580
14121
21449
7588
13328
23361
4866
23982
31248
31023
25266
1654
31600
14371
14803
11613
18719
12839
9176
25431
22100
23392
6885
30282
17514
28304
21055
25016
8429
736
1282
12958
18933
11997
7442
25244
27826
23744
18003
28245
21065
13298
16925
11033
28382
15311
3818
8130
26354
7083
14418
25819
32496
7186
25402
20488
10498
19796
27208
28321
9513
30529
7834
5025
26509
13874
183
31935
14610
26953
1477
21210
17963
22009
15613
2458
4083
9416
26973
25173
29562
6995
25500
5679
15196
14227
22627
27526
28569
4192
14010
14989
22432
7987
25281
9526
25261
22320
160
1622
27221
11620
27584
23556
864
30283
11836
12609
20694
15509
3218
19167
3420
29993
31135
7067
16065
13419
1738
17293
18389
18618
9343
7874
19578
24125
18143
10023
7165
4064
17077
11688
5542
2457
30380
11930
15245
8176
5312
17750
26544
190
8179
807
22339
24885
29249
11623
71
19744
24277
9956
25950
31596
17533
2185
23518
19432
9308
11578
30756
21065
4319
13567
5163
4721
2290
17253
9309
20977
4979
32033
20136
8908
12006
2295
30677
2942
26987
6106
15125
28732
13550
14421
32733
8574
19358
31017
8692
13243
14496
7992
24523
1139
22788
29345
780
4211
26872
26413
30581
32597
28987
9194
17383
2118
10453
11797
6586
5132
7942
15165
28244
16455
16764
28326
21242
10230
4808
1516
32485
5438
9491
14568
16281
103
11533
20695
17266
40
16679
15033
29312
3876
6402
6392
18837
19124
24871
6218
27547
3815
30456
3032
23851
5063
8423
5280
7772
28638
5861
22552
5849
9209
28445
2580
2103
5164
17123
19945
31365
4630
8167
13011
22308
23654
6575
20372
9689
14238
3908
16734
8224
1048
31019
4595
3779
30022
21398
18699
9644
20029
30940
11510
20983
18293
39
30338
11852
458
29804
31775
4460
10951
30625
6209
27401
13860
9770
20230
25307
20621
20116
30489
28144
28582
20869
27094
20036
9035
15859
32431
12433
3100
32149
21966
23656
6969
9623
13819
10881
32586
16274
449
13648
25283
7867
1996
30680
24422
5467
12950
20164
19209
7807
23363
4020
16793
20464
17353
10965
4191
10341
31827
2740
26242
3576
14312
9812
28365
4311
21575
31102
14003
17980
6422
22360
1680
20383
29244
19257
3890
25130
10636
31676
4248
25197
25507
17427
24057
26707
25619
30622
25353
16212
23745
956
3703
14061
19595
25570
17850
22349
12590
7146
17933
20050
4199
11437
5816
10419
7257
14035
28818
11135
30511
16362
16068
25030
23042
19894
7375
12949
8957
19400
30161
4904
3775
28498
10500
10588
8448
3386
22407
29283
120
5741
16225
16827
18940
11894
18371
11361
7915
4175
8845
13378
29384
13687
10004
18418
23592
29508
18978
27296
27855
635
22335
6218
21782
9502
20271
14893
22160
24197
4028
16256
18924
29104
10422
11873
15389
6620
567
16656
26297
12628
14379
25435
1951
14986
20240
9305
23517
32614
9723
28763
16849
15070
18908
10016
18062
199
3586
25160
8832
22507
3554
11
26964
14939
31764
17963
28946
28679
25246
12583
13452
30603
14453
17330
13564
29004
28737
27235
7913
16580
25697
18350
13898
22554
17455
31763
19950
25078
26245
16021
19995
15763
9600
22894
3702
278
10115
24321
1826
30238
14719
11024
7468
17564
7794
1071
3623
16357
30766
29049
16147
2565
11612
6273
29316
342
28864
14220
10752
11346
19903
4093
13992
6054
24094
21776
15642
23175
3340
29387
12439
13641
2915
16690
2401
32302
22827
30651
14951
20604
2144
29953
10788
12754
7412
11964
12997
8635
11800
24049
28042
18308
11448
15206
19822
12875
29508
24665
19722
24409
694
8049
13239
31410
4305
27125
13811
3561
19366
5436
29958
4409
30301
5221
8677
4818
17202
31304
18262
26737
3774
22443
32597
7987
24696
18874
6070
7595
21627
19633
27149
11314
21130
9948
27339
22398
13905
32705
13225
24951
19693
30620
3402
13381
19375
21259
15387
2990
9245
3851
5247
18591
22842
28963
6697
8968
14856
26591
11976
11757
9546
20352
5098
25019
14990
28402
17434
8408
7275
16638
26444
27261
10248
24001
26236
12232
17885
6237
25233
32525
14270
9454
4743
31086
2069
23232
19661
18091
32367
26303
16364
31547
15674
558
7786
9371
27852
412
16878
28646
6056
20500
2468
7846
7165
10901
30691
15849
22128
12225
21262
21400
27163
6105
19896
30213
18902
10473
31243
451
26293
15168
3178
25018
10194
25123
12629
7546
3916
3267
31373
8656
12431
13164
10105
30615
23510
25854
19657
23761
8943
18593
8025
29687
6974
26549
26200
32141
261
21512
22697
20472
8163
32332
27017
404
9370
20680
18547
30978
15381
25165
6208
22463
9129
21868
8595
29435
3739
14310
1140
20136
1250
30308
11579
20177
7983
14440
4272
4909
17451
14468
29552
12532
19199
27850
16531
16113
10010
4995
13195
26585
302
30756
22863
30427
24956
1149
11450
4728
20306
29236
21037
6549
2514
12402
13948
22222
15860
20956
5384
32270
24015
5829
10536
10332
32020
26529
3790
16888
22235
21437
5735
7847
24738
26670
4098
10315
3730
29448
20917
23478
11525
1744
32060
1984
29510
21043
18660
663
13207
8183
20392
18775
19577
4915
11417
15835
16167
29627
25987
30418
3940
7903
26829
22037
20598
28757
8865
22840
883
14195
27981
22622
10939
3233
24809
10066
14022
6927
17978
19668
12320
12963
12503
17457
17073
13878
1162
32023
3650
14847
27129
3494
24637
26191
30342
19146
15028
29311
2931
15049
19621
19495
12362
5656
16253
16017
27772
19059
32218
11886
25672
13356
22421
15815
15582
452
9984
27702
3013
30136
23404
1877
21882
31389
3311
32631
24410
15727
32100
29846
22721
16935
10930
3981
8052
9867
22098
31623
9020
1866
9739
5048
11476
15176
16896
6475
3077
22839
5101
1435
28944
15207
2990
19621
30028
30175
3329
9150
5904
29356
27276
8321
11475
10361
4642
17420
5010
8032
20034
18028
7283
14336
16608
13909
32167
26832
31592
16662
19092
26034
22529
14029
14132
26060
30735
7895
10936
31635
3067
28811
25970
13096
18486
17448
15857
27368
11131
4107
14702
6719
31317
17958
871
31420
5090
26029
2185
18283
982
21778
14547
1631
30146
6196
13561
4238
28055
14036
27398
19426
26982
26440
26182
19340
20585
20851
22115
19100
21319
32244
4558
13518
8596
17822
5984
12711
6295
21800
21314
26049
20305
6438
11018
24164
9146
9784
5414
23381
11598
29058
16254
27379
14536
27996
2389
3199
12590
24138
21616
19644
6669
31790
29051
4280
32518
13244
11176
745
31881
7215
14233
22139
17889
30010
2432
21737
19569
16706
22149
27083
27709
20426
17768
8431
16812
19503
4711
19114
3212
9365
10850
14960
17494
23841
317
21411
16819
9065
10118
22697
8512
13864
25431
12353
17294
30007
20606
5399
3694
11704
19420
25494
21355
30356
11787
31229
32663
12585
6468
24245
30859
572
24191
8418
19113
22325
15835
10040
3236
19339
1601
24847
7235
637
22596
3514
6241
18691
4172
3605
15417
5124
7156
29790
32736
11977
16048
17990
8723
11698
2483
9543
32563
31015
2832
20791
22926
1234
30751
14622
30432
1803
22306
3653
14106
17556
27688
3471
2145
17543
27954
29452
23642
140
16789
19404
677
25935
20639
6641
3239
14130
9085
32520
7821
12095
24156
24730
20877
25696
21711
15101
2927
21714
15729
5744
28493
9175
18635
21096
19351
24491
8056
15140
10585
25530
2950
7559
24769
11024
20768
19751
22236
10001
31338
20642
18592
28266
6829
10289
18223
22599
19636
25215
18778
22471
28790
29627
30308
11180
27637
747
3593
13912
29541
8580
4543
4597
7313
8504
4924
13555
16763
31760
19512
15031
30274
698
25460
9361
5705
17700
763
9967
11414
26954
9128
22225
15224
25676
12776
19325
10093
18883
28609
2164
18754
9557
14356
17316
27516
4743
1823
23519
14071
1747
27717
5004
21197
507
18706
25501
15225
6300
378
31425
5437
3334
353
15578
32193
27211
15201
22193
8444
21910
1223
14824
5463
2494
29406
5425
17168
12571
7537
7358
23261
4505
27275
14073
8147
16138
18305
24948
2181
18369
29490
25123
31600
3932
15758
6345
10903
19425
24661
1200
21098
22797
21793
21149
24556
21992
19623
1795
16917
16541
11066
6263
27253
1161
11921
3684
16667
11922
8393
30720
4021
15290
15533
20350
10233
13811
10038
7558
18755
4918
8782
28898
2431
2767
23769
32378
17737
21755
1014
32130
23379
2228
31106
5106
14087
3020
21471
26422
28270
18745
2803
9511
30545
8624
30323
6459
14238
19061
353
8696
29964
3697
14035
6831
26626
9605
3063
3430
30134
5662
2900
16662
21906
21769
17746
30743
9691
6025
10749
29400
13204
2983
12294
2771
31136
27338
27914
31168
6952
6791
791
8457
23868
20410
1901
25983
25533
26582
18049
29515
13690
27769
2376
32295
19353
30020
16305
20942
12345
23529
13428
18096
28757
30341
11786
28395
25835
19505
8444
3959
5982
30675
22369
14752
17690
11579
12706
6330
18038
5227
25729
18448
23774
28469
22618
17693
11313
15628
3496
20991
25448
20756
10954
23592
22649
3707
5896
15191
7034
16140
18129
23750
17674
14337
7494
11941
1005
16665
1789
24520
11766
29163
12798
18333
22570
31098
1810
2656
14882
1033
18494
19858
24753
13105
30858
4263
29639
23600
28934
32255
5013
132
18191
18455
4338
13497
26575
26369
1278
27007
3331
18961
3077
19199
28417
20954
10150
10863
22521
9816
3124
9700
31867
15727
23900
616
15673
9620
7688
27725
13839
26827
22404
4545
15936
7121
15327
19362
15875
28058
18325
18579
32062
19198
9834
28239
20369
27311
24473
25917
16790
21870
3374
581
11111
15998
8881
739
19553
16473
1796
20345
21544
20899
1422
14314
31979
1628
23194
24164
6890
29017
24313
17533
17717
14837
5871
11906
31670
14852
10317
20747
28273
14344
31706
31955
18955
4520
3575
15559
11657
27229
12931
6749
11611
12911
20477
31783
1945
6688
21992
21160
28044
17702
29300
1894
1648
21087
19290
25152
3960
3009
15880
22786
15635
21136
27390
32055
16750
7123
4216
31807
7226
4360
30797
26017
6063
10519
32023
11170
5841
19845
27284
4630
6386
24554
15692
32630
5752
13221
1396
25651
6880
20430
28947
11338
16387
3436
16739
28441
28312
26088
12154
20848
2043
1474
1065
19948
23853
30595
26405
22400
5915
31475
10596
2645
29731
23691
3786
24276
32468
24877
23301
4865
8693
6675
9654
15882
15817
13574
14801
16927
8850
7376
1094
4229
5204
32243
21985
29670
15323
923
31854
21740
10495
24786
30498
11534
18983
31219
18998
7081
32012
16993
13781
20818
7360
8824
21560
17771
12526
31172
25360
27124
8803
4465
15396
20900
6349
4867
16699
31800
26051
22344
16188
15628
8454
8586
3220
28648
23047
6920
26328
28700
681
8872
21419
1487
30535
17638
2275
15764
18425
28688
8167
24126
10003
14517
6235
28918
8431
16987
28160
3978
237
8304
17877
27912
1975
17283
30339
19596
22218
18100
28663
23126
13618
12649
18001
6943
4500
323
25597
26029
25970
4177
10015
6822
23979
11139
28213
3746
27713
28001
22520
23171
10079
12540
14978
1545
6555
12581
5558
16545
26488
10206
1245
7294
28207
526
29581
32747
16303
31609
6607
16608
8162
14062
896
7891
26418
9922
9976
3792
28236
22910
20202
3532
26403
32469
23435
27959
18232
14553
7927
19920
10010
3438
22736
15549
15144
3070
5416
9947
18846
31598
29345
5715
16848
9297
5074
28270
22704
2908
16365
6570
20118
12314
30367
24077
16961
9185
31544
19385
13593
3333
6924
31169
9398
27211
13081
1339
23974
10913
14570
1686
27499
27916
19131
28974
18884
31969
2781
4382
15150
24120
19036
6997
26793
32414
18144
1005
11967
24074
32721
3768
15299
17427
26302
19995
25431
21855
28416
1055
19248
7519
16538
6597
21790
24633
4708
8346
27206
18694
28521
4748
2994
18494
27533
17404
19469
13936
2931
15380
5799
3895
25501
26459
26560
22633
13013
22662
23042
2449
31692
2962
11599
1952
25090
24335
10941
2271
19941
14271
2527
29992
7229
607
15175
5718
23751
1989
15432
11514
25632
18219
22529
15696
13541
19147
31126
10353
1049
10924
29633
26057
23751
12731
24970
28876
9960
22813
1106
16101
5510
3524
17174
20911
16418
29760
12018
14696
27476
7896
12516
7075
17585
27098
17619
4668
5617
29231
26064
30353
13138
23090
3995
27887
10551
20675
31081
17483
27925
3734
28132
32307
5519
15825
25716
4868
24032
32727
16317
18012
30842
1374
21865
8146
29932
27848
8999
23525
15625
23216
21747
26931
27975
195
153
17900
3173
1745
14964
20869
26193
2595
26492
26289
3656
10000
28800
20877
19519
16587
15023
30234
31106
31615
2397
15089
4251
7326
11524
3122
29813
17782
9097
2750
12993
15365
3521
15270
17817
13838
7732
19427
6243
23148
25889
15431
21497
27815
7618
2483
13831
22213
24784
9611
30644
1378
24650
21095
1924
18947
4211
14603
6780
14248
25114
18842
22664
11680
29213
15622
10267
1185
21040
19147
23829
4632
20187
26333
20201
30142
22210
7134
6655
25964
26409
21909
4183
27440
8631
12188
7536
18848
28538
7256
8552
31342
21804
30766
1892
31549
23733
23796
6962
23731
14320
18854
25133
18384
178
29275
31585
28030
14857
19575
19184
5225
30401
11041
29877
14608
18733
32760
27174
29725
24612
5121
3967
6897
30025
19684
15389
20100
28815
21081
6695
27756
25853
10205
10612
5691
19119
3753
27049
17166
6686
17380
28578
3939
11425
28440
27156
16171
1587
21731
22896
9761
27766
8687
32522
27225
28408
25123
18298
21788
17589
30747
13378
9715
8926
10454
2226
7170
28889
4015
15881
10647
32137
3727
733
1539
6607
3680
18877
4521
15441
9157
11028
16468
4730
27656
7760
32206
8898
13908
20036
16558
25647
19748
3275
16241
28443
29691
10671
31692
11065
27990
12489
6209
7891
7390
21353
11249
17237
6627
248
2225
783
17926
29403
10079
17463
15413
12187
11895
9517
11229
18755
18145
19971
29786
23306
13069
31549
5299
2610
23618
9685
17284
3632
18995
27779
17211
1037
14548
8763
18055
4364
16491
9718
30990
6285
17386
26549
95
2353
6524
16067
2343
1343
8542
30011
13479
27207
16112
11467
31333
31749
26636
183
21026
13959
16022
2337
14861
2962
26708
9095
27958
3907
6400
9357
24133
22514
668
22269
19052
5467
8198
27660
30874
8960
3532
16607
30962
6601
25921
7501
30843
9454
19921
20455
32025
7702
14481
19253
7612
13505
31258
10307
2775
9443
13976
12892
31508
16593
21534
24598
20550
21089
26429
23951
2206
5965
19924
3061
20515
23769
27689
6732
18012
32438
16441
7019
19535
19749
16205
15688
28336
7776
12750
1398
16466
3893
346
14060
14561
14068
11543
17672
27603
21131
22600
30676
11164
10992
10014
9607
27937
15039
24016
9551
32624
22309
30190
24397
27566
24572
7666
7649
4432
15159
22296
1065
21135
8065
9583
19908
25877
29217
1584
15324
6909
15393
8271
21347
14330
31407
25425
20636
9942
20163
2141
29662
8991
20482
10645
2965
11037
1763
25511
24457
19974
21008
13726
24931
10869
15119
4863
18029
12569
32289
23569
28313
32682
18794
12412
15557
26658
30547
20501
17469
30761
18477
32249
28545
5329
24343
6617
1097
32387
1569
25492
10439
20794
32177
7435
20012
21742
23334
32305
9325
12884
15036
12129
31559
24516
18607
15861
13441
23162
26020
16148
11121
2
27204
5323
13761
7150
20010
2399
8563
32202
13823
13538
21539
11090
11491
24837
28556
738
3343
24365
8014
25133
23481
1225
29679
9522
7224
16866
28447
4460
24169
1523
9536
329
3153
26364
6181
25566
15108
16082
12058
25817
709
12985
28709
20663
8814
22836
24204
2359
29203
29212
8855
7694
26850
25840
24215
24028
14925
31084
21799
29535
20076
32349
17586
25318
6556
21171
7222
31753
5997
1240
27975
5016
27835
31808
16214
6609
29978
24898
10291
24790
16248
14118
19921
10078
15869
23679
13642
15274
11574
26043
802
19131
30323
1528
4304
12226
4461
31257
31610
22488
10540
10777
4097
3567
2088
29856
14397
17160
4015
22740
19850
9895
16006
29298
29827
9092
2771
31773
26125
5252
4922
19446
18840
17895
27463
32364
1185
5827
1804
17238
9083
20145
2571
319
16208
31686
32086
17152
1379
27845
12532
9109
17303
7058
19591
11305
7733
7146
21292
22643
21226
25170
7843
13637
11535
30541
5552
19810
3885
27346
8640
22673
13761
7165
10192
24815
5948
10501
2187
21129
1358
7022
27570
10538
29540
9344
23233
12402
1648
32247
28368
2600
20968
17148
5559
28369
26129
21844
12917
23682
4989
8920
7379
10226
2002
24357
17476
9171
10190
1428
31248
21091
19080
14189
9905
21822
14841
19031
28285
3958
7354
6931
2438
11749
11535
30826
21183
2498
24869
14948
21088
6515
26776
22971
18315
25506
9016
7055
29999
10387
29965
9563
13869
13749
7065
3368
7353
6007
26716
14849
8451
7516
1182
10406
8983
25682
8808
26757
17410
23360
16084
25829
23095
30174
22918
20069
1329
457
17787
14501
9305
20951
30466
16451
13609
13223
29447
19721
23698
25469
17303
17508
8091
29261
5537
16408
3916
21014
25594
7475
27594
31858
21412
30527
707
26474
9552
25532
19724
15502
24609
462
3977
1606
6579
12850
846
18275
32604
2934
18691
12537
1202
24170
11149
27249
23373
24274
30187
8154
6094
17501
24669
19072
10271
30683
22732
26560
32509
8362
10854
4634
6324
9841
18569
12424
15658
31505
16610
12302
8991
16601
6358
31635
22707
8442
6688
9711
5417
26170
21180
31301
22506
12268
19460
26259
30925
20767
15642
29831
3477
12310
15493
17557
18620
14840
13599
16198
13679
16073
8750
28883
29913
18841
22225
17138
24740
18683
21662
2288
14013
7097
30089
4608
12888
21958
27911
13779
13877
20852
25716
3944
27681
24807
14002
23078
32191
13258
3860
9512
19080
17728
28538
20696
16145
26142
25021
2751
12684
14167
22605
15259
26514
10424
536
7090
10528
20437
5550
24935
1247
11075
22435
15883
10664
9735
24629
7413
31047
28495
25647
22741
14463
31328
1294
23365
79
15056
27745
23201
21620
28917
13942
10777
815
6813
28722
20484
12872
23551
11329
22135
15699
29938
29552
2583
18738
5725
5206
6955
12507
11247
5690
21750
12124
28176
21297
24387
27420
20503
32135
15937
18019
7869
5216
1169
6428
25297
2975
27550
14298
23598
11015
17965
27674
10475
26784
309
16840
27857
16989
9968
19972
3346
23291
6194
21285
21559
24108
28666
26110
4699
28661
17734
30817
3479
11093
16172
27874
22205
29735
12071
6109
22089
8265
9647
20923
9620
15358
13580
32368
2123
28049
22123
11848
6688
15420
9522
15332
1215
15943
25745
2943
20996
29300
857
20343
11883
18587
4626
30216
12232
7570
24392
9306
29752
11855
11813
25278
11607
18001
15173
24116
27571
11580
965
25394
16001
6083
669
30112
31631
8138
22576
10791
17274
1996
4130
9387
5665
19835
31082
24598
2905
20391
17576
9048
995
2913
23736
18348
26267
13408
11655
13340
15857
11428
19749
12871
18845
8024
15132
98
22671
17149
10753
17533
32549
1733
1864
17671
32161
12093
13660
2709
27354
9775
11248
20191
30514
455
29327
23819
23495
1780
10619
18223
18926
11025
5300
5393
28381
22725
23895
20529
24487
31784
32041
4361
366
6695
2164
29075
16851
30505
18962
2316
13234
4339
26055
21752
25613
28616
29908
13158
31557
4821
20680
21109
32400
31693
154
14615
17831
7633
31733
19733
30911
13202
14547
31315
10939
16569
14157
24406
25504
17031
32689
8963
12105
21432
18134
22441
1116
18350
11436
3906
6012
203
18711
1270
28352
1567
31486
32737
18788
7235
11679
21270
12223
25988
2085
7908
16245
19780
15228
14168
2030
17054
25188
21506
2823
1609
10180
27900
13831
4031
10049
26921
26324
19870
15376
443
20839
17742
12808
32504
22909
21988
3324
12861
13455
8774
23111
20803
26629
26256
16552
5793
30631
15543
16977
19346
22612
5229
25914
7929
31478
25156
13755
28066
949
18965
22362
24523
363
18595
6114
32739
14680
8316
14517
11921
23320
3616
25186
6136
12497
1893
30330
3642
8113
2586
13216
27962
3224
15851
24544
27559
30993
28036
27970
32054
27783
6906
19614
10798
32182
13158
25265
42
4191
9683
21361
26
6976
24922
6046
11660
2627
32395
4250
9002
4342
6159
3706
20611
315
5772
31837
17678
31297
29641
9980
11371
946
14611
20867
24557
26926
15583
3232
12630
27129
25520
985
21217
4336
26683
13602
134
18626
28361
18095
20089
92
26590
28423
16628
29605
1560
9050
4406
27756
19289
20
17356
3998
28969
8114
29711
2749
12373
21460
30958
13709
11228
29844
18157
31761
780
14871
13166
9397
20201
21601
32047
18125
3790
13678
15893
1342
18519
16766
10792
24955
24189
22960
16350
15028
25603
29906
19868
19786
27922
14968
28794
18053
9248
21579
28743
16521
9750
27044
7373
14982
27057
31066
4181
24880
13864
1496
31598
15215
27920
18290
24043
3927
11133
22777
20779
4954
1643
4748
18333
16316
26204
1714
25986
21576
17986
21926
22261
26178
22942
19186
18217
2716
24042
31039
23795
28780
6965
18540
24712
32670
22541
10717
28295
20454
17569
26390
23610
3065
8487
16008
12569
5373
9084
17066
22927
31294
24586
12108
30465
6434
14831
10537
28941
31071
7772
7099
11279
14699
3898
10579
2282
7989
16660
24936
4613
8466
20529
12591
31123
31482
20736
17005
19736
9204
16314
15498
552
14287
4930
7142
16498
10515
30544
4976
3326
20279
29134
11380
15027
9492
30594
6324
17436
19354
13294
27323
29292
9410
2164
10350
30143
6851
1726
27620
21154
26505
27229
1655
18646
28771
21936
23067
5969
2556
22024
23791
16774
14476
29449
31506
14822
16463
19796
19128
5543
6711
4195
18045
11716
8414
15283
505
20805
2494
1833
3220
27840
32420
26287
30363
19232
27490
28958
11412
21413
21444
11872
7375
26924
17862
4310
23358
20145
15364
7671
14214
13586
1138
2618
31062
22037
32589
19510
14072
16557
19026
27400
31270
14969
11309
3062
10014
23182
21556
850
23033
16758
16981
27808
11832
4728
27469
3579
9376
4634
27931
2740
6984
3557
26549
10557
3056
29032
19961
12357
1172
11392
17126
7973
3649
20182
22284
17787
30248
31912
14913
32276
11505
8397
13718
4368
12369
32755
394
320
13023
4396
19581
18643
30243
16297
1383
18738
2800
31172
16073
29224
27636
12612
15844
25670
9870
12509
2602
4742
1503
27383
4338
10030
29732
9649
12655
12279
1603
10276
17635
21871
26019
19692
30480
8604
3137
7653
751
6626
1793
23858
10149
12326
12866
8068
27059
20276
9396
23448
29805
1630
15470
4866
12205
6246
571
30762
24008
29087
22325
13716
21953
18766
8342
14948
11709
29270
26058
12321
27063
7957
5321
32185
629
7305
24739
31685
22715
18615
28252
15887
26814
18509
17403
5713
20955
16262
11742
13376
1673
4686
3664
1737
14477
28583
19294
17051
21869
11339
20198
12773
10022
12434
19696
12641
27937
32151
17473
32401
356
3478
27950
15177
24070
5017
2735
19053
5861
24148
20916
27132
7067
25165
23228
11853
21933
12096
20899
17049
30470
21697
22459
4794
3236
31267
19487
16946
10642
11673
28228
5231
15894
11931
3793
10830
28459
14219
17073
14557
561
2713
19558
7525
12516
17892
12192
29352
31115
17121
8974
2919
16241
1281
21620
30247
20377
31630
13054
28213
7598
6870
13268
24040
19769
4236
17646
22054
23319
5995
25130
7977
31529
11804
155
18051
32333
13658
17444
20064
21645
14676
13126
25100
32663
27219
23863
13237
2413
2204
9780
26481
21342
18328
11799
12163
20789
27698
1324
32218
1200
10881
9025
28378
19764
1703
21756
20831
24510
15609
4978
28671
31517
30048
31220
32656
11359
17918
20012
22250
14217
18709
20074
21486
30859
18981
14904
4552
20594
20053
18740
21616
29408
31764
1055
19831
10169
9728
13361
7680
21792
32007
23727
14861
26018
11724
29376
4348
24240
27980
18301
8017
15187
14529
22599
19893
24347
19655
31069
16703
13657
6077
3757
243
20621
11118
18155
5256
7714
29168
3297
111
601
10701
8966
17168
28804
28001
7505
14167
21364
18819
11599
111
23092
10088
29812
25293
31992
3523
20655
11889
20048
32049
22336
7784
27809
27605
29134
20886
10198
9279
20916
16562
12115
2963
11677
21906
23594
4839
32080
1961
27538
22508
10189
8654
15765
14545
22424
5438
27656
24420
26965
32229
19904
1915
10389
15321
14851
1170
20208
17960
8253
19125
31060
6867
18420
32417
1948
28698
19710
20774
6756
2810
11250
10703
8988
24309
29404
25797
14940
23313
27189
10225
12407
2083
18962
4961
3155
23629
20379
20717
27768
26566
18111
18202
32358
16089
23590
29502
44
17713
19303
12005
54
15955
15740
25716
20327
18284
27507
30476
22888
7757
22885
25009
22335
22964
15788
20908
4131
30413
26705
16429
7310
24568
16068
20277
24469
20685
8144
28083
10869
15197
17357
1774
15982
4795
27928
16674
8404
7868
31936
3950
30051
15610
16258
6893
21203
13087
1784
18212
17836
30304
25357
21916
30044
3143
4020
27855
8070
26806
27354
1609
23966
27945
1688
2055
26803
27963
11182
3363
20363
23660
24621
8627
21237
2337
18035
30190
23643
2284
26716
19600
17047
14862
17079
10368
20743
32314
9463
32176
17636
4764
14635
26949
13519
10522
18481
13561
5805
9946
3622
10685
22453
11268
13088
30114
15047
18633
15392
10489
28928
932
2114
3769
8331
5343
11831
25634
19898
31578
19957
13216
23125
20104
10925
22258
3890
29114
8446
25739
25605
3232
19816
3129
31098
27916
30467
9988
31105
13818
4721
32345
20969
32718
28945
3688
32049
19932
28789
18378
19867
32045
15895
5223
28289
4224
839
9111
4076
32144
3432
16775
28771
24469
18012
15839
14593
13069
4413
9633
24523
32444
24398
21588
1088
3570
4401
8291
31281
8204
30810
9920
30418
12605
3267
31180
5138
16527
10977
14203
7720
14116
28120
19123
24430
21698
31211
23542
24179
17807
19254
13633
16971
17688
23711
7476
20778
29336
15114
28018
15666
14968
22732
26699
13192
30994
13666
4505
25005
15034
11620
3815
25868
15615
1716
21209
22735
5422
3323
6088
30199
8216
21078
28076
31148
7957
26700
24383
17873
9801
9476
29279
28636
16422
18612
1972
12773
27186
5981
23956
29180
20235
15030
14883
21440
25000
101
191
2094
15841
18549
13979
20406
29234
14341
15017
25236
5820
1085
13502
13149
21900
27015
32753
16344
18464
8955
5188
25616
20007
30234
13190
25511
16777
9920
23927
7533
11175
26452
20270
7473
24548
6466
4536
32728
8036
29099
23554
23980
10772
22107
19448
12022
24810
1787
15087
24270
23918
26247
12608
50
8825
30979
15670
22870
19004
26986
12587
14651
21893
11240
3309
19331
62
4168
5735
24196
16182
22704
25981
20379
19237
10380
26423
4546
23786
24520
7202
613
32534
13890
5619
114
6318
11135
30830
31152
5421
7837
390
25169
19913
8840
23750
19146
6135
25201
17903
2018
7473
10876
16099
8457
24567
26809
23745
30956
4628
14934
28754
25670
8226
22803
3492
8953
5712
31989
14068
28509
16995
1599
11985
6104
14075
926
13695
22191
5144
26788
13722
23579
14556
2167
9211
16032
17043
10443
5856
17818
31984
16653
22598
16921
10137
14817
30618
27118
13543
16591
7825
26886
26086
1081
11605
7415
26532
27537
25057
11993
21928
8137
3758
32599
17856
30730
9359
6405
16640
7848
5081
7413
19975
598
18632
23941
28804
26518
18206
7034
16889
11892
10509
6483
1983
8308
1367
30935
27211
23241
180
5873
12719
10439
3700
22973
11107
25243
9317
9443
7494
9274
26103
26660
27104
28823
2718
31794
18922
5401
888
16837
16144
24908
9264
14059
9205
1751
21282
30367
32120
13742
1216
22174
28982
18568
1588
6006
1359
5524
23367
23264
3438
14183
13185
21583
26883
25145
14993
26569
30419
6482
18416
10998
25011
22719
12738
31863
10896
1865
18173
9592
5043
17576
13516
14729
20803
26611
23350
10409
8972
16987
21755
14244
15230
31257
14014
21152
6137
4517
18793
28146
11848
28457
17358
26934
4971
30773
18314
10398
32665
5556
9519
22666
21381
13343
11170
3929
737
5104
1729
16767
2080
32346
29001
15320
17793
12855
15863
6205
30537
7490
31726
24660
6991
13702
14937
21164
29118
1814
12113
32265
31511
18943
17921
9980
6005
5243
22536
11191
11029
32103
5662
23072
27669
17143
25595
27684
15740
18857
11125
7758
15227
1911
27368
5272
23795
12113
730
385
20022
12490
1759
17247
26898
24594
5563
27639
28172
23076
31943
26187
25321
31040
10902
11955
14963
28060
13527
20783
10617
20055
30077
8700
19736
13998
798
25701
1593
17266
2201
21468
11867
1209
16380
17225
2451
14293
5285
18082
6608
23938
12455
6844
14180
99
31087
16225
4800
16304
16295
30626
895
29225
9818
9326
18599
30030
1369
11620
7723
31953
19166
27622
19380
30284
8304
19567
4256
21808
22278
6694
4427
23293
24175
10419
10638
12217
19441

