100000

26792
17109
13410
30892
21864
9499
7234
31804
25456
21020
11313
13018
2711
229
9049
29209
20723
19140
29469
28129
17053
21505
5373
18114
5812
27849
30650
21129
9637
15979
18363
21265
5289
22727
5808
3932
23183
13314
9845
738
443
31359
23353
5929
19311
12043
6367
7062
6217
856
4004
28547
14861
29357
15363
4754
4773
29915
7638
3904
9318
23923
27325
29629
30613
15158
16323
19707
31018
19405
5695
22532
14035
22459
32761
23954
7228
2703
28302
27609
5518
7006
2582
25256
15158
22896
23299
1456
27367
28986
19276
2339
29154
32140
17100
19586
11381
14604
25317
14256
16065
25571
9576
28234
19137
12726
25273
19771
18312
21464
814
26250
24010
29630
24505
28535
28062
12723
5575
21703
8578
31692
21095
26972
12960
20767
22703
25352
16976
17712
18267
6563
27869
22444
25016
15451
31116
29786
24513
29004
19418
12110
2439
4945
31238
4448
8662
537
11471
2268
25621
14461
11391
21115
6510
7440
16168
28306
2351
16632
15406
30346
18544
253
30981
26256
11511
15584
29500
12173
26456
6382
23483
9561
2144
32212
26441
7468
30132
19125
2129
20565
4534
28026
30181
22318
6824
21866
9219
20559
1300
29690
4375
2050
21867
16358
3266
13303
15596
28288
23514
5945
32199
22344
23986
8801
23171
13758
5787
25610
5277
15732
17322
23940
15986
13415
23484
4045
25694
1935
8632
21692
20774
3509
11284
22656
29075
27781
1435
18249
7008
21476
19309
837
15191
900
27719
30414
11958
20149
27908
22242
19415
4734
22116
27091
24080
20972
12301
9791
6361
27818
11471
15939
17964
9170
27692
27372
13362
24835
29976
3054
9755
29620
19965
28569
19533
14535
22018
22280
1986
24673
17293
2716
31915
17914
27654
4777
14426
3760
14559
26734
28254
481
28113
13131
4336
20472
9320
26158
18574
15239
8385
20815
3813
22679
25491
31773
28916
22076
7532
23415
15471
1644
26429
14368
7265
6160
25625
22893
26902
14172
12346
18497
12088
2140
16709
15931
12856
12240
7118
5422
28143
24122
543
19154
23430
4405
53
27833
32147
32520
30988
132
30596
24699
6429
15446
13377
3306
21028
9097
24589
7319
17446
23456
14765
1348
14259
19837
32461
25858
3433
26325
30623
28484
18105
4064
26053
12343
3054
10581
23153
6742
21354
9877
14283
4665
3635
6182
24979
27821
32175
14948
24839
4874
5804
23667
7
16833
5539
13176
8055
5429
10302
28169
19685
22732
20503
7138
23403
19525
25283
15833
983
21324
19215
4628
20490
17227
28553
28793
21918
17284
25155
19302
972
29533
15827
10402
2188
19194
21406
9876
4349
27153
3927
25011
26888
18682
13250
20030
15936
6
21694
23085
2573
6418
12930
27495
26378
8028
23079
3637
21931
24981
12135
26615
13347
6711
17316
16918
28037
29208
7723
16697
9257
4416
22971
7356
23377
12791
15169
27230
25612
27171
9702
21049
4443
7889
4171
16120
30611
22034
24339
24132
15106
23304
18595
1407
12757
26688
9765
20149
23865
19522
21971
463
32193
15463
4722
7690
18184
18923
25628
6056
30359
11587
3651
7654
21001
23473
7923
32045
20589
6933
855
29068
29419
2054
17791
32102
4267
16929
22368
6248
6642
12961
3869
19134
5774
8497
14469
2183
25461
2814
24540
24966
29609
28687
14814
22810
6238
2777
19713
31344
5215
9742
16379
31991
32430
1207
29060
3348
14442
4226
15709
3352
31222
16989
4753
25199
15192
31043
16123
8985
31711
13142
5128
14175
11529
23855
18622
17342
17571
11122
15613
28456
14898
12965
517
22892
29586
12610
19513
22002
25821
16394
12835
16043
26511
23709
23735
29512
3303
584
3292
22698
28560
17694
6696
27802
18560
9034
20203
16827
19233
163
17776
30652
3246
129
10879
978
31456
12751
2342
23910
9675
16738
954
25355
24834
9865
7704
2994
2
32230
32048
14369
12750
1660
16325
14497
16342
29960
21614
23287
13341
4501
28897
5270
10907
21323
3696
7443
20961
28296
4052
3289
24315
2354
29738
21534
30874
2379
15163
7702
23923
12741
24320
29798
18914
408
1638
14043
24787
2323
21838
15196
7138
10607
32216
10781
1729
29354
30433
27158
18906
5011
31690
12724
18486
4129
14715
4046
21662
12808
19624
218
16896
26510
30035
25697
21268
1179
9107
26288
19774
6672
16787
13009
12983
22362
24285
185
26600
10823
8409
21443
18454
4376
7312
32093
27972
21207
32182
14337
12117
4587
7912
28264
7794
27881
30514
762
31915
8621
212
11144
31457
26282
32070
13629
15587
28286
14969
17618
26839
18889
15712
26370
17884
6976
30127
1342
11757
20989
24291
4769
22280
24089
12930
1318
14224
4989
4004
28441
2545
12021
15282
19659
13186
12679
24686
23178
4783
1538
27443
1744
30807
9433
29054
21691
20595
10802
16046
17085
15865
4667
28424
2453
11776
4029
15358
18302
9764
12531
23985
27558
21036
18076
9652
30177
5354
16719
14099
24223
8291
30991
32660
15132
22832
4895
22076
29142
2340
31255
25365
4932
9519
7224
13359
10949
10882
25597
9189
7127
22260
7922
29793
24457
16549
18121
17507
13875
4321
24747
16701
8548
26183
26316
14883
14876
8746
28738
30881
14139
9527
2839
621
14394
16216
31901
10335
10265
22233
23553
1726
19608
2762
15139
23229
21930
21668
20901
20805
295
27951
24131
13045
9921
30882
12898
4456
16441
15884
7147
22966
16851
28148
8537
28733
22279
15420
17425
14753
22393
20812
15602
13585
2091
22124
26414
3020
31985
8560
19800
14820
11814
17307
3262
13378
5790
32702
760
12267
28123
27552
31169
28290
21124
16546
17670
13325
30994
8099
1853
18940
13005
19490
4088
13159
24823
8866
2234
30359
10311
20051
25609
8136
30873
494
17092
24877
15587
14305
17335
29749
18283
15788
29037
8205
20023
3723
16965
2406
3013
16725
24264
12152
22525
3492
8762
14918
19812
11318
2415
32292
20114
5779
993
22647
32742
27120
23295
18877
2424
29012
9159
28877
13647
6905
28310
19295
15829
23797
10559
24526
24711
19737
26459
13341
2289
28698
1249
13881
10202
1006
22263
31101
2748
18809
24327
28027
18295
4457
13332
29178
4165
4191
5711
27707
1009
15951
24805
16769
20036
17705
19996
23247
11457
17081
16798
5620
11154
25036
3348
18373
11969
3732
25335
13226
7083
19021
27555
7260
14002
25121
12462
20972
2355
3401
21111
24840
25528
13942
15362
18298
20590
29807
18691
20977
2521
30203
4664
1796
18886
25857
21500
17268
1153
1262
8986
27569
25673
4183
25567
22176
6401
6624
14195
21916
20520
29788
21353
32187
26891
26165
30612
5714
14649
11278
30236
20667
30008
3752
466
11605
4470
4098
14017
12749
12162
29637
4357
21660
27516
9950
17889
16849
7627
19053
13067
23825
25869
26078
22602
9436
3156
1109
3907
23313
8591
16720
30096
5813
20550
2184
15635
8944
21643
3352
22154
20312
6701
15328
10851
5491
23598
11564
21457
14198
22647
22929
4639
15443
27595
5656
25669
27891
10746
7071
697
14016
18007
7547
11143
5991
24683
13154
29860
30172
2283
6793
6271
3230
4840
4617
28890
18748
1350
22151
5080
17688
16495
276
18263
15211
11336
19794
15999
8329
613
2776
21915
15975
2169
15832
16424
31322
20240
13055
23852
10273
18560
2717
9674
3622
19484
32518
27154
32513
22956
27192
20510
11326
12570
20158
18778
5728
4718
26580
29219
15909
14844
1227
3988
31500
27868
13231
8092
6933
10651
32552
12116
12232
20784
17310
27536
11384
23602
24480
8117
14793
28744
17287
5834
25200
27104
9302
4817
32058
11812
21989
20055
30800
22825
4159
15434
27065
7274
9288
31243
2336
24950
25507
10180
30424
1253
16338
6908
29725
15760
25759
8040
28829
1026
20923
14852
4407
3625
14246
8803
5122
13137
7118
26179
13713
19540
2043
27493
31605
25610
18666
17308
2052
19463
56
1827
23385
27014
3459
10547
9628
20128
4811
31445
3716
29634
6174
20470
5657
9565
4724
31417
29375
31199
20952
4369
4208
25571
6856
12430
5449
13476
28383
13431
3912
8888
18609
4634
12116
10491
20215
20320
13693
20937
17132
18340
29318
17008
11766
12997
672
6884
4745
8826
9593
32181
9288
27110
22389
21567
19310
9069
4155
8993
30573
18629
19060
752
1237
4432
14543
4396
14966
2729
19529
28018
8649
8061
28587
5876
16012
156
7252
15911
27053
9295
11320
24251
21353
20461
3369
13776
28853
24489
14678
26727
22493
16558
6417
28182
20587
20846
12757
5121
6730
7222
18055
11269
12331
8198
19708
15414
2344
7073
23740
17036
7591
3808
31493
24793
13186
26187
26643
1278
13669
1258
20895
24927
6519
8281
3750
18836
6972
8987
18539
18274
19642
2352
13503
31721
17114
27370
17792
8478
24850
10748
29024
16252
2113
29908
31207
27639
11482
5163
21180
8754
6213
14042
3616
3825
22914
12271
29371
24273
10512
23296
7835
25911
17421
6847
23418
12166
670
9679
2111
22677
11665
5590
15304
12384
22337
27860
1255
3069
15290
1203
27562
20946
27678
7455
6112
5638
18760
31639
16600
23349
4526
20932
19052
19304
1676
24074
13118
32068
27711
31326
14402
6529
27118
3415
20861
29854
3184
4487
27660
28883
28778
9995
1383
15432
22456
25441
3047
16260
11791
21370
10374
20520
16608
25616
21991
31709
11903
9274
26774
32651
20612
5694
27792
16076
9586
678
31750
20384
32150
406
29534
28258
28466
11868
9851
28154
21979
14665
31550
30805
24864
19391
3404
13074
30316
29324
16146
7294
27182
630
23559
13507
21558
11031
12337
18268
866
11244
14571
26828
21627
24488
21221
31888
28762
4558
2412
22354
13647
21118
27372
20831
20419
15503
1715
23899
17947
25055
30711
30516
31712
20967
8731
32596
28701
28307
558
22043
15113
848
14773
19340
3814
21094
13994
14150
16425
3208
7364
19638
6363
26281
21497
32652
31551
16914
24642
3179
6069
6834
26270
31205
14814
12213
857
9638
28929
6744
21902
12783
6062
18171
25579
26439
32417
1143
16052
24173
16104
7603
778
1680
30537
12658
9070
23490
30942
15471
6529
25003
9986
2476
25869
13946
3697
32007
31817
21025
30634
27662
4441
17858
30872
30996
20757
3940
18802
9349
32523
21995
24800
2166
4807
8519
7007
29312
14930
25323
29158
20431
26104
25217
970
8054
16718
25308
30687
24325
15732
4910
30944
9566
4248
8315
20752
24516
20155
31565
26914
25909
32696
9642
11862
21498
22146
7491
9190
28028
28077
13806
9120
25689
11568
30806
4564
20663
15721
22769
2160
16089
11105
23347
15722
3056
8786
29954
10334
1331
24166
18025
11129
32049
15554
31120
17301
19302
3267
24300
933
27149
1671
6579
24404
9782
2736
28819
2281
5656
3940
5795
26222
18856
24216
154
25105
26987
2447
6719
6602
14216
13725
28704
12862
10017
9777
8583
20708
32227
10259
11946
358
13276
16873
30498
2634
1421
19968
31902
29905
27713
24905
15833
19487
28829
9122
15817
22429
2935
32087
2842
21660
2284
15849
23514
29499
8620
8206
4470
6794
16025
20216
14565
14319
6801
20698
23331
7625
13959
31401
12769
13652
21465
20768
5243
1997
26845
31494
12586
25302
17341
10419
26235
7195
20358
5329
20735
14390
12155
608
24900
30928
9391
23548
3589
5641
29139
22627
30366
10010
12620
18482
2498
32313
20873
28911
1136
31678
11155
6476
23843
7299
26597
10922
28490
18320
9599
3037
31479
7928
5942
6447
19675
22526
2894
23975
8818
24188
4426
29067
7803
18310
12803
8739
25003
22346
28152
18112
7074
7738
30181
26365
10270
29038
20887
5701
3183
16963
26878
10389
26923
6473
9092
9347
13346
14428
4509
5760
20116
10256
21663
10586
19362
13395
14549
10245
31491
7245
13774
19610
3064
31115
18683
160
23682
8797
24186
29323
18642
2940
15404
9346
3841
27888
8973
22629
6913
11825
6853
32015
20180
23949
7034
216
6907
14025
2537
11614
31538
32011
14773
28806
11098
11256
27134
14013
10423
17433
28726
14980
21339
13955
1328
27947
17378
13239
26746
23772
10592
25031
19949
15324
17304
15802
18818
27918
19823
11314
11624
14777
27552
32076
3667
5258
29616
26568
25110
3549
7973
16234
27764
23864
32499
27295
28211
9240
17207
23396
19059
19953
11047
3940
5694
12656
12617
23392
18016
22275
18404
1492
28537
2203
14773
29912
19536
3761
738
29508
32362
16007
13876
20759
15580
15792
17024
25370
25949
7890
11366
9664
9119
15275
4158
1873
8928
28754
80
7495
32188
7103
4931
18681
24645
2446
14041
3958
4181
10496
6873
10420
20515
13635
18508
2538
20245
13043
14571
28474
7381
26336
729
10387
21159
10770
27790
11734
26362
16138
32019
15927
24380
3147
23669
3815
21491
24601
6260
19696
31498
8577
8571
30304
11368
4761
5077
20137
5320
2057
8477
29256
2756
14794
11766
19877
14898
4398
30717
31546
6580
6177
22524
19704
24203
28078
29793
1254
25260
25541
30702
268
12566
10811
8369
24207
11362
11026
15159
22557
924
31739
24061
25483
26961
2329
31015
21181
16617
23816
3700
31687
13879
10782
9586
11345
29519
30960
20462
27712
26776
8216
21167
21395
23330
26934
18020
30602
11577
1845
17626
13070
5434
16848
30322
20045
13989
31316
5075
18853
20852
28071
12252
20419
31659
22409
24028
4876
6449
23322
2054
6715
1502
21660
2591
16460
9685
30843
25722
27546
20500
25482
6950
16452
18249
144
5478
20948
13543
26371
4449
6179
23162
5907
27
11127
27960
14059
23972
3055
20440
13619
22928
30753
7847
29913
25510
5889
16856
26129
28893
30981
31259
12442
3204
13446
7026
21315
2496
8554
27200
23727
26939
30720
20131
8533
18203
22315
20996
4810
25905
30147
6893
7235
9587
824
23322
10326
2221
31608
25554
13312
1395
29203
21624
4844
19290
6301
5981
18674
18024
1109
8408
7391
30408
30467
9369
18548
28866
12071
13626
27057
6379
847
535
6483
28825
19657
10080
19099
1690
25978
17516
22609
24614
15630
19536
25353
28177
18770
17585
25765
25157
21981
26326
7451
31088
30454
22273
15480
3322
9138
26112
28197
314
15197
4351
10601
25577
31259
13216
27440
20183
8399
8270
15627
25308
21564
4814
11639
28434
30571
12566
7522
6209
1356
3683
1771
5275
11679
25734
8554
20394
14613
30590
1712
2694
30899
22348
15760
19531
17528
29699
19870
14026
19775
14367
16438
4991
17895
7447
12992
11460
10160
28214
24115
18243
5608
11686
14296
20401
9416
20430
3921
4282
1945
16606
19929
1335
27162
26791
15053
6823
31014
8369
26988
30685
24210
20615
13275
7158
13397
9302
26475
27022
13035
4534
1567
29236
7931
7880
16745
5658
14903
8065
4661
19473
15235
23877
4648
9653
4698
23736
31274
25573
31086
13777
27170
12151
7311
12848
24064
18985
21966
9649
29697
19418
17890
13633
26670
16378
19403
32752
26919
14143
8117
24136
10782
8601
5406
11229
22054
1129
18491
20262
18606
24814
15000
29579
12104
24319
8960
10687
30896
4096
29852
25168
13577
24079
24926
30333
19305
31614
23457
13127
10392
26246
23305
6859
19221
21817
26801
20430
20570
7609
13957
24474
26465
28328
17900
24073
19559
27615
25003
2015
12784
867
28422
24412
15115
3732
23079
30482
27351
5032
8644
24309
11590
15192
17917
26545
23841
20185
7811
12352
27469
21006
23551
12731
2892
3580
14514
15728
2310
8062
7256
8502
11210
24122
14163
26109
19088
12243
22789
23721
30081
7009
1406
27937
22713
12574
3671
23458
15435
6753
13021
30810
17797
26065
2931
27954
23926
25554
17457
7659
24750
10052
27345
20076
31813
32365
21452
858
23583
30771
23232
20714
3693
18831
533
3059
16503
10046
13792
4424
14490
26554
13831
5956
12684
360
27559
15782
31464
14611
11698
20383
742
5273
14557
27690
11625
26084
24249
2204
7232
540
12319
380
19621
31003
9938
11668
11786
24866
4704
10056
5654
2762
19529
16423
13802
12605
30563
21184
29864
31397
20093
26295
21302
23781
17987
23320
15679
14984
1634
2794
27515
19446
32236
8200
15153
10478
5885
2092
7930
1584
19871
16461
3271
31610
11755
27179
3365
26038
32113
24616
20416
14706
5082
15193
26918
22928
9932
32733
7630
17983
3342
25453
24153
14378
15597
25141
22807
31727
2526
5602
17613
8658
25956
765
18614
21939
10036
20599
9671
29501
8344
7557
1335
10849
32529
27054
4159
18434
16960
17185
13599
30450
18694
12109
15713
3358
14827
428
6497
14597
19132
5343
1293
9071
11128
6656
27114
22875
6254
29236
8792
4665
22431
18047
534
9817
9577
20957
18440
18852
21607
4494
23864
24202
9363
20401
1308
30011
5549
15380
25367
19226
14561
1867
31041
24174
17828
13311
1131
27227
30175
4745
22878
24338
27983
6847
10084
10820
12331
6158
17418
25564
27912
23498
25635
13037
7675
27073
26128
32489
17661
21270
4415
16661
18323
13133
28402
2617
11694
930
8258
4252
18383
14495
21859
23087
112
24045
18985
22281
23712
9323
27595
19
28653
5757
3048
19973
18310
26279
17607
7313
4257
3162
29411
19933
32283
8973
26535
16951
12638
16272
14710
30725
10888
12189
21742
26618
970
22449
13166
29072
31757
8985
23253
27570
5340
14928
2701
11704
18302
29576
14793
9369
5474
12679
19210
18524
30657
9396
6376
1488
29310
8818
16399
28797
20049
1708
19080
20698
15908
21425
8250
25281
29629
1091
24752
22559
26526
17386
2588
29680
22569
399
4508
20843
17416
4165
20669
11129
25548
19050
27710
14444
26324
27375
6166
28142
30577
4340
23735
16695
19015
8600
16789
14212
15607
31759
226
23236
18427
13301
10396
26260
18385
17889
19658
16749
24923
31294
12035
5660
1414
27222
32559
8563
22570
23472
6546
2111
32305
26012
26118
18810
5884
5388
15495
8385
25858
677
29429
27912
27066
3862
30742
28556
30908
14761
8155
30473
1571
17687
1252
19245
13365
7841
9029
27725
25670
15196
4235
31576
20185
24525
29946
24073
26377
1461
10777
29536
3367
21550
8817
27730
21669
24055
32401
7360
24882
6669
29525
22694
7975
19067
25960
12693
23330
17778
24072
10339
31984
21660
15625
10017
27057
7854
19485
22349
20790
20285
5970
10313
27310
28882
11996
6668
25730
11584
13845
8216
2941
26677
25538
12459
27952
26640
22424
21562
31125
242
26879
18715
26610
30232
21269
3970
25344
1384
25078
29102
16461
20809
1339
23652
18143
7352
27584
7069
18714
3481
3243
20348
5604
26954
16809
11650
1286
32638
22139
25093
8917
14153
12722
9694
16147
29303
31414
23651
25360
15138
24845
19861
29460
28548
26842
20634
32513
24585
24740
31341
1589
5032
25689
9428
12974
9844
4499
24978
20337
30318
20761
11742
32300
4766
22953
31253
28698
8290
20469
22956
9767
11013
10219
28520
31829
4499
11065
27089
1118
1772
18705
9188
29595
22552
4905
15880
10276
27866
3079
17219
2361
13960
10875
11950
18144
281
13933
25894
15568
23168
25304
30533
31886
1081
18711
16272
17110
8993
10592
12530
23612
8586
5262
26986
15635
30607
25379
23808
20622
19877
7565
11517
17189
11635
14760
32603
19514
13540
20869
27259
15101
32634
14186
18710
19085
14821
2841
2678
352
5076
13397
21222
8164
1035
26275
103
25190
4789
4686
26532
6708
7676
26285
23848
25086
19672
18856
24271
29058
9252
26745
29050
21609
29175
17840
1799
2155
817
26746
129
18106
22356
4386
8339
31902
18070
5848
579
14172
20020
21170
26589
1885
30472
15344
30252
7820
2654
6532
12272
11776
2308
27858
17805
18139
6304
31156
3329
17010
23366
4033
13848
30126
25930
30927
3811
13234
17747
12470
27750
25533
21169
19031
2961
11858
13809
9693
32370
1431
24494
23619
31144
3324
25002
1047
5659
9244
24093
13181
23274
6376
332
25462
9125
17666
14686
6242
14013
6759
8299
29636
8248
25425
19671
4934
9385
14684
31710
24829
24672
30695
19055
14573
26334
11709
28734
2000
30348
20981
12565
18195
5292
16406
30826
31266
9615
16255
21303
4325
21768
6662
15366
21386
25378
1504
27979
15238
10510
26305
11767
24022
27231
10819
19530
19083
18042
17292
15081
1413
24135
2603
1072
31871
557
68
1993
7756
31806
17389
13950
30559
19118
12247
16459
30609
24202
28465
26808
17695
12966
2249
30054
16626
20184
9589
27367
8228
2915
5553
3026
16063
10422
23177
19991
4040
3927
13754
14993
20092
19482
1300
27354
21721
7318
27938
6499
15200
8153
5901
30660
9754
32603
1470
16208
25305
9265
17987
12269
15552
19587
32628
28963
10501
5440
9430
2418
12534
19472
20671
24553
15674
7563
2491
31732
9818
29608
30511
30582
11904
6264
18748
22295
18558
28948
22502
15584
20497
25812
15734
10501
5991
17601
28700
15617
28128
18253
7897
13544
1042
27714
21916
2809
20751
23801
11436
31091
23786
7372
1861
20139
5239
7629
9606
18266
2643
3513
3467
25403
18724
28455
4054
26582
6946
21253
27379
1430
27351
17989
21083
21282
8482
18388
23706
4842
9346
23244
7341
30464
23953
2282
27310
22314
25807
26946
8115
3381
15777
32561
18675
27532
17050
1428
5674
521
9976
31287
1855
9482
12658
32145
7460
27336
5169
23214
4607
4836
1564
19308
23687
3139
344
19690
688
3356
19215
6206
32650
29007
10353
4966
16486
21241
25849
20097
32060
4421
3570
24896
28745
14725
1849
15511
12540
1665
23876
17592
13843
27150
30819
18241
17154
21731
5446
8628
17556
12457
9920
11305
24788
16465
1226
15423
15918
23210
3275
21592
17874
13107
5911
21254
25945
9518
26037
14016
5035
13557
28773
18906
7456
15249
12769
19124
31461
28809
23140
25649
14754
17912
2921
2666
13145
19170
181
4004
8338
1992
19095
1408
17589
2426
32111
15986
14775
3629
31341
884
7928
2253
13723
20988
12140
28309
7454
13867
762
732
1465
5447
32545
5426
16530
31851
15073
26027
15929
18301
23001
9083
25318
13409
8877
14787
28674
13932
21674
24235
9961
7708
173
6321
2287
26886
26944
11841
22689
19983
11783
13189
16461
23007
18011
10878
16836
12179
3892
26964
21342
16818
28748
15082
20031
5987
23681
28086
4569
29149
12667
17616
178
26142
14992
32584
14951
16096
23268
27069
14066
15049
8917
11819
10024
31458
21654
22021
16005
13642
7193
12932
18988
44
32307
7998
14634
18670
17147
21242
31227
19371
24435
12995
20815
7908
8810
23355
3598
10098
10400
21554
16025
2239
23596
8823
19283
25910
795
11246
6752
760
8538
8675
8364
10449
12758
26014
1071
18282
31457
6968
13168
17088
472
24237
5704
28628
25090
20273
15337
6821
2748
25800
10782
10331
10451
17425
12757
10693
16178
1122
27866
29189
12989
7194
18661
1418
19836
26419
17367
30015
31996
31767
15681
31234
20466
17077
294
25688
30498
467
28674
13407
19839
22182
26634
28164
11156
19104
21430
32117
2594
31625
381
16346
14347
2513
10463
1088
10094
16677
16553
6357
5652
12096
2677
14427
5387
7428
30576
27607
13200
7625
19040
13449
20787
10485
6885
4641
23349
29132
7678
14640
31029
29066
22480
3549
27915
22447
6819
14041
10741
21659
30510
23701
26353
29274
532
26802
12393
28609
4782
22969
15637
20922
24331
32524
2590
7900
6453
12572
639
31039
29110
23005
13745
2702
9051
24951
24967
30301
27704
21311
21335
18109
6124
20197
25690
1806
32551
6638
5461
277
8297
25957
3449
20559
13836
7118
136
16260
28036
19292
16442
9374
9190
100
31967
11964
19367
9232
31045
23171
24486
13144
13788
180
1901
25134
22296
13060
20660
32505
19223
23336
8743
10821
29316
20527
19306
14009
20667
22036
22105
17737
1838
15252
32148
29101
8199
2621
27707
8977
27663
31944
10998
21774
30670
12200
24121
27865
23540
16355
14790
28346
27895
19489
19827
10176
3582
3074
3885
8116
11006
29109
17981
26443
7714
2503
15306
5791
1137
3384
21663
4064
17835
22996
30767
23111
21363
17600
26838
10572
25523
31572
29026
25625
10813
26152
3026
16702
21934
17010
25950
19110
21400
25999
25527
24010
8160
24287
3983
31780
9060
27606
2140
32743
26081
29264
25945
2285
5909
29989
10190
13809
13088
14078
8850
32254
17968
32615
31438
15911
4957
13861
9731
20345
8914
18633
2383
14638
31534
3717
7660
21283
2602
7743
16121
27789
123
19172
1149
19175
9466
14847
20393
5423
25346
18570
27741
32593
6169
12803
27630
18916
25811
11715
7463
27156
1268
30348
17805
28127
29397
28769
32743
28805
23049
24730
25598
13113
7487
27703
23458
11805
29546
20597
18669
11629
24608
2463
25036
20218
2880
23591
25786
29659
15320
29685
2767
31327
31302
3583
23290
21574
7581
24602
17035
19760
18506
13071
5876
5461
6135
25330
25808
25719
3247
14767
12324
18709
27459
22502
2533
30690
7917
8185
7867
12149
24116
22371
8965
1090
5903
29259
16413
10441
26189
15704
26333
1549
7732
22984
11106
14408
8297
16316
3599
17373
3856
15062
21973
5774
6451
5382
24498
10479
26216
25505
1912
21530
26030
10932
3536
12197
921
19095
8062
3025
2991
27589
25063
23556
14609
23786
10448
9594
14942
5950
14696
17975
11476
23826
16009
10304
21176
9896
21051
13578
2296
20808
16506
7475
16400
17552
26425
18544
31786
524
22438
455
8329
21255
7344
13310
2599
2208
19142
19027
15773
544
15586
2413
11332
28042
8903
29843
21658
30324
17543
4892
16871
22294
8007
10790
12064
32673
16198
16011
20747
18386
31516
29457
2980
24262
29760
5857
5824
27920
205
30779
22000
7433
25222
20327
26536
32103
28439
21999
12192
29201
3486
24075
24699
10034
11625
32349
18599
14988
6657
9694
26244
3856
20584
11289
1992
32427
14752
12695
30754
24162
28268
25754
797
2209
26715
32270
19784
25040
17409
2748
18580
2856
30856
21697
18429
14277
10344
318
30316
22524
28530
13906
13532
3822
21011
23877
9148
9821
12759
21766
23445
29887
27436
10456
6381
27025
105
8008
24427
13294
30222
13666
22588
14176
17485
23076
28596
17142
458
32307
30265
16023
11168
19405
18525
17045
11940
6911
16970
19845
5613
30232
611
3151
660
16989
16168
26753
20664
24830
13402
20713
3525
23625
27488
28770
9206
29982
25322
18158
24345
9379
22996
22789
11923
26168
16717
26925
18595
23982
6712
28619
4843
11699
16850
17721
29740
4753
29078
12824
29521
5401
30302
23016
18351
27097
25290
13270
16011
20630
16613
1492
6620
2038
1798
5615
19539
10620
21493
1501
13977
441
13903
3286
18904
14529
812
934
13180
24285
32766
30463
30267
12671
25533
13331
5202
11387
29505
866
12050
15219
15599
1489
16284
8083
14231
26621
19689
23935
18589
24526
17165
18314
30039
10319
20412
30761
17335
28605
26637
20647
3626
27614
23422
20506
20159
2195
6200
22165
9612
25777
1173
10399
7758
4365
4576
18148
31055
17878
27740
28203
31629
552
27783
21384
2584
18909
11679
28883
5308
30119
28006
30040
5088
18780
6435
11984
7598
17552
11241
32401
22132
24937
16923
12033
16458
13743
1584
15696
11766
10787
23220
27495
23820
15378
25999
11803
31578
32041
24714
19367
7042
17803
21263
15961
23785
19489
6448
12171
19152
6449
23532
7893
14017
1843
24237
2433
4653
17888
17940
9791
2899
5003
15353
2330
29027
8372
5294
17323
9188
20955
22916
21901
4435
21394
23697
273
2317
13526
14768
22578
25711
31647
26824
5579
19259
26550
17746
5895
5949
22471
12053
2329
6959
1207
10292
7982
20699
1847
5227
25760
12927
23450
32150
32621
17269
22499
371
30439
3091
18467
19624
21165
3281
9474
18184
9689
27817
6299
21778
23163
26308
17805
21178
20807
15186
1102
11117
10634
10170
2755
13135
17763
10739
12814
9671
24111
4913
20136
27965
15685
11717
20143
6178
27876
31294
4737
7985
30057
18389
13193
24821
31429
11272
11609
30348
20015
7556
7417
17834
18454
13896
2687
29665
32346
24840
28896
7967
10939
30159
30726
32632
21906
2537
5411
22053
6335
30464
1348
19917
3810
23941
22057
12292
17102
9810
29012
5138
13114
18317
23904
27381
16058
20687
10644
3241
3054
645
14264
10918
16889
29847
22567
19371
9525
4168
27686
13498
27686
24926
628
25443
24748
642
8739
32070
8572
10473
14245
22740
6096
4916
22570
853
30046
24469
20266
26671
20103
3380
10813
32101
9426
11473
14131
6494
30104
1194
10337
21992
8449
11167
21305
9340
15663
24468
15646
30660
10680
6935
27254
9818
30554
11842
9216
27347
30698
24291
9831
9468
2702
21467
28696
16483
30764
20420
8529
25625
29730
32471
8827
20407
5432
23564
1210
2463
23250
29058
20674
17028
4715
30754
14316
4653
12606
6784
23433
29045
30278
24321
7798
5527
26729
32067
13553
4264
1265
8889
26282
23397
12859
27286
14109
11311
19123
3309
26656
16212
21504
2326
2744
29840
13947
20307
4657
26068
2278
11699
7534
23365
17499
1079
27261
16520
29826
1076
10350
32573
14343
32504
7014
25289
9547
1968
18159
26969
26458
27786
4754
9764
10014
19222
7336
6384
5330
17394
12141
7895
9656
4518
3158
24651
23055
1741
421
24664
8000
14198
32314
4393
8792
20937
6060
4558
9914
27118
13976
31036
13590
15658
23865
21141
13973
12363
15417
11946
20566
3399
2503
28351
4894
17440
20202
11406
21323
13066
7957
25486
15626
14800
28155
16244
30922
7284
30628
13306
29681
30998
28353
16864
8653
21782
25917
3377
18637
1405
8980
10440
12273
30361
24424
15122
16511
5864
4050
24598
28664
26936
16886
27826
1610
523
13146
30503
5191
29760
7032
18648
11862
28912
23569
7502
16232
7831
3013
21120
2094
27508
3809
28241
7818
24370
12920
7515
323
12231
32181
3819
5116
7581
11631
21068
5991
23279
3582
6473
29110
631
10061
1005
23378
24902
28465
22925
17360
6131
30201
21257
801
22263
16711
23118
11016
14936
18718
25375
3281
2181
19259
16662
18241
22657
26793
7909
28873
25412
16784
31458
12798
1119
846
19651
25678
11742
7368
14501
2283
21362
3330
29524
11276
4304
32750
15302
2133
3924
11650
3560
32403
28394
12045
29342
13741
13870
16075
4356
30424
3538
5559
25851
6665
19264
23456
16097
5808
3713
23935
28831
3235
30558
32264
19433
22872
13765
5247
21953
3416
31086
11725
21309
22000
1213
25555
5003
12074
26347
16126
6962
29180
8545
22044
5274
4798
15460
8302
10703
9185
3831
11774
11138
28895
15869
14898
10577
17774
13983
19618
24392
13561
10221
23591
7335
30288
16328
10292
2021
10143
12031
15466
25590
3741
14520
21094
15050
10501
20754
1502
4374
8522
3848
3820
1878
31623
30105
30377
3091
3764
22565
31230
865
7712
24091
3767
1965
10011
27089
16089
10165
14067
26291
20022
17880
23843
17056
24126
31888
3526
5777
1048
11325
2130
17020
1266
5668
5762
120
11413
10423
14228
13089
29244
24855
2997
29502
24486
26071
5050
8353
28266
16131
6416
31311
20363
20320
20982
481
20812
29430
5609
11818
22341
26316
13920
12570
6327
24051
20410
21730
6429
26565
9845
13401
3843
2927
25760
21151
11547
15533
19347
22016
398
3541
11741
27163
24464
17175
17790
3395
1847
11011
14935
19749
32653
24651
27870
13995
22244
22731
22806
32033
15721
26054
9663
7319
11772
2419
13257
31622
6463
17848
16911
20406
18157
18485
31042
19038
24942
6020
29731
20366
24488
9663
6134
15562
16663
27715
20787
759
20512
29876
2174
6012
24226
29506
25561
161
12495
22058
10265
314
2618
28287
20118
10122
4400
5674
8999
17250
31820
30512
32334
1929
15942
22579
28591
23136
9228
4668
27847
6598
6420
5047
22490
22074
1520
5311
29485
18751
32035
24732
5238
2821
10803
22666
11409
19269
14079
5052
30580
4461
6995
16545
26725
18429
2746
11110
9835
5937
29843
3516
11522
21216
19047
3035
25874
32676
122
711
18978
13115
31904
3026
28617
21549
26450
22882
31590
31919
4865
20724
26129
1224
28074
1633
6866
30642
12459
31840
17680
30851
17109
20045
25420
23053
194
10025
29199
28162
24425
10721
17184
20316
7407
11987
21755
11259
29633
31374
15999
20880
991
20953
743
443
26235
3832
25083
20848
8130
7210
30855
6047
25338
30582
17677
12052
23757
9127
25783
3996
30692
10902
7311
617
20408
5287
754
30135
17829
31126
23874
13232
27713
3700
1500
141
15595
21740
28234
25599
19367
20427
4537
8653
27945
24768
27565
9662
815
13151
18163
26297
25364
22892
30936
1323
2722
31831
23704
10409
5929
18435
8985
24791
13005
29387
19161
3464
27684
1735
21541
4646
11265
20555
1421
22613
15754
5553
21652
26067
7313
31833
18092
2466
32289
16109
24161
25706
18262
6378
26836
20505
26226
2908
16235
27340
16942
24297
20935
18674
13134
1808
3062
4782
15480
19123
27882
4222
29766
21971
24874
27419
21914
6300
13768
8864
27186
6049
14227
237
892
4456
21133
2894
30123
7465
17824
14168
2314
9939
16012
26388
5520
27728
29220
28768
31925
24586
1210
13201
30085
5294
22232
1373
24307
5680
2609
28665
3183
21519
21206
3966
16571
218
26797
3473
19194
2803
11552
67
31242
4755
22802
12342
23059
270
18199
2562
28768
9560
11748
16086
26990
31176
24324
22627
27971
30493
24013
17397
3585
6335
25235
6371
1211
30279
7707
7722
12423
5696
20818
21333
3029
24111
3391
160
3071
17362
12087
4700
7969
9126
27984
17301
15402
24747
1816
23539
14643
12651
28294
1246
23568
15929
32048
31205
22821
29879
2495
6241
13435
13467
29088
4693
14612
14770
27389
18585
31355
26405
13036
4152
5278
22523
27622
26390
7648
22751
16506
23510
32619
12067
7746
11514
10179
20742
7447
25420
19361
29490
26241
27517
10494
3977
12657
29453
110
18721
9779
3178
14511
20877
16030
24156
24706
13151
30350
25248
697
9706
24724
30676
146
20045
29419
19091
26179
4525
8366
23008
28118
23745
4937
6856
9271
1172
6190
32579
25740
9350
5833
25692
7620
7572
8885
11153
5747
6874
32304
893
8925
16214
8396
9140
336
24815
5736
32751
20664
29878
19039
13929
21869
4203
4863
15752
79
9539
4413
5312
27669
22504
14502
31925
17634
6594
5017
31391
19993
26485
6068
10995
31347
20651
7820
10048
19023
11539
22177
854
25673
8874
16529
9646
7181
24889
3211
32518
23406
14110
27655
25932
8626
25424
11188
5565
3376
18590
10674
8782
8990
26167
31746
20043
18852
14703
23355
7742
10292
27840
9598
7954
25118
30735
3499
10360
24415
5681
19157
7818
6074
13230
23540
30382
5131
15045
13274
958
6615
24752
24937
19814
13607
22569
2050
30413
5271
3372
15424
30839
27562
19967
6375
12650
20320
1392
8215
5007
16651
27230
15558
28508
23390
18554
30829
8880
21959
17999
14592
12030
20991
19584
6948
31406
10207
29265
15517
16832
9077
4969
2821
31155
26967
29399
27332
11429
30007
3922
19004
4027
26296
3269
30020
22723
4224
22283
15576
5912
32142
25078
18190
5062
24782
10903
6988
31983
8939
23993
16057
24686
613
18351
29937
14777
31203
29008
30973
5900
24778
3647
17026
6596
31246
8304
11064
22025
25929
29927
2206
21935
9738
24003
3565
16990
13679
19836
2634
31473
20982
14185
22335
6173
400
22917
2924
9299
31223
21362
17786
2791
25410
11966
9041
625
10423
15462
14731
30324
19424
27544
7976
13373
28129
32189
24963
24334
776
15287
29828
28540
25766
4199
29464
16918
13597
11379
17374
31047
19003
5958
30244
13950
4550
20824
27409
28299
9304
27567
7971
23885
31341
14502
10205
23690
30651
31213
14777
8734
16578
12241
19044
10584
3747
28093
9002
19361
30005
22529
30639
19550
20310
11987
21729
23576
17791
2707
31786
22234
8860
11604
32490
16859
27418
3479
11812
19549
27201
32345
12920
22485
10692
6225
24657
19276
1942
18547
7263
13829
24064
10168
25672
1376
29169
33
20378
20990
7061
8954
7429
2086
23848
29788
8135
28520
23565
20469
8551
21888
28698
11019
2982
24701
15671
6079
28339
19490
2855
3471
14238
5772
20389
6943
11023
24597
7859
25913
30776
633
29999
5906
30728
9015
4519
10191
27809
17722
20334
6471
21773
7609
14319
5131
10540
12380
15938
1188
4593
30368
22781
7707
29134
5756
28237
26047
20845
27717
17989
11298
1185
27599
30581
5989
7068
7381
447
8885
29794
13978
2918
14102
126
7889
29800
16735
4851
20410
13326
27014
19061
27023
13505
20254
27609
29470
8735
28446
16587
3511
23886
5860
20159
8264
2960
2170
31274
15815
29464
13335
27121
19152
6685
10985
16161
9872
23596
12049
29922
23265
27074
1264
31910
6070
26138
27041
27302
32186
5956
21190
18063
31796
23671
23432
21624
17966
24232
729
27160
8918
12123
7932
9270
7460
18874
10824
4192
22205
10724
19753
7904
536
28295
18791
28908
18399
14513
10923
22301
7064
15843
24639
5155
17284
16488
9237
14262
6087
25060
21259
9679
15562
1072
6765
7705
23774
11365
7867
22434
9506
7223
32685
1239
2470
5509
23925
21423
5328
31789
17220
15910
17919
18981
6927
16109
17263
2504
3731
15968
25437
19053
31127
19384
20587
17214
20849
30338
19781
6216
9675
23632
23429
30158
7847
16046
18900
30179
7073
13655
27986
1080
22644
20649
2617
13362
15040
16471
12221
15679
11531
21086
2870
4459
11013
24122
30336
16942
25360
28761
17826
10120
4351
18896
6063
32080
30238
2125
12010
27338
4723
2636
5165
10359
836
25486
2444
14385
10970
30151
4149
25463
1412
408
1434
29701
20446
17340
7123
23207
25170
29318
12605
14416
26080
12171
19304
32102
17947
16796
14640
4961
1140
10999
8233
17556
20667
28605
31041
22090
2787
8359
16544
2325
4614
32245
23763
29539
1192
18088
298
27218
22080
2033
3934
27846
24053
233
15479
17592
17061
28290
31981
21201
26667
21438
31758
14391
16866
4639
8863
21159
11877
26206
28870
16068
16537
7520
12072
21678
6638
5477
15182
21207
14817
24451
29517
11026
26310
5459
1190
9709
5060
14058
8811
20545
26657
9482
26275
26375
19391
2970
25328
13677
7399
20564
9327
6442
29510
22974
12000
8462
5173
16987
13063
31197
31806
19490
1105
7517
8667
10287
4539
30638
21888
26297
26096
30426
25308
9028
29361
14509
22365
16663
11130
19143
4594
19441
13155
12527
20
20728
8772
9642
11271
17394
9500
18700
93
17591
32180
12751
25789
22758
9599
5282
6114
28120
6085
30147
27366
14034
1792
6352
16833
15231
391
8923
32013
10909
18793
8892
12556
17654
25500
29611
19947
29842
8791
11790
7496
25643
11964
6799
14579
10977
21946
23410
24305
24623
7218
16421
18119
11294
24152
30489
23541
10168
32349
4561
448
8640
26187
3897
17460
7072
24880
24632
6762
4771
3966
6792
7687
26980
31410
19910
23557
1415
3124
11973
8886
30118
27518
3368
28933
13198
1921
18224
27392
22188
20292
12242
30611
19138
24015
6925
27542
24286
7495
1146
26123
16525
9562
1061
16800
14156
22750
1435
16252
13375
1716
30020
20279
2598
4595
22515
6186
24972
25922
188
10218
15681
13702
22790
27151
8971
22462
28384
19770
15513
11818
15769
14678
1208
28851
25738
15133
21706
21639
16439
2270
26227
22276
6551
17534
7573
12247
24495
7870
11903
11877
8038
16315
29793
1642
11668
6331
3075
20447
14172
806
1719
15906
11452
20691
18829
21073
14690
12677
27845
3318
16321
4534
12170
25322
2661
22163
21469
31091
10115
6983
30415
28080
8917
21372
14579
11063
4516
30495
19219
5628
9511
7012
13090
2933
14091
7435
23922
32507
1107
16353
20007
13684
2658
26505
1772
25647
14934
19836
29924
14095
30360
22607
31459
492
3761
30773
27615
8502
11616
11460
2465
19931
27881
6140
23488
26731
1455
17029
29392
32635
19205
30008
27607
5447
27202
19425
18432
26779
8211
25923
27796
17651
22550
21597
24357
7649
27300
14060
4621
31151
27886
5425
21783
28485
18251
28404
15995
15182
1488
6601
8208
12439
5922
21650
23741
1975
28040
13381
12848
20981
13892
19952
19155
4966
6948
16890
11260
18518
16980
3243
21605
23017
118
16366
7899
17922
28916
2646
15674
32356
26773
12128
24472
17176
30287
21752
23489
31758
26205
19006
26852
22023
31633
11145
17291
9905
21226
1964
19920
23572
9577
27257
32718
31534
23585
28804
15447
29146
10894
18474
24037
16375
8999
17361
4050
15301
31286
24944
18379
30098
27368
27475
29570
32407
29344
5656
11939
5917
22161
16382
5386
2020
10124
13663
1331
10948
14358
7802
26353
26261
14526
31350
19043
8781
28334
19364
29476
29544
14463
22789
9155
2957
21842
10508
15731
10606
8732
6564
2051
4336
16705
14709
13840
20108
24677
18019
31097
18932
4222
30040
15379
27642
25646
26436
20638
23470
18513
28514
12280
5831
19154
3772
5777
26949
17346
18673
5663
2132
5291
13878
28563
21618
29217
30363
18763
1748
27547
27280
5513
19974
9601
21671
15652
7635
31110
18587
25213
13924
28984
2962
20661
9900
20181
18847
27421
19971
6241
17547
12526
8464
22773
24533
10555
13805
3162
11767
19235
23430
26839
25323
13899
16450
31558
20462
20364
27622
18797
19588
5608
4278
28300
12476
17347
30685
26163
17589
4175
3342
31062
18785
9545
19820
419
32393
7395
7591
30483
18961
7169
19304
31680
25726
23719
15856
23030
11957
15538
6652
10380
5381
9415
23787
2421
9064
23434
13090
13970
12038
6416
3504
20682
14587
28310
15150
9565
28250
22131
2025
23925
26994
75
10564
19455
6224
11654
30807
19896
27781
12800
16348
28555
14377
27906
8524
20250
23583
20082
21829
27035
11163
15430
19247
19685
10466
27710
27679
24266
32593
1491
1275
11944
24225
8299
7136
1339
7017
29134
13504
9909
14564
16605
18768
31505
16373
28802
30753
4260
1896
14051
12044
11509
20859
21723
21716
24526
25245
25002
13831
19603
30069
32491
14629
7635
12326
2247
7684
22301
32466
5737
19571
30997
30557
24241
30238
11206
10867
21805
4018
25402
1484
4933
25921
12872
11182
25013
19943
16302
25524
30273
17070
4448
2255
14755
23727
8735
6282
10697
32378
30028
18322
11325
11448
7423
16245
25829
23055
26196
27050
25836
10822
8197
27602
17920
28842
12094
14653
1470
28080
26284
23984
13674
4059
21464
25957
20964
15328
30387
1620
22487
24585
6001
28337
26676
22231
11931
23734
4319
23787
4960
25506
3496
7718
25645
514
5500
7696
23933
27951
2012
32630
4849
13848
3727
28504
16035
11073
1940
14082
6840
7180
19291
14712
31028
24888
9013
24599
3602
20135
1032
14970
8085
29284
24903
21915
4313
17636
11297
3642
31405
11916
21241
25219
18085
1652
21783
1771
106
28267
16029
16987
20821
12347
8380
21904
23100
46
23079
29122
24460
18640
17352
643
31640
25591
5555
20203
19249
25857
6232
13810
18551
22621
30204
2589
18414
7245
16490
20573
19413
14057
32485
26164
8627
19816
22626
21273
32306
8347
11764
18718
2864
12986
14728
6352
7188
31331
1234
7262
31838
18144
19591
24062
3203
14761
9165
32141
8439
31017
27632
6517
22411
197
29782
16084
22265
12827
22197
9435
11453
2951
25475
14196
15655
10220
12974
13607
31151
27569
11406
25662
20872
777
7960
8999
4216
5496
13140
22555
8166
21139
22289
1021
24117
15367
28375
31877
80
20700
25629
4509
12678
32251
25532
8715
26009
30702
24740
25425
4369
25064
11981
24785
15318
26117
19057
30261
8702
8914
8057
18702
22244
4624
25909
1467
7802
19637
25167
25485
28896
20532
11522
13353
23605
10494
15239
557
14509
9801
22736
790
25315
31504
20857
24673
28785
28763
27900
7152
4799
3264
1828
5040
7192
21802
24004
26745
23299
2777
26280
19509
16336
2730
16844
31557
113
12697
7116
25888
11915
27268
5276
18493
29645
18738
32377
17716
26753
22163
2335
11552
14432
29257
11581
3911
2475
28008
27686
18941
23159
17018
14281
8901
18505
3783
5859
10682
30178
12499
22899
27693
860
12327
29039
14992
19574
21076
17333
1426
24877
310
1348
5772
27788
26230
30892
10012
32196
24658
8131
7183
26495
13217
13722
26501
10610
7953
1199
22095
6193
13236
28004
19612
14152
5819
12464
13781
31111
4225
21269
11205
23453
3275
11218
6397
3305
28750
29785
23159
6796
26481
27651
9337
20675
4693
25603
11964
18036
12818
18329
27598
18182
15172
29832
20405
3702
29127
30665
27093
2983
29118
641
22036
7418
18906
11057
18747
31519
2777
20268
15519
17963
28748
10319
32002
26858
1694
27372
8372
18038
29266
7
10493
26120
15500
12229
21184
4367
18643
20513
23128
6015
22549
19425
14022
11884
15595
5576
4110
7383
9503
23566
29918
10952
7276
4109
4977
1693
11396
5693
31155
5281
15960
12898
8358
23776
8339
1028
18180
2874
22375
10016
24358
13751
6541
19741
5156
23834
7815
25089
10814
23481
8745
4581
15994
13963
16727
17063
10639
1155
5136
21982
2562
24604
10412
18195
14735
5942
17505
31278
12746
3360
3340
20014
9222
758
46
18461
18550
14893
23349
27203
10386
9580
22782
2971
26812
7069
26775
17283
21796
16709
16713
15799
13801
7184
30678
2688
11905
1201
30975
16169
11354
27368
3401
31411
10433
8164
18945
8906
16900
6860
4990
27895
28627
27545
5286
2070
22252
20518
20404
31243
32760
8074
11320
1457
30127
32677
9822
11539
3651
6393
884
9183
25596
15547
12199
17943
16671
12586
10509
26378
789
6176
7145
3203
14537
9191
5162
27200
82
3661
26676
12709
26578
1531
16611
2482
21918
1538
25293
17203
15263
19383
7368
7478
6648
24257
32685
11714
5352
24432
17243
17094
8690
3921
31998
20304
4156
18431
2705
14591
28726
21563
22433
6587
7803
24383
24404
18851
30204
28240
4011
17735
27995
6291
29188
17432
9109
28961
15587
4893
8164
22365
13041
2023
18660
8582
29509
8134
22260
21896
7907
7997
17887
25624
30594
17844
2492
6655
23443
26989
2834
15286
17278
4025
11840
32564
9263
21868
27164
22532
23249
15246
12763
18842
1497
11347
13873
13287
28487
19533
16824
20011
27688
27617
13462
17419
21856
11512
25435
10467
32166
12534
23848
13661
18640
25328
23830
835
18513
12826
27349
15249
256
20606
28308
27343
15899
18932
15393
28573
5515
1870
22866
14224
361
4563
931
15932
12994
10991
14624
658
407
3112
18566
26221
7720
25428
11429
11367
26483
24329
14088
2033
2807
24406
19928
29603
20925
7856
16638
16848
16025
26415
31368
7006
25006
10235
3662
24788
1328
32513
27861
8629
5998
2794
15731
7693
30223
6477
9140
1609
32411
1315
29693
27979
2110
22908
7023
8382
10953
3185
16142
23463
30458
26202
22051
1853
1021
26945
17375
32251
30258
19606
13376
1267
25393
24867
16441
28517
14092
28995
7437
8336
32468
29007
23292
24520
15454
5210
30497
13001
10054
6430
17563
12875
32565
25397
28907
3287
21344
13453
10141
11224
25425
6934
6443
12021
31978
26301
26910
12702
31655
15262
18294
3813
19747
5237
14668
6032
7902
18774
21686
28268
6461
28319
29675
32484
19410
8234
9127
16849
11998
3271
20689
17556
24084
21993
31068
9827
28832
6047
25707
32736
4712
11462
9656
26864
17042
894
28726
4298
23366
5594
31733
7246
18101
23260
838
16025
1370
17312
6945
16342
27007
6359
27331
26198
11268
19575
1691
30180
15964
5041
29287
14674
32216
23844
3739
19032
11304
30544
29954
2975
20767
31565
2215
2328
27062
20412
15606
12946
2132
22527
22559
9356
19020
9125
13499
29511
18087
12840
18098
11296
23077
7899
26460
285
29822
18718
11494
21190
19181
19668
20728
3126
5103
24343
27284
1393
12361
25386
32578
24568
25928
19374
12138
4507
3148
7193
513
4495
23432
7781
4967
23488
11267
8453
11152
15976
24802
20765
32611
9697
21482
1266
8543
23224
27457
2720
25988
26114
15476
20235
15473
4083
24766
28951
18890
11436
24200
5404
14812
11093
19500
3220
6788
7020
4094
9751
15180
7260
24973
14730
22744
27474
28710
17555
6017
844
21146
11087
4415
883
9281
29000
31436
20394
29503
32417
9222
8039
25606
17812
22422
28353
11805
23583
24015
1483
22047
24057
9944
2593
18694
10955
24590
20160
15529
21661
30884
22043
31108
21134
22924
14955
29112
19401
21659
28742
18770
3764
3816
6003
13264
2155
27253
19965
19170
20588
13073
14726
17005
7316
4732
15070
7637
12618
4045
32724
19068
8698
7697
26444
17286
30149
32309
27538
8928
1142
30758
1774
17280
8120
12086
18041
22766
23687
5570
32558
8195
4325
17425
22852
3312
22990
13952
9660
6787
15725
14044
12854
7846
15760
29968
3848
18473
28250
4864
31633
10689
25911
10164
27851
30288
5141
32185
25120
21094
25810
4292
31871
24328
10480
3737
2990
25009
12688
24363
1506
11671
9118
30725
7565
12847
23625
32488
26999
21235
31158
32694
21264
27747
23541
14734
16133
10826
12852
18233
9233
4930
26674
9925
1046
28026
2039
25711
31596
24759
25539
27847
23160
31129
7236
18958
32129
29216
22283
20707
22208
25454
14657
31
24246
17615
31382
6141
24259
23542
9339
11390
18931
650
20881
14091
6171
25825
353
27484
22309
7691
21581
21402
26280
21778
17350
30656
4540
16256
10944
5191
31500
11554
12899
9218
3884
268
30468
16711
28973
15325
31059
8783
5487
31556
12246
13535
32439
4803
19606
7464
20865
8627
2840
7149
12696
19081
6798
8163
7651
28503
30799
1629
16002
6038
20101
20264
22810
25378
11045
18356
24428
11910
8997
29045
19501
19578
13801
10121
16913
30890
1278
18331
8490
26553
13322
25095
1648
6278
1283
13631
27041
19118
1184
30829
19787
15954
23309
14682
13606
8474
5347
20878
22184
19577
30807
14009
14292
14643
15026
10833
12371
19485
10753
3197
197
24612
7949
22066
29785
12689
19341
32411
16539
3724
14491
20415
6030
28894
2405
28254
8187
25851
22053
6427
18440
25151
13139
25313
9740
30840
14616
27775
23458
30373
7943
24981
12029
28413
16392
15540
20091
15411
6804
5825
29308
27641
8488
1434
20852
12995
28403
19964
6719
19661
13522
27813
26805
28767
29311
15029
26751
13648
20486
12634
6697
5577
11128
4268
28279
27723
12002
28118
11261
4851
640
27767
21226
2045
28463
10056
29477
15240
1313
3070
10395
27288
6868
11890
12759
11105
14405
22271
21715
3779
16993
20523
1549
31505
31420
14218
1502
9238
10117
21984
26631
17498
30650
17030
14733
31649
30616
22031
14536
30389
10582
12330
21430
17509
5650
21706
24725
31694
27404
9349
17584
6105
30482
13370
32121
11269
7227
18423
16344
22119
2520
29978
8643
4847
21160
12214
527
21484
13131
18232
8837
978
7417
5706
10297
21563
22644
27127
30231
32301
21819
25616
5567
22427
30977
23759
8851
25134
861
1979
27405
14149
22979
24523
15447
30010
20403
7886
3093
4583
16176
17418
29829
13928
1396
28196
14027
2083
14306
3136
14214
774
9532
10856
10663
18704
30486
23858
23427
2835
1931
4253
23079
28344
16174
15933
24299
5571
3907
20120
15178
10904
23600
10703
14064
5630
27694
15233
5141
16932
11844
28140
11786
3810
28022
24661
26129
23360
17466
23722
21106
18492
25643
20583
25547
6344
1537
19638
29864
21267
5569
20954
30547
1801
28465
27085
13806
24093
16015
22056
22718
22598
22914
21828
9930
23111
9297
17055
13477
28980
22355
5761
30088
28466
14503
2271
25251
17790
7716
23423
11445
16305
19347
3933
11227
1090
284
2382
421
32332
19967
27107
8559
5265
31621
7312
13039
20928
9269
25101
778
25075
19274
23037
30444
2428
2149
20430
13655
30945
7040
20192
31291
8741
32035
16873
18568
29513
16090
8600
28224
6675
20454
30328
3792
13582
31283
12824
10144
5586
11146
9065
17129
30853
24328
2663
19655
21666
15055
3835
16015
11001
13819
7968
5218
29944
23256
30790
16642
6440
31058
24563
5093
2298
23980
20400
17800
27588
24437
6179
7686
31495
23736
16249
27113
29683
30068
7943
12608
16941
6987
1072
25842
18383
18814
22665
30289
26289
31001
5435
3314
12007
9579
1449
20157
22154
29881
7507
28224
24252
22836
25850
29512
2534
15911
17158
29107
1860
5493
8996
8832
30628
22851
16691
4904
12138
22002
7009
24369
23000
20560
20369
10240
24972
23567
26625
16111
16970
30326
23337
13727
10236
14678
17126
18576
32503
14912
3799
22510
22912
27125
13831
25262
20111
2078
11213
14298
13779
32573
7153
21033
25845
15588
12816
4563
21025
23077
28738
18595
16323
10313
22777
19534
21902
30148
28717
771
19139
8041
22454
7747
1456
16859
2809
30707
21623
8004
32198
17840
8976
3401
8833
5730
21137
32573
7040
19988
5549
148
7093
5123
30331
13211
14989
26356
27001
10343
16151
19403
4561
8203
9833
19034
6875
4111
26944
11383
19170
31261
17638
13137
13099
27644
2905
14084
8499
15299
16041
25706
13625
21574
31650
3380
16892
9685
30635
15930
22982
3878
5614
4112
11433
21135
22457
26074
7177
27512
11300
3681
10075
22545
25333
31590
5675
11072
18112
822
868
31454
8787
24702
11724
32290
13649
25697
12750
28765
23580
3784
4220
3048
28408
249
10196
12635
7278
32364
66
3840
17135
28633
4967
23688
3514
7318
28697
32508
22784
3616
24491
10486
8517
20984
28782
19216
521
3504
2423
26781
1960
6469
27555
9367
22655
5039
17369
6873
31056
9655
12943
22926
12519
26377
27792
3818
20222
6538
22780
16152
23135
12011
20624
5747
27208
19583
25127
11256
12051
16713
16513
18427
28182
8794
15684
794
29897
346
30016
20848
18214
29028
4599
19979
3414
19991
17501
23199
1161
30953
23772
26491
30502
191
9371
30653
36
26555
23552
13762
7607
31573
628
11233
22320
29358
19302
30041
31262
18208
25746
31623
12986
31514
29059
4957
898
17195
24662
3855
24611
17756
31682
6159
28572
25283
24149
25916
14753
16213
11008
8535
17213
31740
11990
5558
24252
22250
20497
27964
13000
9772
28246
9096
15570
24706
6202
29805
21172
10350
14852
24482
26516
3467
10676
5307
6155
30752
13381
23384
16774
29429
4144
19357
10477
18277
22833
27362
29827
8117
31053
171
32014
9124
8980
14298
14903
17219
16676
24611
20019
9223
32494
25537
29859
25629
20157
17767
22713
10237
4340
14970
5789
9794
16534
13693
27663
9657
18700
29901
23629
8632
26915
27022
19255
2225
18261
2789
21425
18694
6985
26983
23881
8223
4253
5842
13594
24507
18146
13819
11759
7555
4840
18184
2988
229
25916
991
15850
8991
31216
24799
11746
13722
13722
1485
9100
25210
21407
21265
1544
7027
18866
18210
31548
19166
1175
22591
10943
6924
25133
5728
10229
18394
3243
10604
18300
11909
6954
32684
25543
4032
7012
16512
21769
14340
26811
22352
8277
552
29821
10950
8707
26673
25446
21562
14165
5739
9318
27502
11099
13497
25765
14972
27411
23081
1221
28172
17621
24267
29543
5578
14062
32708
4336
2328
4492
2462
141
1023
28634
31970
2676
4204
19563
24809
29549
3993
13532
14575
28049
30665
24757
20329
1618
6712
12177
19352
13756
1362
21119
17759
29435
22307
9383
19282
29212
5135
30513
3855
28440
21955
21602
11217
10766
26219
32264
15170
30928
7205
11033
11409
4513
2230
18583
4549
29501
20861
16822
22353
3610
17317
4929
6632
4846
30878
11834
3730
2673
7885
28097
12544
6756
14978
9270
11292
7122
29483
930
12517
26262
16584
25939
12154
30237
3487
13511
9844
19309
8241
460
31865
12390
24940
32228
6159
16456
21282
26862
10669
22902
19130
12547
23576
23674
17446
18847
24301
23624
24853
32257
32633
9159
26729
17108
17361
13453
23019
19214
15391
8938
27197
25625
32315
29481
31505
23857
32635
23570
25497
32269
16587
4788
7486
20673
256
865
10389
17123
26985
7161
16015
25068
26791
2924
8688
14050
12223
6778
9474
1332
1390
445
14218
28902
25533
24810
4347
20461
5076
15188
19178
10973
15379
7601
32706
12481
5215
20769
16825
8778
13498
16236
32258
30765
12823
27787
8260
18630
32108
10603
2636
12545
14600
25581
13311
17530
30759
14385
1938
18659
7364
10004
19965
16551
18350
5623
16300
2252
3806
31683
3448
3614
28168
24361
30167
23946
9584
2607
14927
5064
31487
5864
2353
28733
4502
14722
12163
3871
19106
27527
10046
3802
26097
23644
21946
9394
21444
19214
3686
25770
27941
11597
11708
16549
1658
18361
24692
716
4187
7005
27384
18223
15009
19577
1305
14511
19903
26245
7680
5403
11862
8562
7271
15513
16131
3123
28425
20552
5244
16508
342
9251
12251
970
26732
2089
13113
31139
23619
11451
17535
19231
20775
9797
4729
26535
17772
21536
12332
17149
5981
11959
14954
13436
30581
16617
31651
23458
19154
20655
510
11723
4582
31487
23464
4415
10096
18160
28012
10607
27562
29726
6021
14460
12228
2128
7344
14841
30098
24664
32645
6898
22402
18491
18950
13101
11472
24210
29561
25519
15869
18224
22643
32386
7549
28933
31030
23478
30896
29506
29244
16294
29971
17854
25364
30333
28088
22681
14189
18680
9459
20255
1649
11885
15959
25071
31828
24588
5344
11356
556
12645
16754
26899
6147
21034
25986
25086
5418
23862
3603
5993
17105
22735
17125
25188
1237
3112
5609
5736
1241
20010
18167
26173
5016
12660
20419
4122
13433
12705
27662
5391
1893
17865
29209
32672
1237
31818
3935
32179
16431
968
15747
20908
9298
17778
904
24278
24175
29831
22336
21765
27420
14105
13063
16249
31139
19474
13233
31494
6560
21108
21184
22386
26315
5605
4314
26655
10002
1130
9339
18409
3819
12659
232
21586
8168
2584
18788
9181
21899
7842
1189
15287
5213
9549
9353
18588
3898
6732
13830
24313
5871
8462
19807
1614
2055
2752
670
5079
19169
9747
4670
6251
6662
15423
30248
26020
698
24392
2785
28224
21457
28031
5377
1479
28356
28237
15079
17262
12036
11308
18091
3132
23438
12278
17492
2155
22208
354
20555
2065
107
20683
10768
6912
32297
28212
24364
24554
24049
12682
8807
20169
18152
14376
9018
637
11386
7073
31111
17847
14250
1465
31112
26391
23206
17844
1030
6289
17055
19156
9931
24085
7127
10269
8537
20335
23548
1371
8668
12652
1716
8550
20062
10814
8313
18853
28218
5409
17319
27345
18387
14655
3027
7931
1669
26577
19295
23761
15580
17800
16203
11293
22276
17195
13646
910
4481
2433
22566
13243
18464
23665
5676
869
12590
14696
22059
24828
22759
13563
28274
19813
28977
23502
4648
25595
18827
6836
10464
9172
832
29207
17517
24133
21984
30875
10488
28328
30704
28926
6992
8028
32737
30531
27008
24590
20799
2319
24999
12599
27179
27987
11012
26854
9483
16171
13649
13504
17024
8198
12882
32069
20377
21768
19885
3669
15430
21420
5884
10482
13839
430
21025
25159
6917
11304
8665
29673
6393
31227
16533
24926
19693
23920
15237
5852
30408
18719
25589
25938
5454
11280
27356
32685
32334
31009
23218
23892
18205
15783
25475
9716
4420
2904
11586
2691
3958
14697
9311
12159
22213
16627
29851
3191
20501
14491
9756
25805
24016
13170
4284
15802
2523
1818
6567
30098
20425
15659
28453
24650
22351
13268
14004
3383
13048
12742
24922
6680
30490
29005
6713
14167
15625
26304
868
16780
26250
17948
13553
5187
13707
3052
12880
31231
3089
3436
18907
23935
26737
21485
4781
8255
29123
18299
31928
14914
10388
27838
10002
1807
4059
14878
28816
25594
25134
18474
30358
932
10038
24891
30253
6853
15713
13396
17238
18985
11222
12109
19103
27129
20654
17457
20723
6716
16225
7652
26038
15517
25470
2057
15122
15215
15264
3618
22667
16878
16541
5625
23514
18888
19712
31040
15352
8668
6330
25204
17017
21057
7444
28935
12059
394
29928
26813
14751
16200
3345
28759
26071
22481
14624
9071
24065
5440
80
31651
18259
4541
14013
21749
17623
32511
14032
4466
7289
1806
20222
8210
12895
10830
14258
27360
20088
16057
9607
28762
24664
29804
19387
3099
13635
869
25313
12983
21639
26251
2005
9447
30223
18414
1781
24038
18230
593
26510
16666
29145
23526
19349
19191
6576
24152
30616
18721
17374
28686
5875
24016
23750
4783
4167
21113
20513
27361
32296
32171
26445
30039
8214
16439
25064
3338
22447
23955
31902
9926
1570
13184
23103
26089
24039
5355
789
28264
31918
19473
28276
6162
24981
2023
19090
26393
5021
14521
30361
28110
3167
8209
25339
31660
15099
6106
19462
15768
13138
21701
696
13159
23925
10220
14292
7841
14684
950
32053
20100
2780
18426
29027
27980
467
6503
18788
12978
12966
18467
11477
8115
29421
2482
6201
10130
28268
2586
14736
27168
2118
6212
31532
25403
23661
29094
12480
13205
30045
28959
6842
26295
2570
9506
13266
23109
22550
4375
31971
10883
28232
7678
15098
18456
31546
32342
23469
6930
29777
2365
29615
22315
10482
20696
2977
25930
5619
30709
12074
1613
3408
2799
29257
4870
1568
24530
24810
32131
10439
16832
3256
30611
27500
27540
11571
25221
21166
5572
1538
27699
10898
7052
1930
32064
19392
31561
23999
23709
16624
13859
24890
11346
24735
21230
7821
9083
12038
2130
26579
10640
7244
21034
9355
14058
29435
30251
21414
7811
2737
15302
29662
9470
4888
23375
17994
2279
2839
26718
7983
24635
14410
15222
14618
28459
12976
7908
15915
23581
22692
17130
31668
25844
16143
15645
29699
31121
29147
5900
17019
24473
6315
12322
1514
17273
21449
30414
17686
23208
25951
15584
409
31532
31467
11063
27887
19552
10989
6297
29646
29940
31458
18402
5045
27189
374
20833
11976
17551
30966
15231
20955
15696
22020
1697
8397
14766
13966
12368
23831
1804
15617
29080
15012
11385
11193
15533
30436
30074
21693
15829
26140
6665
12713
25473
27392
10205
14315
12733
3203
4332
15666
25803
7662
815
36
9995
11567
28069
10576
24095
11124
22170
22627
21323
1017
26409
4510
15138
5406
20480
8071
24671
16317
27491
15583
30225
186
16500
6869
21755
18652
19377
6009
10298
1755
12478
14451
19752
6074
14693
15861
27265
4438
17883
25070
708
6976
4676
6017
1500
18888
30074
24245
9728
12122
32010
110
29656
6158
2688
18076
1505
9082
21989
1202
12050
12491
31109
1114
2240
20756
27382
10854
21439
13285
1365
26634
29898
16928
2259
19529
4132
23304
13168
18862
2176
26523
22279
1084
25887
14370
4235
15271
25400
24582
1168
9669
13980
997
17677
19775
15770
19941
17504
18572
11296
31816
31122
23840
29220
15937
6621
25312
24898
21254
2923
31706
21927
7975
30049
29747
26157
11294
4380
24160
24519
17959
8378
16281
4128
11346
11997
24715
9087
1750
31659
5710
6638
6056
15130
6038
6043
22860
2154
12845
5246
32748
13043
29857
12092
4263
18464
8250
10060
811
32444
30510
16984
8582
26476
15128
8422
6713
1661
28583
17975
30862
15072
13715
22383
30508
5747
20950
22007
24809
2947
13592
22816
29663
5006
5995
2825
31426
13133
31800
27842
4209
32753
12921
9649
16842
2478
9513
25141
451
20342
4089
1418
9142
8199
27717
13037
20477
3111
10822
29184
9919
20014
2697
29295
1289
19142
11168
13012
8225
3823
8215
3800
27415
28486
8362
30875
31388
11398
11956
24919
23319
16719
15083
5440
3318
15654
9291
3758
6978
20670
9040
1149
119
28533
30056
14260
19858
10786
23720
17510
18283
9998
18366
31190
28229
23360
13863
32222
9124
26878
11426
16274
25183
18320
19940
32032
15605
6215
27533
24827
5668
19646
9051
31288
18360
608
23709
5176
11170
14122
14827
12679
15177
15282
21269
11780
14629
1641
19289
19522
6281
19485
6105
12847
6080
450
2636
6387
16476
11121
29683
13339
16843
7345
29902
5111
23083
3574
19217
1856
16735
11111
14034
16382
19043
228
17924
16297
11996
26440
7336
20111
14580
22251
3394
629
16228
17260
5514
6273
10194
25773
4965
9816
25438
4382
17939
26243
6520
3391
28586
9239
29940
29792
10947
2453
18272
7851
18547
22287
30357
10341
19069
17292
26764
32369
19909
3502
24947
5142
30984
32658
2048
9730
17355
27128
1030
11918
10641
23204
27462
28483
7505
4612
28807
13213
20775
31762
2281
12560
9802
12412
31606
10313
22846
15874
3834
11190
15947
17696
18964
12104
8749
9710
31118
17784
8973
17732
28906
11656
5552
11553
14653
5899
19183
3150
8769
16039
18791
22846
27045
18458
20337
7225
27815
31099
12629
9402
6117
15298
26554
11797
2416
1163
25185
14172
6435
3351
29459
4740
15155
31380
25816
28356
28934
23454
4970
25150
15433
7941
5865
14049
18493
26577
22480
32398
15697
25219
7976
12921
29430
32670
30460
25043
29615
14182
28428
13222
1895
15080
6597
16384
14344
13882
21873
1107
1097
2052
13740
30492
13512
4671
8471
32451
1880
2109
30544
20418
9372
24042
21281
30218
5077
15441
15607
3490
8440
8034
24982
28306
26884
242
8460
20479
146
13571
2531
9879
26797
23366
5275
16944
17893
2526
13144
28331
3487
5479
2519
7199
7599
6711
24998
21044
29225
10979
11925
29388
28019
18437
14184
4073
26271
1341
14030
22731
29176
32630
2199
25176
6107
2155
14113
20161
28105
11113
32019
6243
17849
28502
3918
1003
26547
31218
17185
32190
2458
30813
25788
26264
31050
28890
20968
4978
11491
25042
11509
1194
11619
21020
15347
6238
3963
13947
18469
15384
28315
20584
4530
25009
7760
27154
11166
15215
1487
5028
21497
881
22994
17862
7254
21069
10402
3430
30335
18679
27765
9400
31079
4581
6139
7547
29280
32112
20788
127
5774
15742
20100
1636
26780
1118
2569
19876
9901
2803
16172
12756
21654
16917
26230
10278
13898
13108
9126
17715
20117
21566
23040
20471
13838
21187
23271
1565
24135
6744
25262
30077
5446
6713
22444
3812
23865
3634
32654
22035
27749
20159
7921
21258
26976
27762
14129
10374
14208
6805
22139
29640
26515
11537
11818
22936
8400
11662
25424
25738
5646
19420
19858
6272
23348
11665
6202
24432
12017
24820
31111
13159
3245
30490
29767
10702
6847
2383
22440
17389
18656
11704
29004
10413
13023
7990
9627
11170
7063
7308
25181
17736
5151
17093
8072
24717
9024
26320
25174
8592
300
12910
30363
2473
15212
2126
21078
7337
21787
29557
22406
27491
14162
9700
26687
10091
1507
19061
252
9245
11338
11783
19767
26849
14048
986
27191
14510
19538
18748
19498
13005
23378
3174
31091
28896
20620
6817
4165
17954
26844
22957
19057
1008
29630
20578
29564
26505
6662
8856
1269
5394
31953
1093
23813
17373
16571
26597
17224
32746
22866
27679
12251
9390
10443
19621
2231
29972
18420
23132
18749
29890
2666
16061
18449
26269
4876
3707
3884
5263
3247
28517
31277
17544
23316
21903
3824
32450
22551
7084
17506
2378
28968
31423
11156
15548
14591
9459
12046
5709
16780
1990
23653
11023
21037
31085
27664
24689
20004
21876
31607
3589
24392
19622
11597
27783
14586
27692
9248
30234
1883
8185
2862
7124
24253
13413
8571
29821
16215
6935
31520
18580
316
30505
27878
8083
15502
13447
22035
12917
494
11928
15492
26484
30520
10785
28412
15127
11373
9830
8636
14956
15601
18834
14676
29330
4343
27736
14264
31099
21305
2267
32662
29680
28396
4299
25063
15574
10739
28369
10693
4527
12115
14126
6780
26724
7655
19359
5091
21057
28501
30339
20717
4161
19264
16703
29819
15500
6847
2530
22644
11582
28686
7173
21272
29802
5764
20726
26257
8543
24261
31509
3787
10025
31545
8317
8582
3163
189
18663
29866
18444
24472
25292
16090
28704
26800
970
26187
7369
13054
2121
12759
9548
30015
22110
4173
6665
10220
18416
27148
8118
877
25
12496
4075
11914
12238
8651
739
12578
3523
28152
9857
32543
1417
15532
1681
12201
25081
15470
10833
13466
30422
13832
11055
9778
3502
21982
10453
30477
6657
8063
15971
9297
30886
16250
23803
13868
15977
12147
12163
9342
23033
24693
27558
29650
3330
24458
13340
7827
150
10377
28716
7805
30929
6960
15471
10833
27581
18034
22742
31693
32627
32274
14318
12763
13187
28273
4963
8969
14742
8869
10692
13369
16722
12490
2437
1945
15230
157
3402
6102
22631
24647
28003
5005
17794
23414
2706
3331
28242
2226
22037
21013
17548
16623
31456
114
21370
30046
11307
10759
8861
6025
15660
7611
11158
18335
26150
10333
26439
15628
23202
25050
13877
7501
5372
23220
10288
13571
31522
15791
26423
18246
16537
14798
18838
26427
10689
18557
20305
4073
5209
9232
3781
28232
26949
620
21645
4507
23439
26628
31395
30208
6317
9992
15047
7494
19970
24280
37
10750
10151
4031
31794
12501
11370
5854
727
13345
6935
9830
29137
32185
11511
3595
10072
19210
24983
26549
19454
32615
14282
31864
29659
20641
30705
30150
23271
8664
29562
12003
16551
144
23975
15002
9996
30727
8593
28975
30872
11975
22892
6804
22978
631
19212
2271
10652
5622
3496
14076
30131
1451
15583
16287
25910
13846
23800
16509
24411
28843
21614
32188
28927
17121
7852
22952
13709
21382
7189
29863
18208
8789
9031
2415
31212
26058
14241
22902
26330
31541
2307
15786
2418
7438
8404
12131
29950
21384
24650
23958
25836
21352
13285
8779
11381
16152
8253
27729
18812
32247
3070
28976
7865
7668
27441
15199
6422
29531
12221
26807
17497
27374
9005
11560
4868
16952
3507
28075
23929
6686
20077
1911
23650
6071
18664
6008
8784
1886
19427
22013
22690
13829
21845
23217
17321
29900
22449
23756
21002
31442
25704
17290
15203
6474
24495
6877
29233
30162
8580
16478
27889
16129
10219
23690
2693
3903
15998
31787
5594
29146
16164
24084
11464
15958
20513
18705
3641
15876
17231
32286
5006
20438
31402
6871
22846
32369
30226
48
23232
15492
28237
4454
1452
15192
8524
24374
2077
4009
13231
4940
24153
6325
19339
12286
25524
23954
18538
30778
27313
21700
15507
5053
8299
18959
2956
17286
16179
22154
20958
14987
21627
7925
31256
28330
7667
19532
8982
30178
16881
29340
15235
17347
26390
23062
30365
23331
28463
24162
32312
18451
22873
22582
1542
30226
3945
17702
9237
13952
8842
8638
4761
2901
15144
10702
16108
2578
16397
29445
18899
27384
30922
5569
23811
6264
12121
22566
31204
21228
5376
3950
9620
15492
28280
11135
5679
24963
19279
8387
17742
4267
19595
9268
3021
6133
16016
28086
10962
14726
2628
29866
26122
27871
16752
23232
4918
16468
19050
30988
17127
28351
28401
17245
26245
32117
21080
30154
6038
30329
4839
16525
25661
4848
6782
26133
17665
27093
25211
32598
8144
30446
11998
23140
31812
3583
1195
10048
19749
3645
24464
26353
29486
27141
27336
20695
23828
22222
16703
8765
26820
14685
30967
3117
27116
8760
32170
13192
31166
28252
32433
30550
29681
24626
29732
29018
17672
17600
32579
25833
28118
31004
10772
4093
24642
25639
19022
4742
6472
14455
2934
24576
7232
4757
25672
28490
13155
18281
31576
7350
6539
30450
16121
29277
28986
14139
13406
19125
11486
27530
16895
357
19539
7130
31038
9815
5034
24715
9035
26383
7977
13913
5445
8764
30866
20107
4002
22925
4521
12140
11472
30150
18416
14591
8988
4371
21941
25071
24020
15260
21582
16581
12712
28249
13220
13661
12374
8232
19182
18075
24455
12573
26303
2138
22259
8217
30787
7589
2508
16030
18885
11050
16218
22241
23669
19947
32483
30753
21353
27191
29389
23864
4065
26329
1798
8560
25295
10383
18084
14231
30615
25022
15561
22358
23571
2659
23754
21694
18906
5197
13712
5668
5314
12170
29758
7215
25251
13087
31251
20527
4190
32252
2451
3248
26654
25646
20193
5200
3294
31831
18288
27341
16172
24923
19674
17506
24364
15453
18192
32596
20447
10986
18868
23496
8101
21875
8387
26071
6657
18945
4215
17892
9885
28452
19564
27437
6542
9004
27137
17569
22744
23452
20993
31730
31541
22748
30083
26346
17426
16942
18958
8962
8411
15843
20737
3889
2936
22991
11826
6146
30232
22522
4566
2537
9261
13208
31137
24023
5303
29244
3374
13324
25030
5448
6560
28973
14650
16296
28810
12694
21198
25536
11788
1777
1877
3490
10815
13319
27971
7557
6611
23255
7790
1651
8695
20709
2838
25921
25465
3541
32291
964
16687
26680
13999
7234
26005
5286
15044
28967
19383
6925
18279
3321
20306
13896
469
16014
2102
20980
19980
9597
29934
6783
28301
25298
14499
21377
20833
16902
28734
26704
11866
28206
25293
27343
23195
1906
4392
29830
30042
11457
26836
7672
20965
19907
7719
48
17123
22799
29101
29854
10973
6815
25803
1825
30205
24192
8610
20069
24853
11214
6710
7791
12770
11232
8912
18806
17555
4544
2977
25333
4741
5598
32167
14590
5713
23045
7893
30673
12552
18829
16750
11181
29885
18899
8882
5350
30788
20198
31932
568
6202
10371
28587
9563
18757
6980
1536
5591
24477
6676
22599
30234
28620
13286
5114
28360
11442
2471
27042
29778
26315
24688
9791
2762
4277
9217
31722
31734
27884
28011
15801
13219
18649
25100
4835
13883
26891
32448
25892
26010
2756
9046
3683
2078
7863
29249
2451
17917
8464
22672
10967
4316
12981
21025
8937
10653
22475
15889
20924
14456
32637
22390
11360
11085
14584
9809
14887
20024
14778
31934
27910
21095
6413
21614
22845
14120
25806
8279
4154
18758
29555
26282
8891
11414
5965
14086
3636
9165
5897
20715
6512
2708
3965
3697
25722
13791
8866
26426
12222
11898
6108
8101
7788
31204
20866
30788
30749
25953
15258
29073
11705
1867
6116
30684
9624
27305
19227
2952
4839
6403
3959
14711
23630
30324
12406
30659
21967
9216
13276
15023
20978
23592
5112
21981
19999
32188
28458
32193
15947
14577
20642
32085
15319
4787
30314
29710
7092
12860
14503
12303
12236
11494
30236
30878
14237
17469
10735
23764
17447
19033
3760
23192
4873
8299
29335
29134
9447
917
8461
30667
4878
7167
1390
16140
26715
551
27406
26408
345
11896
32378
26884
14249
1823
29696
13126
23719
26
30577
27404
18250
401
18725
9437
31052
2154
11328
10720
8075
13592
2612
7499
29104
15539
28551
5663
13582
28750
17879
275
26317
20101
28443
24269
20807
21333
9771
12888
4274
31281
18563
13267
19200
9809
27971
7014
7939
25934
28027
6267
3797
16364
16806
18730
26999
3382
22644
17908
30648
31697
19149
5557
28760
17802
4370
7636
30574
16689
7590
25277
11527
18090
173
11409
3856
6465
30995
25627
12918
19518
5840
15367
6027
21945
21099
31310
7596
17328
15805
30197
23073
18263
12792
7415
22084
2735
7912
5760
30949
1114
24440
21851
7918
15790
14199
11950
10051
16136
24220
18661
30188
5731
15560
30444
12918
11305
15244
21409
17814
23112
20715
12681
23056
31113
10081
12993
25815
22814
1828
7480
30838
21625
25769
16156
26542
31589
14442
30610
31585
79
999
14250
16303
24804
10218
3986
11358
31970
28688
7178
11391
3879
30597
26647
18766
15631
19215
5884
31835
12284
27726
27238
27879
27958
6722
30951
7313
24566
781
10405
18226
18877
17146
16980
31237
3306
21695
12385
9739
1420
22271
15984
12717
25717
19219
27913
19876
16528
12554
11662
4374
21108
9454
6769
8449
3640
24905
32675
26333
3977
19176
18256
6781
3067
27103
7881
9015
16285
29646
26562
5188
2000
19298
18877
18537
8281
6430
30662
24791
14004
24923
32353
11089
18347
15245
11713
13196
31528
3785
29754
987
29256
30596
15609
22796
15280
15006
9971
19852
25124
27039
10267
16338
18774
7232
28888
30715
19707
25389
9142
20658
22052
22537
13660
26451
23244
28338
2238
5968
31661
27591
7059
17619
13401
9320
22282
15013
20869
27453
22712
8014
8616
20154
18389
17790
5061
3233
2729
23467
14468
24264
28737
16124
22920
1308
8806
30054
6909
12518
29648
4885
23408
13645
24214
3853
17892
8476
18153
19217
18978
9670
22018
21187
28496
28584
345
5646
13509
21389
4632
8897
29980
30071
16591
8572
32647
19613
14697
6608
23398
10416
7007
16802
27161
7266
18987
23504
23314
28969
8704
27160
9774
2112
25784
13877
69
19696
29454
30282
32256
7181
9741
4228
22762
17603
23752
16891
2762
1683
4684
11482
13105
12440
4051
4544
31567
17935
3898
14438
27658
19478
25013
19329
27218
9396
28354
11242
19886
6938
8027
32508
17691
1320
2416
31805
32279
7731
28564
15937
16889
32518
26871
6860
32131
22310
17812
17975
26298
19291
683
17941
13557
7531
25458
30486
7989
297
520
10795
5300
17070
27818
7402
25537
8679
9001
20789
17098
1872
2203
2070
28603
30206
7505
25582
22919
24291
5386
30159
2051
14670
7526
14886
13819
1201
26782
18589
20864
6055
20593
15167
22143
24629
9570
4317
14232
31056
32288
3761
18732
14752
6982
25922
25272
8068
13124
7303
10850
15958
15005
2895
16082
4336
31828
24033
13123
21871
5792
28639
4570
22071
12263
32112
22582
17463
30698
28573
8776
1646
18750
18428
30565
8877
32507
28556
28057
9119
21176
27873
5951
8200
22198
17793
28366
18250
24667
3725
13558
5933
30434
28836
29932
7903
6738
8964
8962
29498
30380
8690
2426
14406
22377
9309
30620
25599
28451
5310
26374
7768
18323
4418
2884
25215
28091
14123
32672
17763
11876
15731
1851
1396
30411
8883
4957
18345
11672
29252
1034
9672
6159
25764
22230
29154
8074
24347
14330
21276
2855
5790
10662
8118
446
23027
13721
6213
26646
18198
23792
26691
28504
28636
14907
4042
26563
12758
2518
6813
11170
17784
3191
18536
13947
18554
30723
2633
15498
18303
27302
31118
22125
2805
5154
11201
5409
11068
2407
2018
4653
12298
30309
243
20509
16142
8734
22970
32562
7635
30975
21954
31320
2792
4464
31651
4184
12862
24234
19587
27983
16593
1480
5341
14431
23434
2337
14977
14756
32100
15830
11228
7274
207
16295
21626
8605
22610
22283
15049
22144
14963
1407
11040
9122
17627
11294
5119
18447
23222
114
30617
5315
16985
17290
5775
31844
17959
28492
14335
19248
23733
19981
12989
6964
7212
12383
7136
22718
31983
13610
16001
27414
12158
22527
16575
21865
2459
14760
6662
25606
20139
22276
16018
14797
22366
8722
9262
20963
23698
12619
1090
18859
26997
31029
32524
1778
14570
17461
1070
3690
559
23716
9321
7770
30908
7462
12456
24979
878
23351
19008
20134
28388
24583
18550
1876
7978
25480
5954
19526
1172
15813
29522
22783
22509
17013
10066
15374
25041
31440
11883
32648
20824
12705
24585
13749
26101
1437
2274
15882
28829
30195
5428
22103
28715
7460
12365
19522
19715
3605
32081
25332
30709
1891
19768
16658
28773
28918
30230
31471
30121
22489
12191
3328
26547
23624
6378
23184
6896
17931
19317
1204
9071
13059
8042
11650
23366
5123
1312
31614
10290
27617
6117
29013
17533
1228
19963
28110
3877
4063
27104
26621
10042
25335
4306
15290
22152
18626
10899
6737
3958
5913
28266
29563
558
32656
16746
27277
3326
20043
18934
11248
3070
2835
23685
14033
19444
12456
9635
28441
9332
28249
13625
2976
32076
10195
20237
13469
17183
10039
9356
26210
3919
13679
23496
27718
1824
3265
1981
2018
13851
22948
30168
6272
26545
15827
29882
22224
17441
2465
30777
30941
13468
8076
16039
21056
21158
13844
23383
17555
26303
27598
19038
5161
14915
25012
29079
29948
16527
20415
13034
25575
23397
18360
29645
8214
16018
6731
15882
22714
14029
4701
24003
25345
22499
31391
8372
3141
22033
8547
6841
23684
3761
20143
5008
23824
1050
24720
479
14215
20673
433
14201
16646
21924
11820
8925
17818
10216
31392
18944
10231
448
20868
25164
10605
14994
6843
10728
28183
2645
360
26170
4438
7230
19459
11178
24189
13467
31405
21161
462
28159
8128
15858
17830
20895
9899
22032
12276
20220
31997
24097
5103
22210
20927
1497
27657
7408
24327
23754
4126
17978
29130
2786
7154
1196
9202
29237
6618
26511
31920
7676
17849
25232
27412
8926
31790
20511
20187
21615
10764
29462
904
29687
20491
15259
8630
15476
28349
21319
27308
28642
28355
13448
4658
18873
22848
20803
23203
31416
29838
3262
14148
4577
6448
3262
26836
30405
21256
9708
18532
22785
8906
26493
13417
14601
29617
2578
21520
28196
6513
17885
9425
19896
27244
21510
1607
22472
18984
8013
14399
3259
14337
26608
32527
20575
13851
24271
25129
32301
7323
31694
14575
4815
11543
4987
31177
3807
31306
28657
32629
30450
30733
28924
14495
5333
18307
30589
30130
24086
5011
8208
18669
9158
4507
4333
11449
28542
31330
24332
25658
12704
3919
20109
18980
9439
32729
29270
464
2818
17215
28414
16015
9956
14969
25834
5438
6080
11886
17845
3098
31147
32359
6357
23766
28514
4804
29564
7403
31046
26606
10173
16432
15781
17804
28400
10666
9787
30202
4951
16037
30457
4598
23810
12291
16901
13469
17903
28117
23809
11159
14710
31016
15248
30606
25316
2081
21270
12516
20327
12365
27584
9381
26410
2866
709
15802
448
2346
8683
3680
6598
26225
20556
3545
25540
30332
90
24161
19541
14732
7969
12132
8584
28804
10444
4078
27525
8951
26219
17763
14452
19334
14579
31344
24474
7785
5510
23105
32709
7755
5877
27637
15595
29531
18564
16975
270
14496
3565
21422
17506
13196
19623
3647
8370
10709
14951
31857
13312
18816
29928
3497
5740
22335
18152
22328
26455
5884
15987
24970
13767
8886
30819
21919
18445
9100
17704
7871
1702
8471
2757
21610
3680
23293
2075
143
11709
24771
23914
5630
20892
23523
32277
11038
9494
16415
28581
19683
26791
22036
31249
32251
17550
21522
11581
13896
6774
31019
24512
30355
6741
24202
2794
17535
7829
29447
10246
8891
4978
21752
29404
22908
28067
32329
13690
9003
29756
30415
308
4442
25043
217
30954
15869
8417
29704
4233
7383
10092
14945
26068
306
13795
9121
5733
11219
32074
720
14062
29997
28822
18969
20421
26581
17755
6361
672
24374
26532
28662
15773
32390
25890
114
8069
5113
5002
18496
29009
15412
30264
29014
22765
23044
10008
9987
10557
13904
18118
21891
29534
23628
14324
2001
15662
1520
10765
22460
270
11433
14103
9277
23270
4686
6366
520
1642
22101
14671
6753
4764
27463
8738
27697
28306
113
4028
9049
13178
13277
11091
31302
20443
8320
12371
22981
30750
7349
256
11033
76
15594
28253
4172
793
28313
14157
30402
31266
16251
761
14356
11123
9464
23153
15643
4172
22497
26006
22346
6437
6241
28471
17473
29423
28209
29818
4000
12701
14604
17278
18201
995
9571
27966
13514
21565
22865
3769
5065
31540
28113
13648
29440
26333
2095
25199
14907
23458
10172
29295
1407
12868
31686
27323
19102
14113
21959
29490
32008
3763
3037
32461
9188
17242
24442
26498
5727
24667
15453
360
21060
15912
25537
26907
8398
25570
22484
4450
32186
8732
7018
21519
29855
19170
6643
2599
26754
11001
19370
28483
31141
10345
27152
21558
32161
10809
18585
25840
15796
11642
9637
1443
28508
11143
1969
2852
6949
13706
31439
21139
26047
26946
16979
31806
28499
8964
21200
19907
15639
4352
10307
32629
24865
3014
19597
30977
21625
22537
8743
16722
14193
13730
18193
9649
27705
24535
9227
23601
16302
25310
31752
9546
5235
27293
4064
12484
17475
28340
10821
18902
11141
24509
10232
3728
4897
14802
20540
13942
27795
8272
4492
11374
5182
26331
30345
32732
3586
11171
26422
28939
28688
26341
2663
7375
28669
5044
23415
2920
17942
22009
18490
9898
23284
16825
27442
23387
29520
10134
13830
27101
19992
2713
8239
10764
26817
9006
11765
18026
24032
4976
25498
12922
4596
12455
30933
24681
8838
1551
24706
31219
19317
29916
30871
8325
13963
5498
30298
30879
26963
15897
25297
1149
17711
21097
15226
4598
19877
16546
2877
16292
10490
20424
3999
23877
3842
9005
15928
11105
6710
5943
15975
15918
12039
23395
11076
1968
28018
28042
12758
19748
24789
23140
24455
2975
25089
26442
13524
4083
24464
2368
20553
17874
121
19762
17837
566
21729
5502
30074
19711
2356
20659
30864
28126
20341
3480
29737
16499
29394
4209
27152
5042
18812
19837
22798
6283
30901
27843
16805
9162
16171
15119
25345
18236
14724
11319
17452
1555
21818
21154
23937
10379
26025
28683
30307
29390
3942
899
2863
17173
32211
30901
20334
23313
5872
23662
8272
22665
8564
14941
31574
8516
4381
2071
19790
17961
27972
16733
11652
8613
1460
6562
22839
13645
27068
26312
842
2757
21891
10539
19516
7136
2460
21728
30298
1544
16602
16447
10803
3297
14438
23454
24397
12329
32270
5728
15638
22755
30944
5423
2077
25012
24568
7557
28546
32397
5014
23153
20140
18314
3188
24216
14137
27418
21846
1914
22331
19297
17122
9718
4001
2778
23986
4112
20211
19521
12968
32755
1091
10672
32129
25650
15968
9992
25005
1363
19276
9106
9566
9358
27632
3814
8928
30674
28687
25868
25640
9993
20089
13794
7343
11933
3457
15293
30081
19259
4016
17747
24464
21207
6331
30425
24655
7920
7859
9832
3196
27669
15228
22437
9533
21160
21120
6817
2927
15586
16036
20990
32059
32279
7292
9300
20970
28475
1210
7378
10234
13478
19181
16169
14705
4372
5224
4773
19057
27120
23423
26781
26125
24786
13050
25102
23899
9798
24003
30851
15562
27087
3810
3640
11190
2859
26027
18814
27194
28889
31286
16225
24902
10201
3600
12681
30961
12467
13616
25438
10512
7610
2861
19056
30727
26258
18606
7701
23519
5360
19745
2644
12697
11937
28848
2561
16066
206
12912
11306
29000
12414
5852
18610
20876
13404
19075
26684
23224
7099
23805
25418
11603
18135
10275
31910
20499
29789
14208
31490
29426
18478
17410
1499
26755
12128
6133
18851
18823
17798
28466
10014
30396
7986
10132
29197
27893
7608
21932
778
8047
12340
4534
8371
19555
9678
4299
1034
32728
30012
24152
31772
14523
7561
18894
29921
25649
1045
23707
25956
9004
29662
27738
26915
3645
8701
7494
2233
27561
23412
26869
30138
3006
16422
32067
15839
16231
12071
1932
14691
7423
18486
16414
14508
1891
9864
18925
13614
11083
14536
14985
2445
26330
23131
24142
29953
20339
4584
3290
28159
18895
6424
8645
2070
26700
4506
28044
28951
904
2923
13005
18808
16687
16468
954
23546
32017
10420
5064
30858
18552
19839
20903
30309
29624
31623
23927
8576
22023
15354
12089
5927
18319
13868
387
21988
450
24215
21624
1186
23022
5921
7416
13586
2577
9373
29716
9550
31726
7571
23237
17597
19040
13892
26077
54
27887
3561
26173
6504
16801
24892
24905
3449
26898
17977
28057
20205
10439
21798
18417
22218
18368
25297
13428
20729
6476
12313
20
26608
10786
12975
13901
29582
17324
23326
24339
3910
14758
31753
22793
23424
13800
14004
9203
28220
30336
4295
12142
14073
12804
5966
479
22997
5671
13059
19369
17909
5257
4560
15011
2855
29140
18832
8649
12998
19204
6166
18737
8159
1286
25712
31297
14993
23173
25964
7200
27322
31745
4444
29802
9680
30241
15127
24616
5132
21066
64
6399
4302
9584
27851
23207
2621
300
30652
31903
1069
31503
15666
21535
16967
15927
6565
29263
23907
23327
2668
4790
18489
18875
30594
19957
1849
20933
19081
25781
8119
19794
30479
14046
587
31144
22545
15113
29816
19027
1725
2617
15755
29302
3708
21445
6854
6240
8752
19865
16062
26463
14010
29855
24578
29657
9920
12663
6909
9624
17325
13678
11038
7270
30713
9134
16182
17114
24234
23218
27937
881
29723
29181
2216
21472
17404
16396
24998
2729
14490
31881
11626
13037
28512
21185
8029
21121
13982
30808
29924
22084
6282
7227
30856
6319
6021
16855
16469
13997
32671
23689
11135
9901
29020
16213
25420
17910
2489
13530
25389
20539
19306
21381
19502
30064
11622
25094
1937
476
29349
24576
31926
19566
12072
1797
24127
24404
7739
22465
21105
3786
11767
1909
31452
29232
25610
25000
7998
29536
32699
29209
32677
26686
32040
2807
4564
27281
24018
31572
11752
25105
23132
2520
28219
29888
24976
1970
18057
20862
2211
4052
5713
2264
20666
18016
14974
26658
26028
11357
25159
2757
14858
23471
11092
5593
9309
16198
18722
20983
25006
7061
15272
5960
8524
31558
22843
16354
32201
21548
12207
5205
1862
30841
191
26240
17136
10289
23982
20138
17355
22238
9775
16078
16559
31110
28291
24629
19344
28890
4321
28490
3586
25520
28186
2475
12027
7603
8573
8828
17883
18009
11256
4352
32427
1046
23169
28010
21410
24528
27572
12272
32750
31890
14526
17954
4017
30596
25977
4730
12617
1051
23512
2612
11220
6285
5766
25951
7923
16008
32458
5429
28623
23587
25006
29864
1882
2325
16480
26429
17880
17444
32728
23069
20381
7393
15291
23402
5912
9619
16512
15311
18448
16753
28881
28251
30766
8980
6708
6799
16572
3883
31978
5301
9644
14193
2839
12404
28124
16860
8996
8610
20632
20503
18786
24409
7265
6963
9456
15693
15084
30618
17374
12124
13934
21828
27282
27495
9239
4141
29291
23905
6108
9478
31653
8613
1402
7722
30333
31117
12984
19669
18325
28224
7916
8848
2969
5579
960
16112
15907
11892
21302
1408
18396
1098
22250
20476
14309
21761
21656
4288
11381
9725
23517
31103
11971
16557
8514
31288
1574
18714
2678
11366
18042
8896
20443
32376
7623
6044
22340
13184
9501
30086
11262
2863
14530
5569
14349
9729
7056
721
8887
31157
27032
12428
30791
27136
7691
31348
32523
22914
12379
23620
23967
18169
3229
6345
30317
19125
27442
17139
7285
2124
19366
23852
1354
26766
5848
744
7261
12219
11355
20606
7038
17396
24349
32054
3232
14320
9542
23459
6365
28144
32611
13363
18618
26357
23236
11780
6571
4656
29474
14841
3290
12474
30598
13326
4900
8581
30309
12008
31332
10643
21776
7601
16373
3173
22092
20514
27762
2231
29756
29921
23744
3434
4488
5646
7247
15042
17848
17432
13468
977
18657
25302
5627
1075
17028
19667
32147
24060
32691
16617
31914
13295
21621
19985
1315
5105
11372
12665
8004
26045
3765
23255
11453
12760
6416
2814
23782
21704
13889
16558
13897
29313
5046
26545
22880
15904
6761
32291
24736
27099
28424
9234
438
21304
15700
18759
21520
16254
21191
28002
24735
15465
19577
9773
24283
31010
23620
24618
17160
11118
26918
3438
440
21798
3816
14002
11410
32231
16637
8872
19537
13578
5293
1931
7184
28631
30323
31482
2500
6133
20131
5126
8202
24101
22863
29578
15651
9521
13676
9915
15164
6430
28465
6143
28147
18089
2496
515
6424
18162
19464
6407
17584
21362
21738
24189
4672
22066
15002
21203
30536
19007
14665
31117
269
89
13569
25494
1435
7147
4816
13272
26123
23616
11560
21002
17922
1523
26502
16329
23674
167
9554
17387
16837
31993
10246
24592
24270
14003
6291
17529
24995
10050
16385
13854
23344
15467
13141
6906
27213
26425
30391
8362
6140
5946
23508
12598
18667
30187
8066
10799
26689
30320
2722
2554
12183
3464
6731
1899
12355
9665
29477
18326
477
9192
9234
9697
14844
4036
31764
16990
4417
13572
30571
19032
22935
20597
2045
12076
10680
7544
15611
16218
25076
22452
3522
21980
28206
1288
19455
5047
26919
7107
279
22479
1279
22808
15046
26879
23800
23500
2822
1641
5246
22322
16178
21003
26468
29273
4715
18836
3953
10116
24379
16757
8987
14298
5240
5690
20882
1887
29035
2075
8192
29987
19762
29902
3087
954
28003
25504
14253
26091
12274
6084
524
17324
3157
7403
12780
19279
12261
533
5404
25334
14728
13990
14654
3660
22669
15804
8652
23671
21207
11200
8024
29256
13886
8763
11288
1205
14642
15851
29089
22410
3745
11031
23539
5211
12571
21535
23990
3517
26933
24151
18883
17078
4907
26901
26086
13937
26569
17161
6882
28726
19595
2509
26038
14234
28419
26557
28191
24819
12155
25609
26206
15887
7900
30985
6203
1830
5070
25808
17226
20492
6945
26627
12397
23979
18284
26348
7834
28593
9203
8394
27871
21126
20174
29035
9635
19841
32328
20733
20270
16731
30086
1570
9580
2788
11369
15938
8429
32244
11956
37
28465
3237
30322
11457
16419
28351
17810
592
3299
23924
17109
21926
15304
14158
24042
30146
17830
8293
16087
28067
16460
29397
17562
6237
29265
4975
22288
15211
21521
32431
4119
6983
8690
8686
32751
15928
25580
21721
4327
20843
3656
1826
20021
25670
8103
30326
4645
28153
24647
174
24438
20822
9858
26185
27136
21218
17559
4378
4763
13612
941
13118
23101
28509
20501
21073
4194
12817
31440
4833
16561
11877
13393
22563
9180
21329
9347
3045
6088
30009
17422
8900
25326
5054
23255
12447
18177
12762
18373
8524
9936
29740
30155
27017
17263
31120
8739
17461
21649
8691
22487
20416
57
14182
17542
8160
30098
11632
19045
6021
12058
27305
29572
7952
8198
20612
10835
2751
20707
30061
23396
17772
12153
17684
25714
4984
5620
31496
29859
514
19782
11143
16906
22108
3783
20117
14448
4543
18718
331
1364
23869
11365
29042
9520
29176
16776
10064
22014
20882
4334
8642
4859
25316
7260
30859
32171
18163
12310
30956
22557
31263
20295
28789
29808
5534
16290
6682
15766
17705
30794
24969
15704
17653
30703
28859
17306
31717
17978
15305
4833
1534
9324
32514
13842
17179
12610
25402
25469
15842
1051
15460
4377
32502
860
5732
7697
8302
31252
1054
13696
13703
12508
25811
20089
23189
3586
5037
27979
320
230
13720
2563
19692
15523
6484
16434
4985
1522
24008
11248
22061
6220
21146
6176
18158
26191
18172
25078
11701
14691
15049
13751
16959
29853
9680
2240
19974
32484
18800
29898
10863
6226
16485
22636
28485
7900
16609
24801
25958
1590
17630
24844
4540
1777
3251
6585
27759
18663
12262
22310
6233
3288
12354
1986
11963
6485
17193
12340
29486
28381
17707
24735
988
1863
3031
3877
23023
9311
2512
31658
11850
29140
31012
218
5751
32338
32730
30317
28129
20459
714
2217
24388
6075
6834
10537
8801
18636
24453
31966
16886
5687
32262
27475
32237
7308
19350
13109
7636
14964
19530
10258
18317
23701
24385
32097
11847
16566
1333
17091
11693
29732
30031
30088
9564
4436
29760
19317
10395
201
8589
6852
22086
16696
12074
877
27916
31467
14155
15780
28635
25187
9335
12707
28311
11841
24542
15529
18194
9319
14828
18243
29241
602
16670
4298
12683
17642
31509
21549
12496
4886
13289
10736
28679
20522
22463
19317
2464
6442
2718
7035
10475
12659
29310
6116
17617
8864
26530
6331
29378
5035
32552
117
26094
6996
9183
16759
28344
4551
12632
23769
3687
9593
17728
15978
29471
14163
15084
6644
28689
16914
1334
11713
17902
20718
23176
3677
20385
18809
26422
24478
26429
3275
31249
7906
5940
13276
24377
25240
27595
27441
23858
13058
30922
12731
2106
24632
26488
32508
24538
31089
8390
5227
27324
18814
26571
32282
17596
31895
30832
1686
21313
21338
32365
8718
5070
1809
30836
5304
14548
17204
23467
22641
2251
22575
2912
1444
13184
2916
30969
17260
4529
10356
41
765
727
14266
21354
2624
23875
32281
3239
4541
9324
10744
13880
31166
31112
20874
24596
23217
31321
9811
5442
29903
586
488
17809
17147
442
12278
30601
13549
24472
6533
22177
21647
6448
13694
29107
23207
5188
25195
15788
30391
22367
3455
12424
20001
7270
19158
2174
30351
29040
17149
4983
28562
23511
6581
2757
24458
12688
12788
22290
6085
7351
29485
20630
9195
32110
29649
20366
26777
7656
11542
8425
5452
27841
7159
13124
28033
12689
29564
4120
11546
28608
17467
30002
3076
27548
15647
8804
9495
1448
26984
12155
17469
24631
4083
32368
24535
826
6076
7651
16732
29271
5537
12228
8515
26939
26473
10324
14884
12848
4
31052
5914
19186
18708
32091
8555
19390
15789
14294
12651
17581
8793
15532
9885
1344
32352
21656
19228
572
14918
12698
1593
19896
1940
18343
8806
21876
30172
7584
10835
23404
22775
10881
8534
23725
25745
4827
6928
23144
8424
23172
30286
14661
7376
24204
16173
11001
251
11124
31874
22043
26743
923
27768
12339
8824
10745
29819
15893
16728
17679
18517
11885
6876
28190
3223
666
7609
16536
30779
14784
8278
32212
14727
12824
3284
6405
8757
13451
3660
16237
24272
24192
9047
12494
15713
24050
14804
31778
18251
13253
14309
29835
12916
28762
5691
29325
28069
7777
28564
13691
19508
20462
10625
31023
5344
463
6765
5118
30716
18718
20699
12524
12496
32530
24559
31259
22076
24346
21808
18314
7838
19245
15244
9724
6902
10843
20381
18997
11592
5545
18730
17516
15938
18203
24049
2046
30239
32530
24995
7008
31947
21464
10033
1111
1352
8058
1862
17515
10320
32726
12308
31129
21052
7412
8788
30536
18468
10650
32648
27518
2120
21018
3460
25684
2478
3439
4908
18855
7949
1160
29311
7953
234
996
9173
8727
17153
11103
30308
6308
14566
20556
14857
25527
3564
17859
13894
10840
5190
32572
4743
12496
3948
16733
5033
12313
32193
21777
21180
16788
9586
28890
20744
13050
26785
19560
3407
22165
9411
4714
32338
9136
8518
9380
5782
15180
20855
26178
13672
9492
28068
108
10527
22675
10109
21786
9889
26277
32192
5162
23081
22315
29462
9904
30023
3843
11320
25741
24104
21048
14677
18499
25623
13941
3768
5383
7492
6592
28838
8984
20932
29028
22149
18000
6106
1327
2372
760
1397
27358
246
1249
6905
21974
17856
3248
19266
3861
22518
18298
17639
10599
25473
17553
24763
17885
17028
32157
22938
31867
4927
9454
12642
15665
25907
11792
26431
15629
16774
17568
25388
17326
4778
9567
15030
27900
12090
3461
13059
13078
3108
13400
9236
21644
23053
764
8519
27343
4593
32397
2848
17637
13578
6251
28232
23137
17396
22741
21462
27283
12558
6074
26318
7164
21027
14283
4839
12292
5450
6101
146
7920
32010
11854
4663
12302
10178
814
18114
25138
26184
31744
9566
14438
9681
11832
5760
16094
12561
11207
20008
23594
3235
32237
11108
17071
29354
16974
12565
5720
12729
7753
31733
6793
29424
31877
23001
31829
11112
18636
26164
3312
15570
7709
20445
103
2394
6908
11282
1166
32466
20493
31420
17466
23820
31969
16372
10929
15239
3856
22215
31583
4686
6024
24886
4555
18974
10788
31105
24009
6087
23425
2214
28656
9940
20749
26148
10830
22382
5984
9476
26971
4990
13008
12826
14636
32530
7743
10121
27369
2050
11320
31109
7809
6355
32315
24669
5276
29403
1620
9144
23762
29606
18162
11038
13338
18841
17655
30651
10117
23509
24588
27488
20268
26975
1335
203
13670
9085
28591
22824
15935
18275
27631
17112
8998
31502
20745
7536
22246
29041
9277
16133
26072
6607
6858
16039
9814
24168
28164
18475
19826
13911
13735
23854
15336
3771
15467
10070
5970
20245
728
16347
923
31985
25692
4166
4278
17097
4763
12409
12432
24102
23302
26096
18755
14600
27311
10310
14220
12936
1115
20219
21887
23228
23769
19572
22905
9691
4499
6723
8535
23201
28003
15017
15845
16373
28584
29529
21145
19914
18840
9599
7554
25923
17880
26369
15227
21530
20042
16645
31908
10050
1062
14259
23827
4299
7756
32572
30150
25863
472
539
31196
29419
18679
7323
5125
15287
11258
12697
14392
19930
169
31883
15780
18191
17370
17601
21736
16845
24898
21995
11910
12766
11658
25052
26005
29773
18085
12173
695
5766
20066
15205
11083
6329
13117
11447
20708
12159
31611
17549
29945
18624
18038
10660
21726
22484
30773
13751
4594
11496
17215
10240
10779
23460
1201
24829
21615
29963
9871
2928
5684
6306
31832
22185
9227
8404
19933
9735
25448
28309
1106
22973
8261
6214
11686
5330
19224
32728
18960
9324
21250
5173
6123
27725
28745
16859
20931
31902
29448
22218
4784
13547
27173
23969
21730
6256
13956
13316
15998
14227
24186
24640
12457
21169
13701
27186
19681
6685
11322
15205
25748
12134
23678
19066
1771
19417
9721
5581
8423
12359
28360
12629
25520
16905
23666
27596
25898
31040
6430
20240
11976
1121
30979
32714
11941
17650
5151
16461
16081
2446
10284
6849
14056
10543
22224
30336
15338
25517
5140
7360
16966
11137
22807
28787
30264
15567
28420
23915
32341
9636
26177
17090
19557
9084
3561
23673
28784
31239
32637
28767
8732
10028
4822
16948
29750
6223
20062
4879
26254
17615
10112
12285
18952
20947
10077
21483
10992
9031
18369
24774
13710
32289
7253
13280
18682
8169
7190
6550
11314
28536
7941
9264
6506
11008
25632
27144
5027
14156
13202
28399
14975
29769
28967
15564
4180
15046
13058
28550
26239
26488
12434
14372
25595
5953
7618
6963
23090
30897
18032
28264
23570
22222
32289
22919
19300
16656
14323
24195
20569
29872
23251
11495
28518
27427
9711
17524
12626
12769
14702
11020
4494
28522
5983
14799
9924
14731
12528
17795
14770
8413
21473
9785
15929
5520
3128
25133
25265
2406
20021
32751
10624
29442
31880
17344
16619
5731
7874
23615
3372
13996
23562
16965
6340
5414
3601
20493
24338
24967
72
21400
9509
32629
12112
8271
21711
17734
7345
25579
3578
6154
2768
17042
25151
2251
13595
32322
28341
22291
22663
11635
18439
31919
8252
17656
27850
9907
19086
31015
12813
16318
6704
14905
24113
28543
26532
20468
26107
13176
26358
22663
32743
29954
30122
11957
447
16530
1267
31541
15469
570
29734
30041
18958
27507
28525
5871
583
26137
9920
18277
2268
14519
28945
16944
10878
16389
12231
15469
31717
25007
1646
3529
28447
7256
15021
24735
21288
22751
20600
11617
29114
24801
13958
1337
16230
7807
5894
28656
20964
2401
8334
24846
4264
25850
23380
2115
21429
13326
24224
261
25782
1394
31361
9595
5707
32276
10688
2202
26017
17467
24594
23438
23109
12303
2193
16987
6202
25947
18541
23492
22601
14994
23007
108
15000
4368
4959
32059
10110
675
28439
19715
12950
2122
9879
5475
13330
32316
14026
27372
3154
10540
24617
8323
17846
8396
30510
9734
2224
17296
6412
14899
5661
6068
6301
29637
15317
15744
14236
26079
30592
22219
20
25518
15276
1982
21016
10059
2845
29914
31157
24542
24164
25148
24869
27401
1972
22560
13125
15748
2288
28837
586
16132
4104
13008
18095
7522
3462
7890
19057
23289
6500
20366
21631
7248
6689
21846
10348
30969
25108
11765
11880
21432
14079
32243
22382
32232
30695
28436
4543
10779
21795
22562
24974
29185
20148
4588
29181
29579
27860
7567
12872
18767
26321
32756
21312
25135
11292
30362
14588
31797
925
27030
13515
18114
13642
16088
7020
28648
29176
29359
2946
8468
28017
6544
30786
12016
24262
12051
19567
135
23271
22078
14728
29099
15728
28422
1856
13459
5062
9491
30510
30409
15971
23492
4294
19780
15470
7027
27016
11216
21903
25594
15735
27575
5633
2165
27597
9626
20713
30794
11245
25248
7398
6503
3737
26835
32489
6091
8037
9926
14151
20040
14955
635
25868
11399
27201
3973
29587
15948
25128
28778
1619
14331
26758
26443
22268
11356
17815
22983
14787
20379
2655
19484
15353
27539
17379
6031
4323
26955
28312
24591
16582
5057
15900
3349
20033
30695
3364
18894
17887
1516
2486
20604
27629
22460
29080
1306
31881
16586
29448
9022
12796
2829
1453
836
1354
1352
20430
15017
23815
18063
27586
7093
7787
19207
8615
22621
21673
19949
26967
19559
25213
1242
18584
13007
29188
8261
24979
19050
5841
13641
17800
11721
22077
29864
24511
25184
2558
21265
3266
25319
20732
1694
12745
10497
608
32161
26742
31260
22253
12960
4802
31640
15507
414
27448
21035
2113
25244
25953
20612
31228
11616
29311
31022
18222
19061
32381
22456
8000
30067
14631
29971
24170
29825
32663
27451
25290
26903
31215
23577
14260
7689
16718
20393
2890
30401
8700
15704
8780
25547
19944
17584
15921
152
4949
22838
10614
15995
27600
26003
24118
16632
30565
10739
31483
20286
14354
22955
31188
32498
8572
15390
23975
31790
20705
21729
18889
4810
334
22301
14284
23770
4114
26677
16280
14967
9586
30121
9661
30403
21918
8763
9224
15911
19940
3664
8277
18911
25124
32664
17827
25785
3716
11249
13166
11545
16740
11145
14137
14401
405
22083
17514
31439
17605
4189
7770
6791
2622
19023
26797
3411
3537
14326
4575
10632
9996
753
19488
2923
10420
31820
2146
29684
21615
4443
10160
1234
14016
2025
22209
32174
32568
17811
18381
24244
10475
9838
16031
5200
1826
9968
8940
4149
2639
25869
3299
29604
20806
15520
5
12011
23209
781
18487
14892
27300
9764
11541
19295
30939
12873
28554
11674
15009
978
17821
7568
7531
10161
18574
20313
17796
12115
2338
369
25858
31688
15931
16642
32504
17443
16811
17254
27373
23332
20298
30951
11405
30740
14919
15562
29599
1777
3259
18061
22583
17355
17796
16492
10029
9582
10320
10026
21197
23361
21496
22285
23504
25198
4880
27179
18060
30275
6844
19428
28775
24537
11204
9648
22929
26867
18923
2331
14067
30248
32125
31501
24674
3141
21288
17487
28441
17645
3596
11083
8294
30338
16405
31507
20643
4937
15497
31653
8808
968
6365
16238
9727
115
12237
27148
5400
11912
23212
21592
30398
1080
21752
12708
16266
14343
32305
6721
16919
16245
28139
8005
949
8414
3619
19338
18786
7327
12239
13818
28918
29050
19896
2314
27293
16444
29068
9093
26250
21148
28463
13963
2794
18791
27219
1241
17943
30170
23112
10059
4367
25167
21
31390
13860
19997
711
6779
28661
8377
9737
3505
29852
6177
20213
1987
16681
13946
19242
25506
14672
13047
3615
15291
28510
29182
22711
17204
10353
18566
32533
17523
28905
3780
16561
26849
21786
17926
26283
11757
4675
21983
7264
11091
21444
9348
13884
3742
20619
3702
23247
28651
23760
353
16930
25585
17410
15940
32587
28478
32513
1747
2111
16067
6797
14874
28648
18835
25087
9314
1655
16360
8758
1624
21500
27495
6357
5996
8499
25765
25516
1912
673
16873
1139
17314
6624
9012
19646
643
312
16254
17965
23433
5487
22339
27363
28057
4577
12350
16954
22777
13011
32373
13749
4206
20996
24181
12855
17825
12677
17631
26994
29895
26827
1827
18337
21377
10243
24972
29050
9985
17829
7805
24158
17775
19020
17146
25300
18059
28357
25705
16181
10131
16485
2970
1705
26215
24480
18694
29265
22507
3288
24148
29894
15789
30579
8482
8643
24264
816
31489
15902
10248
30651
10945
3069
5966
20095
10992
10054
30262
4795
24989
1623
10232
2008
32097
29432
3724
2554
9121
3981
19218
23765
21517
15505
23920
23746
9580
29247
26429
17937
16284
25234
5598
1697
14036
30576
30702
19887
11309
290
16868
19948
22369
10504
17903
26066
24018
31883
8997
8759
6862
9298
28637
20259
15633
7097
25433
2783
23947
31871
17065
3918
29540
12990
5323
9600
18750
11553
25111
30597
22458
23889
731
13439
10557
7344
16706
15099
10996
18762
21114
15746
3861
12041
27413
5482
9320
4392
29360
14322
18183
26601
6867
399
20066
9867
23833
19328
7301
7542
9361
32680
12958
19642
9827
7837
28345
15031
11703
27645
22223
8989
24274
13569
5375
4632
13698
25940
2331
16324
17085
24101
4966
16359
28037
17275
31900
23007
15118
13256
7987
7385
25123
7618
13793
1092
11718
10350
29534
16518
29463
24957
18283
30701
7799
9692
29971
5096
7148
30855
24113
28279
7879
15262
10290
29664
3205
32698
7708
3236
3828
23937
29647
25521
4503
3448
20108
23769
11850
12825
14003
20355
19753
2086
22225
22944
31663
28988
11225
24289
16155
3243
2738
2087
26136
21125
7922
22332
7580
25845
18154
8896
19729
3026
28898
3686
32179
3700
23973
21344
20793
24519
27713
27927
19383
20637
21256
32288
29891
15433
27098
363
5079
25449
27047
7102
3062
26883
17711
8546
6802
9684
32524
9245
32174
17892
8435
7520
17728
25694
14391
2240
21465
6559
31630
682
21127
12173
32280
16211
7163
28714
5021
28143
25319
17001
18967
23587
6058
2368
7280
28092
20783
30974
17036
15521
15634
22239
17034
29958
23301
22237
10055
16867
1907
3018
36
23973
6499
7580
3594
6947
6046
14856
16811
31443
18708
29522
28426
8254
9340
355
23101
15281
25403
6428
369
15414
15239
19946
18480
24002
1484
12698
26591
26544
20814
9839
18827
12142
11281
6002
11493
13175
8694
2826
16522
25217
14118
17356
3976
25335
25011
25492
26654
28329
18045
17621
8132
5827
15699
32301
22635
1019
24667
17469
11014
1807
10932
7607
23369
3439
27225
7608
30897
20022
2377
6233
4292
17247
29157
1409
22170
17206
4761
1533
25500
19980
17598
16082
30092
25647
6847
32465
19910
30746
22907
25197
5573
20712
8427
27082
27880
28943
2053
13590
886
21834
12256
23324
26337
8151
4632
3606
25415
995
3700
707
7742
1347
31686
19898
20177
24676
16403
11006
14022
11909
13300
25554
16675
6691
21820
18127
27120
14261
3291
26163
21309
22170
3075
4220
11111
24144
1161
14134
18584
3046
16525
14353
7565
9140
23901
15414
27548
27465
11671
8667
22005
32677
1678
9237
14888
23465
31983
13550
29159
8907
21669
15800
25101
1038
10233
14753
31456
18738
2558
24199
3475
26151
10284
18445
6928
7368
12107
22766
32756
2246
30611
18065
8666
10210
15377
734
476
12896
24908
30801
22615
22456
3881
19532
7663
13198
8716
7090
9683
3812
14144
26033
11586
16783
22681
6367
1103
18407
2903
30345
13281
24771
17998
16455
17661
18341
4932
25556
3400
24369
24475
6429
9415
24548
16432
9880
26858
24322
11394
16343
12489
16848
29975
12893
5805
28932
31003
21680
31442
24698
24395
27568
9067
16168
22033
31270
7655
25428
7920
11936
17779
18180
26915
25469
4800
10423
16257
25924
6406
9298
3492
29498
21577
22621
74
11827
11483
27503
17659
27048
21538
1511
27885
4874
24219
5085
30500
9046
16159
25433
17885
20202
1893
29378
813
26519
4553
921
14566
9463
30795
17767
8122
18176
31963
11507
27043
18138
18132
19385
2946
2542
6598
15256
18950
19264
27000
29387
3535
12030
28461
5146
17107
13401
9255
3921
18177
31123
17770
9714
11301
1625
17602
10279
20748
4180
19207
32250
5608
28155
12192
20680
12277
11179
2374
26867
24669
30457
15370
5080
4698
21575
10394
9729
9370
21141
24768
28059
25063
12698
1323
10538
27911
11795
12402
22139
9185
26716
4950
28122
15842
6461
9800
23942
10655
2310
5163
22882
28092
31966
16986
21229
4364
3672
6637
11636
19961
8519
30264
647
5415
27604
23701
2729
9044
17613
24932
32331
11907
11328
24143
764
28249
16969
24019
30938
967
8232
24571
15436
1001
18326
23663
12275
10798
7258
9646
8925
30138
7191
4504
26364
13832
18536
2863
11223
19156
30510
29086
29056
6968
32041
26747
10182
2069
26310
32073
19883
23988
13112
17985
9497
2221
17866
24146
20176
4616
372
25190
25251
9891
17068
21479
22500
11731
11134
1153
21021
13134
30175
28458
9728
10313
16447
8800
10913
16349
2141
8114
10979
27311
18527
21634
2864
13776
27170
4105
30574
4322
1231
6812
11566
16253
6319
21037
13862
31185
15680
28692
9953
140
30088
23568
13749
10238
7849
12424
15862
7802
11446
21527
873
29184
10693
19528
18939
6426
11077
11678
5555
772
12690
19672
9958
29455
9671
5490
1706
11079
27092
10607
14220
10836
11984
11862
24198
158
1424
27515
30763
181
23928
7551
28197
20207
26001
8986
8417
5203
988
26392
14729
22709
22246
11170
22579
18467
30109
6847
29272
26496
24930
16411
30087
31855
24159
20486
602
11379
9755
24511
21418
5972
10315
29427
9727
28868
19948
641
13130
23874
29326
24704
5847
5695
2035
7555
11645
6527
6104
21275
17944
26563
6163
30622
13881
5797
17630
7975
10011
14787
30067
19934
11993
26399
7897
16250
2527
23238
30973
18436
2206
32176
31236
12765
1413
21480
7136
15618
30508
5612
8225
9103
29394
31063
17934
18306
13065
27837
9973
28098
30384
19159
11455
10848
19490
18656
22215
25116
7341
9278
16621
1323
3142
21349
8422
26423
378
15865
11734
22696
27048
16434
9760
25890
3438
32133
26492
23374
2401
18049
19787
478
16129
5623
18728
7627
20972
26973
27072
11745
1361
30836
17379
32638
3496
4137
29147
151
10912
5305
7420
29435
7513
28441
17788
25820
20180
27029
15493
4747
15016
16311
1161
5507
29174
25962
3030
1193
19102
18783
30058
27090
3763
5808
25608
12422
16429
14788
31627
29188
17630
11378
3195
17029
3752
19817
7646
25541
5100
18127
18768
192
11333
18472
7510
22201
9591
6010
31216
28545
9378
15790
7021
20726
10172
21050
18307
17866
15165
10749
20639
9094
14364
28010
25466
12750
7675
23017
21229
5862
23967
12922
22022
28021
10146
9116
27739
26505
4972
7789
23710
8924
12895
28434
370
4694
25426
4697
22653
8402
31297
3741
1983
28965
4162
21483
19746
24412
4027
26466
3154
10054
20691
24032
28366
21555
23078
27099
19008
24058
6589
140
16650
5953
10813
23123
20769
20728
30814
21079
17694
22311
23711
26989
15250
10986
32057
28731
14490
7609
3153
7325
30132
12781
13937
3655
25553
25728
21817
1708
5036
17429
14930
22559
30809
31032
9892
20536
14369
9190
16841
8570
32653
12880
9665
4146
2753
5340
21223
26274
22795
29549
8227
29791
16060
18404
31586
7416
18743
487
3651
14808
10567
6113
6931
21358
6070
10569
9724
30091
26651
5672
15993
8971
15859
12245
32013
11447
6131
26371
2357
28522
9629
6910
15259
15731
6930
28210
12428
30523
30503
17389
24236
5928
28602
19302
1513
13504
30791
15357
2733
17170
5814
9924
4440
3665
31351
319
28141
15555
2513
19816
15371
22233
22903
758
13088
6816
16989
7647
2777
7768
2505
30236
989
1633
20397
17580
26810
21087
14132
31195
6943
1430
32155
18628
333
11926
29506
3093
26568
4637
2819
26642
11090
32057
29634
19933
16153
685
28741
17396
25392
10134
24902
6139
7996
17230
13767
23996
21872
5777
13734
24428
443
24030
23153
25391
31039
25376
10875
27103
15878
21134
18992
19209
15088
22224
14245
21049
31728
16483
25716
16760
13944
15422
8646
23826
13874
23990
4785
25757
497
32671
6341
7478
19687
16564
28385
20750
2072
7993
26187
26662
10254
30686
31232
32342
29391
27623
11337
6804
27148
29322
25231
27507
9627
6552
13168
11498
12840
14688
23315
6999
18471
8145
18872
6083
28428
30430
147
24936
24767
27175
12506
2160
16714
20437
20765
32256
32469
22725
7382
25973
28117
3050
12865
2798
30080
4332
17005
8970
24708
3605
1939
14323
9720
7534
30120
26523
16019
7461
22830
22341
23068
24370
22607
72
2337
31802
2604
14863
12012
19892
6259
9573
20403
21322
7983
23791
3855
1922
16101
3834
29359
26525
5340
25720
15694
12992
3516
22852
30178
9297
18011
27054
28439
11684
28371
14643
25339
29399
25560
5772
30459
3834
29256
235
15374
25459
30980
4737
32560
30369
23807
29763
32274
9664
916
16110
21520
11789
18205
27976
13155
20778
6593
17321
16024
6339
19085
20667
5696
32114
8390
27518
28394
29920
16766
21135
17230
11054
4966
20649
30411
27539
5347
2668
31764
31814
22628
22877
21542
29086
6898
22575
31101
15479
10505
1089
2951
30681
1446
6247
20057
14804
1953
1261
21153
27566
24893
10457
23003
27969
17918
12401
19144
1950
8890
15613
18972
29430
7155
14798
19319
29627
18020
639
11927
21250
19930
15995
15564
13868
32325
5567
6828
6597
25359
8930
519
29612
28844
18002
22558
16500
27763
16096
29711
11
1708
11135
10644
26009
23274
23112
27629
16043
19099
2242
7451
21905
26077
31073
23887
21252
22163
588
28322
25357
440
31075
262
8482
21236
8577
31357
3985
26221
31998
3977
7714
1248
10617
16355
1015
9712
10452
2927
28856
27838
15231
29552
22765
21177
12282
7161
25003
29880
19349
8612
12147
13894
12411
30597
7255
12092
25838
24929
6494
6038
24532
24092
16170
9599
15987
5745
20952
4526
1913
9190
15400
13813
7999
17406
17886
31255
20814
19376
2408
731
4899
28440
27840
22366
25647
12653
8596
28845
28450
4403
28837
26515
20585
17585
21613
13488
9717
6822
9988
14027
19519
21304
26436
29546
27785
1325
22828
17823
16486
25437
1410
28452
11900
30311
23740
16298
9353
7844
289
18031
21156
29273
31788
16911
11206
19505
25393
17052
20360
7658
12098
12784
16686
23374
19540
13890
4069
4453
9118
8952
21577
32233
9538
27580
10026
15098
5423
19922
30096
21267
8006
9129
22012
20797
30396
5808
17137
8578
1215
9066
24243
21925
27228
9157
9295
8720
22944
21416
10715
9998
2557
971
22527
23098
19440
28363
15029
9272
32737
25726
20300
1698
29771
16260
29619
24133
28444
22814
23284
5518
26207
28483
11007
23359
11288
12529
10153
12646
4463
25794
3828
26768
17681
23999
2705
23354
28884
12920
23203
32136
23194
27221
7622
5434
3191
5415
23120
11739
18454
258
11479
7483
18776
591
16371
11296
7231
541
28996
14137
2571
18104
18359
23635
24994
10877
7942
1999
7989
13548
11390
30292
14113
18943
16645
32449
2067
25530
27739
14438
14448
2564
26016
20851
756
31925
23831
10672
13977
17392
6953
1391
28090
6835
4269
27840
16504
26540
15462
2787
30301
14415
2509
8707
31551
29221
3345
26401
7015
11879
16477
23118
19187
29643
9817
28445
31865
17054
30195
6488
19181
10003
13151
4594
31429
17883
23132
26685
5722
5877
32186
13149
10642
17096
25
30717
24764
21871
18931
5696
3771
15444
8413
21498
24167
16896
1033
22305
13104
31793
12816
9342
32005
24621
15342
30376
884
29015
18766
307
27666
15872
29193
29733
29
7807
20713
21417
30048
27268
13234
30728
15959
6313
3171
18900
9620
31818
1977
3687
14433
5527
27893
22668
17575
10215
10975
29051
28174
2640
13835
19979
7782
26228
7259
25635
21830
22941
29125
29809
6898
11277
31318
7263
6786
4751
13687
17475
10049
11858
11888
15830
12628
16119
13866
9960
28060
15081
27193
25682
13533
16877
11545
18731
24095
7674
29624
15935
6228
17994
3125
32188
1852
6321
16872
14127
10118
15662
674
12207
15928
26560
26934
12888
22352
27770
20792
25852
6059
23002
22532
21780
26151
3415
28418
20733
12293
30265
25385
24929
19601
31405
32194
30451
17412
13081
8815
8287
32169
28589
3691
23680
6463
15419
7443
23764
30623
22088
13734
19502
13982
18787
17993
28075
9269
9653
28750
10215
27871
1242
18869
20593
2371
20719
22515
19324
12051
492
10227
21463
18740
17716
10075
32543
15135
17259
8976
21043
29575
30856
3836
31208
4668
21035
31503
31742
9551
2096
22915
29779
16759
25476
31333
12887
31155
26423
24657
19136
31281
4051
21117
29055
19055
7405
20472
12274
31392
6393
18484
19291
16465
4963
15555
28561
17996
16603
12382
29173
13244
30192
1835
16552
11923
12256
15424
20987
23849
8110
4195
10279
11045
27510
5651
15679
21921
6654
16077
27490
649
23693
19848
9525
26436
11008
21122
4752
17047
26138
5182
25976
11718
29724
2509
31566
2300
2965
19022
7749
1772
8316
5553
31514
7097
10108
23232
7935
21267
9103
24159
4568
20900
12750
26642
24745
1450
1928
6081
11343
19173
5777
18616
4207
1459
19420
9714
30381
31098
7244
21399
10782
24134
21448
20931
16127
31155
23182
31881
8871
16142
25801
19768
26554
15031
16485
16604
8864
19657
13602
2056
27189
30461
10983
25555
20674
16844
2650
21537
26925
31956
2989
31524
11372
24189
26554
23074
21311
18140
8019
19320
30751
10712
19667
24031
5489
25739
13305
29934
13312
491
1015
21216
23978
12969
32709
28568
10330
31833
187
16610
27958
25556
1887
22524
25
5850
20092
30805
31555
22780
5236
2964
29519
14265
3798
5852
10086
18920
15411
5454
435
32342
2094
23504
31766
15791
30163
27149
15645
25506
17450
19645
304
21312
16651
29991
9227
10917
15923
10724
24178
23003
23704
29925
3103
8443
8698
12984
3584
14741
3259
9990
7327
12114
6640
14945
7906
11224
29112
17724
22772
14830
11725
3131
1923
17377
28248
20910
15148
20774
12554
8280
2099
18240
7784
13172
24184
12773
16742
8186
7590
22108
23864
8990
14766
5673
21861
14873
884
25836
23581
26413
27079
21895
23244
18403
18071
639
18671
24728
3170
21925
25895
16695
26608
29429
1163
26440
10816
19134
27715
298
3778
5891
26963
30364
12743
18465
6836
23171
19253
9395
8617
10727
383
8371
11344
31806
26836
12258
3703
2285
663
5993
23730
9740
20752
704
15786
9321
21345
24527
26040
11472
32187
18003
28851
650
465
28292
3590
20260
31629
31477
13061
23410
22018
6587
18305
22994
31907
16593
153
9653
11442
2491
24020
7260
31483
28778
31853
29408
25025
31072
13550
11637
27385
788
14080
7151
19126
18072
6018
32646
32229
19321
1240
15830
16698
21223
5510
17706
29802
32277
25853
1529
15771
13283
29364
9649
280
2491
30587
20148
330
13240
9485
16800
15076
16398
996
3028
20829
8614
25425
1840
8099
19976
4043
1819
16654
29310
17288
22219
9874
1142
1354
27841
3130
12585
27004
30610
25297
28794
27005
10221
482
16161
17724
23514
13796
17416
8965
3904
32430
25845
24986
13738
4657
3690
20614
24906
30565
13002
17070
23359
19844
17596
12073
4371
4983
12500
21585
31624
909
6769
4378
25236
22387
24545
26787
8874
2145
10700
25611
22331
24465
2511
18054
3709
27381
27751
18352
27243
10793
25105
18465
21261
1959
943
13377
7673
29242
30254
2397
20250
10933
20838
12539
22192
6628
28225
9835
28824
17091
24608
6815
2254
9454
7546
2621
18736
9049
7110
31217
13444
17217
25244
19720
29373
22370
23063
27195
12922
27499
22653
8904
17360
943
13090
4040
20553
1309
22153
22972
21548
22898
10701
7785
15615
9133
16703
26854
20811
6339
9297
28659
17823
20629
10931
3724
8919
8991
13499
10942
24990
26098
17162
32442
24370
7652
12653
30760
3944
30982
6401
8637
4079
9430
7579
19216
216
21686
10854
25257
18006
3229
25038
13915
6083
1037
17565
3541
32740
13637
21604
21363
12910
27831
13597
16218
23241
27836
4622
14531
18451
31111
18929
24983
6760
24919
9809
61
21857
21745
8759
15279
31706
9294
1030
24020
6393
13201
20132
4106
23148
15420
19930
17921
8177
11938
16894
19152
9244
18336
28367
9282
8789
11912
4512
16497
7712
12126
697
8599
12193
25927
1530
31776
31071
26942
3777
31492
11080
22793
31502
7763
14069
19051
2533
26642
6448
32412
4340
19269
23731
27126
13686
4429
14899
25585
11351
10612
31133
4945
17817
5831
30880
27294
18166
28708
31339
18645
22983
9875
9400
4701
4132
1497
19977
22076
17741
9035
305
21387
23880
12001
23063
29479
10188
23179
8119
2474
27230
19400
16233
30106
21946
19316
3430
28128
27252
10209
28296
5243
4319
32042
20305
8565
26670
22468
3119
14870
4313
25942
12030
18521
30275
10187
9679
26268
23449
24229
22248
13211
12285
6804
13836
8863
28132
12103
16124
7155
2492
30594
31037
408
13267
8049
26908
27705
29044
26940
4592
13409
20819
8155
28063
7148
16170
11308
32099
11196
15013
66
22478
6573
30076
19712
22540
19146
7390
13799
21097
17857
21014
30509
29202
10644
5737
12815
9248
31890
11837
21352
13266
26502
16257
18561
31770
12590
12104
30251
21084
3566
695
9739
3698
6086
18210
24118
21491
642
17778
22270
181
24624
1226
779
25744
2519
24682
23981
9829
102
13523
29552
31327
23019
26667
22769
3449
3845
20964
1009
19009
15516
17817
15016
23259
11727
17720
3419
3144
16942
7782
3633
30441
1066
30495
15171
4158
969
3485
20210
2548
18847
12156
27261
8735
30201
11291
20179
18628
24667
17989
6053
16026
19245
26897
11456
4369
32689
9222
23962
6036
26168
12931
23338
22027
28310
4702
1021
26789
23763
28108
13959
23764
20003
23681
7607
7065
2584
16408
11214
18689
29719
16308
14192
15600
12553
9960
28411
31005
21842
11220
5657
16478
12039
24721
16785
13094
91
21456
1379
5451
15963
9405
18707
8461
10204
3626
13893
2901
18609
11497
30090
7482
15649
1401
11642
1737
18840
3302
30723
20230
6812
14570
16896
1326
16643
23384
18701
5951
15971
19642
11162
29114
13771
10809
16191
19624
5296
10942
8527
18907
18474
20311
13744
18550
21089
29404
2026
4528
21569
31954
17021
17108
24438
15247
12408
6284
9364
10655
32071
32608
20885
8807
9933
3450
13449
18952
21939
18860
30345
11399
4095
25524
749
22570
31208
16830
28351
30501
6376
1834
29807
11381
19732
30864
22471
14349
29865
24833
17954
9776
28135
23696
1753
3614
27426
11281
4095
9202
19734
30241
21326
8651
30587
6503
22368
19498
21465
29721
28963
5531
30366
17601
12679
9624
6766
2113
23417
18090
26042
30996
30229
32721
11924
5080
20247
23846
12481
17673
403
11199
27152
9232
21735
11475
4331
24444
2029
1054
22828
16015
23669
25991
31538
23548
30450
17921
12595
32239
26227
5039
7891
12110
26837
14667
22262
32318
16183
28872
29651
1002
9903
10550
30027
6528
18747
999
22904
24187
15099
11472
9096
29736
22429
4657
17612
4707
5144
16249
7180
22946
6301
24420
32542
1590
14026
10598
694
26829
4130
15948
29824
18490
186
14369
15212
4217
8756
29006
4682
29421
31473
18182
20630
23533
11651
23265
13717
24959
15457
6087
27041
3939
13791
32272
10688
13396
23645
31465
20860
5258
7870
20218
14063
9603
29980
18502
3358
14083
30137
21330
16520
11610
13881
10121
510
12517
19727
4831
29620
30423
1846
10421
11417
1849
9761
22524
1508
9264
14836
11422
26351
13951
27636
16409
841
25420
19772
7533
16135
12071
32179
7225
11610
21064
16186
30497
23911
8728
18730
8562
26962
13300
28669
8201
31644
7469
30027
26993
16048
29779
5113
4427
27320
30643
7341
17139
26037
32030
13956
20320
10703
3820
6152
21068
26089
23105
19548
12949
3193
21135
22714
484
17559
11868
22048
32652
29012
8518
21317
17077
17228
30532
4818
20409
2175
29998
31183
7374
11868
8832
16987
18918
10783
24667
18081
4051
15197
29132
30727
10927
15581
22865
22184
17275
30634
12185
32005
7430
11366
22412
5111
2064
18145
13195
17129
25264
28651
16377
28739
9971
29030
14074
26153
19654
8351
8570
12134
790
17118
31090
16547
1077
8251
16742
16861
2432
14516
13619
3094
8767
20349
30727
12106
29132
16535
25521
5284
6392
21668
23835
4338
20138
1786
21012
31575
27593
29174
17491
7231
28252
21906
1465
2200
14320
27706
2519
15680
2874
476
28848
3769
3326
319
11968
16676
19504
27541
30269
23661
5464
28243
17820
4291
5435
2880
16215
16203
3767
1740
12014
31509
10223
4260
24364
5711
4776
23171
9643
4024
5107
4427
18330
29784
12045
27732
7102
2415
30595
18180
3511
21163
20121
30880
26245
18589
4077
24161
32330
21358
29016
19403
15185
24014
6677
21818
592
5166
13605
10430
31722
9263
753
26920
21368
4186
11826
16229
21257
27665
26638
5643
167
5061
3971
13106
8413
13674
26633
9349
17014
15656
9075
12697
14214
31316
17175
18557
8111
4254
5166
6290
26525
2444
19326
20380
25043
6695
1078
11546
23722
28916
9753
24531
22934
8229
30430
25010
18860
30737
23255
17875
29537
26082
2258
11486
26005
10893
13629
21396
7120
32264
30861
28583
14283
29367
29920
20175
29746
11559
32480
27674
13480
17406
19947
28548
22284
23602
30578
19399
10746
21882
14751
28276
11413
6914
22843
13891
31620
27747
5838
9127
3899
13010
32520
30630
12156
13975
6751
13544
16413
18626
16378
14094
19211
13593
4046
21573
27535
4180
22535
15642
32464
13965
27049
3728
15770
3570
8311
19055
9053
25021
8724
10720
18041
26982
6248
32311
1464
20502
27461
5136
12060
20576
15690
19613
988
14380
12296
24894
15785
26867
13156
1362
31029
10290
25660
23118
10742
21528
15950
27148
31528
20610
9557
7013
16913
16426
2420
21761
25992
24091
10968
17006
24248
2921
16538
28528
14114
25886
1762
11672
10209
30327
30802
30744
15922
23377
13986
18902
10547
26334
26247
6591
5355
8860
730
29022
13963
14728
27382
20909
28147
9103
12386
23083
8312
9541
26544
26158
12517
30681
164
5243
14527
11593
27033
27924
26318
9426
545
6481
9944
9131
8428
25138
30384
26098
12523
26868
3184
15335
10676
19938
12802
1880
26409
14702
31205
11612
9300
31616
12589
20548
7574
13582
13004
26063
7681
16365
17
32157
31746
18663
17006
19430
18755
20493
6782
19564
14799
846
24646
4526
1656
10057
14524
5215
20086
608
9349
5910
15440
32270
27651
29255
29184
29306
3215
23666
82
20556
2819
666
28045
7359
20348
1273
3925
29687
28254
11250
15312
1430
664
26951
5640
16266
32041
31116
31120
6952
3555
14812
18795
16511
2414
1482
9769
29670
28817
12698
20307
472
31917
29874
13321
7426
21898
22603
30442
25241
21590
32364
26932
30961
30699
21785
16684
31820
28241
2504
4033
11760
22404
20756
14700
6524
9591
22197
30298
9339
15704
27056
7629
15418
15894
14539
16576
5591
4129
13124
22474
13467
8817
25026
2116
10889
30921
19340
17582
18231
28477
15353
19535
10461
22258
31784
19996
25516
20517
21744
13019
13153
1390
27930
21128
27417
11334
22478
6392
5991
28360
26444
23996
1700
8884
6109
29512
11142
29113
9992
12629
3572
22260
11016
32387
15897
5556
15998
7491
32184
3456
5220
16372
5055
3931
2114
10316
32286
6214
32420
22010
30169
5383
10699
2185
31068
4905
1699
6280
20752
836
9717
27624
16939
28798
5598
2469
25548
20818
32640
4265
19015
21904
19703
5613
31933
21925
27534
11745
26865
18205
32307
9486
18774
23142
5161
11257
12653
9687
14333
31307
13389
496
27323
11568
22915
31460
24417
25853
21533
31572
2708
26133
12290
5214
23186
16653
27013
1750
11112
17934
9017
29139
19301
18299
28166
19054
9166
28628
22396
198
22995
11995
12904
30280
31682
501
19877
10541
3707
7122
3381
14659
3876
12112
6544
10737
15646
24989
6460
1397
16439
10140
10398
17777
32545
4747
1040
9382
14883
20450
6196
15871
15886
24702
27783
7377
17267
19198
7225
8801
19987
19822
20796
25767
8343
21027
30107
27217
6273
11237
3853
26635
1635
23892
30922
25342
22094
28548
28573
23702
7310
7147
9274
27529
23188
19837
18387
26133
4148
15637
18150
393
27921
11543
9817
2822
13909
2131
14024
7559
13477
26669
4638
31007
15956
17915
5986
24450
12758
23471
22740
6599
29816
30646
12345
2924
18767
18464
28019
30363
5230
24832
21332
21931
24156
534
22196
28138
11206
24491
21441
32666
32112
29373
11671
14137
3185
5212
3089
17414
5792
26708
11230
14272
20298
23308
29911
5041
18470
13998
19087
9963
26250
5000
19244
8658
14558
10163
28790
730
16466
14834
18222
16530
716
15324
12449
21730
31012
20286
25213
3472
11668
15035
6370
17929
7786
4533
11964
28255
14592
4977
4177
910
238
1397
15382
23811
14206
3381
17863
29535
5985
19695
4022
1144
30880
18388
11876
14496
28885
20840
10830
11563
17306
3115
5129
2091
14146
15225
7825
31102
8647
27823
13279
19723
16900
15247
14265
29256
14628
13798
27854
7424
14427
8811
12290
25427
14036
12011
32263
31998
17386
18851
30509
2012
18842
10734
21883
30125
21304
19488
2302
1815
11362
25777
28257
30698
27699
3742
21438
16552
16568
14604
16308
4421
3752
6190
11962
26923
14671
7530
15026
28801
9932
15031
24770
30381
21628
30026
22879
14871
4022
2929
13994
23856
9913
12735
15616
11444
9698
11113
10700
6956
29987
16880
23712
5558
27056
24576
5765
5640
8187
21401
17295
5555
12771
31596
692
18085
7464
25480
24541
13554
28195
5429
29758
13780
692
7712
24803
18416
31099
4793
22412
18650
8523
4058
9659
9180
31963
32681
30219
24051
11967
9663
15299
8987
24983
13962
31915
14540
135
32239
27935
31173
21479
22836
4705
16136
22075
2078
24372
23078
21861
6486
32422
1212
13337
30225
16685
26942
24466
20720
24565
10483
19843
31781
2681
833
5713
27352
29265
555
32639
25033
18762
20504
2666
6966
26044
6870
23350
25087
280
10206
3080
26632
17601
32218
16501
23519
6429
18276
3387
415
27371
21265
2095
21268
23255
21678
5239
27423
2891
19401
16121
16476
137
13172
16147
29443
18167
24389
28557
12812
21433
10657
21452
31639
21381
22330
32072
15498
23475
21463
25920
4988
12692
11348
3756
15058
7173
27113
1139
24103
29508
12975
2014
24306
25346
21343
844
19554
4793
5725
5416
4749
10303
3062
18201
9418
22684
10214
17784
10075
31513
22558
11015
23632
21145
30916
13536
22439
300
18810
29355
16056
23010
18403
18196
5841
1245
4963
19581
26397
10666
15911
29167
12746
5074
12134
25687
2154
1451
31462
6127
16282
11636
20929
1530
1506
28833
28777
29364
25053
372
11754
20361
23450
29389
4207
3461
21825
15939
2824
29708
22266
28787
18602
20427
21002
28568
10360
3566
7999
4189
20288
6035
15503
27887
29257
383
3580
12885
16204
25616
9659
22532
1472
28531
22420
30126
1370
4119
7052
11100
1493
14178
962
20412
7151
7330
18839
22716
16308
2630
13841
12887
6142
2894
27010
30639
7997
3328
18020
16989
1396
18653
904
1029
29572
2771
10608
7725
5037
10164
32505
11343
850
14311
10556
13356
4604
27230
695
12388
29090
967
28072
10564
15400
24071
9658
20447
29221
31716
21731
20320
22249
1281
28557
18590
19903
15888
7156
11249
7279
20803
10447
25925
14087
31491
22322
3692
30939
28389
31667
7097
28363
2266
15052
14026
5828
7846
25728
15269
14474
1427
13121
3079
15284
8294
29202
11512
7928
2450
19945
25251
29864
11692
22103
15973
2173
27167
29034
21284
4756
1057
18131
994
7094
3045
26180
8337
30428
18
11548
17705
29682
17781
12102
12025
12252
18162
10078
31802
9655
20929
12822
2538
25953
471
22745
25560
4923
21153
12206
31483
5421
10232
2654
5639
4331
25426
3289
12354
8055
22837
6870
14996
23016
15090
27322
29406
9065
18575
16315
17805
21636
24325
3909
28015
11169
13996
5532
17861
9929
26099
7620
665
10928
31828
158
17234
6899
18823
8019
13189
18334
9462
23797
11790
21489
18802
23396
5728
31332
6436
32623
23577
20968
24006
60
23770
30832
22803
1514
6229
18096
14715
7028
27303
28964
18204
30681
16617
14933
23790
25210
31745
6744
573
14019
30142
32663
14429
19213
23589
3284
20633
16067
22277
30826
24172
29636
11218
28886
6644
14089
21423
10871
18083
23688
14285
31378
29240
21080
2036
9113
8173
28437
24415
13997
13298
32646
11213
11873
13083
22397
2773
9921
10966
27135
4474
22163
21855
11429
12799
11740
20023
19010
13309
15782
27346
26822
29362
19713
2959
1635
21916
16200
30958
12782
14150
12197
8446
8839
11875
26071
18708
29308
27929
2099
1986
363
10911
12009
6919
16807
19210
15497
28356
29917
14692
8134
26479
7160
10239
25209
17675
7745
11016
10729
12888
27595
24927
3145
21575
7950
8102
24450
28080
25042
20889
25907
27463
6479
1437
30710
27597
7570
22171
7654
6275
34
10254
9310
25060
9700
26715
10499
29843
14396
19810
13316
31379
12661
16210
18336
31926
2147
26049
2281
30808
16198
2812
26056
32076
23026
18843
23618
26647
32557
14425
18169
3164
18777
2083
21238
25496
2643
18543
677
5136
1690
17871
25121
25607
27572
14022
20658
27955
1485
10970
917
9330
30882
28650
9723
2490
32669
25026
14931
5198
31041
22509
8396
12088
16841
9674
26390
23027
8460
24803
17769
16744
20388
24953
27849
25884
22351
12644
2696
7335
21141
23834
9484
4456
20396
23309
13779
119
23192
32058
9395
22747
29334
8446
2151
2557
28347
4396
20551
5725
5593
20062
15191
16004
28066
12680
16515
22586
1296
7379
19497
9720
15876
11944
30424
17056
23085
11018
6488
30060
20267
3882
25066
548
9716
821
20176
18837
26999
7793
12816
20030
26752
12680
8822
29004
20188
2852
32216
31689
22973
27323
24733
18448
11104
5549
13952
8068
492
17036
18578
8321
21918
20154
27774
16531
8739
29242
14609
16102
24389
26048
25594
6910
27850
12042
11470
25512
30105
1907
31055
29233
3615
4294
1773
26069
4593
19536
21901
29562
1203
2105
12170
23967
31288
14100
29433
10383
18922
26036
50
24282
4461
17217
29068
31237
19071
28556
103
17281
30755
928
15216
16858
12030
2202
29216
1585
32001
20666
31110
28140
29768
26297
11847
11436
23874
1885
22499
12927
21523
22860
20793
16984
21814
22302
6734
19644
32103
8117
14154
25277
192
8401
195
21804
7458
20447
18750
21515
3030
25874
31731
8769
13940
19637
6353
12689
13060
17088
12738
15053
19300
19625
19760
9799
5098
1404
20936
22665
21833
28718
24446
14150
19897
17455
14801
31376
3410
26686
10064
7754
29113
3969
27229
2017
1279
11477
14129
13367
17350
12387
19232
480
3750
17268
2334
27537
19151
30342
16259
18133
30191
5534
31499
23298
12630
5857
2849
25708
2136
22366
7005
22488
30194
6703
1611
31284
28081
32192
17774
8325
27600
23406
8836
11296
20640
17748
3596
5917
2861
5729
16134
9481
22303
18606
32762
3035
4574
1551
19771
10537
27386
9961
10349
6044
29641
4931
17733
14498
21074
14879
29584
1634
7017
4874
27255
16885
6172
24050
22785
20947
31310
5432
24537
25739
17570
17926
22610
11192
27035
17123
3240
17200
26113
25732
17801
6270
23174
19685
20691
26259
26793
24729
26016
6584
22235
27231
2432
12231
16352
7413
23301
26779
20857
26417
25989
23237
24128
20045
25115
16512
18131
17027
2543
4328
32308
8665
23991
14694
11632
23871
1662
2927
14975
29655
13220
12910
13932
14484
6695
17918
30390
5638
31008
19549
24053
17524
18321
16669
6080
9772
28509
29725
19407
15895
14744
21688
3165
29840
20481
32060
976
7798
30669
4766
9628
31360
27047
19564
26213
6353
27380
14594
16228
24781
3163
4609
267
10538
12677
13565
14572
5706
17953
5238
11991
13000
17452
13578
15682
30289
28527
2792
2286
11957
27209
19336
23496
32573
1966
1946
9998
27200
32368
8508
28850
6385
25021
29295
12291
21883
746
14284
23946
27472
8302
4979
14898
25021
1586
15429
4525
17603
776
11603
31762
28706
22392
27029
25291
4278
451
10208
19630
20486
2850
31506
13674
24091
14927
19088
29733
19854
20294
12018
30051
30181
11341
1788
19498
20512
4146
22736
24164
398
17876
21347
12420
2277
27876
1070
5228
16786
16365
5414
16270
12622
31634
9965
3154
21490
19224
6986
27320
22924
24100
25559
17471
2738
3013
10489
22277
18198
9908
23829
19503
21083
26331
4097
3467
25383
3093
5817
7796
10362
7733
23380
31735
14654
28233
26934
18484
8735
15648
2438
17670
1436
11017
995
25062
606
21726
22354
24844
21449
16961
32635
22488
24786
2342
6678
3697
11536
19090
160
684
24597
27809
10834
4655
22270
13774
27219
4054
29769
11631
24109
18517
8679
25983
8318
14879
14738
4512
5104
1159
18273
3936
23146
21029
23194
17340
19592
17020
22727
29155
1353
5849
1804
28476
22024
9854
15799
22697
13998
24064
31257
11534
1573
19950
17045
28941
12048
3251
4342
16404
1209
28606
14085
28314
27722
24544
29020
8613
9793
19701
7285
32656
19486
1222
16390
24075
22110
28974
25745
4451
16045
380
26422
16644
4696
17177
16333
25916
2305
28011
27953
21057
29590
25848
31710
29814
6020
31183
23231
8682
18983
25892
29249
9505
24709
19002
12716
25880
18237
16006
1715
20099
22202
7441
29514
25177
14252
10526
13751
3474
27577
17421
14060
11824
20079
14975
13076
27004
8830
27835
20588
14226
32548
22096
6228
18463
12776
14588
1702
9322
26763
28365
9030
12945
14140
10118
23034
32277
20235
5444
1148
27033
30880
19553
23246
11751
10029
23193
15822
18996
14241
22891
4106
18853
12319
32706
4309
530
5038
30421
28059
12297
7730
30284
32113
5142
31899
27556
23280
30017
21852
12500
20548
11481
13598
5681
18816
8048
13238
17295
16692
18215
25941
13481
23362
13100
27647
21699
8685
8320
15679
32141
6451
4094
28696
23883
7261
32153
10046
2099
14804
7397
27527
14614
310
16089
2716
1347
30633
17619
19956
1961
9840
17628
7683
18235
30652
17197
26030
23705
21956
9459
18947
6892
16407
16464
2599
16401
19249
11682
7055
28667
15949
15879
22131
32594
17275
15137
18048
20832
24050
21526
29646
19758
6823
23515
14353
11754
12063
15539
29715
12940
31361
17650
14690
28858
7407
12551
15429
20200
6422
5817
8693
27075
13316
5553
32522
26832
1850
28985
6708
1616
30979
30531
18219
20072
3844
22701
28137
22910
20243
22211
4630
1510
8781
27142
28356
29886
28258
17964
31324
19990
22836
24423
26328
4181
27297
21738
29235
28375
156
25770
6942
987
18819
19553
3573
22941
14508
15321
24049
3775
10562
15463
24223
6637
9039
12725
12689
28865
30489
22469
23635
5604
8882
25139
31392
21111
13771
8379
24790
7857
10185
19706
17064
32201
21531
25977
12819
20758
4298
14823
2707
26229
4945
3238
7318
17899
6064
28042
11569
651
32188
12765
7698
4762
20665
11686
20918
29426
27946
4650
8156
6564
14568
5556
28217
31713
8562
18578
16749
11035
21636
15200
23094
19815
26347
23177
13027
29990
23959
8970
28940
7140
19698
5241
8065
17536
624
1094
17536
2189
27751
13890
10283
5369
13346
24157
24376
23020
15921
28596
28139
29171
1282
23755
5953
1118
438
11542
11375
9959
5933
3007
28810
660
13155
13219
25736
16350
6912
23710
3943
32274
4906
3592
5804
23032
23966
31359
15119
18355
15103
18663
3445
17384
26477
28336
28702
8226
17754
32599
14368
28277
10905
5424
788
20578
952
14178
5391
11515
16784
24883
21204
4679
17690
3718
11335
17896
15749
29089
2853
18683
11397
13876
6643
21312
1261
30103
30516
2427
6016
16468
10463
29466
16900
24805
25616
29463
5273
15295
31998
18464
24905
28815
4909
22518
27104
8387
19941
18963
8190
32588
15586
13711
11114
3490
12621
26180
10921
10761
8939
32049
25040
21268
30101
28700
19350
17511
13032
11387
16557
20672
3133
24981
10579
7481
14555
13797
27940
8647
1132
27583
5426
4871
8622
14646
21591
6458
5483
22332
27082
30861
19883
3083
4593
3743
14632
13508
31094
18749
29442
4694
26269
31344
22196
23970
3285
11705
4167
26333
16013
25243
31942
17461
29000
20570
28401
21431
18420
5891
11317
5232
6007
428
13788
6866
6540
15869
12930
9306
16845
11503
3016
3696
26896
12500
5196
13455
17143
7320
18904
31141
20931
10310
2009
189
19561
3789
15891
22747
10984
14597
32660
8231
19673
6637
32230
25166
28232
8247
17545
13862
24258
24838
18592
24209
11951
24566
8427
29347
18147
6237
31221
20743
7791
11216
6799
25246
701
23017
3196
28778
9692
9544
15726
4267
26392
18904
11314
28487
2510
26707
30247
30063
20094
2825
22772
5248
8738
26589
31866
14375
22462
912
6408
9161
8249
6722
19918
16162
13419
28981
15253
5676
25975
30165
14253
4162
1883
19957
11046
8837
27077
15708
29251
383
21289
1152
20523
5638
12816
7313
19170
14691
30899
29881
888
31924
22216
5283
24192
32655
17820
18490
4292
6632
6754
14515
25655
23861
4810
5837
18731
12495
4054
14935
1988
3484
29418
23283
9645
7403
20770
17947
21513
16031
28903
13921
31149
14992
17861
12283
11660
8494
24183
1662
13682
8040
31044
28650
23798
18892
12943
18663
14506
8943
425
28238
10644
24847
30697
20459
13538
14071
30207
8322
985
9251
19333
18191
8207
4133
29911
30034
16346
13639
27429
1931
14088
7794
15046
4483
24528
15438
21455
15563
4105
21931
18661
23624
28314
22304
28751
22768
15666
17905
6991
23502
27193
23094
22451
22860
32518
1082
28583
25009
15954
24866
7117
23273
1772
25295
7056
1925
20143
12037
10165
32514
18866
31180
29490
31566
4542
24342
11844
8072
25093
32675
16316
7175
15120
25890
10393
21407
762
29081
17884
26143
30172
24070
25752
17438
31368
3143
23625
12280
12154
12343
9062
20499
17419
5146
4666
13927
29160
31803
18415
317
10947
28115
26092
31030
20040
23853
5473
20624
31827
1800
2847
26533
22368
31037
32174
15028
19267
3745
16793
23780
11289
25133
13
9350
16766
32092
15266
27803
4608
17877
6009
3990
724
28234
5255
32611
8136
28320
14640
7847
8057
18256
22296
16202
30662
5133
25398
27187
5764
12711
5162
21586
4723
31535
15056
9444
26737
25180
2325
28914
6382
26413
15113
4123
14752
13008
22070
11924
20344
22979
29489
16493
1236
2361
17774
14870
4086
9151
21848
12833
23989
4383
8353
20553
21618
17796
5335
11700
17230
17376
6201
2677
20890
8075
5320
31829
656
16685
14753
31443
8512
29405
26249
27753
10444
30602
30154
6417
31960
12698
22590
9736
1597
7378
14249
32466
2045
8054
4939
20350
16508
30385
2742
29739
10989
16950
19166
459
29962
29480
20847
19495
32008
8760
31331
3364
27594
4365
3027
4420
16213
23272
13325
3439
22916
6280
11752
500
26364
31563
32596
20171
12899
9111
1589
23837
14285
13944
18290
517
3191
30346
13384
32409
28344
25626
23013
16676
4660
10376
12082
19382
31827
20719
29936
25567
1266
7176
23558
28599
20312
24396
26137
9249
20331
18265
13406
26705
12067
30615
14508
4748
10304
19739
31958
25135
9784
18636
29751
23283
17524
25796
2958
25967
31931
22777
27405
22751
6639
4892
7852
21027
17143
26049
6339
31755
12796
12993
17112
11473
27608
5340
4277
31975
3019
19619
18878
15091
30576
29846
31874
24857
3824
16521
20624
28536
11638
19532
10892
20471
3555
15754
22146
10049
26562
15602
11385
14094
22654
2709
25420
13733
27858
12687
1461
16030
24194
7914
15787
16621
23113
8127
27118
3612
25106
2718
12768
28376
8043
6192
2966
24751
14902
12059
26671
24856
1953
10022
31332
27060
9561
18334
19297
467
21755
1272
4563
2362
11212
16823
32579
8228
27305
5777
30626
20614
4673
26061
26405
23703
1921
15855
10835
22160
23632
20375
15452
26032
4221
31399
8108
23684
24309
13988
13504
1125
27450
23135
29496
16962
25360
1748
14638
30880
26746
14674
9415
19166
22500
18652
11271
9662
16034
21200
26346
12577
5529
23238
16304
3858
5180
8635
32120
3078
12219
30831
23824
9314
6774
4363
11276
830
22456
5127
6677
24169
14242
31819
13444
21421
20325
32404
16432
11092
16821
26
25987
9194
27514
24688
25300
11077
18632
6827
14576
10435
9745
454
1530
15571
29081
7237
630
6583
16683
25369
21664
22920
24587
26564
11778
30074
31019
9661
26437
16993
12705
790
3656
5748
18265
17500
6767
31825
2055
30655
15166
5954
13408
7026
29990
7359
9098
853
158
1844
15057
16850
8054
26116
3483
6148
23656
28365
14750
12575
26865
13294
21328
11532
3423
9286
30367
15955
24362
14399
20451
24382
12679
28683
12561
25148
29755
1838
1841
24963
29869
317
17426
20985
13632
29669
4156
15701
20191
12846
22822
26497
4314
15617
4009
25411
21232
7401
10933
23069
11693
2326
16963
2930
3318
32679
22154
18153
20706
13097
6006
26135
28875
29018
16470
2392
21669
26419
23509
7165
22671
26150
1067
25517
11944
3749
29588
7941
4900
995
30977
30594
1695
3294
9486
19105
688
18077
17205
3652
23746
19382
29505
21592
19231
29972
30469
12725
16462
6135
2125
3141
4255
25916
19221
5225
5636
19935
12281
28056
17954
4286
23277
19018
28328
21920
25134
32532
3040
31093
31097
20756
28036
28640
23930
911
7634
24050
4999
26841
16098
21049
20878
31349
21048
15865
8780
15486
7830
5049
6592
28741
10259
12033
11744
23100
28273
26979
1930
7955
26028
184
24509
31776
23759
12972
15625
24324
18187
12669
9540
8332
6922
22015
6015
26325
15489
13028
25144
29364
9221
27962
10706
23636
14623
32309
13122
801
4770
16943
18186
13541
4412
30957
16491
20529
2124
6948
7382
26111
26867
10555
8101
7829
9070
22355
24072
26029
12963
14981
18242
8658
1529
23402
32021
31501
15725
20961
4218
29889
27619
19980
30358
24276
21433
12956
18922
25103
20898
9295
11210
11208
27058
12982
23056
31934
10933
32316
19729
8004
23493
32612
29136
2210
10268
21330
21618
10680
15654
12685
20210
13028
3802
28419
4118
20262
13899
12878
3746
6786
7802
15669
15563
22438
29551
28534
4078
10445
1928
26307
12418
20451
8976
24586
26188
14826
29203
15865
5329
22940
1137
22722
23569
5458
5170
31515
12658
19492
1561
12425
1275
13906
22652
18655
18114
9443
29779
13569
24744
25739
5262
8430
30787
18386
14252
28414
3356
7283
20361
30824
18203
4098
9079
14086
2367
18386
6289
15453
7314
12310
21580
6616
1885
17990
27983
7764
25752
25285
7813
3297
20388
17856
12400
12487
14397
27481
3264
29384
12970
27397
12324
21413
6198
26162
28256
28644
3044
18990
15520
28879
14175
26948
30219
3776
21552
12072
20124
2204
21811
29845
26669
13470
17484
13876
15829
3670
10326
12992
22900
26097
1884
13416
1932
5306
22796
2420
32083
23265
32104
28716
9478
19067
3007
31221
1151
25547
3548
10686
29194
18112
31613
20890
2933
7614
2567
29614
9062
9634
9335
10830
6385
30464
8092
23395
19818
29870
32388
15120
11384
903
23348
24981
31339
28521
18331
30835
23760
8576
15049
17105
20802
3015
24157
1310
1667
28107
20540
4088
19403
22195
11401
29260
2655
2173
29649
5823
32102
8330
8581
20557
7160
10589
1710
6704
27001
31136
15580
3844
8229
1127
17759
23336
27115
32441
10426
11879
7039
32333
10837
28888
9643
30097
25714
16130
12518
12528
24674
28996
5927
14677
32505
12917
12283
16363
17727
27079
8918
30504
24936
31729
13222
32009
31751
10125
15790
15007
10622
190
20626
23754
4025
20503
9134
19013
5148
22712
21420
15074
9657
18874
7766
21527
30663
24270
4264
28346
16463
29728
23338
27145
20265
4482
16509
12269
4391
12486
21043
20096
21392
17259
28644
19148
23504
15229
15485
4310
10093
7094
32220
9435
26685
21225
6810
31193
4311
26273
10792
4433
1351
12549
19230
18507
17414
13822
13263
30108
6953
21404
12577
15716
15832
20918
1948
15834
19970
5329
27328
31052
11855
30787
32412
8545
12374
5017
6044
10146
29457
28469
11427
14136
1421
27708
12121
31735
8678
25519
16071
23196
5235
16599
26657
32339
9022
6887
27106
24445
2487
4573
11550
10159
23721
29353
26900
5886
27244
26257
9476
20090
27485
12756
3136
9208
5771
17805
18564
25365
28339
10459
22154
8055
23407
32063
2266
31830
25258
8773
11488
3387
5719
15463
1600
13320
2658
9006
5230
8249
26343
31386
22137
21353
27299
31684
295
20248
29096
12482
23367
20395
21588
10187
13379
14516
12931
24987
10485
5748
32516
32537
10939
22687
24394
29240
31950
10846
13156
13851
7119
2970
23088
21116
17315
3960
1483
11854
1921
25632
13387
30113
12361
1987
8369
5831
21784
20188
16409
6837
25113
8118
7988
23723
414
1838
13304
25880
7023
2746
30614
27576
24161
23466
23725
17663
2091
20398
30141
16058
24438
17049
24542
12276
5171
17764
17842
16406
31281
15990
3736
10579
20975
24354
3618
31299
5039
4722
18378
6862
28875
18723
6880
6220
32588
18160
27335
31978
17337
21780
5985
13904
3373
32266
22984
20353
22444
13975
22847
514
10423
6154
3176
25150
6686
4035
15031
11049
1814
10226
12838
27940
3979
19873
1322
9249
26040
14325
25830
30983
6644
21680
27551
12888
22735
24059
27505
6161
20317
32099
5440
20177
10706
8225
3057
28222
24655
24734
14297
22180
17916
10550
28277
2528
3671
29756
16988
2941
15564
19775
3955
3100
12933
30604
5984
25625
20099
24052
16961
8555
21486
12240
22429
11468
2729
20290
17306
18971
20010
29885
15473
30718
32393
11207
23584
29387
2006
3325
607
24233
29616
22872
4820
23794
14611
23216
25482
4316
15986
11646
28576
22361
16902
22502
8766
13883
7269
20981
19917
18076
4438
25383
9064
7805
8932
31020
16013
32173
6833
23531
6425
16877
15757
25288
31603
26193
23879
3874
15623
4585
15555
12320
26870
31137
31309
29614
6923
6502
29741
2242
10482
2186
23420
14052
27556
28010
26934
3821
15654
21582
27024
6415
32371
28048
4491
9237
14775
30465
21193
6636
13501
21640
8607
32099
1963
7180
24941
29999
3053
6292
27434
2098
14191
2221
25155
28413
14351
7181
19366
7827
25426
29813
6937
28783
20053
11740
10961
3017
8711
12745
20800
29718
32662
23041
2350
24782
2343
9826
24587
17009
25290
2575
7812
6348
16301
5069
24404
32377
20368
30125
2141
3493
8312
12268
23031
533
18600
25367
2184
15467
27853
3442
5205
2726
30329
14235
21399
23017
3794
21611
25298
13693
12684
22557
28514
14104
27668
19122
4182
19552
7438
22931
8578
30123
18434
11385
21712
25097
20818
394
28119
3204
13936
21701
23471
16038
5709
5791
9475
7228
7701
13806
23143
7258
11801
263
748
5023
19213
8739
14066
13242
12147
15112
23870
9261
4439
25573
15949
6225
28733
4477
25063
1691
32600
9863
27383
25885
32764
13397
26009
3920
8278
11957
15221
14608
12891
5909
16972
4840
20222
25322
6352
912
14758
8530
17849
6836
6111
9207
19733
8439
20815
12087
12255
26936
11245
30083
2516
18196
30829
25093
16770
20140
25342
30342
32418
16808
15416
16526
23207
19836
20048
10701
32663
32489
4751
10169
10522
3783
23298
3705
15313
27651
17522
2818
26344
9956
1174
2176
1007
8594
26760
1271
10469
10712
6006
6442
8342
24617
28058
14268
15656
4065
876
26517
14576
23758
13590
32135
6538
27119
15912
6449
18728
23931
15757
26916
23082
26149
13758
31301
10479
9631
23861
5747
20459
9309
21285
30313
8698
12955
3176
19173
7924
23201
3256
24842
5762
18502
16419
26114
27952
18867
2233
3561
14275
19817
21640
8678
8396
390
20426
14747
19581
30787
1884
9152
11964
30146
3954
16906
1910
19207
650
23634
31030
25156
27806
12019
28150
24665
30366
14452
15925
32667
26141
2663
20041
2004
17739
8592
5623
1932
18211
2378
17985
12935
15333
20007
383
2447
10695
983
22961
12148
24039
25163
2324
3920
2437
15897
6387
14351
16239
24611
27328
4399
26044
116
22371
19653
28605
26730
22738
15041
29745
26
29154
24946
29624
19184
18525
32589
25483
6038
9556
23018
20585
26391
20406
32335
11733
20293
29986
22129
9598
23640
5370
14328
31487
13783
8633
20547
22472
2748
19590
4524
4956
2259
12041
1549
19390
25443
18301
10883
25125
11536
31494
14449
12279
2304
4677
32712
2037
30525
25642
13958
22451
16474
8970
24957
32076
17498
32754
14934
9555
12493
6202
14037
17677
25148
24925
5471
1245
29895
1800
4793
12031
18445
28528
11538
30329
31308
23017
6212
10831
7881
19381
18263
10487
13171
16153
12102
10252
6595
18614
9990
9287
5862
10007
2245
3498
7966
28807
30832
1022
28774
21285
29559
14208
16469
6970
3540
16856
324
29641
74
2890
691
5480
27626
4144
28905
22351
30428
6824
30683
22191
9820
17546
3407
10309
6659
21917
9793
18478
3144
21002
23430
15357
15430
19728
16815
6923
9408
21498
30768
28942
9314
1358
13250
12013
31561
10312
18437
7635
16838
22662
29802
2179
15455
6661
30800
3819
12567
26956
12909
22523
8688
7143
20336
5559
4269
9495
19428
3979
12252
4808
19800
9951
9492
22211
5821
2540
16508
12325
7183
2254
19852
18704
31032
16602
24856
23712
20529
4657
18570
31009
21098
5013
32367
12927
31084
30844
18485
22781
12989
7523
24882
2090
771
11877
22249
8722
25709
7180
31369
2737
25679
21095
2999
14253
17420
26205
141
26692
8505
11584
3811
6530
26879
29350
23245
2744
6849
16500
28260
26155
7679
27963
24266
25097
12155
25800
17000
28065
10650
24310
23674
16082
11276
30919
8654
21444
26287
25523
31432
15575
2993
8000
26282
17113
11510
28883
25618
15740
2233
3526
17093
11783
2421
11194
17066
29259
32006
27439
9242
9177
18187
20562
3415
30578
4752
15893
26969
12479
18154
10117
9169
32322
17377
27481
26216
20877
10517
3526
15175
1970
11418
17563
14557
30202
17638
2441
6876
11994
10733
9922
27781
4898
29066
29127
10278
888
19233
10362
28641
17925
7811
9339
17326
29806
4625
22705
22691
1542
15397
19751
30068
19010
941
3354
30774
26477
29721
15184
26984
12700
2168
16555
16435
28133
12765
18685
15345
21964
7432
542
30445
28414
31554
20796
5737
2882
21129
29299
15334
1196
6381
13981
7071
2579
7994
21356
23639
4038
3799
31158
9300
14459
32494
9743
30636
19080
25805
24477
19391
1366
25485
22824
29701
27410
16113
10353
19466
21157
30096
1989
17078
21991
17975
21969
10962
28687
9353
18360
29896
24687
24808
355
13738
9566
1945
2073
8054
9077
15138
17231
20121
19710
3575
32705
4273
23977
8022
10433
2199
32385
32624
11215
21405
26143
7881
14955
5140
18717
19681
24103
1298
11982
2580
4864
31602
32300
12479
23534
30747
22290
14756
1466
12166
2988
8080
3088
10874
20011
9787
21717
25626
26301
2159
13754
2338
1468
20844
30738
15470
1573
25996
20193
1212
13389
32291
29493
18354
27855
7337
23225
30243
10185
14619
15495
19854
17480
12190
22590
21223
10240
12646
13140
27290
1857
15574
16558
12750
26918
24808
9838
31974
15376
20432
5645
8014
3666
1244
27305
24692
16174
415
416
16916
15361
26190
349
31673
7610
26986
626
20353
14992
29343
20199
7200
32757
23789
11218
20519
10437
9221
24872
8839
9156
246
29651
13392
15943
14856
17925
32703
26417
10728
4555
14456
7713
16902
29157
272
25322
3132
27861
6606
14660
28592
13878
27827
5313
15611
6735
6839
16642
17803
18408
28246
6698
581
27740
22347
10643
3439
22000
21404
31424
29646
4195
27094
15507
8459
12231
6298
704
27484
15759
24408
15234
608
31720
17499
11661
17738
29517
31750
4675
17473
32341
5469
8234
28935
18384
20423
6558
17113
28435
32273
13251
20887
18064
6839
27070
11301
24746
29023
4133
28177
24263
423
15539
22646
13990
32544
22081
29216
25075
4762
24817
29424
11288
16547
23213
32386
4695
6474
15312
29198
27157
5417
28706
18828
16761
17314
23562
24604
11830
11880
16895
4004
32421
5697
7232
29627
279
27915
16069
21446
21865
12541
21877
30816
31961
3376
4761
28672
7191
25438
8593
1749
9120
8937
12741
30197
21063
4383
11743
3511
17940
26300
29496
24413
3922
26288
7567
10743
31204
21027
15105
3716
216
23991
31797
20313
8255
3085
13528
7879
31035
4490
16457
16632
31833
9563
7829
1306
3617
25526
23973
22975
23020
9571
8886
132
18166
28796
26634
9457
17332
26225
17117
23201
23400
21326
17819
18083
18930
16961
21072
30751
489
15191
29024
13373
22762
3718
120
14658
20016
20464
19908
15613
8037
26982
29539
10849
8120
25899
1816
25203
1328
22011
29250
1127
8256
76
1550
261
12699
10452
8171
32082
21065
11339
29246
18541
8699
17522
17751
26807
12188
7764
17572
1078
20520
9676
11301
10300
22465
10823
27168
13379
26880
16587
2326
27676
20105
1849
30197
30025
4834
11471
30351
17319
19077
25584
25675
14672
17459
8488
32539
32191
5004
19307
27822
20533
10717
16797
14310
22876
28985
22872
25740
16426
7627
15081
27459
1545
10602
16027
12730
28213
11630
12089
21286
29797
3778
5582
19696
5805
12347
29359
25514
30371
7976
1979
21576
5569
28203
6114
9613
12554
12871
16356
11715
32752
22073
19547
8367
23158
14348
12540
14788
2706
17640
1306
22167
19669
1835
10603
5523
17485
23226
31503
19694
26027
15258
14286
28123
7585
25274
30626
10242
13966
9491
24437
24877
16733
18675
28971
21828
1450
17814
7395
29307
15655
8439
30586
17866
7743
24549
14929
2974
31225
15449
28753
14542
28958
5639
29740
4048
1182
20787
9189
5677
1328
6086
28050
32306
9785
12449
6497
22760
14319
24881
29913
9287
19646
3396
17250
2471
19947
2331
6152
24695
17271
20928
31868
18737
21318
8090
2395
29837
15232
1854
21427
27382
19512
7304
21444
26682
9291
19435
10499
8069
13707
24069
24421
31632
21533
22902
6617
12054
21792
14067
17942
10632
143
7062
15768
17409
23145
3448
30693
14972
1807
22146
12821
17733
20205
2432
12177
26285
1372
23927
30747
16642
22215
21305
14095
2238
16909
22838
8168
26367
16679
24981
31749
24631
25867
7812
17838
4901
26832
22732
29778
25604
18
5288
24082
26626
25752
30935
21124
9459
26420
11248
21168
31047
2027
7158
2655
16441
22870
25644
28310
1610
13128
17706
9565
25070
30898
25393
6852
17541
29891
16060
26408
22412
4947
6999
27315
14869
30849
18612
16930
12916
15259
508
30923
10300
18751
22371
7134
31338
12480
22015
4843
1503
24779
25050
24996
28692
5963
30278
14053
2569
2185
16496
27889
24446
408
18488
24319
18022
2544
6976
14325
665
18521
11843
7795
20937
12043
26793
25107
29623
13075
3672
3567
678
4856
31692
1124
12304
28831
26730
2070
14745
17004
8977
22068
10817
24490
31987
13822
15325
11309
22179
8580
27848
10037
878
27568
7638
24982
30447
1926
19593
7958
28894
21675
15752
10007
6953
5412
11084
2166
20038
28769
19741
21682
28615
10106
19005
5713
7983
24248
28003
1663
9476
8279
11370
17913
22565
31882
22603
7465
27998
27328
2377
1938
25914
20518
7019
3695
3096
20333
20271
13975
16513
17869
25213
1444
29625
6474
13786
25172
6292
15414
20958
21552
29835
2551
24808
26219
1807
24842
28944
12812
31518
7752
4701
21328
22291
23912
9529
20041
24258
8902
27937
9932
23492
21090
15265
12170
16400
6188
18304
21629
22219
9599
1080
25734
30562
26603
3496
7764
28373
7479
31757
1159
4950
26790
13359
15637
13842
19834
2008
32749
26447
12983
14986
22747
16567
21545
15985
16556
10739
17576
15767
20882
19324
26011
17239
6858
9134
30651
6676
22395
29215
10522
12587
3298
27950
17507
7973
21420
30175
25955
5170
20643
15846
22216
20691
8333
5121
32041
29910
15185
19083
29511
14983
4700
27727
15251
29221
28227
13210
10992
20883
20394
30612
28857
27728
22372
975
24582
26537
31196
3617
24107
16173
435
16047
6786
11618
9642
32331
29547
3254
13763
32512
11408
17592
9123
13034
23150
6024
27195
9547
10001
25484
6311
27100
21534
11621
1110
5729
7703
1570
26220
31360
25819
8627
26724
2515
15724
12704
25594
11324
20725
22523
23112
26745
11532
18067
26159
7416
26932
24170
11768
15084
17830
25449
6203
14240
10065
6227
18432
10251
5407
22264
9253
15014
6778
30891
28160
890
13071
8949
11076
20093
9169
19595
26409
27678
25921
3710
3783
11295
749
5554
27843
31395
5175
18577
2094
21384
12888
29952
27306
32758
4005
6802
4559
21048
5136
9468
4045
21451
8945
10954
8018
6581
28167
1104
11950
13080
31161
20194
9781
26119
13986
12360
28132
11928
21581
28268
30280
13371
12605
12118
18588
10570
3121
30042
25138
18657
23206
11152
24340
26351
26780
22149
14314
18061
9629
15664
5918
10895
17148
7720
2367
21593
1883
17684
3235
25845
31599
5218
17489
21602
21512
22332
21021
29486
15691
28599
7189
10823
27458
13646
284
27918
5016
6032
16597
4525
13469
22805
6851
938
19856
30390
26798
1213
27678
3837
14408
28639
13094
24027
10256
12964
16063
8345
2935
28874
2428
30225
6721
1554
14063
3870
12079
23118
26475
17233
23003
15292
30990
24038
18403
13202
23039
14070
18761
2266
20469
27886
29722
25984
22777
21055
11086
20906
2412
25431
3312
31047
2891
22737
2943
28651
8882
10728
13971
26330
23455
4914
30403
2403
17657
30091
16583
29551
23761
8526
986
30297
4583
25036
22370
8192
32368
23798
11219
14363
16406
7005
721
10189
4417
19549
29333
32634
1941
6804
30865
3800
7100
9369
24407
17225
24165
28139
15287
16488
32396
23592
17703
26337
1276
5248
3433
15751
26899
19816
23399
28832
25286
26771
11618
23427
7652
26910
9803
20582
12959
6667
27249
4721
1864
30960
12125
13847
32602
14576
762
23461
7098
29163
3578
30747
28733
20466
21876
8252
4715
22270
16338
2529
25987
3809
24810
14226
26559
11132
20843
599
25816
1331
5499
30156
12749
30110
22174
12916
21985
27777
29914
19023
17634
20735
13081
19375
3761
778
718
28231
10239
4382
13019
5765
12373
30255
1459
8994
22871
29664
29371
14583
21321
23797
5879
274
25298
25611
6370
3337
1024
17030
925
21902
16013
19404
23884
1860
3937
16561
31934
4561
2903
30513
25164
11573
8004
10853
6147
18778
4406
1712
23813
7147
9977
17978
8236
16490
5600
29087
3569
7805
8129
6376
13708
2697
322
6330
2397
21634
5459
16333
16011
14594
20988
26784
20459
26776
601
23403
10275
6498
25059
3158
14095
22238
31984
2536
30307
1021
31358
12226
8594
17273
13100
29069
9455
14953
14729
21041
2066
24851
14225
23367
22398
22017
17781
10450
20865
26455
7579
23849
23131
18019
20966
4408
31650
6518
26167
5352
29412
24562
29748
5084
5007
23717
15432
29278
14
31317
18410
30361
32309
24220
291
4616
27359
7927
25418
24366
4309
19481
10515
10120
26354
18309
7112
1472
31109
5979
26581
30755
759
11378
6794
30549
30638
20136
11549
25923
2352
9078
16622
26714
25740
712
28943
1783
12278
3595
23812
5918
2993
15751
20679
22126
6706
22511
11792
15956
21378
2102
31442
26752
10212
1445
14601
6037
13752
555
27571
14373
5791
21236
27932
28124
2016
1852
31327
251
29194
24934
6186
16392
5083
26184
13505
10692
21601
30410
11078
29534
95
10159
3127
16102
30450
19378
20280
5636
2420
25557
21011
31978
4769
27126
18685
12679
2296
10659
1051
27390
4196
6959
11844
11606
20252
29957
26889
1395
2504
26429
27122
16709
19173
13677
32011
30783
6506
8898
4255
30731
684
25679
11844
27004
31615
3492
1303
16836
23710
11171
26953
21479
32333
399
27867
5743
14140
7270
30117
29026
17071
12401
29853
10353
20956
29977
8790
13682
19604
29436
25799
10000
1318
30784
16974
22465
25473
10023
1525
4345
19352
21220
30963
28318
17163
7854
21878
5819
6659
4882
22175
6520
7005
7565
2510
3402
2060
11866
17697
15207
25016
26761
26423
28797
18603
6225
17466
17827
28910
25511
25628
30096
29359
26895
30240
4618
31206
16563
7581
11682
6457
5042
31743
19871
17436
15802
7182
14392
13372
11481
8819
29446
15902
29584
26487
1464
22787
16682
24079
21769
24080
13387
27670
10735
17067
15308
6105
14613
21032
31174
11992
16012
10917
23789
18891
446
306
25632
20964
21923
28982
16446
27476
26935
23310
18490
26896
31787
5622
29554
11733
19418
31021
20028
7785
19584
84
7362
2341
678
3863
8209
9904
4321
6160
12652
6157
19900
10984
10214
1496
30195
11712
15408
17612
20194
17871
24239
9097
19772
13132
13265
17812
5120
9358
10914
12192
24489
17522
24986
26892
12710
2045
19897
22188
20489
32578
22487
13004
28035
11654
25653
18034
3472
11427
30807
18404
30959
8106
29462
618
22101
14540
2801
11093
15202
22139
1700
2112
18900
31692
25596
19094
11515
10272
24809
17493
2925
20995
6869
23057
16634
2388
14388
22075
29922
1191
20572
419
24646
7655
1431
9532
22749
576
1399
22815
29672
6459
25450
17619
21864
26411
398
13516
32654
28361
31687
10545
13939
22043
18702
16867
19465
21146
1804
11194
26706
8339
9191
29458
8655
2510
23132
24454
31292
16238
13326
15611
4986
2840
1565
13793
12493
6999
7163
8885
22599
28479
1147
29386
10372
9553
13611
4682
13976
12703
30692
29047
2118
16177
22175
4407
32371
16550
31114
14544
17369
29726
11100
14576
5120
24152
30693
24560
28266
280
6377
857
2574
20684
9518
17064
7433
11630
13780
26446
19599
25260
30181
1531
22823
29511
20525
17692
23320
13241
12108
27811
8990
30746
1033
8966
4962
22852
1513
31626
1193
21814
25089
14785
3020
20150
19464
28241
13160
12347
9648
20728
32214
13833
12342
31693
17246
9118
31800
27593
16551
26701
3016
27269
26994
30505
23230
17733
21384
22052
16722
30006
19953
10360
25834
7412
30823
14406
11056
32591
28427
17277
25448
21327
24150
4094
6657
6518
4945
2814
19049
22084
23561
30635
25382
22017
19517
28946
20515
23990
14939
17216
32583
28029
2219
24487
4940
30714
3785
28868
14543
13098
14168
20735
20899
26203
9717
26835
27243
22908
31082
14382
11880
18839
32292
3867
19855
1692
25832
14750
2271
7776
20929
8927
22769
14565
22333
13195
25297
2524
12760
28536
12044
31592
22457
5768
22282
30245
12444
19663
7326
27241
2576
3576
8156
32458
7138
28644
10027
2016
12505
30869
11675
11596
18339
2891
11128
24568
16400
12524
19743
1441
26750
16297
3088
32147
32661
9695
24133
25268
32308
23611
28610
11972
15786
17186
6766
8931
20010
28496
4129
6484
4473
10687
27390
9344
28138
9930
6147
7998
11660
14482
20446
4689
23970
161
4610
4914
16979
25805
22011
17
12963
19295
26366
15638
28834
25205
7621
22252
20963
30373
27802
11904
19504
7395
29105
4614
14972
13221
954
26430
28185
32581
27831
19189
24620
26022
18187
18894
5981
3354
12500
5698
5587
25219
18811
24550
25439
19129
11658
12268
2039
812
25789
28397
2663
30155
30299
30694
18243
1060
6086
23680
13344
3532
10577
16020
25347
13825
30035
25326
23066
11406
25978
24913
5034
32239
8801
5564
14921
11958
20836
14060
30029
9773
25779
13858
22916
11325
12709
19494
21030
32398
16719
22412
5639
16624
3926
28726
32017
19706
11009
21530
18930
9456
28306
4421
15378
3562
16599
4384
32200
5427
5372
26867
17101
1264
7331
5031
10993
3074
24630
30928
15628
7469
12668
25835
3640
18809
11371
22243
26941
6616
14910
18139
2637
11274
19143
18983
17138
5822
14341
14491
6724
22778
2041
14089
15711
22716
182
19205
21524
13538
17080
23531
3551
28231
23926
17700
31513
11311
4666
23972
1647
8165
14641
6327
8851
19362
31934
9214
49
12465
24340
9908
24613
10449
15876
1590
21995
28379
18707
21443
3671
6820
7632
18304
28294
5157
32357
27839
7956
16857
22123
25472
22415
30311
515
23352
32300
24961
2850
10962
28601
2060
20780
10740
979
1921
20165
12163
8537
10387
29156
22889
30497
1298
14888
406
11497
17679
4464
1092
8336
14145
4774
15232
902
18599
13019
21478
27777
8047
153
24236
12657
23831
28020
17634
7607
19410
21987
32759
22673
31533
15182
15232
4057
4082
25704
17461
15088
19276
22463
26684
2549
3373
25746
11435
21818
21997
11746
31816
8440
2868
27595
13203
2369
1049
22293
11782
10807
8331
29447
14491
22652
28656
10619
3471
15849
11021
27960
15717
11907
1318
22139
10543
18858
6246
28119
29193
15252
29057
6463
486
13050
32407
24418
4495
24337
25948
30007
20456
2492
1142
18904
3701
8704
9254
1171
5918
19128
6699
10558
3887
16778
25827
22220
2979
12825
436
21534
15010
18812
682
24347
17992
7664
10081
29187
21672
16073
32038
29440
18705
175
19033
511
10896
23046
18709
22717
21429
25518
29972
28965
20378
20973
28876
26073
2082
31145
17886
16655
10623
13787
1201
11678
24311
16704
1882
15960
19687
22610
23488
16283
27656
14198
6397
18211
10737
18807
9223
30242
29405
6707
10127
8595
2223
24980
17193
21707
19251
15042
13742
25169
21927
23447
1758
30447
5498
24660
29770
25353
15955
32658
9586
3630
16213
14971
27434
18669
7586
23865
3650
28906
22557
25519
29029
6961
14453
5735
2626
14537
13663
29644
30186
27021
18978
14746
11385
28983
26457
8850
6137
702
24820
11378
4739
21986
32129
31268
4007
15108
2730
9782
29967
8508
6910
6538
26206
17062
20724
14927
2142
27388
23340
1839
32603
3178
1529
29386
11466
5789
1565
4964
28719
17438
24787
31450
28477
20958
5395
19163
10558
21778
27153
22868
22965
9024
1799
31020
28226
154
14388
15154
5063
2188
1316
15188
7881
1169
31795
19985
21273
9546
22349
8753
20147
20945
24055
10931
7142
331
10387
25863
11957
21180
10463
20349
20862
22304
7104
9214
17625
16823
18494
11002
5827
29344
12239
15009
29948
4009
5080
13910
32429
8038
29809
8800
22862
23168
27753
8163
3271
10064
3721
25871
27349
29612
10269
1432
1456
24833
3249
8038
31211
30370
20249
16269
3995
20064
2996
4991
30395
28507
10225
14977
8911
19224
11025
19291
2504
4307
5167
25172
18984
19222
20862
19293
31846
31626
15571
7309
13204
10510
16739
21709
28991
5126
3789
21205
4247
1269
32091
14423
27855
26959
1924
3449
18119
12936
31926
14473
11753
11121
20819
7660
28753
14276
12282
31832
22064
12797
12295
22852
11378
23404
21853
4508
25246
4745
15715
25272
16382
17287
7500
32655
29697
18220
30108
1576
1501
9183
7911
26962
26488
25859
5084
8853
12169
31875
7299
16488
16122
25262
16067
9380
21906
26694
6183
1849
22992
28371
1250
4384
22554
31549
14352
9105
32023
22170
10558
8053
3929
12613
31533
16670
11327
31792
16339
25654
19481
27771
15779
17397
20878
23877
6670
2967
10299
962
3402
19214
13981
10637
850
9204
10033
24896
20014
17091
19673
26947
19828
30792
9858
12513
12047
1877
17924
13217
11583
31415
7753
7891
28129
5991
31922
30057
26353
16133
12726
9736
27725
22145
11469
18271
19131
1308
3980
28344
5166
24463
31761
21708
325
21385
8865
15580
3093
26463
21136
20989
10280
8703
4705
28340
15301
12071
815
706
15986
5076
4940
2881
8376
1788
17447
20720
24870
17023
1907
24780
29337
24668
30597
29408
22458
6176
28414
13149
6087
28837
17323
8685
28823
14840
10409
31557
27096
25499
31693
24825
11676
749
578
13205
18964
7654
22644
21225
16538
3591
6445
14500
1525
3985
32766
8485
22489
20726
2785
13965
2990
5773
24348
29209
14994
18057
30057
10159
28321
28972
20819
28598
13684
10552
18403
25387
15335
16551
6524
24049
22304
15771
25348
15209
7885
7064
10820
16707
31916
11505
2450
11412
21841
12416
16045
5416
11812
28570
8424
6937
29865
30786
17035
4768
19204
18333
16758
8748
32188
30887
2823
1713
1727
19235
5950
29251
16806
5848
24351
14563
13627
32506
4696
16281
5688
31207
20516
25027
26450
276
26479
16556
23158
32070
25147
12640
22355
17157
24642
15551
19224
13133
1245
26065
9599
21640
31780
10841
9994
30649
23383
29101
25740
15866
24701
24004
9196
4648
21834
12945
30246
27357
6470
18319
12946
26782
5932
14238
14185
9302
10640
17165
4997
16899
12997
6136
32104
7088
27646
29908
15232
6307
12211
22856
25002
1239
17223
14654
2036
31917
25575
26171
24231
16606
6837
8939
17285
1716
7206
5377
15439
6266
13992
2366
31370
23089
5257
15822
19587
1668
21780
9947
8081
14334
16637
24925
30618
4731
7679
18479
32728
8412
26051
24424
6365
15103
25604
2536
2005
2031
32753
15665
11020
28759
13522
10105
22448
5437
32239
31741
17623
7916
14765
22935
10179
30770
18427
32659
25957
18892
26604
17599
32033
18975
6309
1217
4305
13609
378
30637
11788
182
9556
10199
15528
8407
25942
31206
13949
28816
5824
31530
3180
4817
12307
27184
23713
24487
20854
11667
24084
12724
11352
11540
9558
10205
3671
16621
9866
12098
4960
11107
6321
26995
17176
20635
7724
17121
7547
8366
22139
19858
23235
26623
15691
13337
25228
31181
31408
22726
15925
26884
2223
29978
2697
17241
20991
19837
11423
661
11792
19763
19966
10289
24141
7821
25605
14116
28831
4956
18059
32761
11058
29099
6594
29476
25979
30894
3937
28054
29306
12789
17154
13199
60
25317
13768
3508
4261
12905
11590
15457
28524
22245
31132
13632
18791
24684
26339
24347
18697
29490
24012
16366
23593
1604
30595
20801
1796
31350
2266
28340
26758
7581
26787
4828
21445
28159
30045
22093
8911
12808
7700
25848
9893
14399
29314
23992
22663
21368
32378
20519
12402
26442
29831
19638
17640
6339
27600
15101
6127
30555
13630
27215
13660
12839
3041
4242
1617
11599
9360
11085
32261
3010
24784
30467
963
296
10488
28864
15926
25
12690
5617
9187
6284
12291
22136
29943
6802
17007
27904
579
20804
3799
4494
25989
27129
23940
14937
3817
23485
12969
24284
19407
25343
11076
28969
10959
25994
8517
384
24826
21175
23282
16416
5219
21472
18826
20829
12255
24855
6952
10227
9224
3608
9195
22938
14728
9085
25172
8667
22676
22577
8943
1825
27062
16167
1846
22035
13264
15692
29618
26401
23390
7098
10595
25181
26363
2606
3682
30093
27943
9660
27077
12414
20295
22465
5827
31643
9709
8474
29465
23741
16986
9619
3243
32325
26945
2978
21103
11369
10958
1110
19591
15563
31719
3978
8109
5200
29874
20574
24532
16175
22615
1512
30220
20296
18951
31782
7591
29880
21309
2359
15514
1194
8003
27339
6950
25199
4089
6105
16055
32466
4050
23184
27660
24997
17695
18063
5272
29088
2704
24408
13096
28268
20727
770
23495
20730
20048
27951
734
1561
7679
26174
16288
14152
13912
29378
3493
5576
22372
5938
20949
23542
22242
994
9864
30936
28045
15665
13036
6646
27037
5124
4518
1899
27280
628
2748
1595
2602
16580
9394
13543
5819
9878
20723
5695
17056
11358
14195
15992
27916
8470
26003
22142
26633
26676
25669
27019
24505
21465
31088
12537
18146
28491
6294
21077
27817
19877
18100
17332
8094
12493
30057
19018
505
7335
6491
18232
29475
10888
32727
18086
12921
12526
10167
1298
8012
4974
8585
24295
14892
20205
15085
24146
19302
5651
31039
23377
21195
4605
10102
25101
9395
6962
31564
21353
22594
32473
5536
29659
27370
9257
25112
23675
15665
9760
6666
601
19637
13688
28317
18452
20333
22231
7723
19880
5169
20806
30954
29320
19581
24804
6348
15853
9074
475
20643
8557
17949
26516
5769
18895
16636
29735
28031
29214
22206
17430
4692
27900
13387
8762
28617
22585
9732
30717
7666
11940
12876
3530
28895
11297
15687
12226
23164
14332
6625
2737
9142
18813
11283
21824
16607
31421
98
6508
17748
15799
31912
12854
14941
26530
3606
20892
23892
1663
30842
8905
2314
13550
10942
23689
20070
24645
15537
22527
79
13539
31243
32666
14028
9410
7851
10821
3434
15436
10274
14046
8415
14704
24693
31722
4076
6388
1567
24455
904
3597
13654
11169
570
6189
30351
29289
4807
11036
5700
5891
29197
7498
10741
20095
24623
20580
26221
11531
18674
18469
11078
4967
19303
9071
26543
4249
25803
11162
15469
3041
17067
28172
32544
19183
75
5129
712
10324
21321
27853
18823
3639
27518
24024
937
2377
2597
11658
32737
2043
5183
23535
28885
6638
9270
32220
11229
17322
24256
20027
17672
14996
3846
27043
11361
7450
19974
26668
12400
31537
14645
18817
2563
17153
31849
26422
21806
26078
13047
24924
7056
18811
25624
14675
21464
22874
7826
3808
31368
19591
30612
13183
10233
29574
28897
2043
18335
8842
2608
22587
21647
3048
467
10591
16190
7882
2200
11788
24716
15912
27885
21763
7681
25588
327
9721
9046
1173
16836
24739
21815
18071
32015
4624
24903
25249
1156
5179
3941
16295
10132
11233
14382
8032
32363
14480
1218
28411
18385
11009
23499
4110
24142
13735
8124
11727
2194
27528
8791
29318
10515
16716
29042
12610
4344
9363
24826
22475
31286
7564
30264
15577
27897
11972
6227
7811
5189
26427
10775
25850
17885
23229
28916
32119
16740
29807
27978
24946
27330
22441
2020
7701
969
17155
14530
28656
10521
10675
2843
18158
5696
30486
8866
18056
29990
12428
9737
5688
15529
27017
12995
5681
25220
15849
15887
19533
25717
18052
1842
7495
27807
15363
32515
9770
5421
15346
18605
18953
3896
25622
14257
18417
12522
14336
28458
27932
12004
1250
1621
14183
1246
14242
22096
31750
20877
22829
21794
26231
10698
9486
8700
25524
9968
28223
9919
19885
13446
17982
29373
27381
24862
6756
12996
5820
13948
15219
27225
9469
23803
878
21057
22264
3629
3501
70
29667
6850
13616
15415
23005
1963
19764
9777
6947
1663
18436
4637
31622
19741
16402
15482
25117
4243
5958
15453
4919
10046
8342
22197
18067
5683
2007
5844
28116
3550
27602
20523
16175
6633
24219
27989
22631
2143
16414
12376
3579
19474
9979
18471
15006
24122
19348
24427
8935
25438
10595
2178
16714
6008
19090
10952
3655
17748
29125
21782
6369
19769
5691
6537
850
32459
26133
22149
14333
18992
17141
4345
27300
3186
27851
17380
14811
31524
20204
18712
1212
29513
9061
16190
18653
12145
24718
4378
7295
10533
9442
528
6408
10629
5389
25575
18868
19760
24647
22990
29319
32612
24289
19612
17286
12391
32541
29788
19494
19237
29763
6921
17157
11802
23537
31894
30168
11122
19891
26673
30116
21615
2259
1737
21298
5132
13427
27342
32701
23776
26072
19768
9709
28228
24841
7114
3849
29880
18329
15512
26728
2435
10689
10951
32040
21914
11698
20628
14371
23491
16680
17047
543
11770
2371
16457
20549
4628
1171
7621
30421
22946
4977
31435
5143
28952
23190
27402
10133
27183
13286
29599
10631
1415
8589
473
13967
32657
30541
16191
9126
9388
11798
26324
3670
28814
5592
32665
15659
15590
22933
8276
25700
17215
2490
8336
8941
30248
8367
23269
19346
30098
13741
25721
20077
8825
20944
24007
22176
5575
7021
16543
28746
32373
19365
20334
19123
10995
8762
2496
27338
16842
19362
18947
25042
28032
27994
28814
23640
32699
19581
16354
7528
20394
17045
20015
14848
22433
29873
12314
10437
22019
184
16573
31221
30053
5372
10991
19357
16368
9746
6086
19980
25095
14050
9819
27783
42
26362
4301
28222
9243
15144
8841
9087
1343
21575
25544
29482
12358
2137
7769
23653
21007
4566
8096
16528
10693
18756
23519
2428
26191
7432
22196
32727
29415
15228
29923
26091
30472
9025
6998
10889
3470
3543
16226
18495
30489
26730
19532
9425
19378
20207
524
1255
28593
15728
12624
26628
20445
27556
30916
24759
10454
1731
26513
15637
23984
15768
10531
4966
8673
21208
7728
1823
31325
10674
1782
23057
23039
167
8900
7647
23851
20124
26811
6581
26802
30254
15830
14391
12277
17221
19496
4536
26190
26348
24421
26285
8107
25952
27300
7777
9340
10854
7011
7658
15568
14306
7628
2907
14010
8870
30263
20795
11258
20872
5103
30262
19161
12983
313
7443
9813
23375
21650
16614
20862
17706
18233
391
18976
7930
5357
5186
30370
25236
2296
11472
15150
9615
23660
29318
27155
22542
18861
21965
4967
26074
31023
22994
30704
28084
11137
9855
9029
745
17547
30377
28976
11558
7188
13963
599
6798
14215
26227
25627
14346
20726
5563
28609
9184
20319
2555
9423
11912
5166
26237
697
23995
16900
26609
9661
9676
24759
2146
11020
19771
666
8041
8234
11912
20222
21153
407
19525
5624
27226
3247
27503
20837
24210
26831
10238
14124
12321
27577
14267
16579
25139
32058
20306
19445
10235
24074
23976
14562
6822
22003
4462
10567
2958
3381
23799
17663
18097
5418
27718
10186
22881
25638
16748
23630
12605
18593
27409
2139
10079
6040
2384
11891
19415
6704
5320
10378
1368
32413
7151
16394
22834
20546
27306
1818
28544
15129
20507
22304
10147
7766
30394
6276
20719
12871
680
14264
23459
17791
27200
27509
5663
21811
15598
12359
19025
1252
19524
7499
20337
14654
27466
30263
25582
23105
14358
7836
25512
158
9117
21096
11871
4708
11209
18351
21099
4827
31692
7595
20398
10672
26291
15617
1736
9555
28734
3397
10377
31902
22511
9153
14764
5047
23137
20338
32450
18487
7387
9812
25708
2188
30501
30688
14285
31388
3994
18642
17215
30122
32127
15407
9029
21374
26003
3463
26562
23744
17639
119
21864
21670
24048
26995
23410
26575
31707
13250
4502
622
32
2250
21045
20906
28250
31886
17622
29765
27222
25461
27858
7804
23658
13645
4176
13615
12296
8591
2932
9282
24722
14565
25556
29763
18544
20457
12332
25421
26209
32560
10322
1324
3342
25735
29036
11969
12517
2428
31328
12456
18468
4897
31884
9497
28980
7948
29880
21772
21305
29090
10312
30881
27879
22934
2742
22206
17815
27820
5952
2042
13466
451
29406
24762
13005
3090
27255
18073
27245
15282
8532
29966
31021
1884
981
30025
6278
885
21091
19805
8271
10823
22693
10916
6029
31122
9463
2911
18316
2371
21528
11166
1327
32643
17698
14688
9348
1523
18880
5114
19099
9270
9883
6845
4505
9137
30741
20179
13064
24718
20282
19562
11377
11271
6899
24341
4653
9185
12669
13678
1144
9014
3610
30721
31431
12408
5895
18277
22876
3251
32685
26028
1303
18450
6939
3838
27023
32677
12980
17792
9569
10337
13605
5242
20680
2921
20891
3770
4718
22412
21298
3123
30338
27662
20656
27370
15371
16555
1139
22291
3196
3801
24744
24182
20872
8270
13246
21272
7479
26306
28954
16664
22586
16630
29197
31703
10876
4341
17155
1627
20985
1945
20733
23286
23507
18770
2881
22050
29602
20515
19791
18608
15628
12013
9496
29986
27543
6640
18795
31829
3258
22671
21680
32099
14394
1107
6104
27847
6836
14643
6548
26306
3701
6931
5573
254
13970
21642
4404
24434
20534
29416
21892
4229
11830
17272
26981
29814
4843
5634
22794
13307
23616
2196
25308
2600
13834
16514
23664
26003
18072
13484
25526
9398
2443
27903
12404
29076
19688
23359
6643
160
1132
12547
9465
14042
26400
22273
11766
31547
2861
27019
898
14163
29680
24154
1287
19249
18001
14219
6587
30851
5969
26599
5074
2302
2275
19559
21489
13312
10493
24311
16613
1908
18158
1659
26517
22519
13042
10256
22325
31800
7172
23956
3517
22437
32755
30056
2202
30788
25016
8052
19875
19422
14855
27500
78
12387
22052
31826
22308
25482
6392
5437
1394
5560
21092
25432
27970
9251
8405
10541
11657
15927
4377
12068
24738
31289
28785
7494
7931
7466
1255
8775
6671
6638
8161
3012
25492
2989
16119
13257
13557
12154
12034
26518
19202
8498
25973
11171
10727
24487
1009
225
23898
23550
14867
3907
2329
6230
31121
22909
23956
6571
12421
24076
17638
12537
32264
18806
23562
24484
5379
7635
3148
23319
16706
29580
22781
29611
17098
14179
13675
25291
29549
2483
30481
17495
27291
8953
14346
16197
4987
24980
15820
8590
26938
25801
14354
29512
19876
22794
27674
17679
11761
22904
8209
15786
27105
2726
23244
10988
12555
21152
19384
6615
19057
21036
28436
14856
31321
847
16989
4175
31320
8467
7434
15517
14256
15496
378
22307
19420
8969
31275
10424
25448
31168
22316
17019
1798
12909
24533
14522
31455
15714
19637
1299
10279
7378
7628
21465
17652
15692
8442
16570
11856
14211
15544
18078
10380
24400
21254
26321
31192
17402
20644
19301
4881
1460
15493
26834
15066
9319
23425
25312
28398
11186
15434
14535
28597
24624
16289
31892
10773
20985
28874
6606
29578
30827
16957
28506
19577
15146
670
16540
7361
3173
7663
16863
7828
30811
32517
17399
27525
19998
9528
17188
24545
17815
16991
23866
18499
18123
29948
29439
3427
13916
29363
30933
21039
27475
14081
15001
14365
12828
2602
5834
15807
210
29811
29934
27544
16574
29074
31537
17198
20762
30819
18256
9312
10010
10972
11957
7418
12077
16963
18916
22151
21376
2974
20245
5734
19395
2156
34
1056
6705
1938
12196
10745
22986
19096
8537
25541
16867
2837
18890
12285
737
29800
12586
5906
24642
26025
32128
7425
11229
4064
26633
28968
1642
17524
8663
20568
2372
2022
27583
19755
15726
15550
25970
29336
980
31430
22506
29892
21204
26231
32520
25627
27901
7345
5755
5792
29975
1711
11747
15233
867
10809
2102
19695
8228
18971
2659
21548
18269
27351
32054
13286
23005
3991
9852
27843
8057
17253
32103
4157
16025
17054
32308
21936
19702
22692
24842
1457
23969
17876
14374
12194
12360
16824
14645
23939
26037
28029
13825
14859
23959
19111
2128
23800
8581
2563
29961
12707
320
18141
19097
11223
17464
628
16021
16099
5202
29611
20129
19182
1513
32513
10384
29835
24851
27331
24013
6798
4133
9089
26105
24093
22393
9406
13525
28938
14958
23019
26467
7776
12721
2967
19528
16699
5819
11488
19317
7645
26779
7469
28934
20735
19958
12831
8042
18789
30796
7620
11461
32693
19580
1294
28562
24713
29835
23172
32397
7363
16033
20792
10192
21537
27988
31737
25404
19985
23849
27849
17434
13510
9048
26770
11778
1675
2512
788
20732
12631
3195
14114
12518
3234
15299
20238
15382
9592
10325
12642
13632
4300
15397
26064
29849
14350
9394
26220
17468
21504
12939
4377
23501
2501
21010
19777
16221
24122
384
14794
1422
29578
26665
30533
18680
17661
29442
25192
18635
21777
6752
21182
31925
460
13570
12701
8198
29520
31826
32089
30738
22704
9704
3255
22998
26370
13904
9892
13023
20150
28941
16935
6504
6950
2525
661
10179
12397
31551
17412
9978
23421
9779
19457
19637
10348
8001
29318
4190
29455
19644
22310
23428
26058
14920
30347
6525
23206
17818
13346
27216
21156
2175
11285
31954
30546
9248
24954
21518
23195
20868
7370
31722
26851
23382
3732
28936
16724
25833
2674
16363
26738
8825
28221
8027
2294
26292
2429
2570
14041
10616
6435
7031
26799
27615
11131
13331
6966
7545
92
10403
21295
26328
14754
229
29036
32082
28637
2422
3371
25602
32587
15603
18594
15888
8452
18526
21467
5682
9333
11972
4546
16243
23823
20509
4989
13108
6208
22388
24059
4208
12195
21576
11728
8260
2932
817
11584
942
10566
2503
20633
28309
31480
10687
19655
5129
12773
12119
23586
10189
19035
7925
17802
6418
27471
26122
22966
27270
28238
4925
23241
19341
9143
22982
550
22222
10024
25623
6278
6642
22582
14786
21576
19112
19297
15511
29192
19693
18246
268
15218
28298
8727
1507
28760
31710
4937
3846
17923
4573
19852
10166
28871
20825
29952
4068
27610
22401
17830
6367
29543
8103
32277
13616
25821
12870
25198
16322
31117
17731
27537
15943
3956
12659
30353
8918
29781
24926
2150
20697
26380
7490
31202
26918
17182
22619
8167
8556
2708
25442
17366
10961
16906
10324
74
27609
21251
21364
22023
4490
26751
3475
3373
15310
31184
11151
14002
18712
30633
30490
25102
1354
20344
29884
23352
16343
14581
19227
1234
3364
507
12155
8864
14133
19608
31617
10303
8581
29536
20540
24596
9269
2054
27238
32386
8809
8237
3046
30048
24560
25723
7834
7082
23075
5615
29780
32118
10255
32117
18466
26666
9686
31160
25811
1773
28498
7992
5302
9051
28156
7836
16037
24189
32268
25929
21570
30200
28386
11315
30081
27012
25253
26867
28007
5280
20778
21787
27665
4229
12823
32710
8695
29272
4680
7539
8306
14755
6257
2579
9084
774
15621
12640
10423
21290
14679
20849
30642
3575
29184
19339
32615
28167
24704
30523
11528
4186
16424
11169
8187
26699
567
29455
24355
12226
19779
7379
29537
10156
3034
8528
2906
15528
20074
3156
3195
25603
1118
24997
13627
17639
20618
12253
13472
463
31945
17784
23301
13886
20708
15404
18458
31921
20662
20089
14892
4306
9614
11136
25255
25070
14037
15640
25561
10665
13809
5151
23544
23281
8552
28430
8551
32048
841
3792
5173
18374
28360
19925
10471
4534
296
11618
4215
27039
27102
19755
8604
27119
15859
291
26444
7507
6826
31123
30847
1906
23395
12649
32055
9690
26303
5843
1213
32058
22277
8717
4397
1747
452
20088
31796
4649
8890
10731
6425
28414
11765
28237
14330
29568
3384
22884
28249
12994
19616
14056
18647
30569
31367
20700
19006
22184
16041
14878
23493
28526
27781
10044
4752
10717
5383
18825
28279
2815
23395
24688
30216
28852
4420
29961
21455
18927
24102
29674
22741
7970
30208
6464
2150
32503
8999
25374
4375
9025
10095
32276
22280
25138
14483
24580
29543
16334
7127
1329
19765
13215
9451
921
12109
30379
7187
26757
32674
28067
20357
5214
31688
861
21522
2242
7862
1924
14601
23767
5066
25999
13145
19423
23309
18415
1013
4621
697
31629
7549
2967
6648
10099
19738
18957
16623
11465
27306
5097
31227
17156
21533
615
8250
9306
14366
12695
10062
24185
29686
14000
2141
7032
2222
20647
92
30478
27508
1792
910
13314
13633
10981
2631
26082
30136
28277
6902
25336
11600
1630
13666
4730
12981
2478
820
27393
1900
998
29110
13628
24502
27984
6362
26342
25016
32147
4990
10741
24536
3205
11502
25621
4714
30016
1963
21076
5260
12152
8555
3359
10318
4876
22624
2157
1559
31194
21949
25658
15172
13272
375
8503
23569
353
25416
3520
3261
1996
5370
32526
9705
29763
10722
10926
30786
16594
12203
13361
29535
20415
11349
17190
13292
20762
15740
13637
15625
9876
15582
16621
24813
14741
3608
7121
7375
30600
31152
31214
27654
26746
14680
30912
22127
5091
6513
19125
15887
10179
21455
14050
12281
5617
1980
16628
15474
7088
29503
3434
6740
26500
20894
22018
6576
20804
801
625
10679
22639
25113
14679
30171
23747
26913
32114
24113
17676
3748
11026
20250
2107
31135
27085
15394
19639
29608
26227
16936
4600
15408
26949
13504
6225
8453
7265
6869
31501
26
5761
24211
12478
5771
32229
13443
26066
16604
22414
32248
25959
4226
22189
10923
1121
23204
16475
23970
17081
9250
14218
22870
5911
3799
1340
30484
6308
11291
12531
11684
31513
22668
32104
27433
4381
1295
7551
17992
18637
4369
13691
19084
22172
6675
31854
25609
605
25701
4596
11840
19102
16689
23585
10819
21048
5564
440
8218
19492
26601
21662
12132
22928
5119
16526
21313
3634
4011
4621
23920
3805
24137
10657
11445
32338
6751
28478
8830
11352
14442
6657
7109
15119
26334
8225
28984
11905
12136
25378
17048
6778
15734
27723
4447
25242
28153
19803
28325
16552
3177
31096
16452
1321
24842
10856
24891
17969
29807
9731
8528
28794
11324
30696
26618
28339
9520
29552
32381
23322
28258
4576
17751
28493
2506
227
22747
9821
22020
30007
26908
17701
17745
5542
18700
15578
1503
4664
30949
7139
32586
15271
12232
234
18786
12051
10404
17459
47
27127
13914
19244
6450
23132
25375
14918
7662
16204
7969
30980
28583
28042
17005
15441
30826
19584
26128
2839
27981
8057
22652
28941
1528
28432
12590
21457
19812
9960
18318
7734
28643
15262
4375
13791
10849
27900
10935
28429
16105
30832
4473
29365
4715
20412
20065
19158
22460
10222
6551
2313
27614
29843
14537
15194
18306
9000
7370
9046
10699
10961
639
25445
24661
17486
6907
5722
20598
24106
32489
1353
9667
8501
28970
28568
18902
6453
13504
6489
2383
21977
31211
5079
2585
6126
9873
29807
30447
24277
32227
28066
1054
27189
27454
32360
12684
1005
29775
11206
28153
9805
5755
30882
32645
21125
4990
4055
21874
11101
29010
21637
10028
10279
12626
19626
1158
29682
671
6647
15175
19713
29635
29916
13797
30844
26516
24038
14224
7780
20827
31050
6514
8652
31798
18626
27958
18759
25019
14231
10439
19357
21470
11519
16218
5314
32277
6314
19374
22280
442
11672
12178
15507
12720
16173
19625
19725
12617
29831
14954
23452
31335
17935
7530
4369
3810
31054
990
26211
22826
3843
27483
9051
46
22386
21473
13712
12924
8446
1048
29590
11433
13562
25305
8307
32499
5821
2544
17234
22053
14580
30241
10108
19387
7485
30825
6275
327
4593
19589
11968
2835
576
30905
16384
28168
3204
23242
18555
13518
21199
1612
24582
24629
14790
22564
3977
14036
2483
25413
6834
14320
9685
6845
4587
13727
19963
23797
16522
23084
7761
17460
19272
7358
16761
24678
4853
26933
2269
15900
12138
32597
24388
24275
5822
19750
18852
1657
17597
18586
27191
557
30357
3185
14801
19527
20179
15450
27505
12696
30094
29787
11798
23539
2274
18290
16596
26091
29089
4477
3366
23519
28740
8279
15238
20020
30248
30788
30267
22754
7927
14223
20083
17458
24163
23921
30609
8902
13851
30773
19656
4313
2039
32410
21737
30920
22646
22649
14457
209
5483
23207
24071
1563
13555
14877
8380
18679
16554
14934
21812
11878
8479
6905
4236
15067
15749
2232
26045
10818
17323
5496
3368
18752
11310
31666
10866
29629
20205
12569
9361
23712
7101
3197
17447
729
19294
751
3087
30629
7342
16422
54
23053
29213
7713
20141
11184
25441
16398
3836
25283
5995
21611
3000
23894
31385
17003
19032
6617
9517
18075
17732
22750
1534
17093
3119
3105
9581
17684
16039
14021
5275
2682
5354
8928
23769
79
27388
4154
864
2363
502
16466
30019
2389
27553
930
28577
32140
21571
11300
14367
8775
7865
2325
14741
27976
1734
20473
22792
24278
15787
5855
5849
28187
13560
17382
20539
5323
2977
5632
13546
15878
20820
10998
17691
7296
5130
9901
27566
11231
27613
24487
2219
24932
31001
13516
32748
20430
2197
28779
8215
17019
21060
23676
30160
5073
1543
27688
24364
17116
6853
7819
29544
3128
5054
32440
4827
2610
12316
25853
13097
8234
14539
23913
15290
13628
24715
22412
1642
543
27204
894
22658
30284
2457
35
26600
30819
12735
16044
16530
1483
18064
16225
7744
30105
25563
2974
3691
25268
12031
4380
28280
310
26296
17010
6706
25365
9528
8412
24183
28674
2170
4922
1073
5265
13523
11868
1929
27803
26058
21116
20311
27873
297
16908
30940
20465
24660
5555
2995
19022
17370
12690
10757
18891
9546
8139
4349
17464
23368
29764
32123
22848
17375
7592
18701
19346
26905
18351
21275
5439
21453
12960
2657
7011
185
9236
10914
17672
11216
21756
667
31047
26069
229
22071
18608
10281
31355
12545
17901
23266
26956
15582
20897
284
5327
28924
23958
32660
24741
11526
27416
12659
24094
5274
18588
16231
5887
16124
21158
27896
30083
3852
15337
20506
28063
18293
8367
9982
19338
12072
27003
16430
19325
23049
16621
10457
24248
27111
8423
5483
16837
23474
15086
14433
18432
13544
16339
31580
87
9553
19090
20084
5967
28908
29306
462
6727
13865
18574
23921
1
25688
17452
27477
6750
30306
25324
10173
21865
17847
32715
3015
26519
2439
9609
9794
22350
22069
24655
14015
31139
12553
21141
32491
20072
3109
4419
15900
23910
16058
2838
2857
30951
19835
32582
127
2424
5970
18278
28273
18156
14930
30859
2000
676
17646
8112
15548
26382
1896
7513
14265
20588
6540
25719
12550
8919
26781
8332
3114
16771
24976
1807
29647
2884
2936
22546
26579
81
9794
21026
29085
30025
8610
7535
29357
30579
77
29229
16759
17994
31593
32313
2162
1593
31297
19968
7020
4259
12862
15517
14112
1318
787
12097
24330
33
25399
8152
19834
6771
28824
15081
10728
5766
31118
5310
31111
24205
4621
14790
32284
14345
2336
7735
30481
20626
21138
12535
30917
2004
14574
5565
20007
6872
27563
19060
6275
5253
15776
15328
8604
10086
10174
3459
5114
21677
25597
6338
3461
1144
13463
26436
16467
29524
11125
11419
5567
6399
1510
806
1979
27763
28823
28725
9319
10527
18368
29551
28642
31096
10139
9585
6239
10928
24858
10680
12412
19909
9945
30657
25552
27070
1618
16238
22979
9010
336
27820
15011
32009
23462
3667
2804
5766
28960
9294
20743
2694
10170
6395
14542
21506
21008
27092
10734
23515
5654
17232
1046
5079
11273
5124
30095
17126
2469
23310
8213
26283
19865
13747
32742
20023
32568
28743
18712
21016
30321
7757
12079
19858
1
32224
19183
15660
4583
10834
4719
9839
9240
25106
5999
11498
373
25555
32747
30841
9466
9962
27889
20679
30520
29432
17327
4626
5
6858
3280
24366
24690
24189
24073
13517
10493
14566
494
16893
24584
7217
21003
10738
19594
25031
30512
4870
22789
29046
1036
9982
8888
25548
7677
26767
2325
9155
10279
545
20853
21412
9412
29138
13067
31013
16570
14014
24342
13524
15731
25470
22875
2233
11497
14830
13523
29239
13312
13363
2209
23348
18201
7933
12614
9850
5348
10506
12824
23388
4981
3052
19185
13468
25499
12811
5668
5772
32365
32237
17077
12404
24869
5813
16073
19764
11058
24042
26203
5930
25224
29306
2609
21334
21051
25855
25358
22460
14156
320
17706
16650
12227
20731
10207
11131
8189
15330
21925
29435
584
26851
22592
16012
21677
17580
30008
23272
6413
20847
20106
10344
7024
9186
31645
8228
29337
12683
11895
13404
28382
21562
14641
4119
27446
9943
1960
31241
13460
8029
24950
24250
31603
2599
2081
17893
946
19051
1425
14110
1699
1028
16072
20920
31583
4724
7885
7142
14684
28969
28137
19744
10561
30975
10518
6089
30712
5895
28085
13838
5
24711
19839
15889
23831
10305
7870
327
24029
30968
7357
31518
18459
6449
27773
4836
8957
31799
22953
13540
31659
17505
24524
1746
22557
14999
21442
15209
19505
24339
16749
18770
25851
30565
20905
2376
24156
15802
19585
32634
22230
5469
2979
21552
30110
26750
28945
16306
14067
4915
13850
28006
21167
32700
9865
6712
28956
22539
7196
29246
8712
28804
20023
29084
18972
20481
18906
19622
31337
31001
9681
9029
26180
22690
18218
924
27476
32116
18924
32747
24553
32112
25094
23475
7055
11201
18566
5147
28132
1122
2315
18322
30630
28896
17277
16566
6672
19042
13819
10356
28775
15590
8981
9073
2000
28621
26684
24233
18788
6042
22646
20311
19078
21751
12119
10772
30580
1273
12332
21826
19485
26276
17785
23211
3891
14770
13478
7270
17280
14992
14837
20731
17277
8106
8375
2758
15137
31720
11200
20129
29687
10872
25112
32189
10099
10191
5107
5841
19334
31722
11235
4727
3440
6618
8269
24274
28374
22655
6426
15989
14612
26772
7598
3712
15060
27627
24350
14348
992
4602
29341
20682
4916
23959
4152
12006
11096
30720
10692
29746
16620
13598
28180
21632
14212
11531
3183
6991
24759
3793
19520
13483
29043
4213
19728
15694
24979
8244
690
24075
27060
15116
16829
30317
4932
3198
28736
23195
3803
15251
11952
10366
17615
2333
3365
30758
21507
9023
8390
27498
29439
21039
3458
24783
26438
25147
22530
19884
1763
28426
5083
907
30790
29733
16903
25809
9294
18101
29590
19618
3751
23695
1185
11775
2134
1133
896
11825
28818
29566
6204
15979
30678
19490
71
30891
6452
494
29291
17377
15852
16119
32513
851
16189
11853
16483
21824
14971
20421
28580
9411
27490
14588
12670
4859
170
26520
12171
31593
7899
2257
20920
6041
1379
23089
11256
1541
2534
1943
29749
14390
24021
10882
5260
3116
21058
20108
11705
5376
3571
7989
7632
22216
27061
8930
24367
31163
26354
10022
21424
14486
29830
16959
20515
3646
30159
3556
31739
26278
16387
32574
22855
22259
455
52
2276
8414
18685
11755
7921
1370
6877
24717
7044
10871
21063
24650
23451
6279
14423
27549
5718
4735
2875
29393
14947
19872
26433
11459
16313
19542
17972
26857
16777
24672
2281
17043
29809
6193
16149
6513
19700
7062
8545
29526
27175
15258
29121
11067
6316
14759
13825
4487
484
2541
161
24974
23393
5383
15330
12375
10906
15580
11041
14498
28899
10436
5732
10281
21404
7405
21555
21031
5288
24828
9641
27415
28449
31223
6346
12734
11337
15202
25879
10603
1220
29608
30304
18814
8709
14269
6618
17959
21511
4610
369
22128
20285
6249
4447
7038
1739
11737
11262
3347
30454
29396
28634
3928
29657
10583
7179
5594
20570
4097
3778
30674
29021
30840
4641
22953
8504
7433
27472
20411
14182
31118
24525
7772
26751
11157
9475
15128
21095
7614
28191
29503
6342
613
3103
23458
9657
24961
21547
28055
25288
15820
16425
30019
32279
5413
32140
13592
4064
16434
24172
25244
13344
30025
24796
24684
27793
29329
16504
22913
24281
4964
17981
8627
17153
21752
19102
32635
5672
3647
7635
17149
25977
24331
19061
20038
17754
6774
26184
29394
18662
12417
25944
18513
3486
23291
9031
24746
12123
4517
5861
32065
14472
2451
25601
10614
25229
17365
16255
24174
14990
28503
22955
5141
32342
8710
17101
25443
17806
11572
32254
7647
19251
4414
13881
32354
27463
21612
18869
22302
10438
16664
8050
24798
20443
20243
31506
3983
2132
15428
17131
4096
27732
6290
27738
21222
30535
18693
602
18723
24859
17959
31317
13640
14766
6577
19258
13912
22658
24419
31439
28623
29880
19764
5449
29410
31036
1707
17178
19721
26941
16269
28938
24507
26848
29112
16009
25976
15925
10831
9795
18445
24170
12823
5366
11284
23358
5409
25216
21946
17593
19882
24893
19141
21274
5695
30607
21973
27922
10021
30654
20201
24111
25335
10755
19750
20891
13969
15583
9684
25862
12333
4017
23722
26593
4556
2952
26955
6861
25304
32310
30224
851
17671
11174
31752
10197
4226
2415
24637
18372
31559
22696
30265
25620
20427
4607
3017
11245
30436
22533
25089
8612
22759
25548
14208
3049
23053
8116
18422
1858
30236
25730
25827
19384
16195
3250
2977
31439
17477
21007
7332
2492
8666
10624
6145
7123
17234
4389
813
24895
5755
1186
23559
19957
14021
3003
15641
15595
21412
5922
5915
21380
22070
8076
9145
14671
2598
15114
30103
30706
19920
7319
18833
5985
3493
12781
32071
19028
3793
21406
20185
16119
19740
15199
18927
26595
28686
13479
1533
20813
6999
15225
6597
22141
7790
32125
26653
19330
18295
29014
10738
28453
23914
30768
22925
14619
1394
15768
25365
22655
6035
18833
15957
30335
9872
30948
21952
4437
16140
20407
24242
889
8687
23137
1785
2836
32267
4221
7060
26040
27904
28221
3258
21583
14172
14338
29471
6994
9223
7209
31346
21308
22239
10023
21802
7485
671
15832
7554
4146
29189
4628
18370
29141
11316
17796
2497
4145
14423
11955
23464
20314
17543
29800
30200
16218
13295
29492
28879
20078
22573
8519
26727
27507
23036
25735
19167
11419
5392
3812
13118
20068
27458
29925
30133
7883
21229
21127
16676
10428
9368
29256
31200
13262
27605
19071
12724
27693
16232
1262
24869
18135
25772
9370
17914
30220
16947
15835
2812
511
26029
29871
7419
22994
8459
13651
20753
28865
740
23317
16427
15262
11799
14692
31684
8829
21682
15145
32756
15024
23058
3162
1706
23798
24652
459
8245
27631
17612
13128
13578
24275
20540
31714
21697
25700
7592
21638
30304
12833
31967
15572
3548
21437
21532
9773
6877
3791
17637
5390
5314
11979
6196
27805
22501
19761
13781
6274
30752
27140
11023
2296
7312
26750
1158
13604
18584
17410
32608
6053
13865
4434
21927
22892
9537
8194
10734
7886
17586
20525
22072
10967
6181
28774
8725
19682
32606
14321
9230
19558
17090
12596
21059
18195
18710
10344
1619
13598
23177
29332
30844
2009
5365
8380
30212
5766
30050
29525
22231
19821
6860
8701
30321
21292
9766
19305
13310
6223
23454
8607
15808
1312
26915
9829
11186
14784
30244
3065
11627
5239
24731
3586
20292
29257
19275
22215
6845
24010
24901
17567
5661
8243
29361
9128
26457
26804
20171
12220
7735
32268
32556
29345
27059
11864
18507
21120
15522
28968
4931
25753
9621
28632
9431
22580
24064
26654
17843
3547
21660
7391
16372
11974
14089
18759
21995
22679
16056
18968
5662
12616
17672
28994
12432
30561
25263
14261
12611
25198
7772
16755
17402
26544
28315
26601
25923
14099
4856
15999
9397
1120
2151
17774
23671
28852
7395
16081
514
10289
26198
23040
29735
2035
8377
10521
27219
24645
14204
5343
26898
10005
32296
17096
24530
11942
23619
8529
21482
13445
28788
3733
15578
23742
28391
19742
30164
27983
16115
15099
26748
24029
7162
32530
21741
4006
15761
8376
23292
16823
19169
15743
10432
5471
7501
20815
29266
14051
5718
17593
5841
32371
3259
13703
5801
7517
5348
11672
16149
11137
10368
15339
12003
10501
29038
9209
6264
18506
15321
5960
25875
5150
21416
11581
7510
17971
20757
3378
15106
25039
6299
32456
18434
26310
4630
21630
28331
12454
23334
25731
24386
22065
30932
969
11966
7440
19576
14171
4816
21957
20442
4080
7969
13282
23703
25536
26587
30328
710
23190
11626
29907
13020
39
30084
25444
16077
20642
13670
25855
30324
29576
29025
15431
25397
6334
30102
12646
26337
11233
3070
1
16857
20953
21421
24938
17527
25777
7511
1816
12201
24997
28947
6485
2271
32125
8543
3639
25896
21274
3940
27857
28567
24655
1148
20650
12012
17650
17650
16751
20080
30770
16393
13028
28193
26666
319
16672
15887
14263
18130
31994
26886
3719
24964
23743
4717
12147
16795
9510
27502
18703
21805
24197
9048
13439
7066
10820
14145
5772
4698
3218
25839
5879
24313
32344
17657
8716
23135
23403
20521
26747
24917
262
21541
4452
3653
12407
6990
21169
16449
2584
19433
25512
4935
13441
17021
32192
11716
1020
27515
24500
1878
13882
24612
1751
3286
5700
19112
4775
17814
7347
21899
1700
24039
24612
10829
24163
15071
27111
17226
10206
31577
17143
5343
6158
2620
19759
20942
19900
9729
15546
20196
13972
367
17868
18905
19067
25001
21135
6007
4386
23915
21857
31998
9691
8593
2876
14536
11692
24281
17013
32297
29602
17641
31146
26777
8040
11924
27382
10773
14872
25433
22374
30914
30033
4652
9905
32724
26762
27002
12067
22446
14502
28775
14811
18762
24008
1370
5942
24796
31592
9659
22411
5042
32423
25339
31769
32095
30431
10453
13373
30744
23679
14548
31465
5214
14870
32534
10321
13278
27565
9295
19431
19349
26714
272
25226
4407
18962
22090
15610
6098
1983
28430
10896
8110
5522
3990
15404
7545
24475
21897
13166
15520
21143
28027
29225
24832
26377
16819
32276
27582
25228
1586
27843
18291
17255
17905
19414
32653
2658
21865
22897
26354
22232
20056
8428
4582
2318
30915
20427
10030
24259
17719
22256
19573
15880
15445
11279
12784
8786
1934
16227
318
24526
30506
31135
13202
12532
10639
22056
4883
16991
14272
28033
27523
12508
2852
1030
11807
11713
16521
28894
3271
15744
15464
28971
20575
17531
21610
15235
28277
22042
12844
26532
8740
31259
21311
32355
3128
23594
19060
17894
7826
6578
9814
7699
22223
8690
8439
328
3108
23635
31984
32077
21644
2297
13219
14471
17702
3992
22723
22382
4568
12425
22295
22081
20537
19485
27258
11000
25006
13361
31527
17274
18643
15362
15923
13328
28188
31299
16219
10777
6076
29037
14336
30464
6341
4695
22384
18284
31633
19718
24679
23222
11106
9158
16342
20128
24901
29817
226
21316
22588
27696
16944
23370
3227
22776
4192
7262
2739
19959
18903
29665
4270
19895
28610
991
1978
28353
2135
7234
6250
11886
30302
17477
24152
26106
27121
30763
32528
5594
20096
28464
10281
31567
23064
32192
14517
9276
8676
26599
6620
30005
22516
14345
2755
21976
5693
28115
25523
30560
23265
6513
5239
26999
6577
14081
25093
29004
1776
24136
10081
22246
32602
6820
7615
7352
12645
32578
28648
21877
27591
19345
7390
3109
13624
13303
28099
29305
4473
8898
759
18779
6037
1377
15489
14282
15719
31188
432
997
31836
28769
11265
25157
13179
5513
6468
20368
27298
6202
10491
10315
23314
8262
10499
29424
24877
2324
30070
4161
15231
13462
20431
17883
15100
2682
12623
22286
18568
30629
7328
8172
25533
477
12985
26272
32488
17349
3841
22274
23636
25871
11959
23656
20684
25325
26513
19902
3931
15560
12707
8153
25174
22837
18563
4616
30108
14117
26539
2284
5661
16219
9758
2954
2713
18980
13647
5791
27050
11586
1854
14899
4357
26153
8164
13681
8701
13422
5585
1206
10057
14460
1556
5608
18438
27273
32603
5897
11264
32200
10331
4876
29997
992
9586
20711
29306
25758
395
10473
28618
32230
7747
17486
18236
32752
28490
31505
6061
22961
1291
17409
17535
18838
10895
27415
8856
26232
6814
519
30381
13517
4136
16149
10432
7195
13796
15914
20711
20659
14647
22567
336
1435
1111
1145
29058
31436
25520
30958
28389
15261
6791
31686
13957
8576
10973
7182
7187
28396
21654
17449
8749
5786
4058
23216
26590
756
1724
25980
3945
29131
21017
25344
578
14408
32195
19932
13918
805
6111
32432
22700
26396
20364
24622
228
21920
26310
10612
21119
18892
31625
4760
12038
16793
27705
14212
23952
22355
23361
7428
19335
3918
5627
3101
19114
11733
25296
14241
28760
10595
31392
24576
31243
3350
12643
26977
23331
24416
4625
6129
22501
24832
29120
26235
20931
14384
15884
11066
10461
23584
2748
32491
22217
21668
8867
6693
9871
8745
8131
7405
11768
25070
20153
29830
27657
625
24917
21382
12490
7207
13448
28719
12876
17007
11651
31995
29417
24777
29213
3961
23758
30787
117
26968
14007
20789
27097
22465
22010
29998
13543
7403
12743
1326
10994
6121
15278
16406
5288
7878
8545
19804
10737
16083
23484
8195
14618
22336
12034
1483
18738
16874
106
13989
15284
32372
9434
30825
12647
5017
3314
10955
13955
6848
29260
20364
31253
10705
27138
25325
5284
3912
113
6249
8725
5256
16957
20387
13004
14961
22166
21918
22548
9268
3769
17964
20417
9318
3769
8617
4884
8276
29567
27368
19678
15767
6671
24942
31464
3560
27662
11230
16019
11573
21889
1717
8380
1524
18392
19255
19682
12215
28203
25258
1931
7168
30403
31169
25571
1367
5596
2139
31911
21659
9641
366
13377
28822
1945
16189
16437
11219
10969
32722
955
17588
23578
1448
32173
11199
17044
12456
19876
1081
11851
9046
5215
4854
7057
18509
13156
3951
4044
19433
12265
2837
13177
24131
15604
25317
19825
20834
12482
28477
875
26543
26982
26094
963
26282
25778
8850
31866
16860
3930
18720
893
29196
3927
30397
21546
19638
3466
29909
1552
28601
17058
8811
8438
5456
19263
1965
12831
25667
1879
18380
18125
4191
2266
25866
28676
24355
21905
2837
13200
25788
76
21395
3658
3380
23868
14590
27542
17894
21918
11186
13872
23349
7833
32068
26153
24189
22378
5654
12332
10314
21182
10536
14854
19144
3935
23089
30821
2171
9235
2543
6624
9008
8898
15547
9016
5940
14038
20320
8414
5827
743
28205
4533
22979
408
585
28440
5555
28092
2375
30239
12766
30142
2810
5662
3028
15935
8587
10351
24602
30720
18376
21874
11041
3331
25023
19153
5749
10477
13196
9993
17975
8367
14959
15910
6861
32101
7202
7117
15064
11902
8297
26240
31078
10014
26858
2078
27754
27328
23359
16297
18281
19744
29002
76
20085
26968
25544
16797
30047
5193
25385
9503
32553
20028
21152
5387
12730
30665
14710
16464
29141
19961
24227
6104
23372
29095
17055
12557
10609
32300
27510
12700
974
29499
14107
10360
790
30217
10238
30755
603
11697
24544
13865
4224
16088
15590
9197
5618
10892
19693
9383
659
5234
2846
21678
6135
13345
7106
9715
9171
30153
31319
9678
16050
3608
19939
20478
25322
1374
22408
4843
28623
32239
12121
26925
27942
14793
17260
11346
8925
9078
19760
1244
22777
24116
12545
7050
21455
8532
31738
28633
24695
25312
29707
30665
1406
5504
28235
27876
11227
32158
24463
27261
21540
25033
23355
16694
11266
6743
29784
9157
6115
17487
13543
4343
1262
7046
8053
7924
5948
16391
28400
3014
2117
27320
2233
14101
18840
21819
21754
26932
16336
22803
28986
2914
10691
2568
28975
13641
2044
20428
8659
13259
6252
17118
698
27902
14940
20655
27042
17781
20134
27396
1100
27330
26661
18075
11402
10040
24682
27921
17050
8950
9392
9731
434
13857
20242
31604
732
12400
24572
23918
25092
14830
11232
10476
14671
12539
20778
5624
26287
10644
19061
20753
20405
29141
28927
17359
6054
16316
858
20682
31696
27696
1125
1719
18974
24386
1659
3796
9707
4530
14058
23175
3860
18357
15783
21569
24401
26869
17728
6057
12741
6618
16145
29943
26835
31240
14267
17309
17972
11305
20434
18477
18758
2796
11478
12663
18343
12109
30309
28913
29699
11288
13230
29277
18218
8872
7465
30373
32614
5365
13958
5642
10763
6350
17635
11645
27471
20578
30017
15181
30812
19461
18233
28419
30628
14641
4075
28811
15221
715
10552
8852
2765
18088
8497
25656
27759
17488
32206
5600
10294
10498
26852
25954
29354
23800
22609
9581
30417
13803
1657
13351
12872
13018
20215
13588
22417
9480
17292
8762
10927
27204
3419
30851
3056
7276
28249
866
9483
23092
30463
3001
27754
3364
17474
28155
29385
20704
22980
23438
12032
24492
27724
19315
15389
10287
12404
24104
15798
28791
417
14541
24190
10814
30008
7047
7445
23660
11791
14114
23333
17885
1058
1530
25258
7523
21640
11291
21905
4879
3493
8871
15237
30380
19360
12920
8710
10125
6423
519
699
12681
10258
14988
25609
15171
5942
2151
26596
10671
5948
31423
15589
7377
1185
1641
9629
10696
18846
12299
2602
30220
7258
8577
18439
6132
27999
11903
13353
24699
6730
3192
839
29251
14535
16831
3193
18906
3517
4077
6660
6973
1222
23938
15476
10394
15330
25295
21484
30298
30572
7699
17339
95
4685
21220
1071
21642
15983
6352
1710
13953
10613
15685
8194
12463
22953
31918
27893
13964
22325
22239
25886
15390
30103
691
4090
26304
20815
17651
4159
15138
21978
11898
31084
27793
24548
1431
9125
12664
20410
24243
29118
16679
8190
10292
15766
24276
21662
11681
24230
5599
22022
22022
32473
2907
3221
8602
12702
2249
20558
10911
316
9254
209
11658
26215
10537
22921
23652
24080
10182
22054
368
4481
19446
15182
13582
17576
25274
6031
10975
32435
12381
20633
23082
8414
31738
4266
1406
24457
29759
10313
26009
20878
20848
14391
31625
2513
22703
14243
19985
28441
9338
10909
5710
17950
22133
7373
8090
8675
5738
13413
24241
11845
654
29012
1043
2260
29958
27837
3497
7139
17065
11431
7082
12251
22280
24566
3264
9941
20907
5786
9575
5735
2206
18950
18070
13245
5165
18915
30626
17900
18411
24838
18271
4740
15609
18080
18568
30820
20868
12213
11617
11475
16784
5328
18074
20172
15604
32756
26999
17560
7846
30421
302
6051
10553
21832
20369
17032
27812
11257
8428
9582
14661
30556
30513
5271
17446
17126
28754
13622
24702
3196
27631
7297
29307
31788
13361
25864
32574
17435
11766
11845
32296
15550
21550
14964
20308
4429
644
7845
31588
4213
21314
14607
8321
30030
5230
24999
12445
15500
6201
2289
25851
23033
25755
14614
2802
25123
1591
11576
3566
31825
2692
29442
25271
12476
25902
19075
14326
26364
17594
14396
4085
10433
6762
32119
10150
31939
22880
27355
20199
28156
12549
16702
5636
4884
18092
5306
29821
10781
12915
26115
19722
7296
17258
26103
29405
32567
20216
6007
5159
25405
3962
17270
11741
2627
22060
29519
27836
21413
5197
25948
8075
30108
32638
12228
7840
22197
21868
1428
19621
7042
686
21010
5276
15503
12529
7758
2337
14487
82
29945
2287
14072
28683
14458
3238
11877
14930
7999
460
25563
10110
19025
22289
21974
7276
10796
7639
26564
26657
9677
25841
25018
5296
14348
12459
6246
16222
30508
13323
20805
15365
15025
12119
14101
1974
21361
6103
29326
20130
2542
27868
15181
2363
22243
24066
29969
29846
2589
9905
11561
27156
21388
17130
3117
23105
25242
24896
4077
28412
4027
13860
8615
6361
17478
5222
23677
3011
5251
28409
6181
28390
16389
10231
3043
17356
3130
20708
7604
18629
11584
16439
12748
23181
12538
8214
3651
6441
8292
23138
9996
21522
19235
1523
26150
405
29025
14629
17430
17786
16343
26003
17556
19172
21035
8482
11141
30072
12157
66
32297
11713
30013
25968
9366
19667
9279
27135
16229
27439
17425
17433
1451
5863
20620
19969
16171
13571
9641
4762
11977
4642
23958
813
322
26213
21769
14951
5147
20616
18901
28833
10455
3154
18363
1381
22637
26672
22402
16941
23289
15901
9289
14957
30642
29636
2845
27860
12572
17897
18631
2511
383
25349
14823
848
15255
6448
24903
18893
25485
6980
10345
23179
5158
8512
3682
796
17467
26602
14571
32295
105
21433
7094
19815
27913
15089
10750
29942
9314
6928
18018
31692
17694
15721
25843
21890
17659
3855
5004
6492
23491
12276
23650
10887
6782
32082
14043
13727
742
6986
31396
10101
13083
16844
2302
270
31128
20662
8280
11503
25958
28480
3619
14743
9871
14999
13026
7502
21206
18376
3200
26397
25253
31968
15079
286
31303
1361
13006
26614
21335
26008
4818
31647
23161
29213
20169
19819
21832
11611
9555
3909
9359
20800
5041
2106
30395
2007
15323
12857
32400
5924
28876
25879
540
1104
23841
13014
21993
29190
30690
22823
6263
15900
15264
27693
16873
8822
21440
7812
23551
23847
13334
19074
30276
9178
20150
8381
10889
26225
23558
8141
17809
9451
26904
14675
26638
23691
8247
18490
13260
20534
32704
15420
22829
12318
29492
7848
6357
25757
650
21603
3494
99
3018
16685
21231
7636
15063
12326
23264
11180
13196
9617
2370
27877
8715
32215
26213
12250
9554
32207
32345
172
18448
14396
16480
23269
31670
27800
29348
7771
18896
17168
3622
19288
12182
2511
5879
18935
22462
22399
17578
16593
9877
14093
3849
16089
19534
16557
29447
15493
20890
17439
1014
14383
21113
26672
7418
29114
23375
25475
18110
2424
7226
12945
9573
1611
26275
28399
708
1803
10515
11216
18638
9000
23880
31690
79
16017
7305
989
10206
21716
20022
16305
30476
32646
9379
23327
25058
15333
23590
17651
28811
13244
28783
24304
16205
3463
15384
28437
15038
2008
13949
13855
27700
25593
17358
20303
27261
25555
19299
15725
17104
24334
2127
18701
28164
13178
18487
5137
9728
5294
3173
1647
12147
32495
16664
30773
27589
20819
32542
15562
18253
21285
2981
29558
22468
10380
2639
16676
16121
31336
5508
22375
9671
21885
12556
27836
25412
1235
19165
2575
9276
27484
15921
20864
9950
8408
3292
8806
24244
22006
17117
16020
5337
17340
14387
21724
22630
10792
9458
5330
21293
8728
15253
12242
22186
18023
15766
27461
13622
30809
15932
10271
15230
17209
1973
940
24116
9024
22116
30093
28676
13241
24188
3838
29642
2147
20430
16218
24322
13847
19423
16864
24703
20138
574
6327
32609
21525
26388
14640
9793
26323
14333
19788
28334
13195
17174
11902
16605
25583
9304
32177
7068
5860
27940
31885
6280
9187
27166
3062
128
11679
31551
29654
1113
18408
12838
22557
28115
13519
10927
32518
23756
32011
20935
19611
25780
26523
3711
6011
7745
5293
351
15067
356
16319
19964
2507
7035
27908
8908
1978
30152
1545
29498
2621
16418
10648
6134
10252
5098
13021
18831
6477
25409
15303
10563
27926
26744
7857
19478
14381
10696
15170
31777
8466
25924
657
9261
27967
30987
3725
6528
29614
7106
18589
14327
6300
31042
25475
1109
13965
1933
11398
18651
6288
10247
30672
24601
27076
26851
11285
8707
15899
31451
12661
10055
6238
12068
18340
22238
4465
4513
1864
29153
1241
29527
4770
4511
26235
31009
14705
19436
9638
676
5139
29116
16724
32134
23022
7152
29101
30939
30478
31343
2765
3296
9487
6521
31943
27372
2878
4408
5354
10659
10747
21400
25667
8557
5474
3161
28514
27943
17194
18275
2913
25368
28620
20825
3107
6694
24296
1648
10202
20297
31461
898
13260
16193
6105
27998
7766
18564
23976
16995
18993
27003
7535
27213
12020
28397
5667
30798
25306
26300
27765
21345
29126
10959
23033
14555
9604
6223
22408
19778
9042
18198
18147
12131
671
21860
24472
16799
16658
7124
25386
7558
14286
23951
23660
26023
30197
18624
28206
27045
9322
23368
29979
20622
22236
32690
226
15721
28160
30313
26772
8718
28445
24360
32333
13371
29902
30387
9751
14563
7428
23749
21515
6601
6218
30281
13754
31054
15949
16332
2763
14471
19355
9267
28901
9107
11435
11177
9935
14380
31262
5852
2773
14971
2628
14953
22638
3121
15330
11924
26909
31187
24114
10045
31893
29269
23084
2064
19488
23787
260
2299
27969
284
9204
32485
18328
13592
22843
7325
8711
17995
4710
16400
2835
20530
26574
8128
8333
30062
15714
27761
31345
12055
9382
15141
15630
9810
8188
19275
5735
19494
11043
32052
10970
9099
11517
3270
13567
29124
13973
25716
23763
18671
13152
7278
2582
8411
28355
31252
13809
29209
4822
945
32732
1878
1128
31846
2495
30952
16451
23652
24407
1702
7600
6494
27868
17405
6718
21311
18657
19008
4800
14616
21883
25920
3477
14940
31909
28189
31276
22607
3043
18523
2502
11196
29478
13624
1406
29414
27376
28989
17799
15298
17848
20500
11702
32355
28816
19097
21312
15286
26373
13107
12228
29807
7751
1125
1420
3139
11146
32160
22800
27992
10667
604
9147
32762
8727
28519
9202
19087
31977
23164
28243
19917
15442
28695
9274
28970
1854
25480
29578
5012
18228
9542
17322
5219
23934
21383
13261
26764
13195
6413
20087
4119
10897
28227
5693
32723
11894
28808
20428
21320
28657
17355
11564
23277
2541
12888
15942
23195
5678
32497
19108
3138
30006
7457
30841
15067
19818
17357
25825
2461
1393
3596
4457
15220
15837
7737
19154
3759
3597
30534
27922
248
2129
82
10396
3978
18768
26238
11489
18334
5799
20733
23575
15142
20691
7019
27705
11710
15441
2656
6479
3552
26115
11844
19695
3671
9942
26725
24324
29686
2722
17990
21454
27529
7762
10043
15146
31756
26948
24626
5396
26907
5619
20948
24426
6570
3539
9421
12530
22262
3196
8295
1439
30651
28171
20318
8208
19368
15557
26352
9306
23312
16894
9267
20487
20194
7738
5035
29535
5339
11409
30492
4070
5114
13656
15773
16421
1333
13309
16878
19629
17514
13363
17163
4698
11672
2639
19201
7637
23119
27378
30721
8284
21349
9705
23475
8646
2795
2129
25804
5057
12895
10751
1763
10847
16675
10783
5249
7633
16174
7962
32631
14706
10242
15806
29556
23559
31198
31641
32470
19780
17716
12453
15809
3219
20573
31787
15214
32018
9100
28897
32198
4826
4353
19541
28464
25991
3455
15759
6823
19445
27903
32498
28175
25927
22438
18276
30409
13102
2805
22191
19589
10600
15168
8486
7767
22150
10593
24203
5646
2547
16557
48
1473
6962
20775
21085
5034
13927
14836
19698
22583
21017
6159
22349
8799
12854
19774
878
22067
7255
29509
1113
6581
8518
3929
25532
17388
8126
6615
15058
16952
25713
11830
29319
26596
2895
30523
20189
23546
1542
11115
18830
6491
27589
11718
32755
13582
30278
9906
14372
24281
20491
10550
16737
20494
6120
14440
13233
7336
15809
16681
21192
6806
7317
23567
6190
21335
30139
27555
10398
13255
12652
27341
14509
28217
2178
32652
9388
17093
31615
9706
16334
8676
15057
1840
7822
23866
25685
20822
24651
23218
14873
8893
15413
32208
13926
24097
21869
15171
8446
31433
6760
2746
2466
9472
13205
11001
19415
17097
17727
27692
32746
12495
2228
29819
32050
19355
167
13022
20885
6409
19667
29747
21069
9725
24801
20110
10732
27730
8844
22224
1950
21779
13059
21627
21423
10990
26510
26564
3405
4325
13685
21994
13710
20807
5406
28615
27573
6367
8309
18085
7857
29291
28816
9042
30694
5712
32404
29559
25392
25227
3026
8485
22565
3819
21814
2225
18587
29053
5602
194
22635
26440
7446
10408
17012
13627
31571
28911
3810
30052
2752
4660
32432
25699
22220
26168
20587
8989
10005
22323
16953
16565
12681
22891
29979
8376
14282
8964
5487
4503
5079
5658
27833
10075
30698
4365
16546
11924
26012
6428
9025
19346
8271
4918
6298
6616
7885
32524
13668
24526
16429
26731
6928
10934
18423
713
29958
26337
25992
8990
23346
18467
19127
3061
15807
5764
5560
16322
15906
13112
4673
19830
6491
27090
5612
19281
1911
25012
31709
29687
13402
17354
932
6599
13755
26744
5988
25704
8816
8656
15669
3236
12012
30217
14280
2682
29446
24108
6730
26990
15612
23825
21386
14116
5559
650
29789
16429
23120
11998
13634
3873
3796
10873
32578
25070
20036
26081
31770
2415
31712
30188
29084
26433
6565
8241
27731
32210
26645
3004
32102
18106
13110
27142
4030
17231
28893
11300
6251
31603
5164
6206
9796
24241
14938
21315
5326
15241
5298
13019
26208
16647
13279
27549
2436
16027
6246
28547
3487
5668
11380
4250
2773
5198
2778
15358
16679
8990
14166
24838
13022
2763
11284
22716
15917
13520
24692
24976
31250
9535
11534
845
23165
7768
12532
28491
24500
8794
7222
12519
21750
18329
940
16944
25182
4817
8687
22755
30219
19386
10665
32666
18558
32732
3343
20288
67
10149
24235
23752
14548
8633
12127
12062
28858
30857
3495
20830
8949
9767
2590
21829
3998
19033
25924
23013
30667
1772
19070
27292
20659
30282
15454
19014
12819
28751
5669
32434
976
4441
18054
12371
11997
14238
10157
12856
21855
27331
6272
17982
22031
25002
15141
29061
7904
6795
31940
29984
4835
14662
19086
16145
1895
8183
6142
26484
7268
30155
6750
3578
29722
4115
23950
11161
3573
29079
5633
11394
18612
21549
21512
26196
20426
28810
31827
16015
30724
30807
10676
5451
20333
30344
23591
18474
25711
2537
6416
24971
2106
11769
24771
18432
4202
1532
7497
515
23523
24140
28258
25060
7936
22512
30406
11782
15086
29295
3760
6475
9298
26598
32669
8141
7474
3929
11601
7119
17938
14663
20508
9971
19037
14977
9307
7085
11271
6460
13121
19191
29297
4196
6360
14918
16525
23859
27458
32189
5698
2819
10053
673
16658
12640
17927
24078
16378
22626
24597
29672
7833
30521
426
2579
2965
16650
5167
7143
11835
13306
254
478
32613
7816
29035
16784
10657
3871
20485
6626
13455
25067
28441
8058
32651
24813
30840
32118
20364
10826
2682
11869
29772
20713
9795
16725
18602
27452
21317
32663
4684
1118
7174
1569
1160
9055
18468
10154
27269
23772
30614
10971
15517
8914
820
14524
9478
18099
18042
3949
14258
25018
13961
19734
24947
6012
27246
26400
21091
26305
30887
8614
26499
31889
19939
6950
22434
15762
24842
16509
10113
31121
26749
15634
10548
32094
29855
15185
2763
30429
5012
2395
14386
24410
25161
30203
5206
24605
11956
31197
19849
25918
3933
250
20776
21179
5149
26711
8827
4040
29733
1007
6364
23654
23875
16621
18716
9527
18529
14367
7714
18833
30543
17576
25813
2001
32706
29429
20285
1010
1948
23538
13028
7262
5741
16509
1667
259
8250
31003
25306
16554
11646
3561
2784
16516
17519
2774
16156
20998
30594
25616
24659
23287
15665
32444
9571
17352
29948
12778
26735
8227
15790
21448
20284
17862
225
10005
21211
17810
22468
15577
27273
31455
11548
7764
24019
9491
16521
21300
510
16243
28427
6155
26277
2873
25796
22783
13732
32742
7168
17604
18997
5593
19826
3015
17241
7969
13760
8108
5498
8848
21571
1787
24398
27920
1800
6422
1534
19770
10266
13935
23688
11557
4099
20727
23138
32380
8592
22746
9568
11476
17109
24937
29399
2620
26481
4695
1027
27157
4115
14633
16806
24100
25405
3816
15090
18917
17224
1561
2985
16418
1449
13551
28035
24261
12146
12222
30928
7403
23324
26547
22622
16185
11139
25027
29853
26227
28722
23009
23041
27722
24289
9844
24232
630
1596
28680
19261
18437
24038
4419
2844
18675
6078
13083
10166
7162
5729
31047
4919
4779
11504
21235
1639
12222
3091
17336
30158
22439
61
14539
25116
28522
25906
15989
1992
23983
29383
10691
12790
8729
18153
2686
13470
30420
20705
31069
20971
12397
470
5754
3809
20455
26260
19459
15171
31499
3724
10546
12468
20223
25627
27007
3356
16666
23055
31764
27725
503
4711
8065
25831
5832
25178
26033
19576
7405
22427
13340
1768
27590
8924
5183
25877
2245
2961
26697
22202
8647
20726
22552
29589
420
7251
2659
8137
13060
26750
32313
20353
17781
674
6314
11734
26811
2112
15044
10995
21095
1651
29633
13686
8620
7800
9086
8986
13677
21357
8495
3219
10394
25945
14930
8378
26813
23917
7649
13034
6864
12170
1996
2218
16978
5379
16550
10892
24218
1187
17822
15445
29290
27634
11442
8285
10695
3508
6431
27193
4616
10675
21532
25752
6190
20926
24007
11883
16755
4082
2656
13129
21030
16952
32693
785
22197
20239
9949
19665
17164
6028
26153
230
7197
19102
14168
24165
24512
32151
28170
28602
7870
11752
17016
14991
32040
4140
29793
9968
3310
20585
6728
25004
13996
10130
28892
15870
9415
27216
16056
23148
25785
29953
8268
3312
12969
6402
20507
23126
9023
28457
16168
31973
8118
13206
4522
15937
26675
3756
21511
10384
4181
28506
31744
21212
10765
23199
2601
19640
4784
21581
24477
27943
5706
17677
7151
2233
23862
419
5988
21239
22507
22387
19807
28417
7449
16964
19228
29558
28149
12101
30369
26004
21712
29005
16882
28577
4591
19047
7813
22153
19095
11918
17653
29384
11879
9141
9466
12426
1771
25355
4505
23313
25965
8060
32152
14168
25358
5499
23605
12790
10006
18431
31256
9284
10121
3787
25221
29890
22523
23027
9430
5815
15012
20124
3625
11544
1975
8451
11094
21675
24304
20417
10020
22892
14188
9293
22716
23344
446
7362
5725
9608
12351
8930
8274
16104
6565
13403
14369
29449
27096
24650
14342
23691
5377
15870
16031
12767
227
16638
17129
22884
22638
3661
9323
2256
15761
14060
2993
29650
19793
31649
12028
19958
10776
32247
20280
9160
79
646
302
20284
14638
10356
5883
2893
20435
14908
15809
27365
31890
31662
9116
14077
10893
6456
14808
30725
27524
7267
26465
11910
24046
2464
16250
32518
14664
2885
4274
21804
29869
19923
24596
16932
15271
29050
9375
6725
9541
13535
22262
5617
24941
15644
10584
31165
20596
7944
31697
2514
14572
3514
24754
19604
4029
21064
17728
24705
1656
28884
4777
26971
21479
7882
23356
22665
27369
28259
26584
5307
4988
21358
14757
17613
6684
25935
21507
16878
2380
584
25280
29953
8562
14327
4238
9027
743
5408
8628
28206
15951
18605
9987
2718
16166
12787
23820
29491
17564
17975
2960
6646
23715
28529
31032
23871
5446
18511
18310
17366
22588
22909
19212
17496
9405
15396
13276
7132
7060
17841
6719
30679
4470
8407
17322
30525
7058
30679
13293
18153
19049
5119
24238
23871
1760
5744
3350
6416
17811
11813
19402
18365
1133
28465
29981
22176
18038
12104
11140
13223
491
2945
22602
8514
13460
31578
644
384
4690
5373
4680
23669
504
26306
21530
9694
23643
2548
20647
1544
8621
21208
19638
10733
6406
16875
1371
24224
3652
6764
31853
31724
8725
16922
26939
25144
24658
20031
8571
4014
4239
25069
3715
4253
29936
16776
700
20251
27454
16260
851
1518
9273
26224
23089
23213
25904
1076
1070
25378
2000
31383
20353
6643
11322
30980
15995
1665
20824
909
630
7185
18288
27440
8968
5162
12537
7001
9596
18493
1454
24745
18562
20108
19426
3318
10277
24132
31763
7315
24062
16108
17089
16593
29095
18179
5248
29637
11635
11749
18509
31052
11100
13551
11294
29005
11837
27619
18365
24382
6978
5262
16853
19178
10140
27048
6989
24177
3705
19707
13526
9616
25395
8392
21184
21026
21447
20582
4882
10727
28554
19500
2521
389
17943
31889
30656
26828
29324
28818
20193
27710
26358
19284
31195
4047
3081
13579
6437
26345
2325
21274
10914
28083
18485
2940
20341
1939
2762
5986
9238
18162
8743
10525
24229
25151
8334
10559
10111
31286
5724
20221
24592
5474
12160
6104
19432
29920
17713
25213
20496
9831
14305
12521
15518
30597
9580
21968
21639
11819
20374
4416
1973
10860
18100
24706
4953
21890
11433
1345
31875
530
9236
2029
6384
8625
16328
14690
6690
29606
1661
30661
20150
4337
24261
15023
3571
31117
30529
10894
415
1779
32532
18248
16918
26591
17048
25121
30877
2390
80
28382
31731
4328
2590
28714
6953
19507
1718
826
2740
14760
26451
20141
10177
3730
26025
22710
1480
24147
7706
2172
31332
18161
6700
22209
7010
18130
24379
29122
25367
8132
21867
22623
28407
27457
6881
12412
3172
17392
5939
23719
1988
10350
25372
5371
29142
31567
22645
1860
20294
17504
24160
16996
26239
5935
17863
28917
8128
17102
18949
10031
11122
11987
2530
18444
25273
2467
3269
17835
5705
11249
10277
16626
16251
21889
22849
19576
18335
10034
26385
22178
22932
32315
24700
32524
29079
5301
19147
23338
8025
2906
5214
28207
11860
16524
8093
22573
10334
6297
31282
126
26239
6973
5238
16228
9216
2664
3368
19180
18372
22082
25957
27416
22492
4716
12500
14652
19285
20617
5666
28329
11860
1022
13230
1673
19558
21237
15493
14090
21777
30888
24976
1471
11951
7388
23308
31555
27516
17579
9787
14879
5357
16519
19289
31981
16707
15228
16338
16318
10081
20405
14514
6330
9434
17474
349
1030
27215
22553
10880
9963
16888
15962
9543
20020
9344
12247
7889
11223
4118
13779
12257
6104
21953
4618
13526
22635
20723
26610
25053
13657
15714
2881
26469
23204
7955
6063
15059
20078
28855
13821
22391
32279
3131
12854
3007
9894
411
18229
9899
7274
20471
17255
6529
13793
13544
27346
25026
24024
1556
14934
20316
4308
18688
28723
31521
18865
32038
32204
376
8585
19528
18091
21843
9943
5379
20676
16225
12252
935
18942
23940
11330
11590
1775
13957
14848
24843
24295
13831
381
9165
2353
9401
7416
2532
24469
28880
3879
25404
10785
23221
3358
28072
22570
23034
8051
376
19085
20115
24224
27725
4922
21059
20136
28204
19956
15956
7678
3282
30290
14731
19362
12615
24330
25179
30861
17334
11886
26969
26703
14716
1079
12272
29943
18815
11394
16214
31283
15041
1048
11198
31672
309
29170
14288
2788
7377
6653
19542
12194
28388
11546
6200
22671
31146
31337
27818
5723
15901
9671
10660
9841
11279
10133
20114
4314
22646
31164
846
23902
28167
5613
11595
9197
3078
10542
25875
31806
1884
8338
24563
4278
16874
29511
8692
22667
3101
19926
3086
15657
17602
679
6809
11989
11036
25540
26628
27792
5940
27102
18377
830
3185
19605
3488
18439
23144
28660
21748
20990
16373
19259
23699
14080
17547
11490
19113
4063
15304
32730
27887
1984
10061
30230
18720
31426
27340
15434
4525
26593
1634
6899
21169
14873
19240
10391
27431
11470
15877
29006
9819
20331
7366
14209
2462
27722
14704
12786
10814
22228
8148
27388
8117
25833
14693
9501
26145
6018
25415
26801
17652
13972
10920
7936
3565
25656
9043
24187
18503
27402
3202
19523
7216
19406
14324
14059
4732
20058
26432
20095
31899
6576
4969
7621
6344
5994
21170
10434
18052
9819
20660
21632
24387
24691
3245
31759
1893
30691
21019
22218
2919
28546
8074
5083
7515
12911
28586
20226
1685
20216
6308
17042
8616
22715
13742
23228
12433
13835
20190
3599
25393
23702
13115
8000
8705
16708
14618
11303
28929
32610
22696
11787
32497
31487
21699
20255
13508
662
26126
14668
22866
13294
7236
16945
7501
10303
27084
6249
9078
11158
3470
22028
22800
890
20230
7288
12949
2256
16534
7505
8361
6396
31777
13510
20812
8777
3541
30998
4435
20363
328
25427
25113
5891
17607
30055
6002
12418
22251
340
4576
14033
29292
30144
26890
30801
11322
21424
6761
15071
14282
12692
4165
30458
17838
28548
5344
20008
12393
201
1521
16533
27521
28319
23635
26110
26838
30777
23551
11725
26673
29702
56
27270
25888
22067
30725
11361
5890
113
18148
12089
14174
16120
23997
24484
633
5835
16405
15204
9767
18750
2436
4350
4833
12470
26473
25256
25368
23217
23260
28776
19657
774
22244
11643
20818
21613
3818
9460
8068
4673
2414
4517
23545
3973
19193
11586
17319
5926
11603
31428
23734
10623
14069
4108
10639
13090
1729
8905
4662
8406
10225
23707
30681
29916
25166
14969
9897
16759
23202
31568
6632
11435
5999
25068
17987
24900
15841
19996
24163
4378
6914
28945
17855
27796
19757
8456
9652
13163
8645
4137
22743
17072
31526
27310
8330
17425
21212
8263
22733
25176
11284
23741
7767
10036
2639
29654
6886
26172
16478
17530
27603
22833
11146
22291
22249
20867
12051
15162
16759
8983
988
26767
7588
11336
12388
9960
16899
7980
15608
16815
24423
28696
30759
2693
2297
3430
24439
28459
647
17525
86
9891
18719
30706
25939
14738
2525
2902
25486
27113
31489
10160
23661
15812
19268
15781
18321
12691
7021
26805
6409
21879
13855
6080
22469
23023
31221
7880
30797
20403
10705
5624
20403
7904
6000
10725
12997
31062
23618
16661
5512
19550
5241
6846
16098
30097
20576
19151
25751
16117
12271
14132
17271
26216
23708
31318
2005
13378
21875
20194
6714
25910
16745
26828
9307
27513
15342
24467
25161
19238
20417
3526
5096
5602
5128
2503
8866
18876
8096
7119
20316
5974
18098
21810
31913
21322
22151
11493
26942
5831
17309
17725
28327
21371
32250
16121
6200
24246
24512
15747
9797
14284
27138
115
20886
3515
17366
13909
25365
18445
12203
27820
29642
5888
27357
16695
26889
20197
11143
14450
234
4806
12441
23904
762
4683
6186
3720
26928
24286
28687
7229
5411
7182
13484
7203
25977
3889
12810
5615
16291
21070
31530
28014
25032
11834
27545
11721
4350
24576
26437
6663
30656
19846
19599
9939
18589
28014
19617
16768
31021
26171
7682
2122
10569
10421
15719
22495
2683
2446
12493
21022
23476
7749
196
16926
19773
24907
23566
370
24816
24933
6504
17067
6824
81
2984
25887
5366
1196
23560
13801
19990
787
24258
16945
16673
25225
5597
7854
8067
24
22086
18536
16048
13755
17186
707
3603
18556
4963
22201
10567
474
21913
5991
23178
30829
9739
4043
8559
19405
2823
15820
4563
22447
27510
15994
7953
8785
21427
20376
10106
2585
31902
2648
21503
30329
18668
15205
8241
4117
11457
31782
7788
17448
13184
28994
19534
5923
6114
21087
2926
2712
8773
7984
4683
6743
16711
9646
27011
5335
4244
15781
18758
21207
16892
23923
27401
4676
7369
27660
9087
30814
1871
29762
22725
32535
20164
7492
10461
20923
8530
3172
21597
23766
28267
5149
16744
5459
8541
21588
10974
15073
27174
12254
20432
6555
2185
15171
14135
3815
19809
2241
23525
21918
17974
30100
21691
23918
18190
23669
19741
12669
18053
20833
24995
12879
16416
19099
13585
9962
4319
23284
20874
26936
529
24906
10752
12716
30316
20815
20463
17960
27997
31115
12619
4127
20637
27301
29367
24055
16389
25566
14839
21425
20387
26846
31912
20171
27661
25779
10030
16741
22773
32279
12271
18596
32254
241
27327
596
30158
287
12442
26065
4965
6771
12185
9255
20909
29179
30495
21368
24914
23686
5203
27038
18643
20067
21204
18962
19162
30828
30120
27404
1737
13892
31861
21996
1941
12764
18675
1753
13527
24636
14497
28584
23072
15232
1719
8703
14477
24096
2652
25786
22172
25461
9498
14477
574
12665
30095
4075
14638
4047
8805
15911
27520
12291
20868
25050
19581
2834
8069
20100
9646
14381
11114
14710
24631
8378
2701
11759
14439
13724
14551
3205
20364
2484
22834
6598
4108
30119
23105
24608
6065
10466
21326
26878
7237
19420
11652
4404
32351
6043
27998
31901
32380
1658
12383
27906
18513
553
13060
62
18528
13045
29431
6560
32714
21578
16773
31377
19044
12918
23122
20087
19212
13743
21067
11737
29246
7768
29405
23747
21218
22144
21860
18540
14696
31916
21223
2070
14615
3030
7170
25910
9122
17589
3363
11989
7933
15423
4858
23606
19822
13165
13098
17081
15335
7230
3397
25343
2707
28670
26615
4431
943
15048
7809
32056
5275
74
617
23672
23857
24008
1392
15645
18773
3427
16325
17130
26829
11932
9848
21500
31060
30740
1585
30894
22249
13973
5666
29369
18029
15702
14138
20384
20077
11131
13212
31307
4669
10972
4687
4081
25414
3079
21303
31804
31904
25480
10052
8360
7396
3176
30953
2861
29243
13299
22736
29
3259
21182
8908
23375
19188
14057
28431
3197
29893
930
9117
13035
30837
18922
14848
7241
32254
7836
3389
10971
17580
20907
17416
26327
32487
10923
11060
16143
8269
20115
5229
15567
20997
12993
3369
12041
335
16702
476
4271
15455
4676
8555
11873
20843
24317
5348
20296
25603
4494
24428
25922
27809
5716
31353
2111
22145
21101
577
16619
12210
25467
1650
26253
8046
3236
21283
5166
5799
29918
17930
30975
28386
6761
1008
2037
27464
8092
8803
19126
20474
21733
6571
23480
934
9228
4863
19367
28504
16567
26360
30216
4242
16947
24645
2333
29086
2673
5793
17672
31779
7759
30210
13874
23031
21273
17939
28398
22580
30032
17893
1114
142
19626
12257
21126
23779
8537
14850
19417
6420
9872
26177
22448
30484
28228
14160
1095
18750
18992
7562
4061
26348
15899
12331
3347
20293
26461
1724
9878
28246
32160
18130
17917
14437
20708
14840
8693
3969
26822
32746
30619
10078
10497
12548
29481
23392
7989
1273
3029
10998
24039
20936
22262
20521
2249
30444
5737
9333
30268
2259
1587
18391
2580
20626
11623
15911
11675
29655
13899
30376
2264
22815
4534
29150
24849
7209
27068
31135
16526
9898
10125
8045
19360
16706
4251
29955
26338
12463
16123
13102
4799
13121
30990
17118
8244
29325
11360
23677
8919
15718
4048
12671
17433
7689
12530
21563
23496
8344
28849
20985
29144
24010
13113
13132
3426
7648
18196
22178
29933
10203
18322
22809
17389
4332
32367
404
31113
8236
2224
25103
25761
6797
17102
9007
4368
2832
16406
11805
6702
23353
20816
10389
1689
20417
24223
30522
4406
15754
6312
14893
882
2776
17654
30685
1230
20669
10653
27169
922
12501
23582
8580
6912
13108
30603
29407
6725
16541
32236
25390
4428
3316
26848
1436
1628
1526
11656
32736
14626
6696
14240
10444
5882
27661
8175
29987
17514
17820
8674
9900
24559
24561
5236
29060
25085
21315
27216
3000
15937
17174
32058
23315
10793
6834
10411
13621
11430
28115
30651
26085
23345
20898
27204
28585
26636
16868
5445
14995
26058
26226
8836
9565
25617
19689
29560
11449
18847
27298
27493
7394
3979
31461
9417
375
16845
3417
5623
18313
26881
22719
26882
17907
16744
9696
2780
8169
25392
26308
13759
13780
16373
20005
31436
6237
6535
31523
3827
12744
21998
3386
24338
6532
21675
13424
12129
17920
10561
4563
18957
4288
24308
31778
291
16559
10705
31947
1968
3767
10478
6421
26151
22671
7667
15263
3586
30164
15833
21001
20652
25436
32498
29425
15775
14535
2090
8225
11209
7254
9612
30982
29237
10497
26120
29029
5095
31427
18035
24649
25352
21817
3535
31552
24387
6251
16077
4550
21358
30698
17040
7426
30317
10267
12468
30640
4947
30162
22671
21087
31947
31778
28598
14300
20407
27764
2499
13806
18710
7383
15702
32323
13099
20631
6746
5035
11740
28433
21898
22404
22104
7365
19763
2933
4604
27309
19259
7008
120
4046
10338
17297
22829
24844
13512
26428
14298
31554
2480
11046
7288
21394
10371
10402
8802
8698
2840
19647
12985
23080
2354
14272
13831
9872
14154
12492
2338
6587
8847
487
14676
2530
3628
20513
19384
19131
5577
17421
5095
14739
22868
5749
24020
20381
5633
21836
28405
11914
20623
29924
8868
23385
29902
354
9668
7025
3678
1134
5543
10221
32441
29487
1583
11063
21619
14454
13108
15576
10177
12089
24870
20366
8249
8516
12532
17823
2008
7723
27436
8046
3913
16003
1635
30796
10084
10065
27863
17808
5110
25027
17747
3050
7104
23326
17235
32500
31170
8440
17001
16138
29625
11687
12511
10588
14822
22777
3486
28225
29713
16678
32078
25039
8142
16386
15039
15016
9215
16503
26248
13078
15770
2099
31214
16475
10668
18846
24839
21570
12446
4623
31
23802
30391
26687
10330
30500
13795
12030
16283
1579
17587
8228
8101
9940
3748
29643
28800
12310
24996
1979
543
13867
13522
6950
26943
17383
19590
29334
25490
15945
24465
30755
18205
9808
8646
11241
222
11535
22457
30905
26291
19972
22470
16655
24695
25510
7253
14404
11374
27197
19293
23557
17123
25846
22311
8708
7439
6455
7253
11757
25405
5168
8482
9116
17964
11955
23019
27021
1973
837
5871
28564
30381
2677
32595
19918
25101
20844
15721
20439
18256
32454
16433
16445
16413
6560
13856
2101
29478
18162
9505
30605
3152
28960
17370
18658
20
3531
30768
13843
7717
30189
7949
12533
14163
1061
352
5193
23215
27983
6758
24811
28144
1880
4905
23372
9493
29264
5958
7457
7500
22465
26354
28509
7955
13376
19007
93
19357
24385
18844
19043
14711
17712
20379
15942
17515
1981
6136
1640
5285
30839
4054
30183
8468
8604
2891
30744
12563
20783
29727
5169
8521
23116
21969
22853
28621
185
27355
18038
21390
17085
3895
870
25331
30005
15394
31982
3518
26084
28960
14867
28214
30731
11840
32053
13701
28473
25505
1418
14175
23653
31285
1227
22756
24890
22981
7469
26312
15794
4150
31635
5809
23526
32266
25090
14304
20005
11306
13909
22292
29507
12002
26930
22955
13619
14893
18748
21515
5592
19251
5770
8000
32281
2832
27225
29158
820
20183
18173
74
5716
22742
25630
26572
21093
16156
2848
27016
23591
6969
6115
14389
2177
26437
29101
23884
15641
11300
4196
31085
16161
25863
25089
25600
25716
15414
9281
28184
23265
1294
1693
19612
31174
5957
10365
28072
20961
28534
18345
15665
28516
14553
13056
7400
583
9297
21868
4961
24802
12461
27925
30325
6331
18471
17109
5349
413
22321
30189
9023
1770
16498
12278
28678
6961
21003
21786
8973
2563
8222
1155
3108
7171
26769
32020
17654
16701
25615
14935
10802
13753
10320
23991
28649
21583
32667
14320
21816
3004
22921
1731
15142
10742
14603
15086
8911
29117
17326
23131
22211
11891
22046
21144
17321
14893
16873
20359
17448
10762
6278
27223
25607
5316
10134
17586
24210
10116
2665
25656
23616
31995
29892
25133
13204
27310
6882
17262
12609
14481
23224
3242
11153
30424
2686
26318
25863
26122
4202
26561
580
9559
10175
21330
5927
6955
30470
26735
3896
19459
23451
3735
30023
4992
3692
30609
24144
29625
1534
2399
31650
28374
14769
9326
6208
7899
10820
6671
1416
32705
21403
26411
15122
8139
27584
1841
11739
10775
4905
29524
8867
32628
23097
8692
32659
20851
16392
6745
24867
29633
3687
28839
30267
22451
14111
15886
26520
26147
5754
26946
20082
11131
16133
21291
32348
2575
12947
15325
9835
26288
11397
29642
3482
893
24905
11574
28269
31997
22305
492
13781
7531
15398
304
10580
31313
23948
23028
14433
4185
9255
30031
32014
20831
14894
5418
12264
22730
15936
19261
4895
14877
10148
23610
6375
7625
16341
25415
18717
8262
21822
18866
10798
10081
2882
26336
12597
8664
27519
23687
32099
25892
7252
797
25252
7574
24736
31377
1919
1189
17613
13112
6718
20871
7438
778
24912
6142
14564
6926
10987
2421
28647
28947
24566
19531
27587
29089
15909
23919
21377
3631
32102
12333
15368
31638
25724
71
483
13510
4329
2632
28740
5560
30226
7701
22857
8868
22430
16325
895
20339
17183
19122
4261
23415
19700
19152
16818
5466
5230
62
15385
6996
21297
16667
13387
27553
31709
11675
8573
22835
11246
27226
24236
14500
29921
21744
23775
22894
16537
26309
19117
8030
21760
14887
21758
20550
15089
26009
25878
27123
3158
8558
32719
5214
28045
27543
10789
1062
13841
7610
30456
24894
3158
10628
8718
1507
30964
28479
23640
10706
13576
25255
11638
19895
14295
29177
3708
31464
18357
25422
8695
11091
4646
7207
11563
28086
3906
1865
13983
6670
13406
3275
28124
10833
14824
20589
16497
2911
30867
10795
16442
31286
8628
3346
16098
16742
22252
20563
17063
27334
25864
3734
14429
14692
9765
3984
1718
32706
20248
28632
26304
9791
11277
31478
9647
30163
4205
27581
13277
31487
32262
1756
9487
5380
18278
17327
1530
1364
12679
30555
11014
4934
22706
13849
23633
6157
23709
24274
759
1771
6103
1261
15249
17826
26213
11365
29179
26924
16302
3102
27227
10923
10132
19065
23390
10403
15076
26662
32197
18535
23280
19769
13601
19409
15482
11392
13786
28470
24020
12564
19574
9113
10310
10799
10776
14623
16560
10557
23111
3523
19312
17974
17905
5195
10118
32298
26544
18299
25846
24606
5451
23944
31342
31766
640
20432
32297
18547
24833
2759
26131
29055
16828
23093
4910
18247
7007
26015
11316
15785
6684
20738
2942
12973
7338
21960
17444
28441
652
26612
614
5439
12181
15264
19275
29210
26796
16041
24455
25753
28109
23209
17826
20283
30032
4901
16215
18396
27758
21512
11835
31183
8449
1104
11167
28204
14475
12552
22454
11883
6266
25718
9211
30002
9130
32149
7373
24940
28972
7110
30300
24475
24646
29378
24777
15727
11706
6867
26505
7063
28235
12612
24587
12759
4734
23829
11162
6491
22430
3060
20612
4427
18946
31593
11900
29087
15507
25169
21053
16437
22920
20109
11376
7200
12404
2811
12240
29508
25987
8613
6796
13856
26112
20025
28396
32234
17947
29882
24376
22753
11242
28788
12502
12511
27565
20277
23218
45
14678
19642
25315
18588
4937
8808
16267
209
19040
32573
16126
27617
19250
15365
15143
3870
3221
8145
7208
14896
18273
18597
28225
21863
23415
3185
3827
27215
1538
26178
13669
6789
19709
17338
23046
30922
17398
18110
16756
30806
3601
20334
11933
26222
16719
25178
36
8761
3856
16114
15622
1744
21975
14911
21629
15252
78
12753
5412
24260
21898
11001
8028
15951
7823
29240
22255
4838
17687
20214
6132
29014
20367
8055
13043
26133
24163
28940
29769
28442
3707
26758
15053
18418
25862
3824
25011
15377
10358
22142
433
29542
19147
27584
19809
27954
18709
10011
3303
7449
9268
12922
31955
24186
22243
14145
5193
12796
27893
10371
30303
31081
8157
32116
4806
9664
7284
28705
14765
2949
22007
5214
9954
20828
2639
23296
18490
11478
23446
21837
17204
24971
8918
19633
32217
13929
24596
691
12006
21835
27533
11558
14637
18637
19519
676
22073
3167
22443
27448
21553
25241
32474
10587
27390
26063
27806
3874
27824
1764
22810
5045
21790
28259
13956
23811
31949
29643
6954
4532
29460
7979
3251
1887
17277
26863
4264
8446
10861
11258
9779
29087
32008
32245
3366
30556
18511
25062
32318
652
27531
2308
14506
7483
12783
5578
2247
1752
12153
5450
11310
6190
25881
8900
14064
9110
28693
26999
24096
9578
18604
30903
19346
22716
21498
7744
24291
1096
19739
15050
32697
5032
18835
17629
25932
20679
23789
28135
30502
20888
8099
7564
11047
28168
7486
14141
1227
21041
28094
24076
6576
208
32316
10942
16210
23033
19662
2082
17945
31241
7083
10658
26007
1245
24464
20504
15882
12609
28002
20707
4905
10411
11028
4921
9245
3882
18379
30654
17613
18329
16192
24150
7262
18456
11366
15928
11514
4797
12110
1093
2257
9862
27207
11159
22622
31890
23113
17500
5612
26001
3732
23781
8792
23418
916
250
5912
7036
9480
17265
31100
7222
15203
1535
13108
13354
18546
29517
29715
1135
5952
24398
24851
31655
823
465
13464
1329
14983
16210
13305
14496
32716
29718
7740
7531
12011
30071
30753
22245
2364
15740
22883
19568
3311
29868
7994
8686
23464
20004
10276
5241
29805
27112
31973
3924
17602
12663
2764
3361
21778
25250
21305
6484
5201
15517
13404
1511
1760
855
12095
10576
23729
19719
20231
14512
12971
19975
5495
4685
848
5862
4277
3138
2717
30905
32337
7029
8497
945
8067
26314
21170
21491
8884
6806
13165
8355
17984
4183
14652
16706
6267
7842
7085
7483
30962
9564
32608
14776
16115
10797
28849
22970
10575
6450
29079
25705
31582
32242
7884
1449
27460
18580
12335
15597
17779
29519
22630
20048
26993
7201
18375
18914
988
26308
22137
7487
10667
15070
6614
25447
14518
12920
26900
26313
8569
19633
5413
2465
32276
14515
22491
2180
6807
19687
15952
19257
21117
32357
4741
14283
26486
27823
2121
15324
13674
21918
12637
60
26554
1436
31957
31419
5065
6164
17857
21051
23739
7207
13581
18697
1148
29089
31398
8557
3588
29227
8670
12415
21722
15042
1298
4925
15831
10599
9354
14811
25901
25368
25760
15706
28072
30208
30501
13148
21811
27627
29696
29751
29341
24828
25880
1864
157
29346
18805
10634
23060
6856
21410
8806
19347
19276
26453
23245
7709
23987
6737
27269
16174
11035
15500
4032
10747
24688
11149
17651
30204
25315
29977
26853
11944
22680
3342
11527
22656
10655
6799
15875
18254
3366
8289
23191
10671
30445
1173
19620
28111
30970
15208
30850
25460
28045
6503
30359
16190
32086
4311
27432
25389
21990
24147
4206
4195
9316
26807
9965
26155
10369
22589
16385
21051
29613
10470
5818
22070
10380
15388
27369
18037
20131
11669
4731
26119
3672
28538
13574
1014
26905
29129
26018
32204
16859
22776
3834
19286
18886
2011
26019
30632
9518
199
21676
11105
23750
25080
6262
11313
28432
304
31685
30104
5656
27297
27416
20208
5474
18189
21046
685
9249
27948
30730
6884
18345
8782
19632
18186
12839
20033
24016
20223
31120
9845
25899
14154
15063
5214
9587
31399
32099
23322
2400
31935
27328
16468
14592
6710
11925
15464
6479
31210
4822
30151
27143
890
11322
2974
30137
7942
10992
29618
2077
8758
9102
28558
7847
3710
25674
23777
1882
1184
10860
25890
25057
4466
19459
20597
14044
14305
10711
32722
6520
23606
32160
21092
1858
29848
22645
31279
31293
8914
25991
1014
24881
6999
17679
5724
29255
32131
4997
11337
3027
292
28947
20111
6001
7481
7497
4302
9043
3066
31506
21909
9689
20504
4327
7625
8034
8005
22850
26443
3683
22007
30550
24277
27062
22633
9213
26917
5428
1251
26354
18270
1157
6972
28736
23211
55
15773
9722
19237
16654
28295
14893
5623
21915
12312
23827
18111
1552
10378
24457
24632
10835
28668
22979
14359
9809
27509
10815
18994
149
22822
24823
18151
18201
29167
27355
24764
13916
17445
4478
7491
22196
11155
8976
11585
998
2750
22156
4110
4852
10606
16434
1599
2614
23657
27192
6019
8108
23170
26045
12235
29075
25298
26622
6062
11574
6214
18380
19467
6151
13914
28478
30960
12014
803
5539
7098
20449
8851
21946
4222
8629
12025
29734
3752
11828
15047
27164
22754
25199
8088
2143
9272
26966
15985
18030
31353
5253
5447
4603
7136
18273
19906
12960
9203
6244
10561
5582
30124
7349
28190
5894
13015
4604
14899
6219
17083
23156
24221
32471
11260
32578
10431
26637
17856
11525
15498
10927
1041
24238
25596
30801
25475
10898
30695
13069
14358
26045
17908
19321
25437
4489
6119
15062
13792
18288
16421
28042
32704
5919
20339
12753
5273
2763
22528
32431
18092
17864
24998
10025
7486
29016
29549
19892
19003
27585
22097
11246
8991
28066
30021
652
8470
6534
32375
17811
11362
10682
10710
22732
14078
12380
18642
28785
27265
7605
866
27181
27972
201
26188
12868
711
13867
9889
2317
2897
30998
16006
15529
9943
2746
18234
10991
32543
25556
13397
8102
32038
9345
21582
25335
28094
13908
14912
3105
22907
21670
29934
27759
5072
28461
14084
9832
17782
6865
21664
17733
30221
1210
14864
26792
22790
7086
16350
22666
25024
25498
9
5493
25329
10094
4246
14580
15688
32046
18247
14921
24913
20550
27307
27485
10392
26143
29783
16893
18961
4335
18546
16706
28087
1237
1655
5969
9076
805
22326
17221
16705
20481
23580
22378
27790
9769
9141
11180
21220
7443
18287
5199
21961
13631
5793
28896
11748
32453
29387
10091
18785
3632
16672
24558
27031
13198
5441
5134
17384
10184
31052
18185
10729
9264
30485
31212
31939
6233
18099
12294
28634
29227
17983
6044
24236
11318
7896
10974
14843
5703
15082
23834
20526
3129
29104
10288
29941
3854
3064
3654
19500
29759
1575
25532
15362
8015
13180
30050
19034
31142
9881
24297
26993
7325
831
9624
30657
25046
7513
27456
30502
19918
2364
19826
16192
2229
301
17647
12056
22909
17443
6496
8710
22321
20943
15688
11218
17544
10202
9782
24601
18874
25710
30015
10482
146
29175
939
28882
1732
8235
10223
9133
2690
20040
18140
19294
1354
2716
1301
19273
6402
19275
11462
32575
17222
9293
7059
16802
23297
7862
19663
7369
3130
5434
21487
11173
17969
14832
23358
28069
20395
10582
31442
4568
30090
11926
31678
32082
1952
7431
23433
4304
6085
25335
9183
29087
12071
14760
27271
22969
28130
5784
3477
13106
18641
16901
32737
722
22947
14001
14775
26116
30001
12003
8656
10222
31758
686
641
12770
6496
15221
24371
23285
25583
175
15891
23277
5500
16872
14859
25697
19540
16904
28912
10779
2853
26584
8701
21441
27407
30658
4224
9653
13310
6873
32467
24633
20280
22297
21902
6615
18482
23791
19195
6400
20392
19964
7882
28915
29932
24854
15878
26080
2431
1935
25416
23629
25310
30650
1835
22458
28318
16556
13567
19584
19643
19264
6082
18687
25646
27742
21324
14840
9661
27772
32201
20024
28951
10340
19820
15735
20512
12088
20066
30335
31882
436
13573
30865
25509
22196
8275
23556
7288
2294
24734
20015
1040
4640
5764
1161
29720
14085
15906
27407
18346
18724
31365
4582
8805
8561
13665
7746
11712
14425
26374
17030
16541
32512
6799
429
9506
24013
605
16872
28868
31784
12484
29320
8868
13698
18691
18719
31775
24470
15482
23010
18336
17903
26647
3922
441
32427
9746
17692
6259
31870
10202
2621
13538
506
11343
20073
17148
23053
26161
32430
11179
31179
9944
21845
29984
28525
8486
24841
15723
17050
22715
1851
17224
10726
4455
1476
28988
14745
21221
14284
7905
28593
21702
8683
31870
16682
26283
2447
23771
3196
10423
7070
20820
5478
10308
26204
19499
28138
13525
10894
15651
28825
332
18400
23626
12304
25950
18564
5910
32707
21315
20508
21427
31225
21938
29146
32412
10008
10764
12773
5737
10787
19160
13823
10727
5761
32367
26982
31854
21248
15864
6135
17519
11801
2199
17561
14413
1910
30434
16089
23918
12977
8853
15314
19857
30559
13958
30288
26210
21069
15067
6709
5963
23561
29050
32539
16782
30884
22209
30266
24209
13495
6776
12172
24696
29604
9475
31280
249
21278
31964
25613
29292
26604
8257
31927
10018
14313
10026
16278
8952
5456
16766
26949
2860
16182
25990
15416
26735
27480
17058
30882
20283
7447
19515
2965
25190
28097
28920
14699
25592
10770
21045
18278
18490
26875
4017
26771
32527
32673
31622
29172
26503
30377
19039
6621
8626
25779
5093
18079
12978
21028
14202
12388
12052
2601
31018
23130
24417
31993
27358
10004
4847
5978
30163
3117
5373
13158
6219
10542
30719
1679
11139
17841
11063
12513
17892
31431
3717
20871
3453
2968
30848
17553
3761
12617
25285
28148
27437
24099
12432
13778
29982
15345
17289
6652
2720
27049
21216
30902
17785
15439
14491
30906
21255
1815
10543
12927
2167
11978
2382
32442
1848
3178
22017
3622
1455
25369
21238
11904
4141
27959
29467
24790
22046
17611
12140
9474
22403
11044
16392
7794
1698
29632
27531
30250
12795
5740
24728
7691
19071
11437
19893
22869
23037
24159
11100
11883
15837
412
27726
9686
31248
29151
2091
31373
14407
25193
5184
8051
18275
12260
24224
15906
12077
30023
16246
4839
11336
26617
5273
18957
10340
16185
7009
16991
691
10941
7354
22760
15521
7321
8054
8701
24256
27235
5352
13182
10753
2453
13230
25688
26922
27442
29902
9550
30340
15021
26373
22266
18900
1030
19547
16654
8845
1334
13819
3808
8772
11981
4674
29990
27492
6106
24854
25853
6179
26891
633
28721
7605
789
21341
17080
28607
25686
3258
21887
30734
4537
6367
15978
13961
1755
21254
16790
7524
29036
25898
2017
32151
15319
14365
7852
6031
11045
10709
9439
9251
5150
32262
18734
27081
27570
15607
32155
12810
13976
29838
1084
13107
7221
4012
14655
16974
8383
14273
15915
24912
19106
29847
27240
32148
14115
32370
9474
29320
25155
30299
2986
9383
9702
30905
2814
18599
13364
15905
19466
10995
4416
15983
6926
2907
20455
2582
11137
24842
5628
19892
23895
6841
11170
13290
26496
12067
6648
6506
2993
4537
7420
18257
14182
24470
27817
10168
13864
22709
8547
10373
22795
31074
14229
16519
14204
18414
30361
19139
27961
10919
16088
11272
31137
23047
818
30410
9262
17196
29088
301
2624
28296
3863
8543
14876
16090
19120
1067
32564
7261
19463
20939
17321
24639
224
5374
11022
5204
11793
6235
19055
23308
1948
11749
8593
5027
5147
5343
14716
3735
24417
29154
3127
26207
16478
3372
6611
20570
13891
19259
20138
31238
8423
5019
7913
18034
22633
6652
31564
32758
26648
15751
809
21025
28815
29298
6064
8179
29988
27090
13425
2636
6276
27569
12575
15013
3223
5985
20627
17918
14762
32271
16659
15383
24780
19355
29141
14051
15736
29096
25023
32314
27253
2287
19313
5070
3579
23768
21125
15200
4375
21835
5653
21300
26192
12995
19582
4290
9099
20645
19556
30126
29484
25041
9975
4346
8318
23414
14196
24699
17237
554
19438
26249
20210
19770
19278
18427
2086
5182
31897
1619
9915
15089
21361
10805
9743
20288
26079
29214
2306
19873
28495
22866
5394
32678
1244
2838
18629
10450
24270
5664
4424
30123
23393
29772
853
24848
7881
14992
7001
973
29810
1330
18647
621
21900
29752
18695
3408
14535
19489
5316
9981
3931
3794
26021
9400
4940
8403
5737
7512
19180
20155
25240
14931
26017
18153
18791
7963
21992
23413
6108
23213
19610
8294
24116
5990
31087
14886
21634
32025
13504
28723
29336
31072
30353
22550
16170
25135
16078
11417
6705
9903
21205
9525
1678
585
29749
25034
14064
26112
29877
16019
25079
3077
19353
9304
8602
27013
4128
10469
25030
29382
32081
5052
8775
25970
25335
6919
4076
3379
10219
27856
14566
13951
16785
22644
24690
17334
17573
11349
13752
6250
29496
7120
29170
20221
27637
16751
8656
27762
24233
4447
7707
1661
27139
20516
30618
4060
1688
24971
23090
16106
9001
992
11088
17010
22057
19298
26508
14529
18554
29172
902
7423
15736
20245
21524
7871
23608
3090
16800
6100
7697
26746
19147
5222
1628
8915
6742
8518
1913
22923
13379
21631
14611
30770
32311
17454
17316
1254
10019
24467
9531
25102
12835
24167
13181
22603
10407
14960
32489
31915
14288
26452
31585
18208
15645
15531
4582
27953
1606
18007
32676
21744
18536
28440
9774
13356
4707
14683
12554
12263
16000
31315
13424
4106
10072
19275
10575
23384
9201
9531
27281
28577
3881
23193
6048
27192
24152
25457
41
29863
2865
12216
32032
18848
21737
29662
23300
1591
7324
9122
14692
6991
24812
3882
930
29522
7403
22099
26359
8230
3643
9798
27063
9564
9843
30028
2006
12970
11205
12515
30892
25243
19678
4625
501
20869
11278
3064
31772
8380
9641
2219
27577
14853
21933
26688
21592
26445
8356
30246
10364
4763
17356
18617
31459
16964
12406
16148
21772
9566
13996
4390
22263
17526
17174
9737
1068
10886
13343
9358
25086
6689
2643
29213
19217
8945
30731
5052
7194
11107
5197
9581
7654
17057
13550
23485
20638
20161
13305
17306
31817
27451
9301
13413
10898
2977
14753
10312
28107
13962
26467
28362
6451
27856
31586
28064
20084
4347
14160
25542
1136
25340
11692
25295
27453
25631
26087
29306
20846
14139
3014
4741
28309
20779
11783
3782
14086
3458
20551
22903
7389
31611
21539
24530
25154
30511
32158
3294
24811
25355
5826
28296
27363
5504
30347
12533
10378
20220
28416
25623
6110
19482
26275
16254
4344
18454
8459
22641
29657
899
31440
32318
25447
9024
7335
12494
12723
31656
27086
25980
24957
7177
11691
3623
24826
11863
19632
5766
25045
32546
31873
19388
29299
16838
18265
25133
15483
25826
24234
3471
3222
2827
259
24388
1907
31681
30519
24295
12303
8353
27836
4389
9011
25309
10065
24782
11326
31978
25059
7723
5924
5240
20146
2195
25527
12455
1200
5689
15909
24696
23593
28232
24770
9601
32425
18738
17160
30438
11803
11076
14812
28804
1838
11647
27923
623
17149
18595
17973
13471
15342
22156
15489
21222
14810
15809
8753
5413
18799
31563
22271
6080
8915
32451
999
14415
25482
3247
17455
10903
8090
6927
24485
22968
3565
23602
31272
27047
21494
27598
23657
27871
13464
21072
14835
8788
9795
21105
6249
20393
5216
13578
15375
2978
20463
1833
15756
3292
29550
32356
11503
20668
15869
30573
26095
11941
10689
17127
31095
11118
16774
13432
20578
8467
31144
10272
27523
3754
4147
29129
25832
9369
14409
27423
5727
24839
5316
5025
2362
20624
17949
30456
4944
18237
3981
19848
17732
9651
22385
2886
3594
32426
1779
20681
14246
12449
3303
29347
8503
18384
2035
2801
23093
15455
23539
18737
759
24789
13979
29780
5752
5331
18270
21268
346
4098
11919
28296
10795
22858
26567
25334
20200
15941
13190
13032
23487
24307
17437
20610
7961
8623
12747
20754
32472
9057
31270
32489
4829
30710
3772
15722
18638
20237
14075
29536
29974
20723
18766
28565
29997
18386
32649
31648
18201
26917
27271
4350
14901
21359
18705
25700
7473
5165
17922
15188
3418
18953
25001
16367
19227
14160
2671
18186
14276
22694
10426
15491
24715
21497
8721
10709
15057
21427
6016
2795
30118
8756
25406
25906
1166
6527
6541
21746
18309
15155
4322
1246
29762
1214
13638
17386
9401
21453
11004
11612
12003
28422
1124
5926
10689
1786
3871
14963
17311
17237
31860
19072
19862
12376
26866
28077
8276
8330
1879
19668
15904
22186
29361
11481
22040
3047
27587
18050
3261
9812
1450
20617
11698
13206
1473
28656
10945
31711
31425
661
3103
16673
20269
30726
13809
32379
23277
11414
9998
15352
14392
31409
5383
19064
24504
30316
2405
31726
20457
1888
25649
11212
17347
21689
26554
11196
15512
14218
12690
26769
25407
10084
17626
23421
1138
21798
2495
7044
11381
26646
26181
9008
9720
4401
21572
7815
24639
26816
6319
21818
128
18988
28
1311
8845
8723
17537
16609
3250
25243
60
9975
23265
4615
21079
1234
25868
10120
6153
14939
25811
10837
24448
29084
7775
18173
30685
32445
4238
20220
17025
31795
28752
22157
10631
30516
29521
25792
24465
16494
11736
27084
19656
13560
2031
28582
19742
5001
3524
14547
9175
12776
8015
16762
18503
9891
17205
22205
28637
15108
8428
14409
31072
14657
26144
30764
7545
27379
6998
3304
2162
23497
11216
18885
16701
13438
9392
12651
440
16904
28512
22191
25647
32019
2864
16302
2594
9645
2625
32536
8265
18243
21923
30671
25558
14540
31930
32433
3322
27972
5094
20145
17066
10332
26210
813
31651
27504
32621
3196
28844
11961
20136
21190
1051
15044
27584
31512
17050
13858
15692
695
24875
15202
1785
9397
23658
2876
8932
15811
7442
12047
27207
8774
17859
8078
4440
6829
3587
17333
31342
31233
20098
23555
17510
701
8866
11747
6213
3553
17206
875
31262
10306
32394
21320
8503
6692
29093
9465
7015
3338
26314
1340
16322
17357
32069
7878
13433
6380
32356
19255
3067
14115
963
12365
15712
16447
21196
15704
31752
22064
4479
7406
12927
14944
14447
28383
9380
30531
26125
24171
32011
18480
30505
26803
18847
13167
2230
26478
11148
2707
18126
13277
15964
17673
11510
30209
31327
26866
7074
29707
5713
30254
26364
30228
11319
1977
17121
4622
9610
7995
12332
29691
12951
20186
20280
30301
20774
13651
15264
7917
9818
73
21833
21391
12248
26845
6819
23430
4139
24190
30763
228
31336
21506
12597
26181
269
25334
17896
25789
19503
14643
31370
1551
31445
1202
25598
28448
13215
20898
7562
20139
10411
3767
3038
9269
4792
11204
20818
29508
26508
1676
22384
14028
20372
6614
4530
10474
7883
8895
23948
13012
21724
12372
9133
6417
26763
20832
7811
14309
25169
21635
27133
25616
2630
20100
16532
17336
11589
23272
2444
13219
15690
19140
7287
3241
20766
13775
24060
23913
18231
8635
6614
27708
4057
13254
15903
5479
25218
8332
23503
22933
25221
19999
4224
12420
30453
23641
15732
29694
22980
1905
12248
30475
8748
6349
7754
7525
20046
23063
8090
1836
4122
16019
32461
9435
24942
14000
4200
18299
9090
25053
27883
278
19843
4765
13467
26991
28286
22750
16516
6896
1664
1671
25791
31716
31484
25168
10225
10214
10860
31958
5140
3481
25403
23535
1146
5274
16867
28730
5390
24499
14931
2299
5854
32594
20627
14886
11734
10297
17578
26810
31694
17014
13760
29008
31944
25750
128
7412
30834
3862
23744
22579
11507
15386
32356
24693
5859
5985
15743
23438
31387
29305
2492
3471
4784
18735
11517
8418
1978
27210
8513
13462
5466
6265
32203
9463
123
14217
16257
16994
17111
23003
28818
27223
4029
16918
29531
14032
5650
11545
29836
14289
9111
30772
18566
27457
3433
30615
14344
26360
462
4362
11
26905
10030
28383
2282
17058
11360
24357
6342
20545
11816
13087
1321
30058
5629
13045
10217
19878
22031
31144
6992
2094
9864
19787
377
8632
10258
18289
23293
28817
3994
25058
12496
14060
16212
15250
5477
12154
28928
10707
16665
18490
21867
27081
19918
32659
19768
1566
21974
6048
7904
17656
31252
5067
19960
12840
4957
13469
30643
6565
4900
26068
22695
1592
22359
21174
24532
6264
30084
5286
29410
18937
16704
12277
18346
28865
4553
21242
30456
5883
2794
2917
11407
31472
27935
26064
6254
19250
12538
11159
1362
29466
29125
13034
14460
2933
27497
29984
32436
17275
3983
24398
2702
22017
30212
4377
2028
24303
11362
32200
2244
9459
10477
9118
12068
11127
25787
19814
14451
8401
24856
4687
19961
31930
7208
2042
16034
25346
14542
23250
1534
7810
24013
16540
17549
18513
4141
31054
3386
28475
3297
21029
11301
21358
26022
24306
19109
2679
25902
23989
5262
8045
32382
30828
17071
876
19349
22829
11935
25157
24398
17523
21434
12148
28295
11702
24934
32595
5251
31294
17051
141
13965
26168
16034
10708
19166
16394
5916
28631
1729
28132
18247
5998
14325
29079
18557
30744
19795
24235
32765
17064
21168
30379
14830
8251
25605
24516
21921
15725
23502
10639
1815
5581
16559
5162
20931
5006
13917
19853
8336
22399
30140
6427
7974
15677
4165
5496
14441
28582
683
5275
24131
8594
23230
14884
32420
16062
29839
21487
18887
10505
4821
8425
11702
21987
22159
31266
11024
24578
23019
4644
26378
24918
29287
16004
7860
10560
24118
32694
24446
8959
24805
15141
10490
107
4926
23427
23523
31973
27245
19294
6751
19598
14945
32245
32129
2999
14197
31305
17426
17049
15184
7287
24209
20806
20745
324
31864
22496
19599
20474
32449
28425
29001
22131
29609
17562
27641
11123
32692
28824
9190
19259
22513
5732
10042
25178
12671
9777
13993
15047
19024
21179
13395
32557
28461
3895
31212
18566
8954
10629
23066
10731
19260
21677
20766
11946
1496
14217
10423
32410
3101
21439
4931
7339
18181
22771
552
29633
30904
14394
15218
9667
8018
3025
29374
20718
29926
9999
26966
16240
12483
25240
22941
13618
28150
30932
12718
20469
23312
1695
24896
11680
5929
1090
16077
19672
24612
19106
18419
23506
30261
30904
16666
26981
22689
19777
30807
11364
16325
18615
12176
21802
30810
11135
29153
7542
1015
9316
22591
2682
8919
17220
347
5422
10973
1033
16585
11498
20437
1499
18786
18484
16637
17045
22247
30679
16324
23157
6887
12341
5073
18455
28898
15581
71
4260
7598
4704
7752
17479
7706
29281
16568
25312
18642
5612
17731
30973
18306
21001
30369
2310
11070
27280
25624
5303
8226
1854
21059
23251
1077
32521
10515
7447
26003
28081
787
621
11212
18328
16880
26979
28807
24531
19512
16091
19307
5249
22626
11524
5439
5467
26895
13961
26191
30861
24207
4616
21522
4549
16807
22981
12811
16265
11153
25504
23021
8909
28485
21828
16130
29893
26615
18594
20685
28408
4321
5278
28911
31126
19010
3591
71
5131
28583
21709
18269
11220
9065
366
15873
21905
29559
18098
30255
7260
15189
23448
11830
23386
26469
16784
19993
21903
32102
15082
21558
32759
3642
1423
29989
12754
29932
11759
29411
12095
1777
3642
28464
16908
6574
19923
15669
21709
315
29954
30314
17451
27751
26857
22199
23167
16892
25529
9178
10656
25412
15653
9224
14072
30667
5911
26583
11742
9831
17058
27483
3104
24438
28985
21135
31966
7271
1566
17655
21919
14460
7196
11396
27038
18125
4985
23480
10085
2449
15399
24330
13469
28313
28730
32140
31781
13597
12959
11467
25185
8379
9738
31735
5077
23997
28720
14916
8690
31387
23863
23695
25135
6848
22378
26181
17244
18065
1842
22913
3379
31916
12097
29300
15921
26733
6417
12810
31652
25015
9613
31690
18436
6641
22030
19199
29574
6734
24968
17173
31471
30546
10758
8005
18598
23954
9811
17781
3086
23483
5114
89
6930
3541
1393
9439
4610
3529
8338
9930
9629
19745
8522
24732
23407
15376
29845
4794
7261
25010
32682
24011
21886
18836
26482
15457
6956
27255
27711
16347
603
27217
11707
5258
9258
25493
27423
4370
32696
4020
5029
21779
11833
31460
15167
15113
7497
9504
18313
8561
17279
13424
26876
20270
838
7274
13413
30506
12264
24313
28822
8000
26860
19037
27740
28250
16290
22643
28849
9686
23292
4919
9010
18991
3487
8839
27859
16089
4666
26410
14545
22892
25111
18192
8168
12293
23024
3803
21447
9961
8451
3231
24257
364
1640
18406
3013
31250
18595
31480
2704
9715
31606
12633
9249
10084
32761
12178
4973
29651
17132
2100
22101
12531
13643
539
2773
27930
13091
13296
11390
14055
19621
30961
17958
22567
9592
8949
27614
14329
24148
3498
4388
10289
15565
30498
3930
8699
1388
16782
28791
13761
15364
585
20989
12878
15939
536
29739
18227
27784
4784
18803
9833
21748
23928
6702
26937
5316
3985
4239
15449
25566
1812
16597
5976
32425
26010
453
827
25122
11266
10584
13417
3629
17262
433
31684
16936
6031
2641
21273
26566
9763
22926
2234
8219
10171
12865
20073
9971
13762
8640
12152
104
4539
14860
12847
9396
29130
15435
10350
7747
30326
18296
29587
19981
11693
24409
16286
18978
18184
24497
31124
2694
23889
12216
1313
22592
31043
18888
30080
12974
12688
27481
19872
7963
3113
303
2943
5779
1209
9170
730
1526
23666
14399
19209
5196
5901
2269
17445
9048
18700
27314
30571
15984
6979
17111
22245
27532
10134
41
8263
4764
4868
23874
26391
28447
2277
32424
2576
16369
31599
16707
6089
10596
19839
19733
26258
32147
18839
16421
25502
24307
2594
1468
23912
28971
14080
11732
19791
3110
15422
22734
25731
9574
24101
2915
24613
25499
20087
32477
26794
4212
9973
16775
129
23733
27940
15202
17909
10890
849
27417
3156
21018
10963
28471
4177
5216
31632
12184
19367
12342
29891
15133
11263
19891
2812
11684
12564
13239
22376
12856
13845
31684
19538
30084
27211
14352
4842
7310
15611
16344
30277
5026
16526
5622
32678
18827
18671
7606
10236
11018
18741
4582
17067
29312
13442
29228
1423
8174
26154
23197
21054
11551
21784
31114
9358
21028
5742
6045
19032
28161
29548
26149
18555
26534
5779
1967
4387
6945
5130
1750
28491
10001
20800
12124
19328
11870
4051
32121
11752
25127
8113
6002
8580
26620
31869
1390
23730
28750
23092
7046
21238
4387
25872
18971
5113
14606
14508
18540
7122
20063
21098
19815
30853
20119
786
19136
26825
543
9147
24129
22543
6201
4591
28001
23487
16182
14090
7959
5573
3306
7907
10224
8268
19293
25006
7264
26313
32195
25889
15701
4156
12718
14550
29458
24243
28803
4593
27195
10255
25898
10754
1836
19466
2570
1325
9103
19321
29493
25480
18990
25807
2271
25028
25861
23011
17941
3344
4508
17139
20396
28218
3988
4840
30583
20503
32127
12507
32701
17702
22517
19161
13033
12400
28388
17891
9092
21938
17703
28473
10337
13502
3674
21209
26903
13343
16109
23362
3764
24316
25208
7805
27824
14911
11342
31838
13856
29941
30293
29192
4908
30712
8725
18095
10947
6348
4110
30114
29838
29640
8527
31112
26402
12662
30532
23785
22137
15164
26064
13297
5795
9019
19355
25457
14009
17271
17582
22823
26643
22584
27453
6463
26042
6577
6851
17689
28704
6368
26965
32589
12559
25525
19247
20717
7136
13430
5268
29706
7661
12386
19925
10105
13129
31125
3503
28630
13230
6187
19929
27082
27574
32424
28126
4490
22094
11672
22569
9120
2664
14962
32094
31470
12529
15810
6641
4080
5891
27783
31217
32065
12379
24794
12068
11617
7693
21969
27993
5557
3446
23203
250
8911
883
16653
5089
14832
26576
19188
13420
29643
25860
23371
21204
29836
28699
11831
10426
1305
3315
23665
16131
20888
8875
11757
1510
28977
29785
32697
13123
6933
4603
16679
23351
11455
21937
19502
30445
25978
16681
7438
19895
31523
20314
11571
29789
27696
3701
30044
22197
13041
5656
23292
32627
15894
11717
3296
4675
21106
14228
4883
11285
14846
13092
5631
7608
25633
27863
8404
13483
23342
11583
25390
1584
13103
31955
13810
28833
21985
20455
26488
18183
20479
11995
4848
23273
963
11922
1790
22626
25771
19749
32680
10358
8313
1753
14194
19878
22909
14159
5063
28354
22038
6907
28827
1023
18807
1239
20303
23114
6567
7257
27861
24795
18123
14242
788
29964
22440
9720
14734
8300
28516
32374
2368
32015
28812
18178
6089
13353
20828
1920
19919
19163
1338
7493
11423
12621
8067
25295
10003
18429
5002
32691
441
20311
13790
29910
32305
30085
25292
14560
21975
30344
28197
30958
18339
648
16450
20872
15693
24168
17476
5074
19380
29342
2976
27398
4736
15426
19164
30241
16134
21604
5011
10717
13933
419
28607
3808
11023
2043
16952
12339
8482
10975
4215
19957
9880
5512
6560
10321
16963
7564
24256
30381
24125
5042
82
24356
12679
5893
5385
567
27888
7719
24009
28351
12089
10984
31478
4646
1142
23575
1778
30935
29879
20889
14817
29427
26088
5815
31408
28998
21750
1724
341
11897
10804
24512
28248
30857
11516
30655
31634
11896
23193
18414
10805
17986
9316
16974
4620
28434
22830
9601
13828
9142
15838
17117
492
16720
6491
27327
21881
30287
14253
29473
16525
7582
10335
3183
21688
23067
15399
22679
12288
1611
1481
30816
9437
19532
25144
764
9096
31243
19454
7136
18549
26039
32223
6867
13342
30325
10425
31301
4099
9557
16559
32739
25839
2692
9606
21352
9852
19140
10831
30646
6105
31002
16455
23077
28107
16582
18683
27675
20978
27512
21424
31453
11086
6081
18945
14756
20482
13256
20426
12788
1111
4158
23109
3625
27395
8084
17011
29267
19116
13675
22206
22339
19624
23116
12252
7142
6407
1945
19702
16594
29651
24515
15114
543
16278
14014
19342
17272
2333
32434
7766
625
124
27892
695
17179
850
27444
29677
10967
7246
10488
13498
15719
7154
24905
20048
28747
11927
10411
30321
2122
5042
22355
8405
30031
23125
25493
16332
8310
18169
16540
30756
24679
18042
5469
19533
2019
4707
24525
699
17052
27244
22610
19340
13386
1857
10616
26987
3579
10885
20454
25012
3498
28695
13968
30680
7188
17556
25390
30724
31943
9501
18156
5373
17532
3162
1891
23887
2470
12478
21448
2982
843
30733
6755
13948
2579
17436
12867
8948
12191
31961
19761
16134
24603
31626
17890
1757
16919
15194
7793
22909
18578
29457
17164
169
11096
31779
25837
28676
14735
10988
395
32630
14988
31802
27154
9425
20715
15372
24337
28853
5086
2457
5235
21169
21189
23700
12721
26794
14079
28591
8774
23937
14336
13406
19042
6896
5540
13277
29666
21173
19651
372
1920
8947
14854
8698
26183
22997
24313
3224
30539
7284
32097
10447
15766
29947
31951
28092
2661
3081
20085
1691
8085
4438
17209
8331
22104
6042
2056
17808
7724
26538
15469
26846
26638
3812
22370
2133
20970
11470
20070
1864
9815
17402
13007
9858
1153
4653
14690
15755
17510
13247
24609
6439
27462
5701
9828
8992
17492
32366
2859
14149
29106
9515
17843
18867
2460
12307
27719
16979
5092
2309
32089
12708
31646
22799
32465
17083
18716
10894
10149
3720
14365
30359
18346
13402
32321
8598
25002
23461
21952
11061
11190
772
8284
5504
27069
16506
13972
18246
22110
22269
14107
28098
3579
17717
27272
8570
12303
12673
3919
21096
10945
22331
8688
16216
25785
22845
30062
31889
14642
7587
12291
19895
31312
5843
18
22256
28084
7611
7517
26950
30543
16730
27256
28237
26227
12162
19070
14085
6448
6876
32514
12801
27101
16940
8776
19657
6901
31958
4533
1150
13605
28834
23685
27068
2978
21692
2748
7108
23232
26111
20575
32475
13505
28786
227
12781
12522
4627
22246
1910
4317
6868
25629
1443
20514
11748
15758
12724
20999
2095
14335
10916
8618
4136
18606
22284
30804
4806
24130
10821
32264
20940
17922
17612
30812
18254
28997
29675
23432
17009
12073
21654
29117
16754
11912
7572
3256
11498
23592
21727
30102
22608
28978
29772
3818
27583
17894
16750
23821
6905
15500
23736
26805
19885
22702
19427
12233
7413
22148
911
6260
18979
22192
13357
6777
4797
29228
24092
4806
1478
19072
28946
30027
15935
27192
31422
20748
9966
2453
10412
23157
11102
2947
8552
28654
31271
18123
30950
19632
15471
28554
17441
24023
26289
13538
4099
28088
1726
26351
16261
6516
13057
14588
5399
17614
32518
29687
27458
57
6462
11555
24716
5429
30204
21773
31388
11484
11204
12993
1182
17592
25797
7997
11497
26072
2468
5414
9695
21027
2427
26810
19989
7148
25378
15366
9141
23494
21421
857
1824
30873
20021
11768
4311
13813
8412
18195
32411
31911
27403
8952
31699
4490
18686
27783
18735
11936
22659
9958
1931
12897
31486
30582
10774
22867
30897
19461
21427
13787
26938
12613
9119
23123
1373
28028
13652
26972
17924
13182
22446
118
29828
473
16205
12494
4130
591
14394
31318
11478
32137
6861
32027
12111
14089
1998
21716
2614
17761
12250
21174
24759
15010
10760
2448
12862
12568
7629
24595
29566
4148
17437
7537
14520
7626
979
9259
21818
12157
11603
20259
5158
4215
6510
9465
28276
28509
12166
21908
25146
26753
5874
13823
20267
90
6051
11895
31838
8754
28168
20162
11090
30495
5680
31938
23598
10548
21039
29001
10061
26360
28610
30511
20473
15127
4406
8354
29815
3160
32133
26302
32581
22991
15299
26461
15775
1876
32184
13617
16199
20020
7631
28176
25478
9766
13359
2958
14190
14976
1831
8657
2403
16298
23247
161
21978
15571
25580
27327
29023
7652
25109
22392
5085
8626
9492
29305
10522
30840
399
19941
2689
9860
30952
31397
1572
32560
6241
31488
22273
19476
21380
17259
29316
29818
24002
15778
20302
14610
18266
503
2357
22504
24956
15082
1676
11410
11694
26363
676
8366
23664
27836
8594
140
7963
13610
28979
2087
20751
16445
31598
15450
15373
26558
19897
25680
31714
17497
6623
14141
17734
26867
21504
4683
5123
26686
29145
19160
1114
22666
12101
28894
23458
18910
31748
5554
1074
25159
30396
27378
129
5232
6461
19896
6540
9331
31241
4628
19576
28399
18196
8890
15225
9819
24008
18679
9714
31385
9292
12522
11230
24270
2054
32240
24686
24946
17759
864
28659
19107
23750
30073
23807
29887
22775
9880
6343
4913
19069
9390
31436
23435
7285
19186
23483
17622
9878
7123
22417
20773
8302
30513
31490
5489
23022
204
24604
29600
23849
19197
32296
15079
23897
6564
12497
8786
5923
20833
14984
20897
1564
26375
17958
27734
5003
25421
11219
21260
8817
20167
32039
3850
7366
6677
7312
7192
26118
22107
25588
1170
22252
20977
7831
954
9853
27995
23102
8786
25673
15483
21397
363
26606
18437
462
18296
23005
820
1419
25510
14689
18875
32510
7024
989
31231
3918
5741
24917
32643
2365
23661
31279
24995
5385
31173
23099
10886
19343
15847
1266
14926
3254
18486
7931
23185
5387
22296
20724
9741
5801
3404
18286
6295
22876
8574
29753
23381
9734
11288
29923
8493
321
1884
17019
10109
31045
30128
3738
12045
2829
568
29093
322
25269
20394
20044
21908
31527
18782
3670
11073
24822
27301
7329
27459
7306
4188
16484
26240
1918
2241
15800
1090
4422
21893
24407
13542
14101
21538
19875
31960
13053
16494
22250
11199
9817
17776
3304
5108
17256
4211
23437
22073
14906
6746
32001
5544
27856
6963
28390
10217
11903
23567
19677
5544
4757
23312
13387
32582
3647
30147
5469
14799
29098
3504
5449
14381
31849
23344
26071
5275
4375
25215
13857
20060
19517
16146
8342
4012
629
14635
14917
4087
27088
22954
10073
26185
29302
28710
22751
24582
4748
16188
22480
12251
2395
17191
16715
2292
23982
18065
22562
31343
7035
14761
20376
7953
5318
32630
13161
30008
10691
9579
4363
29457
23611
14651
17972
11019
12848
12527
6300
5260
11204
6453
31492
19682
20567
32251
9079
25724
5872
16700
22224
3162
11742
21530
3452
14274
26015
1582
21889
1589
17152
24348
5567
2465
31878
13930
5750
15576
26381
32146
29449
15937
5551
28757
22786
8909
12519
8019
14421
29997
18678
2265
18665
13635
10118
13306
2388
27606
25742
481
6887
9865
17013
10597
7914
28686
5498
4318
31016
6295
14931
31287
7087
25229
24596
13637
16337
26501
10579
19543
12398
18800
26762
24335
2422
1041
31676
8048
4265
29365
2908
9527
2977
24094
12394
2927
14099
9920
17887
3136
17234
24368
26955
3848
31252
27353
28349
23725
29049
29937
19427
28209
28745
21419
15986
2438
26493
11182
12744
8356
9474
26567
10193
9946
9145
22746
10535
20577
7362
4639
125
28727
15866
21898
17725
26666
10690
9355
31088
24371
9219
18680
16095
12806
4207
27208
26487
20967
9737
769
25842
1471
31719
19059
23476
16751
21302
26279
23795
1892
17024
31379
3099
2156
9770
25743
13169
30152
31297
16653
3062
14722
374
1412
15502
2305
23910
18349
21601
1498
31775
1266
17538
24809
32480
32292
7375
13217
32289
31596
4120
928
20179
3204
899
9350
11497
6438
11566
27656
28439
21957
1559
27712
10202
28796
4921
10311
22456
2628
18936
30470
5321
20585
5055
2121
19318
19007
13544
16405
31873
12049
6876
23612
7238
22618
21883
6190
30528
9271
16318
17170
16334
23581
7066
31766
10551
29639
9512
2307
13292
13427
24836
31508
3854
10318
10739
5640
13104
23085
16840
11638
6750
15741
27016
27745
14686
21117
17612
15116
7733
23211
3175
14095
22510
12667
21577
29099
2966
7503
26787
26715
23179
11428
1612
27563
32247
29577
29284
26701
15255
15702
13623
18026
6081
1690
31843
21302
26789
21333
26686
26823
11987
13672
18546
18471
22269
5961
3050
22952
18686
7931
26610
18295
26652
15678
31385
9844
26762
15619
27738
8513
7729
26402
21756
22937
10417
3663
26551
29668
8354
5963
10904
264
10783
20823
15655
14977
4229
13038
29254
17588
20344
20147
16732
27520
11559
5289
21171
3351
18897
13218
11039
9996
18569
12026
15073
14765
30006
31876
21450
30098
3037
16069
19108
26486
1315
28512
18381
5702
3085
3538
2853
18296
267
9823
10026
23966
11829
17740
30562
1339
4308
10831
22010
9173
23588
20548
21676
15691
6488
7457
31974
17257
2271
20012
23336
954
10470
29804
22957
10141
1310
5469
11855
31387
13247
17384
24485
27384
9165
17809
9582
30856
8346
6131
10290
1476
11916
27241
25638
16157
9504
24591
13137
3217
10799
11753
17133
16763
29296
26977
30736
32431
27455
6903
1931
31430
12700
26932
17682
9399
31351
28639
28062
21672
20523
6004
28944
32515
18760
210
32535
7627
7317
22836
23379
17457
13909
10850
15547
4194
13002
31529
15420
28580
25080
21512
5794
26785
14507
31788
17852
24578
21179
671
13499
2880
27279
26556
5084
1463
27104
31462
3911
15357
30655
16505
27958
8561
10202
29697
22361
25623
12027
31402
21370
4771
16593
23032
12125
26835
31475
1720
25578
13826
290
8247
13197
4603
11982
27569
2014
21515
476
9228
21117
90
8871
29126
30016
8058
11589
7981
30097
13377
8203
23758
32529
17364
4947
10799
31106
9221
7804
14017
13795
991
3635
20240
30428
25214
20465
10813
22621
26661
14021
11182
23171
21898
32084
27908
5051
32116
10526
9293
20009
31880
13059
14971
5195
9056
6405
9750
28889
18142
15695
24109
26096
27328
13943
31122
24432
31348
29952
20039
9379
1069
25123
9523
3359
10806
23502
22041
31981
16007
12782
24523
27626
15510
2282
20635
31854
5487
17775
4883
25900
519
25971
29414
12889
20429
27252
28197
8721
23427
14593
9910
8182
11852
4476
2051
9242
28934
1566
29935
31007
10713
4667
4622
11676
30736
14024
21
13507
16936
16410
6799
31297
2599
6384
3794
28006
23600
20148
24370
18310
2899
11006
9844
4511
12457
1626
12166
11579
8353
14411
13677
25752
19093
18576
24446
17927
13985
17829
19921
20114
5556
25741
18931
10209
6119
19919
28635
32095
32014
15295
25375
11416
5005
19966
25704
21733
6510
13892
23332
2636
13232
8797
10106
12194
28641
1906
20611
15346
1007
12938
25271
28451
16443
16976
4773
14804
26607
28183
30696
23691
25490
15899
29782
527
473
6410
7034
22802
15040
19139
11845
28947
10458
26717
32512
24195
11493
13675
20869
27175
28578
28286
2991
20413
13796
7404
18959
20450
15078
22480
11488
6451
1249
5714
28989
19635
26590
30505
10898
8557
10953
8542
12369
27482
712
8786
5094
2436
22731
27906
13036
32620
3427
24202
14753
15785
11991
27624
10647
24019
21877
23811
14509
21919
6694
14572
7230
25931
23365
18275
5272
17725
17329
19357
19632
22247
18465
23620
25108
23789
3768
31936
10528
32394
29914
23477
373
6704
10045
23244
20135
11118
67
17335
26934
18455
8327
20079
7104
30881
30133
23744
116
28619
9120
3848
21194
25986
910
5692
2417
6406
11734
26411
19593
15945
16814
13063
7187
23192
24382
18721
15014
21628
2041
17908
12387
15075
22828
13157
31275
1915
21719
32329
14607
24671
11453
25896
30215
7413
17335
17472
19943
4630
22861
25293
6544
26992
4999
9608
26211
2089
23297
19054
21244
18629
15678
4546
9244
3146
18750
30805
9702
26274
6739
26373
11599
27200
1328
31620
19920
22279
6979
20059
5981
12391
30789
23086
28827
32457
3599
26689
24910
16429
25263
9787
24848
19473
29883
18730
32329
11925
14821
25032
29019
16094
27600
17917
28701
29880
5922
13220
21899
16767
8411
4242
29116
28735
13797
27604
5652
20762
22763
9273
12730
13290
623
22545
4684
30248
1815
563
7378
10253
14408
26693
4849
3318
29430
15927
14434
31501
4283
8977
27810
24102
28454
23279
3306
25063
341
27209
12897
1836
8134
30328
8337
10409
2666
3958
30743
13010
20731
18150
415
4855
5520
14420
9488
8628
23919
26301
24836
3208
25634
4946
22139
708
9421
29049
15568
10663
3518
23573
20972
7111
4678
28679
6841
30642
3783
12277
2009
16854
13071
5449
21145
7582
26340
12925
9760
8670
23776
19095
26861
19569
18304
495
14976
22817
25719
3128
31062
32710
21064
31678
25883
23986
25619
5613
12572
3661
26543
20755
6907
14077
4602
24423
22950
2633
1389
27465
30857
1597
9972
26827
29443
29200
13564
8305
9239
24324
21709
22325
24165
12430
2586
14286
16472
28599
19670
24882
6304
28098
12618
15962
28387
31247
22117
2885
1199
12095
3667
11071
25268
7065
30033
13411
17968
18604
27327
21599
682
26166
8310
29303
11235
7237
13405
13005
7178
18588
2103
16095
10799
11096
19391
30545
9466
18132
27895
29421
26013
30409
25277
28392
3847
698
1439
5222
19802
12175
27376
14145
10656
5248
30235
29190
17850
14132
5176
17217
5272
13098
21981
4091
25264
28761
23351
12160
17064
11539
18009
25702
12886
24367
10195
26314
3051
12391
6535
25565
5995
6655
31672
5792
20577
25512
2148
24043
13264
2467
12500
29620
10860
20009
31089
10638
25354
31243
18393
20080
12630
4246
22322
8632
17604
31417
18111
30575
19401
28010
30384
29135
22346
3909
10047
29698
4693
8566
3576
12845
8719
12250
21848
685
16877
3169
15002
21665
28711
6583
15822
28584
15978
10531
6187
24812
6862
28591
27814
14687
9479
22153
26308
324
25567
10921
15276
1266
28388
28596
16768
24276
24669
23072
4333
25269
9091
13466
25857
20026
29422
13476
11581
25264
6990
643
1516
19464
22107
30808
2739
31008
21007
23693
14184
18757
14354
7026
19239
13045
18806
17448
24995
18409
25252
19647
14011
14931
31638
24987
18510
18276
30791
17436
19023
11025
23912
31870
8476
279
15701
25341
22027
14140
28999
17469
14918
29912
29387
9450
11226
7061
26995
26779
12554
17779
16587
24573
24041
25615
23182
557
14376
25892
12570
21861
3372
82
32290
19163
28259
4638
14755
4582
18393
10299
1305
9827
17670
8968
22258
7767
30699
4185
31299
31446
30301
9082
14010
35
24992
28273
13524
22808
3127
16516
29263
2504
12795
19963
23267
30052
30315
1319
22829
31579
7491
13475
29676
28613
12624
26330
19311
29442
3458
5833
2894
27806
31811
8711
9305
11640
24839
7170
25294
32036
8228
26251
13519
5773
14565
13205
13586
22495
17881
21561
19931
10660
22385
30974
2087
24877
23754
18264
23338
8755
3784
26734
4092
958
4452
29984
3472
31814
16199
25417
8421
22808
21399
22593
5504
17660
26129
1191
12825
8725
27992
27997
28053
15112
15244
17875
28724
3937
10527
16265
13580
16178
25060
29391
24502
23036
2153
17616
6727
5331
9095
28366
3969
11198
2615
2735
21835
29277
16807
18617
23391
22478
398
12954
12867
25040
21180
8107
15994
25385
31733
15989
11259
28998
12543
22389
13794
23842
14330
11548
5734
13161
30960
7450
13067
2012
11181
26332
22808
4087
6097
15187
7756
20689
6947
31224
14797
25669
27176
16141
26977
6479
16117
10021
14048
29624
27201
27622
12778
20214
31422
15886
29141
10318
28330
180
29673
21563
9120
18897
10704
8979
30901
19454
19528
14568
22208
3455
17947
7340
4857
4225
19281
17049
24518
20640
28836
5584
16337
14764
22324
17729
12126
31661
16508
22474
30684
24612
7813
19363
25017
1172
29785
17657
14459
7745
6843
4057
21773
11064
15637
31056
8790
13455
8882
17361
20496
1518
6189
15062
10200
32335
3370
10698
14465
24065
14915
14887
19374
13811
25414
31964
22944
23599
2461
8945
28492
2469
8973
10605
15025
1322
10404
31864
12648
32704
4588
21949
1405
1560
4197
23058
23677
11093
7986
14939
31952
20755
15123
23467
25929
12456
22163
19117
764
2473
24195
32323
31056
6577
25254
11628
12373
16733
13998
15467
7511
31387
8039
1318
31155
1061
24627
32460
23529
26184
15542
2234
26355
13546
17106
23712
981
13003
28886
27615
22902
14859
3058
11318
30382
3565
15087
6046
25248
31194
14620
25458
1866
25001
13708
13011
10842
10013
12926
18507
26691
2223
31005
31408
26001
23950
30058
29004
10873
21221
3702
27450
23733
3676
20180
5651
19343
23009
29006
14283
571
15528
9687
12245
21609
9584
8897
5006
6427
2569
22064
27096
1972
8211
19407
18949
27474
4872
6849
25080
8286
23421
28635
10118
4194
7076
2064
14626
8218
9494
12076
12730
17357
3023
5830
29660
11741
27258
6511
12317
19358
15344
15920
10939
1124
28155
4148
1153
28384
4447
7873
2795
28844
19227
14701
21387
31780
27372
15502
9899
24696
19219
498
32052
24575
23896
18896
5583
206
2383
12287
25929
19338
16346
358
26172
27770
26607
1460
3052
27360
2203
4433
23663
27274
21575
29588
30225
11172
31035
5430
1014
15568
23392
23302
26113
4985
6986
8415
4085
32355
3701
24791
25562
9863
3279
23226
2979
4639
14199
20407
5645
24061
7365
9816
23242
8480
23946
2744
27103
11913
14233
24304
2635
10571
6534
4050
3049
7906
9133
8666
28823
7109
14966
2657
12440
28223
3544
10516
7735
2938
14876
30117
11437
19165
26084
13760
7749
27543
363
20289
23998
6268
2830
2724
1777
24081
32012
22972
25268
18146
18570
30376
23037
4636
474
28420
9291
14423
8700
28508
13633
12980
357
25318
11668
14376
28672
15216
21288
25879
3699
30103
21622
293
19619
11578
23345
22345
12666
22062
12841
21539
20456
27955
623
24207
3367
13607
27578
7802
7236
21626
31753
9716
21211
26338
19082
12423
15138
22352
14779
27847
1832
5666
9423
1067
18783
32666
31827
21787
5721
1679
5649
4938
29647
30562
13365
16966
14567
26420
1966
15950
17334
9046
12759
18275
10244
13569
2391
17057
15184
19784
9798
9680
8724
11594
31121
16695
16971
24236
29599
23472
16175
20551
32308
21762
25159
11037
19862
17002
5537
29586
19695
14715
21341
19161
10739
15657
11883
25772
17346
288
22676
1344
272
30554
18879
7032
20867
23536
27757
19289
24156
13104
29575
31934
11866
28145
15705
16972
16603
10275
26590
11433
25669
13738
31294
24041
19364
29037
18325
29001
10133
681
28406
2848
18018
3212
7344
9490
32622
31743
28879
27271
28116
26563
12006
14683
15947
14015
6924
6872
5197
152
10277
18657
19064
23683
23395
4975
4660
4695
2316
14914
13974
25063
20093
3792
1668
21646
28015
29314
10778
19723
27769
1311
26445
18831
8406
6024
6606
3093
1385
13991
25137
7410
766
25250
20559
23469
3539
18004
3305
4624
15447
765
18062
15743
15153
25656
26046
649
17028
4142
19535
32445
28785
2058
9232
27839
11486
3245
173
20123
31350
15266
22738
4696
22769
30804
6803
25809
7318
30078
24332
9920
24318
29412
324
14364
27930
833
7256
3493
22136
28288
13525
17597
449
1070
4453
10617
27271
29232
1710
25336
27709
29617
14967
14835
16007
27743
8716
11670
1717
17367
16356
19086
8841
5469
25730
30820
4161
2001
30361
12553
6097
25054
1651
22194
6513
11893
12435
7141
9559
1402
5018
12756
16582
19645
23911
12523
31815
1323
13186
28581
16183
30790
31419
15267
27777
22994
16910
10495
17581
12753
21706
27614
10522
8882
14323
28740
9351
24518
5860
9261
23768
26611
25400
10201
21015
22700
11243
22631
3770
27936
28605
26789
11556
32178
28375
31783
22126
5034
16305
30870
7782
25898
11059
331
24792
19811
5147
20764
1037
5384
28062
26230
17554
7939
1362
13741
28218
19816
9291
21903
9830
12967
19332
23103
11140
25349
3969
21057
11734
31309
22323
6609
9589
10690
540
30841
18837
25177
14772
15586
3338
28453
29194
19179
17420
5139
23982
20472
22327
1239
22735
4492
10197
18470
4001
2587
2400
23334
25601
18457
29763
10531
22108
17239
21985
11139
30157
7311
8664
17916
7045
31550
2183
13060
30064
32177
30414
5257
9238
28515
17172
31971
28607
14726
11151
1031
22746
16864
2495
15613
1951
11224
24380
8084
24308
12241
8114
14932
13965
31926
23594
16564
88
22486
13195
18829
23832
28403
11360
20943
25679
4245
23515
22387
9058
16036
32282
8368
6136
20278
25514
882
10659
4006
22602
16648
26306
7654
26353
18972
2214
27670
7954
32489
755
8789
16158
16296
8777
21207
26699
24907
32292
13367
16276
23150
16897
22031
8192
15499
4547
967
16936
19821
3412
18858
31987
21735
14223
20543
933
29381
17502
470
17688
4355
4639
11873
20552
17981
21069
8581
25110
15463
9564
24305
69
28606
11748
30959
17865
23038
24322
13624
17473
24022
2556
29709
7874
1689
28451
3459
16854
28726
22014
6431
23748
27498
28836
21410
18
12852
3690
5926
1353
16522
25022
6506
9208
9546
23891
25707
22523
24435
27775
15668
31997
7061
2785
27894
17212
25990
32582
8283
24972
8791
15821
20760
10399
26246
13642
28098
23427
31861
3049
13282
29036
12059
3860
28747
9396
11514
23190
6571
29472
5969
31488
31073
29541
4498
3915
22158
9195
25878
11712
22383
5840
3344
4117
3306
7984
16064
19161
23654
25508
16873
5138
15328
31240
11652
23844
29755
28802
23734
17396
24024
26559
12288
8014
19303
8832
28342
10884
5885
11862
23730
5208
1382
2473
22601
29980
29628
27391
5246
28696
824
3451
17270
1068
14153
9892
17708
20407
14819
26985
11878
19383
14874
14945
15336
16945
6383
31063
1511
979
22634
1029
1984
8408
233
22048
20458
10540
28855
27285
27689
14288
18912
16915
26117
19841
29252
13001
25467
16020
23019
25969
16370
14373
31640
9101
12657
8304
19361
23280
19982
22143
2301
31361
1450
5382
9375
3132
25563
31883
13058
12409
11818
2249
7174
24177
12927
30039
31994
3582
23001
21893
28922
11938
21314
25479
13179
4043
27395
19157
20772
7765
25108
29137
23264
6993
22998
1706
20273
12293
10244
21377
11719
819
9959
7627
26961
13215
21962
5367
11155
23499
23982
5200
8120
773
20031
15396
14058
8099
9990
9766
6945
3726
223
14609
17464
9213
27566
24462
25414
14723
21582
9816
6187
23884
1738
1438
9577
1700
8400
22953
5686
29624
2146
20158
2767
5281
15055
17478
7950
10142
2018
27436
7999
27297
3417
9095
32560
1550
1688
23929
18311
5311
17567
342
27992
27979
25146
8969
18423
4232
2167
1204
6411
24910
22365
11415
23268
2430
18139
4659
18703
12355
5119
9903
22311
26008
3689
15482
2541
26379
23038
4658
26267
8640
30945
1221
27766
5560
12703
11478
19619
32339
9641
27490
21563
25620
11272
10659
15522
31653
17484
20532
22036
30235
13765
14711
16512
9850
12022
9012
9882
8316
31047
25474
12076
13454
5370
25835
6316
27932
20832
11723
13076
28942
13645
30457
11246
28563
19401
5545
24750
31005
10504
15505
11077
27053
15261
22603
23795
18512
15850
2811
23389
16361
23515
2865
5087
5426
24788
27153
14627
15870
487
1201
32499
32193
6219
9410
18507
11089
24585
5235
31667
1006
3833
10642
29131
12161
22509
3060
12840
23073
11820
15128
29278
1755
23842
5895
2910
32691
18517
28798
22787
1766
26523
25679
14311
11634
21387
1541
5499
29400
30257
7623
18007
4641
13318
32127
5838
8223
8478
12603
18886
24309
5796
3795
31174
27354
15492
26828
4177
9241
23399
26748
18291
31324
2788
21359
27033
32043
4084
16394
17318
21936
32679
32110
32066
3517
31254
12959
19317
18448
4505
30950
12662
19925
12858
30067
17341
5484
7529
13895
8543
9837
19953
22097
6043
32489
22570
11479
9136
24051
6768
3096
18162
5983
20949
21296
24861
21706
26387
22331
1257
26587
1989
26557
31455
4551
24534
29250
26218
25627
1849
2369
16689
7862
30682
21062
8356
12052
8149
8016
31189
13523
25575
14200
22410
12143
9761
4820
13968
14673
9444
3483
31826
29704
17929
22154
15274
2518
8800
7302
15350
26734
25948
16258
30319
6396
21772
2211
32182
22886
5709
11682
944
23249
319
9075
29076
18792
6645
1060
17986
344
369
3079
11991
5407
29391
29203
3454
2311
8384
8072
25225
26605
1850
2770
19392
5447
1390
14768
3576
102
21499
11925
23784
7416
11105
17743
21817
17616
11960
17126
23772
26346
28322
7367
23968
10153
6270
15137
3588
22116
9694
14992
15433
23585
8251
28921
20428
1952
19688
14773
29843
23196
21829
19697
9510
15437
16181
9812
1696
13617
18898
16099
19205
6156
607
7714
3542
15406
9597
1660
24291
11508
8354
16613
28513
29329
18376
19390
5436
22542
4962
28921
6319
21136
31380
1917
17
28122
15779
25548
19954
25106
13483
15331
25958
14024
30352
610
2209
5940
27702
31980
9668
15295
9205
6609
26103
3270
31047
18666
12984
25242
25796
23493
9586
1739
2129
12546
5458
23206
19348
12029
14166
18172
7339
20910
1191
22821
10525
20429
23336
12613
8976
6969
3151
9678
26301
16538
20020
16454
5154
27205
17127
30539
28918
2657
2567
18900
9954
28744
4240
8121
12782
19760
4853
4982
4922
27659
1391
2348
7150
8364
22164
14056
25715
12842
16427
552
17380
17545
6719
22171
23487
1431
25714
23081
3041
8469
31124
8755
25265
16407
8564
19996
23963
6062
29942
11016
3520
19139
18534
17635
29931
9030
4108
2214
11975
26249
29441
23509
14928
18662
65
19788
30600
17576
14848
17212
11627
22569
27458
19057
11300
28471
31654
27350
24449
31676
13698
9530
26021
414
12853
32340
32253
6629
24761
15109
25717
12572
23160
12766
27883
1273
31329
21986
29411
9536
27194
24205
29053
31716
6712
12565
22437
8303
22221
28399
27786
31397
28865
19861
22609
30820
11140
7047
9482
23247
26051
5775
19427
24236
12345
30538
8859
17417
18120
21988
15674
31014
8136
19491
6144
27791
1439
30887
7579
19081
28305
18288
23965
10671
1754
9120
1836
27357
8442
30338
31739
20557
81
6092
3962
4096
12779
4897
17994
25952
26525
26330
10740
26147
2385
8198
1242
7794
28830
30639
6766
14411
668
21856
12193
12836
7158
23267
30623
26833
832
23887
14521
30887
21899
28483
15778
14818
8503
24684
26335
23620
8969
22093
28793
26111
22909
25151
16373
6613
25182
14518
20101
2174
22163
28103
896
20810
6204
23271
4880
22023
18174
4598
13611
26149
20122
380
18628
9496
17349
11826
14146
12286
820
9668
11313
18050
18166
3797
30007
31488
9734
31299
7754
11754
12833
22957
7713
22634
10197
16179
9960
27208
25819
19069
28472
16143
6310
26367
1862
28267
25404
16251
3675
31702
22085
2759
23684
10611
3169
5584
29834
29242
19135
11999
21028
28502
24812
22043
26732
11467
15080
22352
25744
12636
22911
12526
2250
15788
9430
27733
13202
1699
19781
19279
26386
28435
11876
28382
25818
1180
26729
23353
12757
17357
9137
32017
5755
26507
12956
5144
28489
18359
1438
9924
24942
2827
9619
25424
18376
12357
10323
4613
27662
12936
21383
31927
24655
19711
25019
28562
3227
8643
7604
14103
17664
18431
18435
16225
31672
1362
31450
14509
25504
13940
31
25881
5868
11037
19903
29612
5657
31010
7237
3223
13092
2785
19371
29370
15610
27872
2671
24170
32559
7857
29418
30066
27122
27417
4830
1111
30273
2929
4430
23777
6745
6731
26258
32214
25201
6489
23210
26633
423
3723
15827
17555
28475
31864
3928
16481
25595
14847
1707
16623
19454
27950
12980
22098
149
11618
9065
3708
24191
4272
20895
3516
3164
10372
14623
4228
1380
12680
22781
14959
15449
31432
3621
22146
27322
18451
31799
27827
24634
13220
30869
20647
26225
21250
11194
3520
3280
8996
23757
21591
28890
32729
7029
19526
22161
10855
15344
28842
9519
9074
22879
22759
7191
23584
21092
4844
21515
635
29679
29368
24735
27927
18005
31516
9710
27124
12451
17347
13963
29861
26161
113
19899
6066
21114
3464
14817
32060
30506
9680
19257
29407
28793
9591
6857
25821
5048
32343
15765
5240
23593
16760
14355
3487
6676
25046
17886
8141
6167
5220
18862
24111
10942
29008
31112
27397
24148
14985
6962
4682
14072
27519
25834
30615
14067
30250
22103
23365
8008
20813
7616
15058
7821
15356
23932
20613
25082
23132
26026
13909
15552
4010
13858
12296
22939
14718
23723
24728
10923
12369
878
28378
2944
12605
17322
23905
18804
5381
4266
6561
1597
30805
20212
1616
10434
14667
27588
1298
20526
28213
2232
17236
32067
14749
4045
20088
26098
8067
17290
13107
10024
16361
8059
11316
18666
6805
7393
9223
18596
16402
12200
3640
7614
5112
3993
23483
27761
1133
8657
3723
23257
23276
5746
12434
15435
2629
3736
12745
1768
7653
24207
29088
18290
11864
16451
30624
1887
32524
2551
8015
22828
10584
15674
15188
32500
30908
535
29659
24385
23659
25229
25659
15394
4614
23103
15318
24702
28075
3691
26177
14247
25390
16928
32422
818
13478
23212
4710
8967
27180
2132
30466
9140
30431
26441
14139
1799
12076
11479
23416
31451
29772
13534
4457
29234
14605
902
30442
21636
17366
3887
3114
14167
20965
26279
4364
22032
32732
1952
20941
15369
7036
31073
9960
21731
17072
32699
11318
22302
29645
31295
29530
15590
29464
17326
13660
16176
10633
9649
18324
1798
24782
13514
22474
2335
147
10379
13211
16307
12545
1030
7966
13965
1668
8836
32456
7522
6866
31866
22669
21601
14121
14520
28744
9995
29655
24036
861
10565
28928
14375
26525
27308
3228
18214
4458
29736
14783
18484
17691
17348
23837
12485
30626
15037
21197
11558
8811
12760
333
30572
3720
10233
7623
6827
23308
16114
1426
30312
17076
31385
20732
5712
25805
30237
839
12842
5457
922
31729
27146
30804
27114
3385
4807
27806
13503
23518
9904
2458
19182
27690
11899
13423
16142
47
13950
4204
3650
11089
9250
20137
16723
16132
32660
8427
9218
29911
1469
21449
1692
31154
5749
21517
15822
15963
21235
9053
21691
12607
136
27
9548
17776
910
17545
19143
27370
1691
16689
8868
23578
8698
5764
20380
25761
5979
20929
29442
1365
30153
20760
4182
6536
14813
13072
20248
24974
15921
21798
3802
5753
4120
9654
409
27431
31884
19743
16461
7807
26984
29219
3519
759
20184
7564
15259
8025
25869
277
26054
19656
23093
9607
30705
30206
9386
17443
12655
23511
17769
20288
6979
787
3783
28213
9342
12119
17247
28793
22728
3958
8527
31753
25916
32495
11684
31498
24441
183
21522
3248
757
22328
12009
32094
22677
23961
2884
2575
31867
1600
32131
29428
30240
8853
6652
8542
22178
22537
9710
25823
4447
26200
21686
2988
17090
8970
25926
23110
22877
20032
13266
9818
21816
9389
5068
6373
4457
21219
1555
23451
19429
11728
8040
13706
24470
21640
13089
23291
25774
8005
5665
29849
11066
32683
3591
8661
17402
13905
16550
31368
2928
382
14262
21466
27447
10544
19656
19556
17814
3171
4480
25489
16213
5007
2046
8266
23503
11379
16285
2770
8009
13073
10720
32238
11138
27642
15273
4938
2699
29643
11948
12056
7129
18424
30500
28410
22425
19656
16836
34
23619
29857
3569
8375
31346
27782
14382
20603
13043
29150
2264
29868
23324
13687
6931
29480
23391
28618
12292
2260
15391
2689
16961
24381
29889
822
28037
9600
12551
27518
32425
12392
153
10790
16335
26071
9445
25020
21729
30567
28969
8273
15418
12368
28878
15486
18338
23181
18424
933
8576
32570
603
7545
12875
1601
17488
18625
31298
31029
4648
21849
13149
28030
8640
32633
20355
22967
27221
4153
9981
23124
26266
26453
27435
10632
15624
21038
12661
20070
17014
21522
10885
18246
2793
17341
22963
13162
31917
25120
24769
16353
6565
20065
13257
23468
29407
31522
18803
30496
31339
2310
7019
21131
10094
10865
2835
8218
8306
29840
32373
31994
24576
16794
18811
1470
1905
2133
14178
2561
21505
19675
18540
9036
27173
3742
30677
13114
27423
22442
7689
3289
2255
20778
17172
19796
3020
302
30042
10191
32691
5547
30856
10387
31167
24771
24778
13163
11674
27207
28223
16717
17523
14971
15530
8509
10833
16921
7018
16495
17831
920
8620
15788
19752
25005
21215
19446
12252
14099
26472
10351
17268
7048
3479
10103
11483
31256
14042
7445
14093
23709
17713
9368
3116
4231
11490
2942
1233
2265
24174
25492
416
8564
3267
95
799
10136
9139
25531
29640
19368
677
24002
22620
24621
20363
25583
23163
2590
30228
25475
24946
18015
10018
4904
11604
26759
27774
2005
10316
30438
9419
4337
25137
1991
31672
8123
27227
1010
12922
15849
31669
29301
19578
22415
12052
12708
29770
23619
10183
16735
11486
31615
28272
659
8953
71
28178
4099
13029
4107
18282
5193
30311
20686
28291
16663
28402
14984
18053
19395
8219
6089
12237
4867
11853
31136
15427
20981
21950
8891
32232
1122
19873
11727
9135
24643
27550
29499
22670
2180
7039
29160
6356
23817
32556
16243
29117
3055
19161
17294
24388
18452
12670
17059
15416
18649
30087
31675
30866
30502
29133
23967
2566
27567
11974
5948
19160
8822
22520
1868
15089
1937
9652
20275
22322
16686
3840
3367
31496
23252
22485
404
65
13804
20363
9151
4382
25471
21393
27049
24745
19265
27233
18230
15688
17359
2739
10382
12691
53
25329
27588
10083
30387
13548
7606
16683
9409
6605
32308
23948
21584
16974
3940
31011
18003
1834
13412
25254
26238
24017
9010
29999
27725
1377
11721
19671
3401
32722
9869
10631
9351
11120
25577
29707
29553
4239
10039
6504
24520
14202
27360
12400
21226
6828
23492
7571
7761
2371
476
10488
2397
3505
23581
15053
27731
11445
29600
12763
31909
4234
10753
2141
11892
29790
18181
15122
20307
25605
2431
9873
15950
9199
16244
20189
25899
21847
10621
17721
22255
10942
11629
8253
14244
16536
7220
14890
20826
28229
3843
10619
31340
9026
8113
10172
12548
9377
94
23199
4065
16054
13910
13133
88
16148
31799
22522
19865
19128
3927
19388
32052
25731
27744
18589
4316
14318
16189
32751
5482
31737
2618
13535
8997
612
18534
25933
13120
18210
3900
29915
28324
5131
29571
3652
23024
3281
13683
12016
702
14133
30745
4293
4649
21370
2045
26175
26764
6426
29953
7363
9867
11193
908
6448
18264
23639
14568
8888
12335
2761
1769
28654
22819
15210
23248
2591
29469
13582
4974
31462
12066
15159
8845
30715
2772
14476
23947
332
17980
28038
16712
9551
26310
30573
11587
24470
27533
17283
23039
17828
5849
17023
3756
30207
28902
28732
23043
32134
26600
947
21106
9989
12619
23335
8569
26887
20543
30879
24148
26091
25972
8857
31706
12858
11298
31997
19877
21816
18509
11856
26739
14265
19015
25898
25036
30006
2934
20970
13029
17184
18519
26792
17093
25204
7107
32619
23462
20368
16242
7324
3998
9285
13757
2491
20606
24621
16552
32337
16123
2879
18975
30502
29963
26272
8576
3507
20370
8124
12890
25562
31550
14742
6261
30677
18607
8284
13586
29805
3036
6975
10611
20844
2738
4226
23198
22612
16126
20432
25183
24913
28556
22226
4492
23661
25744
17409
26508
31491
15174
27577
8986
3446
7382
17295
20551
26914
23674
6117
30654
27283
16610
16316
21324
26613
31960
17097
11168
10188
6944
9674
17231
12262
24994
20762
29467
141
28619
17795
23412
4097
7216
4948
20287
6693
21876
18356
23511
6264
2668
17462
4689
30279
23938
13486
30213
21793
10071
5954
13385
30092
3245
2756
2432
6134
11139
22335
30548
27118
9089
25807
12351
21396
32151
5302
23632
14670
14050
12461
6956
1469
29391
25720
26451
4080
6274
30141
16036
12759
24441
11798
13348
8954
3948
11109
20219
27498
30584
2664
23231
760
24701
8077
3317
28838
32453
12807
9173
32347
9958
27937
25166
21723
18921
31698
3402
5109
31915
658
20019
15103
3716
27501
7862
30079
29479
14422
8647
8235
969
20413
3557
6676
23430
30564
3231
13854
21248
29038
13143
24755
24393
28601
31046
19896
22531
20845
20160
17088
26821
24277
14777
20864
12737
30574
7049
5764
23460
26174
1004
20512
8894
20583
13645
25000
7523
29180
15940
5859
16785
7443
19549
15294
28114
12060
7195
23614
31076
28785
10812
16568
3992
4654
2623
31300
23160
15938
1572
4975
16556
28102
27507
14640
15007
31118
10623
28702
733
6398
9452
10719
9664
17183
25711
20196
13387
9714
31445
4179
7766
10245
21063
5701
30699
10307
15564
24114
11761
28688
28175
23977
28167
2966
16995
15685
17843
31833
30468
16348
15548
31250
14239
10745
28372
13754
9493
15757
26746
21221
14717
7649
19231
2897
11624
12239
31880
12479
17000
18994
25971
257
5843
19099
893
85
26308
25158
21059
19953
24163
12108
20424
9951
24934
30233
8215
2827
27608
3873
5161
14491
28697
23759
6152
29054
22055
23998
19509
16200
27
12076
20039
10557
30711
5036
29910
4267
10910
21018
663
10110
21540
212
5320
13582
328
4391
20687
7483
19007
12040
5406
23996
10932
18693
12633
30132
6924
21627
27067
27526
20206
8712
18870
25835
15619
22083
2521
1346
21498
23211
3319
1575
208
23262
14470
15942
27214
8716
11333
2673
1491
27818
7458
19697
26963
619
22362
30490
32416
11372
11234
20771
31720
23470
19718
29748
17791
5066
24144
10943
7391
28128
15275
11028
16622
18385
15304
24624
25471
29614
29121
13526
6170
31600
12796
5346
8192
19689
24147
6361
14186
25082
15729
4036
18450
14599
24959
23359
9460
12712
25089
20941
13142
8609
27898
7022
9478
13845
29527
15476
10211
29942
29834
17042
11934
29376
11638
18486
14018
4199
11915
16920
12274
21901
7474
19219
26738
15097
9323
25141
8938
31045
22708
20242
14694
12246
4910
8285
29088
30738
2043
30905
26242
14540
7146
7628
10983
19971
15702
32149
2466
22733
17483
7680
1729
19342
7659
10936
1555
1645
18192
5437
15079
6153
23091
31542
17687
30311
13453
18184
8005
17456
30331
16039
16997
30233
25383
29869
8827
27810
25445
20393
26790
22019
12251
7097
3678
27747
26213
23131
15866
25676
3768
17536
7285
8028
21061
13026
24689
30525
27488
24728
23164
13527
4001
15335
21139
1987
22922
14684
24292
4611
30059
23831
6104
23537
5507
28266
19793
17526
29032
2467
8497
16764
21673
1061
11035
1190
177
22206
2429
22590
26094
564
974
18543
30771
8737
8724
27828
8795
8705
23978
26000
7472
18570
20288
25216
11659
3388
32291
17454
3516
27704
13503
12007
1579
11349
32354
8527
31040
19313
12866
25427
26241
1285
12226
24928
10490
9980
12273
18386
29922
10438
20563
29360
22651
14504
15077
1430
17466
13142
3931
16370
24104
14787
29100
24947
9352
22840
25040
12991
9146
31140
16584
1637
17247
1587
9952
17938
28350
1057
28465
24583
7271
3025
7273
10442
30997
22553
31439
1308
14809
24544
9089
28716
22901
11756
17664
12810
17670
27381
21743
23134
15335
19966
3864
21338
26321
26341
26032
8429
27207
30520
18140
8250
30769
19786
23412
23368
9415
21894
8966
17659
688
22020
4382
28995
19051
2138
4036
7571
4335
1461
2887
7573
20878
14632
27449
28
20255
19523
7355
90
4188
16872
4603
5971
31625
13146
23290
16785
21847
25495
15251
19737
9991
7400
25273
17311
20434
3254
9984
17654
17801
4511
27742
26058
18553
12233
5939
26257
3729
8054
12424
22207
10695
10713
8084
30777
11703
18473
7301
30477
22669
14579
16509
18784
17190
32692
22234
19368
23666
679
21434
27931
13341
15068
5054
102
22638
10890
18703
1187
19311
3494
14751
31365
21326
30900
12978
6614
10755
23006
21916
31524
20531
4163
8652
2487
1876
3473
24585
20934
14099
13782
21244
32490
16882
29075
20719
7890
3382
9747
10964
31801
16384
2042
1161
9749
32186
31777
602
30481
8116
31393
28616
12606
12815
10286
17288
517
14299
6567
9423
609
31356
30186
21965
1867
26706
27117
10103
22133
18073
8971
23178
4922
14989
17307
4557
30677
28114
1479
14742
11986
21012
156
2191
24771
18411
17245
32186
18996
11521
15133
32691
28129
5494
5772
310
14118
13443
7186
20192
8374
14430
9754
27194
13200
7518
14769
5619
29231
15456
27471
30573
1025
6249
1524
29052
13595
12173
10359
7274
7723
21263
19739
32574
2222
19145
28516
28221
25443
18382
17449
12978
23295
27215
14313
24555
27426
24251
10083
31108
31626
22058
1632
20200
23943
24060
26836
12308
15790
23229
8741
24478
24018
10828
28363
26102
11056
12605
23577
10733
1258
22395
25178
29299
18103
14386
25888
13733
27608
2284
3545
22791
24142
31738
13475
18189
17994
8725
19298
32225
28133
3909
32527
31584
3345
18178
851
10853
4559
13209
15444
13643
14499
11474
15055
25005
2373
20944
15975
22896
2970
14904
12860
1284
18658
17046
22464
23270
27955
30716
5062
18538
7462
26348
4572
6071
21456
20855
12763
30483
23796
4263
29628
1377
16246
9499
21933
2023
11283
15089
22628
11605
17488
9449
7604
515
19888
4806
21854
31099
9514
1784
27689
12599
1754
20345
12597
20652
32247
1525
25996
10887
4357
23341
27130
822
32332
12701
32543
8362
7304
19292
19394
1883
13282
3909
7528
2189
25375
10580
5925
1490
25880
2642
17075
3537
19050
2741
14273
13893
31598
13506
19853
22345
5740
31220
2741
3026
32267
22433
18251
7037
11276
11995
13607
12683
7224
21397
17025
1321
25495
5894
2751
22261
18403
20819
18827
26559
27452
11880
1065
19596
24605
16934
23815
17377
14735
10180
17814
28734
27549
12399
601
7144
4103
25908
13628
27115
25403
24608
25126
6240
3456
16550
8657
14316
3189
16192
30426
31881
20666
9305
30996
2953
25581
9835
19234
27352
10968
29541
3653
30081
6120
26959
18546
31091
25057
16944
28840
25222
4817
14128
5504
5817
835
24314
20998
26557
5556
19300
1223
15800
17995
10834
32043
24387
25284
28119
4869
31412
32430
16286
23657
21667
30678
17289
30142
16295
7939
28055
4115
16737
22755
28427
14775
2236
19270
32459
5379
6514
27274
262
29051
20691
31574
21017
31510
10178
23692
14516
29657
22016
11640
17208
11178
15021
9294
5220
10852
11787
10451
25393
16423
8326
1882
12794
28658
10993
20466
224
26739
29715
13790
32621
32541
3938
837
376
24956
14606
29995
15176
28869
4929
5024
2300
31666
18598
23095
17705
19084
14376
17594
29382
12681
3580
5148
15941
7513
28129
24495
6659
19964
4774
18071
31202
13270
1773
21887
29236
8965
23344
29835
15836
20722
32001
29069
28591
20518
5014
31355
21281
32352
1412
7201
16413
6372
3019
6419
26164
27413
30227
11494
21242
19270
1077
3999
14253
22990
30973
19820
12824
13914
18991
18066
7351
8072
4551
27559
10780
12465
9349
2561
20369
12805
29097
15470
17151
11998
4092
21541
4111
17998
7183
19965
2190
27130
19399
10205
5142
32556
23321
10868
8939
5667
13843
31530
18467
11182
1052
2646
16138
10489
30844
12721
24516
5542
3103
5899
18228
12319
1173
10044
13853
24619
27742
15710
27527
14272
24677
19001
32357
30233
22218
4095
31348
16647
17124
17978
17510
2188
14983
14850
2368
18598
130
15987
15617
7529
6252
350
27780
23888
18337
6207
26279
11733
10119
22895
173
17983
11542
21915
31201
21692
18839
1397
17020
14767
2219
32681
10697
3403
20368
19219
14215
9057
8608
8495
13455
374
3610
13521
9911
31513
11045
20758
17397
26740
16914
25754
8392
11040
4322
19691
7635
30014
17672
30270
22731
1731
4976
9057
9364
21779
4543
29169
19623
20690
13533
28365
10167
15862
6321
20170
15764
21025
29995
8105
1103
3375
25736
1350
30879
10
24273
22289
5507
30150
3749
12738
28457
13034
25401
20809
29967
16139
925
18180
8040
27808
1857
24629
3009
4881
6071
20659
19684
12049
24506
30176
29181
23854
27504
17882
2299
25254
24044
16118
8249
14461
8183
27498
2910
19660
27664
19785
28546
28252
23473
18101
23186
5747
22996
21072
27125
1262
7862
8179
17519
25232
6363
27043
27462
23962
26450
5312
9892
29852
18746
29568
4413
25482
9861
15004
1841
26386
5628
32585
31796
18989
1155
20842
31980
29173
24991
17924
24474
23478
30005
1522
26621
16711
17045
13530
25204
22427
7350
17503
31330
23443
20419
1944
20438
24854
983
6849
4204
6244
15622
29489
5998
32167
7324
11148
22847
9932
18345
24634
7674
9104
5821
12312
20310
9182
29424
13677
24013
22616
1061
2847
253
16692
5264
12839
22350
24393
19830
27458
10453
31593
12596
22761
20856
30706
30339
32132
5715
24736
10490
27099
27227
11429
13013
12237
26177
26364
13300
27972
30618
12538
18983
872
2876
21286
11944
19987
14059
20554
19689
28549
9781
11978
13968
1114
20122
27701
6336
21433
12016
20250
5787
20429
7686
2845
11525
31353
27784
27465
938
583
24098
30376
20290
11170
15848
17169
10516
23110
4598
27202
32696
20212
12883
21807
1314
28010
18204
20889
15836
7826
29150
9697
5523
8954
9795
5919
7381
27012
30193
5487
21529
15967
21423
651
10240
26165
4553
18079
730
31142
8118
10072
5996
5366
19193
5438
18673
12290
1861
25413
21598
12921
484
7326
7914
6216
1114
27859
19918
14934
27205
19987
2889
3954
11911
29131
7400
31114
21415
6006
12036
29469
11125
17845
31116
12530
16877
6562
8709
3083
28510
8289
32462
18389
21964
28409
8105
2209
19858
27746
16247
3671
1355
480
835
1897
22771
9615
10882
4103
9290
29502
5273
12690
5241
18304
16288
30290
15608
4353
9318
25963
29615
19479
5045
31501
14428
23705
30935
28908
11060
14836
9560
27376
22221
8571
2574
23597
20795
17151
343
14357
30842
7072
3746
17388
19980
29410
14129
7293
13794
11780
22557
17420
7296
28045
7578
19595
18525
10535
32636
29201
23176
15792
26362
14727
17041
8591
25010
26533
10663
13124
1518
25629
6398
22083
27686
23829
24436
20995
25030
16091
31347
10066
14640
21460
1561
20459
23301
8374
30870
7242
31905
20727
11478
9151
8164
18310
97
31426
16440
10168
2175
9094
20687
27269
8863
27857
28717
21492
25593
13066
29927
23764
11379
14228
14250
25773
24769
602
15998
16374
4049
427
11596
30344
1894
23625
8094
18003
7171
10684
20391
15952
10250
1260
11907
1462
1573
11503
20928
9073
2789
10272
23068
22992
16809
7537
14224
27262
28866
22530
28302
22195
10452
10482
17032
28587
25471
7029
27057
19288
30015
12070
11783
29012
22161
3231
8081
21529
2136
26695
15333
27252
6014
1900
12014
32055
990
7058
4332
32047
3682
26634
17852
30037
12904
26054
24922
27976
20075
22891
13732
20475
16351
4008
28001
10923
30300
13255
22657
22549
16895
29825
19878
27621
24846
27415
17636
29297
4314
30878
4037
22695
9706
3482
21137
4164
28501
4047
8908
17480
26992
21076
28415
12710
937
21481
5052
30783
32179
14218
16860
30737
8164
11077
6667
3756
21211
12616
8583
18662
23141
32574
29732
23760
14242
26588
22420
32745
30307
694
5093
28049
27095
1624
13643
12736
7271
2194
6944
3063
30430
6419
30761
32375
25293
27193
10267
23986
27694
31784
32349
29695
9799
32282
29200
3473
22481
23030
19277
170
12890
7715
13741
1548
6376
14750
23567
30129
14815
15946
29077
15291
36
7560
19440
6574
8067
4872
29406
2013
16462
12767
18672
19234
3655
18393
12689
4818
11968
2832
22596
13040
25089
17853
32045
20129
21482
29775
27347
1760
24538
2490
31012
371
19407
19986
16826
23582
16078
2904
26972
24598
30341
31892
8904
2488
47
13091
20143
14459
30904
26195
23810
6948
6177
24877
21356
11321
3111
658
7456
21175
26143
906
2004
31495
8229
30680
4621
15407
32117
15570
28318
23878
18969
19055
24939
20266
15813
6818
22899
28277
1535
6886
27662
8620
15234
23578
5490
10170
18149
29840
25212
10909
30840
18529
26542
27232
22383
11267
10612
5193
27714
5405
22955
6739
2643
19865
3683
7902
23762
23803
21988
18598
15069
7154
19440
4850
1772
9773
5192
28174
7533
7792
24178
17402
5803
30951
22200
13668
24564
16314
10356
8916
28667
1505
30091
22055
6779
31802
26424
24638
18205
23769
15371
32503
3996
8351
30513
8028
2343
13070
5365
20507
15623
6235
26759
14391
5249
14789
1788
26108
15358
19494
25495
2616
16745
1224
327
29608
29145
4217
23920
24241
14960
226
30702
27984
4227
9236
7256
23380
9466
31332
20609
17099
26362
15993
3141
1210
6594
13219
7810
10769
467
11886
25444
20701
27988
2936
12262
31168
7092
2175
5781
18846
18577
13246
27031
5018
24025
25978
7661
16193
4399
30680
29685
24324
28816
12529
2355
2796
8758
4904
14160
21385
23484
1980
25699
24876
21636
6041
10352
4950
14166
9844
27694
13423
22345
25622
25870
5563
11239
26616
4728
10123
22668
11025
8280
25008
17167
21484
21209
4149
32164
2301
24432
22606
2049
15669
22301
2443
11200
10964
1518
3921
30725
28799
27588
5771
8288
1170
12889
15261
17141
29367
17538
21657
23002
6072
27314
11190
23488
20369
4288
15870
20438
18890
6378
21062
22762
30723
24601
31843
31697
19153
22375
24731
9482
12488
22238
19290
12702
3033
3458
28966
32586
4319
12946
27349
18400
17780
23564
16894
19435
4105
7791
8621
4242
3638
22980
32603
13503
9550
22495
20509
8576
311
8163
7707
6573
30072
8964
4676
27851
29844
9873
17984
20784
4503
3889
29350
10600
16366
29037
19824
14552
17787
2926
11436
2977
4841
3080
16756
5575
30269
19192
32543
19859
23470
22122
697
17717
4279
31167
3761
1966
15722
8588
28370
15597
2055
16614
22644
22840
5837
7133
6900
23502
25616
6982
13409
24779
6284
3518
7800
2635
24569
31211
26579
1234
27616
26117
27997
10988
6316
14485
18441
3088
26884
5757
17092
23242
19288
25145
27816
1562
23994
16484
7026
535
9200
17790
29238
983
25543
12524
16465
13459
7082
22848
19616
8199
18290
11707
24815
25112
26496
28944
10676
22457
32265
4459
15870
22287
30386
16818
25512
13011
11357
14347
25554
3321
322
13726
913
15503
15681
15260
29926
19175
9846
4480
21485
19448
2063
149
1111
5634
7002
26808
794
7281
1826
4703
103
29188
26940
25050
21981
13870
7773
20441
11516
29117
15407
19247
27100
9913
29091
26581
11807
6031
16776
32562
2084
2414
19293
9625
8829
1522
5731
6420
1956
24576
4855
3424
19945
32753
17951
31032
16303
15090
21347
18647
21464
14762
22750
6584
2686
12830
20884
25504
484
30930
29190
13022
22444
11569
13060
22481
10826
1327
32451
12204
20152
31789
13359
27254
3691
26909
29826
29269
391
16358
28438
22539
22863
522
8055
26817
11999
8838
12733
20740
10781
24826
281
28941
5357
24585
25773
17989
11940
31491
16033
3592
21440
7873
371
1449
19926
10705
8078
27575
24523
6100
6431
9855
25159
31779
7204
13266
1127
4025
27333
17929
1202
22093
31720
12869
30287
7870
2560
5116
26229
25268
1061
18865
30242
18821
5482
12034
15376
21077
13931
14312
741
27010
32037
20795
14249
27967
7947
10868
7294
25982
22870
19639
5003
29460
13212
8977
5690
14871
20644
22526
11427
19339
16761
11310
31048
21054
3773
10888
11522
1777
27712
23920
30523
12216
19153
26949
18014
11940
15444
12334
27788
25502
24085
25367
31889
26006
15708
9206
29462
22238
27202
7507
23
22736
11458
13063
1176
25271
4115
12356
6292
32749
14389
5845
11575
14656
13771
29607
8013
11674
19496
23689
19961
7650
23980
31536
2474
28701
29265
18814
28491
28121
3201
25348
954
16843
16427
4037
9084
30903
16405
27708
6831
2448
21876
21153
31039
10465
30138
26985
30557
27499
27311
31500
32301
31759
16579
31498
10431
26863
28578
23600
20801
19409
28938
7191
32371
20932
14809
10223
17755
26117
18795
32378
29497
1059
17186
13147
5053
30050
17990
14225
10104
32093
30736
2879
7825
14832
29697
15534
27577
14933
5752
22676
17248
4493
21892
12183
23337
26626
7159
5389
15772
20586
23228
31494
1564
25582
17514
3980
6424
27020
26392
16169
11397
3258
6260
16554
13451
26444
26639
3619
2174
25239
3067
28467
21521
13271
31640
30857
10438
30670
11435
9383
17321
12718
9904
27110
23358
12601
24690
29115
2488
9255
7128
21816
10091
22216
13314
726
10628
26602
4500
12657
22776
29693
14674
1172
30138
31605
10478
17911
6705
2160
30237
22598
29417
22425
25584
18212
7817
2124
25186
6256
18949
6139
11310
17095
23828
11472
30435
27978
19173
29587
26937
23713
23309
5327
19366
12608
32453
1328
10029
23272
1618
13616
18039
25969
19140
25586
19748
712
8163
6510
22883
30260
8807
3023
25536
17629
13927
29721
20798
20366
18964
5647
27558
14778
12455
32596
13342
16829
10648
16848
17405
28261
26641
11605
12254
13745
11938
19587
8436
216
21302
10473
6301
12685
16198
6764
4665
3202
16460
9709
30524
11563
15483
12070
6530
26308
8109
469
10211
13973
5277
30237
20744
11125
24150
13353
2172
26253
26091
23314
8710
6494
20585
3843
14135
9478
12554
12955
2879
16062
11179
20370
24837
15784
7040
29344
30582
30152
4615
32410
8220
17487
16954
15071
9203
12576
11273
8434
27257
18829
7175
11624
5893
6241
21348
14341
4185
24356
27675
5922
9850
29850
19820
4689
19136
27789
17549
26692
3625
27852
5533
27627
23026
21364
6361
31965
5737
4718
14354
24313
13309
25657
24671
13645
19095
15850
15375
9271
17197
8817
18657
24265
16276
15133
7800
9074
13461
22883
30985
27611
27204
17883
23639
21520
22157
139
25313
31968
1552
22120
3417
28038
1839
28698
9817
14473
2916
15872
3666
26592
13016
25972
965
29786
13874
4944
15285
19517
25261
22448
24156
11565
7278
28410
15389
21840
23316
7196
20154
20400
21648
30741
23239
24545
18999
23223
17758
20707
11285
16555
29205
11081
1669
21173
15661
5787
28159
29241
26124
27130
23856
28415
32237
12290
14672
18995
11991
8693
28848
10928
28363
24085
26514
26238
29506
23889
10046
17816
30935
27684
850
25075
13120
10939
10586
18621
31106
22614
20128
16610
613
28144
28742
23253
17702
19490
22929
11661
21101
69
25736
25806
14718
25815
10430
1193
19891
8479
3180
1606
24618
19476
27586
12769
16827
13948
19071
23059
8493
8273
17344
23635
6569
23912
11285
2748
1390
11605
6618
25361
26823
19081
18373
14078
2362
29885
1467
10656
1283
31380
11240
9800
32449
1659
17422
13436
12654
13012
23837
19775
148
10581
15621
5523
22718
20906
25800
8763
29741
21346
6867
10437
22477
28424
28558
16840
7272
29328
28722
8299
22552
19702
31707
25382
15362
1313
28382
25037
14913
6157
6236
7370
18465
553
11799
12713
4238
30718
12933
30939
10956
4626
291
12467
10600
28684
29964
22965
5486
5912
24010
10256
10716
3981
13932
11881
25431
1486
21208
9690
14365
29294
30563
30523
3131
3479
3743
27040
13824
4524
29044
6690
9905
4397
30067
8419
2942
25563
13670
1868
31413
28445
18476
29593
310
19875
22980
11672
9255
6729
23207
24749
10984
25150
14683
16154
17737
613
23109
27261
25083
29691
16831
17818
18757
19579
9322
4955
20472
29886
20933
1813
13989
23399
11519
10765
2317
9854
10250
14907
4569
10331
29937
26190
13964
7110
24939
2800
20405
27484
4272
21834
20841
2101
1931
28363
22512
5059
16049
5669
27839
24829
12113
18841
6054
4285
3564
26229
4171
19815
10087
25051
9175
27084
5215
32451
8943
26446
14012
9539
27622
10052
13705
16143
25905
19360
27395
15676
31771
2767
30959
11081
31674
31456
30513
29535
20513
6121
28827
14296
2519
2470
8707
26111
13704
27748
12184
26134
23547
8477
17526
3230
15940
26853
20599
12498
8763
20356
22604
3189
17196
10597
3021
18637
15056
10415
5774
23792
30332
19889
24243
8510
3225
13955
9733
15407
1620
4586
16709
19535
29078
14717
22976
29574
20279
14086
27939
10141
12655
14635
32657
27646
7821
15182
13299
22715
3051
25777
16015
4818
1313
25310
26077
6576
21369
17222
1429
3571
14755
4136
18445
21876
6058
13492
2498
16517
2855
27761
6964
5239
24501
16860
21752
8032
25508
24658
12808
14618
29938
15663
25693
21903
23158
23608
6080
3124
15711
13110
22237
14548
22237
28900
18073
6543
9758
11019
11173
3618
17020
14316
28243
23657
7669
14046
4265
7714
19419
3128
19125
15347
8140
21617
16671
6575
14565
4742
2565
22485
19763
7580
29698
20057
18794
4583
17296
9383
6362
18634
23185
10982
10654
7232
32296
22649
279
31098
11981
5068
29849
1738
18081
10061
23139
24767
20990
1976
18133
12946
22099
20376
10717
11712
31535
5131
24755
9465
18843
30405
4038
20025
30125
6487
22774
28725
26202
21937
16899
32504
28556
24550
24389
27598
29300
13616
5790
11361
22562
31796
3758
15650
6739
14983
7749
8938
20106
880
20510
12257
26466
1008
20170
4000
8226
4095
19690
24210
18066
5401
15777
20640
22285
5625
29001
11021
7896
5029
27237
5534
22706
1962
32471
1791
30636
21417
6484
20578
5179
18962
12052
3177
12172
13360
15822
30022
16663
31078
26083
26145
17015
19384
29914
3001
11641
32140
29708
2127
8307
25778
4000
3776
7383
28323
27066
14577
5127
18950
11760
7535
13931
18809
30974
26711
14530
25485
26810
31604
949
29714
26698
22952
434
8854
3220
24973
32503
4648
5366
7003
20461
15970
25655
7693
12728
10662
1470
20415
6412
16551
4866
1371
25410
5931
3394
17780
7595
25104
32630
12914
22308
21133
31877
24560
12266
14011
19896
5986
7088
852
25967
20475
2543
10938
27155
24014
26750
25915
27979
7219
13410
20115
9075
5996
3303
31922
12106
31112
31984
29632
21994
16008
28299
7007
12030
29633
31944
6448
9519
1665
6092
13464
23263
26101
12065
10180
18202
31818
22096
490
7881
17171
6066
32466
24105
30443
27011
30614
1660
11867
31032
20646
25599
22526
16658
2318
28699
25570
7156
20220
9183
7218
19314
15740
20142
28946
9258
10119
17717
15307
21591
5180
31904
15656
30883
20589
26126
23328
29501
14685
7746
25012
14636
9416
17819
19227
2531
2596
5190
21277
17685
20775
32434
22973
21194
27017
32324
22810
20915
4107
21069
29335
32698
25784
19769
22330
4318
13931
521
3922
26686
10129
26115
25949
26483
4144
15015
30760
18467
16681
21478
14392
13267
3258
3727
21609
3581
14406
2826
22997
9315
15193
72
2807
14754
28647
15098
12817
7690
6100
7425
29386
19117
23481
12582
24348
12982
9958
9996
21357
16125
1187
19298
24060
10200
25276
20573
13695
8499
23868
31334
779
3299
30584
1296
819
10039
26191
21580
17012
25040
20401
17888
30929
24755
9054
14101
18618
19869
28912
4784
25906
30103
24348
31524
25393
25801
10293
25862
14919
29843
16369
13761
14467
32730
1648
14987
28051
12704
11386
2968
20780
8664
11529
12173
10413
13432
7
4919
28671
28367
27224
10621
18879
14105
3867
18323
15007
12881
9773
4465
13321
13382
31727
2692
12806
30193
7754
7843
28767
1542
23280
14148
31490
10185
29412
12528
7590
5155
10044
17652
30386
20725
806
15194
12635
4780
1833
30999
11021
23574
6573
16006
2061
20596
24766
10773
31580
27600
26893
21311
17886
5520
15927
4538
12475
16716
22602
17649
1798
4573
646
12212
21149
12982
8032
15406
24656
23416
28109
15384
20293
12736
13244
31021
12186
32067
29156
10718
29773
25118
1217
7750
15449
5479
22233
14688
14114
16392
2116
2680
10259
973
12139
6879
19846
22203
5904
17379
12004
10404
7567
8446
5645
1784
6499
29262
14330
13022
26347
837
20641
23939
878
27042
13848
32434
22878
12448
9982
31142
8665
17517
22551
1052
32629
12765
1334
940
13885
3680
2400
21848
9463
7218
16942
13158
25513
32465
17011
11627
11099
5044
6175
26281
27421
17210
10595
3738
11852
24033
27926
18381
14354
22968
600
28913
30764
1047
27509
1072
15600
31629
28684
190
18062
1562
27248
4785
8086
6046
1102
27923
24250
7314
9872
2613
13782
23798
8322
17991
29229
2954
18995
2086
20981
21825
9759
27765
21271
1267
17930
9967
24368
3922
30511
3579
30939
6943
31130
1153
20018
22942
18131
13821
21650
17223
11196
22738
20895
3262
14780
27360
30088
26629
21277
7256
27277
26097
22195
23759
32190
3034
11967
16018
17669
29079
18194
9274
26214
31657
11894
27776
25734
1463
26441
4178
5226
4411
11115
26406
8322
19578
10075
1422
15590
1465
28828
27148
28895
24238
15198
27688
6569
21557
4954
8641
2679
28228
7166
11937
28088
11297
7114
12884
19353
210
22266
18489
22987
29654
32101
19929
30854
14866
12197
25464
206
23310
24440
23274
18421
13921
3942
2216
31841
32106
13732
11043
16271
30017
17977
23640
8536
5357
10335
16805
24691
21464
6956
28123
5180
15488
19825
10644
9139
5998
11491
5575
11720
17004
12408
23705
18134
2035
8724
25718
12141
2787
11109
14689
26708
6774
10763
8328
18382
631
3837
2588
29725
11183
19752
21855
26437
8353
7001
6911
24594
19063
3420
29090
25692
31291
18534
24770
14474
4682
22192
30139
28757
25606
24165
12066
31951
5580
16318
12889
23459
9510
24171
32608
19358
22849
6710
5870
10862
14753
15075
18113
24490
23827
21338
4146
30995
9443
24584
23820
23578
14416
9346
30366
12450
21565
3179
29455
26886
17193
5017
3314
2910
4449
31091
6426
8190
20852
17309
3760
26944
1256
21464
21890
18564
32043
5411
20126
29812
18636
1062
19232
25741
235
5841
25928
5595
2799
18241
28624
3331
8823
17891
28540
14727
16274
5851
21234
7750
11570
7847
23756
25410
25566
25087
29676
13478
31912
32000
19983
4872
20575
5514
10405
30955
5893
19687
993
31112
7043
29869
5132
15566
22428
2789
23838
31911
3104
16748
11407
26493
10594
5274
25963
3069
7147
13602
21157
12826
20848
18745
29613
17749
2562
18683
30532
13372
18821
31242
22672
26929
32099
20088
21099
16493
10882
10983
7425
8005
14195
22510
10650
4267
9964
8895
20660
2807
22136
28935
9813
17128
5485
19478
26783
12261
10270
10048
15525
9609
2899
25987
11645
9823
3062
25194
8599
21482
1807
560
14924
8169
26099
3369
20922
8920
10935
23134
2768
15290
8427
3447
10149
23830
1669
27615
6670
11072
16668
3362
623
20441
29527
27290
4305
9881
1700
4682
31797
10060
32045
266
1064
12571
8200
26597
12440
6925
23981
24767
17382
11726
27822
22074
4924
27310
1698
8923
14625
17388
20322
11113
22091
10805
15481
30870
21684
4968
4309
5090
24816
24220
16579
11195
3517
14692
21018
17129
21980
27218
3253
28457
28703
9401
3879
27416
10692
18871
7083
32595
15105
14963
12634
1757
18912
8100
17825
4801
3917
19027
12785
28920
21101
4577
10680
6796
11826
21323
19601
19710
21805
30125
10423
21222
18339
6149
16832
16345
12258
19514
28552
9103
22741
861
10603
30789
29399
3886
4535
20577
6853
23778
21856
1877
22359
19747
13302
31173
176
19801
17365
2284
17971
5672
18076
27964
18073
13113
8672
7236
28224
14398
20513
17879
4038
18224
24060
11371
27351
19419
18339
23743
5443
4253
19083
2241
31316
4203
32612
2478
25694
10772
20558
19835
17559
6346
8010
13172
11561
21982
12526
7203
12678
18379
12126
12403
8444
25206
22903
9237
20361
7348
12877
30499
24816
24333
17624
31491
18956
20416
20458
7823
31845
8198
28260
17778
28673
16027
4010
11989
32637
4987
21588
12092
19036
10473
8999
16810
4510
26038
2627
13324
17044
15552
16541
29396
9204
30137
23472
14309
22825
29482
3440
8367
12268
6583
32384
28571
27672
15524
6308
31913
1466
13208
21881
6487
3432
32161
25956
27590
10965
5497
17096
1304
27042
23304
1404
14108
18550
13865
2684
27949
15952
22193
17374
3159
10780
13742
17672
7868
24709
15340
24353
20022
19467
12734
25029
29246
21333
23546
21501
13581
31176
27206
14702
5120
28248
6802
14288
16193
31902
13798
12450
7332
5163
19038
8988
29135
23069
18035
27238
31134
30960
22907
11271
26822
8854
15731
2720
9656
30921
19965
28890
14280
20384
4261
2205
12686
32352
4712
12931
6796
12949
15991
4492
7186
31074
4664
32531
30047
29462
21134
31488
31497
25855
9818
27712
9631
7555
14914
17778
29580
24172
20913
25059
8766
16772
26910
11965
648
19298
19858
29819
27717
8323
19812
21664
5439
4253
26183
20393
20303
27695
5256
26432
29125
22621
10128
12466
29193
5371
16304
27555
28547
26856
22814
28929
14009
10397
2106
3638
32695
2821
19222
8354
27572
16528
5174
1352
1522
131
29332
12487
19430
146
31463
909
153
2736
22053
11847
20302
9510
6471
15003
357
226
19020
3098
19327
8722
13952
28016
30179
30450
32254
32222
25633
20706
30836
4843
16373
29628
22310
25174
19309
12132
10294
2126
7758
14241
7970
15845
21173
11819
18062
21443
25850
4869
32580
17687
19161
3852
28793
30420
1492
19665
19794
30489
13523
21412
5030
20720
26894
6385
10246
18492
16940
15312
29434
4589
5548
7895
25486
23670
9605
21554
31501
15489
10761
4086
17933
20961
13071
5299
26283
14536
9297
20041
5144
6970
20755
3836
13141
30401
31494
8906
27962
27235
14443
11515
26045
8401
1403
1019
30833
10977
1287
32613
7757
24126
13404
27744
24751
3166
5737
7214
32160
9653
6692
16642
8538
7465
16425
3346
22792
8133
17316
18414
8908
29873
19058
19984
16134
6498
24707
11956
9940
28174
17027
23530
19413
1635
15289
8425
1331
29304
6959
21158
19936
5124
1043
28325
14367
21454
7517
7183
14919
19300
25778
17158
14531
14096
10376
11829
29022
17416
28044
27307
11198
3813
17216
23017
21293
26198
19433
10809
23968
9750
31656
10562
9201
15899
21223
9434
3952
14865
6134
19995
16538
23814
21494
21177
4904
9575
5879
8338
9036
19755
18269
1927
14391
6734
136
11659
14302
4993
17588
2297
2046
27936
1565
21803
93
16996
19303
13640
21076
28378
29502
31069
2442
7187
23354
14768
2562
22429
28165
15441
12120
17715
23743
22769
28999
16689
1953
20215
12655
1867
23009
16849
5717
12669
7382
20360
6060
9029
1629
30104
8147
13585
1659
14334
26270
13299
6212
16018
26969
2460
6651
23703
9226
8328
28794
13969
28663
22646
31188
31318
11112
7963
4922
23912
3758
279
13851
21890
21092
18216
28815
16241
2805
29598
15606
26661
23903
13327
31964
11272
28982
6987
6945
8335
17387
14226
6486
31758
16718
22789
3177
12240
17746
7259
19589
26727
27408
3541
23604
26689
19727
30836
19143
28796
6851
13673
5623
11259
10067
4045
20172
20666
21920
4242
1470
27486
1410
18106
16923
2321
26196
24518
2216
13196
21172
9330
13707
29557
6532
11679
11624
19692
22580
26001
10699
27233
19012
10586
9414
27048
12804
7830
10203
32591
16031
4441
539
25647
4951
28262
10640
16705
21522
11682
19417
3507
23318
16584
21012
4923
31761
23133
23553
3244
30812
8423
30307
4807
2176
8794
4266
19283
7930
7123
30160
3696
18491
27016
19585
30248
19443
13055
25214
3143
29583
10111
18243
2668
6656
24261
31208
24673
26815
12791
11845
29864
26126
8414
27993
21334
14464
5967
5357
16165
17339
9962
31348
22724
637
2312
13622
20593
16861
31982
21421
21962
8660
22087
47
14816
32507
20433
22734
30606
10646
30294
32381
5641
3538
16350
8052
6583
12619
8995
213
30533
10705
17221
19343
15604
29036
959
8322
26163
15261
6298
14309
3443
12263
26336
4069
28727
11662
18772
28303
31082
31903
3424
15088
17910
4144
15439
29051
22418
15849
1212
14251
27099
3780
22602
21225
7591
3344
4502
1711
28310
13244
13930
7662
9962
25298
10804
9133
17816
32066
25782
3827
2718
5089
254
26088
7576
16817
14489
7223
654
7523
7940
12470
20753
25626
12643
20041
24966
16754
3701
29700
25793
22721
27336
26767
6614
29597
5417
31951
5675
31134
8031
25026
21458
5476
32537
5547
31254
10972
15140
11376
5204
704
30945
30528
11021
20317
32247
20344
29496
28313
31301
2248
2013
3380
11803
20114
25055
3918
16553
28818
538
25130
23223
25284
429
6961
22935
29826
31897
2106
11864
749
2700
5384
15677
10895
14839
10772
20845
15423
16742
26765
30956
31044
23313
26526
23754
23229
32430
22255
27035
26688
28042
10862
23591
25025
17624
13135
1634
16565
2633
19025
24734
21624
26333
28484
15103
32236
1016
456
9007
20068
16056
30551
21076
3520
9606
12934
14143
27609
29675
24455
28902
24863
165
31219
19733
640
20987
24518
8032
19596
19533
5548
1116
10711
12015
8315
25871
14495
21304
6144
20132
5039
25045
22270
29283
8835
29283
27764
25057
13485
18750
12831
23412
27768
10131
11328
15082
15562
25021
5791
25211
32335
12238
17104
12283
24531
27755
11189
21077
13808
13790
25156
4916
28138
9574
14218
26883
10199
4305
18416
25880
15363
2637
19390
21036
12178
4732
20701
5903
23655
12486
16865
12697
20549
26099
24135
24036
10036
11513
2042
15800
25895
32274
2588
5191
4827
2066
15620
27163
8706
5112
11139
11596
23713
18115
7532
8694
25527
13703
11091
14058
287
32703
16276
4772
20663
25573
10392
27774
1218
576
8275
1571
18827
16894
27921
22853
3148
3202
32627
19859
10573
21247
12724
2789
17744
4678
3121
15290
22061
18652
13097
21477
7866
4944
25025
12163
8685
25291
5707
7728
20805
489
21447
11899
31333
23495
7338
19863
14339
14686
2783
3923
27136
26895
10508
12875
30936
1150
28950
13408
26685
18596
5095
2919
31999
13344
28271
22046
31279
24526
20456
6500
14724
17819
30047
23977
8957
27032
24176
16547
18376
6477
24401
20290
9315
13647
5138
15335
19969
14613
6434
17617
3887
29959
11542
24279
14263
11992
8102
30813
9157
7190
12792
26753
15944
27391
19490
24213
667
19863
11242
26066
16741
15095
28879
20810
11454
23272
10574
9247
28563
20400
17758
18931
21579
21036
4669
13215
16042
21535
9070
11304
31990
7370
19715
31215
13401
5053
4888
8231
27783
11756
12960
21644
32416
12549
10084
32082
27480
16641
21320
19292
23637
27642
10960
17583
21721
10300
2788
21286
21920
30878
7120
11111
30732
11027
25999
8213
17535
25980
31049
13640
18440
29888
21530
2106
11587
4639
24341
24387
23674
4803
12425
30215
26384
13720
29314
23022
16928
862
4755
27348
5217
29949
7891
21506
6989
21528
29734
4445
27522
2532
8638
21726
4200
20539
9697
24642
20244
30956
26604
9987
4204
16214
5016
19590
13964
22581
14716
21142
24937
13243
22739
3089
26292
9699
13952
10209
258
26882
9551
26670
31273
11934
9086
22994
21741
12932
29052
8206
14812
1045
1520
10363
11126
31201
765
23363
17809
887
4292
7056
3068
19834
16683
11333
3171
27640
24797
19693
22386
32504
22931
8944
5437
1362
2449
17165
14560
20932
13427
28420
5986
22081
28969
23443
26080
14732
14657
4772
25319
27398
32100
17861
12065
10437
25380
9432
6452
11237
4085
3340
24807
28451
9592
9228
13703
17319
21248
13174
29577
10274
8271
22670
25968
5657
21920
23604
3057
14721
9451
18195
12629
18059
30820
1564
19488
25025
2628
13107
29936
20050
10701
22055
29607
22186
20872
12776
10188
9030
29394
29172
20527
29639
6806
19475
30156
28229
21340
27204
32242
30949
26755
12535
10149
20910
28362
13692
30784
22680
13846
30908
23391
16358
2159
14887
31227
5814
23115
30445
3287
25047
20495
26993
11803
14042
15571
7419
28223
3436
32357
27052
12331
15075
23185
27832
4253
19478
16800
20687
23754
12658
6687
31452
23624
29002
31202
28402
29227
21615
28744
387
22895
16641
17855
10452
150
14212
21643
685
18577
9782
24260
25173
10980
1696
1438
31422
2822
31084
17902
30972
14086
21622
7657
8955
23412
22310
16430
20082
28287
30972
30727
17427
22107
1644
8939
25349
20198
32749
25416
6291
21130
28493
28800
38
2661
10055
10289
16240
2471
8535
17594
29419
22588
28109
23803
16002
4268
27169
4444
22157
5439
12678
2576
5379
8292
31681
10907
28395
13395
24124
7825
24084
11762
9046
9121
4870
32501
11262
13523
824
21322
3968
31502
10116
9652
28062
9949
32471
1974
9955
6002
10541
8370
28468
29420
11965
10322
28328
5077
18288
24615
25754
28655
13976
20624
252
23600
3807
19678
26605
21003
29309
693
5006
6641
9135
6325
2066
32536
31076
8282
3605
28795
3129
24353
26415
13090
12199
13037
12488
2467
2939
5544
26926
29929
27015
1069
19172
29236
2968
19558
29246
23137
7592
1713
298
18028
6228
16009
13649
7475
10128
3682
9311
11900
27033
13012
4766
32570
6699
22780
6090
11020
32245
11296
1569
32519
8778
26257
18361
12725
17689
27094
9750
23645
31007
8710
12284
6533
23131
14454
12674
27830
26306
22932
29288
22399
20277
4627
11946
16316
21680
1865
32085
2841
1476
3797
6554
5073
28743
27012
16929
23228
6986
9590
8864
6792
23883
27516
31659
8262
25260
15301
31950
3369
30820
23994
1241
25995
28405
1830
15483
4401
10654
32410
16146
12496
11729
15632
17858
27856
18151
21198
2244
8527
4627
5005
19201
2921
1684
19931
17376
23479
20015
4542
23388
21013
477
19098
27737
18089
7873
12372
312
17441
18268
21432
16041
5947
9476
18968
28864
30603
32146
15414
28236
11641
20828
23653
18020
22921
5475
2026
27714
16607
24013
6056
21845
17154
3221
9213
15761
23776
22657
16359
1546
23826
16468
28523
25025
11618
15941
23863
17597
21898
20401
4998
18782
6975
9485
15428
32751
25454
3614
11378
23674
14534
30316
16077
14048
7030
1524
16810
4392
32312
14877
31781
6168
5262
2797
3706
4610
22091
28797
12723
12257
23638
23722
6788
29861
31403
32014
883
9930
15266
22831
8763
47
8308
8437
3187
4134
19195
16226
20331
967
29881
1405
16215
18571
22300
399
16815
15638
26880
22162
5845
25683
5494
10215
26361
20166
20420
27975
5690
11806
10413
17148
9229
18186
18674
2641
6627
13646
29976
28231
19718
13846
32364
8329
30660
27786
17733
25250
28112
21666
12425
12142
28645
22588
15986
6350
25260
14956
4754
11680
27872
19731
9493
31727
16560
9395
30535
870
5221
16001
29014
11275
3652
19644
19800
5418
10166
7486
13199
20622
19366
20049
27628
24055
13355
17859
18643
31433
19303
7741
12062
6658
5039
32464
24420
6254
23275
4305
25723
286
15680
2023
19259
30230
15085
28770
1925
4422
25971
14286
10884
20924
26617
9160
20019
26903
28398
11025
23072
32063
13040
25825
1391
12883
10989
638
14881
4323
10632
1804
15767
7264
27070
12711
16977
11728
20169
19887
18172
26310
23364
23907
26284
20626
9105
21170
32358
31669
16248
19021
19425
13208
32528
32001
27021
6781
26339
23364
19413
16821
14157
1806
9121
4627
805
8170
18976
6306
6559
5452
6596
2963
18289
29477
22670
7033
13109
23733
6027
25785
22799
10656
11167
5435
27023
22853
9089
6758
4057
20555
24327
27468
25347
5244
11172
17185
1726
31447
2607
24562
16185
31712
485
6547
31810
8763
9394
25818
8111
18297
10412
5898
764
4914
15072
32146
53
28756
28498
7672
534
27834
29247
12816
24434
14081
24229
13425
1489
11927
24070
4393
14173
14868
30056
20144
24575
22478
9120
17179
17861
7335
13520
10642
6279
5418
28463
11268
9418
15575
32008
13593
11748
32698
14342
7785
13153
31299
14766
3819
9638
27473
21805
7600
19924
3216
24148
3281
27887
17669
25057
12454
22080
27111
13056
22328
2295
433
29201
17401
3349
15733
28844
5043
6025
7283
5858
7359
14745
28138
11718
8055
8068
9518
13101
23277
8806
13307
6833
23006
12635
24329
8188
3041
21991
16608
3651
32484
22422
28398
8464
19673
17119
29911
25157
4525
22350
6668
10590
32122
8419
9631
8182
22269
16565
5206
28556
586
10458
29950
31880
24510
20363
24321
21113
5942
7556
14139
9633
9086
7082
14090
3507
12813
9200
27044
24027
10991
6523
5038
15871
29954
27653
14602
26949
19045
27263
13552
13781
12590
10490
6208
18912
27739
32199
16918
8673
30988
23005
26271
19490
27631
124
30764
32130
17147
25104
9861
25463
32609
7768
26752
22351
7103
29127
17362
22203
12951
4651
18212
25997
26881
16012
27242
15553
29084
1623
18800
27322
15306
3004
27829
18639
8989
17748
5245
27142
13068
775
14882
26399
21227
14893
15275
11221
28186
23795
26015
10592
27772
16640
20252
4670
3882
22873
15395
819
1385
18306
31286
15759
19930
2023
27429
22191
14321
15738
12837
198
6568
24732
14114
20702
3445
21825
29782
9753
19577
11343
16923
5693
30970
5192
5373
879
27923
15657
25108
16191
25002
13202
7569
24293
419
30502
1942
9418
15699
20533
15179
9035
29240
10393
13358
31929
15079
27613
15786
25764
31557
12965
236
18009
31994
15689
9458
13481
12323
452
13540
1772
25671
20685
16552
18246
3469
22083
27569
22057
27180
30926
24087
26395
7202
23748
19437
15034
2857
3657
1743
14845
8935
5819
19898
22204
16741
333
20256
21875
27074
4849
4412
25667
3881
14716
13476
9017
3072
30212
17693
467
6498
18061
3250
5568
23248
21221
7432
20200
21027
24781
748
11436
20421
21337
22574
22639
13089
14746
10162
18773
3928
12410
22468
21834
2102
7142
3756
21319
31588
31539
17794
13008
18911
23738
32068
11458
21928
13510
18982
29003
1982
7089
10537
30522
29257
14153
21487
20601
25368
21368
1742
10199
31309
28197
27939
19467
6487
14933
10217
27638
15905
24214
8842
26665
7817
29341
10740
23975
6164
46
31216
19948
18400
2876
13487
2094
24282
25938
30886
14306
1584
20529
2205
15490
26634
13243
14850
11918
12405
27407
7554
13777
6815
27894
5595
5349
24138
21374
20715
3577
4475
1764
22285
1234
21106
4023
9382
528
19935
21563
507
31667
30035
17676
3398
1757
31221
15619
11016
22233
24438
6237
20640
11613
15175
18202
23837
8204
29705
24228
29777
22335
5445
28337
4134
10757
2909
7530
15414
15209
23490
20173
12181
31987
11624
23376
14577
14961
13687
6599
12510
4854
23620
16519
26219
804
11903
25036
14841
25767
28334
1880
23117
1794
23257
12637
22499
17806
31367
15517
645
16063
2282
29648
17693
4266
20311
20550
29640
16068
1017
11725
16427
9453
197
30165
18442
7085
26288
1490
29206
12733
288
21730
3335
7881
32161
7344
25835
21364
19418
2456
17086
19101
14783
13836
2618
32736
8200
30006
27120
12128
13025
12510
20888
17092
19171
24207
8870
3968
14915
20469
20254
19030
585
25226
23208
21532
32004
21106
29159
17343
20285
13474
3079
20872
13993
23624
19093
1950
2146
12135
2964
23501
29592
11970
25037
5765
23684
13564
26470
11046
25502
12541
7862
25978
27920
24472
21848
4227
15466
18538
15742
31352
30871
517
12680
31242
11280
334
21974
22763
5455
30755
3290
18321
23431
1857
29041
15928
31634
18277
19315
28454
299
28082
12936
11826
24669
3923
21310
29063
827
18529
2649
20390
24530
18951
19051
7850
10844
5092
32676
6352
30647
23728
26090
10806
25621
28195
1324
19427
4596
30738
18420
4104
5457
7900
24636
17285
7960
18692
28291
18607
31968
28703
7968
3921
16597
30961
12757
19953
9717
22227
8103
24660
1152
32343
21229
28484
27305
27439
9640
17808
11666
15691
6674
30293
1655
12610
378
14460
4138
30707
1358
7044
14527
12652
18042
31105
31624
3851
1776
19045
30532
24802
4488
15487
13459
4704
21515
13889
12461
23086
24458
9542
84
8536
17141
16020
7943
26029
29673
5150
15993
7016
14792
9101
10817
21008
20239
16959
5075
8348
11492
2704
23215
7387
13551
11865
9432
25107
11627
21175
23432
27369
17277
22798
24610
17024
1988
14669
3432
20709
6449
20851
22766
18091
29209
20050
10446
27602
2952
4498
12702
21998
19161
14586
28831
18820
28035
10987
5687
19128
26422
19501
29858
8485
26151
17135
18148
21261
29096
27400
25602
23474
22267
24451
12913
8451
22632
15707
28623
27771
21133
899
8401
27463
19446
13353
15741
31143
8941
6972
28057
15766
19859
24108
26979
21677
24624
14577
21122
6469
19912
3150
6461
17116
5871
8535
16875
26042
23261
17969
7850
5587
32453
10265
20820
12528
24419
3751
10671
5130
16597
23636
13284
16374
28843
30779
2867
12616
20033
1308
17636
28529
11597
2470
1921
5930
18100
28150
8770
25622
11170
29275
14537
32162
28377
860
22287
2865
30793
3836
415
21366
14049
16188
5634
27424
9382
15842
3962
14013
20738
25977
1011
17368
25950
921
27958
15717
22515
4200
4704
32608
16604
32609
9618
3504
1392
3412
27115
29265
19920
12206
30131
18098
30908
2299
25817
27740
427
1705
4000
14549
3354
3087
6549
6340
3876
20142
27844
28245
16467
18358
29995
11999
21686
24268
12399
965
10547
12810
26062
29338
23327
8007
6741
20616
32268
29337
5459
1266
25570
24089
2317
24408
11058
7910
13235
1147
1990
29549
3219
14018
31101
18151
20877
32221
25942
13858
2247
29096
17610
20869
19106
11346
24415
16463
26604
10174
17018
10527
16471
2601
27508
953
23849
9742
22513
14343
9270
12614
28781
11870
14091
30580
280
13571
21101
2976
13540
24302
16898
15650
18140
16333
15437
21442
23991
10572
15072
22301
17837
19860
8908
25931
31881
27409
20829
23742
17408
25977
24836
23917
11841
28682
14997
25906
22733
11539
18098
2929
18825
26293
21383
8187
8721
17643
697
12594
7504
9416
21400
15725
2894
29952
7580
5022
16200
15274
3855
10034
9222
10564
1031
23352
27241
23800
18839
2246
1604
15901
8518
17560
28012
3841
6336
10235
19731
7398
2508
8425
10577
12618
22142
3446
6916
10348
13742
9835
8154
20747
9129
32048
12460
31089
19237
4335
4622
19888
31355
16118
4900
27436
30992
4701
11959
19801
20756
14057
17031
30662
24944
4913
20707
347
19449
19967
120
25823
5098
17145
20071
15036
145
10881
9882
16391
6216
30937
22103
20155
18343
14475
3349
11077
2296
25608
24463
19270
8171
655
280
31124
15756
3152
10030
31618
8305
22994
19281
7009
1336
8850
16150
15430
31537
20205
18039
23310
29015
8511
11373
8352
3973
31309
1473
26994
12262
15584
5662
26191
3246
5299
2924
14935
30215
9359
857
14919
9294
24501
3896
12538
31360
4732
10767
19760
19695
24123
21739
7311
58
11369
19831
14311
5243
23811
4813
1210
28866
13358
11404
12284
707
19230
26667
17943
1739
2102
141
3122
3065
25201
25557
32435
2218
29696
2939
6402
4917
8245
6816
19088
4825
20639
13982
15641
31987
3447
19940
20518
29300
30010
16641
28117
20883
22424
8702
7388
4031
30605
32241
29644
28632
14542
25807
20883
26782
15462
9090
32581
20330
12449
25659
7964
6940
22569
10506
3261
21332
3183
21676
4796
32741
16204
13732
6499
11398
16361
18317
12975
21707
18140
7854
10140
19540
3475
12751
27298
30533
29942
30283
4992
26357
32584
615
18488
12011
8526
10722
14171
1542
11956
18637
1926
2043
26028
12445
24621
11013
24024
27519
28567
15831
24170
18923
4650
470
24458
28284
32489
13701
15096
19455
7483
9024
20466
18890
26606
2094
7768
591
379
26481
7438
20464
23948
7583
20386
7189
9147
18550
24366
9340
12189
22219
14976
10961
20991
21700
377
17023
14191
18503
16307
12485
6143
12722
14950
4876
5189
1229
21901
16248
25510
11773
21572
5053
14293
30650
30837
9780
31126
25666
17843
3374
17096
20367
27494
12424
14754
28039
6697
22911
12605
30836
18544
29894
13138
9139
10862
15062
22342
9904
24886
12934
2659
29714
9504
16859
11625
28978
28526
16673
11077
16850
26415
17466
27936
31756
5476
3639
20379
22664
9314
25381
32089
13042
11895
11305
21183
28331
24528
8656
12023
5055
28570
28832
22075
14360
13416
3059
18768
2289
22485
8965
13904
2189
28010
27723
26285
21544
28866
15110
20083
1582
28395
4889
8397
2219
24336
12055
3531
27650
28245
11425
3426
5603
17155
21231
23477
23671
31461
10156
2706
25053
26866
17927
19520
17370
22059
11271
23416
29644
18887
29214
9393
19168
7310
8450
5281
11909
23427
6584
12288
22817
15813
17393
22671
6914
12727
30362
25433
10135
17759
20143
25656
17120
28172
26704
21148
25379
29500
11798
27528
6881
188
12967
29917
24328
9233
18568
17883
32106
14615
19507
14565
22382
2536
21610
27268
13573
9727
15562
27055
17376
13470
16035
15690
5857
18028
3079
25324
14799
27235
8481
10981
11597
2537
16328
5504
24333
20541
18772
5509
29249
8469
27313
23554
27730
25222
20146
4427
6613
7715
19111
8000
16315
15721
14641
28878
27847
25947
30549
19129
32582
13673
14288
8600
13050
28054
8362
4385
19287
16346
26382
22694
11762
20677
23897
224
310
11110
10097
3820
9048
11371
2392
26771
3470
10377
1025
19918
30588
21023
13410
2953
20207
8726
10442
19368
22478
18443
8309
9800
2126
26032
26974
22599
30052
6511
20564
17158
25472
7249
22352
6509
20344
30495
9734
24112
962
4807
26810
5969
3559
10240
4437
23271
10292
21041
11960
6429
27571
18831
20048
18301
24154
2182
7146
20847
12673
24667
13257
29180
17562
16655
23286
23256
16412
14470
4568
19616
23744
27881
13572
1120
10992
5704
8278
8792
28284
15236
2113
28160
25232
13932
32099
6985
31203
17190
20061
29990
28464
7889
15329
4427
14826
31080
13069
28980
15148
16105
503
13418
14063
31671
14985
16386
28031
24637
14223
32614
26928
10197
30734
8792
21580
26344
17623
31795
27473
1110
21597
26740
24409
25112
24772
22650
15578
31012
25658
28298
10895
27792
28554
18966
5302
22523
20206
26943
6268
23849
28965
17304
17334
13549
17606
557
31953
18252
32724
30916
9996
3807
1426
17506
22244
19321
24217
13073
10960
18442
30503
22753
7215
14275
6074
30253
23679
28283
19422
4895
4815
30802
11075
29814
3447
21652
14610
19847
15366
22496
19841
21378
1404
31113
15782
5623
20154
4156
13704
16537
17718
16867
30844
10817
16883
10954
31663
21814
22705
0
3839
17579
26465
12545
2063
19337
14811
19601
9114
14447
5587
11499
4359
759
17161
12059
23614
24124
25537
31145
10683
21657
12659
5751
30944
20659
29123
25580
24720
14265
14259
8530
31225
30954
17688
6781
28081
13912
8267
13998
22277
27372
12832
28343
29070
12715
28
28255
17669
4663
22242
25863
17239
30361
30959
18830
3324
11837
9607
5491
20357
8766
3055
15161
29301
7909
32477
23568
1618
22124
31789
177
10748
263
23765
22922
23101
15909
16667
18971
24480
6898
3334
17312
20103
25121
2322
13040
19832
6378
31527
1445
5560
19790
19404
2685
25115
6562
2969
12544
16410
331
27882
27747
30502
2759
1499
15789
31292
15085
28272
10520
6074
21877
3859
6842
23409
1722
13124
32356
22267
23231
13452
3787
17486
9584
20914
8165
13970
16427
1586
26774
19760
16511
30187
3980
7468
3124
16664
32616
17588
28299
21633
17950
23801
4806
2547
926
15933
2027
11501
11188
18989
12742
14236
7980
12402
19245
23561
24635
24963
23944
11666
26138
9149
20880
32407
21492
32437
32086
18037
5890
28877
21383
9144
12277
8965
6127
20108
11156
3860
15677
3957
3750
19384
20486
3648
14610
29514
4876
3386
1093
22677
12479
25759
8404
32232
9732
21077
30562
618
18998
29146
4293
31150
6250
28796
18788
24967
7672
20936
21475
10782
12855
22596
20227
1089
23431
26209
29379
27134
1429
27563
6348
5489
27866
12867
9227
23002
25445
8335
2976
4850
21211
17200
3319
7808
8124
13108
18740
5159
20967
11405
20949
12162
9825
26818
26770
8307
28242
4581
30344
13751
24400
25029
32407
5566
14560
16740
3849
31162
25402
31916
30324
7927
27469
24157
16353
25194
3
18506
14893
14988
21702
7109
3760
873
3395
1624
11037
20723
5742
1718
681
15261
4294
15856
27248
23333
12250
24812
5396
25521
13068
24084
29095
6430
23445
2891
29131
3221
969
28709
31511
22623
15260
87
1981
19962
3686
23148
14954
19052
21987
24250
26990
9431
15998
12949
25885
27470
24783
962
32117
25063
5218
8238
2817
30737
24506
13792
32508
10280
10645
20269
16058
30023
3954
24363
20036
31582
1361
29288
3651
17796
8890
22491
4383
24206
16640
22042
19303
20448
20167
16590
9076
643
31940
612
9289
13944
10180
28166
22462
1100
9200
28106
3038
7405
19791
24873
1933
15292
396
16306
29294
32483
26362
21503
29699
6633
9429
8937
19990
5764
28875
21240
30296
6062
5562
10269
29513
21242
22460
26532
87
13353
22881
14436
15690
24312
26171
21305
27871
829
18080
6068
1715
14130
171
22800
8291
19473
10884
30568
29170
20705
12769
6440
31083
14223
15565
6338
455
20544
1961
31394
4368
3814
25712
32611
455
20241
16191
9795
19332
2569
19476
13268
16092
13081
16853
4341
14471
11821
18069
5633
4034
5280
28948
5702
17395
15439
900
16313
11660
13554
17299
8935
13873
12204
5029
30511
23581
1248
12641
28463
1218
19527
15728
12668
25263
15167
28801
18838
29367
15718
8593
9499
21584
31592
361
28986
313
17429
12136
27755
10336
2999
2946
93
12290
30114
27017
14384
8980
7180
2475
26341
3554
2591
31293
4627
3574
7245
18103
29915
6459
15076
6143
12061
16482
8930
10730
29932
28805
12554
14848
21056
30730
25399
21375
22251
21195
1009
7331
16079
371
13374
2341
27213
28715
18362
5633
15105
12407
9962
29309
10412
2650
11214
14951
8817
10433
11445
9630
4165
25887
10581
20692
2209
30292
19995
913
3705
1747
16832
6011
27506
30212
28957
25814
31312
18663
19776
22599
30125
3579
12223
5597
7921
14430
22860
19793
20862
13877
16010
9101
22059
17998
5920
21868
2804
20740
25355
30657
13040
18531
23096
30874
643
21389
31314
17862
15316
18780
9945
15508
28545
15945
3956
18142
13714
10637
20616
18758
29356
25990
521
18112
32135
3931
10384
23889
14498
2531
15534
22
29750
10179
15489
4743
11368
16599
31620
18685
30658
14036
9387
29298
14820
11563
8880
3976
28279
30768
25255
23245
8291
1915
9433
9790
24898
20366
20431
12810
21780
30393
31149
24728
9780
18747
7106
27594
30091
14506
9308
32644
6915
27285
23265
23912
19006
6759
18971
28132
28553
21134
9428
25199
22795
16605
22691
19727
66
10799
17157
20767
1969
16718
15535
20815
16594
25875
28451
16108
20050
2510
10370
28258
13949
20967
8609
5375
31224
6598
27230
21497
686
31473
28725
29875
32524
2676
21262
14908
32113
22150
31833
27672
23520
26473
11357
32324
24569
18322
29133
31348
2855
22282
16285
3743
32538
28180
5395
25789
1656
4880
27681
10192
5583
18335
25074
23073
22735
12552
19907
24780
8118
8155
14836
26750
16651
15060
29535
1918
17295
20737
8936
16618
25713
5927
9557
19780
19905
21603
5473
19501
4391
16909
15371
17263
15061
8929
23348
3905
4282
21857
1641
10183
20984
25973
32254
24537
2713
24917
16476
261
20349
30120
17819
26839
30359
5358
6484
2903
8026
11803
18096
32468
8045
13956
19141
29920
10150
2815
291
17564
13622
27718
16041
27190
8993
6813
3742
8111
28658
21685
17917
29410
2988
15823
24847
31938
16899
28452
24383
7651
5324
14469
4395
25660
6835
21567
3319
32299
13868
4673
15590
24249
14508
16001
15403
30496
17944
18075
30204
10634
3198
25275
15081
22812
9219
17854
16492
15155
11036
6292
16065
19949
29441
17641
8439
6124
20575
21252
31560
5462
25677
24303
15270
30240
29058
26840
18582
4493
4549
1207
577
13041
24484
11569
22984
9147
26729
15804
29401
5810
31306
22533
896
22655
8928
14479
26175
26988
29147
16028
4704
25707
21491
11088
28298
22362
6690
23572
12691
28805
272
1081
17813
9581
19663
10717
24900
14024
19656
27155
19326
13768
23541
18494
32036
28320
12625
3262
5417
23621
5261
30415
21224
2417
19205
17837
2747
750
20722
23805
18633
16145
13025
2152
5663
7813
7012
8841
5123
27209
26887
8969
24964
29436
24709
22536
32598
13657
20284
20159
9693
10238
12767
12132
16776
5745
13163
4174
2400
11620
6236
1114
25569
7224
27168
26765
3592
28609
30412
13563
14509
2633
30990
21735
4115
23767
31842
18987
25022
17841
20873
8155
21636
14367
10040
28709
26343
4466
6925
379
10146
16197
22214
16117
23682
6915
3509
4080
2935
7849
28271
21244
6635
22221
23749
32757
30290
13792
2037
13679
3
11440
12577
13655
8518
11312
13823
5336
20398
29820
13267
9084
26281
21784
22170
19860
4181
17016
10376
32217
12437
25798
30133
16979
1637
991
6164
14458
30570
29855
16292
1180
14797
27486
2794
22654
20554
22458
926
19782
3204
11671
21413
5272
2972
16229
17983
17664
24833
3490
27010
17808
25482
12191
25607
7370
20674
14726
21219
9920
14979
17308
17368
30329
29382
30404
8141
26263
27065
16965
6524
7479
12818
7884
29803
1817
8099
693
14365
3585
13359
27526
9097
3676
20093
8380
29899
20519
20394
5067
22810
1805
10947
352
6394
7631
4756
14313
21682
20713
14778
10071
25857
23667
22784
7714
13325
16709
28648
22414
8860
25950
29575
16174
19846
4999
24470
3494
18283
7731
24007
8884
6817
10666
30549
16498
10096
24934
1247
3029
12930
7357
20598
30330
14229
14017
7669
30114
21619
7525
3472
10875
24612
23521
3248
24481
610
9303
18687
32740
24397
7350
22974
27212
11104
29407
4959
18266
15268
31750
14672
17297
26147
25435
533
21301
18080
11242
8601
25427
15237
2496
19910
7169
12061
22096
29011
6119
259
9237
221
13566
9179
13688
9786
25240
17215
23283
13834
4257
1532
31863
9102
9252
16511
21003
26302
5392
11146
4023
2197
6461
29484
2208
18864
170
12783
3444
5911
9993
11347
2568
16731
7805
24699
9792
10721
30626
15911
28208
23165
19150
6882
17792
15170
26262
13949
10773
23193
18324
25531
2541
31633
15720
10574
12363
24182
24829
28418
3605
30629
16398
2873
24954
2206
25064
17559
215
20315
2417
7166
19676
16353
22633
29373
3563
31764
14320
24836
16576
32207
10824
20636
5719
10036
27101
12244
11018
11585
31106
20671
14587
4260
2558
18588
18865
6353
22727
25494
11014
1361
27661
174
11072
26973
20474
27125
24702
26027
14649
31998
32598
13448
12469
14227
1212
15399
11427
31911
14117
6969
15042
9612
17133
25533
8161
13158
30198
30746
4259
13536
24211
15979
26495
13341
20900
7706
31754
16626
7170
31664
32633
27474
25373
9963
609
16905
30947
28434
1986
10669
9956
20869
18756
8146
13492
30360
4288
15998
11665
28833
19202
5085
10566
29008
14286
8757
7247
26943
23328
7195
29502
17866
5048
12520
32094
16673
31446
32103
27285
30875
28995
29904
24719
15694
32144
22010
27416
21212
24482
204
19402
4239
32111
16373
27881
6313
3330
23260
31627
6645
8133
986
27900
20386
29439
30376
29536
13137
10652
23315
9626
5485
21293
16375
24173
4027
25647
17002
5857
1586
912
13624
16361
10764
20847
23696
24386
13085
2852
4604
29598
17252
12416
25750
25602
10464
3669
2426
32365
29092
21049
12407
18874
1582
2952
4362
11975
15861
15784
17292
15575
8769
26513
15018
3381
21311
9356
28950
2587
17237
19002
8060
7377
15539
10201
3768
1817
25899
19139
23110
27595
13378
27703
14073
19133
3975
27740
4592
29669
291
32387
7111
13762
15538
27309
5130
19191
26193
2125
26863
19258
20472
22095
32580
9068
8459
21592
13990
22793
7211
336
32244
7363
30546
8990
3075
28778
31263
15282
4243
25615
22126
20297
29058
11881
28460
24556
26688
9336
362
16954
4995
21607
25519
12136
20796
18359
20371
14470
29897
12442
27017
32516
11628
1693
31485
22132
12540
22154
4767
13201
32474
18829
32510
3201
20263
10133
22360
3671
564
22781
1712
19420
9274
11116
3362
18831
22860
24058
27508
2794
17801
14484
27885
1255
17814
12961
17258
6595
2892
27877
10670
514
29357
678
32762
18099
8989
30222
5853
12533
20687
15313
7246
21178
12925
10768
24312
3275
32604
20092
23509
13837
2383
28606
18942
18434
18266
15895
6338
13458
25690
30531
5109
18700
9716
420
8842
17000
16332
17052
21349
30415
26359
13371
11370
14429
14770
32282
28634
21797
20308
5510
19423
22645
1153
10465
10341
29020
22433
23110
1836
8810
27024
3436
10779
7863
30359
19661
29656
30758
23452
2567
13973
747
31637
15746
25901
4683
6467
10579
23151
29347
31004
17248
10937
17580
24457
2757
13258
7677
16209
19575
24273
4818
11349
6951
18633
3339
26239
32362
17673
5240
4341
7446
28183
27731
27026
26351
14526
10766
5270
387
15712
10576
20636
31826
11149
314
9933
4146
7123
24302
27476
28146
13272
26962
8721
24638
20647
4625
7058
17602
11080
30691
24127
8339
11155
15887
12244
21450
23877
32046
21269
12402
15188
12593
19901
30884
17792
18597
19127
2032
5163
14646
27792
11263
24170
15730
9261
28791
9820
8144
24505
25119
32699
14065
9698
3396
9392
30501
28997
15195
19692
15665
24614
13287
31476
13904
3173
1181
13244
2423
8109
5318
21624
9693
30703
2022
31407
23227
28687
13211
12945
7248
8413
11463
24458
6697
11846
12273
4887
2719
29900
26857
17881
20385
11059
23979
9960
22708
19581
134
30057
26167
24089
11646
6243
4588
26200
5870
26830
16564
10016
25970
25069
24986
28900
3843
11230
7699
8659
10596
13424
24452
9552
15294
18996
19973
1955
21383
28119
11365
29166
24743
19886
13678
8802
7390
8083
24170
13490
608
19696
8934
20168
5571
9497
15797
1464
1819
2527
29496
3826
28260
19042
20701
4539
10016
8230
1510
11486
3904
617
14700
1182
11592
17332
419
27888
431
11697
24671
999
1924
3900
26839
20592
10328
28860
29353
14655
10071
25268
32287
26633
18360
6805
11697
27892
12888
20951
30923
13900
24225
6983
31696
12407
689
8867
2398
8747
20152
2660
24788
6366
30626
23515
11793
31102
21751
15743
13951
2403
5631
25478
22353
898
21033
28338
14600
3555
30893
11630
23612
9045
25457
29465
25497
17760
4394
31138
16168
2683
19139
341
7375
23679
14338
8948
16924
31580
10089
2058
13118
6154
3418
32124
19284
7107
32383
5217
10731
28528
10601
17683
6593
22369
4983
18566
21711
14144
7418
7129
18823
21064
4246
25131
17755
23474
16876
6320
10366
27504
32629
20740
1774
11038
23473
26047
23218
20278
4482
23881
11104
12419
2002
28400
20195
6616
14460
24119
10107
7681
32362
8305
773
2554
3835
143
32637
18271
8871
13623
6337
17188
4325
7446
17304
11398
25420
5494
14834
8257
9209
7955
23666
5124
27442
17706
19753
5666
28744
31444
10149
13706
8642
25234
31274
9721
2231
13353
25663
29806
31612
13488
32364
24543
25472
29927
28483
10794
6771
18890
20893
30030
8878
13158
20518
219
16079
9708
6684
23463
11427
26884
5459
24003
1866
355
29053
32429
5269
22688
168
23495
435
5955
30984
776
21261
25888
1015
22002
2926
995
15930
6340
20071
30699
3462
496
498
13148
28482
24015
13141
30575
9359
6804
17225
24589
24454
20607
7516
19869
21952
6739
32404
8474
23580
21001
3925
32360
28604
1478
21636
2280
20561
14603
15341
20042
3993
17963
18402
21410
14886
29699
7717
30910
32096
5093
32265
9655
28365
15317
25043
30407
22672
28920
20326
23130
12080
22089
7200
21864
5275
13198
10239
25089
3179
26763
21512
7210
17767
8309
14313
12519
7245
22953
23261
17305
15311
5534
29648
15754
32219
17688
29892
15303
29215
17567
25971
3886
11725
32048
20789
711
18587
32050
19493
23640
11023
7595
21375
19251
4601
1972
3405
14675
27457
11819
11075
12967
28642
4007
29927
22190
7991
21681
15605
2116
32630
7729
17921
20412
18298
6182
23134
9006
21957
9370
6975
2322
6341
13014
19228
18702
19542
5842
5975
7949
12425
29935
9504
9361
7587
5608
26006
25674
6505
14086
29998
19431
20891
10900
2649
28716
8127
23699
14177
22341
31263
4015
916
15706
30229
26225
8101
1891
16262
3253
14671
22590
10669
5471
12859
31742
15642
24650
15908
7559
26362
7297
11321
31320
11672
15026
24515
2215
3620
25567
15367
17331
26548
18519
1902
4694
6024
23269
2531
31705
10898
19527
27261
7949
18485
23265
4190
8087
14926
19123
2779
32140
13937
6537
17629
2878
19573
17265
1926
30037
7730
11122
4120
4385
17545
31867
15635
25902
1445
5786
5790
8217
16513
23662
13864
29091
12714
29919
20815
31236
30023
21772
27649
17282
27222
9861
30177
31297
23352
23995
22252
22109
3952
5301
12124
27702
10920
32260
20172
22283
31988
1016
9886
29131
10331
26644
15258
4647
16276
30400
23255
31212
16909
9022
5599
29328
6450
8159
18958
18186
31467
18039
14139
4071
21862
25870
27035
1435
10264
17112
31457
19733
28158
29032
28330
29334
32041
15904
11801
1730
32633
22508
26302
4600
26793
32048
20669
20959
3467
17918
8236
30017
16533
24205
9660
18973
6045
17894
25244
4599
16097
25825
5018
28787
32074
4432
30604
10274
19954
20858
21742
6556
13027
29643
716
14543
9506
20169
30947
27798
17900
15690
11011
3214
13631
10980
13239
28965
12700
17574
4648
18931
25868
8709
32575
11854
865
31257
7690
7192
7614
14602
2913
22748
20313
2501
4297
26905
10112
10227
32408
4574
29914
3627
29018
6295
22000
21606
1652
13607
13035
21172
17415
27191
1183
23598
14359
14285
3273
9772
4845
23584
25493
12216
16569
5803
32356
15682
18044
8576
5067
15509
26149
21727
223
9481
19962
10503
5040
10234
22330
2636
24339
17786
6145
13162
31653
6467
19563
537
23052
29679
23292
31201
2688
5228
30784
26928
7563
5546
11694
25770
524
25750
18386
3264
1154
21068
28588
20868
21383
5768
29523
10427
11675
22110
477
27188
7203
812
24195
18009
24497
9676
20225
2820
29062
27150
18748
10900
15958
32357
9255
14655
32331
7136
20455
21674
20044
19036
22838
10678
28286
13561
15365
3229
18955
8906
18789
22335
11299
26577
9383
438
17985
25130
7106
10544
27568
22406
24310
30974
9805
18139
23471
10728
2190
602
16044
3012
24771
9634
24928
19783
12700
15411
9881
30234
5100
11301
2655
18224
26028
14618
26911
30040
27203
13169
16905
29198
16389
10172
30902
13975
20217
8820
23054
17741
5343
23532
26729
21815
29297
24708
13044
23516
24042
2335
15447
26969
7877
22487
13460
2738
30407
3311
2610
9830
23615
2056
5788
1862
10637
18840
27076
2438
26081
10393
30987
7701
2885
4222
13669
6186
28126
23403
19640
31008
10350
7333
6790
11907
12830
28488
3020
30315
379
7480
31274
24072
24766
12889
16963
3711
22352
20483
6503
23540
19597
21680
26224
19176
18377
11256
8681
32710
29072
23232
374
19640
14898
7086
29295
20927
18815
8160
10191
25347
7120
18397
16205
10600
28743
26827
16840
12641
27735
29155
744
23561
6278
1571
9219
26224
6769
24130
15933
31538
20497
1769
30708
591
12350
20256
2395
9014
5233
31495
29796
11555
20430
3782
29668
22955
14178
17862
26098
7574
32681
2594
13711
31724
4947
88
1933
3922
18247
31557
11945
15767
4073
27728
11003
18827
7064
9189
14480
14096
30331
30245
12629
13683
7038
6107
17974
1020
5783
18354
21384
1219
7246
6054
21668
29126
14972
27321
15061
26681
1619
31463
11125
15901
27550
31579
26962
22036
330
10979
27991
25972
1830
27298
29288
24730
28903
11525
30861
385
8815
20728
851
7315
16719
15705
5999
14270
16266
20652
15269
6091
924
30993
232
14315
20922
2164
21955
24467
23132
6404
10487
19082
4601
5606
8038
5953
13841
15402
24879
28514
9073
10238
16923
7851
25011
16929
18744
3069
2052
8603
23491
18608
24362
13740
3915
10794
25797
19458
26388
8624
5076
18222
186
18043
5756
6489
29718
17935
17669
22323
27237
11976
5670
30509
12455
18614
25730
4328
18758
28843
11634
12525
16632
10641
11525
5278
19174
22529
31557
25197
26638
23570
3772
12875
7654
32111
18487
31331
66
23981
27594
13321
4727
25819
11028
19693
17345
23642
9412
14485
2786
11247
32092
13834
25868
27926
30006
7633
15361
18585
8132
19484
30585
21090
8219
31554
15812
22413
3763
8813
10160
21186
27752
11410
27565
31426
18117
7079
17455
7999
29058
27664
5460
18417
31051
19546
5575
18918
13252
32043
32484
18202
4297
28025
2077
19527
4346
26363
12700
254
1399
24285
8745
7671
31976
16056
7247
7590
449
14785
20154
23310
3524
577
996
4826
22215
29509
29937
31402
22711
662
17367
25259
16605
3819
24769
5482
7776
24158
24246
27114
31755
24861
31605
15348
18257
3170
24228
16046
10382
24997
21546
23919
12432
30224
1498
7890
32598
3635
30801
15881
18455
8697
20257
28276
22151
23770
7215
32114
31061
28243
15961
18040
30200
16019
4956
11616
27051
23416
245
4867
15286
12729
6471
30729
1264
26213
24189
16896
4226
25740
27056
22188
23021
29499
30987
414
11343
26542
10541
22536
18146
18370
24014
3792
10949
28841
7590
30435
30207
5601
25994
5068
28609
11367
14041
133
10731
5672
25878
5773
23506
8632
26326
2874
23104
12870
11741
30545
20669
9168
19076
31956
8205
16275
24158
32539
1530
21702
8730
8486
29268
18823
683
32306
11573
14358
6567
20618
12937
27713
1261
31392
26318
21791
24971
9820
2329
16129
28127
28340
1626
27046
5884
18301
4576
20142
30030
6017
10016
11345
31874
14545
22706
10321
25248
21341
4252
7981
634
17857
9683
29592
15690
4194
27391
29225
8087
30394
6783
7508
19800
19184
17325
30105
31068
6060
7523
4603
27625
7209
25022
7348
23716
20108
5921
2087
9136
22644
27261
4118
1562
16850
32464
23317
8565
15867
21996
20543
15041
20219
13946
29991
29842
13100
13118
26642
12398
20744
14237
19043
8054
5436
15708
12118
17992
30461
4010
25329
30757
5791
16225
7480
3407
10852
11401
30113
22709
11666
18718
10951
8402
1480
30994
4706
8147
4753
13206
17783
20216
23354
18838
23756
316
20193
30082
20895
4408
19151
6228
22167
9797
23304
18383
15611
21729
26911
4612
14882
7764
19791
6683
8491
5011
30152
29264
25838
8036
6215
22332
30257
15299
8681
12374
21024
5764
22849
31161
21751
26939
26280
31528
9474
2137
14036
28751
18887
28055
27565
1611
17282
16792
20315
21101
14033
10441
32164
9787
177
22413
14197
25784
18089
12695
5310
15590
22341
30870
2179
28040
28358
19992
27441
30252
13336
3240
32558
22889
516
15418
9139
21606
20647
9674
10718
12187
21283
19007
3
3292
7572
16533
10052
22163
26438
16187
10081
13389
15653
21690
29905
10360
14452
5016
32017
15210
3522
13692
19772
22438
2074
31122
1756
15195
17531
16945
5887
9006
16775
13756
25486
4665
6015
26310
25307
23380
27759
18297
20857
20371
30886
27704
31312
13840
12137
24963
17648
28906
24553
6427
32294
29581
25202
12903
3789
28212
9700
8727
5351
21165
12647
32007
4845
5724
28251
27238
10595
21891
20110
279
3758
15297
8882
5207
14634
21976
13582
13217
28536
12467
31859
25038
13077
27047
31602
18305
14641
5113
8140
25794
26046
6048
13866
1513
31943
27981
17934
32702
32259
23465
27146
30430
24234
6621
30768
13921
5511
31576
3785
22969
11599
2252
22858
19933
20785
10874
8579
28072
1966
18352
282
15739
4011
32656
18232
2602
5060
24338
26242
28438
10212
14413
32587
1942
17682
32498
23047
20380
14222
19993
26115
30613
13085
31552
4180
12176
417
23184
1806
11683
32748
6243
15542
29578
23766
19460
16377
6034
20109
10165
15261
5302
12845
27127
12985
26119
18833
29701
19745
29009
2920
10658
18469
1275
14731
32276
24443
27951
12686
21105
17017
25659
11156
2329
27015
25143
23400
29316
24533
4072
10186
30526
21833
24805
27655
9007
3260
6392
30669
30240
31333
16583
16700
7547
9877
19892
32064
31570
10405
257
4639
7843
20013
16952
6222
4315
17015
30922
23945
7320
18996
10486
7714
29107
26477
22508
26778
19070
31164
31539
24430
30282
11963
30536
19763
27949
22205
29064
16101
20738
29116
31055
6269
32688
2195
19554
22465
6832
9837
14986
31072
10185
1662
27778
13374
12062
18929
4627
32525
31339
18977
15230
5149
22924
23307
25114
26485
4159
4612
25662
17186
20778
25767
30817
32207
27168
13330
23424
32662
1440
6226
16065
2326
9630
27
14421
28870
15238
30908
15266
19080
383
12883
23714
11650
30957
5181
25222
3113
12857
30161
28064
21150
16852
20302
13439
16190
1657
30481
7260
10613
9395
16140
12469
10962
23456
1651
15927
24161
5876
5048
5345
10805
25152
19130
13671
18244
8565
4922
28116
31608
12964
910
10612
14850
23815
9113
30705
7666
12613
23546
4028
29444
16114
25988
20398
16573
17237
19694
1008
2999
13679
24268
29208
16698
21304
4030
28820
267
5164
13544
3404
14729
9478
8354
1923
18933
20684
30576
8446
7954
31499
20788
2665
32238
3940
31394
28406
28927
2631
27381
25415
2929
32511
16864
15246
30399
16111
25032
3315
32385
1563
31280
24118
3717
20714
5749
19349
22304
16170
1211
8688
3014
10324
10535
13611
28633
17681
4431
30164
9663
4606
23534
2565
29751
20396
18653
28044
30189
17388
1342
23882
26444
8265
2042
4569
1683
12757
4719
3442
14891
15913
10594
269
28984
12711
6715
3273
29294
770
24689
24463
3365
28673
32579
31218
24752
30591
9129
6234
11755
13495
8842
2146
26388
32702
10031
28030
29148
30545
9720
14561
20413
22481
26445
22686
8333
17292
16088
25101
13140
24638
17137
15216
6491
28120
6234
2262
28549
14975
9773
24640
20962
6104
17938
2307
11650
13699
17589
19053
25735
1253
18040
3499
30846
2603
25701
22250
12016
16011
5478
22973
25651
26573
14264
11455
134
2315
20125
24697
17246
20661
18513
32134
22778
10199
24640
11764
28221
18079
29046
5614
14013
29210
19799
8088
6424
18238
27280
15931
30087
14125
77
27810
15029
6328
25005
27332
15569
29474
11634
32419
737
26151
9726
15475
32346
21309
17787
6655
24814
11290
25177
20809
1190
2678
30717
22128
6704
29970
26551
25815
4474
30201
17909
26500
28800
26118
1975
16582
3170
4518
9283
13595
22713
6879
32538
32080
16683
15506
11818
17386
16701
21245
28741
4549
11881
19843
26578
28155
26737
28080
28099
13575
25586
30584
4295
27435
17212
14015
5312
3599
29025
32287
1655
10666
29580
741
14222
13413
25748
14940
14007
30334
20177
7247
6180
171
22575
28361
8767
30209
29824
32543
12954
11539
4631
27696
28457
27742
29842
26092
6063
17893
12791
1555
2934
22040
1539
9791
22339
27130
28606
22309
24457
20611
19795
23832
31453
23363
27167
21967
4266
21065
13064
27495
4134
24387
1296
14507
21380
13287
18985
17044
17260
28561
22604
11020
20136
2093
18117
247
2592
14935
11729
20852
3336
17601
1130
24160
23896
29397
4194
7709
124
15004
7343
26769
1101
29151
27142
30065
5185
24204
3499
4031
28382
9818
12935
8849
20341
25008
28795
789
8204
21956
11764
7122
1948
6656
16319
23856
10365
11433
15135
5947
8990
15042
11805
8356
12537
7982
12832
28424
27590
23830
3261
1141
5359
6538
21200
22059
28997
22635
16844
4255
3313
136
17231
23750
31661
27399
20218
2703
26932
519
7807
17586
3574
12931
26619
12712
23569
13689
4743
9722
30845
29772
6409
19391
21638
3176
3921
25440
31616
13860
32097
415
26806
4844
1291
28376
31139
9887
1474
2950
20581
54
12970
24072
14958
21927
20209
11686
28541
5896
1122
20175
15564
15608
2103
1188
28811
22075
559
7099
6542
6308
27105
8732
28483
31032
20048
24720
30182
3984
15295
31004
13048
18559
13255
20168
1517
11253
27558
6820
31013
14883
17626
21005
7965
9184
13295
16941
20455
25164
2453
1217
23255
29107
20981
12831
128
13236
15941
29815
18654
15522
19610
24665
2517
4138
8702
13943
12762
4406
19139
29357
10993
10514
21783
19518
27095
27085
31192
2913
32128
12259
18345
22524
12996
1816
1093
26031
8277
22183
14355
8468
12020
6300
6139
16965
29156
8319
16761
26783
25503
13618
31983
9158
23241
540
31296
3561
19298
9096
15258
23368
10303
21063
8851
755
30907
29341
21368
25812
30378
2651
25313
4335
18574
25160
393
5097
11278
22213
6749
27847
9379
7089
5843
4089
661
30603
15741
7063
22054
14806
24286
8426
8972
28866
17532
10030
26661
8712
5686
19350
20327
2838
10712
8849
6678
11372
28909
15948
7481
9286
30933
32376
25166
7291
12567
3405
16445
20389
27640
11727
139
27010
19788
16208
25808
18074
7052
6710
8299
22306
10025
10750
6772
10529
15392
26753
3058
24017
20943
7798
20046
3656
27910
3385
28168
25431
26722
26059
21929
25779
5846
12569
9465
17234
29835
3457
2161
8984
23018
26002
9459
10163
25847
1043
27577
18628
3296
10567
27276
12607
5077
1392
27702
11796
19227
15506
32057
28687
23900
22393
10433
9468
4930
17917
472
11280
17988
22149
19673
27012
30143
18122
23847
32131
12872
20958
31518
25158
21313
24428
26186
13694
10922
14401
18391
12530
11066
25611
10569
5737
13486
5217
17262
4810
31330
16644
14736
23682
14366
22885
5358
4390
10546
12135
5230
5721
30149
32613
9356
497
2666
14711
5014
19797
3572
28657
22043
22569
27020
3885
28577
32302
5888
17035
21398
17507
10590
10933
21129
24945
17346
18728
26522
9541
29292
17648
31279
1023
6677
27826
26601
18443
29059
6640
27351
12173
14684
22921
12265
30979
9784
32127
12711
8998
12537
31741
11042
25616
16735
16281
14123
7076
26327
19670
28612
17707
5012
24813
8660
11323
3553
28109
26911
26845
2998
5984
18548
26350
11401
5648
4648
31942
17766
8842
13508
21784
13122
20161
16379
12313
10125
28726
13791
16357
8966
32632
31828
9246
4819
4326
708
18646
17361
19132
28692
11439
8233
31822
27863
21056
27428
14990
24002
24763
28480
9684
8800
14285
21123
15583
11271
31430
1295
24855
267
22266
32247
28692
49
2407
14929
5732
30823
26520
12940
16265
26802
28617
14852
18242
31847
9291
31956
20492
6046
13866
4075
25319
2020
17166
18275
15453
11568
10847
18190
27329
12057
15788
337
8629
4677
20558
6197
26350
16933
27208
21691
31804
25311
8818
10352
10948
32652
25559
27970
21392
26788
8795
22418
26955
22198
17057
20106
14149
9565
14635
7857
6590
14959
9411
15036
2912
28023
26650
32424
11277
870
1712
10501
9435
4741
18675
32405
3421
25262
27563
19477
13861
7612
24213
14939
31878
25664
22094
10401
2975
6774
13683
289
11924
375
4359
15330
6175
28847
21525
977
17224
17298
18070
12819
20848
20363
31636
5018
2452
30261
27280
11510
23760
10190
14370
28782
5154
27113
29151
6736
2929
13922
16767
10117
7630
18071
23360
6760
9977
7893
11141
473
15911
28177
1987
30348
3586
5593
26269
679
28146
28298
25422
10125
8347
7106
4168
30196
23463
1304
23834
27710
31941
18187
5015
3846
4081
12345
12341
28665
2807
7890
6579
5863
25138
21067
31743
281
23194
1367
19030
10982
15614
25619
11437
22401
20109
12928
23632
2837
12955
14135
13257
27412
6562
15960
30211
30924
24967
18628
4271
23099
2847
15244
24039
9508
10482
9129
10513
24674
11071
25069
31495
12157
11584
21305
29045
23675
10158
18673
9602
13304
11400
26029
26034
26489
4113
12849
18186
27134
8984
32416
20854
31446
25211
25580
19305
21175
16366
31121
26819
9998
26617
4995
24823
30612
10560
7268
12397
23074
24839
24571
2341
14534
4341
23010
13982
13846
536
23678
30966
11204
6442
9268
6994
30579
16403
10970
18816
2505
2222
20332
26843
27590
27856
9729
30831
11860
20359
1021
15454
30751
9119
7303
14467
9638
23403
16702
15956
12179
1474
6951
4621
19271
15431
28650
27403
31162
18157
18239
21365
30850
6331
1187
11042
18737
2509
18767
20919
17124
29340
12906
15376
25113
3199
18302
30946
19137
15217
11561
26782
12439
9492
28693
11416
6575
14582
31785
4456
12114
3603
5121
30864
4361
14748
23708
1376
24056
759
20821
4375
26733
6407
13333
10827
18361
11437
19910
9099
15423
5263
4875
30018
6602
24088
302
30430
11300
28608
18266
13106
18916
8333
4106
23577
2439
26841
32449
8541
19650
4183
13820
28375
5655
32081
31076
21975
23719
2355
16457
9670
21063
32333
19532
30729
20437
8917
6235
13097
23501
29995
13283
18737
32535
32097
24128
13656
23587
22523
30329
31968
15416
24051
4906
14142
1801
3585
22209
24955
22666
6937
21485
218
10497
17460
5716
22715
15200
22867
9093
14271
17874
4545
2093
8237
2196
6041
17805
20373
18182
27785
13099
27059
22274
3029
10440
19093
14956
28063
1171
17408
30474
20325
24988
18961
8342
26059
4747
21280
18706
23451
13458
28393
19292
16906
28320
22766
9218
22077
12504
2583
19543
16395
2113
3484
19399
11781
23231
7460
29543
29363
8002
18479
30672
1825
26173
10929
23854
5786
18010
30463
27028
30644
364
22255
4499
13965
30116
26683
4874
5203
12041
22567
12863
8202
11554
25188
19759
19593
12533
14131
14627
10182
10038
3278
7812
5972
696
24579
18160
15914
6951
10274
4493
28582
25593
537
414
21458
4002
5854
6996
8421
29447
16653
742
3597
15670
13779
4580
25451
22356
13578
22216
19295
214
1189
13006
18695
31733
15183
2565
30722
24155
7759
14758
31098
23075
5807
18597
12897
4864
413
1671
16122
21436
24593
3187
16284
14309
10672
21643
25267
7619
18161
23421
20487
29836
30334
84
22849
15067
8669
5781
5035
16735
25935
24199
16183
1488
20216
22482
7875
14888
6465
8779
9627
19471
25723
24847
7743
151
13253
21455
11879
30761
12591
6762
23621
11968
32031
22209
30986
19540
3316
8391
5291
22938
23786
215
24293
11498
31037
25675
6527
9088
8850
16458
32719
31464
4498
22241
18303
24244
7640
21077
7825
32368
19469
10936
19105
16344
1873
2491
19818
24904
2525
8387
12940
8307
14567
9535
27277
14680
30662
26424
22301
20850
13911
13865
27806
9007
16031
2066
3299
32164
1458
5832
32568
27775
979
26511
10659
7229
22492
28906
28522
20125
14817
21170
22741
29524
272
21606
26677
14594
16603
7618
16421
10853
16730
23955
32528
11212
22250
21193
29684
27855
23835
27598
4197
8766
22729
28694
15316
7255
1416
26616
27665
3388
21062
14012
9999
5028
4395
6901
20968
24016
24260
2321
28960
30913
1121
5166
15918
8104
22971
22831
13880
8094
27098
8207
1567
9109
24374
10102
30651
31886
31517
20106
17512
14861
7252
4360
28865
9930
6401
2451
5547
32170
28616
28236
14998
27373
5173
15266
9471
11689
23130
364
16697
28023
17849
1589
2158
6252
16228
13526
2017
23883
30562
2123
28021
5624
30037
27071
15731
13872
7258
13545
5512
4728
9777
22171
8461
4947
22942
14744
8843
10424
14
30119
13951
4547
24190
29925
13146
19627
13721
863
19148
17140
3360
31968
20546
1510
20111
3336
18606
12093
29438
13726
10118
14882
18501
3879
23823
26714
4451
30648
6619
1982
1569
9224
27536
11243
30194
18121
5868
12346
4638
16953
21254
5619
8991
6132
18903
4797
11595
2828
504
25433
18612
10331
5549
13968
12365
10520
23331
17514
19534
25513
25078
26017
15321
16056
27126
16213
8669
23177
14123
22273
14651
25739
26391
8878
29735
18733
11066
26983
10961
14322
3292
2028
7493
11720
7686
28075
19600
31126
15314
26091
28453
28436
17892
331
1151
15327
28473
13163
19463
4813
3104
30953
9015
8573
389
6543
3840
1075
14709
23242
29801
11235
16607
13918
17530
27276
29336
26969
8024
6600
21410
28485
12977
4000
1198
15778
22362
21924
27871
21396
12855
22076
465
29144
23644
29753
20698
3836
22129
16559
11664
23504
19291
17159
10635
27672
26137
1872
14700
22403
16107
26326
11037
26337
9146
16118
20827
8592
16308
2608
2162
20279
26167
3966
30792
16823
1264
7140
14237
31583
324
31305
13457
1376
1262
7557
1639
2688
32234
12475
3208
2578
21906
489
32459
14117
8968
31421
21235
22524
23763
7083
7034
14782
19917
11580
17293
3183
20796
7081
19543
15135
6719
12456
28546
5217
2668
8070
19195
22271
23479
6006
31222
30444
8597
20521
16179
11898
25954
17566
9343
12237
25088
4156
13181
2704
8898
8734
11174
6630
2440
15022
22927
3748
43
26485
29546
27069
22811
28977
7888
31486
9030
28712
958
14331
30012
31421
4317
32585
29585
8769
21766
7149
5763
12811
4613
7445
29405
25803
27805
22022
2588
1051
24013
6742
26063
9815
18770
2651
580
32431
23917
995
19552
29562
8166
2853
14031
28365
19537
16376
10846
7501
26512
13123
21924
3905
11417
12469
8168
28652
13946
20662
17215
18201
2970
26269
20981
30967
28225
7971
11054
30759
5722
25367
8909
24084
14456
21076
24725
23939
32280
27377
14990
17259
21286
12471
3755
31238
11458
26840
24489
16936
11587
15837
14650
5840
18812
24545
8035
28412
21311
29949
3363
20930
3360
28163
18005
28829
11131
4975
215
15365
26297
24218
10476
9794
718
29489
17631
2177
28678
19686
15338
24104
26882
30053
1109
19047
12797
22154
31970
7183
23893
31953
30057
17320
14662
24078
10944
28606
19192
30814
14813
17275
31420
23901
20031
23419
21906
32153
3978
5339
2032
18503
4721
19091
30142
29493
20696
32006
5029
32512
27962
6104
25993
19335
17737
18944
18004
20639
6101
9246
23798
20233
16879
28942
25258
3489
22350
31933
7802
30423
6642
15675
14853
10851
5382
4626
21376
22325
24331
3543
28923
29099
18227
32254
14565
6663
29195
9458
5075
18208
10589
23142
7037
2392
25429
1509
31497
31181
17634
10161
9357
10708
9055
25546
32719
9891
18803
17229
30287
25933
822
8191
135
10996
13717
28202
6257
17721
1271
22696
13642
9976
20257
25405
13462
15667
31830
1834
21604
4171
27587
32254
8915
1398
32539
11952
1749
21613
2431
28907
17971
1381
9632
6825
11473
2881
14119
3075
14644
19974
6997
11591
29249
14735
19686
4940
19015
9346
32572
15874
13120
9090
29881
9549
18516
7334
5229
2068
12447
12074
753
12693
7988
17253
17042
10491
5218
22267
7858
32562
17462
22868
26220
12026
17984
11341
14967
17210
29338
7469
29261
14231
4135
27098
23692
18246
14361
9805
24220
7710
4790
5699
14226
8178
20827
20277
27220
14877
2497
13963
4862
29534
22143
12301
11141
11751
24784
4250
923
20400
14231
10524
28626
17681
6048
32187
29699
4496
2345
32081
27889
25336
30369
19742
32042
23211
8367
31934
16686
312
4982
13911
3795
6192
280
16151
17384
15926
9592
23518
26649
6486
5957
28215
9746
31640
10804
23949
24552
13780
18060
8348
25268
3271
23016
31525
32129
1127
17720
17382
32616
30068
27658
18121
24825
8528
18696
5980
7389
14352
11201
26497
31674
1235
940
13927
22359
13394
23657
27576
6401
27065
28491
13076
30509
5558
28180
11199
13918
17359
27391
16534
29001
20984
516
15432
11319
18021
10071
28098
14252
14237
16178
28907
9798
31440
25300
28562
23015
3178
30410
28324
27671
26344
30317
31651
30115
15338
6316
20051
31114
17290
12811
12983
30490
5613
30700
20283
26455
17175
2317
6963
10652
7428
24403
6532
9093
26612
3782
11169
6155
25862
30172
4282
31217
27400
17146
25904
15712
398
29496
13899
27854
12865
11877
32303
1316
1146
9291
7180
23839
22288
20275
7318
7158
3182
16300
26293
830
15592
21897
8317
4107
25423
2601
24672
14169
14274
12283
32418
16810
11464
19264
6926
2544
17052
26643
10984
9132
9416
4519
8994
11352
17909
20177
4818
19459
28162
18374
16868
10555
28243
31013
10252
21551
28780
6200
20479
27925
4798
3191
31459
2506
18368
8781
6148
7864
11074
23327
25800
28413
16895
32395
18661
18378
22385
20717
17105
2824
28137
4904
30843
19778
29918
12195
16440
2751
14725
14481
13824
14318
17827
7030
12506
12552
8352
11750
11413
19696
9948
30608
31673
5982
27462
23932
21949
30268
22314
4753
5498
15952
31818
29018
15328
31516
19761
8970
2792
28162
12228
14269
19657
2220
7706
5120
7023
26283
18829
22420
15401
2654
29713
8559
25506
24854
29637
21764
30226
21111
5320
17604
6069
24354
19790
26085
8573
4753
30707
29026
19972
19521
2127
5699
12996
9239
28106
8478
22922
28157
6321
15582
3624
8396
21898
12483
13418
9326
29349
16298
14924
19268
25588
3215
31338
31429
22812
10320
8888
18280
31180
11443
29555
1988
15438
2219
27224
8950
2652
25047
11795
7748
10292
12108
19962
11776
4591
29076
10747
19886
17166
11254
5843
9065
7254
760
4737
12930
23518
9251
7419
8555
23398
23302
2335
5843
2282
30590
23020
29203
19831
26932
32754
25289
22078
13414
2823
9154
29671
9195
9276
23838
1063
23665
25616
29102
6549
13578
22755
15265
21945
30951
20909
31840
10598
30306
16623
950
28490
32578
19434
21044
5316
15931
23056
15060
17653
1461
14520
18396
18970
31695
10005
26373
6425
18338
24169
8413
15193
9162
27254
24426
2775
31267
26165
2064
29815
27856
28875
27828
13464
28802
28345
22562
16874
23542
27475
14764
23172
4288
11891
13332
26417
8520
23150
5037
10507
6162
9799
28604
25932
17474
2083
31524
864
12127
25597
18499
20799
8279
4763
1047
25081
20419
21697
27813
14994
12653
1700
1691
16657
30479
10145
22068
8660
12382
2607
8028
7974
11335
16403
28949
32532
32633
5843
25
2940
21539
14444
5312
22630
26367
17479
4133
17559
21903
29802
19588
26724
8615
8940
23783
26309
3627
17323
28674
21674
14618
9793
23131
10898
5835
5171
2990
29785
12919
8044
29583
13137
22520
13546
6481
9877
2768
18360
27431
28058
28269
10268
2185
14599
940
23313
3033
32199
24475
1527
5959
24156
16259
17034
10482
15990
7718
28433
31311
13508
11845
20183
28367
20234
24165
3807
21948
23668
18899
724
868
12842
15078
11839
1402
7716
8836
28157
30393
31808
10471
21999
13770
8593
15265
5875
872
4602
15582
275
19394
13308
14314
30205
7969
30413
16115
24499
7626
7850
22031
32644
23334
11117
3969
10555
31776
3426
15672
16022
5327
7255
23448
32506
2389
1266
6525
32612
30215
8264
8573
24227
25294
27050
2158
2501
17868
1730
1320
9423
6467
5600
21900
27569
2227
13966
29894
8056
31043
106
1742
21446
29026
23605
7477
12415
9134
29479
14622
31686
8469
10373
11915
40
30266
20854
19674
8982
14362
7955
28815
16281
17391
28349
25171
6465
13909
29875
10045
31583
23979
29923
9809
22643
11196
32257
18246
32232
27294
23255
28301
12287
14555
11740
31374
16906
4303
27399
9781
32474
24401
9189
29869
30074
28054
23018
2667
32286
8785
19205
5999
2902
24095
27766
14022
7047
30499
2020
26452
24220
6125
11946
464
25593
1441
30579
20496
25776
4437
14854
10631
32248
14522
15715
14604
28635
14847
3086
20444
13358
7922
25259
27107
454
873
27851
18231
4073
6880
17414
16102
11779
14691
25930
12017
922
25519
4210
11672
3204
10900
17946
24536
9560
21917
22450
6451
15394
8435
15826
10415
31067
4735
10445
30497
29976
10831
32649
23211
19585
29243
16526
17284
11141
12488
31068
9719
7884
17228
18434
17839
16877
25427
6892
17969
7650
23362
8957
9386
19385
28218
11230
32491
12171
30527
20117
19378
24498
922
12889
26667
3127
27771
20388
7862
31370
13283
27019
2795
26998
10433
12619
32475
29011
5724
18468
19865
13438
752
4970
7930
29702
16796
5849
12440
23720
23419
18729
10269
8190
5138
5858
23230
11763
3306
1906
11781
8826
19581
14460
30164
15232
11351
9076
29607
27422
29301
24937
23321
23060
6641
24865
32682
28275
3809
17259
4031
10905
24956
20913
234
30818
13438
17101
4460
13469
27342
16925
760
3773
22622
27866
29370
4305
31315
14757
29336
25527
31335
32355
18360
9100
395
2123
29250
22630
7632
31293
25191
26438
16263
25942
32418
3912
4519
20417
24381
18205
12656
7632
25368
3771
2382
4427
422
2387
21248
21256
32312
29572
1273
15035
24702
18894
12039
18704
22090
13129
2610
2039
25240
1175
16359
17727
32204
28439
11350
23399
2874
12379
8216
31921
18411
21981
25877
13431
5790
26861
2725
4802
19726
5870
15605
13849
26227
10690
11181
10135
16203
25731
17359
15681
15962
6260
16610
30358
3824
1591
22865
1895
20586
24384
2574
1256
24315
31625
17786
26888
6573
6023
2441
24574
18850
11870
8481
5156
3744
17489
5316
27657
29901
13692
3695
28353
6070
23749
13506
17024
30358
10000
16736
31080
24022
26290
22169
8350
2512
31528
22599
17827
26328
8458
19445
26082
4733
32314
1095
31877
524
15969
7062
8845
29270
21404
474
29986
1203
12146
8653
13863
11591
2058
24909
23314
22148
32154
258
32251
24048
13347
8002
25842
20009
13660
25137
5014
31270
12011
3373
6884
23999
24795
1385
6988
26480
20555
2519
11530
3930
4707
8780
8883
24458
17293
2527
23054
20862
32481
6290
3878
9445
27104
28724
26013
5031
10342
28805
7235
1829
19674
13980
7911
12994
6312
11142
27246
14242
8433
26160
30498
13746
11137
25734
7500
28136
22529
24541
10244
22988
26989
16526
2632
23607
17353
29924
27212
28506
29200
12089
30481
29699
18542
20315
15417
1564
30382
31541
26650
31348
7926
10923
14353
27075
17586
10949
32536
27880
10190
23568
31387
28276
24616
12353
27016
13676
19781
11036
6566
3403
11843
27284
24359
12103
30222
31284
10880
20693
12247
30141
12408
31599
1986
16145
22655
4501
19423
19279
25922
9490
31068
19264
2940
640
10745
13042
27407
5646
30139
25762
7763
3457
7397
735
21422
23417
3620
11757
9573
32758
7434
12392
9137
14874
31933
24361
17686
1841
21233
12398
12528
4846
30483
20020
6223
31991
12743
10216
4356
6053
4245
18239
9980
1028
8671
27747
6093
20258
11543
13647
27791
29830
15151
21628
26093
27134
848
6845
28283
6302
4046
22631
1867
26373
12124
22966
25275
14562
1660
620
8592
1975
21818
19643
26185
30941
17690
12133
12973
5321
21327
12066
17319
909
11053
8002
24403
29345
1249
21907
18777
2020
23648
21893
20858
1502
5277
13964
12392
1352
23295
18886
9947
26574
24338
17118
4833
26643
12925
26672
28533
27382
25908
3630
29268
30228
12782
25090
15372
28557
20186
18293
20054
2828
13965
19983
15525
2049
32063
383
19199
9521
1592
6462
28428
28017
11653
19312
26477
16814
14831
18187
23886
17457
11054
6458
17471
2337
14425
516
27711
12362
4769
31785
31258
19484
16447
31820
14838
14839
9131
11095
40
20390
783
8220
3148
553
9211
23608
8852
27063
20314
4157
20320
18179
20901
27408
2319
28095
19286
30863
9237
14430
26016
21367
19790
26911
16221
11909
32403
7239
9800
30940
8586
12205
28780
8615
21698
17276
2524
16127
1791
14389
2725
7183
23762
19955
26881
29302
5229
18675
7117
21228
23478
16211
16701
297
19610
29722
7631
18179
932
25465
1917
726
1230
25681
4407
29992
25239
756
2704
4493
23381
31024
10168
22217
24781
26506
26026
29237
15873
13255
32422
12900
20297
12465
738
3333
165
29463
27005
15371
1618
30742
11700
13836
923
151
19544
1511
5106
17945
13695
17834
27199
27825
1659
16563
31352
22094
8200
277
24946
15170
27849
19517
32503
11262
27638
21205
30232
24605
21583
6120
1988
30373
25428
21319
31642
2953
11447
21292
2812
18034
32274
8478
613
18110
10966
28180
3324
4297
21635
2525
24169
24684
799
27071
12007
1220
8673
607
15770
10549
13357
30944
19748
12206
22213
28495
20083
46
24893
28735
11740
29063
15279
15792
30318
12130
15537
1846
16256
16771
9092
19287
6285
6222
654
26676
26434
17034
11786
8044
27604
12390
767
4413
24471
10169
6766
29420
25037
19854
15568
1127
9915
26848
10688
2346
7427
17058
2036
18527
32045
18179
4465
22601
30599
19439
20479
14562
29743
8409
32219
451
6510
19384
24237
10053
3143
5967
9401
6886
8016
22194
13913
19182
25537
518
26539
17746
20683
4232
31879
472
29995
13265
1716
6012
26366
22616
29787
24850
26071
3896
25275
21806
25359
17715
2335
5441
25692
27383
20493
30724
29861
29345
26817
4890
5909
18048
30938
2033
28783
7451
11858
6121
6817
20085
20403
17336
22171
3727
7304
31245
4193
12591
4626
6515
26975
23264
26685
18808
15614
17210
23250
28431
21364
27747
4846
16436
14048
29654
17587
15054
24214
24675
21821
729
9399
4471
7384
27588
14854
13214
6512
12568
3062
24134
9545
8795
20744
16070
1520
17972
12115
29855
26481
14544
12644
769
6090
18819
32073
31633
5792
7091
489
18025
19761
20210
3735
11104
650
29290
2278
140
24569
18302
13502
8710
6598
6062
17071
5869
4126
8635
6278
1966
31824
25100
2078
27010
32316
14929
26745
824
7687
15462
17679
12084
5652
7290
5990
32440
31024
3696
16099
8802
2317
4741
10976
15350
20722
30004
27391
32094
22704
1623
6589
14575
984
19342
21834
18158
28971
12772
15000
25683
28242
688
5809
28364
21456
8122
16975
8709
23860
19103
23462
14887
20883
31607
21125
8095
4149
2740
31389
32
21903
12877
6176
30955
19569
10781
6799
13902
16257
25478
31181
11370
32488
10329
26999
19770
20043
8442
22136
24529
28413
1471
25303
23779
6771
32666
21460
29831
248
31736
9780
8507
8353
30696
15577
27689
2180
1664
23957
18089
23589
5756
28736
7430
11057
15145
13320
1669
29039
31874
24329
13987
21235
29336
23582
5023
26773
12343
6902
5688
12449
16582
9834
22200
30672
15727
29965
27441
20087
15744
10245
31495
24063
9745
11290
11182
12949
7400
28941
19125
19746
8857
11051
22788
4478
6129
21281
23394
25825
12949
22546
5178
4250
9447
14311
2718
15619
32041
29159
652
6324
32741
1927
19056
32759
396
32643
491
14460
861
7981
15827
5454
6024
19973
11643
5894
20628
22411
9524
23615
16382
32593
12819
30281
18467
6996
6901
30242
17759
10380
29377
17825
21111
3522
8173
8437
11316
162
32068
17486
30801
16657
30694
8666
29592
7873
20112
13299
19271
32002
22045
16279
9656
18651
26445
6936
7745
5465
22982
19732
14426
21031
12376
6056
3581
20575
23173
17377
15699
2464
12097
16755
22924
23905
1270
28334
25358
14468
2763
7341
2771
23342
18214
9169
17676
12503
24431
7278
28427
28317
3352
4035
3167
27614
25562
13616
24385
26885
19777
4003
24623
14500
23914
32596
22742
32452
25868
7090
9781
31353
25781
27036
26112
3513
17750
16853
4930
30573
31234
31666
22087
29641
28403
12310
3001
14041
27086
10400
18185
30045
16167
20259
21520
28631
328
12631
31735
13282
3118
27854
4436
1989
4821
5929
1941
13384
4534
30347
6562
8391
19085
7758
17342
30084
11615
17397
5294
14401
21180
24674
6686
5903
27458
29002
27712
21857
18530
28389
7350
3940
25191
18922
3250
18323
32691
1466
28252
29318
24908
17115
30068
29962
6296
19881
31544
18551
27237
1352
6536
14654
25388
11997
328
29634
151
2302
4102
21353
5184
13159
26844
10226
17340
16110
5272
25865
18904
31161
27931
28696
23842
19374
22527
97
24492
14123
5245
17738
15372
20983
8333
18167
5031
19065
31054
13598
8752
19752
15017
6167
31339
24131
25137
6195
55
31682
14670
20303
17355
7052
10907
22697
8768
23018
1676
4850
20304
27708
31572
18596
11357
11243
17414
12949
4276
19870
21242
2253
26388
6321
31602
5524
17514
13027
24189
32464
23519
21582
7964
14734
29716
30621
8612
23519
16812
23161
23139
16613
19212
25156
28550
13101
14686
14602
12858
4415
15068
14004
13074
8308
23115
27263
30121
520
28613
22701
1928
32368
3772
16507
32330
6894
5436
32338
8446
11618
16496
24129
16588
25187
27240
29355
1244
27022
21785
17213
11635
15390
9894
26659
4703
12734
31454
25980
24726
22427
11781
23307
23322
15804
17623
23599
8991
11926
5578
1045
19312
1243
6036
6700
15119
5012
30957
23257
8987
21615
26006
14445
3063
20570
7322
10324
15785
30288
15316
20622
1920
21619
25777
10596
11002
26460
7735
26451
28132
29615
6214
16717
6083
7666
13342
26401
24179
13471
30242
15415
1550
24695
17628
10880
14352
12058
6464
8621
21944
11221
1077
5791
18865
31419
11601
5919
7409
10743
12004
17872
21218
11616
29497
21089
20671
14414
30488
16903
21569
27052
5519
7211
15740
32335
16627
20320
12291
32134
19745
25239
20307
5107
12041
18070
6767
4249
21870
23462
10951
14389
32487
32652
23134
25298
12586
14267
5420
6040
13705
19400
22978
6885
16061
25630
11564
8863
7139
243
1563
9416
7364
23931
29508
29778
2905
4955
259
8245
24207
4704
8772
18624
2631
16497
8355
24364
4257
21954
22482
887
14458
18763
16443
29808
3379
24953
3303
17934
2996
15651
24735
20997
8369
26815
24145
5787
23596
21462
6325
30648
32316
15029
9519
5693
16652
22630
22008
12695
1062
29918
24441
18324
15602
9080
27895
26229
20601
17826
26741
25924
14959
9686
31190
30312
9585
16077
323
18550
22667
751
4300
10570
7677
14349
10578
24407
1855
15186
16036
11579
12866
16759
18152
13206
29689
26423
22845
9501
3096
9731
8094
234
17948
246
8201
18198
11147
32267
8417
23434
11133
16270
11410
2834
23387
20944
30835
26292
13543
287
13040
26943
30076
19445
31976
6950
663
17776
4692
10383
30615
31746
26154
7592
16577
14442
13697
15674
26503
10467
22005
9600
29706
19611
17229
14137
2013
13158
12379
29436
5644
26036
7972
16588
23645
2241
17473
21996
469
4875
14725
11508
32382
9481
17376
17445
12392
23066
12419
5626
16878
9660
3397
32767
17722
4350
16454
3046
10508
27704
17106
20184
27318
18681
904
21257
10604
20545
13243
16271
32442
18672
1048
12916
16470
25215
5257
266
3864
6126
7002
21118
22343
16125
1947
18608
9750
6047
8901
11074
30830
28588
30112
18672
26350
11990
29795
799
21297
24286
13853
14264
31311
1032
15189
32054
4262
22988
2029
25854
19162
18382
5197
14319
30746
8976
22973
24891
4517
3942
32273
31605
25485
5419
25228
13291
12987
16179
6655
30773
1076
21760
2609
8718
27035
1337
15491
5475
30454
5207
8660
1194
17845
25506
19875
20341
10480
25692
27763
12103
30448
19260
31092
9894
3057
6174
30559
26225
27174
17912
12450
7540
6910
14096
17085
26170
13734
12652
30956
18210
11983
32650
14854
30901
21937
2386
3493
26167
8783
31049
31879
7292
14589
16903
20532
6910
18208
6123
30177
15148
7478
13069
2197
8708
10774
28020
18058
28643
15224
4490
30166
8860
10167
27852
31818
24008
17622
31430
11931
3422
20674
15423
6847
5764
11990
3761
20890
2724
7844
6140
29658
4289
20467
6746
1568
30988
30724
17558
20576
11954
19482
21113
19594
31737
1336
4486
26730
21643
20781
7655
7885
6673
21710
27558
11237
3844
9091
28704
24814
27584
20485
32695
23314
18907
31333
13256
8586
22964
32593
27869
28423
5711
11411
17699
10832
27488
7898
1822
21036
421
11453
31899
24706
9593
765
10726
26815
31655
22026
18750
30072
30844
19657
6790
26961
19744
2197
23357
26397
16166
28292
31408
1350
7777
5611
24174
20591
19705
36
19197
24921
3519
32142
17611
2563
3262
25558
32103
24086
22034
31093
8433
6783
12030
14970
6096
12382
1336
23178
4258
30495
26759
10277
26233
18918
17040
13610
14148
5169
16621
26782
16011
4537
9600
23977
18528
17817
28935
13281
20626
27825
7152
13516
8739
28493
20846
29343
2812
5634
24780
17484
30688
1497
22786
17084
3231
18352
646
11097
3212
24284
11108
19408
10032
13075
31121
23317
32064
20874
14204
25511
29133
18778
20199
8981
7099
10024
26101
705
27508
21509
21124
3556
22749
23443
22460
2258
11658
23913
25064
3456
16174
11705
13445
20803
11861
26928
16025
30682
32085
30
2375
6063
4993
31959
29855
21338
161
2393
14011
11367
5279
30767
20743
29529
8067
21653
28640
30958
28065
15836
26721
25765
21521
4624
18553
21630
24928
11225
11585
10753
1669
14239
21389
10369
19479
25585
5826
18594
26557
28968
20967
25881
17893
25671
22270
9395
23481
24870
28820
17817
21838
28624
8599
11730
29727
12585
5992
25865
12731
18132
561
23441
31418
29267
18297
8870
5621
12144
17141
31222
3063
19932
2465
22112
8878
19991
25360
17915
16742
1423
27904
21850
20729
19980
7474
23054
27711
17483
5497
18029
29900
23017
32272
27282
24539
16004
23088
18085
20357
25628
2786
21085
19511
8895
29715
24002
12898
16229
30694
28472
10356
23065
15438
17081
12552
1881
28379
20066
11609
6336
31444
28721
25597
22754
25991
10509
24528
15992
17629
2310
15150
23229
1073
12511
11109
1815
27490
3273
24681
5626
7207
11378
3274
2825
31139
23614
10724
7807
11834
25556
19542
4046
17314
3549
7349
2950
317
23816
18561
10359
1190
4690
32599
16410
18570
26756
20585
9773
3513
10493
31788
926
23164
32177
3664
22698
1066
9330
21493
27206
30454
26479
540
7870
12299
32506
8283
3484
7643
16526
3030
18123
23219
16144
9834
5372
30099
16469
1579
16201
15678
11237
14609
3608
16781
22270
28910
5955
32520
20956
11171
5494
26807
6712
11156
20184
17462
22287
21593
20205
3080
420
16311
30651
19501
8136
7886
11819
11511
29529
15251
9651
8217
17161
11905
3890
25601
8288
7308
12059
20840
20229
4439
7894
10023
12601
18854
15715
18508
23972
534
4929
8301
16980
7692
11662
8764
30979
15083
13423
5212
12440
906
16562
8307
20465
22501
13490
22657
13792
7442
7291
9840
14963
18807
22831
23020
21881
315
7081
18548
3649
22266
29279
13233
6309
1213
28301
27143
17223
12585
9360
21867
6939
5366
2959
27764
26662
5283
97
14772
26501
8808
28587
27976
26288
31853
27465
11438
9216
6969
12016
5335
6255
25709
22545
8829
3744
30130
21760
29879
11039
7152
20309
7627
18921
19137
5523
30275
21807
10277
18439
9795
31063
119
19699
22809
23108
13983
20460
20246
11735
1162
20609
16796
24501
8151
1053
19833
8779
5843
3887
22387
4368
31144
22919
7972
18442
9169
515
29705
5268
14801
13676
16597
9054
12069
27803
24843
20405
26743
21984
29899
30725
19988
28068
9964
31644
25248
2636
6476
17840
12809
24417
27492
2468
11449
15342
3872
5255
17168
2090
24557
22494
21777
18007
12307
4515
19035
6890
16453
13709
26203
8172
21878
31634
11457
1952
24815
14251
27184
21094
28319
24279
13626
7135
19890
23906
31627
17234
10085
8807
28516
29519
30744
1172
26956
19602
7844
25645
4610
14377
30192
11859
26805
9434
11455
9607
31095
13247
20428
4970
22512
6195
14873
18374
12879
12018
24452
2258
4230
4219
9627
22706
5047
8889
16049
13374
18921
28131
15154
12036
27136
14497
17715
4240
3052
12144
14925
22251
12576
6983
6060
16993
12614
27515
27747
20103
24369
5856
17922
15485
31251
6193
19307
4721
16112
2481
31201
13412
11858
9235
14434
31281
23103
9367
13623
26315
20584
24183
16841
25798
29859
31617
8374
11289
24475
12293
31268
13602
5574
26097
27222
23786
10904
9019
24189
7851
9207
12159
13264
1679
12782
15594
19678
16827
3749
6230
4387
28556
6801
9398
2778
6176
2280
9653
5907
27673
12376
7578
23557
12701
21496
17007
31141
673
30847
20066
10360
16488
6580
12139
15013
24646
21541
23087
13134
30122
22300
17445
26656
7516
13007
18679
24873
11778
22231
32555
27370
20969
21731
16386
3758
28162
15278
26272
25882
31275
7726
2670
30468
11952
6927
14525
8329
11026
30815
29100
10841
31239
10123
27723
3414
5825
17802
26112
5214
22387
27480
298
20580
24850
25254
30469
4806
2137
4816
8398
25050
17423
14863
7207
7114
5260
18160
3772
15267
1146
26116
19751
29864
9945
6105
26897
6124
13893
25386
27290
30752
14716
30547
14587
16297
20763
21255
30314
27894
4776
17221
21311
26896
5333
20104
7252
27762
4355
24639
2225
9756
15878
18556
2665
22755
18472
25584
9919
25355
2672
23
6541
25623
27940
20400
18407
29920
3468
880
17915
9701
4857
23287
29755
14306
21766
16899
30655
17060
14110
19940
4580
15899
23870
12080
6970
8625
7676
27575
9629
3546
21961
29881
2465
13292
32627
27991
25396
28722
13806
13640
16766
19003
851
3021
3596
20344
8489
24295
28462
31751
3556
6855
10653
9673
7083
3462
17761
7610
23646
13078
31218
31618
3800
32121
9630
18247
29041
27952
21546
30150
7623
3575
6332
27298
20927
11183
16121
29947
18886
21404
5994
31299
4189
30160
25380
17229
26324
15079
8872
8103
11093
25077
19464
21290
24613
15037
11339
463
14375
4132
30739
3525
19618
5861
20349
7104
24643
13445
14665
12691
21350
12938
22843
8961
11665
12776
26048
16592
24641
29372
8405
32288
9962
17468
22565
32763
10297
12526
12401
19245
15516
15129
16437
1110
32260
15738
15753
30269
1258
17463
17221
21095
30352
29209
29032
24553
18569
17909
27835
3194
23931
21611
433
5068
24356
18899
28306
12573
31131
18549
6360
3849
23512
30456
12762
27042
8567
21278
3751
5826
2489
7342
14133
26784
8140
27825
28859
7842
14412
19680
18267
22642
26633
25438
23300
16212
22539
1699
29591
22967
6867
19896
8264
15625
26340
28842
26184
4560
23170
3385
17057
7671
11450
9168
865
18789
28578
24762
15354
20693
18402
1426
22761
6881
15731
1787
5782
25439
2471
12946
24443
12529
1642
28961
21897
18648
8903
30998
2759
5385
174
1331
11581
12419
8180
25478
10768
3551
15003
28828
3054
27689
13908
21234
6316
3566
20290
2732
29230
26262
24577
10633
16008
12788
27367
18199
7010
10780
18569
1315
24737
20341
8065
14452
30276
30479
2415
2489
16779
4918
2366
8895
27999
27207
13993
15335
4590
12226
17149
7640
32662
13217
15136
27505
12548
7144
10962
18433
10397
23678
1331
11707
15644
24891
30341
2148
6525
7746
820
26703
29723
31377
6163
24971
16661
18646
28649
27483
25589
17028
29228
21478
9364
14631
28428
7216
27448
29173
23732
20553
2048
24485
31180
12229
2434
11908
31042
14955
26290
22213
6986
30002
6
10520
22435
31593
15319
2431
32028
12341
16907
19549
27224
9280
6897
27088
17358
944
13676
31553
19219
8278
6228
14138
15196
27688
17177
24439
20287
30706
425
21823
21433
19016
14228
18421
27765
8895
26222
12778
27979
32093
29558
6005
27912
27213
28788
15430
30061
3543
27624
17143
29818
23696
3168
27364
21228
26574
31530
24637
21508
20063
25131
21081
8842
9595
271
17485
12050
28150
7587
19390
17278
27066
21374
12787
28612
25973
1767
11054
13297
19087
32499
6205
2926
3423
27374
1612
15746
19358
22268
24829
5913
12060
21504
2747
29124
26801
22205
20299
11264
22391
4668
25763
30395
12342
20845
28160
7188
14624
5136
13619
9059
28095
29398
3643
30329
7979
3780
6425
27689
25728
4057
21984
23559
28559
30448
16140
8047
6612
18152
24084
9161
15785
18689
3651
29196
12216
28809
25027
20353
27830
8633
23803
23498
20303
24538
31771
20514
25180
9899
14068
17382
9052
29447
30478
6741
18722
16067
13300
32148
25291
29654
10707
2804
25331
6844
24131
5240
27433
18460
26469
7058
27551
3496
10542
26926
27430
29252
32002
26353
2906
13675
30597
7619
7450
25039
16558
32139
22844
29504
12829
21049
4478
5071
12206
2570
28095
13363
28238
12551
2415
876
7437
17872
1348
2470
9333
19351
24878
27231
28698
15727
12942
4556
30323
18119
2723
20857
29416
25905
8516
12337
1580
22377
6101
28957
12493
32146
26740
5679
23562
3778
21875
25026
25828
18369
27915
7034
23928
30478
30030
7282
30859
2595
21598
26262
21351
32762
18653
19277
4582
25808
1700
25948
204
15145
3000
27143
12889
30228
16761
5496
18719
26800
15901
13925
25874
20207
14941
7406
26334
21402
3950
28868
32125
14230
20787
12944
12808
32357
22705
27795
26061
17391
21187
22153
30371
8067
9999
28884
32122
14361
19256
23254
23350
28122
22102
26783
1982
15586
26787
15304
22351
15684
15222
25502
10775
25678
28022
18564
14847
27407
24327
26258
31432
32279
13065
7042
16473
6782
18370
3021
8023
15400
15384
25361
15351
16710
21764
29622
31504
10016
22339
31185
18805
1043
10575
1352
28033
25301
20877
20280
5875
25345
9416
32403
8444
17103
14558
8206
14999
13858
28601
21818
26905
11977
11905
32496
6409
31230
5392
26355
12593
22323
18855
11473
23541
27663
11487
31242
31460
14771
2530
16756
30861
30529
5850
3550
27796
30111
22954
9204
17925
28792
17629
31587
28647
28804
8411
21309
9237
8970
5475
26014
24649
19107
26421
32400
12666
11584
15887
31276
18792
9070
1755
28162
4725
11481
17959
443
13750
11791
28373
15101
18250
15239
4372
16527
3306
5602
30095
22718
4802
15216
30948
9983
639
13046
15191
27861
28842
29615
30920
20981
5172
3728
7394
30633
7250
31952
26518
23410
6283
14248
13767
19697
9998
32088
16967
31495
23882
26474
29443
23612
7865
13882
1658
30301
22012
30134
13684
18793
17453
24419
7408
25007
23153
7585
1118
21808
20940
21551
21518
12362
30010
4593
20457
5528
20987
4081
27231
5396
16942
24997
17312
32382
1441
31344
10511
13058
23784
11370
10483
14869
23212
1124
3696
7584
24390
10023
22967
20832
29324
5117
2169
10636
28651
28787
17057
9401
14519
16732
16194
3324
24766
13593
30158
13390
2339
25368
28554
20532
23914
9371
19774
14495
26319
27323
21809
3600
10716
13740
7508
2817
16954
4418
9662
1153
28872
15028
30552
24094
20458
21409
6874
29959
8740
18000
31734
18034
28391
16188
3282
21820
25002
24528
15804
4815
7997
3695
7450
20297
1370
1975
13215
29915
2174
5383
28869
4718
9206
3134
15223
31117
4157
31942
31501
29567
13189
11730
11390
20915
148
20963
22481
23906
14289
5009
31189
27247
16031
24456
13842
4498
233
4049
25855
21941
4350
23635
21110
14494
31136
13465
16484
719
30295
26325
453
17066
1548
14373
16848
18137
3026
21014
19310
6125
29191
10599
25841
13637
924
16911
5123
6450
28593
29824
24028
18520
11109
6190
22457
28760
9708
14155
7049
22956
738
12245
29929
12498
20190
26067
23122
27308
25163
27356
1681
18471
26227
16088
18040
15643
12509
3595
20180
15986
26841
4175
11935
15245
11097
28064
12662
18147
8450
19422
17997
12779
14979
27087
15969
8253
1830
27492
30830
22004
22948
15165
19490
17750
12094
9582
18898
8119
3337
3972
8813
28058
18314
29123
19374
29210
26754
30130
13461
23944
9995
24026
7703
4950
9700
6858
27669
1843
27658
12638
651
30072
19336
22081
778
31427
10895
25265
32360
20193
25289
1666
28342
9970
10987
23398
3442
711
16010
15723
23038
27023
14383
3269
25681
22963
20909
15566
12269
28670
32434
21579
17168
2561
5533
17137
13871
26550
31375
12328
22432
4195
197
9998
14231
32449
30245
17343
12371
22622
3350
17876
16025
13376
6293
11305
15970
13515
20102
15844
24529
30949
1095
9394
26727
10327
6539
31828
5242
8054
1382
31579
11491
32260
14756
6447
9464
7505
20575
21846
21690
12709
14289
1011
9039
6882
20582
17293
13746
10342
12565
18
30121
21551
1521
10012
1271
14658
15611
29042
28883
18765
30011
26066
14746
1419
25615
30958
705
16104
9410
28340
32525
8550
9824
24786
27910
3775
11209
3706
14249
3148
4613
22882
3933
18469
20695
5136
3880
31114
27029
1364
16931
8321
14390
17686
7467
26817
23213
22097
16602
13263
8822
8800
6069
3687
17518
14713
9383
5405
15079
31863
5551
3140
3580
5084
28373
12047
30242
22550
24930
31222
3328
3841
9040
29787
129
8878
23296
15726
31783
13667
29483
24654
15522
14050
27419
13169
417
24302
30491
18245
20968
12556
1324
10263
17826
28039
31225
30517
19193
5046
14861
8015
6373
22913
21316
10275
17473
15394
23167
27994
11044
3625
20892
15532
10862
9923
10662
8011
20897
5691
13640
21119
2291
961
8072
13197
23969
6251
15026
8926
26757
7033
15249
8797
747
9181
13541
13089
15777
763
26386
13900
20045
19629
14358
21811
26371
8330
26557
13503
11287
6248
21528
30739
15408
31
25131
22126
32414
14992
24294
18515
11246
30694
27735
4072
17595
8476
20253
8349
27335
7360
12320
10765
20554
20726
9855
18985
12681
1727
7626
10899
3243
4731
27762
3400
3016
26029
11901
3202
21828
28159
14462
4573
13915
25990
14021
18616
23548
30790
19667
4062
3547
25337
18705
11878
8130
28428
16577
20439
3367
28651
10292
2960
29444
9598
15165
31591
23523
10227
18919
9617
4664
16575
15715
15810
27892
21727
26948
404
19031
17508
31983
13357
11526
25390
10572
32028
12125
28408
20162
11909
16646
9877
18275
13950
25291
26232
8547
16312
21672
28282
24015
17762
27173
13528
1915
7754
30947
27259
13885
17222
5492
5245
21080
21714
4719
24296
11323
9210
30148
3265
15468
17019
22606
10565
8127
24101
25511
24178
9163
27523
25152
5321
30622
25534
5553
16467
21680
6591
18253
32482
13334
27284
18170
27545
25592
19733
19520
19374
4421
1223
28063
30831
6565
31744
8742
10883
14768
2380
321
2675
27485
9232
13523
10857
2237
19565
20868
19767
1769
10855
2397
7834
23865
10311
27794
16576
27830
3133
11422
21257
31698
21834
5525
22027
6743
24413
12726
4312
414
4797
19264
23427
17665
8870
16520
29408
26258
7991
24135
14732
9230
24204
13368
2605
4108
295
6115
32507
19322
5524
18867
21120
29514
8012
28751
15771
5737
1243
24103
30411
18417
10558
21837
13994
8607
13455
15751
26040
19079
20452
162
22362
22022
22644
265
13859
3833
19963
24214
1361
812
96
32167
23451
25366
16533
1141
15146
2499
6336
17057
10981
16657
20376
14096
29937
5663
15121
10233
11896
20995
9787
316
27818
27323
20071
27894
19202
102
15245
23122
9931
15029
30698
26274
13282
6812
27373
23726
20157
5197
23380
15947
12204
1382
23699
3120
25439
23401
11125
16390
11433
32366
15877
11454
13187
21524
2735
14631
9556
28349
19107
10432
10864
15611
15226
26315
21726
19781
9244
1954
27742
31215
8417
29774
15274
4441
31478
29782
17149
20070
3843
2517
29650
13615
1802
21455
23022
10233
27539
27333
21920
18533
20486
27527
19272
30951
7768
9290
27670
4729
17897
6138
31764
8849
20909
19410
14695
17744
10635
4905
18642
28668
770
19855
19323
16304
17682
19224
498
8274
25434
19192
8303
24518
29822
18512
14427
353
1995
2376
23314
26017
32286
9310
23016
6683
27137
28670
18282
26036
15128
4178
7654
25876
14524
5979
12077
19288
4069
27457
16791
6919
30797
26343
32328
27464
13522
26819
5298
3410
29468
17389
14171
9763
20097
18293
21984
4213
31269
20474
14395
6894
22118
6008
24385
30359
30071
14178
20078
27023
21322
4337
8933
6657
17588
4027
7091
1363
25036
31367
30548
30624
28564
18016
19064
5993
3291
8168
13319
22919
9825
7919
4706
29028
30269
22596
7660
4459
4732
16843
3273
4029
20235
7376
9189
17190
30423
23195
22840
11343
8242
12101
27465
16181
8313
18122
4593
24793
25331
20574
11362
27962
9981
21509
4199
22912
26980
1630
24302
18042
32019
3775
451
5962
5870
29575
13982
24671
20733
8368
19296
17060
26829
15524
28570
1783
15635
16210
16207
3549
20115
32640
27387
26484
18496
10851
8403
10153
21157
22893
6991
19114
13955
14950
30950
15775
4796
32190
16664
24469
10607
32546
15026
3770
2149
23629
30542
5584
4268
28193
14361
3548
8577
22518
4057
2078
27252
8498
26158
5190
10438
3353
16407
30437
21526
9447
29113
9250
32316
10268
7516
21166
27254
22296
9143
15098
8130
19431
26989
22183
31370
21854
5591
13374
390
2151
12036
13089
479
31641
14078
15297
13968
24844
11855
18450
32530
29291
8132
20540
26936
25418
6513
28564
4696
19898
14069
21962
9131
19739
8448
22627
28150
15154
9746
14442
26730
17276
20613
28771
5833
16577
7629
7809
6859
6379
15103
24345
29888
2841
27280
11093
14198
9200
30559
4141
13149
19505
22774
20883
23785
9617
27917
19950
29240
10693
27216
13770
9205
16348
28771
27598
17788
15313
22818
8430
18495
31841
12077
226
1640
6938
28068
726
8384
25269
27951
12899
29647
32677
8770
1214
26693
7920
4255
3631
8856
28478
6172
11205
21999
14383
32422
30025
15935
31730
23430
2928
1459
22292
18403
5716
6482
4757
30856
2085
12508
7233
9448
30748
3572
22845
24415
10673
13956
1761
17083
5134
11870
7621
6395
32195
29727
27423
24407
187
17753
21580
19328
2671
28145
30892
13864
11353
9925
9651
3781
20652
18322
20797
15506
10050
20502
3618
4311
24278
3185
12043
11883
32371
22737
2948
2679
29484
18510
6994
27260
9742
13075
23558
920
11859
28607
13522
7941
29656
15371
19612
26594
21970
6316
1617
17974
10684
7291
6012
27442
9876
723
27927
29366
4166
31034
21152
15895
14185
28740
3952
27680
8489
29621
28233
4694
27524
19942
25390
7040
16826
31338
17271
28519
29950
11248
17444
18395
3442
26987
12914
22262
26450
1649
6828
8869
12399
31457
20804
14691
23008
24009
4642
9288
20980
1927
10812
14915
6763
7982
24423
14500
3813
5931
2668
17629
28570
23848
5983
15241
1100
16688
24620
28845
27514
22548
5491
17726
27095
23822
10646
13796
19962
22181
29200
18174
15447
720
29448
29158
30574
20062
2341
30582
30786
23445
26021
15307
27405
23578
4265
3912
25650
16913
26067
2270
24947
3204
16147
21899
27492
13065
16830
8481
27423
29855
481
31817
2106
3546
28628
25543
8950
6720
17426
19712
16057
9458
23879
23481
28863
11407
17579
9505
9996
7765
19599
9234
23461
3209
32053
17044
2047
9241
17381
7331
27832
9601
6205
24626
389
25835
3017
28271
8556
5530
30676
8777
18227
25736
15741
24623
28184
9806
19469
21275
27330
7237
24967
31440
20600
5355
14721
28512
13969
27528
7731
32240
29227
11025
4046
703
6176
22604
30223
9317
23350
10037
4115
21593
6806
8097
5741
14518
13440
29985
17270
25407
28988
5673
13796
31136
6740
13937
24990
13047
4608
22684
719
20114
32482
6936
18233
26618
24563
19525
8653
19505
7358
2521
31864
13369
26060
28547
15423
2261
31071
6350
19342
5012
8291
31305
7885
16650
30625
21989
26421
22625
22838
20126
26594
19473
31299
24413
8489
2027
4327
14621
17963
24668
5738
19533
12458
1776
31163
374
18204
10261
22045
25886
2302
5666
541
19180
13675
9623
2759
11277
16365
7846
28441
17621
1939
26611
12216
13738
1092
20121
1762
11038
24146
3949
23716
20827
9298
1414
19277
5828
4908
8701
18466
473
9326
4337
17491
7771
22246
12238
23086
17841
25967
14543
23187
18059
24587
18370
20136
12229
23346
7180
16845
17038
10602
15340
26579
20425
21272
23812
29544
1203
16534
13845
12502
27335
19077
7690
14574
7903
9317
7224
20542
923
21859
19940
18059
29446
13169
17669
27259
13175
5276
17484
26001
13238
10906
31842
5214
21088
15523
11889
12022
13453
13187
22501
21922
28591
11244
19316
21972
2750
784
23387
15200
6802
4463
30955
488
32144
2030
27973
31384
31368
9002
3938
14868
18142
10507
6998
8879
14312
25756
3797
24286
9112
5146
12022
24556
13403
32075
6967
13551
13376
7184
4545
19962
4957
7998
18670
32660
11631
10154
521
23145
4800
32131
14677
11072
22606
12261
5968
14125
13097
21162
1848
2056
25373
20100
5839
23837
12433
30537
860
5157
431
23693
6130
7798
19141
2166
16628
22134
24043
8396
30937
18773
24039
7760
29229
18684
22605
3663
8920
23104
19179
4726
5283
21340
6243
4840
7928
16030
12314
22158
28137
21856
27985
30126
31349
10042
29074
23232
22534
16758
32334
17789
31549
27332
4548
1080
24050
18223
19236
22385
9335
30800
23029
13224
10269
3522
31924
21871
2810
22998
21182
23491
14569
32391
1392
23708
31185
18096
3212
10179
31019
8060
4574
11236
26302
17950
14368
12772
5293
32195
18716
25204
14004
25029
3856
18919
9903
10274
23894
20032
21084
26668
3140
19344
13921
14722
27730
19071
2705
16190
29818
1320
875
29552
12261
11818
19683
18124
11971
11771
8806
26783
32379
19072
10264
19208
27908
27867
26976
14180
7058
31109
8358
1802
9334
28316
11355
21561
22591
15486
21818
14158
22054
3222
18894
25658
937
27254
29493
15412
10101
806
1827
10155
11145
28348
31530
19583
19097
14381
15672
29808
11440
5987
21857
14295
14106
4496
21726
16532
4993
29633
13910
14663
12886
23478
4957
15555
19571
17137
21307
22975
10238
16397
14062
32463
9360
29265
26226
25235
21142
19333
25407
15406
6648
11268
1044
24570
13305
1299
24051
5243
31839
30065
15980
13201
24019
5168
6943
27633
23946
24002
6781
14037
2597
30551
6606
22003
20950
15463
21624
28076
965
19082
4222
3975
178
32656
29767
18653
24283
7630
27041
2518
1312
2742
12805
30868
357
23467
4125
1197
7736
9491
10883
20191
31667
16301
3020
14591
12196
30756
25541
12851
12524
23781
28156
4961
4645
7726
8578
8167
20360
13416
3568
32397
13325
16567
2472
16055
6611
23503
5469
15840
2499
18185
6358
323
32369
13238
23790
22491
20034
5299
26336
22670
212
11838
6337
4262
5018
22535
15182
30336
29127
9610
21736
29832
9070
26781
29149
8293
30695
16965
16873
29296
12148
13774
12029
4459
26660
29211
20798
1648
20984
17722
25681
27943
28229
28219
8662
29756
24153
16707
9522
16912
1377
20956
15506
4527
395
6031
19245
7171
16487
16565
8393
8519
12947
10122
27264
9917
25239
7555
8388
15524
29454
226
5793
24677
18439
20615
3650
20237
24490
12809
30391
23551
7711
7685
14069
8171
4267
9910
10782
5114
27676
3270
12547
27979
19048
5732
31976
19619
27537
23703
30599
5728
32203
722
27735
1711
12513
3272
22285
22015
6357
18049
31587
438
9159
29358
10777
3362
10007
13114
22330
20146
18382
24609
26017
7526
16954
16517
19387
29316
21721
23039
30095
21389
21113
18995
2043
6255
8092
24231
26944
25084
7969
24277
12993
21659
21025
15486
28679
27453
12056
7746
20233
30355
29765
30830
9642
7295
31059
10261
28804
27592
17464
17506
12004
22545
25950
6700
16405
12812
24320
1483
9698
28651
7128
7978
20566
23063
14583
27678
22214
28709
9972
3318
16914
6662
26184
5972
19495
31101
25337
4923
14536
28630
13174
20072
11151
11222
16066
31206
7982
21486
3541
17885
25083
8371
19520
28587
15276
31635
15375
30261
8286
30144
8435
26751
5341
11121
26273
635
10271
26442
1653
3103
9745
6680
28763
11962
26519
31426
31471
13448
25549
25213
7907
26244
26260
14654
417
31869
4170
1653
4914
21356
728
31224
17247
24069
24562
317
4630
908
31898
15565
32527
24810
28134
27125
7342
8192
21252
5311
18988
22843
123
9761
22770
13161
28851
8819
8517
13771
7608
11302
18984
107
10299
7860
18558
24239
28634
21971
22896
26671
161
29934
31758
9156
31184
17109
11833
24801
20958
28084
28864
15143
7103
19266
22217
31795
12643
26938
9331
20411
26495
527
16569
32217
11919
10716
32410
8102
17692
18329
374
523
24378
11925
16572
10964
26454
27680
28354
13318
15406
7560
18164
29043
4129
25160
1841
5259
19881
15995
6258
17013
9510
407
10925
20575
10205
1367
18425
6674
5184
22777
8946
9929
14192
11434
9311
4163
2048
4415
31762
24599
24060
24613
14608
22344
27689
24475
11506
21529
24207
30494
7819
18978
16949
2085
4043
164
6700
16143
6883
2842
17870
28762
10922
12304
7240
22037
4672
12856
24918
16792
18417
12219
30542
5490
18268
3021
29280
7075
24276
5764
28956
3084
27654
26346
24116
22307
19420
6993
32644
2283
418
29670
30287
22564
22888
31625
5324
13758
2471
13020
11489
28820
6183
29082
15406
16727
1567
29227
6477
21192
1951
15221
1624
6699
18987
23796
19628
5112
3752
12557
17901
14547
6781
6559
30283
16062
17394
27356
7171
31374
7643
30807
22568
30107
1659
30813
21667
3004
7587
12681
2937
9587
26138
9875
4940
25188
5697
13417
5413
18444
23543
22145
20336
18607
6075
1389
19016
13970
21264
25520
8437
30571
30246
11472
1203
3094
182
6828
23733
16521
18990
13584
10090
6154
3342
16263
255
18848
16786
14704
29477
24775
2961
9300
29204
22119
16293
1143
10960
13831
17292
20397
1707
9022
19918
15983
2059
21355
18592
13102
25709
20390
23561
11239
32682
4855
25411
29176
11385
22725
20836
31794
22070
12177
18750
14127
30690
9188
27779
10214
1130
6021
9773
7292
9260
6384
29724
24414
27575
20228
29697
8332
28626
19708
14204
2360
23233
25248
9089
11663
26307
15548
24320
20695
25055
27090
5317
12218
7904
5900
3229
17633
30623
6516
24506
15301
17536
5991
19544
1474
27967
26183
27809
17774
30445
28785
21710
1064
13109
14191
23696
26100
29924
18030
6062
20358
28073
10482
16879
12956
6424
14792
8762
29841
22773
24125
10492
9007
9904
397
19914
27590
32300
25758
28744
2170
26052
5614
16457
6113
14224
9674
28983
4814
4068
27330
15542
21607
1306
27225
30852
26750
3218
14849
17315
5150
12534
27718
3771
19555
32195
24137
954
3983
17413
31088
4285
21595
7266
15708
6707
907
19033
9755
6207
12229
25804
17055
9055
32675
26556
3951
13388
32263
4949
27037
6945
17583
15402
11768
29118
13577
28865
22658
3439
13128
6226
14373
13257
6071
28364
2721
5845
19021
537
5321
23665
15490
5283
2799
13554
13666
2327
23965
17678
9184
15209
16006
26362
27500
27416
29115
1743
24264
6835
16162
7730
23831
2204
6181
4916
17719
9484
17831
32375
13136
10583
12860
7315
15533
13425
9369
28343
7627
4273
32329
20116
3760
1750
21154
31094
12670
25160
27128
22196
20296
2720
1296
32075
22308
22121
29911
15558
21378
31528
23124
11617
18876
16027
8924
2925
14318
19775
5253
25078
9479
23060
32477
18596
30496
27556
25563
14559
1037
31298
11541
15926
4146
17296
16692
1538
12184
30532
3493
4678
15681
8491
22674
5082
23736
29806
28433
12233
14827
23572
923
13303
31549
29896
20671
32519
6616
21468
21527
8059
5184
16271
13692
28189
12078
15499
11894
10142
14491
5298
1526
18814
283
15130
29768
13867
32620
12630
835
25709
21071
20984
16067
7681
5270
9299
18777
4485
14207
7558
10560
15252
22336
29366
24979
27441
15843
24730
11198
25961
2132
3133
25907
27700
8633
24831
1374
11421
2305
4061
12250
22562
5312
5107
14053
27998
10554
24639
8721
29669
5309
6824
3389
12144
1589
2111
29636
3642
20986
3780
15348
22185
30956
28524
5826
22577
9666
7905
1979
9078
5279
24203
10558
3504
6374
31502
233
852
13648
21524
30801
28145
31292
4428
19958
12631
7750
10419
4726
1023
1306
6674
1536
9895
10379
967
27148
16189
6111
29897
6985
23294
365
8167
2007
23519
31339
21584
21943
21804
30977
24408
19840
7023
13473
15225
23891
2963
24731
12440
18448
19785
29932
18826
21706
5291
31063
17111
4729
10015
1720
22206
1007
10111
29332
2681
18446
28023
22772
24770
4663
27694
30836
5525
1797
27688
5271
18232
20796
7275
21085
12409
764
16096
17176
22583
5947
29693
4475
23075
10098
27041
1268
11464
10645
28991
20284
2249
19017
16703
22572
21866
14162
26017
31698
15954
28234
9188
28356
22160
25497
22054
15540
27867
5537
396
5445
29982
24633
11236
23325
11060
9309
13449
10555
21231
6179
13447
17035
14688
21233
10752
8120
23378
27118
29391
3906
21784
12470
23146
7120
32649
29266
16141
11463
24136
13927
4629
5403
17225
26285
14250
1126
19344
26787
2464
3639
6460
32642
415
15276
28357
2671
20098
23363
3970
29428
22782
749
2414
24497
31620
30820
19499
32591
29032
29631
12615
32694
16706
28740
22975
1408
9877
32637
1217
14253
16046
21134
17334
13208
31951
28101
12160
32041
10637
14963
768
16205
29047
27386
16092
28835
18168
25896
14975
12409
7039
9923
18017
28662
13276
22629
17288
15256
7150
650
21583
14562
32123
6376
2662
11342
24159
20479
13850
7049
2537
28912
15062
24543
10626
8082
3306
15604
20623
18115
15500
20406
32665
7932
12828
27023
25259
809
32685
11231
20220
1975
27584
30633
17358
2030
6482
1421
29334
7553
28954
14838
4701
13923
12300
2452
614
15581
16161
525
17
1502
14426
19183
29695
31122
15619
13034
6775
10805
309
7484
2825
19754
12446
25452
25457
19015
4228
32571
6590
21876
776
4312
14771
18036
20392
5459
4461
8962
21768
24916
4422
3872
2034
13325
25338
6060
25499
30317
31752
2868
12072
31382
12123
21771
15472
20370
554
3740
1028
32065
18461
15103
17005
15510
19121
24778
31412
3
32733
30250
552
24626
5110
21298
31067
16630
19152
7794
22126
17025
31782
26572
25742
21207
12091
25987
23743
29571
6594
1941
31704
1928
1531
21835
14799
15770
25632
18702
1591
27278
2815
7804
11783
26640
27624
18107
20125
19348
15817
30477
31235
2447
25496
1445
28784
22758
4593
2234
4882
27302
30721
27609
29706
18935
28578
28543
10169
30795
30919
18151
15162
6619
1051
18465
29743
18004
20709
25188
15809
20941
25135
20133
26338
8701
20263
11880
5589
25515
29381
3287
5361
13413
16046
30225
23714
5237
13657
6340
32432
13585
20336
9726
22212
30418
20601
25408
9256
11368
20149
8917
28878
30091
29256
5729
27028
17972
12187
12221
3014
28174
255
1026
19428
13351
25491
25828
6566
23276
7015
9282
25918
8276
737
13818
2525
3675
26976
9218
16760
12210
17696
2229
1484
31925
15454
874
672
5277
18876
23371
32074
5879
32742
17509
21876
12629
12406
31483
800
13635
31253
10528
13802
19068
483
19077
31117
4446
23578
655
937
18844
26606
6316
3780
20787
8887
3816
26254
3999
13905
1723
2409
8526
18115
26661
808
22357
17184
32509
25879
24418
15787
647
32572
10225
3902
15172
16093
21699
18925
15118
22083
22412
16102
23396
4541
237
7067
30210
32231
7585
25124
2996
17195
29691
16606
19821
23177
13712
3417
15251
32660
14641
26225
20382
957
4380
16826
25569
26324
20850
26658
19879
22732
6892
9681
23938
2239
15818
12628
14816
25905
2317
3579
18399
12697
6630
28031
5731
5406
16238
21736
32613
1694
18071
2222
29582
14836
16995
1055
9220
29307
9300
0
32388
24270
14627
19575
12209
25042
23989
553
8107
27895
74
20127
7396
20410
16888
24558
10543
8303
19544
13207
7450
8765
12159
19628
5502
19562
23599
5428
24404
22232
3663
28369
21962
28624
15257
13984
26263
32511
23187
16481
12427
6590
5568
3288
28778
3223
16151
16242
12282
7684
6068
5932
27483
28281
16334
28337
8343
6565
25321
1986
32122
31990
29772
9691
8100
18267
4022
15380
6876
13901
21069
12869
14759
9232
16343
1389
11289
19254
2092
18261
6380
25446
16619
16752
17615
31579
26477
16134
17408
13359
16119
17041
27165
16858
24372
10856
27704
21750
1762
2202
26921
20933
1739
12829
19496
30836
22775
18728
15771
25249
14368
18141
5676
31260
19302
18475
2079
19690
14916
8691
29410
25232
15555
105
5350
30350
31725
5566
4014
15401
22149
7164
29222
3949
24053
11825
15669
14195
8072
15567
5781
7648
3545
8531
7651
8110
7820
5413
6130
23343
28731
4031
25701
8014
3251
20498
29053
24601
7009
5413
8751
21628
6151
18944
23162
8527
25011
10440
9719
13716
13810
6443
11442
15353
27713
19967
27192
17829
1476
26149
23281
4656
25915
5300
5040
6387
17201
5203
30601
14211
12918
27111
32739
10616
18640
14959
19149
11635
16366
14379
25494
31583
8861
27396
31127
28662
23103
22568
31060
4487
12408
19701
15300
20983
6442
20760
16364
12807
22692
1014
8883
10708
23062
26955
18673
31396
19016
26896
28617
19935
19084
1699
5945
17756
20466
4898
31471
24798
698
24343
3422
23775
12815
12123
10514
28300
12274
31028
27712
272
10612
10689
29346
22549
20264
31896
24961
15240
25048
9645
31252
4253
30583
21110
9736
1044
3159
17996
12896
10682
13468
5653
11391
13618
497
18208
5507
12277
29049
21840
24533
20632
30216
25725
27390
22350
29332
8471
29117
5037
14566
5132
7766
30645
24725
28140
14636
23566
2613
3404
9618
22929
25292
17512
8415
23562
31621
8716
30656
21052
18857
16820
9683
7974
25290
26354
4977
12421
18754
26640
26059
24218
23772
11254
5432
31021
17360
16207
15821
9682
24565
17640
24111
29547
9266
17752
30885
18158
24117
8678
19057
1385
18536
11943
3425
8003
30753
14311
30625
24772
31770
30410
28115
11223
16160
14643
7009
32527
783
16613
25874
28137
2045
7657
27100
28241
13238
2095
1530
8039
19817
31864
3134
28034
8608
8306
10663
14197
8821
12837
10038
22802
22531
1679
32254
16109
13596
23435
29051
26467
9274
248
9252
29914
24759
7446
23107
13641
28736
4147
24325
17148
20615
15240
16333
8849
11576
12126
20942
583
12847
1141
13785
32376
19944
25765
20083
3939
30774
1734
23595
1071
20792
8654
13355
12077
11401
6969
17676
10078
23736
29870
24047
17205
21240
15583
27593
12445
26392
1969
8446
20030
23477
12701
15154
10748
29358
29269
23387
18625
9688
683
9243
7037
22515
22959
4686
17771
4573
17688
17375
6037
8198
24806
8415
26010
9252
12869
6872
6063
28456
27059
30302
7652
14192
4197
21224
10409
32574
9447
25822
19088
16233
27396
5619
26452
10834
29413
32693
5147
6938
7037
29794
19704
1298
5156
2558
9140
30579
8577
23458
19406
2384
10670
29975
10176
16840
19351
7332
15236
20608
1443
28451
10327
10833
12183
602
5565
24125
19383
393
11205
13992
29486
30784
654
31428
25007
16243
11018
25678
25693
16592
13570
7544
12264
1104
22106
23334
25081
15373
6039
26460
12753
16979
10654
12279
5165
15865
18622
11676
22124
24818
20721
14063
29939
29983
26463
5125
12497
11111
23844
26139
10399
24842
12115
14216
30890
20274
18491
18416
9813
22732
26089
26811
23224
27285
18926
32197
12429
8568
5730
30295
6477
11031
31784
21079
7574
5288
7796
1979
31952
31746
20363
23619
28688
22263
2762
1896
5180
17637
20458
12432
16241
7816
17282
7555
17825
14354
14541
9506
28801
2430
2222
14935
11938
12577
23025
9032
15837
1154
16084
12496
21749
9067
19398
2607
4216
16704
2926
24832
9958
6288
29679
8556
10261
15594
16747
29342
19412
16114
22982
7030
5071
22195
7596
8066
17587
2103
19157
10282
31378
30293
21383
3626
23688
22475
20317
5958
13215
17037
26952
15416
26864
16732
28371
2798
12043
26521
25771
30962
23193
22364
17502
14890
11840
28097
18275
28609
7623
2434
25435
17253
19579
8139
23446
17075
19153
4937
3033
3823
22348
389
20574
13561
9889
31344
12061
16764
30490
22078
9802
25961
29496
7544
17439
16036
10140
14157
27611
6397
4135
21034
27659
15201
97
14986
18952
5457
27415
5134
26305
24724
19785
10448
24762
2857
16451
17141
22357
32128
30473
17537
29521
4330
11000
29039
22672
19021
15275
8194
25885
11548
1564
17238
24941
14982
14091
1082
1509
28910
7332
23618
31133
24476
15196
26391
11876
8882
10780
24082
15876
23393
31137
29193
11463
30812
11043
30569
13625
25229
31284
6277
304
25096
32236
558
29706
20285
25923
16004
27190
25713
21182
12811
4598
17263
6990
28418
16738
890
27765
21232
28081
23431
7594
8831
10164
15529
12543
6029
16803
28877
18177
5505
540
4519
2527
30683
2153
27628
21455
12048
17922
8898
5294
8084
12626
10101
15078
30520
5566
22891
9109
27830
9444
25178
21996
7562
11552
8888
3541
32260
6485
17011
23000
3996
7658
14819
20543
20869
14098
26365
8056
8069
23633
713
32188
29443
3388
2838
15342
14946
7040
29804
32710
14989
22053
14402
26926
11987
31252
4977
9964
6902
3031
2281
16002
894
32417
31906
2898
83
19598
31446
14598
23947
25643
32622
15663
16001
3897
20922
5164
30503
13998
18532
17742
3997
10237
2471
29242
9730
16279
7100
30094
8842
7346
22933
21703
29136
16969
8142
2402
14702
18788
17889
25921
15052
2201
14233
5713
22581
21715
17097
3434
28720
16210
27965
19574
781
29939
26353
24534
22206
8882
27777
1793
3304
877
11745
20590
24378
31467
3406
11445
30206
25116
19076
15601
3309
26786
28210
24680
23112
12177
2475
17774
27684
371
7902
390
28678
19344
17544
29899
6319
15468
23208
31886
5689
11152
25396
14657
21603
11917
21258
27539
29482
32575
28457
11485
11673
5967
2593
1725
8929
9467
13768
11776
13740
15642
15663
25798
30127
28250
31444
18400
18302
6605
24345
2941
16037
13476
15093
27398
24052
22330
8938
20550
12826
15700
32311
30158
31350
7079
5710
2200
21545
28314
14984
3306
7024
9806
19480
2685
30513
21467
17982
17375
17107
15325
5821
32022
19027
29232
23182
5510
3220
25335
21206
30997
30711
27875
9750
11404
21804
28850
16801
31040
21576
31221
28500
31731
28695
25879
29569
6901
7091
9883
18220
10126
28245
6053
17018
11937
16748
27580
19302
15497
29932
13262
23734
6215
19945
4724
31021
14815
9060
1400
24323
32767
19813
26773
3986
26850
2634
5501
32594
21108
20062
17697
519
1463
12717
5676
18233
4453
28695
23760
31461
14295
12196
8134
24178
29733
279
26256
28134
23183
20166
15618
25946
22555
11688
4096
15020
5504
17584
18313
24435
323
15961
16885
24376
17696
30851
5242
11747
10923
26237
13557
14963
13111
22883
28903
6642
26359
8874
21950
24232
8035
17657
28247
28560
20701
10042
31168
29704
6037
32242
32578
10188
2986
24269
25503
11045
8338
12926
25496
9054
5051
30917
6066
16248
11890
4817
25914
29983
24325
1993
135
2524
27940
30630
25727
15499
19853
12355
25437
8976
22761
6327
13489
4166
27120
26338
9383
5688
9940
21318
18573
30868
31197
16152
23696
9052
32080
151
11974
31199
24214
18845
15218
4584
31898
23668
24195
12085
17779
746
15965
4906
5955
31656
21468
29895
10335
20927
13206
13528
15024
21124
31841
8811
7769
5534
3862
25479
18329
19293
29588
22043
31731
17742
3847
32053
23181
27916
3946
20084
17367
7512
12362
29632
25708
4460
15565
21816
26429
24205
29428
32620
4844
11232
11293
14797
22134
7294
28364
24930
2325
8138
19882
23484
24933
7171
14286
13867
26565
10005
7740
17714
26624
16821
4779
22585
9773
18604
17292
21890
23251
4211
31047
21086
14929
24321
30920
31649
2941
14305
28474
25171
4492
11911
19218
168
19762
13028
9808
2866
22793
3128
9729
25174
25911
30248
29449
14333
5708
5136
12319
15755
19305
11930
4377
28181
4007
28560
30570
18639
15030
4078
14313
4035
1221
11324
28116
24265
4514
13082
32532
11955
14115
8733
13762
6344
708
1241
4843
28276
17041
27199
16016
31037
5447
17450
14577
30457
17846
25908
12556
9790
30057
4302
9312
30491
23177
20880
11254
13317
5375
2509
6818
14100
24281
29291
20615
32624
7151
31729
26585
15110
3270
17890
7911
6271
10420
8266
9048
30066
25413
19350
8884
15576
24798
27304
17447
2497
24224
23339
28546
25158
20879
26660
1411
7871
244
2762
27990
20790
8192
11672
7003
16667
10929
9632
29994
20280
2554
22050
14037
21992
17182
12893
15725
22916
13917
4517
23239
7455
12498
2486
5759
28531
21916
17224
62
17434
8764
31972
30521
27906
4670
12277
2810
2075
9756
3106
22883
30034
20831
15579
3568
26819
5127
11570
26172
27946
17197
15853
24519
27291
17639
8665
29430
1396
17260
21601
32603
27023
7032
24158
19767
21948
2546
23857
18493
31598
23757
16
22425
1716
11052
28573
30513
25195
22729
21437
30251
3251
26775
27559
32431
3999
25254
27707
19182
29233
20807
6294
11107
13701
6514
18659
16984
12876
12900
21363
6317
27260
140
3089
28629
9030
22440
19855
29985
23369
26668
16805
14913
28933
7139
23292
5896
3474
9688
13701
22639
10129
18807
20751
24797
12900
7408
23065
7589
19866
19164
29924
30160
2221
5923
16077
5662
3824
11037
31194
15943
20419
27895
5779
29574
30473
26201
4115
15448
18908
32325
20062
18818
15231
2627
757
12369
20115
31419
13224
6693
5774
9890
26540
3377
28010
31320
10989
12924
12698
3537
23461
15659
8258
26100
30254
22275
8103
25920
21269
13866
3557
12213
2927
16429
26592
1522
30576
24135
23676
23451
31545
26337
8209
11517
5618
16469
5145
22517
26393
8439
5932
31757
7705
4182
4399
9705
2079
3519
4040
18914
12329
3
1812
20976
17760
21114
2717
17101
15271
25416
4742
15447
23156
9951
8457
22839
11742
9414
23588
12736
3576
12696
28558
1561
12382
2639
19184
21407
30733
13506
4178
22917
30584
18797
18131
20669
22744
2673
9630
23324
8387
27611
2841
28089
32512
28969
29792
14998
8602
1035
2289
23938
15923
10342
3753
20541
17819
12702
23023
27102
30113
23829
3631
28018
15657
30191
17034
27622
9855
26137
24267
32039
15339
22665
17565
5255
6790
20679
6396
29795
10059
23468
16874
1282
6769
15721
27747
4801
21753
16588
11922
14189
13443
3007
6725
29425
22885
7442
21407
14129
4862
22394
12
27445
26184
15833
8570
10634
25261
17599
12743
15845
14620
23857
4725
9738
18779
7338
9381
6636
6559
9824
7491
24342
27738
14792
27006
27465
26708
2652
14203
6759
1789
17564
30538
31631
15618
25683
26649
31114
4382
16411
1447
25190
5427
28195
27132
4704
30105
26160
30552
17928
4789
1250
24169
22431
22734
21561
21696
27588
18973
15703
3974
20816
28451
1928
22123
6270
8512
18559
17120
9551
25472
10723
32646
16684
15800
10250
7142
28621
19922
11780
18530
2907
869
13019
3691
27601
14729
15385
22773
7592
8937
27019
24872
27571
15385
28229
21337
16456
14378
6886
16440
8608
7036
23837
11851
19840
30932
22636
24475
14361
1198
31788
8109
29230
29397
15058
11699
14964
21040
18032
5892
15934
23263
30335
5578
19801
25223
15067
18426
1333
27369
16399
21130
14150
32442
10451
17630
3754
20654
211
20611
14604
20695
19634
10527
5832
11309
23375
8360
13904
27246
15431
21461
7886
7720
32699
31442
11787
23315
9043
12856
3471
26277
20610
20540
778
22241
20492
6695
8178
4976
22214
28166
5230
27890
3997
13474
10611
16022
1754
12210
9772
19944
23205
30800
9376
23787
21703
16810
6543
8808
20916
13306
5020
7301
6344
29624
30130
29081
2513
10509
12448
21311
17358
7052
16390
6058
10486
13853
28277
32056
25596
1849
9426
19529
21138
4445
18683
19281
31020
32696
28589
14636
25606
4903
26022
16818
6504
23396
21510
8332
297
4219
1019
26182
25970
8317
1437
5028
28868
17783
15895
32570
19772
14245
8456
14647
18710
20452
6441
24962
9329
11878
25647
9224
27729
14761
26099
20308
1770
2474
14032
14688
21788
4950
29004
26282
3386
10305
763
10123
13071
7834
1185
8132
20771
13663
23959
27738
22330
2253
13936
23461
16926
11035
32475
27555
28830
13671
2763
658
18903
25841
2774
5565
6322
6279
25563
12950
16558
16960
10728
7685
12256
8557
16987
32256
12856
22733
28999
16732
2565
13568
22041
14818
29115
14142
7035
7334
27380
14409
24184
23700
32438
14240
4321
4940
21236
10998
23280
27696
14679
25058
16428
17850
6974
20952
2956
32020
26371
24152
18143
6114
25216
29029
16747
16482
1745
30777
27093
18360
18780
6199
32577
8835
30223
12321
23993
5044
32489
31115
27091
31136
25788
24208
24462
29012
7473
22467
2174
17448
6668
26216
7465
21399
21937
32485
21936
30541
2279
30579
28082
386
28125
20249
8045
23943
13419
24795
23078
31902
2969
22319
14283
1295
25701
29616
30168
30584
20929
32534
30071
15973
10716
30054
1771
23584
19618
16998
1070
10955
13190
8788
32473
25259
11903
31447
1349
23239
29264
16438
17136
14258
23565
15048
34
31909
3547
16556
17616
13008
18679
14265
8896
6898
10490
29624
27374
7464
9307
17617
21039
27394
30261
19012
18708
2012
21834
23898
2833
11116
7241
10394
10462
12951
18252
16191
4638
4745
27301
18666
25151
516
1754
5525
29857
19704
24046
11720
1018
1621
11746
13071
22777
3101
29820
9387
19497
4541
8263
23688
7961
9373
21211
22639
28858
24310
6238
9085
20744
15588
14411
29652
14316
18364
882
20624
25441
2975
17217
21501
24791
2895
11841
24071
17876
9794
1507
19185
23521
9461
16765
586
17316
24451
27280
29213
21322
12918
3660
19049
13352
13789
26710
3280
929
27295
10952
17555
31562
21006
1914
31422
25676
9151
24192
15008
23050
5530
13811
14974
8196
27181
24309
31881
3835
14661
27631
31756
23895
9920
23581
15082
18117
31645
8269
17224
22308
21845
23779
29063
23714
24430
3361
6773
17698
19277
27557
25028
27362
31308
17459
21691
5210
3596
4789
7467
11111
21261
4992
24741
28584
14715
10457
8170
10280
20555
14776
10915
6206
30343
28108
31570
15282
14054
27326
3977
3617
416
30394
4186
24995
14464
9260
24334
2218
16699
27335
23065
22318
4608
20940
28238
16135
27728
3977
18512
2970
14864
16928
14921
183
16605
9609
10718
24770
8095
27354
6754
7697
19041
5318
10057
15254
30816
32100
736
8382
14433
26930
19772
25752
8008
19290
22384
21562
17639
7988
9988
14433
788
31499
19874
7767
11006
16420
26897
10266
9409
3068
24424
10170
11575
20178
11131
2563
9745
11109
19866
21596
11303
1023
13435
14831
26637
22706
12916
3082
19687
23266
21229
2501
14718
23044
9238
21222
12179
28068
18645
513
5491
173
26371
12772
13771
8677
17879
29234
29118
15799
12450
28493
22837
9525
29117
20857
7542
1629
31168
5951
4601
14747
1781
28432
12150
2192
24845
21547
19779
21010
32017
29377
1245
12148
7579
5974
29637
32519
17221
11626
20365
30688
354
4441
50
10972
2796
14720
13484
5346
3006
31393
9668
9832
8707
27528
31526
25657
3055
11247
1719
1397
23981
4768
18984
13017
21400
1753
31436
19264
5293
2292
30630
20842
31040
11847
26055
26365
10735
5194
26327
30921
10965
3831
7665
80
9984
5751
30388
32390
4132
14330
25238
5077
26256
3559
124
22884
15714
821
25224
24473
20215
26136
26162
30173
13734
3553
21147
8095
7342
6175
12573
23195
32108
267
5159
6748
15570
6947
16456
7423
15636
10772
27529
32059
14244
9437
1792
9630
29537
25394
18082
2329
11020
14878
23385
17599
14331
19437
4951
3786
21777
3913
21673
5855
3565
20899
9743
15251
11874
14549
14859
14637
17959
2053
12344
13741
5328
11212
221
19982
29181
20887
18114
2249
1490
3662
23362
20890
26023
22580
30882
25222
26880
22543
22177
15901
19135
21896
30032
7933
27288
17108
2596
151
17094
11156
17226
9526
26108
2810
21818
15677
6559
19758
1679
5039
24626
32752
11798
25589
2066
30334
22309
15580
4707
25784
46
5342
1610
13698
10131
29602
1116
8298
6844
21702
11863
17035
15208
10203
14096
16048
12096
4529
11949
10429
11698
21205
24340
16459
24572
30553
19620
16019
1927
13267
12066
15245
24183
5032
30454
28249
26240
23691
12951
19677
6651
19264
26692
20144
13113
3494
14325
22326
32279
7668
22929
2829
26578
25411
19297
5288
16669
15181
17605
7226
26225
20852
16677
30422
17061
26374
14123
20692
24510
28863
20527
22390
31240
11663
13299
9676
18790
6814
15505
30932
29926
26766
9905
28390
25752
22016
4607
22095
26017
4953
26077
20285
21643
5062
28244
17627
16863
28541
17745
444
17654
15174
23566
25469
28940
31034
14542
29094
8342
1739
15565
23506
2773
11269
1655
8976
22444
12308
17368
29320
9647
5893
2388
27490
13948
27857
152
26595
13646
16791
976
31193
19407
15145
31002
10298
31022
24522
571
12296
24434
32310
21650
19575
31502
22243
19786
19026
30901
27271
5587
27291
7535
4570
27794
22642
29933
17053
26071
13879
14873
9691
14608
1523
11762
25455
28221
28916
20631
18118
32676
12984
12449
8422
17350
11021
17590
2991
13201
23413
860
29281
24791
21455
11530
863
12543
21044
31877
28467
12283
6688
12650
6353
3962
18130
10502
6944
9822
7413
31086
18358
1136
8063
17100
739
28242
27610
11000
8434
21942
8514
14152
10411
8654
22382
30888
7965
23555
26738
15853
16538
5354
4580
16486
19202
5492
12605
32436
15685
12389
8067
14812
12323
18439
28709
18587
11318
23583
5927
13562
8499
13344
14974
22561
25197
31135
12990
26736
19610
22279
32498
11724
30938
28302
12235
20535
8437
15719
3582
29860
6372
16185
32743
7177
404
26065
29298
30901
6374
14612
18747
11748
19194
13111
6644
11665
26797
11570
14088
10379
10080
28529
19837
17611
19964
15053
6687
3589
13106
23996
31195
21629
28936
10692
22889
28188
29073
23862
18478
3523
14587
21784
12896
9439
4304
7011
1643
830
30837
9583
18835
10529
32503
22187
24539
32658
27142
7057
2854
27383
20034
12505
26013
27624
31926
27373
23376
16958
27042
4510
26400
18028
28798
9237
5852
27923
6459
6412
6826
10448
17100
28478
25513
7769
22245
8731
5588
24264
27395
22209
20778
7222
29356
21800
5644
3212
26360
8604
18662
28310
1872
19057
6417
25945
6006
15858
20216
7591
16069
15514
17786
29168
27835
15239
4752
91
26292
19243
9008
26389
25336
22085
20081
6889
21752
19727
9199
3090
20181
4281
31089
3405
7202
13079
31689
12594
31211
24215
18172
4547
4086
31349
18851
13894
3912
24370
30609
2896
6635
12098
4022
8483
22511
10245
31043
9273
23983
32504
31759
17441
18262
7981
22586
31882
11681
23288
272
29854
22502
26092
32560
26769
20309
11013
15853
20857
14206
21287
18420
16224
4115
4039
14127
6551
17391
32232
23530
14670
10584
13642
24373
4706
22401
22494
25737
24182
30035
13692
28334
32325
25965
22488
3035
1334
29546
2739
3360
9010
26210
13390
19713
24754
7347
4644
18788
24860
5377
11736
5293
8015
2171
7789
25127
22652
31328
27061
12710
6457
24770
6668
24170
8400
19083
23622
5447
3805
9917
14821
30211
3864
4350
17295
25600
30575
18259
16320
18970
3160
11564
12733
21971
24421
32673
19657
28078
31768
7931
10138
26328
22266
4470
17422
15885
13031
9029
16155
22458
28844
18391
15620
2911
31956
8281
26067
32312
20414
19324
1539
4380
13299
25208
10109
26021
18103
18257
14022
16017
26334
10328
2166
16232
1505
23798
21228
20319
3889
32677
28736
9085
22987
26943
31865
13308
22541
29051
9216
8434
31176
6324
13909
18993
29846
32493
20737
7787
26222
19475
14028
26010
1653
28033
10031
2718
22551
19658
18956
10280
5207
25522
925
23768
15715
20861
17579
10914
4204
21869
11008
25974
18868
21126
1566
29984
28393
16532
5169
28269
5041
11887
2883
18319
19590
14718
17071
11202
17348
7802
4312
12848
9472
18292
12570
31762
21148
31514
17921
32281
6552
4406
19385
30988
22443
20599
3782
26034
18323
22900
31477
22514
26537
17134
22163
7481
11960
19285
15836
6684
783
17294
29366
11071
10197
5876
21664
3445
5277
5277
5349
4392
27450
24030
31509
7420
32725
7697
19893
17327
10045
28565
13110
28996
16253
4631
7972
29536
9908
22032
8096
24820
5153
24975
7952
9500
1918
12857
28181
12615
17039
142
10686
6809
250
26734
20987
9869
25177
31451
9300
2783
14990
7424
3802
25769
15446
22642
20318
10956
12834
183
4834
8081
14626
20997
10573
1424
12962
27979
8547
7121
24473
21878
24819
9522
23167
20973
3410
32520
25440
23133
22537
2825
12847
28604
971
28778
17244
1672
13738
30788
21160
26192
26250
2364
30777
8822
2261
1635
7145
4147
13936
5467
13028
24027
31470
4028
31602
12131
3588
9141
11025
25632
4669
26615
17095
27089
11247
26318
32182
16608
1134
25745
3569
5605
3455
25917
7054
5228
6416
13661
14845
22264
6438
31277
18328
6216
7190
3326
27514
2520
22776
9692
9621
29611
24665
6511
9471
328
17712
11807
22669
24579
21011
19579
28067
4733
7851
3804
12618
7534
6502
29765
1923
29090
22891
14990
27868
14146
19667
9154
13888
24149
5910
10949
787
6278
13251
27450
5503
8232
12661
16547
1288
28791
6402
24778
32615
21281
21749
30049
2965
26373
11583
30949
806
1082
11049
23240
13784
8531
31117
11982
27500
7649
5446
27576
14260
5690
25061
32032
21742
9337
30373
11428
30800
12998
14242
9798
21732
17112
3909
7187
16534
20151
23555
19715
12172
9927
26183
29473
31157
28930
29356
23787
7845
11653
17520
13820
31648
25678
9254
17128
10228
24644
16042
5224
27532
7031
28762
30135
963
16554
20611
6715
10870
26127
4378
20072
4957
25937
1709
12258
21403
29911
27800
12513
26515
26184
14716
27354
19198
11850
6125
1116
22330
6544
22379
11832
23525
21267
27028
31716
9643
8095
16279
6945
26460
29330
7148
11996
14658
16353
11331
20818
8881
12123
32698
376
25055
5426
11602
32666
26102
21431
16036
23874
12136
2661
13008
17499
2691
13857
11703
14742
22597
9920
10090
24077
22897
28106
12257
29735
12258
10877
6897
11195
2592
22293
10360
31096
11569
31563
31963
32132
20658
26652
32178
15715
294
24779
26305
13595
31885
21801
11051
917
15673
4372
30434
13895
9949
1342
25698
30736
2535
3376
15007
10083
28943
22158
18235
6056
27952
19868
10493
479
21335
13057
7807
26759
8474
16075
11558
29374
31532
29876
13399
681
31278
3491
16616
2838
14791
6774
13525
26720
24054
17407
5941
16531
679
19532
8300
11985
18821
13612
22177
15861
31248
12270
20083
30325
26607
14956
25575
909
4999
3401
32677
13210
14540
16246
15461
22468
16471
17147
164
18143
18106
7924
24731
1939
11792
2777
23665
26043
28120
20227
20144
30476
5379
3692
7926
21239
12875
23991
3309
464
5831
19312
10108
26415
9916
15764
17471
11159
11447
18516
2869
26965
25304
25110
27321
8363
9841
6333
1972
14126
2512
11306
32272
1645
14424
12802
1392
15827
24791
9906
19998
7119
6675
4017
10820
16945
30118
4869
22368
10712
13580
10249
31730
31114
21755
17773
11639
17443
25330
12414
4763
29170
20757
20904
30123
22880
15416
12857
23369
19154
22586
1895
29027
5073
30356
28309
27238
15721
23345
16082
6318
2510
21377
5027
24130
30022
17353
29954
17598
15938
7869
16550
20880
14542
31568
14469
27239
28972
15563
23192
24041
25020
284
26078
25765
16416
18801
12451
11848
9628
4358
13314
20243
5827
17979
28841
8588
11856
23018
4316
28788
28498
22775
27581
31994
652
17449
19914
13614
25371
6712
10919
11960
15961
18471
7198
14794
2818
29651
21092
8275
7061
21709
22941
25974
12285
3941
22691
6458
19057
17927
11523
5251
19353
21707
2121
12609
6642
27463
29310
21223
22643
30888
21998
21279
28785
7681
30767
9915
29376
6882
1118
20207
5147
26669
2732
27326
18629
29989
6425
31923
17265
15048
20864
14545
23392
6495
8404
28364
7625
13395
31657
25722
3709
16450
17398
13444
23499
30546
15385
1377
2465
10181
11035
11397
22517
4302
5686
4565
26723
419
13204
26463
26392
28372
31322
2376
15086
29147
29669
6661
216
26356
12883
11982
22145
7471
4166
8272
14384
19651
7652
21411
30191
18341
24355
3963
1004
6233
16195
12706
10783
777
23964
22694
22317
7380
6041
21967
6797
28008
29701
31571
2537
20179
21381
6861
5575
32662
2662
18412
4456
6907
18329
13160
29168
27561
27900
12859
2248
19574
15580
17677
15681
2940
183
13296
2426
879
3398
4685
16003
24366
18362
16158
21442
15255
4167
13662
17814
7072
13791
16574
18235
25251
22336
27290
19438
18682
21808
13099
11089
32460
14855
27390
25872
28966
14959
16549
18373
25934
13160
22188
32537
24148
18831
30159
19756
233
3487
12137
29496
26996
19000
1072
3441
10339
24287
25376
26159
22719
19527
5301
1102
1284
21966
26205
30933
20015
23627
10797
12247
2328
22023
24275
18583
17922
2057
5068
14575
30321
25751
24023
16371
9532
13049
28585
27601
29922
25728
10978
14076
22561
15047
15680
137
14533
9017
7698
25561
191
27603
32752
13176
14710
13611
2730
6981
13666
17842
29054
11731
30678
8758
14734
24848
20253
4011
17553
15908
21705
25130
29640
18588
18504
15674
30515
24776
30648
10575
7430
9569
11004
8848
13655
6255
17680
1245
24089
2922
3993
30993
19277
5792
25793
18308
24439
8150
11073
13269
10319
13362
22719
17894
5050
14681
28251
9255
28920
14804
9093
25368
4639
20664
13073
28169
8648
30854
32397
27940
264
16720
31698
19630
16802
12829
8409
18826
4218
22927
16848
9983
9293
20931
5485
29115
1184
15225
21379
29719
15606
29813
8659
16284
20550
3365
17188
28614
172
16771
15510
2569
16223
31037
25907
7954
22755
4883
5063
4431
12672
32641
24305
9393
9714
28319
9083
15281
25698
5445
17639
26001
20885
19826
23626
8676
20068
5615
18782
32080
29036
13615
22994
27539
2310
890
31460
708
31098
8267
10546
31707
19311
5878
4813
7284
32422
13965
8080
28112
29928
8453
21424
25885
2365
21909
16531
24823
10079
14943
30694
8238
30574
26962
13546
5578
29157
17487
12302
15948
28621
5258
20675
23095
2865
14644
12684
12751
25553
10583
10836
17953
7194
19713
21765
4931
8790
29092
16470
18397
6689
23997
17637
5608
31260
18356
12421
182
12773
13315
15321
19507
27718
32411
32290
29034
16812
4995
21333
15435
28379
6851
26737
30379
25569
7040
25103
17548
16200
23144
20794
5535
2448
30545
27266
20487
17629
3612
13132
6240
9452
24288
6508
23296
843
16709
10486
31356
25546
26413
21584
18286
7469
12954
652
9590
31267
8908
22517
383
26236
7337
27880
32068
31894
4706
26342
29714
1816
20052
10214
15567
19171
25900
2032
19771
11590
4943
19687
8822
2673
2425
21671
4803
20525
27811
9552
27787
12490
3371
22496
1701
600
6447
4360
9684
7706
20025
31800
23441
21559
28194
31997
16907
18355
31536
2700
14701
18078
32642
27039
2655
29323
25518
14463
4559
19780
6312
354
23025
32188
6374
18168
17540
24901
1217
16193
10840
15619
24095
12449
5133
9121
10063
9526
28701
25410
26932
26729
27165
4027
25766
707
18239
31999
29461
10243
27676
15834
23151
19309
28592
31459
6212
20068
24486
13740
26665
32059
6614
19515
2394
20041
24333
20670
1955
5947
780
2426
2944
11438
24019
11525
30083
8190
25119
11957
18678
3928
32049
12120
10690
15383
9169
26149
29071
23373
12435
5619
8237
21663
30553
25257
11058
25431
12825
6902
28901
19892
10976
19010
21083
9860
18199
9956
14560
19701
22534
12437
2713
7849
21654
4900
21095
4104
24667
8556
7949
7898
17361
31876
23958
21269
14822
15157
13041
16883
14009
9649
6367
18248
2978
22913
16911
26899
3186
27072
2438
6483
6652
20359
28997
18972
13780
16040
29734
2025
854
12959
12040
3636
23018
18373
9515
2628
19591
13511
9181
71
19062
30807
2391
1696
15705
3873
29410
19330
18539
17921
5694
6334
3337
31859
19011
18905
6258
27467
713
26722
24267
17318
17350
25218
26470
14880
20406
4053
3651
21063
5440
30840
32471
32336
8214
4708
19469
26377
4381
26874
18827
28687
25038
25310
2614
19521
30428
6665
10232
13940
17942
31258
14529
8809
5008
6381
5323
31228
2557
32111
21027
15005
12896
18609
6501
1796
3812
30011
14278
289
23815
8354
4696
82
17150
4957
24202
30681
27733
31444
17390
8589
22999
2490
19264
16591
26797
29341
16035
4544
21706
28859
24365
14514
14982
21272
5030
17884
23432
15821
29837
8529
10986
5539
22876
29491
25752
18912
19214
23587
13305
28769
32733
4605
11730
26601
17488
13506
8551
29881
30069
28630
1251
2913
28779
15212
249
15829
6948
21054
24524
32451
27241
12161
25356
12068
2335
10520
17762
10770
1224
31240
27407
17113
9037
20780
1488
26960
17914
14378
12292
26730
32202
26277
17168
29448
13541
21940
27907
29457
4455
10131
18806
20165
30051
14233
439
6222
16424
26218
14374
23448
13506
30318
17118
32355
10692
3202
31128
26263
26181
10477
6861
23255
20521
11413
3099
20824
20386
15987
31210
8436
3061
9540
6735
18554
25986
27009
5937
16457
20735
21394
25514
2589
30724
6719
175
29480
17100
21863
29940
15461
12090
2292
31754
7465
6426
23566
12490
21499
22442
20623
14071
14757
21592
3767
10271
2699
32462
6434
18370
23100
16940
31990
17079
25927
24468
21089
32202
13648
20972
8515
14250
19298
7903
32295
515
17543
14629
29560
21991
11414
22533
2802
18290
29517
26648
2902
7342
14239
31055
15970
19380
23887
20023
21248
9236
8382
28796
12222
10103
7426
28333
18814
21891
30775
10046
21102
28415
10778
17619
21819
29752
4308
20412
4226
25251
18451
30907
9864
30147
30303
270
29994
28493
1196
25513
10775
10891
29739
9156
26428
32510
18022
25749
2944
13895
11148
11871
29618
6472
27401
1195
18367
22662
14938
12757
10281
21457
30240
27595
20404
1320
29043
13842
32099
4823
20344
9482
15010
19682
6966
26226
20933
6566
4517
13102
2225
5566
21000
3656
29657
27428
26749
30006
30061
9112
26323
25947
15565
31302
32667
23248
23108
28835
22402
11363
15091
10904
222
26848
8459
21986
21894
6544
27712
8377
8935
3584
18042
943
23636
5379
2253
25308
18334
18170
27819
19000
22501
17747
23896
18760
10925
4944
32159
12797
23348
27658
13764
16089
8196
14773
23993
25683
26308
4645
22420
20861
25171
23697
11841
25572
16152
1176
3188
4791
29075
24193
8162
5420
21304
8391
15537
18464
382
5845
21805
5886
13107
28942
6588
27617
30738
22032
21780
27389
5783
6458
22699
32059
31762
14956
3439
28195
29435
4877
31928
8447
4997
21587
25979
8509
8821
15038
12736
4630
21045
6886
24662
16749
6692
11127
14021
25082
6193
12410
20356
12455
12456
27606
22636
2362
24651
30486
5485
11829
29861
27244
31616
18426
7835
29942
30684
24371
4932
19009
14189
22129
12027
2316
642
10003
20146
32590
198
25962
21385
28538
31089
20507
1183
15105
25535
28356
17191
5656
23458
994
17599
10429
20147
22002
18430
16628
30063
5078
30540
31319
27808
22651
28151
32461
793
4537
4995
17562
4006
20090
16705
28056
25411
14367
26147
11203
11148
15135
7374
20219
22901
8945
26609
24582
24635
11565
2261
27861
24731
22510
9270
27144
5185
28538
10578
19892
3459
7973
12095
18275
8015
2418
15489
14684
354
11132
11484
22309
1211
3988
10599
3399
27728
4908
26338
5713
15871
17396
7753
24863
8135
6210
29609
11356
5432
1719
16179
31558
12584
16672
27791
18353
4008
5786
25715
5455
11319
16634
13427
18990
26677
8555
26907
28802
21914
12377
20027
17829
6631
9358
2434
14940
32093
5531
17230
18524
31341
7546
20931
16653
24945
15729
6683
31117
25753
2617
7228
30712
8232
25440
23696
1511
29408
14828
8209
19510
15034
10817
11939
23563
18907
27973
4007
18707
10180
25793
29901
14607
29385
18187
18217
3216
30148
11746
2698
1278
17930
3225
2823
3039
32158
20856
2266
32598
26021
13919
22130
10218
9498
1196
7363
15241
18371
20575
14817
4557
12644
28284
28109
28030
20786
10929
18830
32599
10634
57
5252
1549
32739
23040
7162
12173
18690
7688
8442
8069
9581
2059
22629
16167
545
5986
12611
14890
12679
5157
21847
19729
4261
28564
6134
18607
3217
949
18202
28395
7212
30271
4787
3265
524
17079
32317
30089
27322
12249
4247
17276
15134
13369
13843
372
9015
3626
2250
8691
18704
4831
29490
26471
8175
30928
24818
8620
16335
8543
29172
25811
20752
9660
25532
7458
24686
11014
9465
9307
12080
16819
18266
15426
21409
21553
17315
4697
15812
26829
17408
12526
29764
15061
26777
343
7594
28409
14950
17277
10706
26359
16453
7831
12192
30840
27210
12088
21231
2868
18262
13964
18122
25181
14571
20190
16351
5435
6462
18782
27440
31508
1934
6434
15628
3662
20149
28522
11326
2775
6653
27944
11652
19397
27700
3520
835
11322
3331
12044
13688
28555
24699
23203
17906
29857
23793
13403
29887
14495
4876
12812
10468
27844
31772
151
20817
9108
685
14887
21011
22834
31069
20919
20940
23313
29674
22485
31584
21195
13967
31909
2034
30801
12177
29480
9487
12101
12053
6590
2856
5028
20788
3050
22598
14760
20049
342
761
9453
9642
7703
31121
15058
22062
6193
16785
13346
6543
22110
11105
20980
21911
27659
28227
22991
14271
5796
16520
7442
12030
8209
16388
3987
14303
19073
16063
12679
11990
10598
18413
20642
7380
3008
28961
25727
12825
23455
19389
2625
25418
5859
2733
25467
23747
17735
12373
23629
16430
3998
22727
7376
24660
23644
29754
10676
28468
5463
1464
30760
21074
31439
14870
30970
4434
10156
27433
24320
4805
11016
25399
9398
6979
23277
29868
5416
17082
17504
14862
23571
21509
23710
4659
24903
19137
22437
11442
29519
25436
18422
14999
1364
29038
27546
5979
1087
28749
19043
32275
1822
476
2420
7911
24265
20387
6147
10438
18629
549
6494
7000
18792
17005
12332
30004
28990
31211
3830
4692
4524
17534
29158
20165
9427
18642
26062
16803
27831
27372
107
9285
3489
3331
28140
14773
10178
21138
30638
19043
13336
6571
26698
2074
10390
7822
28881
28210
10111
32122
29526
29192
15891
1731
22189
6059
30317
6437
18291
16088
16556
30296
2638
15401
30545
17892
17270
4745
744
14903
22389
24811
24811
3061
18731
22588
4579
16271
14612
19861
13008
26903
27086
15542
17867
25171
28117
20144
28138
10000
25234
14561
8804
19384
23700
2085
7413
16935
26909
11339
1924
24763
18656
22470
11524
24490
18441
1957
12696
16537
22398
18374
5626
21610
19300
1862
2589
21333
25318
4411
21265
15162
32049
32166
18472
26677
8131
11939
11095
7028
12774
11747
24798
25669
4471
32348
18987
8051
25836
13887
18428
211
20118
29995
10181
23322
25890
2720
81
6641
5478
24758
16811
8780
20827
32527
31807
3319
12389
14858
9021
28529
25819
25145
20030
9982
10947
2070
15914
23032
5085
10225
10585
9062
21732
21037
4856
7376
30736
9132
12719
14929
6367
8840
10624
11501
3349
21252
7411
16165
7937
6338
22896
24521
15619
14390
8940
20238
16971
3162
25288
8672
15587
17571
15861
3961
21744
16180
22109
15667
14645
21331
15230
31898
13528
8217
20056
12230
21097
13165
7306
18408
12320
7475
30392
4642
26982
17088
17967
18076
14743
1681
26060
3540
15367
6205
538
28725
27971
169
17594
25580
20889
15995
20232
27895
25818
1745
18427
894
14174
32306
333
13415
23625
32197
30684
12325
3341
14528
13137
15312
9776
22052
18687
14459
24912
21160
1550
13506
28772
16114
1240
15522
24132
11789
12691
23438
22636
26648
561
1214
17916
13627
25988
21963
20484
21728
11686
26489
16127
29983
31128
8403
20893
15993
25129
16510
28870
18378
28185
4167
25819
1657
4479
30462
28735
3826
15464
23687
29462
14678
15553
5166
31820
32368
30583
16699
27609
8428
15580
27078
2628
30403
15437
11213
14694
26362
23314
18564
8817
28556
29317
31212
1329
18341
14710
18087
3217
29200
23759
18443
19552
21491
2932
5749
19541
9146
31085
20448
17489
17489
7751
27830
28133
24726
12983
22245
3860
23310
12673
30518
8794
26070
24472
11483
16365
22237
8071
25414
11330
3153
5135
14914
12243
30039
22034
29756
7200
4863
16816
7905
8691
1399
7855
10735
23785
31103
10272
24644
14382
2588
14143
30524
4232
27281
5532
10297
14231
27787
14968
2179
15451
13980
30578
4947
7414
16106
22627
6698
17843
24105
14982
3943
328
3782
24284
24345
15960
11365
31694
18962
20028
18318
4629
30525
259
24995
2263
12081
17079
9494
21778
30213
7650
28120
12350
30566
18257
13845
8750
30952
5912
15134
25144
18074
4823
28327
21397
19933
27963
2098
8458
23158
7879
19147
15304
10721
31700
21238
16786
18664
27606
230
3613
28533
9698
21231
31676
20133
5741
17470
5949
1309
21079
968
19213
11681
15144
6016
17827
15331
14489
16333
7964
7064
11094
12091
547
17873
32002
27249
23572
16521
29051
25699
22625
15482
7520
10952
11060
17718
9681
14031
28502
14194
11638
13837
6991
29093
4803
24506
20943
29394
25466
10782
4428
23457
10609
29766
1773
1461
29845
30715
2215
9530
17967
6133
31398
10429
16742
24139
9198
19265
17669
16174
13890
3215
21119
29655
3396
973
26161
446
26847
16466
9446
16909
9954
11449
672
32084
16365
10292
18070
28542
2961
18979
4217
18436
4019
998
17147
31328
24369
5359
30610
29381
19401
1307
24441
781
28470
6466
13817
7155
20379
30221
10214
9858
8997
25863
21612
4557
30444
28663
19212
26849
15643
18030
10977
1272
1617
8604
18216
12271
27207
6759
29951
19194
25522
9663
26221
19863
9067
11051
13987
12480
7885
27048
2945
6757
23902
7860
28764
23833
18866
9126
19967
8204
2445
30016
9199
17209
8520
22919
26356
21472
26230
6098
10452
9527
1479
30498
28002
24925
8236
30385
20663
9871
17211
29902
25280
1182
16598
14311
23545
28320
10759
3560
3959
29926
28975
30148
15916
23343
30560
1872
12135
24347
2311
3416
12954
17123
3534
1517
28256
28742
28608
31996
8382
18375
32174
29989
13481
28693
19666
21193
20681
14795
23987
32101
17277
27481
2120
11039
28703
2370
29536
2719
8585
28297
6978
16160
26072
18789
11152
25287
22384
20540
12401
819
30528
17103
25326
19541
31815
2995
5277
21890
15446
5632
32381
17606
4632
11085
30498
15484
25681
28123
21522
18203
12899
17168
31342
13651
18966
16935
25301
8793
2712
31527
5253
4735
22723
10769
23491
24583
10399
10846
16254
27193
16424
16040
31279
15027
5969
168
31235
5377
31048
3424
11324
9325
19196
16793
6100
15384
6877
6800
2916
23882
24034
3821
25157
30727
32209
29684
9461
6627
7355
17151
2236
32535
12741
21292
4751
14803
25391
23379
24884
25558
16782
20539
25255
3645
18524
29453
30909
25496
18355
9224
20743
12355
6998
19831
29689
17652
21233
31456
20299
26512
12194
28799
16288
17987
6839
22258
23910
8399
31162
20278
4349
7204
939
722
12827
29746
31628
1106
13935
32763
29731
5111
13188
15340
251
7341
14313
20077
30892
32061
16271
15031
11356
29124
18290
13797
14470
12644
17531
21070
21242
5177
421
29971
14885
21903
10592
18932
10643
18002
32307
10600
30642
965
1700
9452
16601
1655
12380
11675
17288
7540
11911
2303
20978
10680
6010
2087
31928
11753
1432
13561
23288
1605
16246
27082
4998
23769
11069
1836
2937
11763
4432
15367
24042
28891
29231
5100
248
14526
29596
16293
15375
25067
10492
19473
21355
8002
15103
15151
3287
31720
12931
13176
29115
9536
27318
14706
29269
4375
28283
10114
20039
21535
17680
22529
26194
15519
29165
13715
23393
1384
11247
9652
7881
13579
4021
404
22479
32073
20811
4389
17003
11979
12549
15474
27467
5396
14254
26418
27931
20147
32226
10909
4868
30141
697
24958
1138
11386
21926
14986
24091
25183
6046
17648
23613
25916
6012
11057
31270
4791
3492
4146
11002
15865
15078
17040
4017
7591
28326
14899
20063
22036
14394
5158
28344
29621
18324
165
24531
27093
16673
22392
2862
27017
2288
18048
6387
9447
18711
20112
18809
21107
14163
638
2062
1242
24046
15481
6900
10979
27622
15772
5289
19362
20555
27588
27243
21231
9449
8607
21500
534
11303
17670
22691
22736
26159
6029
11635
2674
335
30040
18639
21349
10655
30256
20270
17110
31717
9429
15644
19630
8117
16534
29314
14277
19677
15648
806
15442
16384
29844
28789
26279
25216
16348
12417
4635
10657
26942
9798
4167
28908
11569
28465
20597
21458
15728
10723
6997
19090
31310
6706
14066
3677
22089
20080
1765
2231
6113
10736
31944
21024
28075
30919
27886
1012
2209
28880
6993
24976
12476
17395
5324
7350
1989
10150
10379
14643
28264
30131
5567
21438
16266
19004
16790
20516
21980
17149
2410
12962
4016
17362
1337
10386
17676
25721
20053
1099
25597
27544
7772
12354
10030
31490
23147
23925
6841
20790
24207
28937
25405
17449
7548
30001
31537
22853
26754
4435
23160
7857
29628
19814
15413
10707
27275
9375
30432
24339
10306
11084
6810
26338
26915
19456
18877
29691
1931
24560
32696
16105
6505
9885
14874
23242
500
24755
14316
18258
19358
4657
17220
25619
24131
12235
14615
10491
26023
15245
17231
18462
31775
5312
31005
7349
28046
32529
22929
2919
9875
9456
21608
14280
9217
6455
21797
13088
30352
7180
1123
2157
11986
9992
13161
18859
17768
1177
9727
594
21365
30372
11904
13089
12115
12399
20529
15130
16773
10175
23505
20942
9709
317
14961
30426
27967
7198
23174
31410
4790
259
29501
1181
31238
14366
4622
14849
2449
19095
9876
27361
13533
29486
156
26532
2886
16929
29820
25624
7920
14416
6566
2998
22528
7583
22396
11048
2060
5788
13414
4872
20943
15714
6946
6123
14626
16829
2652
21406
28456
21646
25215
2991
11976
25201
17866
24879
15712
24990
16038
11703
25527
14093
8247
12713
29492
30430
21809
30648
11086
1015
4333
4523
4932
21231
5820
4701
7182
21547
2939
26889
7827
18758
1383
452
2588
2486
20019
20299
22281
31405
2904
8703
4547
15934
16557
28718
4593
24001
24887
29588
12783
29560
25154
16418
6779
6003
1200
14334
30386
5040
18578
202
9276
9095
16117
24105
13251
16965
11774
5503
19881
19736
15162
16121
20218
31787
4143
10190
12959
30481
11575
10692
6869
2151
24206
7157
3806
13493
1961
16595
16630
14486
14537
21866
28809
12825
17105
9701
15523
31078
15700
19284
31400
27813
13043
30380
25925
13083
26598
27919
14246
15254
28376
6478
2282
31244
32760
22189
31700
10367
17997
22758
5827
3875
5961
21872
22500
6083
18594
20992
22950
12385
6237
15441
7022
16669
23340
12065
17037
14680
25849
2172
26479
30744
24515
13628
17172
5038
1193
21969
20676
17559
27460
8254
14335
30625
25402
9060
4788
19278
3088
20355
25523
31869
8000
26622
20835
1607
8332
16990
30904
31016
26769
30362
27744
19807
15775
25750
13373
13463
28360
13033
24856
11974
9527
10979
2196
26198
24516
5583
15712
6019
19653
32629
22449
1796
30246
483
8688
19437
29628
32365
15791
28884
6102
26611
21730
12338
18965
610
27468
20493
1150
15229
25655
24788
9934
222
4200
25483
5133
14135
22610
6951
20070
14046
22154
3388
1334
29065
30331
30165
18787
9558
27483
12963
23535
16654
4958
26971
19149
23978
6953
27993
20467
28950
30089
10377
9904
7734
31589
2951
19264
17959
18417
18693
22686
16071
9509
24686
30873
21111
7278
15304
6698
27935
32675
25823
25093
6771
32314
5536
2414
14709
6844
10179
8014
2363
5238
10157
24454
29427
6514
3732
5251
13604
21669
26596
14098
21559
11370
26081
16502
29749
17711
10638
25273
32722
7278
16846
6975
16555
20448
9674
21409
19660
25837
11922
1208
28021
9318
21511
4087
25374
24182
12536
17150
10936
10966
4747
14701
10294
31041
5855
4342
23116
1576
7919
9143
31606
1958
6074
15558
13373
9910
24225
31501
17078
6308
17680
22104
15179
27841
30560
31404
18109
25179
19196
28123
362
23276
14275
13141
24524
15506
174
25153
15427
22719
20403
25036
29204
11058
18665
16321
10673
1318
22764
21851
14907
30921
17027
11863
17477
6383
12160
26188
27099
24840
18664
28735
18370
22863
6740
31858
5122
19269
17559
28798
1442
6750
17313
9633
27059
5370
19364
24921
2448
20886
373
15410
18019
27716
4660
27356
3563
14424
28207
7552
3197
14949
11012
26964
16457
32360
20742
28782
20959
7746
6114
15318
22002
3180
22147
31710
23643
30438
10802
8886
28768
22128
6402
3387
28215
32253
13163
11792
20934
15973
31029
28400
25261
29274
1431
15426
24966
1693
18081
28398
6763
21105
17367
2160
185
21585
14367
29995
14356
9950
733
18687
11948
16923
13404
10781
11454
23772
14704
24090
32093
636
27225
11587
5234
12495
235
4145
22018
4695
14828
23453
25263
10427
9662
24181
3458
31604
27709
9774
24295
7882
2027
23901
18681
9983
15435
30849
28928
23498
19338
9507
12856
16391
12132
12066
15829
16812
22854
20552
31811
9727
15792
7712
5042
1542
11998
2572
14290
28479
19111
10130
9947
31890
32677
11511
30673
31620
28054
25103
7686
29101
9474
29011
17888
5740
2591
20276
28380
5337
24305
11183
26323
10747
14517
8738
2685
29500
25728
7006
28467
281
32548
5629
23033
542
17491
18678
10171
6674
22791
21614
2775
14703
5408
29905
16860
2325
4175
27682
11153
15934
30260
5519
23610
27317
26051
22345
6166
7491
24556
26258
22316
26218
2427
4632
13896
5462
17469
1665
31040
16657
25444
16711
635
29174
32556
9670
25524
32616
11199
26771
27644
30148
5974
17680
22270
6291
21410
12605
391
21765
20074
977
18246
14491
15733
16522
28112
16419
426
32449
16614
4841
17782
7745
17403
32300
23150
15961
7409
17615
6710
11056
7204
5969
20129
13657
1449
18431
25881
10151
32728
3944
28994
20291
19207
29970
17114
18939
9881
12395
4836
3805
1848
5634
3077
25861
606
25847
12846
15539
4890
2225
28027
7841
7185
8910
15451
9619
19139
29024
20722
13871
16399
25942
7611
26895
8697
32056
5490
23317
31404
14360
8753
22526
2235
13509
6105
4922
25772
20801
9651
25339
8119
24181
2903
12685
16331
15396
5325
6373
15570
28958
8691
23676
25398
5046
15646
13662
16292
5749
1284
9341
30736
19728
28122
16204
13817
15768
7609
10889
1518
4593
26694
14170
20561
15749
11666
22172
20315
11065
8255
22136
9824
1953
14053
7735
32340
31599
19635
23639
19343
27186
13658
23262
8397
2365
18470
28142
13177
25316
9838
12442
29995
6639
16687
1016
26223
328
25076
1143
1736
23543
15097
26995
1524
22864
17039
775
6770
8555
24002
18979
8514
1493
7738
14046
27372
10885
5983
20749
22979
15122
3777
12052
13675
35
2998
22268
22425
26918
2629
13766
5658
24133
21826
8447
3607
28309
19387
5781
13463
11921
5523
12009
20549
23240
2925
29989
16500
4818
21963
6608
13664
16520
1911
13216
15798
32629
14115
655
19799
6279
23628
26928
8537
26122
29540
4164
9551
13271
11567
26761
15819
28617
11630
32466
7201
15985
7355
22108
32621
18443
4532
15712
1751
20912
5467
20453
30997
30413
18109
7384
9522
5843
25042
8542
16526
19248
11685
3689
26151
31103
5556
3210
6934
22011
29338
29190
31837
27194
17899
7979
31199
29720
28000
29924
17072
12529
4404
6540
18063
26899
20941
0
28849
20338
30879
25848
32705
2462
12366
13975
7972
29683
2066
6720
9601
30223
18016
1196
7297
31626
20167
6201
30163
25825
7960
15749
4468
1202
10185
10812
31021
32047
923
18990
30045
4557
21115
16037
24312
16700
15270
26613
21200
15260
23313
11604
10771
2286
7688
30444
23573
29640
21269
3631
11600
3149
28963
22635
20394
22365
23011
8094
22518
32265
7023
23947
11452
4426
29998
15629
21053
13810
9207
17836
14258
19682
14713
25966
27093
27518
730
19695
20130
14430
17054
20916
20063
70
16843
19133
3546
5977
31818
7001
7666
23177
27793
24639
17496
25938
14975
29401
16791
20392
20871
14051
14418
2094
8721
26165
6605
7848
4637
20189
15280
4787
24874
14193
31495
31412
854
23972
4236
5902
14278
17174
31273
9624
24136
15473
7609
2382
20535
30385
2319
6726
16544
26307
29497
12774
26530
22354
25349
18261
32027
2270
7877
12335
18049
6158
18768
22909
15373
7751
20553
3300
2335
16509
4004
5660
27614
8265
20069
23716
14366
25404
30891
17844
392
17524
15086
29300
12532
25708
25221
11883
2330
19224
10091
8762
24170
20530
17218
7818
1592
24015
31128
4931
16668
16693
30058
1790
9369
32240
8166
8894
18428
22307
21621
9690
14471
797
5625
22078
30927
15660
10579
16596
3939
10678
14633
24124
26798
16517
26342
28611
4127
12643
27906
10387
1159
30439
13955
30503
11202
2958
4036
770
10649
29965
21621
12961
7655
6630
16099
19886
3579
5434
15481
3958
32062
31966
27527
15773
30997
19889
9795
5904
7177
29228
16142
12092
19494
5946
20984
2430
14496
17226
20357
2266
23229
25507
9394
2031
32238
17400
9267
11562
4927
9277
5375
20283
21490
24761
2574
32197
30567
24667
26465
602
64
15697
14404
28070
25794
23511
15056
1258
5757
25421
17587
9133
11567
19853
25908
26030
14566
123
26737
11548
32613
9694
8171
22793
10441
13678
5189
16413
8044
25901
1097
17287
9994
29691
21804
3641
28450
613
22547
21589
9375
28095
2261
9954
18104
24946
10755
12228
17173
4758
25126
27115
7475
22980
15943
10698
9481
7973
15797
2571
236
19663
19202
4225
3760
15186
17999
8030
24592
19597
1225
1702
22095
10439
26996
18915
8480
20987
31528
28187
9412
370
7129
25599
2930
919
17691
25189
1531
1544
28132
17656
32686
3049
32148
17198
18809
31869
28724
4987
82
32759
4091
20165
13013
7821
26647
10263
2607
21967
21674
19609
31290
6199
21522
32704
15593
27393
32109
18370
7399
5692
16476
15949
21371
6946
21000
22904
32175
25765
27491
16634
27825
26186
15537
921
21881
7482
14918
16614
9132
10135
9873
6952
29633
26124
32089
1430
30818
23464
9287
17097
20245
16364
1189
10096
2075
30498
29285
30022
26008
25841
1125
25153
5621
19759
16881
8204
28035
14070
18826
30648
25441
1530
21733
19887
21919
15897
15927
8681
22691
9524
27312
24674
5580
14142
15941
5579
32086
8338
31923
23679
20350
12938
15297
5562
16614
1613
19141
17157
15930
16872
13161
5109
4884
13217
14255
31765
30749
14215
28979
25889
19574
6990
30129
20853
32342
29786
9414
708
26356
7194
763
30989
7591
18071
17919
24011
1611
26445
30260
12141
7912
22585
18797
16645
20622
30515
6903
25156
18307
11646
9430
17318
5793
5534
24144
27370
10745
13161
9136
19397
19644
29281
2884
22743
18012
24129
2984
8414
21230
18902
22342
19498
31443
22544
4382
3665
3479
7001
16067
24611
17433
16165
7078
5600
19948
28619
12695
9641
19966
29843
23177
12853
2679
12304
3990
11717
21476
31408
10563
10586
26517
2961
29956
9253
20803
25494
17411
28479
4087
28347
22301
31130
550
20389
19501
6200
23841
2430
28814
7834
13229
31743
7387
23420
20461
26062
32249
19903
25737
24843
28504
9639
22793
3621
19061
26182
13698
24819
20388
15160
29045
17408
3084
22161
10740
1574
24819
27412
774
18014
4156
5798
14413
20950
29229
20738
8422
10308
14454
12973
10897
6779
25199
10285
4114
14139
18082
25974
20183
31310
21897
11685
8154
29136
31129
17136
30665
19919
14463
4829
21093
3604
31145
29363
19752
16959
5640
46
21802
4122
5396
31351
27717
29735
15121
10067
18807
28795
19601
6299
22665
7631
11067
26092
23790
21205
12234
11935
15342
21960
25945
30716
12804
19527
2525
15274
30596
23907
30707
14954
6272
14839
24028
26374
1005
32568
26053
32131
5634
10124
13132
6814
8673
32160
23105
26487
15993
17844
12969
11655
23211
4410
11785
26327
23723
28832
4577
7796
20650
30570
15222
13598
27314
18051
20692
24128
24529
4309
788
26917
23161
19991
17883
10856
3623
4070
8227
6572
11843
11544
31294
30606
19527
14157
3351
4056
24868
28358
22204
27639
1506
10363
14361
2480
8070
23143
8198
27150
568
16935
26501
3231
20389
22979
17220
10976
5283
3788
28266
18421
27155
28583
29328
26781
7436
17192
12556
1894
8758
15971
4470
6429
22643
19646
31077
13705
24261
7755
29050
14425
364
28757
7072
28250
590
17465
24209
8941
16540
30839
27293
8633
947
30729
31655
157
27968
29684
31856
17896
22184
23324
28440
16077
7591
1116
16097
6673
9271
16086
24375
6919
1971
15496
23533
30910
21308
2849
16074
15737
12636
3858
28228
14943
24809
13543
27019
25460
28972
19672
1481
10184
2371
17563
4264
6639
16068
13181
31766
31920
16291
27825
30533
2049
21334
3048
6389
31284
30518
12322
32501
18795
6697
22723
1767
2385
15230
6377
1093
22796
28952
5373
6049
28013
6351
32392
2865
2922
14611
584
22666
1743
21714
23684
15276
6448
13980
1948
30527
9506
30470
14564
11804
14763
16972
8114
30223
27126
8506
6838
2011
19787
18764
22410
12415
15167
14356
4234
26552
6184
7644
23782
12231
17876
23437
18166
8820
3195
6095
7373
20307
4081
12146
12048
20294
9504
1293
29193
12611
7094
29668
13559
9304
20507
27151
25512
748
6566
28121
1610
9031
26896
4711
29567
4437
11049
8090
26799
5542
17353
28981
31906
11706
13578
20803
8270
22908
18100
20915
8685
25100
16889
26950
26195
32193
5475
22443
19583
30063
29962
5352
28528
12005
19210
20475
14906
16570
3124
16577
600
29514
17668
20760
7236
21243
29395
24896
7749
14277
32078
11144
17800
26097
25639
2854
12659
11296
29963
10854
26934
8848
7635
23559
24483
28571
12030
9185
26943
13696
8799
13004
22681
3430
14867
22974
13530
13214
2998
14387
16030
18729
19414
10706
14082
20090
28072
14157
7422
15228
27386
3721
21750
22743
18537
17919
28299
15984
10708
28514
31927
6958
2833
15745
13337
10756
28894
16752
17293
30764
9754
738
6912
24752
22837
30682
5251
24879
11749
8067
13213
11230
5914
17499
28390
6861
3381
10647
14289
26732
29812
10180
13514
20813
18353
31914
24961
811
23373
21109
2437
32044
19559
16919
20756
17763
28753
21736
16434
6041
22596
18831
1016
29005
15698
8230
23087
7929
26781
12697
23325
11927
27591
22095
5535
27492
15785
24589
12664
18148
3912
27415
3049
21286
27908
19096
642
12873
19
5187
24631
7999
1070
3899
8374
29649
17802
2608
32248
20451
15114
23755
31766
17914
4275
6221
26463
12539
13920
11123
30887
5942
18103
32156
5089
16034
23131
17709
21745
22122
7011
7477
24251
22953
11532
7757
8320
3954
15274
32451
1386
19476
18661
32247
16997
22428
2081
7940
13873
7579
24382
30371
4021
2601
24450
4173
11927
14377
19155
11936
29193
21711
31018
27396
27110
23648
12868
30862
7677
5177
20379
3621
24493
26131
14996
15331
22962
133
6906
12221
21054
24778
18859
11623
21323
10693
23441
15730
11568
27714
22740
22456
1907
17535
29774
3321
29663
28907
22336
29638
14294
17965
21827
23710
16360
9320
7297
4440
29092
20926
13860
9152
20397
24083
27407
3973
9233
29715
24780
13139
9431
15222
710
25916
18135
12418
3001
9820
13007
5330
17254
14781
4274
23895
17547
8824
7491
16796
24338
19741
15843
20558
27273
26709
1703
11515
7378
12486
26286
23322
14620
13367
28338
14924
11026
20469
26076
6113
25169
28277
8413
31134
544
18490
20282
1469
14683
11257
13031
11318
22193
4604
30232
30013
27920
32452
4948
6412
7260
30962
971
17634
21095
5736
10217
12620
6174
25771
7723
28067
16128
12427
31794
1238
725
28935
7702
24425
29596
22891
32764
1726
15301
22203
21995
11668
5792
31828
21979
8653
2838
9169
26639
2932
16023
17452
12709
7422
29779
17445
11628
6352
3245
19432
18165
20482
6380
23018
11245
32355
22324
7956
18345
10173
10934
26147
7427
23130
25635
2639
29285
31430
28262
16682
1059
31959
13202
15308
12558
11755
19993
25389
21830
29809
23104
13266
18255
10411
31695
31916
11111
27313
27661
1341
4375
6586
9195
24316
3849
20631
30336
26107
20761
2944
12213
13511
19630
23315
2882
3983
3915
18586
6105
2697
23393
20365
23200
28562
1896
4184
18149
10005
21293
8285
24078
10285
10094
6973
3022
13326
29604
22867
4767
24737
7712
28546
7276
13934
14937
23601
17293
26047
31109
1427
10233
22274
2406
27948
25783
6768
21863
15505
31126
31468
24039
3951
32030
14382
6613
7886
10950
11296
5757
12695
8552
24456
18849
30292
26097
20968
18892
10808
32349
30882
24803
12639
14563
14688
11517
1110
29548
25523
17268
5854
30538
28155
2621
7149
15655
31110
15220
19190
11579
25084
18235
2666
12227
23546
1989
9087
8622
26365
31662
25392
409
5762
31374
19589
26877
30315
6093
16404
9639
3749
10169
15560
1897
18952
6869
7649
13840
17534
9076
31292
9109
17512
22919
2261
28312
25405
20660
11914
18697
10612
21672
6434
14121
8613
16301
2957
15025
9963
8063
16237
15952
29324
7259
32726
21851
11484
22106
24914
9153
1374
11517
15145
573
5677
9481
17887
13007
5786
24725
765
14700
8471
23905
21013
11509
4180
28009
22272
5222
14247
7610
5482
9296
31409
32645
26001
28809
2111
1906
9801
26145
15470
30518
20548
8601
28179
1384
20112
30032
11097
14224
16481
13374
10668
8834
2065
5348
27862
1258
19301
16515
26984
28711
18706
25229
9820
29533
10111
19545
8696
31941
8397
282
32246
25928
12309
15890
14049
23117
9200
21251
27330
6607
14909
24295
29436
13490
10526
17632
21877
19287
14660
28018
20726
30830
21869
10224
2261
24075
13098
16436
5073
2300
30950
7315
29245
7771
1316
30737
12129
1887
15112
3280
12829
3959
30745
17103
207
10394
5957
14033
31863
18904
9510
11674
22297
7222
10627
18273
18787
27064
10778
1923
19344
703
19100
1141
21900
3477
11770
21500
27225
29767
31967
1952
29361
25779
13693
19806
10989
5857
10381
2205
10277
19863
18321
30563
14489
17703
10333
14281
9039
1164
25045
16812
2814
17589
9720
10406
30763
25121
15646
14908
20114
3244
18045
19545
12743
10665
25074
20476
7453
7216
9983
31789
12999
26553
3344
9525
1597
24810
10498
5134
26082
24750
25573
29209
26595
11655
3841
7439
15970
3877
31000
30522
5844
16439
26859
2021
2215
12929
8447
17
22312
22831
20641
30569
2725
28009
5672
30072
9422
24871
30330
6938
29793
29767
28114
48
19463
8157
32192
6552
8313
19402
23665
15197
20966
656
10544
2858
9369
5988
18989
30469
11479
29317
22397
1081
12806
30669
14179
2708
19733
15237
20430
12243
17943
31102
28962
14171
30001
605
24123
31274
10935
4919
5552
6924
25234
19294
16468
19218
18149
13434
26883
12864
17904
4315
24987
20614
16180
25613
31048
27378
3031
27053
26629
22819
26187
28284
4959
18177
29995
16306
4220
16043
32101
9365
1885
3761
32670
5705
23392
24708
17618
10730
15625
4906
7739
24792
2305
11830
23669
21330
6239
248
16863
26951
26151
16881
29764
5480
11792
17033
12731
18050
26763
2821
19659
779
18432
29363
13267
25339
7003
2151
1961
23517
14791
24363
1410
4901
23481
4915
18450
10948
1329
6927
9204
15354
25917
14628
9035
29803
20158
8541
25770
2422
11886
10014
24881
30146
8738
1914
24057
13593
5453
9125
3251
29306
1734
16300
8075
23657
23499
6499
21587
5002
25669
27551
15069
26478
29773
12710
15016
21933
14064
16100
7103
32565
7727
32480
5855
2017
5194
29038
12504
5198
21055
14117
25909
23018
32653
16915
25631
30029
32573
32432
26495
31437
3619
2321
25443
30028
5730
16990
5539
18261
23598
23174
14532
8808
26582
8753
24092
2193
20737
14583
13111
3135
20279
27599
13946
16980
13220
22474
7942
6777
12313
9473
31712
4532
3924
28107
20046
29500
17025
9780
9092
7052
26625
6059
29055
29110
12137
17659
15154
2810
16078
19069
16352
11415
32064
3723
14793
8161
26260
22071
28680
3220
19559
4669
8124
19816
10335
30775
102
29413
25524
15376
26514
26745
14319
32187
20410
28616
3314
16165
18023
26179
30777
30312
1433
2300
16735
4161
15465
10936
4068
30404
19181
4166
9773
28750
30044
26384
19916
27324
21106
2544
22786
1754
30998
2117
23938
30750
12603
9029
3192
3223
11268
13717
19402
28960
1835
14615
29854
1497
8099
24323
23324
22232
30588
28217
885
3355
13064
23509
10276
27585
28988
20996
30068
11642
856
6423
7746
22077
18379
5846
11780
19769
11344
22551
15370
21261
7006
22671
25604
10299
22719
31975
10181
30682
4478
29458
7750
23180
8967
27871
5102
1456
23946
26826
16
31449
17824
32024
29622
19326
6449
22819
26013
17651
7061
28914
32640
6295
27897
1804
20633
21584
28933
2190
2406
16180
2236
28540
9385
28297
9123
8021
8626
9968
27685
28650
13280
24029
4918
23151
2918
28490
32567
31955
6987
23469
25113
26445
181
8743
31430
26680
28518
2814
1468
18976
18311
30285
8443
14365
14500
762
10018
15455
5625
8681
17877
3339
16364
26991
21345
6982
18138
15626
10147
6286
11030
7503
31782
26193
24111
13347
6027
9144
26994
28974
18478
19908
23984
19085
29190
9629
28738
30151
13261
20775
26953
11523
26465
27093
18234
21624
363
28098
15259
5156
5182
18174
25863
14785
31234
23845
27256
30453
27153
25911
23494
20425
32161
25507
31594
19804
26532
5285
21896
18649
25580
11986
18477
25254
8595
13298
24789
31198
11418
17421
13104
14338
6864
9929
3365
1259
32757
32499
11288
30467
27936
23643
22376
5045
32606
8165
1084
29730
16796
26077
26240
8726
26055
27275
4906
16698
6449
7431
6082
22667
30775
21583
11041
20490
25889
23191
23417
30389
17993
17120
23957
9399
28544
15564
24930
19932
15021
23217
4015
6215
5047
32236
5425
19303
31653
23928
24266
11047
18180
23231
27402
4965
7049
6319
21751
26534
28920
2321
31753
11016
6468
25622
28025
21624
5112
15923
29372
13092
12501
12335
26954
30515
17853
17787
18339
12980
31696
9409
29588
26325
30676
9919
19894
29014
25050
20310
5689
28221
4126
23774
3807
25034
22832
25021
32331
16045
20817
7224
30844
7287
30496
137
4245
12879
4982
10545
22495
27110
20622
8591
19984
7853
19561
16050
9934
23877
10864
31340
2159
14134
26716
1191
10243
32485
31315
32508
26260
32704
29267
5762
21420
1724
14036
28644
14616
20225
3241
6583
5100
9955
30760
30986
7879
24853
14730
25662
20824
26137
26773
24600
31009
31227
29560
13076
20347
2623
1270
17148
12507
6168
5574
28858
22867
4827
11578
26219
19036
14002
5408
2996
15826
17301
1254
5209
19008
8310
2049
23819
7262
16060
9102
2690
27096
20979
32570
7884
337
12226
5472
30949
7080
27677
11890
29319
21114
1467
11162
4163
24552
14027
25761
30673
2970
15843
7439
8357
26883
13113
21652
29378
19175
15893
30374
18387
4123
16006
11628
632
11661
16213
23515
12254
6532
17463
799
26514
31784
18502
5948
23959
18756
178
1781
23222
10059
14260
31469
3861
18329
21444
4108
29451
5116
24332
4388
10803
21875
8988
29652
7359
14389
11487
7341
15119
20725
19662
11924
8067
1893
26467
26983
653
2553
10705
23524
13578
12013
30450
27846
5330
26249
8321
32560
12173
8868
16521
13903
1993
22375
18205
7228
12362
31059
4170
12319
12705
7301
5706
8090
28161
6457
5114
12133
30541
22926
11151
5941
2933
13449
25988
21731
11011
31323
7126
15050
32241
5607
9588
15729
31422
26495
22001
17514
961
15598
9597
633
28348
2748
5395
6393
10932
19117
8948
2684
30720
9099
25427
16562
26273
15909
4434
10636
3793
27544
11309
12192
14302
205
29877
4560
24889
2883
24321
24102
25034
17167
19552
5123
4487
24097
8593
12665
12613
10440
3383
12277
1230
1913
4743
13345
21299
17868
11332
29960
16740
22215
7149
7804
15101
27231
14645
12980
23907
31804
21939
12090
6416
16317
2267
30981
32043
3388
30765
21473
24924
13459
28588
26904
25054
22750
24210
8523
25046
14723
3138
21921
2019
3184
6526
7204
26870
19876
8666
13159
21860
10225
4464
20844
31801
23296
726
22982
22736
17045
14669
16123
7840
25364
2875
4908
5977
8005
20700
3064
10032
31572
11060
32157
27510
4380
14152
4448
10096
6564
397
15152
29539
12266
19873
12934
25070
12512
1593
29327
3996
23733
26971
1421
20666
7509
17613
8059
29030
5683
22221
19439
15337
24902
9986
13125
14663
7505
27571
15098
24596
12648
20279
1366
9608
27056
10668
5198
9430
20838
748
5032
20666
28195
28861
3680
25425
16478
9544
4939
46
11570
16845
3322
15530
13665
16788
20705
635
7578
4391
10680
137
27639
9662
24866
7677
24266
10491
3213
9114
16537
3287
8537
3920
15719
7133
5180
17934
7477
22934
2021
6105
1993
18244
20191
18971
13742
24786
17593
7229
12924
26124
16996
31351
5210
17420
12764
21223
19648
13044
1290
16609
30338
23523
5098
647
17674
6945
9705
27801
30948
12957
10897
20622
32129
154
25959
2275
5172
3749
4372
8115
12417
3274
15812
17288
27031
3335
28364
32369
9499
4865
15247
25428
24359
19446
30626
9606
13203
755
9774
20121
3187
9543
15510
1653
6624
27447
30810
8618
30460
30963
19516
27141
8240
3017
10401
21858
7864
1945
9017
7872
3426
30857
16866
30107
23186
23801
27850
14198
27530
19386
19412
26551
1256
19066
4926
22967
7280
26755
896
16666
30732
29094
8311
7260
15889
19825
25538
11693
23236
24233
28269
30207
24349
30452
32204
26205
15563
13013
10154
15230
887
20957
8612
14234
845
24352
6095
11900
30905
15847
22177
6105
9582
28324
19470
7136
31405
8235
9201
19986
14532
24862
942
2644
10197
1449
10517
10306
19928
5488
28810
30919
17891
21958
1635
16874
7337
17440
18322
11499
22082
5321
5508
23183
298
2519
8521
4536
31371
13917
29172
15416
18367
482
10821
9703
10512
18
20869
12788
18883
28852
9138
31352
12630
31708
11484
3665
23045
32354
13263
16685
4243
31378
14322
16869
326
293
1647
27405
5684
9841
10900
457
2749
22492
15738
22241
22617
9622
22756
32280
24724
21640
12649
4026
30806
19591
7126
10357
14440
14030
462
7017
14132
24747
2483
2690
4044
13944
30154
22790
23086
27341
32409
11370
30919
7668
11412
28522
24373
6557
29945
2905
13905
29907
7673
19381
365
13359
11800
8190
10458
14924
27350
12232
3502
7290
10895
29968
2755
12215
32160
20684
1795
25051
29387
19909
31971
13074
31453
1449
6958
25487
12173
23644
25348
10623
424
1424
26402
828
4715
2197
4196
31172
15408
13938
2951
26473
3662
17972
17460
5834
16442
2950
4410
19969
24562
31618
30236
6686
16283
29639
7627
28373
26216
30668
29364
28275
2239
22644
30717
28182
19351
31202
18444
2590
22309
11150
23626
24287
31927
18072
550
14744
29664
1629
8540
21929
29397
20297
14199
31232
9751
22508
11412
2773
19282
26703
25962
25495
29573
9096
13959
3366
12388
3980
7388
9282
12539
20293
24444
1092
4499
17124
32417
2571
25305
633
5104
826
11325
26304
2046
7585
28057
5182
16658
27384
25619
15501
12077
19667
5700
2549
22855
23762
27546
26940
20444
9496
21242
9662
10407
15615
15530
3008
26542
7690
27503
1281
31102
17692
24818
25490
8888
29671
26984
20200
2252
9894
2674
1840
14341
4623
22850
29410
19142
15747
31744
10905
5651
3465
23148
30498
32594
21114
16836
30162
24403
12158
32744
22301
5775
28086
14780
27493
13997
4027
206
29200
25931
14664
27705
24285
23546
16179
14537
2424
10634
29602
13407
31564
6281
635
30871
20376
24326
29212
14505
22981
31642
7245
9869
1527
25514
13170
13155
10210
26342
10246
12049
11231
27669
580
2862
24126
27413
1063
17695
15582
18461
10133
15231
1788
29766
19671
29381
32585
30538
11597
3360
5183
18059
26208
31142
25268
3415
12471
7854
18096
19050
6062
890
28284
26292
17668
15642
9211
10589
13523
8844
16445
11527
26054
3112
32082
14931
22918
8764
6748
11174
31093
32499
1512
15917
13215
10107
639
29726
25582
8294
31095
27713
23965
8529
28687
21168
10478
11204
21180
20187
18720
2394
2749
4814
7835
29986
4597
28599
14703
29764
30970
5026
12284
8680
4970
21640
19954
29267
15998
11400
12157
12627
30177
19316
7353
16350
10946
24975
14700
21750
4392
1941
23796
17871
22405
26620
9854
6452
31887
3450
8569
27175
14155
31431
3659
24008
9578
28580
9026
12408
13273
32540
22989
7741
30100
23306
7148
10856
23739
30939
26085
2678
2535
29589
12345
14389
9662
20248
13782
28456
30917
165
27278
6443
13686
24732
13768
28250
10387
27018
17781
19504
17337
26722
3398
2028
13880
523
17948
16441
2082
12827
449
29197
27554
9955
9941
21714
14479
7851
26891
16836
17985
10814
4501
10906
6052
30890
11228
25448
3466
4161
27253
17348
4934
6371
22608
25384
31094
7040
10803
29847
29472
23256
17511
1411
26881
10629
18610
9199
5921
24892
16517
12241
10411
24400
14197
23482
17916
10871
23023
8376
18682
9681
27688
10620
2983
29990
11604
30904
1270
30320
31512
20171
10205
29849
18753
4768
14507
30597
16822
16851
3228
21843
8363
11286
26538
26848
8472
32212
27815
4493
3434
24084
21385
24643
18552
9119
23045
5556
25272
25957
8799
21987
4019
27165
29824
13542
4022
15148
5449
234
25035
24264
10279
28025
20967
32093
20199
1016
14181
30255
31692
32116
30643
10050
10719
27038
8524
27767
28551
18195
13030
6647
8025
28897
25324
30164
27441
1351
31534
29934
15746
10685
7384
16148
15594
20532
160
15980
11786
24991
1860
15893
10132
29106
11828
23562
19621
24554
15499
21066
342
2509
15428
23350
19854
29299
5035
13626
25114
837
21265
2479
29695
18949
2756
15104
25102
22543
15679
24076
22714
9950
16797
25292
26663
9681
10836
12342
16515
21807
1055
14177
2201
4714
316
16873
675
31136
25816
32661
29536
103
17096
5943
32615
11722
26489
16084
29371
5007
31786
7941
9887
27836
15192
1437
31148
1369
18810
11148
3616
20342
1519
4612
17017
18800
26677
15066
6211
6513
15707
16430
32046
566
22969
3918
10851
5397
4830
19160
3608
17726
5578
6175
29538
16449
27998
23504
23627
12240
19728
10710
16933
18630
29667
27770
12318
19305
15255
1743
27668
22764
10268
30285
8618
16953
2893
14268
17307
13293
4315
29524
5966
25507
18055
13346
7851
8821
29845
11949
21550
30912
23165
23258
27961
12072
9187
25869
5807
26844
10697
14993
24510
13083
21508
13626
18172
11768
12012
10824
7606
12890
2392
24719
13700
6470
11978
12757
3105
2145
4582
23420
27002
26544
31529
16993
9221
25763
4055
11779
32596
9810
17717
16104
22762
5894
5113
9276
5965
26363
32767
21692
3933
11364
18493
20178
21475
17584
21241
9217
9069
23308
10809
21380
26714
14377
7292
14386
32561
16191
21927
3493
14135
15442
1090
20635
16704
26548
24292
32412
197
17099
7660
30942
29495
12820
15730
3685
8595
30824
7038
29038
20535
30590
18039
7182
24820
22962
4062
26647
7012
2308
14140
24123
20349
5988
16728
116
1639
31789
20398
5027
13707
19183
3101
11383
10221
18289
31968
912
4539
31478
21695
21732
550
11968
4998
20066
10096
28627
2743
20950
6470
32763
6780
3597
7505
22544
15071
13113
6664
8057
9533
18070
11208
15599
12792
22862
4134
25731
15981
9883
23428
18147
12070
23851
11490
17881
25168
6088
21495
21012
9839
18744
7552
22059
2384
8034
14809
21215
4927
8627
29130
4257
17019
3776
7587
2644
23271
15661
4747
30035
24066
973
31253
2742
16153
27914
18452
30161
10172
14728
17073
3070
24686
30213
20666
12701
12704
10372
573
4184
20705
22698
1878
684
11855
30568
2373
22692
13905
27098
6595
23016
23432
15215
11415
10487
32002
15179
20324
27569
31921
2281
5061
23832
6684
21509
24475
11351
25941
21433
6054
19716
24107
14566
22611
7330
5024
8149
12501
362
22430
17694
5239
26187
23269
457
30257
14383
17736
21172
17017
18560
7705
28468
11099
14570
6370
13055
31436
21603
6741
24394
24380
31081
2438
30510
26218
31115
16728
15184
6780
4651
13877
2241
30031
25218
9219
7971
7692
741
22611
4622
9468
8518
27867
27058
12701
18173
1574
14013
22261
11209
27274
7551
550
14865
1371
7243
14147
10352
10846
4385
4194
19569
11648
17035
13042
2711
8904
28613
12111
1953
23179
11296
32404
32523
28127
2472
4785
25304
28497
22277
11453
10383
5083
29855
28045
26500
26640
1286
21637
11352
26010
31888
8366
9667
31974
21572
18441
3729
26398
25590
31011
30955
21592
10164
23274
24280
18957
29793
32447
7172
17868
24480
14540
13503
30767
24308
21144
3656
11279
25125
19416
31820
11764
27877
7561
18346
18383
29619
13115
4729
9452
0
3760
15692
12834
24464
18853
12724
20045
25380
27120
13831
24318
28758
15307
11872
7536
27332
9840
28391
12222
14448
12006
851
25172
25959
7450
4013
5539
10913
30513
11862
13338
23593
18205
28491
17489
637
24174
23720
27527
9016
3179
10347
29774
31982
31330
26491
11653
14936
8764
32233
13703
24753
4948
8309
1442
32095
31114
3924
20939
22230
6803
28208
4239
9402
15763
23921
16205
4931
12525
14523
13987
5606
25177
7863
8998
19762
15672
9751
30294
1016
17189
25556
25553
1966
4813
9914
16070
24597
20736
3111
19373
10778
10248
21008
23093
6650
20793
2628
15230
26794
23753
4853
26761
12406
11234
30836
27885
31976
20726
9276
27083
4587
19027
32050
17667
11824
19191
23851
22696
19665
1445
32687
14002
10805
11832
19965
21747
4147
9528
11342
13645
11642
427
11358
24097
31792
27949
18729
14090
31705
1603
4082
7628
17019
15597
23178
18311
10495
23930
32463
16945
5851
15776
6003
10818
12526
16332
18943
26801
28587
8375
11799
3360
24698
17210
14847
6228
5723
28259
22622
19175
3533
12744
2882
19521
2030
25627
16485
15812
8419
28671
15023
3655
9594
25370
13563
8646
27662
29548
8734
8535
13484
28383
11813
1888
21619
18719
25823
15368
12353
15275
8604
21995
19084
11309
11315
21266
26765
19719
10058
24098
4772
11310
13265
29651
29688
9275
28112
31908
23902
25535
9827
11982
28540
32471
32514
19574
12334
16129
18950
4646
3880
9518
21609
27006
7645
21017
31950
13351
32416
18646
15297
17161
20233
16302
319
19902
4507
29482
2937
32326
23203
12142
6869
25852
17507
968
10038
26824
28272
21641
31357
1943
3161
16148
21584
31496
18313
1076
31514
5480
30831
27827
24146
27361
31452
23592
11777
6894
8620
1552
2942
19986
3496
31008
14204
15306
27563
29914
24903
19648
24068
15711
31563
11585
5404
24964
14550
25585
23385
10023
6431
16574
6209
4548
9094
14354
3811
14147
14621
32333
23410
22292
8040
30578
29748
26494
10337
20256
12698
3380
7103
19653
8625
12586
17784
14350
10937
10406
19845
24994
16658
9114
15589
9231
13408
21809
21476
28932
22503
2728
5533
16066
2615
9311
11454
27085
24590
9520
3467
24295
30330
19455
31014
8510
12350
27538
17933
229
25207
29859
4580
5505
13439
26164
16501
20805
14098
6179
27637
16416
30383
5118
10888
18228
3393
28696
19720
30859
30463
24797
31490
20229
11921
29794
20482
26261
21620
11329
24081
1197
26015
27043
14715
1271
17767
24478
29142
32326
7840
32706
7231
13260
24581
5358
21223
9869
22490
104
19919
23315
13007
19757
30927
10084
25128
3462
10973
7473
11547
14044
25228
25680
29049
28621
11219
6509
22417
1152
4880
1276
32082
30005
18764
15985
23727
21280
24001
4020
29000
24439
12441
11471
24902
8394
761
5098
11654
25235
18494
10618
11515
21262
7303
25781
22349
13130
1139
8265
8902
19840
23084
25421
31087
9637
2980
13944
2422
6203
3614
22929
29907
23404
10993
27942
9259
5721
2440
25729
16629
688
6830
21464
6875
19580
18696
28356
31843
9282
4835
19188
13006
14153
28977
15139
19777
569
12237
22087
22306
12776
6919
32524
4549
1648
9820
32640
29000
27781
28805
3344
24763
16645
18612
18611
4484
29393
6426
3941
23042
30428
23212
11991
26481
17025
30247
21093
18190
16410
13905
15432
2683
29134
12162
7949
2916
13994
16484
11077
4707
26099
4087
9599
25889
13499
11480
6259
32703
6579
12738
30592
32116
9024
4949
17753
29815
29649
31510
4859
18719
22639
21432
27362
15432
11670
27290
31868
14586
1603
19088
7134
9541
18766
13286
27062
14959
14586
21922
14208
10322
6347
11274
31741
2047
26007
10342
27617
24999
21472
1543
2764
18876
2145
28808
18556
22867
16103
24404
32321
1485
21346
19048
24753
7094
24892
7259
14748
24813
27881
1435
32323
8709
19392
5369
5572
12012
15881
14696
25561
2762
28503
4353
27586
21292
20760
10571
8064
8802
874
5306
12100
28965
16432
31093
27943
15230
31845
32092
6427
27875
13233
13130
10530
22434
4666
28055
25022
15235
28861
6626
21160
8104
22237
2573
3012
953
30651
20104
7765
11326
23750
1491
15982
3660
13013
17726
6313
7780
28019
32500
12314
1688
13433
2359
22662
2031
20451
10989
8401
2827
1500
20828
16822
9225
7963
21298
25787
3497
1394
25800
22371
24495
12452
8615
32421
1161
21880
20300
7837
12849
2827
15656
19074
27221
23146
26091
4312
17846
27744
13826
14310
3790
18829
7006
7787
28597
24760
17016
5261
14149
18279
9362
16658
31101
26796
19263
26322
3875
5697
27941
7788
14509
12247
18434
22585
26722
21676
23533
14974
30653
21340
27615
12262
19474
19449
26481
14895
11891
14429
8679
23843
23253
20159
31342
13770
2671
29317
22946
4574
32099
10073
10323
7039
18336
14975
9097
27944
25863
5734
12741
8674
22733
29821
7562
13751
23584
24903
22812
19050
24589
18098
12168
9317
26273
28837
1764
29683
30542
16344
6104
16047
12945
32488
15966
32061
18642
3499
18373
16695
22668
22209
25084
30570
30637
17259
4109
6723
27712
8608
18408
26756
22601
12382
7522
29755
23792
17983
7805
7669
30946
17996
17642
20527
9717
22293
8396
3853
31243
4098
8383
12367
20280
4324
6937
20352
14119
14287
31856
21104
15801
26924
16220
4581
16112
7690
4477
31374
21516
11445
18880
14904
7155
32650
5087
19780
25302
11785
29991
89
27922
11308
3710
14934
26964
1015
16292
8843
19969
19793
4025
30504
9685
22546
32512
10229
4042
15453
9698
2372
30267
17712
17718
13093
16713
26937
11199
24792
2174
17900
5366
25736
1968
20690
25866
822
23336
13092
26150
19699
18180
920
27378
17746
3546
21115
31324
28701
6814
15360
26776
5703
454
29912
357
22306
7595
1282
10131
22994
18995
9445
3522
13058
941
28828
27756
21205
27900
26001
22822
3871
248
24141
8994
7638
29457
142
22777
5059
822
20890
23463
15229
18677
25812
8919
22680
14819
22669
5730
11034
28478
5404
8466
18222
28369
561
24747
5405
31512
9830
5932
3449
11941
25879
16722
1436
26306
20084
30302
8273
16728
13780
29976
14032
12815
589
532
19952
29367
28033
31540
27544
21223
9402
17518
24694
10979
58
29135
23028
30147
17612
21184
20584
22226
9119
17033
9611
3637
27732
25107
1837
8397
9558
7922
27175
14174
32362
11170
12688
30960
20871
19729
22068
25717
9703
8542
8769
28077
26974
17377
21828
24903
21483
29291
17492
21577
10637
6095
19085
8881
20055
24481
7617
16732
24775
14141
23401
26408
20052
24587
25058
20822
5702
30466
18902
10034
11978
5483
5112
16629
16454
28392
24308
21994
10986
4276
14757
21968
2696
9772
25993
29056
11429
26255
7539
5839
11472
4098
13440
25526
11058
5079
8524
21680
20839
22542
18790
12900
6540
12828
8449
644
2969
32492
29420
32757
25841
31780
25796
24112
24120
18089
2920
23528
869
8805
9133
26861
21016
28488
17235
25424
4653
28556
5688
12232
7313
17214
31692
12628
1108
15610
6341
25634
22016
29686
12564
8112
24874
14145
24087
17457
16454
17997
29968
22322
4800
29356
12758
21373
7496
3863
31178
12349
17517
20404
19213
25444
5485
32665
11248
25418
20811
12172
11948
27542
11811
16908
23892
2402
17083
30870
8711
12954
20570
26145
32618
27813
24285
27371
11605
17992
24327
7543
28109
10439
18201
17622
11827
17485
23970
18471
18618
7053
9881
14170
31263
29354
9897
20793
24468
9556
28876
10920
4349
10293
12827
23339
11102
14731
12261
21162
24468
1302
27646
15473
22852
16180
25433
4987
4626
31563
6873
19440
25875
16743
28261
13804
30340
10020
22075
32130
17340
28623
5766
27649
28511
30664
3378
20085
7637
28458
4607
9585
30202
10158
7380
524
6679
31181
9815
13354
11538
1317
30394
11773
14305
20510
22231
16587
836
2765
22400
5873
14772
31001
8976
3880
26006
18460
3398
23815
8117
21196
21844
4809
495
6618
20018
30801
12847
29402
24888
21355
6555
12965
7916
1365
7182
22267
21017
8574
25544
29549
18721
24973
5476
25978
18835
6821
11
5113
25088
6119
7656
15799
3595
32313
30939
7008
24768
7494
18290
22691
10535
20934
22037
10385
17688
23808
4224
31046
5712
21901
16247
2764
19909
5470
20148
27964
311
18689
12069
10790
16136
1055
10580
7475
5197
32586
13351
16393
14629
25333
9161
28015
22346
17348
17640
24498
7909
13319
14369
28231
7591
3713
8632
20145
3093
24173
397
23718
1315
2243
18251
11629
23557
6839
30435
29322
1090
24962
28985
28573
16394
12134
13596
1928
2249
29164
11388
9424
26108
32113
22999
326
9796
12768
31221
4326
11960
23745
28117
5119
21632
31859
231
5268
29856
18613
24444
21250
15889
9324
20858
26084
25110
23712
3412
4404
7885
22727
14137
6323
22532
8262
24716
4490
12879
22837
7061
30513
25687
9314
30582
1936
12917
31385
30816
10852
18560
28451
24582
26597
26083
31629
23122
12966
4082
14507
25175
2236
15998
10459
29576
12322
13990
30606
23335
4700
2033
20997
15872
31579
24474
15705
9814
16289
9771
3518
11806
3493
6989
25352
6507
28281
25567
20079
29994
14762
15941
1423
3599
104
20739
18099
21455
13286
18314
21074
31888
2820
12625
7642
31901
27436
22312
9133
9823
22649
31434
29801
1673
12575
13489
28013
20626
14343
25646
14489
28520
12985
26040
31060
3683
7807
901
19156
11895
16583
21591
29594
7087
5834
31897
29243
22230
26731
1450
18278
18295
610
16249
8483
18953
23449
24658
19289
28259
10710
22263
2451
31350
10651
755
15875
1338
7499
18219
456
15849
18317
10934
4716
13164
25845
31726
14513
12306
26850
10695
3213
32136
418
18272
14963
9478
10205
28120
11732
32710
15664
28771
17638
11194
32280
5789
29092
14462
19218
20766
27670
8332
3328
7246
22994
25263
14543
1402
3779
20410
13911
1576
19241
24697
11906
10664
6881
10216
1201
12524
14823
13731
32603
10394
8729
31902
25591
9566
9789
4630
2589
6789
15942
22727
10728
32456
26835
27744
27038
13157
17913
24884
28307
24949
20290
11314
30026
16761
20725
18199
13534
310
2200
25826
4512
15299
3252
19080
25346
14304
25048
8170
20660
24713
24800
19716
2828
11211
21111
14183
25259
25559
25563
29673
862
1621
22753
16539
22082
11770
7992
23291
20268
14941
9969
1643
10567
10758
9279
22242
22271
23240
7804
5090
10526
9298
28781
18346
28981
256
7623
20140
9022
14583
8690
31553
14975
17264
7180
8604
26034
21076
31793
8188
15970
15370
5626
14118
3992
14220
15427
18195
28599
7873
18994
17382
12709
11015
15733
30497
28971
24590
17866
24855
16031
6381
28101
20133
11712
27503
16590
30493
19425
21934
4713
13955
16714
27108
19130
14332
8667
27773
23624
9347
12530
6257
18177
10718
7311
32208
19582
28112
29622
11935
14729
16785
23573
11746
26844
10619
19175
21754
25388
3334
17688
9009
16486
8950
27306
11156
11833
28115
20823
5377
16340
23706
29304
24704
27377
25522
12325
27094
22034
8737
13726
22104
23562
26368
14057
26110
26816
11052
21437
23224
4912
21311
8607
27141
6322
19903
8523
27841
7551
24981
9045
16702
22129
16576
24592
5015
10
13130
18095
65
18104
28283
18346
17635
1111
27726
7780
29544
30456
22305
24074
23378
21729
23984
17854
7505
25045
836
8181
7444
27029
16424
12573
17759
17318
1629
31108
21086
17493
32398
20085
5689
16121
4422
3748
27624
32120
4193
30155
19529
20748
5313
21398
14703
8263
25666
10685
29757
5717
29679
30063
12340
22402
23158
10231
14730
24315
18137
4762
16764
27097
20327
18878
17637
4955
11499
17234
16654
1651
13859
13417
10952
26757
12147
29224
23480
24939
17115
23011
27123
25788
13351
1155
7627
8270
9573
18731
31208
13305
32668
21275
2458
5790
21435
20180
26989
19560
18384
29308
15870
21074
25722
25989
3342
25322
22177
19338
11477
30804
31076
30329
15768
12177
15443
1015
24958
28930
14815
27136
9888
551
4622
14030
22367
25773
23924
2045
9466
9896
19550
31980
24672
2077
18000
10342
13634
6595
7602
17794
7021
14602
11206
13255
29271
3421
26845
32404
31479
27300
21707
29631
9178
15630
17304
3453
23412
25101
25208
13186
23732
4770
2301
5993
10715
17114
10892
12373
10637
6809
31758
6617
6696
27542
8679
23061
20310
18599
31276
21282
28126
8767
22288
25521
6592
3124
15776
31470
19072
4294
31921
9131
14786
13534
12310
19130
8215
4499
1046
17562
13335
9970
19741
22103
8112
19455
18353
17835
24509
24567
5288
13417
16858
8408
17816
19227
29815
19235
3472
30442
23852
26337
27141
16063
10572
26084
22543
29608
19645
30543
27094
16509
25351
13401
20550
23747
9898
2637
11531
26320
29365
1493
16569
10544
660
25465
18762
20296
25642
2403
9422
19769
20512
20069
3166
32520
23676
12861
31570
17147
15733
27415
5812
4934
2181
27731
10484
25318
11713
19081
1500
16846
7014
8394
27335
3137
16308
23337
12046
10623
23807
2682
22724
7587
25603
9562
27043
29388
18552
23152
30789
15739
998
22514
27032
16444
15035
11370
24204
29321
14235
9402
10766
28395
12535
19293
25402
3170
3297
27889
26572
9991
5918
17906
25304
23536
23933
15817
11196
15444
9832
21253
4434
15343
13753
7400
25962
24232
21455
1573
23671
26994
19168
9448
5512
6768
20112
21527
24186
11356
451
29143
2156
10537
3760
26451
24692
20455
1336
23993
8336
4584
29557
17540
27872
27425
27797
3329
12562
6610
29161
16140
29213
31082
29241
19227
26674
1189
21339
15743
29935
17143
14851
14054
18903
9517
989
20003
21247
5458
10201
16178
14857
15823
28871
2934
5462
19415
17955
28486
6008
12546
30514
20648
21222
10296
15438
2908
26100
465
25213
15901
8962
31482
21833
32035
2291
9307
31436
3564
8161
7159
5643
4156
3598
7763
9093
14435
31006
13018
25611
32446
1924
30592
2513
26752
5691
20390
15302
19890
30390
31293
25377
16505
18713
21295
30524
31128
18089
17402
15270
28213
4225
10142
9332
29408
22152
9658
21719
4049
27295
18674
27636
27249
5151
21651
5103
26653
14210
7546
1865
28198
9824
27186
109
25372
11166
7772
18309
21836
10210
13652
21138
27271
21065
20497
11196
32037
29021
23117
4582
2634
8257
2790
1926
21864
29743
17285
17332
25861
5669
4989
14721
15551
9434
25078
10633
30861
29431
842
29132
11591
30084
15791
4025
12905
30368
279
2188
14612
24694
22100
11226
21589
13420
18816
25706
22186
669
21404
2887
10434
30090
1911
28947
32133
17932
1489
4510
1876
11150
31937
9656
4754
7288
13908
1859
10595
29422
31351
7052
9395
18875
18455
14299
20091
9608
10630
13384
31039
15954
10273
8401
12508
32027
9008
20650
26752
479
3597
12244
18938
17865
22921
5873
2612
11687
3211
4439
26365
8348
20474
18787
12812
30484
29149
3855
3394
22013
9153
11463
15408
18997
30811
32377
11993
14398
25711
32492
10681
29753
18161
16210
12038
5650
15465
32032
3381
24056
16796
18973
14016
15632
26984
31417
18215
22122
10736
20129
22837
3124
1273
1936
4740
27949
3988
25192
2115
5725
7422
9857
24887
23812
4292
16193
22784
21712
7210
5101
2206
1618
27342
4542
6195
27059
649
7224
15882
31139
23190
22455
11993
29331
28150
587
25411
4644
19730
20165
22177
27359
29347
30226
8962
8230
24527
29384
7792
7786
17300
6911
23926
9119
12650
3170
16095
11245
11044
7814
25791
5801
536
20346
16056
6019
21375
24223
2422
18433
9247
2489
26492
27948
24359
8263
30499
17801
15450
24848
2527
29514
20847
22015
24773
22214
21176
8752
4682
27943
18179
30283
32078
1890
12990
7953
27993
28013
32350
25140
21540
16812
7169
7532
15451
14508
12369
23495
22945
30995
17068
21825
22997
14295
14467
3220
23443
25775
8192
32593
11774
31431
3564
7216
15805
18872
4815
29604
21316
19127
2905
22195
1621
22028
20480
22533
2758
19655
2027
25403
14980
2734
8975
24194
216
13433
16280
2663
2793
13890
32394
5101
24963
1591
2984
3292
20502
32658
23701
15965
15618
27083
27449
2500
22289
11
28518
19373
15429
3301
23483
30026
32213
28225
8649
20475
9586
5528
373
7967
8142
22631
26525
5163
12383
9437
8191
18681
21089
28375
24150
13410
11034
26895
25285
19726
29025
24208
15737
20107
28257
16494
30091
21661
31643
15283
5923
16597
8746
27548
27875
7781
16203
31750
26755
30771
21020
20515
32440
21804
22180
369
31323
20187
21012
19181
2759
30266
29772
13444
4483
31432
29345
4810
29473
18395
32734
12014
28517
3128
1416
10990
17578
24545
615
30215
8834
31790
12865
25968
12189
14879
25321
17735
9964
19185
6777
30156
20485
24303
29403
26829
22218
11915
20110
4961
17989
6573
19110
10201
10967
20811
4629
11252
8082
16186
30250
16210
19171
8260
28759
9771
3700
1146
28983
27713
28240
10699
8399
13331
29513
25814
29717
1620
3223
3069
15278
13723
13505
6331
4092
10844
24001
29495
15960
11031
26723
7193
7068
29903
10990
10396
24549
14270
19206
17636
28567
19527
28369
12435
13729
13356
2393
27031
29442
15361
17969
31045
10124
20705
22620
6060
30695
24159
12394
6435
13530
18623
24036
23077
26566
22375
8170
7519
2163
9104
26907
4102
16399
24385
23221
26734
23924
2174
31485
21209
24234
23741
10978
8333
13229
8345
7901
27945
7792
4042
24347
11832
21537
2389
4830
24839
17327
19456
6945
19124
9610
22281
16507
32392
14506
17175
30789
7814
20690
10097
1279
2628
6678
24430
30192
28666
13723
17453
18957
29657
5022
11909
14876
24990
11959
21823
28185
7270
3167
23427
8665
16580
9905
9105
31981
11537
9069
14770
8649
25603
31810
27501
14374
32129
31821
24317
30372
6582
14045
16131
28596
2661
23417
20089
9653
9852
2852
30951
10845
31723
4831
13017
19803
21430
12144
16016
7738
15433
15970
10488
17801
3597
77
4826
31033
7736
20567
6739
4166
5097
29947
30853
31130
4980
28169
10124
6702
13306
25582
9395
22130
29502
7222
8936
19183
7091
5967
16750
30762
20698
15248
6866
26060
13770
12665
16416
257
25104
21821
29782
14878
6330
24957
15385
9606
30127
14167
5543
9166
1346
26527
27917
21791
31238
24940
8346
23516
29923
27095
10643
12933
4969
16639
15656
6364
14437
6225
31143
23622
17074
15878
29680
32627
9810
8684
14633
1345
7101
5994
6323
25310
22905
30910
19036
23853
3051
3978
17622
21868
32621
26255
22632
18707
12449
26808
25059
2303
14084
29018
10712
27599
15814
12730
17416
32655
32473
4048
796
32404
29768
25162
21654
2982
13258
11732
6408
31077
10391
18327
19587
8421
8058
255
4947
2972
22823
16578
32489
29822
5840
11550
7961
25702
21747
19298
13190
28088
10358
14511
4442
19268
29173
24576
4410
26222
23387
20840
6521
2188
21423
7835
6283
15248
32049
24752
957
7655
16806
19237
11812
11681
240
28708
3027
20177
3553
6660
13649
4407
27985
24083
16203
31004
2926
19603
14981
20350
23380
25090
28694
15725
5342
7583
11733
14005
1211
24873
14095
30653
8900
32234
11643
6831
25228
4852
1647
2009
29241
8363
24659
17748
23443
30083
19543
27107
15195
22539
24673
14109
734
4651
9545
7887
30666
16809
13641
14236
26175
4594
7855
25830
14633
17176
24277
13810
27854
8727
2387
16454
4003
22108
28531
31062
17764
10376
23526
21344
99
9841
14005
8597
25889
18537
9594
1913
3099
31684
31695
30604
5606
13972
4103
1322
17790
30903
18460
3504
5340
24084
29417
31968
30662
9761
16793
12423
16619
21673
30048
16220
23855
20428
5481
10028
22852
8007
16655
9780
25978
12533
29263
17359
19416
18070
17533
19537
3179
28880
4919
17458
5086
15219
1432
5743
16459
28417
22957
557
10321
2926
1069
2975
22631
24612
30820
29739
31343
25930
11377
32200
7055
14918
11697
32171
1084
28032
22907
546
22167
29033
3598
4032
26365
25277
26567
14778
729
1029
24216
6545
6589
4703
22453
27121
31922
22401
32656
18650
10188
7420
8
25853
18945
25790
26333
6761
32570
2779
20584
16998
28843
13453
10889
15009
20320
12409
9184
26506
23833
11315
6976
13819
30552
25349
9056
24602
22712
10732
28372
31104
1152
31972
14396
1691
4216
29029
31420
9040
16636
12846
3756
31973
11086
26689
32400
8991
21041
13615
10314
29863
28851
8853
32398
10930
26442
10983
32407
18401
32546
16236
11800
28262
30646
28554
13686
24937
4766
5444
27188
13738
4519
11009
23983
30055
23337
11919
17419
15232
14485
13671
18285
2521
25422
5683
7018
24320
21434
19341
25792
20240
1688
29706
18756
9173
11412
4983
15388
18480
30744
31074
23086
701
32102
28893
27352
17332
22756
7550
22754
2573
4022
10666
14257
9192
24210
10771
10429
20011
27344
23168
13637
30573
2497
6093
28737
10771
4674
15154
29848
25016
27793
15048
5011
20435
21599
13128
18321
21395
294
16150
16125
10510
10428
15999
4990
5019
4137
30015
365
1916
7862
8519
13196
5825
10054
28349
30453
9576
23529
27971
27472
10441
8111
27260
841
30258
10938
21964
26946
25806
13463
4448
7236
18123
6351
21615
22844
32187
10680
703
9316
11835
9617
7530
1791
22227
462
12514
21833
19998
177
25651
4270
27691
17690
3464
14906
25378
22688
28657
10577
2859
22496
1635
15008
9611
14613
1
27475
23312
24810
20889
13448
31152
31116
114
15108
13677
16386
2629
10021
28796
15297
3721
14616
20133
5243
7411
27980
6125
31289
19774
17703
11891
21417
1064
2039
7064
9913
2493
4139
30818
28516
21719
30915
13603
22732
12262
16133
1109
3210
6893
11378
27849
3138
3789
7416
18177
18810
1478
30057
10714
28588
27963
24108
2669
5273
25781
5683
4920
17121
28203
29228
30329
4817
29569
23548
16347
17788
17742
26217
26964
5645
30434
18710
14158
13659
15240
22709
8197
9150
10504
20344
16944
23842
880
31176
12003
2905
30228
6970
2740
12982
24020
8127
18973
3287
2205
27931
3361
1474
3635
26776
24114
3892
9773
1275
22611
15925
8001
27831
30842
26352
23489
7265
7736
10946
30566
356
32667
11409
31309
28918
5204
24415
15679
2890
15381
8990
25397
24327
9277
9158
3099
24826
12471
11942
9429
3079
27679
29175
30848
15718
17191
23223
26362
8460
3898
1205
25764
16998
13407
28904
10086
5453
22111
30212
9460
2871
26922
8015
18000
2218
8311
28081
29841
20215
683
12043
25314
11812
8956
24522
14797
4906
18134
19132
1978
18017
31357
23330
6834
28216
22773
21766
10089
10793
2847
26575
24956
23020
16932
20242
26871
25835
12566
30123
12570
5623
18901
20237
17501
24377
16688
23254
2481
6763
7757
1703
28425
6472
22859
25138
7449
6720
19749
22932
6237
30065
218
27110
29534
5587
3019
1038
30257
4786
6500
4571
24384
32098
20478
20818
8525
14126
7940
31298
17075
25489
14421
25119
16879
19113
14570
4620
9056
16360
17593
826
3147
24845
6617
30065
3874
16722
24294
5100
3334
21735
12455
23658
20618
12448
13038
31874
17850
29163
10432
6455
29532
25348
22454
13516
6517
12140
15011
9946
6415
15511
18295
23199
2362
31460
19556
18329
7505
17107
10303
22611
16510
4723
25128
13184
2688
16153
25709
6982
29100
28503
24236
22236
24114
28972
4920
23127
674
16505
5054
8385
7599
20916
12585
27756
2354
29920
8898
24965
14962
25789
10396
12012
6050
22076
11567
14659
18091
7221
10819
31814
22828
13148
21776
5722
31167
19058
21923
12904
32383
6840
3459
17387
1223
9385
12693
18760
31292
9448
15165
2143
14093
21880
29894
31071
3449
20267
9476
21470
29330
8029
7735
29225
9281
26081
13363
32472
28811
3900
23998
8358
530
32529
1338
6272
21983
16093
19588
1500
15966
1253
18459
17740
6058
10092
30085
7507
4363
20520
28910
11639
12222
1015
11795
21399
28404
21199
14430
31615
8476
17395
15954
3258
30309
21101
27690
27303
19583
3512
22973
15056
11170
12989
4005
25974
5330
20737
26528
1137
1377
20508
19510
13367
21429
26989
7069
31546
18764
27148
12761
15223
7676
20736
24103
25163
14464
7602
18332
19081
22576
25250
1290
1227
3088
28761
27683
31237
6924
11423
23521
7264
16770
27117
1573
6725
26625
21285
31902
18359
14161
16257
1260
12775
11699
713
30725
4354
6505
3530
12504
3150
7289
29443
20017
1141
7599
9121
19421
22561
19169
30894
14094
22216
4214
23685
513
21962
10793
10377
15069
7097
12555
2838
10719
5623
19143
2488
6836
3207
24106
29595
21798
18461
28899
22595
2299
24183
4743
22141
12570
6384
30936
22422
12784
10579
12614
2762
14098
8429
2998
13567
5156
24038
8835
10420
11513
25297
9154
31284
10491
19585
16331
17423
30158
23070
24821
4042
23856
15225
4256
14038
12836
6557
11641
20415
22863
3495
22265
31654
12450
31191
12847
10225
6713
30950
27584
6209
11907
22426
6956
19620
22948
19609
27474
6157
26647
25211
11319
31489
18072
18466
12803
5778
31041
31566
9548
19345
3571
364
10391
23040
3575
8879
30492
5318
13029
23394
24778
32166
25285
30589
18315
23922
14197
3190
457
11388
5451
17753
17969
24398
5370
13595
1207
27547
17594
9004
20698
6517
1187
1611
16681
29887
602
8606
26630
29414
6128
30722
18858
8396
4615
2464
29545
27909
8503
4033
6199
25158
31408
10979
22124
26138
27680
14091
2756
20439
26327
14942
21674
27601
17961
8683
12214
16077
21779
16588
18036
7609
22306
17773
25191
28058
6289
6443
7501
8133
18865
24097
14245
15954
10638
32574
14447
7374
17360
1691
14899
304
17887
11788
2372
22798
12107
24054
30534
20241
24938
3680
2030
21671
21059
15948
23305
29687
26282
30023
30656
32282
14253
831
23834
27016
18223
29333
31682
29904
26579
24691
32011
24973
23580
12128
31537
23445
28882
18449
3810
24691
5799
23682
22012
15128
16154
24902
22425
26573
156
12572
26953
29804
17905
3778
31134
12496
3290
30990
25582
17290
30705
1338
12628
30421
14292
13184
27384
20941
3973
29158
24976
20955
30737
16732
3623
22644
10096
12548
28701
8451
32429
9169
3184
21283
9031
5203
29241
1298
18390
19153
26746
16994
26609
14745
10518
27378
31568
29588
19745
32285
25646
28957
20058
9777
7409
5907
16886
6179
26893
13357
12448
7041
3366
26766
12221
20135
21109
11162
8180
31542
22892
25607
13550
3778
32669
17975
10842
3019
23768
27845
18997
1775
7059
24414
10312
1117
12431
31698
14066
18829
13753
30058
6439
30511
27727
24189
21945
32609
10819
28734
20438
19492
14052
1240
10451
10769
23227
30653
28455
19272
9907
24634
16059
30378
13950
23120
13921
14152
29235
20927
26273
8218
4924
867
7612
30709
28783
10435
13547
25015
21883
488
17128
21701
27014
12651
22447
31159
26900
7890
9606
16209
14123
21277
15163
15285
2485
923
13229
11736
13605
16130
32397
13107
23389
28863
9830
1467
463
11915
14299
22034
21219
1087
11825
5631
3737
12777
2317
18204
28272
4127
28542
8654
134
3731
1085
10362
15872
232
20276
31478
24748
11716
24638
32318
15333
21543
3886
11369
7352
6907
32018
8411
30021
7916
15033
13499
22375
4729
14450
16296
663
9291
25367
20647
2317
8134
4682
29536
20521
31711
11263
21899
28690
19501
8507
24741
13981
18498
10266
7143
20848
23867
22295
27256
25447
32150
1416
31202
2358
9028
5480
29891
4432
14335
2649
19909
27400
22494
4585
14031
4342
8743
24853
6269
29341
3172
2828
7630
8522
27577
13621
10269
17471
10356
19570
16211
6161
20454
8103
21082
32079
30834
886
23509
23140
11235
25421
16142
21695
19458
25507
28975
9521
9577
31102
17078
2966
9362
6969
23843
9655
24883
28292
18675
11631
29646
6060
4050
25101
18819
3613
20237
8442
27178
6693
20038
29084
25758
24570
28267
2169
21851
7167
1257
1440
15180
29763
30492
29253
3806
842
10762
16811
20313
17
6738
22855
31344
10060
12383
25634
8727
18930
9441
30079
5268
9467
2430
16062
19161
26217
18884
23680
4369
901
14435
32524
7545
17515
31897
29169
2417
10440
29677
18157
24787
2531
23584
10254
15235
7642
22881
5399
5447
16430
11456
4133
22489
9090
12005
32146
19259
20640
25346
15130
24651
5821
13830
12860
2455
20734
15892
27107
5746
9531
3635
23366
17480
8194
29255
3597
31278
20959
10048
16309
25277
20954
25489
6709
22561
18754
17379
15842
22125
27817
28683
8848
26673
1584
3130
5114
16719
29957
19060
19812
31754
17961
12356
30846
11360
19063
25773
5004
15770
19938
6755
708
20001
21502
27196
20727
32147
32194
12769
25460
24854
31884
19145
9514
4589
13925
11624
27916
2633
32646
21667
9146
17505
3356
30088
27741
20420
1353
24380
21714
20718
20587
5940
20748
7962
4000
1448
1459
29784
23690
17989
9745
25567
13903
28963
26927
2724
16356
28662
23099
11820
13196
13192
2093
15774
12187
23911
22699
26908
16512
12762
553
17235
19458
26138
29012
8529
16842
7871
7601
11415
13602
12921
4481
23408
17404
1280
10473
17281
28470
3662
19535
31392
18460
25099
10759
31210
5935
19273
13103
14095
24613
20593
24535
26609
26416
13181
32358
9326
7043
17000
4664
23161
2835
3043
1420
18544
17306
19530
12958
29097
17634
9942
2064
16719
26688
32532
19598
20332
24926
1686
17842
31814
15422
21224
17957
21999
31868
4037
26376
31768
16852
8587
28818
30246
5603
19437
13818
12168
18226
12520
26775
3655
30064
15352
9798
22494
13055
19851
18188
22605
24499
15030
11772
32617
8406
29991
8539
26742
6767
28507
28163
32759
19907
4369
23045
15301
16669
20478
10898
6495
21707
16578
16668
22145
26985
13339
5048
6136
15202
13400
1223
29364
6067
30481
24021
2847
19954
5910
29121
16045
911
10917
10782
2996
19547
2528
986
11135
11334
22909
16157
4766
26221
11712
18036
19327
15700
22950
4399
24387
2159
15972
1288
16586
17128
12047
6917
28176
30620
15517
19359
15293
11879
32268
1571
32503
16033
10465
14169
2427
10984
3540
9060
11244
27168
19914
5865
12906
16825
23299
13171
3943
5424
6805
23318
10422
20185
14873
32595
31461
17883
3492
22332
1741
17788
2553
16600
15719
6559
12028
20937
24034
17546
30314
23340
31218
16877
6856
25793
5226
31520
19097
25420
3597
20653
7124
11835
21665
23822
21397
30856
2118
21688
22035
20705
2822
10072
21202
27911
11949
18012
282
17524
29915
13493
167
15936
5463
17371
12962
30277
16038
8722
7888
23938
17629
7661
14602
14781
12979
17168
6893
18540
28890
13369
1490
2262
30608
26242
16640
29046
15985
8672
10273
5280
24207
27376
32243
30823
6852
14835
22336
9661
16967
8982
12816
13020
8574
21496
3357
19685
29971
2662
4999
1223
4938
26729
12489
25443
16274
18818
8428
2286
23642
32052
20731
23446
28453
2755
9142
2408
10977
25148
28298
24945
29812
7861
17089
18467
5529
15830
22263
19195
4586
28824
9421
5985
21053
26957
3809
22736
6708
19169
8957
16950
31760
7519
19598
18078
16070
27574
2904
17676
27221
28350
617
11176
28246
26998
29515
22047
5845
6800
31102
11079
17247
26415
6693
15874
5212
8943
31744
30052
672
6438
23450
24
5436
15209
4036
5887
10650
6482
12865
21275
457
1409
16579
6828
3349
3041
18967
27032
7899
7468
31644
30992
1947
5042
8953
2673
17487
30038
30735
22888
14331
5849
17197
31066
9094
1115
13187
8707
20424
21278
31194
12125
7652
16526
31618
22723
29144
17022
12683
25430
11090
27829
2104
21408
8390
20393
21168
25207
20669
13450
9975
14628
15728
23170
13853
14533
9877
6460
29877
20720
5497
3235
10121
10649
28495
11756
10380
9270
455
32214
30736
30752
15843
9264
28217
28221
5383
10396
8370
32732
11343
10388
20638
23776
23076
11946
29906
7457
8722
3860
13377
8463
8916
28007
25783
26009
10929
20387
25035
20301
26124
25200
20495
12480
23606
21159
8329
4144
11910
24596
26727
28776
19884
3451
24814
8420
6466
4568
9140
22838
7588
28395
30479
9128
25602
20724
16077
23331
2227
7100
25893
16463
3020
18644
20462
27132
4082
31521
13839
5313
31596
27545
26935
5602
12156
4935
26574
30071
18928
13973
19243
29643
9460
13770
26119
32259
2346
18130
10033
22016
17917
31806
5252
29062
9266
15755
29207
21661
26303
5287
27059
27447
19937
29873
18058
9748
20585
24064
6437
24291
32598
872
22431
18346
18345
21688
19985
26983
1653
4743
29517
30200
9014
20273
30159
28984
9315
284
5360
30059
29255
2624
6749
5852
15372
22758
1992
10948
13081
1455
19677
30062
4254
4825
6520
921
6508
12478
8213
13086
5131
11165
23688
11986
25862
26269
13038
25006
17802
2063
31459
9517
18479
15092
19189
12022
8214
10687
6233
443
24116
5724
32477
25953
6381
13168
17694
10849
12773
8931
28923
15470
11795
15772
73
18520
21527
2187
6600
31024
1229
31469
19030
4269
546
31179
8803
24270
6182
11460
18341
23745
23651
4109
20237
28420
30574
26550
29433
4810
11451
30767
31147
31392
5301
10250
24570
24144
15630
28418
7239
517
9044
13885
3507
14513
15814
3534
27535
26028
1637
23422
18709
16798
15438
26316
341
26270
20294
26162
8049
26523
10647
29098
5901
30459
19483
32369
24834
24707
28822
18443
20562
23159
9800
19079
13153
29186
7363
12804
5474
5847
4347
25460
13327
2585
4252
672
32157
13433
1952
6509
10991
10142
19488
17501
18954
20169
7274
2136
19657
4793
17237
13741
28625
29900
22225
31828
3528
25960
17602
5494
12994
22937
8719
9774
1020
25595
28661
16274
20429
21723
19362
8173
23001
9625
15359
6479
14216
13136
4557
16712
20663
3257
3571
19952
22701
22349
16918
17450
21328
4010
24427
23338
31384
10552
26569
14645
6213
20748
29955
28072
10189
22541
2676
19516
21657
2133
9435
3464
10352
27098
31850
22728
32308
14925
11545
6876
3276
7234
14656
20116
7777
16786
6757
6698
18381
5373
21586
26128
13392
10004
15979
20716
22917
25175
30527
9442
10133
19098
13917
12817
2475
19373
28777
12896
19112
23355
367
6778
12823
29171
20854
31767
28003
8166
10073
23934
6471
16432
7634
10823
32647
4059
28376
8550
23774
11264
2347
25701
17207
15151
9261
3057
27680
17937
17907
26008
3963
844
28572
16081
4726
6823
25569
24893
8894
9071
15342
9260
4592
25113
15984
14179
1361
2344
11504
2845
19902
338
31583
31055
31718
31966
9714
5168
1206
23120
6448
15865
2581
6728
24649
28137
7122
27816
3497
18061
1242
6389
4557
24894
30895
17920
29781
29419
13589
25797
9051
11801
27663
17043
19716
1575
2569
1645
30548
14295
11351
7601
19015
15114
23518
23543
16413
459
24593
21052
12277
10383
15904
8512
26269
31675
14443
19244
16809
30311
25149
18552
194
7778
7095
25612
16705
24950
2570
8869
22525
22509
24554
14715
32096
4179
2623
22561
32705
18558
5405
18860
28653
14284
23798
12567
31751
20140
24590
25830
27795
3936
17456
11786
30669
25601
25760
28165
24383
5571
31824
28750
2962
18810
16470
27383
6821
9565
32414
29325
5084
1034
5340
25920
14011
22731
21445
4419
6067
10520
8831
6774
32571
16221
30294
25411
16163
31485
29360
31941
29221
24982
17731
25136
22974
21895
4741
877
20028
5551
1636
25348
29975
27256
23864
19263
12676
9236
30966
24205
840
19975
22182
1828
18378
15334
30743
2538
4461
21342
5585
16534
2332
14199
11595
16146
3623
14618
16222
26660
2125
12498
21242
13646
8218
9679
4120
13811
20851
26160
1775
2490
3183
29826
30571
23096
22632
28291
11483
6089
11602
20780
16874
32190
30540
15855
24784
8638
30837
9534
21449
4710
32001
31308
31174
18739
5516
21527
29539
29602
19373
8102
7194
22421
1231
18319
9142
22265
1852
29885
23562
22182
21883
19568
3810
3206
21468
20357
28730
30970
27729
16120
174
3961
9343
10663
29746
21115
23061
1881
28931
26261
6493
1278
15070
24805
16913
26169
7791
21680
28271
8219
12556
25674
20623
4402
14499
22838
31221
31426
20465
1935
16739
8018
6901
166
15088
10858
8101
22765
30302
17820
5855
1300
30633
32449
18850
4721
7644
25477
20094
16037
27688
30246
15177
12925
26935
24440
7956
25622
2238
557
22621
25669
21330
21331
7047
6965
16508
7198
15751
14418
30479
2280
5855
22886
26553
10614
4816
11522
30169
18045
16075
5152
8848
12388
28202
1798
28187
27468
17949
16750
25440
23630
17895
31203
454
23555
8010
10350
31050
21066
29503
8306
27856
16197
18155
469
11958
21925
17615
17760
11183
2600
7743
26729
30671
15455
8469
31663
12770
23733
21926
6533
12546
13229
14581
1843
12393
11883
26407
1433
28035
21622
18999
5397
27719
19132
8427
12455
21960
2007
29191
17491
9479
7566
16320
25287
5644
15263
3955
32318
2869
20412
6551
10404
23757
26323
13809
7931
18144
13202
22534
9213
26958
24107
12246
28163
3615
340
17095
11301
10774
30866
4320
26275
19337
25528
6711
16004
27504
938
22701
20604
21691
21607
472
16147
5609
2119
9537
10244
12502
18561
31440
2275
31956
24303
30084
22275
28414
11542
28263
20119
15561
5217
31682
15639
3292
13229
18573
19174
10786
7690
41
2097
27933
28352
8786
16666
20349
24209
21327
23830
24049
15934
31851
19859
31805
31309
20649
20447
12173
3080
2484
1605
25352
31689
28949
11385
23209
22645
2472
27446
18506
18503
27985
3877
14082
5839
13035
9985
16561
25658
28801
19705
16857
22995
11713
8021
32688
1994
23213
11357
29811
20532
7828
21878
13820
852
4929
28047
10903
4377
16498
5819
18
29671
27532
8991
6419
14491
3980
32015
25774
18377
4417
23156
21559
21575
953
16241
25429
4848
4345
5190
26200
8098
23280
21108
4813
13193
26798
3362
30287
4256
29650
22719
20384
18036
10817
21993
32248
13356
14366
25485
31388
27590
11766
15440
4275
23203
5946
814
18261
23366
21747
865
12774
5209
4273
10117
6818
18672
23492
27641
15224
32274
20143
20616
31004
6518
15578
3401
21592
23946
20615
3779
1443
26297
8967
32085
30452
3566
9518
21462
4056
21588
27652
18808
1987
15457
13757
4850
12963
13330
15084
16094
31675
29816
8179
12639
687
31347
6846
776
3803
31934
8369
18169
19689
811
12510
31819
2723
816
3708
11951
25861
9635
32660
2641
7319
6594
25598
26371
1018
6518
14476
3735
15552
729
23173
17036
13953
10997
8021
17646
9258
19919
5250
26743
23449
16292
31714
27642
21351
17266
22540
9474
13061
10938
7436
15798
10507
8836
22875
2559
31692
20901
27406
14317
2094
11325
5453
24407
8889
8323
2567
13506
3821
197
15332
25476
217
20138
3195
21290
23785
19387
10950
23574
10752
29473
13778
12141
27078
16560
30651
30256
19268
26917
19672
27560
27566
26540
2867
30472
6527
1190
32316
2126
19915
14760
19134
15466
20433
5831
20241
3234
14033
3347
21394
3381
15901
16993
8016
32574
8049
21070
17672
14812
26503
8320
15444
11920
30951
8239
6943
3302
12541
13540
860
18776
25453
4225
6391
2927
8107
12930
5132
18219
29894
27778
17240
1445
10116
4097
4845
8435
3764
10596
27433
30540
2496
27709
31720
22892
17794
13517
18425
14394
17240
17096
1231
21929
22139
4439
8825
31964
2956
28771
4053
1421
11888
17169
3840
9903
25182
1929
11792
23634
54
3068
14342
25800
12053
29925
12798
6406
27430
30863
14505
9292
28347
29655
20989
24329
12700
15411
1835
20729
29342
21235
23250
7824
32632
24007
28530
26011
11987
2178
29219
19749
16544
13341
7559
19607
6318
5887
26877
28196
1916
12923
14359
4196
5452
16795
7759
27455
888
1308
2805
23565
30729
4281
29036
15611
1926
32173
16790
19377
4362
9843
17549
25394
8345
20432
12692
3331
19380
25363
3917
11663
15403
7580
13612
20426
23859
22939
299
21525
24248
21530
5567
1634
757
5182
13323
24472
27201
22473
1620
30265
20780
10468
28342
25154
29898
284
11797
6226
4431
7594
30550
15
11996
26871
17102
18885
12441
7519
30202
18257
23044
1333
13169
19518
16009
31752
26392
22829
20306
5413
25237
5754
31584
2909
7686
25116
5595
24073
28914
29901
30374
16203
22399
25196
2359
14230
6118
31135
15782
8816
23589
18108
4099
26742
5108
15850
6637
6817
13049
20611
25184
21193
7999
29117
24527
32103
25573
20106
24691
28831
31763
15548
19682
29822
18994
9581
30947
8320
3933
28318
30337
12885
30482
10270
8030
16868
2862
32686
18506
30353
9240
16482
21268
8635
10556
24906
4768
25225
13755
26450
13626
14055
30048
7783
10538
7627
19927
28123
12169
11965
10265
19467
4435
19094
28203
5439
10941
18824
4360
18897
16584
19038
10972
30610
21782
1797
4466
21097
27644
21068
27888
16445
30938
8936
9922
23573
25767
20411
17620
13438
25296
24918
1284
18734
2115
7356
19671
3046
22726
11112
16746
26781
16014
1170
7084
6362
8205
31663
3275
18018
2059
6199
18156
16659
5112
6826
32287
19472
7297
21205
30098
17950
19553
11090
27909
12622
6522
3662
637
24029
21540
1934
23613
15448
16581
18356
12018
6915
28578
27839
29742
21116
18164
13266
25879
9628
29503
30774
3425
22686
12767
9121
2681
17283
10723
29625
19203
25524
18207
14548
25223
12522
19325
29186
17767
14667
2708
27213
277
18646
892
15167
17538
8192
19680
22693
19674
32159
1876
2451
2670
8
18921
29352
4594
8564
15615
5523
11752
21417
22363
27094
9308
32470
29050
29386
1234
26558
8996
30436
4733
16664
8004
15414
7857
27702
502
28217
26523
11494
17634
4297
20272
21654
19913
9329
32355
10427
19293
24553
18587
2163
21590
8925
25444
5480
31938
1520
18020
25592
21916
11265
18322
30356
2721
14509
18338
2150
4703
4117
707
27447
9359
17377
22925
31887
27300
20869
9781
30238
7844
5570
29188
7514
3127
6512
7943
5738
10238
7036
23047
24131
12581
31789
26811
12305
4412
28075
10301
23000
28226
3521
20411
17499
8963
19682
19311
12861
4517
18026
17361
31334
1149
28199
9483
16808
4391
14104
15021
30626
12757
6004
13218
6885
2279
3566
8803
2134
700
3128
19818
22996
18888
27334
25578
6170
16615
18900
27325
17382
30705
938
30109
31323
20111
5151
152
14499
14669
6492
32190
730
23792
20962
27421
29223
29705
15311
1263
28204
13002
14684
26641
5537
7449
24235
14519
6715
739
19648
8543
5075
5811
15821
15875
3780
21123
9906
18323
22933
7890
4548
5026
21976
28662
5837
15456
20561
19892
5205
1224
9307
30990
3616
19738
11912
9308
21752
11148
21128
29086
23469
32060
6220
11025
23897
874
9322
27136
14568
24804
4036
8157
9688
3009
25189
13712
9790
1874
13739
13583
23050
31318
16811
12591
6027
30061
22993
24506
27958
32208
7367
6593
28835
12350
23448
13875
32472
4154
31766
29359
20938
22387
23161
24215
3873
22916
28232
31846
13372
20445
13949
3395
885
8705
12516
15062
22182
32243
24772
4954
31468
21738
10433
3059
31146
4172
31745
32066
29393
4826
10894
20023
27743
23080
19707
16679
15142
21585
4939
5919
26831
15848
31502
32119
15134
7218
12493
31146
16504
10130
8360
18277
1442
14916
31294
23773
22731
5966
11213
2406
15821
7604
6298
25154
30640
15340
3732
29110
19311
14225
16180
23651
24575
7516
16295
28884
24462
27983
21551
21844
15881
22323
2759
18434
18656
6981
26886
9511
25613
25389
12613
10182
6227
10031
772
6261
22211
29605
23178
24172
5509
8877
13260
9948
10709
24095
21648
5762
844
32194
466
14715
11361
5567
9319
9562
13359
18773
8416
376
25977
13775
26289
27019
28395
2483
31379
24186
24738
7229
38
14704
8943
6411
1755
21808
19032
5146
7697
25000
27872
6641
29822
5576
23689
4124
1745
13204
27414
31196
8597
4728
6933
29981
14937
9180
25117
936
25614
9721
24661
29850
25264
30955
12597
533
8745
18951
14737
30517
5234
2414
5843
29254
15099
24034
5000
5940
24397
2777
17694
17986
16110
31952
14059
11007
11908
28642
18034
14199
30782
25753
5346
24486
31088
22276
12768
10546
17277
27658
25478
25433
17402
2301
12204
6951
14352
2419
2662
8173
28450
1873
19917
11248
8368
26920
24323
1374
22908
10949
9329
11142
17387
5123
12627
25671
20397
20964
19063
15817
31904
9696
10305
22636
19698
8061
6643
3326
8839
5152
28203
17201
2970
18723
17582
3148
17062
1063
11619
22048
25991
30124
14499
19006
10204
12767
23728
11623
1201
11186
21634
21316
13147
26162
23498
31319
25506
20502
27697
9266
1318
32147
24544
15847
7675
13432
7494
11455
29847
32374
12309
4911
4334
13759
29582
25095
22747
16340
12799
2541
19394
27287
23946
24842
8564
8104
17959
4355
20562
25070
28908
8491
16054
18804
29837
28919
9102
29047
32543
14002
23114
3261
26913
22129
11769
5160
31164
9546
24494
17290
16458
27841
27689
22715
10006
17027
21683
18665
9058
2135
28490
24624
9903
10321
510
32618
13624
24904
11675
27721
17856
14219
27528
26531
20109
24016
8943
32268
9141
10861
6430
18090
2712
27851
16686
1093
9902
14103
12002
23710
9091
28730
12497
6658
16383
16908
21960
11038
7915
14276
24938
21781
177
8372
29721
19408
19043
2867
27162
9366
32255
27610
13811
22236
2034
17651
14872
16222
1498
25134
26055
22894
27280
31894
6449
8844
9062
23236
5338
23608
8877
16722
30786
8196
29563
18323
5061
31213
15019
25729
4544
31979
18724
18423
15093
1479
9055
21537
23089
8237
8739
19248
812
16898
4243
1362
16560
20727
27499
17121
28157
9823
9607
28378
16237
1342
5541
26002
15956
13986
29035
5028
15402
16438
31148
302
236
26900
15335
7485
14527
219
3344
23941
25815
7425
8595
1622
21399
16491
26263
11979
25593
8507
127
21829
6193
234
4791
6167
15245
19094
13485
26243
8096
27549
14365
15846
13471
6762
9362
18223
267
32655
3114
26773
15504
29972
7577
8074
4654
20495
6000
14058
19862
26741
160
11641
30679
21296
19001
24716
10041
626
15992
20230
1641
16456
24833
2182
22231
14194
9321
7391
29277
32370
6391
8137
4129
22755
30892
5334
20668
8972
13440
22439
21916
7093
26351
21599
26534
57
20404
9304
28960
11997
15573
25365
20175
17248
1247
20344
15452
25044
30323
3381
24573
9132
24833
6791
14673
23317
6868
20002
30603
8330
10319
29032
31442
24226
26742
19167
1256
20525
27312
11491
23818
9344
20938
23704
27416
15885
26688
25891
3574
16183
18872
11034
12594
22884
17872
21560
26087
4691
24601
22358
737
29616
4451
18582
4097
22757
11836
13794
227
20276
5811
10133
703
15362
4962
6519
24973
15734
939
32751
18541
31043
16705
11636
24901
19906
23786
11333
6060
6468
6276
24666
775
2982
16966
1434
15345
13862
21833
24142
8417
19828
839
9686
19974
21005
2978
7066
19574
4804
936
14916
15496
15777
29717
28461
32638
29423
28633
26132
9320
3729
2076
15638
7237
7061
16768
13530
31082
9740
28326
12557
15912
24344
5107
7438
32425
18246
14484
2282
23067
21278
18623
4746
3856
15865
27964
28459
12069
32531
31781
10511
13794
5345
26346
25970
1762
6821
18839
18112
5940
23615
32602
16133
17920
23622
24640
26277
10350
87
3135
11085
19651
22445
26489
27433
14542
12274
11199
20568
10114
27733
13140
157
18916
21213
24820
30039
3880
17405
18709
4019
14358
4200
109
15648
14771
24870
13236
16387
13086
26088
27819
28844
31416
15769
10333
2697
1671
19765
8869
22938
13277
30942
31472
23589
12852
29485
5700
11435
5469
5830
25218
18458
21210
32303
24296
1092
11912
19938
3545
19088
23169
25760
13281
27376
20032
26121
2036
6931
6406
21354
14582
30171
13181
9942
27777
3857
5275
9336
6882
28504
3530
22055
27748
3167
12870
25915
31698
4443
19910
18079
8759
2997
11870
27944
12264
20479
17828
30245
14020
11053
25874
1080
18875
13314
6571
15460
21901
20680
27361
6502
30420
17732
183
2377
28997
23785
29987
2357
11315
1356
21686
13192
22612
27864
4734
29735
8904
31171
29484
22295
6487
11584
13170
9543
9211
18167
28079
17328
14238
15538
718
2208
9764
23129
2667
31571
12204
7712
3640
12740
14611
9471
5280
16578
19386
15203
16042
29254
17034
26147
32031
13828
18485
30645
8431
64
2750
1442
19153
2787
18491
21047
32298
11470
6362
32381
23344
15214
6690
6252
17487
10897
24443
22876
29388
24184
19441
10428
16040
25645
14645
14086
7623
1047
4068
17650
7761
25291
13580
27371
24665
9253
28909
29887
21180
17560
13052
9626
14156
7362
22318
30773
12846
17219
20594
12107
26753
16592
23679
19021
29248
19075
9425
12886
9066
30325
28910
13153
28768
7823
19950
5562
29070
26013
20282
27570
19021
4772
19604
26519
30472
13942
16728
19939
18078
20355
12545
22452
776
24562
13550
6524
3388
10737
5991
16890
28753
1609
8155
17769
12259
2357
29803
18679
21945
26996
13485
25208
677
23965
12713
92
1708
25523
26408
3550
17511
9977
6703
10111
25513
30727
16582
29619
5987
2846
5885
29658
31428
28857
1329
24945
18852
31844
15244
27530
30754
3537
9931
26745
28044
28713
8772
20433
26240
17312
2855
4239
16977
9548
6404
6036
16300
2359
8077
6745
27772
31411
7582
31198
19722
14061
15738
20963
32361
21957
10840
2139
22545
29917
24350
28958
20682
6384
21100
23006
10956
14694
9180
4700
11044
10789
11912
17627
24665
22441
9421
13013
15440
2391
6479
10734
1389
7694
6461
17702
25339
30464
15319
20050
2254
1216
19245
21453
17958
10907
27177
18027
31703
27692
23503
13230
15783
6443
20420
28733
8952
27526
22541
18065
2727
19379
27674
32242
22067
12100
7427
19874
24610
17852
24337
4184
12704
26529
3200
19439
15210
31698
1411
24928
5610
18203
4489
30958
3235
23047
26047
32416
30928
4341
29910
17140
12104
23150
27654
5074
1445
14262
339
25023
12965
11169
30479
17747
3537
2984
30880
30957
29276
26428
13443
6821
18765
31067
22417
19074
32481
22624
19841
30958
26410
22559
27311
31078
22013
21041
25371
11638
28171
18573
12981
23525
27470
5720
23256
2093
27815
8959
6420
24109
197
19330
31536
1570
31304
30227
29807
29908
20262
991
22547
3085
1870
5420
23840
8015
32396
21412
3938
12486
32173
14064
20913
31356
28387
30601
21876
6092
12651
9163
11108
25369
20588
2892
20883
23488
8483
29803
25260
10314
3133
20524
19068
2279
1668
24643
9137
19992
31934
878
8930
10155
14034
7176
13008
24556
30253
17628
9708
22298
21348
18487
8473
21272
7963
3393
9138
30565
18981
28556
20687
31054
6381
13550
24004
25698
9748
5516
18923
807
30811
2616
17316
16395
12228
21757
24217
4765
3572
30711
32583
19709
24028
3688
8122
23953
32408
15369
20887
22778
5527
9886
8544
24647
11261
11725
16116
14184
15173
21808
3925
8165
27947
5289
2990
19408
4809
758
4501
31992
5888
3717
2189
9311
28697
14473
207
5614
21676
1613
12106
9320
14273
7368
27368
14749
20534
14963
3859
16096
12129
855
26488
27066
10997
21354
2314
16608
7722
2843
15434
28003
17944
2604
23750
11303
15716
19648
20960
29590
23327
24245
1233
8597
30955
6451
30702
17847
25696
24197
25385
23473
32686
18472
31194
2575
21891
31522
15808
14629
9263
5781
834
5703
9222
28820
2811
22333
3333
5429
21622
20977
8121
15336
3638
15467
13661
9991
18170
10495
6979
8622
17471
4805
15733
4044
8709
3658
25755
17530
8150
29317
2847
4748
16133
3597
3472
19302
5684
15497
14916
8210
32280
28775
1090
6287
31617
1233
23902
5483
2708
27612
31654
3988
12123
3331
3581
2667
28545
26581
9222
27674
6486
20202
19780
12327
31769
20251
13183
10314
30071
5874
13417
16252
30799
29280
16001
29521
28856
11950
30008
30599
10565
31414
24658
14303
5512
5971
10896
11307
9684
27670
13196
12969
2119
21563
30948
25743
31496
14299
6810
6375
5070
17763
32443
2461
8354
24388
22591
20183
1509
4588
5425
9348
15764
9718
30736
11832
23499
8861
24692
11575
15496
21623
1780
23760
16050
11360
12360
26860
12378
2739
7083
13030
20544
19137
12419
22685
2201
8827
12100
12744
18191
10866
27026
14218
5642
8706
17830
2631
23342
17353
4338
2485
24357
15966
26120
13110
670
9536
10680
14949
17557
28173
25464
4078
32213
19957
29962
19108
30140
2925
30040
9933
13375
6184
12963
4032
13613
1859
8156
26547
24760
13248
12626
462
27953
11061
27790
644
3603
12485
12155
6690
5187
27728
29387
19880
25494
6631
2965
16857
24980
19843
12355
15502
16764
7926
17579
20559
20872
21025
12668
26148
11633
20328
19164
6569
31286
99
2639
7009
3866
25814
8155
3404
12267
29668
7786
3516
15498
7551
18287
25700
31144
35
14796
1458
22222
9924
2036
24671
21920
25349
31052
10564
30306
6058
31448
6511
19899
1872
787
21110
10169
31579
27934
23819
23574
22321
3869
30161
14266
27558
4063
7278
8064
7862
16317
6370
20541
15226
30916
27415
24575
32341
18966
22712
25746
12655
29325
3399
25417
28004
28322
106
28154
21053
7565
5766
4427
19615
16814
12175
30764
15170
24620
6175
26789
2213
17372
4293
32210
3328
10084
24479
17196
19579
19104
8235
5385
26013
30532
17754
27239
17415
14531
486
27621
27490
19312
2790
31762
28310
1763
26784
5354
26428
18335
18846
7838
343
7154
3076
9108
28478
14364
28960
1455
23005
30131
12099
6352
8477
25157
21967
18077
161
8512
14226
8065
27827
9487
20306
31987
15230
902
21161
6396
28285
27008
26388
16115
12339
29126
11590
31116
23069
25395
5826
25105
5861
6678
14760
29934
29912
8408
5839
3955
31898
15327
1557
31446
8216
27825
15603
10359
5567
12381
9045
872
29676
32023
27304
31533
8355
17186
6964
11200
27011
29939
2988
18137
22521
23187
30467
8811
5557
13381
9346
4210
30042
28777
22040
25580
29562
30880
28913
18213
17345
23089
5193
18232
15984
19883
4739
14547
16909
25036
117
23098
23897
19874
20231
22159
21891
11760
8956
3664
23707
12755
24335
18721
3145
31397
5186
13516
30911
13090
19571
21894
28652
8649
25392
19316
14579
14981
24780
4461
26587
29581
2994
6402
6536
24969
9210
26555
11242
24310
32058
6564
18036
17099
27295
27912
18128
27229
12604
15229
26065
6784
29857
1056
10409
31727
20912
27426
29276
14062
7084
21124
18804
29229
28563
28702
9719
14576
4526
1254
23446
3181
18790
6511
29735
9333
12121
25520
3669
9047
8621
14855
5270
16642
21156
14206
24670
12649
9585
30028
7571
18988
19787
32159
576
11124
25279
23448
11917
28702
25418
27799
18671
10525
20263
22202
10908
10265
22886
18592
12354
23900
24126
26227
760
19695
5028
2085
28021
24320
10268
11513
4479
3975
17360
18502
4519
16682
8159
19320
820
14173
10231
4439
15453
31693
23078
3724
21179
13055
22765
27488
24061
9268
25495
27336
21214
30865
10440
17055
2644
30076
10073
18738
18698
13897
4451
7169
23313
10518
26010
9156
6099
21235
13021
6573
25160
8007
14859
29165
31084
15983
25111
20345
11504
22439
12895
25870
18991
4654
18233
26482
21861
14757
29903
29950
25371
440
3118
5721
9702
11521
30361
15494
1105
6953
6947
24609
19224
593
17021
9701
20375
22448
27916
11378
5761
11133
20286
26445
21205
31759
26655
11049
20750
17475
26151
20325
8859
18718
20054
2261
7566
27315
6532
25029
1176
31815
15346
29499
27445
26548
19236
17277
10788
8203
13811
28115
30746
10109
17118
30606
31415
11388
18593
30281
25529
541
21769
27503
28272
30657
13830
30974
20850
21492
6402
21386
30863
30357
13425
5508
6919
26168
12201
22460
507
19656
15604
13093
4898
10097
6628
4056
29629
11708
27111
25948
22477
13308
7963
20517
20867
3306
25956
8282
13560
11916
17339
17884
25630
7771
26569
15747
5879
26788
20404
25515
29700
10031
17977
20463
3329
23327
25851
7732
5071
7705
4378
18666
23474
28328
9736
30862
31420
7136
17048
27763
8073
5186
27736
24771
28461
7136
32033
5568
32619
11714
3820
23632
16680
3207
23015
19385
28446
17999
14537
1193
21717
12249
18274
9593
463
6889
20342
21426
15619
19437
30667
32465
19598
29407
27009
16455
26020
11117
24482
31940
22732
18520
21754
10933
20045
28186
17449
25100
9955
16587
11766
6463
21687
10565
23014
13203
16526
30087
1294
17562
3905
22615
29477
11514
23405
3116
5597
29809
14187
7498
15987
1302
2947
7983
3461
11234
9308
20782
5413
622
1463
30298
24875
9726
21853
25765
22991
24511
29270
3913
13431
8781
3164
4199
26317
120
20368
30190
20501
328
30827
21951
3262
30015
25590
27919
10294
12509
28734
20236
8451
20586
16642
26307
29456
26863
15536
20545
7236
19078
21904
19704
20313
14291
29502
22373
18668
14035
4189
6640
31440
24276
24714
19732
424
18373
4751
16575
6325
32432
729
5372
32748
9093
29229
26063
2124
5145
5270
28256
14958
18542
3234
26460
19294
17461
9933
9369
21417
16785
26942
13817
31927
31006
19377
3984
6235
11058
11189
32009
22185
20067
20759
25669
3592
1865
5790
6982
18824
19845
2808
21836
4469
25089
7669
27453
8748
31354
11763
842
1325
17980
2458
23504
16498
12333
14793
15740
4095
525
10191
22707
23995
19708
29663
4657
27518
15165
4030
752
25451
12089
29119
12107
17024
21447
29681
14691
20843
426
13207
4802
8095
7771
1240
28990
13480
22538
20152
2848
27579
25311
25415
24198
11666
7045
10264
2054
31863
13033
8949
27796
1694
18239
16081
15014
12983
3655
23806
1686
23236
29902
1697
1607
10536
22391
21090
12299
19457
14523
21096
16580
29368
6191
7812
27978
18903
20229
20140
17165
26906
5590
31148
31740
26568
6047
3096
18853
2883
13833
2949
23453
17374
25325
6648
9506
27632
13079
19871
9727
32039
3658
12479
15024
12318
8325
32238
14279
14897
28805
27778
21646
7568
16267
8521
10478
16274
5727
6011
17039
14668
9109
5612
5441
5731
20239
1158
19099
30238
9923
13815
13537
17087
2238
31143
26923
29460
11881
2541
17604
2633
32012
10882
25041
18944
16272
2870
16179
19107
11657
17121
8110
28153
25460
30365
25674
24568
12348
306
26105
6619
23556
11986
4731
7028
19488
24839
20607
20162
10340
12009
28427
18886
26018
21908
9245
25235
22894
3289
24211
18853
15140
5172
28488
7795
13869
3070
19840
12871
29053
28388
31366
27982
12384
16280
18579
2539
28791
16070
2290
6737
10493
15690
25954
3153
3919
24224
26812
8048
1196
24476
31445
317
4409
13659
21414
994
4168
6265
10666
8952
29145
20612
8072
19104
13665
21425
13554
5327
459
3790
16077
28905
32445
27000
10898
27026
21276
23182
4340
31937
27858
8422
23491
14869
30159
29758
784
7021
6733
17013
9618
19379
1113
19707
72
20472
12431
14982
2400
18118
37
28934
12888
12721
11307
19420
5475
32048
32272
582
4622
15019
29033
21022
7459
16597
8942
17093
18381
9788
12485
5210
16894
18975
28676
12079
23566
24447
7025
10109
19365
11896
24460
10582
14298
32722
26575
24796
20636
26324
20788
12977
30033
23896
9720
22702
11966
26149
18078
14040
39
10616
25656
31887
21431
16356
28642
26121
1570
8028
9103
12799
21896
24207
2056
8102
14237
17012
7217
2273
23303
18981
398
27829
22535
11504
20999
32253
21596
32427
744
2655
7780
28233
31020
19838
901
21163
13051
1137
26059
31160
10865
21877
21714
28080
21921
24542
11751
9405
26586
2132
1898
20172
14377
21819
27510
13722
28958
28531
9669
25362
28115
6978
10445
470
26667
15758
20015
11292
23640
16720
30290
7355
17824
28997
19275
30341
6240
6631
11009
5592
7505
1947
31886
8304
4618
13612
29928
18303
12998
15992
3776
28672
4456
27497
14762
13640
23996
26407
1151
31198
768
30604
18175
31372
16035
18649
3771
6070
5196
8615
21299
18667
17182
4896
13627
28346
8251
31086
19875
30407
31366
24692
20246
1566
27566
8380
32579
7622
14952
18609
19259
28058
12795
9743
31514
18772
4866
919
18666
29675
365
28423
24260
13599
5066
6985
56
27985
26563
13035
25328
7065
24551
11983
31375
2579
28333
1316
15327
5241
4789
17556
6956
15607
26706
28607
18923
826
29766
11497
30624
12747
3020
7663
6654
5531
32220
29824
79
21471
25002
5769
13846
21021
11888
26353
30963
25735
109
1671
17864
13961
12077
8505
16666
8606
6412
7046
32442
26215
18422
13366
27812
31742
21360
28232
25895
27016
9180
22316
11334
24073
31480
32050
23647
31357
26025
10819
1546
548
31479
14031
1860
25885
3160
2310
24013
22838
11057
5195
30926
29955
10138
27877
19903
301
27746
17400
13448
29709
23634
24500
20198
19321
5302
25549
32529
14558
14618
32299
12700
21391
11346
19426
32412
17757
23229
2660
26124
9576
31178
26870
11120
30005
24762
3680
5305
29696
24232
9961
4201
15443
12743
3714
1783
24535
1004
27458
23413
30059
4172
19474
24432
19827
22150
8106
15896
16498
32484
6076
8864
19420
21469
19566
7656
28965
29919
13326
3930
2846
9804
17153
5394
3457
25283
18429
18241
25290
4512
22649
17107
23625
1734
24929
18255
26742
12188
12301
27647
900
4437
1908
12370
5689
31861
5533
27518
14076
6544
23895
24425
304
13141
26666
29386
30400
25036
21645
22155
8187
31452
5209
6771
23971
27664
28542
29953
8512
24987
7925
17051
32698
24217
5110
32744
21031
10903
16234
17274
22754
14422
28067
31408
5341
27084
2635
28122
19256
21868
24730
20383
26386
28839
11212
23452
11679
17331
3027
18510
30842
2699
12873
4146
27197
26423
23464
22058
20816
2381
26813
26915
11518
28344
11354
10997
2254
8632
16716
24202
8720
6186
31884
8515
2998
6154
20410
5015
17509
17718
12230
29950
29388
15476
21489
14093
15413
24503
24820
19426
26969
14238
21630
13250
19833
3646
17636
3585
9130
10017
18708
12578
22129
14478
7372
3648
25999
2571
21769
25517
24094
23585
14529
728
6365
32095
4564
11636
13001
12450
2625
19926
29677
18579
27029
3743
6266
7280
18090
5532
12314
14864
397
26090
1922
31009
6592
11614
20550
21429
13474
291
31474
10237
26667
19877
30550
18259
7644
32174
20257
30334
8694
7375
20146
17202
13035
30978
12330
21207
9490
1933
31942
3723
28318
4394
6252
20586
12241
26980
11139
30221
2925
13636
24328
31824
25452
1325
7902
2137
19952
17925
22118
470
22141
19861
23376
8837
24422
1587
31409
7930
14213
32158
23637
19613
14383
23337
12374
26866
32615
284
23277
26141
6738
23895
4745
24741
13292
11576
9246
8824
7160
14527
20928
22319
14909
18672
32624
21908
16879
23929
8758
8801
14700
26005
9584
4171
10793
48
14953
8511
3307
1868
17965
3308
17978
27299
24988
4225
18194
7566
8126
27576
9693
7205
3670
12051
17310
19368
9402
16229
20847
14878
5345
12949
18989
315
12990
27039
13426
20615
26060
3035
16579
25277
22763
18306
6155
25201
23658
31598
28232
502
11877
11809
11653
19071
7505
30217
19720
26244
14549
14083
10444
27496
1243
22813
27954
26200
25320
23712
27379
12406
9640
28494
26457
20023
718
26344
15535
24073
22299
17651
24310
23098
28859
10172
6361
12821
21464
19610
5347
32334
11626
1907
1776
21664
26700
21377
2529
32436
6293
24918
1428
6213
12581
17950
12564
22658
14206
12325
1292
2739
27094
17561
12930
31264
2922
2704
29121
21806
19220
1868
15767
19404
30752
28606
20161
27917
31068
4938
27556
2070
14958
25546
24638
5179
874
16085
12891
25701
28324
23617
26124
10679
28867
1510
26197
2417
10007
31909
26150
18964
24621
11946
19852
23495
4768
8941
1833
16377
13873
15871
16866
5192
13082
17411
31447
17569
23456
15354
25496
10409
9192
6213
30870
4188
3083
18532
23511
1012
28780
6148
18414
15117
13386
32569
12075
3846
31377
18440
23311
27818
24822
11560
8194
2320
28994
22025
31048
23999
15598
21526
8498
12310
22257
1336
31121
10220
8150
32667
22640
14707
6161
27316
3331
26210
11411
27011
12506
6739
12700
31253
6490
9833
32721
28238
32110
8247
26510
25061
9082
10205
28285
20912
11153
22900
2920
14370
18919
28077
21579
21266
1417
19892
21166
30397
20299
7771
29233
4623
1282
1652
15721
18462
13556
13438
23786
17144
13709
26501
3237
9118
25940
32579
31605
13136
10013
22411
18676
14859
28287
29416
5523
7761
28808
14465
22762
12840
19632
18751
29260
20837
16908
12338
10143
13610
17604
29233
1642
8366
1991
16577
23344
19260
20157
21561
13053
11135
7230
12579
6974
2044
4161
23780
5077
28896
2775
17824
26477
1788
26393
24920
24075
13326
25182
18517
32230
14402
946
20170
20089
12536
6020
25013
20950
31944
5023
11014
10301
8387
30556
16643
4589
4860
31765
25835
17210
3656
10716
5337
16096
21313
9325
29932
10903
31377
17506
21413
20968
15469
20646
19856
19262
20831
27692
21543
29504
20553
3041
7155
12894
11687
2271
13812
16554
16404
8931
22595
23530
28176
1793
6646
9195
26880
11926
9796
4376
6518
10879
10986
14666
8371
11912
1484
22242
4970
28967
30176
17942
20935
13163
21320
27784
8368
1327
4798
16157
26699
6547
6197
23052
15296
16301
7357
24373
3648
21371
11176
3765
14662
15132
31467
19895
14364
17472
8903
3980
15522
30174
30888
21759
331
10789
4429
13794
31848
1204
11817
10477
22697
6413
6665
32201
22240
21831
14584
15719
32009
1284
20319
25750
13960
163
17521
11477
18865
23735
25542
22373
18061
11703
25158
11939
21211
13303
10825
12693
30550
982
13053
7619
21046
32313
26375
19272
21241
11577
24173
3880
25443
22809
28595
6116
8644
27003
23620
30796
4217
26323
7188
21653
24245
12315
3204
26027
11906
14537
1670
18120
31746
25342
8193
16710
2555
18944
7287
2738
30610
4330
20709
10529
25431
2466
32490
29127
16258
18444
27436
21957
15228
30077
13048
28995
26274
30835
9512
4287
28741
17539
8778
8356
10485
26258
18430
15135
10495
8520
27552
18478
16436
11714
10279
25594
4844
29831
845
32614
2123
21182
28145
28392
28099
16286
9145
23448
29658
26149
11771
19078
26670
1805
3550
11857
20662
14076
20924
14069
19530
19707
6603
21477
23654
5417
20477
7258
31787
7088
5924
4586
10406
9209
13658
29020
15957
8220
32160
1467
20455
15515
31941
12713
23108
21583
28042
8950
31181
24738
14339
25713
1253
14847
64
16894
12208
15495
2093
13033
7450
9478
26807
15994
284
14885
26160
3786
14395
5601
25589
9684
30801
9019
15182
26831
32399
9265
31125
30140
24259
21486
18843
30523
22487
31038
3143
27298
20890
32068
25728
3152
26564
23151
14925
24127
9780
30634
31035
31961
23163
17363
3584
13837
7838
9583
26461
5793
280
4764
32329
25034
28191
25926
10571
9978
15912
16286
16168
27129
3501
5320
19646
4407
16942
10708
25136
3681
24694
8944
15171
30002
6175
28892
18184
29836
10328
12958
21180
26055
486
24438
23532
26185
19049
19732
19932
12118
9441
26121
11818
8234
25456
9340
31919
11845
1634
9502
19110
12295
11370
26208
19728
13692
22574
2019
28247
25465
12038
7727
9009
1256
5377
28329
1735
18016
18986
10175
535
20473
27913
26982
662
12638
1644
12742
1050
21539
615
563
29176
26713
15001
20576
9065
32608
30129
6095
30515
18685
49
8076
21125
9900
17010
18459
1826
2360
30696
30127
25793
19592
27560
27293
31156
1468
24103
9743
18121
30585
30789
6909
27246
8320
28554
21337
1816
6278
16303
21386
26853
12096
7520
21020
11904
445
1600
6070
31045
31224
4654
6988
26789
27822
27079
11925
25804
18797
1579
20160
31874
4334
7684
28003
23119
1444
25541
17844
5347
19093
31024
4603
24244
25705
15387
13639
22761
20672
20595
11616
3447
10185
2945
24830
21642
31761
9324
7736
10534
27800
19968
23871
12558
7466
7597
6988
31717
2284
25555
25047
15763
25398
22845
19978
2026
31392
17899
11381
18314
21088
1300
32003
2049
26067
2667
29485
17207
19033
19618
18029
16394
9062
14636
26358
17461
7382
5448
27298
7542
24449
28731
17964
17904
13328
2780
9887
10190
18447
22614
32526
17449
18755
31786
7814
16683
19261
26995
25153
9077
11055
1902
22556
14015
26111
32569
25931
27070
5274
5851
17740
8523
651
15749
29977
18113
4812
11544
24226
5543
26331
17638
22650
27791
31761
445
19921
9533
13104
14114
8866
14348
30267
28122
10285
11918
28810
2991
13736
10611
3357
10352
14642
32172
12081
13370
21768
11472
22801
21238
23803
15550
13615
4387
18466
12932
13683
21974
27340
13439
15571
13822
3256
6084
1828
3309
12169
23743
17199
32276
6516
24346
4872
17422
30780
15584
26267
28897
12384
14563
25736
896
11411
7259
21809
30356
16748
23503
17424
11387
31071
825
19279
23697
23788
11621
15762
26031
2838
2714
8728
10738
13847
14972
14082
22462
22610
32049
28146
17410
13705
32707
5848
14781
31824
18373
11529
25281
7105
570
31378
11703
8562
14770
1483
21859
13220
14262
32047
27945
31677
5478
5482
5840
5369
16225
3508
17799
21340
28901
20062
12837
30443
27192
21930
25781
7963
26182
26336
30514
4746
5003
12190
30095
12013
5171
22384
32506
5449
18816
11680
3170
26215
28269
26960
55
9090
17809
12229
25457
1858
24133
21766
29651
27374
13577
2726
26481
3037
13092
28894
2416
17709
20875
15839
5133
4536
25348
28517
27616
27204
18827
14992
8290
21498
6901
11760
21934
13082
30931
14814
31620
13804
8089
4883
30099
27642
28928
9075
6392
23932
32168
32042
8962
14100
20994
1018
3384
23995
2669
16595
25245
32507
29343
5029
31282
29024
13383
14194
15037
31017
22768
19623
19401
17730
9001
23980
22510
14455
739
4538
17490
21218
10522
493
368
20389
32440
25754
22808
19167
694
738
23991
984
21380
11399
24281
3967
26539
7679
1772
3863
14769
3271
1607
16173
27452
19962
28523
29389
9083
19234
10376
20213
11458
14670
5699
23114
5492
18021
25526
13578
22566
12473
3000
3394
20225
31967
1887
9025
30312
15807
17860
29260
17115
8935
20742
20883
3612
16677
17554
8548
24464
18772
30881
22687
5095
8566
1794
1642
10240
5123
3353
7205
11014
2433
20264
5025
7136
85
8397
17804
13768
14041
14028
1072
28729
15278
17935
20062
13839
22612
5099
11940
6122
2551
23461
6854
32211
31884
11573
26476
7202
15389
10569
9241
12190
4193
16013
29532
17639
13968
19498
13130
3857
28021
19852
2603
4498
1989
29545
11124
8542
30895
19967
26870
336
3764
27805
25684
7628
20665
5732
29882
11171
12635
79
5324
11830
3202
9329
27869
10463
9017
7806
19810
32652
2493
12685
11686
19117
15315
23324
703
8785
19295
5973
704
9355
23859
14992
10288
15131
26661
1048
2491
25674
27236
20018
23080
790
2316
32603
9355
31375
19959
8402
6332
6273
30679
15958
31751
4947
4225
29489
4645
7983
15756
18549
4715
24164
32539
18566
32066
12552
20727
27608
26071
10209
25057
17146
1044
7814
21798
468
8910
16577
17011
20525
15936
32568
26603
880
26296
14156
17015
9647
15248
4674
93
28136
4704
24480
533
3463
7794
28378
23896
30509
11382
11310
5753
688
18039
1229
1016
4707
21518
22075
4181
7575
2774
27896
20002
17505
17183
22112
4700
20638
1255
2512
2299
18485
24838
11530
30664
29852
27304
30683
9071
926
25856
31483
2773
9563
31035
20020
27819
19344
2227
27078
19268
28184
28518
12043
25251
30899
19110
25687
17625
17927
6162
10274
4238
19428
16580
8041
30173
23756
25804
25425
32101
8883
31453
29198
17820
14083
6215
9987
10855
31715
29989
32298
2792
6841
216
9911
8599
19437
6836
10488
8853
19441
17144
9088
5181
8574
22532
25476
5627
6432
13254
23685
2401
6644
15734
17199
20855
14256
17283
20354
7251
9701
12749
27183
27370
28801
30740
18757
19238
7576
13488
16396
30777
7268
30595
17969
21808
9610
12589
31268
30155
28830
8830
8895
10636
25322
24625
29736
15630
7019
16087
7160
26008
29
15121
22685
2802
12409
12802
8189
25463
315
32260
6491
5740
25960
19354
28287
22672
26768
15015
14353
14068
7760
8157
2375
1037
11036
31351
24256
6920
19003
29227
29871
27997
29971
29018
18491
3751
4007
12171
18470
12979
15966
16407
30893
20951
18694
31013
3760
26501
12056
18137
17939
32543
20798
16073
30564
781
21522
1969
12478
526
8233
26983
21997
24267
9040
6417
3026
7602
14101
5525
29449
17665
20618
10321
30154
801
23877
24077
11533
3894
29099
3117
8434
30708
11375
13867
26719
21684
29525
26437
27627
3271
27964
21619
20475
10506
23899
23196
18986
25530
17355
11529
26095
27274
26437
18458
31866
1779
11310
31800
25566
8396
23760
9482
6517
20250
18155
24812
27520
27433
21100
23709
26127
23004
30076
1847
1825
32577
10684
16997
32267
4200
18127
25296
31262
14198
26138
5338
19588
15861
13255
31119
24939
12654
20752
4056
21606
13882
11194
15858
9231
31893
28383
3871
18674
3060
28913
31132
13222
22681
17148
16594
30269
22372
17707
18384
7391
1004
25742
26617
31153
3278
26138
8186
26619
6725
25330
12032
19083
25339
23013
28711
18772
799
31287
2613
4699
18872
2980
18312
8660
28729
6050
10829
21895
28757
14311
4339
20345
27668
11819
32479
27593
23591
10543
23906
19928
30841
23294
18664
18604
3846
17522
15986
9879
15600
23035
15686
5139
15823
26012
12516
12785
17737
18998
14141
4787
5860
3081
5920
10038
20503
17016
31477
24212
6311
22284
17325
32072
11569
13756
2041
28563
30722
21100
5050
6943
11311
10163
31673
29667
5859
4833
6553
22598
6899
12609
1034
30855
2744
8859
22335
19804
21533
21757
24993
25049
13047
15803
2245
29844
23957
9141
31387
13319
24472
24280
32489
6709
5893
12520
31992
11153
1945
7036
2446
7451
30813
22346
4379
9676
3962
20644
29239
32564
24653
19779
7244
22882
8126
8004
1680
17924
29390
2416
4919
24271
2928
14528
13030
11041
1946
30496
23658
2277
18075
31604
11434
7352
10415
31449
17114
3401
27857
24365
11506
3590
8400
18129
30815
31989
22437
12717
15096
6111
6660
32629
10291
3252
17713
9003
1689
26923
19477
12262
6519
11689
3729
8913
21207
1892
15122
3702
25006
30152
28262
2877
28759
24346
1486
4399
10048
22619
22356
7936
18404
9327
17502
21069
29689
11902
23172
21794
29930
923
30367
17599
6023
4003
7714
30108
28668
8552
686
14506
6655
31247
25568
1500
18766
27575
17262
12262
15961
19292
8050
1349
29499
14842
9989
639
5359
2293
7440
31148
7361
15800
23903
21301
7682
30876
14327
19420
7168
17164
5802
21500
31798
2280
8424
29714
26815
16678
20952
23165
14097
2495
13479
30338
9959
15049
15137
17555
3455
13536
25214
12241
16646
28363
6782
11471
22609
1629
8888
29081
4813
22680
21038
28405
31929
25881
32038
28392
9106
176
27957
31868
28367
6990
8093
30913
28879
7460
15833
274
17424
7945
1141
2713
18593
540
3107
22294
21978
10923
10508
9947
13386
25172
21604
19483
29681
9578
21569
869
29359
24475
5549
13676
9981
23503
27897
1545
731
27474
12373
21635
777
2102
24734
4365
15994
30451
21623
2960
2566
11089
6555
8107
1119
29832
114
25081
7750
13477
1506
12946
29439
10031
3943
22740
1282
31499
11622
3171
13043
17309
22462
3950
30932
1328
22689
15924
20858
24728
22946
14279
19517
8725
18190
1040
10996
14203
32128
23316
7201
20880
30128
29045
25960
13494
25228
28220
4678
31946
30090
28117
31487
22603
15676
13915
14296
32447
21029
279
21639
26194
17867
32067
22504
31937
2061
28691
29681
26486
14007
5622
29160
3829
2900
10521
11987
31094
23363
12588
15409
14547
24077
106
30951
28581
11766
467
13949
12714
14034
15548
16010
17259
1818
12682
19565
32027
14143
29627
20286
21697
23358
9510
2053
21402
12917
13955
22569
31416
2485
4397
21547
23280
920
3623
28307
25587
15125
24157
20267
11963
29777
18477
10860
18217
20408
24102
11574
14572
13133
4880
20676
25508
24126
20268
10974
23111
23228
27325
3664
20932
16905
12742
3996
25319
1747
21782
16876
9085
14784
27778
16458
23224
31818
28274
22291
21717
5581
16543
25001
6651
24286
17946
12393
3175
30431
3729
2781
12742
30672
2766
8754
11234
7272
27264
2028
9345
3173
1854
31960
12426
17184
201
11330
28266
17508
28305
10089
25526
4992
19067
13616
24082
8347
30946
18966
23377
8264
4572
15464
15582
347
20414
2230
19034
29946
18146
14979
18310
15607
19111
19776
8548
13405
9146
6524
30361
17992
31636
8789
32534
18170
8516
22322
5879
25388
2927
7604
28843
6562
15253
14313
12886
29442
26261
23235
627
27622
1652
2249
18366
17712
14682
1293
8273
11934
4573
29278
21517
32670
15490
29374
17979
29283
7809
23319
10867
5432
20937
20265
189
26132
8772
22983
7415
19567
28764
21827
15735
25941
7358
14375
29937
21945
24926
6693
27546
5899
15291
1361
15245
29197
19556
26510
27758
7138
20411
14406
21070
10599
5113
9823
21455
19655
4210
25194
23433
4426
539
22813
30892
2414
12617
29187
29414
9017
17595
9842
21895
5837
17883
1214
13795
9021
14913
29612
14583
3487
30329
18985
7248
5731
3590
3900
17961
22755
1190
30266
8404
18746
9432
27449
17755
17498
8092
17350
14694
26201
22906
26587
17503
6924
2245
1803
8149
7383
2337
11776
1822
21955
2115
20519
27201
22225
28664
6570
18451
22927
12649
7583
29599
32744
21917
13439
18635
17984
30527
7897
5177
23489
2466
16455
12908
21743
4354
1698
10796
27779
12301
20850
17963
18038
11937
28072
29160
26972
24024
31120
24020
25075
32066
17665
11956
17660
1393
471
15430
841
31675
22690
8999
17432
13115
13728
11764
14751
7961
25065
22959
9192
6667
15594
31077
30175
18204
10772
15630
20650
28589
1749
8117
18744
697
15560
217
11293
6493
17449
27922
13213
9367
10891
23032
25606
10318
29133
22848
580
10130
23370
1832
22703
9766
29520
14358
15911
25403
28884
10619
4963
12671
15715
14846
10886
4182
14684
27863
19699
27239
4189
15480
21347
7515
12795
115
1077
12001
17078
27288
11269
21238
6443
24413
9343
10083
7052
11652
15733
18567
4430
26871
15408
9046
15649
27895
25860
10402
21285
18805
17191
17818
8027
8128
8900
17808
28762
12897
29002
255
6723
11331
30730
32204
9718
25368
9473
25804
134
6391
22002
28807
16107
330
22969
14651
18935
3303
7131
548
1676
16765
11873
27643
19979
8242
9703
12477
19215
24458
31728
19629
3676
31883
27516
14492
28690
26399
31709
6504
4391
19897
11718
2243
4371
19515
32421
23349
19405
536
13874
1892
13303
21429
12872
4756
7509
23318
9461
9834
2948
19382
30925
13301
22761
19894
20355
18415
18919
5178
20154
29759
24661
13073
12056
29379
815
30612
16796
25933
20107
18640
24370
22251
8143
21223
30341
25196
12834
435
11285
8735
24352
3757
16521
19678
22482
9741
12614
9291
27101
26419
18240
6234
9465
17478
2064
17424
29861
1307
15688
10122
538
29016
1539
17216
29309
26073
9920
30859
21848
22866
2928
21349
22347
5174
12237
8560
3327
8152
25070
31291
27228
12497
4888
7360
14844
4257
10968
17969
10463
19097
4174
26100
14944
8184
24012
21228
14439
1876
29344
26106
29665
15163
22317
7619
26989
7195
10049
12212
7768
26975
30370
10820
18892
5595
25578
3193
7748
15210
19861
30382
18243
29141
23897
22675
28486
3319
23990
16501
25079
1567
3533
12224
7843
5302
26485
6338
28398
14882
2956
27057
21958
17641
18571
18672
27285
3866
28509
26254
29883
31721
27250
1808
23355
30873
19215
11120
15540
1183
16616
31333
17300
1284
12272
20197
2696
26379
22640
4072
9527
22036
17750
13680
8495
2240
29904
7878
4895
26966
28442
7686
1096
7525
16277
23773
21550
12459
1048
32402
25235
26422
1674
9027
5541
31433
5297
12402
4215
18305
2629
704
11694
11192
16713
27895
4733
7978
23707
10318
28115
17750
8393
6633
14290
32552
20262
4512
1412
16340
14109
26113
17609
10501
29126
4504
29844
12855
31671
13678
11607
24417
8477
9423
3516
19160
28683
24144
24470
1648
9489
5649
2327
6116
17937
13632
7747
5240
24398
29406
9892
8156
5830
27078
27456
21076
2498
20459
24776
18966
10411
13025
530
27635
1311
23967
11977
5946
17988
19331
25188
20698
14172
19606
22356
10694
9370
16146
27266
25758
31284
545
21240
7819
22970
1512
478
32619
6566
7364
16041
13614
25396
29139
21391
15999
25204
18615
24126
18599
15517
27286
6349
9391
16548
25701
12019
6085
1549
31335
29559
2786
28162
29936
2535
23977
15010
10863
22669
24721
12443
27307
22175
14918
30459
12109
2742
15437
10563
13727
19841
27367
20413
26003
9403
15417
12816
10759
19034
21161
14354
7751
13322
13963
19677
13524
11993
21245
30757
15204
25396
14863
8649
24617
21778
29736
13223
7254
13423
24229
3509
10208
4604
24002
78
23169
19477
26046
16585
7683
18419
7994
3152
21947
19235
10979
27887
24404
2358
18512
21740
4302
14779
25645
1111
22469
19050
20890
27873
24055
418
13006
2034
22273
9494
21760
21237
23401
30915
903
26103
29921
10789
5696
22640
16330
31658
16176
26720
17912
17511
23402
6046
30389
6153
19251
13165
24584
11023
5477
31313
3383
18231
23057
21537
11914
25654
22632
20572
28242
14508
3036
24256
5930
22359
9346
30233
28541
11399
24251
7512
28232
28626
32275
2788
11553
24072
28521
20021
15225
20330
22097
14238
14110
32278
2486
29290
19971
4294
17348
1323
3396
15802
2308
11343
8549
6643
2761
17140
27611
26786
2252
11774
4557
32480
30227
32102
26651
3999
25879
14292
24736
29665
32549
1137
23732
17192
2821
9974
2293
20525
18138
522
9800
24020
6473
5066
25626
8288
24029
8361
12268
24291
20650
122
7694
18681
23857
16843
20394
21686
21636
6005
31237
14557
20139
17521
29442
22355
15173
31213
26344
11219
25970
23455
7012
4834
28401
7770
25554
32006
1670
29919
10936
25139
23967
16117
13459
2438
8502
11964
32727
31030
31225
22590
26161
8903
22441
24391
25359
8064
3008
14199
9058
4384
30550
10901
17058
31437
20549
6438
22803
9805
16780
10558
16200
27000
27377
22423
10981
24557
1003
7904
2217
27909
9662
10583
14251
6661
232
16538
2531
9368
444
28602
11757
20860
10317
2962
26122
22395
6029
5463
12392
30365
8118
11120
17571
3996
18409
31879
2699
20376
6933
28896
28200
17420
15387
32233
13563
27393
1328
22547
14471
4993
13954
30433
10768
8783
30750
7998
17315
3797
13073
26644
2646
11358
1485
27930
1489
4997
22479
9198
4365
16365
20607
1891
10332
13875
13656
3356
22698
17953
29512
6490
13314
15653
22362
25874
28500
7425
14994
2627
3445
10947
9496
10886
15207
27128
11418
25575
16859
22557
4587
2035
12276
31830
25072
18706
9038
8035
7612
21015
20799
16335
11770
31766
13660
5738
9611
5749
2367
16122
6001
30022
27016
22830
1004
14804
19490
13779
8418
2428
11208
25674
388
9919
3271
13370
24879
8341
16133
32642
5520
3075
322
20594
27660
31727
27038
14394
30303
11060
14171
27042
2691
3314
29157
27644
31187
14119
30991
31319
17264
23428
27296
25334
17892
17017
270
31489
13317
31891
20361
31353
20764
15879
32571
21617
14407
6287
29135
24444
13084
1908
27952
25186
25487
492
13459
22807
17686
1959
12983
1517
18699
23461
6507
8968
4689
24906
6738
18450
5178
20404
7395
22577
6312
12108
5555
3126
29043
21915
25335
27928
22795
21344
21060
21152
18015
2271
13210
14949
14333
21627
7585
2811
14970
3975
18226
5992
11796
19802
6681
30423
3990
4257
25370
1169
18556
27386
17202
7208
19032
15038
17950
26101
31092
31517
16930
18373
10937
23153
25859
19920
14543
2764
4693
8171
29830
211
30461
22270
29813
5328
30190
18103
2017
14850
21046
3968
20704
16440
14910
3247
18877
21406
6221
29437
14751
11990
19535
13114
23654
13130
13013
30015
16854
23489
7516
16163
10231
15665
8146
7346
21691
2516
22358
23322
13026
19070
3648
11496
13851
16942
24929
18995
19052
12259
19084
24855
21203
25265
13396
27238
31534
21523
31512
13977
24920
15491
32573
18189
22933
22088
11451
18284
21040
17040
7131
15208
6754
17598
12095
13488
4214
18437
21282
9500
31531
25398
16865
8491
4698
20182
29114
9904
31448
372
4052
15304
14750
26169
11392
31247
25127
25025
31935
23060
1050
6441
21764
21258
7209
12138
16699
8896
3129
27877
24073
20947
24259
1343
22358
18466
22906
28526
12297
1410
9006
1044
14098
21171
240
22028
19886
32403
28279
31043
25318
31634
5570
11210
18521
29030
27135
5417
17468
5888
27052
4085
1183
26814
19452
12709
22514
3810
7548
1185
20167
2115
4086
10396
10970
27970
405
19748
16206
24320
32587
14967
9785
30414
18032
23705
28515
18917
2476
1187
11339
21848
32022
21598
32107
26182
28061
2064
1213
21076
26536
4758
24958
5210
12537
16307
6450
8541
6615
20648
4584
2494
26988
18181
447
15024
26988
20926
30633
29679
21751
4225
24943
17840
11969
8519
13046
10963
17008
11306
4800
4960
21829
24950
12213
29489
18943
7682
9252
10476
15356
10689
2565
20789
21922
17556
9345
23073
26109
30050
17076
27373
31145
20331
16305
29680
31475
8665
17350
31438
7483
17816
11010
30447
6045
32104
13557
21039
29392
7217
25015
25047
28237
26006
8236
27597
16564
23756
12677
3079
14188
30125
26122
3653
31114
23560
5911
4096
29173
17724
613
32413
9415
5
27275
17895
29686
13973
8389
17084
5939
5863
23539
19974
19218
21840
229
29678
31596
15703
16341
11084
27906
17606
11061
8545
10850
21761
11180
28104
14351
16023
30043
17066
21468
2839
25188
27954
17305
8485
22189
14912
30449
28364
4321
4962
147
3606
3256
26624
10896
6106
23161
14038
10756
6358
4029
19367
13817
23805
13685
1328
1416
1298
22318
14172
31041
6774
6036
32182
29646
5439
28213
4643
9682
2185
29320
31697
20759
26897
22574
10859
18153
8704
119
20879
9661
27652
17704
6273
6679
6821
24700
29217
9898
21463
5736
12570
14272
26059
803
11357
1500
12043
13030
1998
2974
19654
26353
30012
4840
872
11214
407
7487
5486
9433
16989
11124
31865
12544
30550
10371
14497
19656
29825
31675
10763
21904
26702
1567
10430
4634
21005
3853
20146
9287
15527
25629
10282
18466
4492
12364
15940
1056
6124
20058
12239
11943
29738
6768
19548
27852
15246
1798
26008
3681
28730
30980
19161
27439
31071
12071
8950
9600
27568
14503
6236
30177
13847
16151
2910
25637
1703
10124
16077
4525
31699
20225
13001
30951
30173
26106
8662
17941
7313
12136
21555
11600
27954
9933
15719
25036
25781
20896
6172
4701
6701
16371
29744
3898
23943
83
27402
32002
11895
2800
28202
14588
8114
26622
25604
21155
31326
5466
1807
15970
13766
28529
15129
9628
5971
8542
19677
30703
3768
24658
20439
8634
8812
30265
3671
3036
93
24474
16341
18623
1763
191
31108
4758
23026
13847
3369
32482
22677
17368
18990
2875
1687
26856
21746
26445
16003
6398
2148
8225
16336
8709
5584
4254
27989
16577
22265
15183
20483
26804
1639
29030
12754
17219
20994
27393
25852
10773
31712
13485
2922
8380
32092
5672
29291
4503
24680
22124
22188
20982
17188
232
9317
12672
14767
4113
2000
6354
572
8473
25055
31593
16233
5374
29998
8386
11469
17095
24375
2239
464
7947
12741
28493
30400
31922
16555
13124
8225
19199
30645
9359
5188
29903
19679
32140
3867
17691
8901
2997
2123
29892
12123
19329
28547
17808
15070
31621
780
20079
19210
27359
29858
23812
3726
1748
20611
4192
7357
27576
23237
4369
23942
32014
22252
2651
11686
18673
28092
18629
4892
15027
9548
8664
5597
24771
8028
2339
4298
18900
4584
30338
3807
15675
11774
416
2221
21145
26828
22203
5642
11451
23293
26791
26631
23486
10822
1046
7970
10871
12603
10262
20925
23314
22888
18395
22223
5880
23453
22975
10458
5623
23177
22407
29981
16541
2954
5096
11018
20964
25028
2378
8186
15381
28529
1483
6944
21734
29047
22663
23995
3301
14656
25623
31632
13850
26822
14935
6040
7656
13549
9580
22774
32309
8726
16902
11307
2507
28401
3811
9357
6141
8594
5525
4598
13197
27336
4228
7865
4301
21418
12854
2522
12037
26994
29134
20862
10517
23439
211
24992
31067
16373
20019
6918
13527
29112
14984
18035
397
15833
24985
18463
19499
21088
7460
10084
236
9130
9435
16058
19388
15365
28588
10213
9117
10618
14917
14445
9545
32234
22232
8783
281
5469
10779
3314
37
5782
31124
14940
25773
25067
28435
3238
10680
25171
30080
32685
26106
29889
21206
27403
22011
22960
9072
8262
20854
25855
6788
14662
12287
24576
11245
11021
24809
20940
813
28834
14951
8665
27570
25166
17393
18638
3672
3339
32746
917
10288
7738
30847
15538
7808
14228
5074
8148
5130
16227
29528
2986
25489
242
25215
22008
9114
12610
6293
5610
6000
11262
20965
26792
12650
31921
1059
25642
2672
2103
12810
11342
29372
27250
8771
24104
32734
23614
32137
17817
15363
13734
6155
4387
23158
24664
27153
30715
5479
20054
31715
1632
6380
18671
18663
1068
8005
11246
24073
10665
8804
24849
14175
5797
18093
12220
8461
16329
25338
13551
8039
17958
18914
6006
8790
27921
14395
19551
2045
8753
3293
32689
12956
19414
11689
30043
13748
20876
15818
30315
24172
4849
2363
7808
6963
16579
18825
7554
1703
19517
10203
16784
6581
24740
8239
23866
18690
6941
10726
24049
4490
29889
18819
9915
14472
4851
28592
812
17045
29169
18818
18065
26131
7594
26109
27502
31948
27856
21723
18219
14551
29229
8841
9738
8380
6202
21875
25436
5847
6894
20609
20981
28674
21460
16097
2269
23918
3168
27912
26696
11730
19075
13043
27336
10696
19325
21427
5826
3955
8435
30248
9247
29030
9281
6925
10819
31937
13329
13364
27203
27293
28717
16659
2386
8363
26513
5248
20349
17687
27845
10169
16025
18867
1129
7847
5497
12881
8721
24932
4964
6768
10068
28410
4037
15900
22816
19822
14885
2575
16208
15101
5719
30492
8833
1189
2290
13518
7201
9703
2053
26444
27848
5580
17413
31871
3276
25894
23818
23671
11024
4632
30779
30987
3612
13528
18823
192
2931
27060
26007
14573
2336
7251
28672
17180
15763
6206
31164
20914
8619
670
9179
4051
18708
8520
23158
16512
5331
4854
15333
22786
29727
23767
49
6796
10099
29003
29900
28444
14817
5095
24704
3490
9385
16064
25510
10596
20746
27878
10392
12449
27736
28206
30825
24180
16975
10293
2003
9212
4519
26785
4208
11450
3816
11434
2605
570
2432
474
6397
4854
26387
25616
714
8311
26898
15563
16817
22717
28815
26533
1646
7905
13392
24606
16149
18169
7458
31899
30212
18748
15471
23215
7445
12391
4371
24728
6424
18271
3692
30733
8576
18967
6576
26167
18524
7604
29060
25853
16009
21487
13258
24964
10278
32187
30138
1014
5449
4392
8756
25731
29424
26248
4692
4518
2107
4304
5192
19370
21464
5441
21598
6508
23998
17991
23649
6754
20766
17825
7462
14812
29334
29122
13922
10122
18089
17015
28862
14655
31852
22731
7726
6644
28801
17960
21630
27152
23625
20158
13870
13543
1366
11048
15743
24448
287
3405
15822
29851
24824
27781
3873
29170
23105
23806
6144
31424
16093
30301
10630
4992
23014
3496
25015
19191
1182
18019
2068
29812
1961
16121
6253
22359
7290
23646
28663
30672
8972
30963
20638
23785
24530
31402
11932
30663
22000
5226
31819
4140
4523
14005
26679
23105
30494
29576
16760
6547
26927
22914
30271
30043
23746
2633
24750
25090
11309
4138
21997
17380
16107
14079
11130
12117
22932
27734
9920
27105
10764
27343
2796
4312
25595
13510
14588
2315
382
8754
5656
7120
31773
1485
11302
25932
4604
11638
14489
30705
27477
16851
7561
22853
13349
18746
26889
15333
32294
20946
26293
6858
32510
1781
28554
6604
32438
13785
27643
20324
2669
1392
15424
23478
16206
25996
31474
28879
16831
31047
19925
12331
13531
162
14581
378
17955
1388
10228
18083
8560
20326
8610
4362
24877
25508
22990
15375
20162
4918
5468
4311
1875
23816
5272
22350
22699
9991
30666
30828
27251
4741
21003
5560
1960
28639
24150
14859
7244
5469
2786
1943
15195
7513
20143
1831
16640
20388
32095
31912
25865
14885
3400
25833
20889
15555
967
159
4636
3206
31703
4268
28288
29176
31458
10145
1699
18130
2007
13441
16903
30420
14460
10952
26573
2037
10502
27563
29409
28092
4583
21666
30322
11246
28647
5924
9893
3177
29302
15793
22922
27728
9280
534
5199
25704
515
22765
30899
20674
29597
22115
9918
31643
23402
20542
26287
28544
12236
24862
12087
13494
21259
12546
23524
32216
7520
9999
10208
1986
19788
26765
16603
12462
21038
18739
1606
2717
9493
4260
18626
27897
9171
14649
7640
18808
8787
3073
7146
18499
9772
15878
4713
28504
117
29394
4681
22828
14812
18482
23218
16021
1266
20282
32249
22504
10953
5769
21198
22878
9665
10703
1463
3773
24223
10892
24253
23092
16351
26138
3940
6790
4940
3309
7393
15467
24013
28442
14984
31539
11650
25110
10372
5292
3599
13248
27338
29766
5944
20130
27728
6517
18863
29556
25209
15703
11817
11234
1236
31639
27319
23184
27911
657
16980
3162
13062
3766
12986
28384
6537
13618
9339
4162
24252
16845
24908
19496
1336
11279
17572
2566
10546
26536
23174
12446
13810
5135
24730
29382
3975
20328
23939
22891
1210
12459
17005
11990
7488
11523
19173
12078
6196
27764
3822
8766
11972
20929
31569
17017
28458
14733
9268
5435
17374
13504
9710
6226
31497
16940
2074
26813
25149
19313
22250
18099
19044
26909
26303
6888
2039
12824
30198
24843
17265
6720
8452
7059
11778
9296
23749
13499
28295
27398
27409
28875
23226
17797
32145
21914
20646
2808
31440
11089
17503
14712
6549
31345
21999
1072
18033
11032
915
3262
1940
10624
19496
19421
21220
13256
21984
27969
2641
13559
27961
8899
4706
20798
28720
12990
14100
1917
31153
17849
21221
3081
24915
14150
27692
16557
25410
28201
15531
28142
1148
32701
22375
8595
1857
8852
24760
22117
964
13406
3228
18740
31015
22284
22352
7962
27302
26933
11298
16644
23827
23992
28289
4205
18562
13987
6486
22893
21061
10067
26775
9715
25371
8669
16664
22094
28068
21421
19109
8947
31000
21869
28751
27514
17465
4649
15107
30441
5254
10672
14945
2357
1458
21053
28618
29190
27988
32086
28603
30907
9952
17397
11610
18862
23510
24038
9295
18617
7225
10352
21717
27897
23363
55
17937
2513
9303
29281
674
10546
7223
2296
17273
23322
8823
13967
15595
7771
10034
9513
16900
18078
2299
27734
12831
935
3862
29343
25779
28123
21481
32292
1904
15359
13229
14468
8843
1602
4969
10749
14166
14974
5153
28629
11539
9659
1610
12792
10
14069
12674
7138
26329
24351
17534
23743
25100
12903
324
29393
27117
11964
31130
17939
11933
19341
28606
22044
7780
14036
12119
32581
9798
25428
29356
6926
24791
19486
10260
32702
10064
4442
11181
9034
14561
21060
18769
25976
27721
26741
6854
17732
8101
26724
5685
1411
23173
2860
24798
1222
22085
26000
14857
19585
24731
4156
4672
7021
19564
9549
8891
28458
25828
14100
6428
20777
5829
9239
11101
27337
17407
27737
10246
9408
30082
27612
22179
21949
24400
7779
15477
17484
27350
20604
6504
32761
15228
25022
12613
21944
24955
31824
13609
25476
12014
26027
24886
3911
25389
19616
8840
25850
8278
14492
22890
8205
24364
32299
3018
25609
21797
23739
7147
26740
190
10659
22362
7157
20498
11363
29219
696
5547
4141
16964
21524
16280
3749
20322
7019
1215
14310
2747
24658
31861
31685
17244
6642
21580
22617
10900
29102
6188
20923
31912
6407
16550
5898
8648
14012
31620
30898
23362
12085
25253
5102
20726
19489
5384
22412
4874
1887
26150
17905
25567
32026
6021
6236
24131
18745
20618
10095
19432
21494
18575
15595
16404
20940
22325
12987
19099
31383
24315
820
22283
15351
17936
11931
3110
27381
29030
6631
16277
14569
30216
19145
20954
28571
29869
9450
1671
14504
21389
3188
11437
29735
19059
4563
11160
25229
29972
2749
18361
9678
24479
15471
13284
24005
16789
31546
17084
25558
23259
25407
19563
27090
9998
3703
7318
26
23318
27638
31887
18184
24830
7280
11725
20362
17922
30716
26778
28432
20202
8472
13068
2729
9879
18669
9270
7528
23260
2261
26527
32269
7055
29979
5364
10209
28639
19714
12281
2786
21991
27656
25797
10016
132
24683
21551
30567
10084
19181
1156
28446
7520
27604
19067
3951
8460
310
15978
22441
7052
23155
4537
5346
16809
17667
22679
21728
19236
13938
7149
58
13385
22440
18320
24506
15816
21870
18619
4358
7873
6702
28860
11903
7454
21754
28653
11882
37
29136
31974
15694
4429
26397
31729
6044
8017
31871
15039
9877
14212
28367
5209
25705
2404
5471
4440
19356
10353
27776
22617
21934
8256
10568
684
19707
3787
14994
10572
30176
14603
23365
15892
21279
19913
6618
1327
2437
19121
31000
17105
9930
14248
3618
28964
20408
11359
16308
4742
6543
21544
2730
29681
4777
25609
28610
29626
15962
14095
28322
8319
2074
1253
12829
17499
29158
26277
20914
12379
483
7662
19541
23606
13125
21047
8307
11832
28271
14435
9520
32640
19547
22677
2291
12395
10557
26181
6436
24912
19043
24212
14132
9070
7008
24796
7902
13858
18025
30092
25005
9310
11263
14131
15295
22102
32207
4570
9672
27516
214
3223
18521
28847
15048
20831
13411
18095
3763
26396
1271
19669
3295
20991
20047
9217
31226
3608
32274
7635
20849
6180
4308
11294
18209
30886
16604
25753
3119
1337
4651
27864
23348
19492
24506
25211
3998
24111
19970
5030
19539
27317
18113
7089
30103
25083
25084
14368
559
4544
24640
27093
26566
28693
6702
13956
9873
2159
2359
7784
14383
16123
19875
6708
26067
24113
21976
13645
18852
8876
2777
6198
32612
14649
9741
5963
18512
25390
5186
6579
9800
13565
2545
27792
12848
8968
11459
22136
12694
20663
30293
32553
12181
21960
13368
32632
7417
28135
18749
11659
15267
18047
5103
31048
22832
24271
7776
27917
7381
11840
31529
9890
27789
1270
29612
23660
11639
23205
27548
17123
25465
32678
7616
26182
29738
25674
5619
19597
4335
27246
3184
29599
3172
30031
1612
32709
7933
11168
24388
11870
24301
8154
8377
24789
28486
21204
18937
21457
10850
17555
28096
22187
19331
1891
18687
5925
23478
2342
14043
21849
26109
1773
9721
5103
13996
24261
29433
6291
10772
13268
19520
20646
20063
6308
763
28212
23739
13246
28000
20775
19899
4731
15927
4282
3321
7703
30106
14640
4097
26375
20217
4549
21610
14988
20577
32485
2374
13961
24317
21660
26557
20370
31965
11598
32500
32069
5110
6312
30516
221
29290
14038
4168
31236
23562
5110
24358
15849
21785
22477
3794
9363
2643
7609
10368
16501
31278
2279
9977
13378
17248
26822
22847
6914
15521
444
22644
13926
14770
19991
5368
22360
8606
19270
16082
13527
14912
10057
3409
9474
19717
25190
10738
27762
2292
14622
17029
6093
17899
27231
1676
5016
3371
11771
5092
30285
2838
28505
5799
12462
20024
8299
8272
6232
30597
14559
31264
155
16353
13722
30401
21897
30438
11362
1834
27981
24289
18394
5826
959
2589
16308
29384
5173
7525
8482
16626
1435
7108
31629
18772
23750
8079
17802
6020
26885
9381
3594
14076
7929
18422
19920
3775
5543
8258
27945
8256
22988
5155
20951
11647
2928
20814
2382
2677
31166
18710
25379
7602
12563
22066
4033
21573
12117
28607
5982
3292
12934
3465
15661
15916
21913
8582
8917
23699
28548
19107
16419
17148
26774
9411
763
8964
31243
23045
11157
16475
3038
22854
14566
31596
9438
21992
31067
28480
8452
29905
5069
9887
8708
19126
7346
11385
28194
3993
2960
31621
12615
11152
9400
4392
21588
201
11056
10136
24246
5835
28401
23361
5691
2814
2898
16232
20771
27246
27077
9742
11899
22732
23745
7959
10406
10422
26367
29355
13885
18743
745
6877
27929
11410
32336
138
23469
3131
15965
32644
3225
11815
32714
30192
26749
3909
26449
25325
27147
5965
30309
22647
22625
14776
14369
17546
31637
10255
14974
21898
32657
31081
10184
32226
31009
27440
5203
23276
16714
7971
21610
785
6878
31393
28296
32561
22093
2852
32203
29508
26558
5132
6309
14914
9054
10654
4053
31041
5112
32076
6549
28125
8135
16182
15637
31709
28552
14578
4649
15892
19410
1416
10558
7812
25770
2753
12179
14794
14163
6050
9126
4534
1635
19507
11756
21305
6172
11909
29124
13188
12024
4338
27310
10350
28806
11687
10680
22
11893
7008
1850
7114
17902
32627
7363
21032
2344
8464
6995
15491
26422
16839
20939
29577
17955
24394
30625
32546
17216
17013
4056
32155
19901
32651
30768
17923
20343
19395
30874
2517
22545
19459
26350
14808
32326
16619
13024
12868
27517
13333
28209
29222
17822
2715
9506
25093
27429
8410
6958
28102
13685
21366
16376
30157
13678
6559
28803
23397
7745
5266
22689
11362
21123
14434
2222
12805
18305
29176
4989
26399
13012
28248
18579
6521
13877
26407
24211
14964
32146
6250
8698
8941
865
17297
31756
20067
28468
25524
26127
20828
17037
30492
7350
3844
18420
517
10208
29208
30792
11938
2691
11522
19027
11874
12002
17734
8352
16498
25351
28188
18833
387
31085
30302
17836
26829
25085
19877
18486
5716
20283
25776
9731
22122
15298
27909
9868
32373
25582
15322
27458
1778
2008
21557
24866
1722
2439
23635
28810
29572
15204
583
24395
19372
29423
5091
6399
3379
13233
19931
20893
7686
1649
9768
13898
2435
20651
5547
8306
14137
16446
9491
32536
32495
8037
16640
27242
15848
9448
6504
5529
20838
5268
4155
4839
6765
17384
31554
7682
28361
22289
15693
24720
6995
18969
31373
25867
23407
6747
27711
11215
27097
9274
6026
5745
3746
2322
27563
7507
20085
12655
2895
885
7967
16253
17728
31886
17742
1472
68
31068
16281
22021
7747
3640
25281
15513
6823
10221
2871
31672
26632
714
2014
23368
20745
6134
8721
8392
24701
29956
26344
17283
5327
12743
5559
12553
25248
30824
22488
13791
19121
21429
9643
24182
1796
14268
31962
25690
4926
30873
19426
31660
5200
9100
14031
5330
25430
28239
6470
26221
16319
12454
27081
21387
27823
7223
25143
543
15777
9884
4498
13742
22097
22967
15109
16970
8665
32325
9766
11204
17690
21686
17528
17694
4189
20541
20532
25663
13370
2083
18505
32234
15802
21344
28065
15857
7608
17004
9638
28582
16269
27475
26117
19091
29420
15368
3505
30571
11530
18171
20268
24896
25858
15853
4098
9973
3961
3843
24982
16631
32125
22554
30496
12072
8883
9307
15607
17180
1714
10255
29964
23176
26026
28340
31927
7671
17481
12112
8119
6079
31455
15109
7284
14132
31680
14822
15750
5147
22762
10761
11387
1634
19687
21725
25045
26126
19189
11966
22099
1908
23141
21703
22898
18348
16705
7400
12594
15683
16945
27704
26397
24880
29087
18316
26246
17417
26138
21064
20495
9079
18424
12149
9838
29672
1088
30996
14448
12931
9927
16818
27709
4961
8088
21565
20447
24570
30617
9750
4862
6621
14444
12135
19949
13733
2964
7607
14827
552
21721
5308
16034
4081
19437
29040
30964
11505
22863
17255
7927
18545
14960
28767
25918
21323
12565
13849
18779
28762
16892
32359
26017
2351
18114
14727
12847
6917
22276
12975
22314
20471
19653
4841
29769
14449
26639
1569
407
14565
21981
13948
11636
32703
7737
4588
23517
6042
15778
3586
10990
27060
28080
24067
8357
17567
24827
20285
26089
15162
30264
16283
13003
28640
9893
25208
20491
8159
13224
18353
20958
812
22450
22782
28654
21589
32362
16770
7843
5302
18440
29600
19873
24816
23550
16657
28562
27031
20190
14643
12069
25643
8056
16804
30038
2122
3906
7440
9457
27939
23038
21575
12113
23342
4246
13715
26222
26139
6987
24136
12311
25352
9998
668
32379
3830
558
26553
12782
31102
11316
17425
18410
1984
7436
31218
31572
9117
1893
24666
14849
27430
6745
3596
4985
29779
1617
23267
1275
30969
18723
2919
18113
32502
1406
23198
32388
20654
27016
22053
31555
22972
26821
16510
24129
15329
19771
28076
21837
12352
25556
19965
19013
2254
18435
6952
11229
26116
4778
23447
13213
29911
28732
12294
19753
18665
25119
8013
709
9985
12116
21626
4888
21433
18521
803
5168
14966
8782
26107
18375
157
19800
2978
1221
22788
19011
26050
23046
11175
25451
20055
20060
26013
3292
30542
25048
1354
4024
30802
13381
14037
1241
28387
29942
5340
25272
25768
32706
24935
8845
28678
19276
19227
16568
17137
3208
4785
7264
7170
13178
9382
31322
19914
9537
31539
12108
20583
22357
23679
13586
4436
12301
18708
12128
30086
20580
11919
9129
16820
11004
12956
26688
23798
3171
10786
3774
8593
30870
4283
19875
12305
451
5223
11584
30873
31827
2433
31700
28280
13352
23282
19701
6652
1827
19108
2097
31883
2282
5690
19190
31471
5096
21502
8623
16882
27541
7194
23600
22827
21495
21004
340
22551
17001
8788
9700
29036
2971
2159
10939
18601
13018
28937
9768
17906
16017
19567
31892
23579
13840
9539
27749
29955
11405
3955
4386
30755
32104
875
8663
8038
7604
31114
28347
3643
9970
22995
25104
24297
32543
5094
2123
6692
16882
29486
25461
19677
20319
859
3537
12382
9055
6419
28607
6293
23283
21220
3296
7344
2662
9854
11387
11755
18643
19999
24863
4262
5352
10830
13194
27579
30441
27596
29898
25102
1016
6600
31650
27238
9875
18514
20783
22907
20574
4882
4299
21072
31011
12346
32562
4290
3863
12217
7396
16993
15455
15026
14282
24960
9682
26412
16411
18056
1793
29707
25729
25490
20340
319
14712
24116
9527
6203
28663
31642
28822
6312
24403
4825
21796
23899
26208
31105
15362
11653
26585
7793
21341
20010
26114
18160
10041
18389
395
8697
14189
13449
24504
9685
12015
10746
15295
27632
8274
5117
10098
32485
27533
4926
16157
20187
12542
13361
21682
16404
30127
4683
22051
1987
23767
15217
29456
19230
6820
26545
17826
13493
1079
22832
695
29698
24817
30819
30015
23361
24813
130
18661
3970
23757
20538
26611
32508
17082
12963
28783
4516
21670
13425
1162
18430

